time,x,y,yaw,reward,velocity_x,velocity_y,steady_state,frequency,phase_lag_1,phase_lag_2,phase_lag_3,phase_lag_4,phase_lag_5
2.000000000000001082e-02,2.399978886583025162e+00,-1.913081382251158313e-03,2.130595086466333110e-02,0.000000000000000000e+00,-3.647304019075416244e-03,-1.681190230449116918e-01,0.000000000000000000e+00,-1.000000000000000000e+00,7.020215988159179688e-01,6.429449915885925293e-01,7.465744614601135254e-01,6.414934396743774414e-01,6.730706691741943359e-01
4.000000000000002859e-02,2.399822513460796891e+00,-5.753152747838441439e-03,6.295620269180177142e-02,0.000000000000000000e+00,-7.418943259203262044e-03,-1.808903913858410928e-01,0.000000000000000000e+00,-1.000000000000000000e+00,7.301213145256042480e-01,5.778641104698181152e-01,7.394698858261108398e-01,5.886156558990478516e-01,6.905159950256347656e-01
6.000000000000004635e-02,2.399608919923920780e+00,-8.980326491243917353e-03,9.507214965042637411e-02,0.000000000000000000e+00,-7.604630883924702774e-03,-1.600313765774616648e-01,0.000000000000000000e+00,-1.000000000000000000e+00,7.395479083061218262e-01,5.694013237953186035e-01,7.357699275016784668e-01,5.859141349792480469e-01,6.846641898155212402e-01
8.000000000000005718e-02,2.399554634738949588e+00,-1.030866812216602035e-02,1.023808049273098320e-01,0.000000000000000000e+00,-5.098292625213150277e-03,-1.239623922809997419e-01,0.000000000000000000e+00,-1.000000000000000000e+00,7.603330612182617188e-01,5.659163594245910645e-01,7.345582842826843262e-01,5.928344130516052246e-01,6.687407493591308594e-01
1.000000000000000749e-01,2.399644945366196325e+00,-9.826236964123657991e-03,8.575277900280360577e-02,0.000000000000000000e+00,-3.225248162416738916e-03,-8.801127466502733920e-02,0.000000000000000000e+00,-1.000000000000000000e+00,7.915697693824768066e-01,5.768245458602905273e-01,7.329358458518981934e-01,6.220090389251708984e-01,6.424456238746643066e-01
1.200000000000000927e-01,2.399638152123873436e+00,-8.424147159702077836e-03,5.497297130363592438e-02,0.000000000000000000e+00,-3.772226049084524257e-03,-6.059106486280002590e-02,0.000000000000000000e+00,-1.023719429969787598e+00,7.981467843055725098e-01,5.991545319557189941e-01,7.244148850440979004e-01,6.562377810478210449e-01,6.226315498352050781e-01
1.400000000000000966e-01,2.399355406364136023e+00,-6.998155125658822584e-03,2.028436280729170246e-02,0.000000000000000000e+00,-6.342245142977182004e-03,-4.297754349027593096e-02,0.000000000000000000e+00,-1.051779508590698242e+00,8.000000119209289551e-01,6.029466986656188965e-01,7.206370234489440918e-01,6.647607684135437012e-01,6.172841191291809082e-01
1.600000000000001144e-01,2.398786212502993731e+00,-5.959251502198115169e-03,-1.282198756248153527e-02,0.000000000000000000e+00,-9.852414091682689529e-03,-3.234386311408896097e-02,0.000000000000000000e+00,-1.040034413337707520e+00,8.000000119209289551e-01,5.937235951423645020e-01,7.223774790763854980e-01,6.589983105659484863e-01,6.192286014556884766e-01
1.800000000000001321e-01,2.398008641380376282e+00,-5.225405925324277945e-03,-4.414898753070379406e-02,0.000000000000000000e+00,-1.349709790470197263e-02,-2.494047686574992970e-02,0.000000000000000000e+00,-1.021541237831115723e+00,8.000000119209289551e-01,5.893702507019042969e-01,7.256129980087280273e-01,6.538072228431701660e-01,6.226454973220825195e-01
2.000000000000001499e-01,2.397099604942847684e+00,-4.461853046854091787e-03,-7.657378872391386315e-02,0.000000000000000000e+00,-1.694362484819128545e-02,-1.795774018916021508e-02,0.000000000000000000e+00,-1.016682505607604980e+00,8.000000119209289551e-01,5.973017215728759766e-01,7.280492782592773438e-01,6.574588418006896973e-01,6.246734261512756348e-01
2.200000000000001676e-01,2.396093195478588012e+00,-3.340558361373702212e-03,-1.133495088918276550e-01,0.000000000000000000e+00,-2.019973631956992546e-02,-1.008744004629331427e-02,0.000000000000000000e+00,-1.028284907341003418e+00,7.816582918167114258e-01,6.200430989265441895e-01,7.288388013839721680e-01,6.715918779373168945e-01,6.245430707931518555e-01
2.400000000000001854e-01,2.394982777770891857e+00,-1.693147173618125834e-03,-1.562893399171541575e-01,0.000000000000000000e+00,-2.338555811097772774e-02,-1.257571048057767480e-03,0.000000000000000000e+00,-1.045414209365844727e+00,7.456797957420349121e-01,6.559474468231201172e-01,7.281627655029296875e-01,6.920626163482666016e-01,6.232482790946960449e-01
2.600000000000001754e-01,2.393754784736819463e+00,4.609023356267893945e-04,-2.051413308987307949e-01,0.000000000000000000e+00,-2.652509343478139103e-02,7.928349558329978938e-03,0.000000000000000000e+00,-1.056042671203613281e+00,7.053062319755554199e-01,6.938657164573669434e-01,7.274385690689086914e-01,7.109554409980773926e-01,6.227495670318603516e-01
2.800000000000001932e-01,2.392430538131627760e+00,2.971205079613903344e-03,-2.578879966321947492e-01,0.000000000000000000e+00,-2.945949501086194203e-02,1.673166635040215441e-02,0.000000000000000000e+00,-1.055919289588928223e+00,6.717081665992736816e-01,7.237617969512939453e-01,7.280557155609130859e-01,7.237477302551269531e-01,6.245740652084350586e-01
3.000000000000002109e-01,2.391080916988635341e+00,5.644494602778937775e-03,-3.115300108646238408e-01,0.000000000000000000e+00,-3.192891811608734864e-02,2.459307990832242455e-02,0.000000000000000000e+00,-1.045997262001037598e+00,6.460129022598266602e-01,7.450419664382934570e-01,7.303872108459472656e-01,7.310650348663330078e-01,6.288500428199768066e-01
3.200000000000002287e-01,2.389803172232785489e+00,8.307059502883684665e-03,-3.629345638201552648e-01,0.000000000000000000e+00,-3.371780349086074546e-02,3.121291901291550069e-02,0.000000000000000000e+00,-1.028316259384155273e+00,6.256535649299621582e-01,7.601739168167114258e-01,7.340739369392395020e-01,7.345153689384460449e-01,6.350028514862060547e-01
3.400000000000002465e-01,2.388680133838243069e+00,1.083135658609957197e-02,-4.094394805947255689e-01,0.000000000000000000e+00,-3.475929858215979357e-02,3.650793415556243676e-02,0.000000000000000000e+00,-1.004824280738830566e+00,6.087468862533569336e-01,7.707234025001525879e-01,7.384508252143859863e-01,7.349852919578552246e-01,6.424493193626403809e-01
3.600000000000002642e-01,2.387751231220713422e+00,1.314215529207296562e-02,-4.491607122131801577e-01,0.000000000000000000e+00,-3.513543157218410040e-02,4.057160092763156117e-02,0.000000000000000000e+00,-1.000000000000000000e+00,5.943397283554077148e-01,7.773681282997131348e-01,7.429460287094116211e-01,7.328439950942993164e-01,6.507736444473266602e-01
3.800000000000002820e-01,2.387010252069780680e+00,1.521791599998045807e-02,-4.810002885856091148e-01,0.000000000000000000e+00,-3.501878387577197355e-02,4.359199739272276442e-02,0.000000000000000000e+00,-1.000000000000000000e+00,5.815897583961486816e-01,7.808082699775695801e-01,7.471722960472106934e-01,7.284998893737792969e-01,6.596793532371520996e-01
4.000000000000002998e-01,2.386416230503614067e+00,1.706399462233110231e-02,-5.042056781067281168e-01,0.000000000000000000e+00,-3.461892430304926854e-02,4.574401942413503647e-02,0.000000000000000000e+00,-1.000000000000000000e+00,5.699093937873840332e-01,7.817035913467407227e-01,7.509281039237976074e-01,7.224370837211608887e-01,6.689916849136352539e-01
4.200000000000003175e-01,2.385908129133625266e+00,1.868003852502259088e-02,-5.180205434214391058e-01,0.000000000000000000e+00,-3.412987550881612514e-02,4.712547730741689644e-02,0.000000000000000000e+00,-1.000000000000000000e+00,5.591347813606262207e-01,7.804331183433532715e-01,7.541901469230651855e-01,7.150236964225769043e-01,6.787062883377075195e-01
4.400000000000003353e-01,2.385418028748532926e+00,2.004669258067309778e-02,-5.216289699896969889e-01,0.000000000000000000e+00,-3.372870284155897458e-02,4.778798485959010606e-02,0.000000000000000000e+00,-1.000000000000000000e+00,5.493335723876953125e-01,7.771725654602050781e-01,7.569695711135864258e-01,7.064250111579895020e-01,6.889224052429199219e-01
4.600000000000003531e-01,2.384871430040273133e+00,2.114128133402981558e-02,-5.143130991154164500e-01,0.000000000000000000e+00,-3.356613076200280765e-02,4.777904394525855913e-02,0.000000000000000000e+00,-1.000000000000000000e+00,5.409986376762390137e-01,7.718887925148010254e-01,7.592685222625732422e-01,6.966149806976318359e-01,6.996840834617614746e-01
4.800000000000003708e-01,2.384194497773703070e+00,2.194522403148108092e-02,-4.957026156681544338e-01,0.000000000000000000e+00,-3.376344607684927251e-02,4.715394385328047777e-02,0.000000000000000000e+00,-1.000000000000000000e+00,5.354956984519958496e-01,7.643801569938659668e-01,7.611793279647827148e-01,6.856377124786376953e-01,7.107689380645751953e-01
5.000000000000003331e-01,2.383316957799925806e+00,2.245339287008818463e-02,-4.659475513339853547e-01,0.000000000000000000e+00,-3.441227111065540967e-02,4.599278168489494278e-02,0.000000000000000000e+00,-1.000000000000000000e+00,5.345059633255004883e-01,7.548317909240722656e-01,7.629407048225402832e-01,6.741960644721984863e-01,7.214356660842895508e-01
5.200000000000003508e-01,2.382176545415858993e+00,2.267476362616427377e-02,-4.257235690747293577e-01,0.000000000000000000e+00,-3.556828510475145561e-02,4.438425693505872877e-02,0.000000000000000000e+00,-1.000000000000000000e+00,5.380284786224365234e-01,7.443217039108276367e-01,7.648147940635681152e-01,6.636145710945129395e-01,7.307546734809875488e-01
5.400000000000003686e-01,2.380725285860752383e+00,2.262580121238200181e-02,-3.761208351039200815e-01,0.000000000000000000e+00,-3.724746132613313693e-02,4.241053870339172444e-02,0.000000000000000000e+00,-1.000000000000000000e+00,5.445535778999328613e-01,7.338355779647827148e-01,7.667769193649291992e-01,6.546617746353149414e-01,7.382006645202636719e-01
5.600000000000003864e-01,2.378934343725209732e+00,2.232264614907564226e-02,-3.184827365018895740e-01,0.000000000000000000e+00,-3.942617303120159178e-02,4.013547016475173257e-02,0.000000000000000000e+00,-1.000000000000000000e+00,5.528332591056823730e-01,7.235538959503173828e-01,7.684439420700073242e-01,6.472046375274658203e-01,7.436220049858093262e-01
5.800000000000004041e-01,2.376796687367474181e+00,2.177589784395578265e-02,-2.542563673145331604e-01,0.000000000000000000e+00,-4.204564153424941025e-02,3.760282834327054874e-02,0.000000000000000000e+00,-1.000000000000000000e+00,5.623100399971008301e-01,7.132123112678527832e-01,7.695322036743164062e-01,6.407268643379211426e-01,7.472066879272460938e-01
6.000000000000004219e-01,2.374327289014664721e+00,2.099028753206549913e-02,-1.848900005687897086e-01,0.000000000000000000e+00,-4.501921380911411835e-02,3.484304554681975225e-02,0.000000000000000000e+00,-1.000000000000000000e+00,5.728825330734252930e-01,7.024818062782287598e-01,7.700590491294860840e-01,6.347272992134094238e-01,7.492924332618713379e-01
6.200000000000004396e-01,2.371561560588744122e+00,1.996842730905890040e-02,-1.117810828691206959e-01,0.000000000000000000e+00,-4.824024301927223174e-02,3.188354521167462846e-02,0.000000000000000000e+00,-1.000000000000000000e+00,5.846948027610778809e-01,6.910458803176879883e-01,7.701240777969360352e-01,6.288080811500549316e-01,7.501046061515808105e-01
6.400000000000004574e-01,2.368553013213480885e+00,1.871639670106328701e-02,-3.625751121444583530e-02,0.000000000000000000e+00,-5.158909654576183945e-02,2.875812111796308829e-02,0.000000000000000000e+00,-1.000000000000000000e+00,5.978583693504333496e-01,6.787281632423400879e-01,7.697747945785522461e-01,6.227266788482666016e-01,7.497337460517883301e-01
6.600000000000004752e-01,2.365370679992665259e+00,1.724889616589930785e-02,4.042826667383689343e-02,0.000000000000000000e+00,-5.493923883164841815e-02,2.551265450877118757e-02,0.000000000000000000e+00,-1.000000000000000000e+00,6.119390130043029785e-01,6.658788323402404785e-01,7.690301537513732910e-01,6.165903210639953613e-01,7.482336163520812988e-01
6.800000000000004929e-01,2.362096058844893154e+00,1.559280491615577802e-02,1.171053883766528247e-01,0.000000000000000000e+00,-5.816343448260839072e-02,2.220732241105824456e-02,0.000000000000000000e+00,-1.000000000000000000e+00,6.259173750877380371e-01,6.533826589584350586e-01,7.679158449172973633e-01,6.108690500259399414e-01,7.456693053245544434e-01
7.000000000000005107e-01,2.358818643690191674e+00,1.378706891005448965e-02,1.926871785882606214e-01,0.000000000000000000e+00,-6.114222047564090573e-02,1.890656404026352239e-02,0.000000000000000000e+00,-1.000000000000000000e+00,6.391326785087585449e-01,6.418679952621459961e-01,7.664092779159545898e-01,6.059427261352539062e-01,7.420189976692199707e-01
7.200000000000005285e-01,2.355627982161041079e+00,1.187086714463803094e-02,2.661274873184025225e-01,0.000000000000000000e+00,-6.377631734034400202e-02,1.566030809791908729e-02,0.000000000000000000e+00,-1.000000000000000000e+00,6.518390774726867676e-01,6.312342286109924316e-01,7.643862962722778320e-01,6.017817854881286621e-01,7.370942831039428711e-01
7.400000000000005462e-01,2.352604770325703143e+00,9.879303363638458624e-03,3.363732538734109934e-01,0.000000000000000000e+00,-6.599234199658490785e-02,1.251176806140488762e-02,0.000000000000000000e+00,-1.000000000000000000e+00,6.647322177886962891e-01,6.210112571716308594e-01,7.616999149322509766e-01,5.981262922286987305e-01,7.306365370750427246e-01
7.600000000000005640e-01,2.349817436472363408e+00,7.848440090564900995e-03,4.023466109514378108e-01,0.000000000000000000e+00,-6.774433426753953547e-02,9.501255876385020227e-03,0.000000000000000000e+00,-1.000000000000000000e+00,6.784684062004089355e-01,6.107208728790283203e-01,7.582693099975585938e-01,5.947313308715820312e-01,7.224898934364318848e-01
7.800000000000005818e-01,2.347311846206219688e+00,5.815589099891715907e-03,4.629441265621860313e-01,0.000000000000000000e+00,-6.902863688415439292e-02,6.667368360316878670e-03,0.000000000000000000e+00,-1.000000000000000000e+00,6.933482289314270020e-01,6.001271009445190430e-01,7.541206479072570801e-01,5.915130376815795898e-01,7.128052711486816406e-01
8.000000000000005995e-01,2.345109712085561515e+00,3.818068927152196146e-03,5.170509208723310657e-01,0.000000000000000000e+00,-6.986334446429270928e-02,4.040979977678564074e-03,0.000000000000000000e+00,-1.000000000000000000e+00,7.092580795288085938e-01,5.892851352691650391e-01,7.493905425071716309e-01,5.885429382324218750e-01,7.020606994628906250e-01
8.200000000000006173e-01,2.343209270153602031e+00,1.889784459970178521e-03,5.635875951030915321e-01,0.000000000000000000e+00,-7.030300417076293384e-02,1.646459471604437000e-03,0.000000000000000000e+00,-1.000000000000000000e+00,7.257857322692871094e-01,5.784359574317932129e-01,7.442796230316162109e-01,5.859478116035461426e-01,6.908574104309082031e-01
8.400000000000006350e-01,2.341581854287745124e+00,6.094315223792445835e-05,6.015172309517722304e-01,0.000000000000000000e+00,-7.042104611437655093e-02,-5.006274122853072561e-04,0.000000000000000000e+00,-1.000000000000000000e+00,7.425097227096557617e-01,5.678662061691284180e-01,7.390021085739135742e-01,5.838546752929687500e-01,6.796092391014099121e-01
8.600000000000006528e-01,2.340180403507489793e+00,-1.646383633682468872e-03,6.299043564826189989e-01,0.000000000000000000e+00,-7.030503645320608508e-02,-2.397491623093397917e-03,0.000000000000000000e+00,-1.000000000000000000e+00,7.591239213943481445e-01,5.578590631484985352e-01,7.337431907653808594e-01,5.824117660522460938e-01,6.685077548027038574e-01
8.800000000000006706e-01,2.338940715888462307e+00,-3.219985051941376408e-03,6.479659801608225189e-01,0.000000000000000000e+00,-7.005170992073872505e-02,-4.053186456386004798e-03,0.000000000000000000e+00,-1.000000000000000000e+00,7.755216360092163086e-01,5.486725568771362305e-01,7.286370992660522461e-01,5.818325281143188477e-01,6.575975418090820312e-01
9.000000000000006883e-01,2.337788738908118891e+00,-4.659842302186245622e-03,6.551402908880775700e-01,0.000000000000000000e+00,-6.975438953039571344e-02,-5.490654714988325684e-03,0.000000000000000000e+00,-1.000000000000000000e+00,7.918610572814941406e-01,5.405288934707641602e-01,7.237629294395446777e-01,5.824410319328308105e-01,6.468293070793151855e-01
9.200000000000007061e-01,2.336651418246727729e+00,-5.971392932302366230e-03,6.511389939331267973e-01,0.000000000000000000e+00,-6.949183463312701148e-02,-6.729145739937412302e-03,0.000000000000000000e+00,-1.000000000000000000e+00,8.000000119209289551e-01,5.336504578590393066e-01,7.191585898399353027e-01,5.847320556640625000e-01,6.360365748405456543e-01
9.400000000000007239e-01,2.335459167777566680e+00,-7.160313420957631347e-03,6.359926350276450258e-01,0.000000000000000000e+00,-6.933464561098019729e-02,-7.787430879360215420e-03,0.000000000000000000e+00,-1.000000000000000000e+00,8.000000119209289551e-01,5.282973051071166992e-01,7.148044109344482422e-01,5.893703103065490723e-01,6.249408721923828125e-01
9.600000000000007416e-01,2.334146809862335914e+00,-8.230621607683230589e-03,6.100741002269713942e-01,0.000000000000000000e+00,-6.934086787908631810e-02,-8.677435980685250724e-03,0.000000000000000000e+00,-1.000000000000000000e+00,8.000000119209289551e-01,5.247262716293334961e-01,7.105693221092224121e-01,5.968039631843566895e-01,6.135028600692749023e-01
9.800000000000007594e-01,2.332658425506214162e+00,-9.176318757674772897e-03,5.739614333676379410e-01,0.000000000000000000e+00,-6.955013303932236490e-02,-9.396119466184680788e-03,0.000000000000000000e+00,-1.030385255813598633e+00,8.000000119209289551e-01,5.229858160018920898e-01,7.062349915504455566e-01,6.065519452095031738e-01,6.023631691932678223e-01
1.000000000000000666e+00,2.330949015216619014e+00,-9.973328704195982830e-03,5.279827743942379081e-01,0.000000000000000000e+00,-6.999487775275607671e-02,-9.915781896495752881e-03,0.000000000000000000e+00,-1.079874873161315918e+00,8.000000119209289551e-01,5.227020382881164551e-01,7.014829516410827637e-01,6.174893975257873535e-01,5.921360850334167480e-01
1.019999999999998463e+00,2.328967329470210235e+00,-1.056669735242138364e-02,4.719452115891065724e-01,0.000000000000000000e+00,-7.206172901643741191e-02,-7.018968950687998372e-03,0.000000000000000000e+00,-1.128939270973205566e+00,8.000000119209289551e-01,5.237667560577392578e-01,6.960064172744750977e-01,6.289972066879272461e-01,5.827199816703796387e-01
1.039999999999996261e+00,2.326644139034468317e+00,-1.087193950339160331e-02,4.054426188660174013e-01,0.000000000000000000e+00,-7.435806831364430436e-02,-3.275574999570965776e-03,0.000000000000000000e+00,-1.175390362739562988e+00,8.000000119209289551e-01,5.272930860519409180e-01,6.900431513786315918e-01,6.409223675727844238e-01,5.742400288581848145e-01
1.059999999999994058e+00,2.323902728379867888e+00,-1.079564758855139361e-02,3.284260259503912760e-01,0.000000000000000000e+00,-7.717168757270120860e-02,-6.155079947431081437e-04,0.000000000000000000e+00,-1.214515566825866699e+00,8.000000119209289551e-01,5.352296829223632812e-01,6.844599246978759766e-01,6.531121730804443359e-01,5.674184560775756836e-01
1.079999999999991855e+00,2.320684956538678012e+00,-1.026582350186266979e-02,2.417300576834627290e-01,0.000000000000000000e+00,-8.068428627697953048e-02,4.687021554921590107e-04,0.000000000000000000e+00,-1.241978526115417480e+00,8.000000119209289551e-01,5.496519804000854492e-01,6.803460121154785156e-01,6.657832860946655273e-01,5.630668997764587402e-01
1.099999999999989653e+00,2.316983864701569029e+00,-9.259773597198872608e-03,1.473622979180918557e-01,0.000000000000000000e+00,-8.469563489842769910e-02,5.876055132177232521e-04,0.000000000000000000e+00,-1.250000000000000000e+00,8.000000119209289551e-01,5.736064910888671875e-01,6.789332032203674316e-01,6.800097227096557617e-01,5.621358752250671387e-01
1.119999999999987450e+00,2.312871964665163205e+00,-7.819858451856676052e-03,4.843673515161785875e-02,0.000000000000000000e+00,-8.883656990754934535e-02,6.850655102095862779e-04,0.000000000000000000e+00,-1.246439456939697266e+00,8.000000119209289551e-01,6.110586524009704590e-01,6.814718842506408691e-01,6.970438361167907715e-01,5.656763315200805664e-01
1.139999999999985247e+00,2.308507149421838545e+00,-6.048534739810929040e-03,-5.134714019860657508e-02,0.000000000000000000e+00,-9.282216281929471513e-02,1.318873215102335820e-03,0.000000000000000000e+00,-1.218720316886901855e+00,7.566625475883483887e-01,6.589078307151794434e-01,6.883745193481445312e-01,7.153927087783813477e-01,5.743022561073303223e-01
1.159999999999983045e+00,2.304109365406800780e+00,-4.102028928566814336e-03,-1.482228398390189328e-01,0.000000000000000000e+00,-9.646922839248146808e-02,2.453380901431564606e-03,0.000000000000000000e+00,-1.178092598915100098e+00,7.063824534416198730e-01,7.028489112854003906e-01,6.987650990486145020e-01,7.299595475196838379e-01,5.874410271644592285e-01
1.179999999999980842e+00,2.299904955368473836e+00,-2.141456197101543335e-03,-2.390062740493467119e-01,0.000000000000000000e+00,-9.966123551618968901e-02,3.694115108506162808e-03,0.000000000000000000e+00,-1.133938908576965332e+00,6.675257682800292969e-01,7.355620265007019043e-01,7.102587223052978516e-01,7.387199997901916504e-01,6.022569537162780762e-01
1.199999999999978639e+00,2.296059016160723498e+00,-2.726582004178856877e-04,-3.215449393490215080e-01,0.000000000000000000e+00,-1.023369501859247299e-01,4.599564359151938654e-03,0.000000000000000000e+00,-1.092059254646301270e+00,6.393916606903076172e-01,7.575224637985229492e-01,7.207502722740173340e-01,7.426845431327819824e-01,6.160691976547241211e-01
1.219999999999976437e+00,2.292642598554399225e+00,1.458425663824869378e-03,-3.948092818512378144e-01,0.000000000000000000e+00,-1.044791365293272628e-01,4.885981745873541927e-03,0.000000000000000000e+00,-1.054117441177368164e+00,6.191421747207641602e-01,7.714872360229492188e-01,7.295421957969665527e-01,7.434283494949340820e-01,6.281038522720336914e-01
1.239999999999974234e+00,2.289656729264518020e+00,3.051502608675260575e-03,-4.586272920306296852e-01,0.000000000000000000e+00,-1.060933317372752122e-01,4.499093311820499125e-03,0.000000000000000000e+00,-1.019843697547912598e+00,6.039111614227294922e-01,7.801588177680969238e-01,7.366540431976318359e-01,7.421237230300903320e-01,6.385647654533386230e-01
1.259999999999972031e+00,2.287057365048596136e+00,4.532161478427387813e-03,-5.132462296626963960e-01,0.000000000000000000e+00,-1.072356210837985963e-01,3.572196239107624464e-03,0.000000000000000000e+00,-1.000000000000000000e+00,5.918178558349609375e-01,7.853069305419921875e-01,7.423720359802246094e-01,7.394270300865173340e-01,6.478383541107177734e-01
1.279999999999969829e+00,2.284783345985158753e+00,5.941967746376286552e-03,-5.590126791955983832e-01,0.000000000000000000e+00,-1.080154906027769174e-01,2.338817305448335007e-03,0.000000000000000000e+00,-1.000000000000000000e+00,5.815427303314208984e-01,7.880875468254089355e-01,7.469968795776367188e-01,7.356911897659301758e-01,6.563113331794738770e-01
1.299999999999967626e+00,2.282775606276541858e+00,7.324495629605187741e-03,-5.961086172419184370e-01,0.000000000000000000e+00,-1.085779905777304183e-01,1.022623325649269985e-03,0.000000000000000000e+00,-1.000000000000000000e+00,5.720424652099609375e-01,7.893120050430297852e-01,7.506647706031799316e-01,7.311303019523620605e-01,6.642827987670898438e-01
1.319999999999965423e+00,2.280980738851803302e+00,8.695144806958265971e-03,-6.242340069094428623e-01,0.000000000000000000e+00,-1.090737898437241366e-01,-2.274954368307932748e-04,0.000000000000000000e+00,-1.000000000000000000e+00,5.627731680870056152e-01,7.893010973930358887e-01,7.536292672157287598e-01,7.257392406463623047e-01,6.721346974372863770e-01
1.339999999999963221e+00,2.279343958280485083e+00,1.003312586479604418e-02,-6.426392976804212731e-01,0.000000000000000000e+00,-1.096213349225338973e-01,-1.343383766781147334e-03,0.000000000000000000e+00,-1.000000000000000000e+00,5.536258220672607422e-01,7.879790067672729492e-01,7.562190890312194824e-01,7.193597555160522461e-01,6.803013682365417480e-01
1.359999999999961018e+00,2.277809006888109611e+00,1.130162634688985923e-02,-6.504506356680336276e-01,0.000000000000000000e+00,-1.102962636107016198e-01,-2.312260746937413840e-03,0.000000000000000000e+00,-1.000000000000000000e+00,5.446380376815795898e-01,7.852398753166198730e-01,7.585122585296630859e-01,7.119052410125732422e-01,6.890428662300109863e-01
1.379999999999958815e+00,2.276309704998344507e+00,1.247372887020542498e-02,-6.470211970779568000e-01,0.000000000000000000e+00,-1.111410045543971686e-01,-3.156327126336744889e-03,0.000000000000000000e+00,-1.000000000000000000e+00,5.361070632934570312e-01,7.810486555099487305e-01,7.603477239608764648e-01,7.034124135971069336e-01,6.983561515808105469e-01
1.399999999999956612e+00,2.274782840146791774e+00,1.352914258892823351e-02,-6.322072263200014808e-01,0.000000000000000000e+00,-1.121623259077120932e-01,-3.893158519722086409e-03,0.000000000000000000e+00,-1.000000000000000000e+00,5.290201306343078613e-01,7.753190994262695312e-01,7.616379261016845703e-01,6.940177083015441895e-01,7.080121636390686035e-01
1.419999999999954410e+00,2.273165019227465500e+00,1.446634331905632953e-02,-6.063984343683724854e-01,0.000000000000000000e+00,-1.133597967097734471e-01,-4.509468183230031825e-03,0.000000000000000000e+00,-1.000000000000000000e+00,5.250550508499145508e-01,7.679687142372131348e-01,7.625651955604553223e-01,6.840883493423461914e-01,7.174974679946899414e-01
1.439999999999952207e+00,2.271395466717250233e+00,1.528570260957434757e-02,-5.703979984853680962e-01,0.000000000000000000e+00,-1.147169451395324002e-01,-4.985014439175348283e-03,0.000000000000000000e+00,-1.000000000000000000e+00,5.252248048782348633e-01,7.593694329261779785e-01,7.635068297386169434e-01,6.743421554565429688e-01,7.261516451835632324e-01
1.459999999999950004e+00,2.269424751578088539e+00,1.597752550125386417e-02,-5.252381716638808706e-01,0.000000000000000000e+00,-1.162012766221612037e-01,-5.315271311363549411e-03,0.000000000000000000e+00,-1.000000000000000000e+00,5.289240479469299316e-01,7.502412199974060059e-01,7.647808194160461426e-01,6.654379367828369141e-01,7.336066365242004395e-01
1.479999999999947802e+00,2.267218793101601459e+00,1.651811703648592422e-02,-4.720289849857176590e-01,0.000000000000000000e+00,-1.177662097636144323e-01,-5.516439473077335703e-03,0.000000000000000000e+00,-1.000000000000000000e+00,5.350659489631652832e-01,7.409713864326477051e-01,7.663941383361816406e-01,6.575950980186462402e-01,7.397695779800415039e-01
1.499999999999945599e+00,2.264759541295331857e+00,1.687349113703784376e-02,-4.118812560166841830e-01,0.000000000000000000e+00,-1.193547389656754582e-01,-5.628248375073089532e-03,0.000000000000000000e+00,-1.000000000000000000e+00,5.429078936576843262e-01,7.315692901611328125e-01,7.680389285087585449e-01,6.507242918014526367e-01,7.445833683013916016e-01
1.519999999999943396e+00,2.262043625776246625e+00,1.700719961699104221e-02,-3.458937326245523081e-01,0.000000000000000000e+00,-1.209074695548421619e-01,-5.699554648127832558e-03,0.000000000000000000e+00,-1.000000000000000000e+00,5.519958734512329102e-01,7.219139337539672852e-01,7.693731188774108887e-01,6.445845365524291992e-01,7.480763792991638184e-01
1.539999999999941194e+00,2.259080647042619461e+00,1.688820538312352237e-02,-2.751687872817879521e-01,0.000000000000000000e+00,-1.223696275424201452e-01,-5.774182111297849508e-03,0.000000000000000000e+00,-1.000000000000000000e+00,5.620709657669067383e-01,7.118859291076660156e-01,7.702603936195373535e-01,6.388937830924987793e-01,7.503880262374877930e-01
1.559999999999938991e+00,2.255892414721706096e+00,1.649620813100360905e-02,-2.008242077695648331e-01,0.000000000000000000e+00,-1.236950667327802594e-01,-5.879923972713344341e-03,0.000000000000000000e+00,-1.000000000000000000e+00,5.730808377265930176e-01,7.013474106788635254e-01,7.707206010818481445e-01,6.333798170089721680e-01,7.516391277313232422e-01
1.579999999999936788e+00,2.252513372666226754e+00,1.582396454686679776e-02,-1.239858893273801665e-01,0.000000000000000000e+00,-1.248468777999989371e-01,-6.024597954953431894e-03,0.000000000000000000e+00,-1.000000000000000000e+00,5.852054953575134277e-01,6.900602579116821289e-01,7.707940340042114258e-01,6.277708411216735840e-01,7.518718838691711426e-01
1.599999999999934586e+00,2.248991261263308949e+00,1.487769329555010955e-02,-4.576298335450196958e-02,0.000000000000000000e+00,-1.257962159593603024e-01,-6.198118225045646038e-03,0.000000000000000000e+00,-1.000000000000000000e+00,5.985428690910339355e-01,6.779161095619201660e-01,7.704983353614807129e-01,6.219195723533630371e-01,7.510859370231628418e-01
1.619999999999932383e+00,2.245386725209887135e+00,1.367691118872682576e-02,3.278285811588328019e-02,0.000000000000000000e+00,-1.265214351482724375e-01,-6.377729351417464956e-03,0.000000000000000000e+00,-1.000000000000000000e+00,6.125614643096923828e-01,6.653739809989929199e-01,7.698453664779663086e-01,6.160334348678588867e-01,7.492989301681518555e-01
1.639999999999930180e+00,2.241771099147076729e+00,1.225442842975410507e-02,1.106616131737362257e-01,0.000000000000000000e+00,-1.270088455260126037e-01,-6.533915560924415805e-03,0.000000000000000000e+00,-1.000000000000000000e+00,6.262578368186950684e-01,6.533161997795104980e-01,7.688405513763427734e-01,6.106044650077819824e-01,7.465412020683288574e-01
1.659999999999927978e+00,2.238221727314855247e+00,1.065207111995603029e-02,1.869496902285353590e-01,0.000000000000000000e+00,-1.272564423523052102e-01,-6.645356581955180926e-03,0.000000000000000000e+00,-1.000000000000000000e+00,6.391582489013671875e-01,6.422193646430969238e-01,7.674208879470825195e-01,6.059359312057495117e-01,7.427443861961364746e-01
1.679999999999925775e+00,2.234814109470981247e+00,8.909032118813831058e-03,2.607295178887616416e-01,0.000000000000000000e+00,-1.272788617928570509e-01,-6.708621973552933264e-03,0.000000000000000000e+00,-1.000000000000000000e+00,6.516205072402954102e-01,6.319022178649902344e-01,7.654476761817932129e-01,6.019527316093444824e-01,7.377036809921264648e-01
1.699999999999923572e+00,2.231614567054218679e+00,7.062152266038401738e-03,3.310470906107674249e-01,0.000000000000000000e+00,-1.271064946456615108e-01,-6.727535513366518331e-03,0.000000000000000000e+00,-1.000000000000000000e+00,6.643441319465637207e-01,6.218951344490051270e-01,7.627961039543151855e-01,5.984047055244445801e-01,7.311740517616271973e-01
1.719999999999921370e+00,2.228678016164394204e+00,5.150801466765331238e-03,3.968926502032757431e-01,0.000000000000000000e+00,-1.267786281636049950e-01,-6.697689015443344246e-03,0.000000000000000000e+00,-1.000000000000000000e+00,6.779285073280334473e-01,6.117763519287109375e-01,7.594159245491027832e-01,5.950880050659179688e-01,7.230296134948730469e-01
1.739999999999919167e+00,2.226037775337483371e+00,3.216662259743707786e-03,4.571995980562583162e-01,0.000000000000000000e+00,-1.263477138465024241e-01,-6.612626291206855425e-03,0.000000000000000000e+00,-1.000000000000000000e+00,6.926288604736328125e-01,6.013615131378173828e-01,7.553513050079345703e-01,5.919539332389831543e-01,7.134395837783813477e-01
1.759999999999916964e+00,2.223711515102130054e+00,1.299244662526177763e-03,5.109031724147048426e-01,0.000000000000000000e+00,-1.258662163513398491e-01,-6.470708421395405044e-03,0.000000000000000000e+00,-1.000000000000000000e+00,7.083129286766052246e-01,5.907250642776489258e-01,7.507395744323730469e-01,5.890821814537048340e-01,7.028736472129821777e-01
1.779999999999914762e+00,2.221690498649056433e+00,-5.644267934406532738e-04,5.569509491479361918e-01,0.000000000000000000e+00,-1.253874491482958042e-01,-6.275202325398692924e-03,0.000000000000000000e+00,-1.000000000000000000e+00,7.245848178863525391e-01,5.800908803939819336e-01,7.457691431045532227e-01,5.865830183029174805e-01,6.918939352035522461e-01
1.799999999999912559e+00,2.219942809244207282e+00,-2.341738069879861772e-03,5.943382930037688361e-01,0.000000000000000000e+00,-1.249650305916914644e-01,-6.032477847071715353e-03,0.000000000000000000e+00,-1.000000000000000000e+00,7.410467267036437988e-01,5.697238445281982422e-01,7.406395673751831055e-01,5.845643877983093262e-01,6.808795928955078125e-01
1.819999999999910356e+00,2.218419930013324493e+00,-4.008804191796833116e-03,6.221671274455137235e-01,0.000000000000000000e+00,-1.246382104298448534e-01,-5.755997399894324795e-03,0.000000000000000000e+00,-1.000000000000000000e+00,7.574069499969482422e-01,5.598911643028259277e-01,7.355224490165710449e-01,5.831621885299682617e-01,6.700084209442138672e-01
1.839999999999908153e+00,2.217057408369129679e+00,-5.551737758663133349e-03,6.396975713480838044e-01,0.000000000000000000e+00,-1.244390355549358368e-01,-5.463964754020587261e-03,0.000000000000000000e+00,-1.000000000000000000e+00,7.735651135444641113e-01,5.508417487144470215e-01,7.305431962013244629e-01,5.825842618942260742e-01,6.593195796012878418e-01
1.859999999999905951e+00,2.215783144918908043e+00,-6.969095578799600066e-03,6.464094388301058203e-01,0.000000000000000000e+00,-1.243855310596920921e-01,-5.178793157872748840e-03,0.000000000000000000e+00,-1.000000000000000000e+00,7.896734476089477539e-01,5.427950620651245117e-01,7.257785201072692871e-01,5.831502676010131836e-01,6.487632989883422852e-01
1.879999999999903748e+00,2.214525260508976690e+00,-8.264563840346406121e-03,6.420474270434539665e-01,0.000000000000000000e+00,-1.244746952607571205e-01,-4.908728286128685205e-03,0.000000000000000000e+00,-1.000000000000000000e+00,8.000000119209289551e-01,5.359711647033691406e-01,7.212698459625244141e-01,5.853492617607116699e-01,6.381748318672180176e-01
1.899999999999901545e+00,2.213217084298904958e+00,-9.439846216182268268e-03,6.266690830152783498e-01,0.000000000000000000e+00,-1.246960050833636480e-01,-4.649999217487520327e-03,0.000000000000000000e+00,-1.000000000000000000e+00,8.000000119209289551e-01,5.306278467178344727e-01,7.170067429542541504e-01,5.898462533950805664e-01,6.272767782211303711e-01
1.919999999999899343e+00,2.211796014391244292e+00,-1.049609363117165461e-02,6.006583841476968999e-01,0.000000000000000000e+00,-1.250395372894165524e-01,-4.395702499718899536e-03,0.000000000000000000e+00,-1.000000000000000000e+00,8.000000119209289551e-01,5.270373225212097168e-01,7.128690481185913086e-01,5.971370339393615723e-01,6.159971356391906738e-01
1.939999999999897140e+00,2.210207439478201863e+00,-1.142480022514097415e-02,5.646198963476150023e-01,0.000000000000000000e+00,-1.254851935109774219e-01,-4.125309885487820835e-03,0.000000000000000000e+00,-1.020175099372863770e+00,8.000000119209289551e-01,5.252995491027832031e-01,7.086329460144042969e-01,6.068418025970458984e-01,6.049144864082336426e-01
1.959999999999894937e+00,2.208408093495608071e+00,-1.220128395574165969e-02,5.190022200667271379e-01,0.000000000000000000e+00,-1.260110786415079842e-01,-3.800846838935466755e-03,0.000000000000000000e+00,-1.069321632385253906e+00,8.000000119209289551e-01,5.252056121826171875e-01,7.040507793426513672e-01,6.178694963455200195e-01,5.947517752647399902e-01
1.979999999999892735e+00,2.206353449482323370e+00,-1.277215457811675670e-02,4.637134057757358319e-01,0.000000000000000000e+00,-1.266207342211877751e-01,-3.365798052594225123e-03,0.000000000000000000e+00,-1.117839455604553223e+00,8.000000119209289551e-01,5.266016125679016113e-01,6.988102197647094727e-01,6.295139789581298828e-01,5.854403972625732422e-01
1.999999999999890532e+00,2.203982038741051586e+00,-1.305490420994226408e-02,3.983647362160948613e-01,0.000000000000000000e+00,-1.273389252028965801e-01,-2.765912946342531827e-03,0.000000000000000000e+00,-1.164044260978698730e+00,8.000000119209289551e-01,5.303421020507812500e-01,6.930061578750610352e-01,6.415457725524902344e-01,5.769476890563964844e-01
2.019999999999888551e+00,2.201222377592669588e+00,-1.295669225687501314e-02,3.228358849561607791e-01,-1.488859332875610009e-01,-1.281748206544236490e-01,-1.984616862367174443e-03,1.000000000000000000e+00,-1.203398942947387695e+00,8.000000119209289551e-01,5.383140444755554199e-01,6.874616742134094238e-01,6.538097262382507324e-01,5.699760317802429199e-01
2.039999999999886349e+00,2.198023666920008168e+00,-1.247142168294229636e-02,2.390582125517571876e-01,-1.163374354219869067e-01,-1.290623806021144460e-01,-1.247438639146601549e-03,1.000000000000000000e+00,-1.000000000000000000e+00,7.899087667465209961e-01,6.186732649803161621e-01,7.483654022216796875e-01,6.659415960311889648e-01,6.474118232727050781e-01
2.059999999999884146e+00,2.194465758903619168e+00,-1.180784915802041146e-02,1.533611297266999629e-01,-1.190495771864975294e-01,-1.297609658636660612e-01,-8.422072501191247207e-04,1.000000000000000000e+00,-1.000000000000000000e+00,7.568002343177795410e-01,6.516838073730468750e-01,7.519390583038330078e-01,6.833023428916931152e-01,6.502318382263183594e-01
2.079999999999881943e+00,2.190747307097430152e+00,-1.108757393265280555e-02,7.028583949747727044e-02,-1.201396637141360912e-01,-1.300348855035750317e-01,-8.677735840520535340e-04,1.000000000000000000e+00,-1.000000000000000000e+00,7.100722789764404297e-01,6.919340491294860840e-01,7.607422471046447754e-01,6.981733441352844238e-01,6.602041125297546387e-01
2.099999999999879741e+00,2.187026957439750952e+00,-1.029872191962039052e-02,-9.006593763831092364e-03,-1.192046849198200309e-01,-1.298001729587950903e-01,-1.254043288812649402e-03,1.000000000000000000e+00,-1.000000000000000000e+00,6.690158247947692871e-01,7.246283888816833496e-01,7.684624791145324707e-01,7.083007693290710449e-01,6.694861650466918945e-01
2.119999999999877538e+00,2.183377015919612418e+00,-9.356668051468730596e-03,-8.545381602299458035e-02,-1.166129117295388595e-01,-1.291345007067179196e-01,-1.832043938090426949e-03,1.000000000000000000e+00,-1.000000000000000000e+00,6.396070122718811035e-01,7.470570206642150879e-01,7.731173634529113770e-01,7.148773074150085449e-01,6.751495599746704102e-01
2.139999999999875335e+00,2.179821126413497900e+00,-8.174726550002620051e-03,-1.603761490362107800e-01,-1.131847186718891729e-01,-1.282166733164673000e-01,-2.400128545907831597e-03,1.000000000000000000e+00,-1.000000000000000000e+00,6.191600561141967773e-01,7.625255584716796875e-01,7.752559781074523926e-01,7.196725010871887207e-01,6.778136491775512695e-01
2.159999999999873133e+00,2.176381574067832059e+00,-6.714840537320243552e-03,-2.342741825622955687e-01,-1.097544743064742812e-01,-1.272494852985456559e-01,-2.783306202059728906e-03,1.000000000000000000e+00,-1.000000000000000000e+00,6.039668917655944824e-01,7.738471031188964844e-01,7.759994268417358398e-01,7.232360839843750000e-01,6.791456937789916992e-01
2.179999999999870930e+00,2.173103751037285036e+00,-5.008083012921049626e-03,-3.064979467331148122e-01,-1.068317528850440540e-01,-1.263804007536580287e-01,-2.904970884102250819e-03,1.000000000000000000e+00,-1.000000000000000000e+00,5.916169881820678711e-01,7.823794484138488770e-01,7.763099074363708496e-01,7.254071831703186035e-01,6.805473566055297852e-01
2.199999999999868727e+00,2.170053643741789440e+00,-3.136681269560182006e-03,-3.755671088044211237e-01,-1.045170668190923274e-01,-1.256579266887708768e-01,-2.788047427765841940e-03,1.000000000000000000e+00,-1.000000000000000000e+00,5.809070467948913574e-01,7.886448502540588379e-01,7.767500877380371094e-01,7.259880304336547852e-01,6.827573776245117188e-01
2.219999999999866525e+00,2.167295998062951146e+00,-1.197987411838019600e-03,-4.397291581048360376e-01,-1.026759758273329270e-01,-1.250585443610373326e-01,-2.504638885850476310e-03,1.000000000000000000e+00,-1.000000000000000000e+00,5.712815523147583008e-01,7.928471565246582031e-01,7.774671912193298340e-01,7.249447703361511230e-01,6.859857439994812012e-01
2.239999999999864322e+00,2.164866934225916140e+00,7.273910714628017971e-04,-4.974015949587896612e-01,-1.011287846592827389e-01,-1.245357437578139548e-01,-2.135932723614166091e-03,1.000000000000000000e+00,-1.000000000000000000e+00,5.624286532402038574e-01,7.951567769050598145e-01,7.783372998237609863e-01,7.223984599113464355e-01,6.901665329933166504e-01
2.259999999999862119e+00,2.162769229964509599e+00,2.589685295279475774e-03,-5.473858487760816516e-01,-9.974424891736299870e-02,-1.240514230301998228e-01,-1.751603725649813256e-03,1.000000000000000000e+00,-1.000000000000000000e+00,5.541926622390747070e-01,7.958194017410278320e-01,7.791553139686584473e-01,7.186193466186523438e-01,6.950875520706176758e-01
2.279999999999859916e+00,2.160967097899503031e+00,4.364297890605051133e-03,-5.887922948988688621e-01,-9.847156809951625178e-02,-1.235910147154346966e-01,-1.415387131423086545e-03,1.000000000000000000e+00,-1.000000000000000000e+00,5.465421080589294434e-01,7.951506376266479492e-01,7.797737717628479004e-01,7.139688134193420410e-01,7.004698514938354492e-01
2.299999999999857714e+00,2.159405683230969153e+00,6.041561337536083265e-03,-6.209326083088395620e-01,-9.732136524937397282e-02,-1.231610657810733450e-01,-1.165608209734374234e-03,1.000000000000000000e+00,-1.000000000000000000e+00,5.395274162292480469e-01,7.934424281120300293e-01,7.801272273063659668e-01,7.087796330451965332e-01,7.060463428497314453e-01
2.319999999999855511e+00,2.158018557001576188e+00,7.617185135811499475e-03,-6.432177407314483286e-01,-9.632818888864459750e-02,-1.227781801868046141e-01,-1.002927209770639039e-03,1.000000000000000000e+00,-1.000000000000000000e+00,5.331996679306030273e-01,7.908739447593688965e-01,7.802055478096008301e-01,7.032334804534912109e-01,7.116636633872985840e-01
2.339999999999853308e+00,2.156735151403916362e+00,9.086871684661934623e-03,-6.551422244572173703e-01,-9.551866199774972088e-02,-1.224573921820538841e-01,-8.949570883946714010e-04,1.000000000000000000e+00,-1.000000000000000000e+00,5.276660323143005371e-01,7.874587774276733398e-01,7.800351977348327637e-01,6.973353624343872070e-01,7.173094749450683594e-01
2.359999999999851106e+00,2.155485465128250233e+00,1.044945727703350258e-02,-6.563269560387487989e-01,-9.489925725388306810e-02,-1.222062513712781906e-01,-8.129407386194628530e-04,1.000000000000000000e+00,-1.000000000000000000e+00,5.233168601989746094e-01,7.830576896667480469e-01,7.796949744224548340e-01,6.910034418106079102e-01,7.229980826377868652e-01
2.379999999999848903e+00,2.154206160661582548e+00,1.169677870250734886e-02,-6.466105564776232217e-01,-9.444221361052665409e-02,-1.220175761327010749e-01,-7.412955187799395761e-04,1.000000000000000000e+00,-1.000000000000000000e+00,5.209650993347167969e-01,7.775155305862426758e-01,7.793326973915100098e-01,6.842434406280517578e-01,7.285948991775512695e-01
2.399999999999846700e+00,2.152837622159591735e+00,1.282144368286480818e-02,-6.261388093609626670e-01,-9.413272238531072977e-02,-1.218881127119954277e-01,-6.759567748269219335e-04,1.000000000000000000e+00,-1.000000000000000000e+00,5.213398337364196777e-01,7.708982825279235840e-01,7.791138887405395508e-01,6.772734522819519043e-01,7.338710427284240723e-01
2.419999999999844498e+00,2.151324288421786246e+00,1.381519330573094395e-02,-5.953817387257031024e-01,-9.393910727749001099e-02,-1.218063996533617355e-01,-6.309153499570716896e-04,1.000000000000000000e+00,-1.000000000000000000e+00,5.243149995803833008e-01,7.635221481323242188e-01,7.791626453399658203e-01,6.703988909721374512e-01,7.387287020683288574e-01
2.439999999999842295e+00,2.149618007970854450e+00,1.466281582933992578e-02,-5.550845448156129791e-01,-9.382852859590472272e-02,-1.217594764321821427e-01,-6.214388611272588913e-04,1.000000000000000000e+00,-1.000000000000000000e+00,5.292342305183410645e-01,7.556949257850646973e-01,7.795670032501220703e-01,6.638565063476562500e-01,7.431051731109619141e-01
2.459999999999840092e+00,2.147681549645893639e+00,1.534266918351445685e-02,-5.061884032717685056e-01,-9.377393689969519552e-02,-1.217362416896105165e-01,-6.552046323572990622e-04,1.000000000000000000e+00,-1.000000000000000000e+00,5.355712771415710449e-01,7.476366758346557617e-01,7.803342938423156738e-01,6.578501462936401367e-01,7.468260526657104492e-01
2.479999999999837890e+00,2.145490545859869869e+00,1.582841653273248106e-02,-4.497523641396545813e-01,-9.375541070177041691e-02,-1.217283463036228641e-01,-7.299413267033344260e-04,1.000000000000000000e+00,-1.000000000000000000e+00,5.429551601409912109e-01,7.395201325416564941e-01,7.813227772712707520e-01,6.525052189826965332e-01,7.497506737709045410e-01
2.499999999999835687e+00,2.143034233770968910e+00,1.609230212388018666e-02,-3.868936177053637349e-01,-9.375772179628233394e-02,-1.217293315224194789e-01,-8.361782243558952199e-04,1.000000000000000000e+00,-1.000000000000000000e+00,5.510293841361999512e-01,7.314345240592956543e-01,7.823085188865661621e-01,6.477801799774169922e-01,7.519320249557495117e-01
2.519999999999833484e+00,2.140315395989267344e+00,1.610902546831344262e-02,-3.187501044700396524e-01,-9.376656640309836976e-02,-1.217331012111454863e-01,-9.618382219378368309e-04,1.000000000000000000e+00,-1.000000000000000000e+00,5.594963431358337402e-01,7.233885526657104492e-01,7.831519246101379395e-01,6.435276865959167480e-01,7.535316944122314453e-01
2.539999999999831282e+00,2.137350062555686936e+00,1.585935277612093852e-02,-2.464597324141105383e-01,-9.376580862571777530e-02,-1.217327782838157207e-01,-1.095811889936735553e-03,1.000000000000000000e+00,-1.000000000000000000e+00,5.682660341262817383e-01,7.152960896492004395e-01,7.838447690010070801e-01,6.395616531372070312e-01,7.546564340591430664e-01
2.559999999999829079e+00,2.134167406948569212e+00,1.533295554054159293e-02,-1.711472823810125665e-01,-9.373721916013989797e-02,-1.217205883641308273e-01,-1.229307203942825097e-03,1.000000000000000000e+00,-1.000000000000000000e+00,5.775683522224426270e-01,7.068983316421508789e-01,7.844318747520446777e-01,6.356436014175415039e-01,7.553129196166992188e-01
2.579999999999826876e+00,2.130809766245907344e+00,1.453040778816910850e-02,-9.391182576544980509e-02,-9.366259825738718070e-02,-1.216887117585246231e-01,-1.355284520893205091e-03,1.000000000000000000e+00,-1.000000000000000000e+00,5.878365039825439453e-01,6.978310346603393555e-01,7.849452495574951172e-01,6.315124034881591797e-01,7.554326057434082031e-01
2.599999999999824674e+00,2.127332237512235213e+00,1.346459794924631526e-02,-1.581176505110073321e-02,-9.352670503775405153e-02,-1.216304363794975668e-01,-1.467260344516397360e-03,1.000000000000000000e+00,-1.000000000000000000e+00,5.992554426193237305e-01,6.879733204841613770e-01,7.853826284408569336e-01,6.270455718040466309e-01,7.549217343330383301e-01
2.619999999999822471e+00,2.123801227749662068e+00,1.216165893476806037e-02,6.215013939804416021e-02,-9.331963636408516227e-02,-1.215410728981690253e-01,-1.558382789899239416e-03,1.000000000000000000e+00,-1.000000000000000000e+00,6.111834049224853516e-01,6.779006123542785645e-01,7.857145071029663086e-01,6.224953532218933105e-01,7.537416815757751465e-01
2.639999999999820268e+00,2.120291312314141585e+00,1.065992869116128006e-02,1.390329281885475943e-01,-9.303979112445190380e-02,-1.214191904811382783e-01,-1.626519787091585366e-03,1.000000000000000000e+00,-1.000000000000000000e+00,6.223827004432678223e-01,6.686751246452331543e-01,7.858946919441223145e-01,6.184066534042358398e-01,7.519316673278808594e-01
2.659999999999818066e+00,2.116878902529263140e+00,8.999040941553515527e-03,2.139157164665216604e-01,-9.269684662910605832e-02,-1.212680285006322439e-01,-1.675951974528043292e-03,1.000000000000000000e+00,-1.000000000000000000e+00,6.322365999221801758e-01,6.608530282974243164e-01,7.858513593673706055e-01,6.151029467582702637e-01,7.495123744010925293e-01
2.679999999999815863e+00,2.113634418151970618e+00,7.215066238375367202e-03,2.858503106279148276e-01,-9.230737291054508242e-02,-1.210938599732217097e-01,-1.708097440710856264e-03,1.000000000000000000e+00,-1.000000000000000000e+00,6.411211490631103516e-01,6.541880965232849121e-01,7.855114340782165527e-01,6.125113964080810547e-01,7.464349269866943359e-01
2.699999999999813660e+00,2.110618645180116104e+00,5.345279795362201103e-03,3.538392532772595689e-01,-9.188491882526042542e-02,-1.209017974780585702e-01,-1.721836938379130719e-03,1.000000000000000000e+00,-1.000000000000000000e+00,6.497300863265991211e-01,6.481443047523498535e-01,7.848268747329711914e-01,6.104077100753784180e-01,7.426171898841857910e-01
2.719999999999811457e+00,2.107876853262502514e+00,3.429555086456981261e-03,4.168385186468369641e-01,-9.146443110600394055e-02,-1.207072083691333592e-01,-1.716560301836681304e-03,1.000000000000000000e+00,-1.000000000000000000e+00,6.585688591003417969e-01,6.422970890998840332e-01,7.837722301483154297e-01,6.086090207099914551e-01,7.380056977272033691e-01
2.739999999999809255e+00,2.105432548541435356e+00,1.508596608576162623e-03,4.737714951033534794e-01,-9.105352831940750902e-02,-1.205135761372653352e-01,-1.695285484797969065e-03,1.000000000000000000e+00,-1.000000000000000000e+00,6.678867936134338379e-01,6.364251375198364258e-01,7.823530435562133789e-01,6.070282459259033203e-01,7.326326370239257812e-01
2.759999999999807052e+00,2.103291811117877774e+00,-3.797709295752516034e-04,5.235929553115606927e-01,-9.068820564335181023e-02,-1.203383778434296975e-01,-1.659027687107489596e-03,1.000000000000000000e+00,-1.000000000000000000e+00,6.777271032333374023e-01,6.304683089256286621e-01,7.806040644645690918e-01,6.056516170501708984e-01,7.266456484794616699e-01
2.779999999999804849e+00,2.101432588059278128e+00,-2.200157447476702721e-03,5.652824246210677028e-01,-9.038531467176146028e-02,-1.201908364091282821e-01,-1.609468926531517925e-03,1.000000000000000000e+00,-1.000000000000000000e+00,6.880172491073608398e-01,6.244464516639709473e-01,7.785800695419311523e-01,6.044843196868896484e-01,7.202519178390502930e-01
2.799999999999802647e+00,2.099815055361339944e+00,-3.923174076105262476e-03,5.979052615612227006e-01,-9.015889559779574625e-02,-1.200791346839873847e-01,-1.550699984065609599e-03,1.000000000000000000e+00,-1.000000000000000000e+00,6.985974311828613281e-01,6.184074282646179199e-01,7.763355970382690430e-01,6.035147309303283691e-01,7.136855721473693848e-01
2.819999999999800444e+00,2.098383085840604068e+00,-5.528363891282750409e-03,6.206558061882023747e-01,-9.001995667505074961e-02,-1.200099733641257771e-01,-1.485918134908647756e-03,1.000000000000000000e+00,-1.000000000000000000e+00,7.092707753181457520e-01,6.124239563941955566e-01,7.739277482032775879e-01,6.027386188507080078e-01,7.071670293807983398e-01
2.839999999999798241e+00,2.097068416014471914e+00,-7.005065720268377483e-03,6.329162651901016901e-01,-8.996829360163838274e-02,-1.199841342146619749e-01,-1.419893129446168608e-03,1.000000000000000000e+00,-1.000000000000000000e+00,7.198746800422668457e-01,6.066175699234008789e-01,7.714350819587707520e-01,6.022111773490905762e-01,7.008622884750366211e-01
2.859999999999796039e+00,2.095799125811067309e+00,-8.354185314839779330e-03,6.343062715233060977e-01,-8.999606560159356672e-02,-1.199980326072650760e-01,-1.348423853900263284e-03,1.000000000000000000e+00,-1.000000000000000000e+00,7.303130030632019043e-01,6.011999845504760742e-01,7.689809799194335938e-01,6.020924448966979980e-01,6.948790550231933594e-01
2.879999999999793836e+00,2.094508953793423611e+00,-9.574564725007228549e-03,6.247244167736797360e-01,-9.009556531620736830e-02,-1.200476690412290992e-01,-1.269059249684016417e-03,1.000000000000000000e+00,-1.000000000000000000e+00,7.405665516853332520e-01,5.965048670768737793e-01,7.667366266250610352e-01,6.026738882064819336e-01,6.892799139022827148e-01
2.899999999999791633e+00,2.093135634628530806e+00,-1.066543637990924331e-02,6.043839313219917520e-01,-9.025643732249948037e-02,-1.201274070336387084e-01,-1.178444379746118945e-03,1.000000000000000000e+00,-1.000000000000000000e+00,7.506797909736633301e-01,5.929850935935974121e-01,7.648940086364746094e-01,6.043946743011474609e-01,6.841104030609130859e-01
2.919999999999789431e+00,2.091622514379748221e+00,-1.162225595275717671e-02,5.737946558946076525e-01,-9.046623368471604087e-02,-1.202304612235793324e-01,-1.069307131947805356e-03,1.000000000000000000e+00,-1.000000000000000000e+00,7.606440186500549316e-01,5.911624431610107422e-01,7.635931372642517090e-01,6.078167557716369629e-01,6.794409155845642090e-01
2.939999999999787228e+00,2.089921230988904810e+00,-1.243069842417843240e-02,5.337067867216316319e-01,-9.071572363060101396e-02,-1.203516779464012532e-01,-9.378262187998362160e-04,1.000000000000000000e+00,-1.000000000000000000e+00,7.701120972633361816e-01,5.914915800094604492e-01,7.627884149551391602e-01,6.134596467018127441e-01,6.753621697425842285e-01
2.959999999999785025e+00,2.087994354335799940e+00,-1.306861540935161381e-02,4.850452825090680320e-01,-9.098793051265469112e-02,-1.204823330001744824e-01,-7.962375767578398246e-04,1.000000000000000000e+00,-1.000000000000000000e+00,7.779123187065124512e-01,5.943391323089599609e-01,7.622290849685668945e-01,6.214420795440673828e-01,6.719522476196289062e-01
2.979999999999782823e+00,2.085816798002743777e+00,-1.350922918074176637e-02,4.288513602124399693e-01,-9.121238734056355546e-02,-1.205888560952368960e-01,-6.863532673027325807e-04,1.000000000000000000e+00,-1.000000000000000000e+00,7.820228338241577148e-01,6.001899838447570801e-01,7.617042064666748047e-01,6.313177943229675293e-01,6.692702174186706543e-01
2.999999999999780620e+00,2.083376598547022951e+00,-1.372508447730153014e-02,3.662359419770586100e-01,-9.125106884012920694e-02,-1.206071055619001020e-01,-6.738910235553767546e-04,1.000000000000000000e+00,-1.000000000000000000e+00,7.803646922111511230e-01,6.098856925964355469e-01,7.613697648048400879e-01,6.425403356552124023e-01,6.674532294273376465e-01
3.019999999999778417e+00,2.080675340295449427e+00,-1.369174990175697770e-02,2.983443678235950802e-01,-9.093959662717762682e-02,-1.204592526631579341e-01,-8.253114374252584632e-04,1.000000000000000000e+00,-1.000000000000000000e+00,7.713431715965270996e-01,6.244800090789794922e-01,7.616794109344482422e-01,6.548251509666442871e-01,6.666884422302246094e-01
3.039999999999776215e+00,2.077728463633043976e+00,-1.339083069980956386e-02,2.263292489832177679e-01,-9.022639253349694355e-02,-1.201125627481350877e-01,-9.942375760389743616e-04,1.000000000000000000e+00,-1.000000000000000000e+00,7.540129423141479492e-01,6.446641683578491211e-01,7.629538774490356445e-01,6.680171489715576172e-01,6.669978499412536621e-01
3.059999999999774012e+00,2.074565559345804111e+00,-1.281229922139009991e-02,1.513282370542933519e-01,-8.940574335079956581e-02,-1.196983211695630961e-01,-9.755503874609359983e-04,1.000000000000000000e+00,-1.000000000000000000e+00,7.289338707923889160e-01,6.698236465454101562e-01,7.651139497756958008e-01,6.817219257354736328e-01,6.682063341140747070e-01
3.079999999999771809e+00,2.071230387227038339e+00,-1.195637258869053365e-02,7.444426658032457511e-02,-8.876751270209062850e-02,-1.193634997207724813e-01,-7.279699234973960363e-04,1.000000000000000000e+00,-1.000000000000000000e+00,6.989900469779968262e-01,6.974022388458251953e-01,7.677676081657409668e-01,6.949320435523986816e-01,6.700830459594726562e-01
3.099999999999769607e+00,2.067780040669870534e+00,-1.083519684399264493e-02,-3.272381716241528748e-03,-8.838713632324812774e-02,-1.191581309901355579e-01,-3.305512009759918710e-04,1.000000000000000000e+00,-1.000000000000000000e+00,6.686429977416992188e-01,7.236956954002380371e-01,7.704728841781616211e-01,7.062718272209167480e-01,6.723802089691162109e-01
3.119999999999767404e+00,2.064282746538014024e+00,-9.474268142461050868e-03,-8.083774342453607653e-02,-8.818779273156684972e-02,-1.190486422912870462e-01,8.795014958315750247e-05,1.000000000000000000e+00,-1.000000000000000000e+00,6.418251991271972656e-01,7.456855773925781250e-01,7.729099392890930176e-01,7.147709727287292480e-01,6.748712062835693359e-01
3.139999999999765201e+00,2.060813932062103504e+00,-7.911666837615960457e-03,-1.573352572054971255e-01,-8.805414850185809550e-02,-1.189744907943894453e-01,4.174218418302621972e-04,1.000000000000000000e+00,-1.000000000000000000e+00,6.200420856475830078e-01,7.624598741531372070e-01,7.748741507530212402e-01,7.203658819198608398e-01,6.773933172225952148e-01
3.159999999999762998e+00,2.057449572482628053e+00,-6.187086286967846682e-03,-2.318670628344521589e-01,-8.791102606084660875e-02,-1.188943948983877535e-01,6.169121763158427361e-04,1.000000000000000000e+00,-1.000000000000000000e+00,6.028353571891784668e-01,7.746543884277343750e-01,7.762985825538635254e-01,7.235565185546875000e-01,6.798938512802124023e-01
3.179999999999760796e+00,2.054258514868119612e+00,-4.337232265520407637e-03,-3.035031661963515370e-01,-8.774835394380180176e-02,-1.188024734840849167e-01,7.115242885281802430e-04,1.000000000000000000e+00,-1.000000000000000000e+00,5.891777873039245605e-01,7.832561731338500977e-01,7.772988677024841309e-01,7.248826622962951660e-01,6.824732422828674316e-01
3.199999999999758593e+00,2.051299335447041017e+00,-2.400417472055160761e-03,-3.712583490571974565e-01,-8.759803261915000139e-02,-1.187166694437439829e-01,7.577137811351686205e-04,1.000000000000000000e+00,-1.000000000000000000e+00,5.780324935913085938e-01,7.891402840614318848e-01,7.780699729919433594e-01,7.247442603111267090e-01,6.853166818618774414e-01
3.219999999999756390e+00,2.048614637265298022e+00,-4.174184205023023786e-04,-4.340961815518023514e-01,-8.749793642862711829e-02,-1.186590625523939457e-01,8.068631620135680374e-04,1.000000000000000000e+00,-1.000000000000000000e+00,5.685619115829467773e-01,7.929181456565856934e-01,7.787441015243530273e-01,7.233699560165405273e-01,6.886081099510192871e-01
3.239999999999754188e+00,2.046225713456033546e+00,1.570616400552837799e-03,-4.909462776013641672e-01,-8.745808079134584356e-02,-1.186360180588890839e-01,8.848999005267776854e-04,1.000000000000000000e+00,-1.000000000000000000e+00,5.601601004600524902e-01,7.949745655059814453e-01,7.793626785278320312e-01,7.208767533302307129e-01,6.924834847450256348e-01
3.259999999999751985e+00,2.044136861229735480e+00,3.525802437156722036e-03,-5.407706773775355913e-01,-8.746345609459073300e-02,-1.186391296405313461e-01,9.906611606790712791e-04,1.000000000000000000e+00,-1.000000000000000000e+00,5.524721145629882812e-01,7.955658435821533203e-01,7.799074649810791016e-01,7.173781991004943848e-01,6.969743967056274414e-01
3.279999999999749782e+00,2.042324536816298775e+00,5.413145285336373735e-03,-5.825585035826994496e-01,-8.748894002625666466e-02,-1.186538662031814823e-01,1.106854589735004534e-03,1.000000000000000000e+00,-1.000000000000000000e+00,5.453297495841979980e-01,7.949127554893493652e-01,7.803398966789245605e-01,7.130377292633056641e-01,7.019904851913452148e-01
3.299999999999747580e+00,2.040747800602989770e+00,7.203736459269305392e-03,-6.153875097148988615e-01,-8.751357225917326399e-02,-1.186680864434852406e-01,1.214495254569519225e-03,1.000000000000000000e+00,-1.000000000000000000e+00,5.387095212936401367e-01,7.932218909263610840e-01,7.806079387664794922e-01,7.080643773078918457e-01,7.073325514793395996e-01
3.319999999999745377e+00,2.039349879210363703e+00,8.877392606990275326e-03,-6.384645428060979899e-01,-8.752620550683440359e-02,-1.186753706012103060e-01,1.302050724492511899e-03,1.000000000000000000e+00,-1.000000000000000000e+00,5.326573252677917480e-01,7.906461954116821289e-01,7.806611061096191406e-01,7.026267051696777344e-01,7.128052115440368652e-01
3.339999999999743174e+00,2.038062199514746986e+00,1.042317055690955563e-02,-6.511785952831462554e-01,-8.752889620261126991e-02,-1.186769212296823750e-01,1.367058400662170530e-03,1.000000000000000000e+00,-1.000000000000000000e+00,5.273158550262451172e-01,7.872117161750793457e-01,7.804840207099914551e-01,6.967769861221313477e-01,7.183266282081604004e-01
3.359999999999740972e+00,2.036812955546277060e+00,1.184072855299506122e-02,-6.531519916668936387e-01,-8.752495455845886452e-02,-1.186746495943403201e-01,1.413012022299040601e-03,1.000000000000000000e+00,-1.000000000000000000e+00,5.231354832649230957e-01,7.828024029731750488e-01,7.801419496536254883e-01,6.904931664466857910e-01,7.238649129867553711e-01
3.379999999999738769e+00,2.035537135566709122e+00,1.312722145639588778e-02,-6.442751320691221251e-01,-8.751731685482044831e-02,-1.186702461642218931e-01,1.446142976077711799e-03,1.000000000000000000e+00,-1.000000000000000000e+00,5.209678411483764648e-01,7.772872447967529297e-01,7.797882556915283203e-01,6.838233470916748047e-01,7.292707562446594238e-01
3.399999999999736566e+00,2.034174100671556573e+00,1.427982277665523769e-02,-6.247386871666118502e-01,-8.750541245641998978e-02,-1.186633783574423118e-01,1.469367666394248879e-03,1.000000000000000000e+00,-1.000000000000000000e+00,5.215131044387817383e-01,7.707319855690002441e-01,7.795925140380859375e-01,6.769739985466003418e-01,7.343464493751525879e-01
3.419999999999734364e+00,2.032669661488556212e+00,1.529239632770512669e-02,-5.950221087085639793e-01,-8.748582209116384512e-02,-1.186520645462015855e-01,1.483735633008832983e-03,1.000000000000000000e+00,-1.000000000000000000e+00,5.246236324310302734e-01,7.634090781211853027e-01,7.796750664710998535e-01,6.701983213424682617e-01,7.390400171279907227e-01
3.439999999999732161e+00,2.030977870386658335e+00,1.614969976642760541e-02,-5.558393199314777267e-01,-8.745469314070253297e-02,-1.186340564862077007e-01,1.488579951940818564e-03,1.000000000000000000e+00,-1.000000000000000000e+00,5.296539068222045898e-01,7.555927038192749023e-01,7.801071405410766602e-01,6.637061238288879395e-01,7.433056831359863281e-01
3.459999999999729958e+00,2.029063444036095287e+00,1.682941370230578437e-02,-5.080772120083775212e-01,-8.740950421411076976e-02,-1.186078477066632442e-01,1.483464355655322343e-03,1.000000000000000000e+00,-1.000000000000000000e+00,5.360580682754516602e-01,7.475331425666809082e-01,7.808740735054016113e-01,6.577274799346923828e-01,7.469565272331237793e-01
3.479999999999727756e+00,2.026902897422793615e+00,1.730536923307846031e-02,-4.527402699303832434e-01,-8.735000673637305368e-02,-1.185732180284727738e-01,1.469259135984352137e-03,1.000000000000000000e+00,-1.000000000000000000e+00,5.434160828590393066e-01,7.394593358039855957e-01,7.818223834037780762e-01,6.524243354797363281e-01,7.498360872268676758e-01
3.499999999999725553e+00,2.024485045498267688e+00,1.755140963342044502e-02,-3.909060343885074618e-01,-8.727810522793025272e-02,-1.185311811772639390e-01,1.448230727740250877e-03,1.000000000000000000e+00,-1.000000000000000000e+00,5.513506531715393066e-01,7.314863204956054688e-01,7.827394604682922363e-01,6.477669477462768555e-01,7.519923448562622070e-01
3.519999999999723350e+00,2.021811216154269175e+00,1.754494400409345456e-02,-3.236912104336049922e-01,-8.719705363460414360e-02,-1.184835450341258506e-01,1.423388720251581290e-03,1.000000000000000000e+00,-1.000000000000000000e+00,5.595949888229370117e-01,7.236099243164062500e-01,7.835117578506469727e-01,6.436018347740173340e-01,7.535842657089233398e-01
3.539999999999721148e+00,2.018895442494782699e+00,1.726975416599024760e-02,-2.522257564824814113e-01,-8.711058337818053388e-02,-1.184324275141743904e-01,1.397620113338996417e-03,1.000000000000000000e+00,-1.000000000000000000e+00,5.681189298629760742e-01,7.157083749771118164e-01,7.841508984565734863e-01,6.397302150726318359e-01,7.547165751457214355e-01
3.559999999999718945e+00,2.015764750398640004e+00,1.671805757074790177e-02,-1.776319665185534247e-01,-8.702240932976892940e-02,-1.183799817003194782e-01,1.373058517305828516e-03,1.000000000000000000e+00,-1.000000000000000000e+00,5.772092342376708984e-01,7.074848413467407227e-01,7.847096920013427734e-01,6.359012126922607422e-01,7.553961277008056641e-01
3.579999999999716742e+00,2.012459331364694126e+00,1.589207873860110087e-02,-1.010062394167804689e-01,-8.693614069762016505e-02,-1.183283495949798841e-01,1.350868443113981132e-03,1.000000000000000000e+00,-1.000000000000000000e+00,5.873277783393859863e-01,6.985546350479125977e-01,7.852205634117126465e-01,6.318471431732177734e-01,7.555529475212097168e-01
3.599999999999714539e+00,2.009032130773050540e+00,1.480542436306697685e-02,-2.340251428408476192e-02,-8.685533516987123392e-02,-1.182796951452763229e-01,1.331358489223952732e-03,1.000000000000000000e+00,-1.000000000000000000e+00,5.986511707305908203e-01,6.888020038604736328e-01,7.856763601303100586e-01,6.274459362030029297e-01,7.550881505012512207e-01
3.619999999999712337e+00,2.005547389515598855e+00,1.348421032207353099e-02,5.418115729675173492e-02,-8.678345377460466858e-02,-1.182361725179871398e-01,1.314206627911761920e-03,1.000000000000000000e+00,-1.000000000000000000e+00,6.104981899261474609e-01,6.788287162780761719e-01,7.860395312309265137e-01,6.229555606842041016e-01,7.539561390876770020e-01
3.639999999999710134e+00,2.002077558298670734e+00,1.196593186591049518e-02,1.308049983115664450e-01,-8.672377403413707164e-02,-1.181998622147796274e-01,1.297979683867620838e-03,1.000000000000000000e+00,-1.000000000000000000e+00,6.216024756431579590e-01,6.697098612785339355e-01,7.862569689750671387e-01,6.189172863960266113e-01,7.521900534629821777e-01
3.659999999999707931e+00,1.998697116127429840e+00,1.028867785872156215e-02,2.055428677268572868e-01,-8.667895132513617207e-02,-1.181724851331380083e-01,1.281272599860982034e-03,1.000000000000000000e+00,-1.000000000000000000e+00,6.313557624816894531e-01,6.619837880134582520e-01,7.862555980682373047e-01,6.156380772590637207e-01,7.498089075088500977e-01
3.679999999999705729e+00,1.995475117422208733e+00,8.487389232082420687e-03,2.774385434883388513e-01,-8.665027904070746190e-02,-1.181549243041903619e-01,1.263261010300841458e-03,1.000000000000000000e+00,-1.000000000000000000e+00,6.401391625404357910e-01,6.553949117660522461e-01,7.859658598899841309e-01,6.130414605140686035e-01,7.467730045318603516e-01
3.699999999999703526e+00,1.992472055635167827e+00,6.598691419193947194e-03,3.454869823812660168e-01,-8.663738918496537156e-02,-1.181470173591108591e-01,1.243356764196793451e-03,1.000000000000000000e+00,-1.000000000000000000e+00,6.486223936080932617e-01,6.494299769401550293e-01,7.853404879570007324e-01,6.109224557876586914e-01,7.430171370506286621e-01
3.719999999999701323e+00,1.989733770667878154e+00,4.661885356686712445e-03,4.086416190326404574e-01,-8.663917948691955695e-02,-1.181481160318932355e-01,1.221215855252826563e-03,1.000000000000000000e+00,-1.000000000000000000e+00,6.572902202606201172e-01,6.436867117881774902e-01,7.843530178070068359e-01,6.091171503067016602e-01,7.385011315345764160e-01
3.739999999999699121e+00,1.987283925399722317e+00,2.717818555312778717e-03,4.658236139850884805e-01,-8.665459985770575246e-02,-1.181575730813188285e-01,1.197089365653376206e-03,1.000000000000000000e+00,-1.000000000000000000e+00,6.663910150527954102e-01,6.379496455192565918e-01,7.830098271369934082e-01,6.075472235679626465e-01,7.332609295845031738e-01
3.759999999999696918e+00,1.985130468524242353e+00,8.044114602993035490e-04,5.159935159092894352e-01,-8.668019817819168360e-02,-1.181732479334666464e-01,1.171232189364756430e-03,1.000000000000000000e+00,-1.000000000000000000e+00,6.759774684906005859e-01,6.321579217910766602e-01,7.813490033149719238e-01,6.062023043632507324e-01,7.274377346038818359e-01
3.779999999999694715e+00,1.983253120582458173e+00,-1.042395942229712436e-03,5.581406271749160819e-01,-8.671331845087483503e-02,-1.181934842715872958e-01,1.144486915624321269e-03,1.000000000000000000e+00,-1.000000000000000000e+00,6.859886646270751953e-01,6.263285875320434570e-01,7.794281840324401855e-01,6.050879955291748047e-01,7.212258577346801758e-01
3.799999999999692513e+00,1.981613872412974153e+00,-2.792080095893545444e-03,5.913409067938092400e-01,-8.675084628837559375e-02,-1.182163533811391026e-01,1.118149729105863063e-03,1.000000000000000000e+00,-1.000000000000000000e+00,6.962754130363464355e-01,6.205064654350280762e-01,7.773026823997497559e-01,6.041900515556335449e-01,7.148446440696716309e-01
3.819999999999690310e+00,1.980158743344639038e+00,-4.422555240757575223e-03,6.147969524228948934e-01,-8.678894902608641493e-02,-1.182395078894837026e-01,1.094132355421199680e-03,1.000000000000000000e+00,-1.000000000000000000e+00,7.066451311111450195e-01,6.147587299346923828e-01,7.750264406204223633e-01,6.034958362579345703e-01,7.085081338882446289e-01
3.839999999999688107e+00,1.978821344475587551e+00,-5.920942604968892908e-03,6.278904641164665401e-01,-8.682493527371090702e-02,-1.182613166467040289e-01,1.075191112440424890e-03,1.000000000000000000e+00,-1.000000000000000000e+00,7.169330716133117676e-01,6.091959476470947266e-01,7.726706862449645996e-01,6.030466556549072266e-01,7.023855447769165039e-01
3.859999999999685905e+00,1.977531324059834450e+00,-7.285952082822400033e-03,6.302331370031537539e-01,-8.685693718037471034e-02,-1.182806625220296920e-01,1.062727416894858551e-03,1.000000000000000000e+00,-1.000000000000000000e+00,7.270355224609375000e-01,6.040131449699401855e-01,7.703481316566467285e-01,6.029837131500244141e-01,6.965940594673156738e-01
3.879999999999683702e+00,1.976223979783204410e+00,-8.514816839840455565e-03,6.217051893761016412e-01,-8.688143557425430374e-02,-1.182954418654188072e-01,1.058491009925445394e-03,1.000000000000000000e+00,-1.000000000000000000e+00,7.369145750999450684e-01,5.995261669158935547e-01,7.682216167449951172e-01,6.035763025283813477e-01,6.912099719047546387e-01
3.899999999999681499e+00,1.974838881475529107e+00,-9.605242893955978634e-03,6.024907968676818104e-01,-8.689555734974518941e-02,-1.183039492711270707e-01,1.063540360246806749e-03,1.000000000000000000e+00,-1.000000000000000000e+00,7.465959787368774414e-01,5.961731672286987305e-01,7.664805650711059570e-01,6.052402853965759277e-01,6.862887144088745117e-01
3.919999999999679297e+00,1.973320936920880175e+00,-1.055260313282768703e-02,5.730678599751227731e-01,-8.689717324605746029e-02,-1.183049221826922986e-01,1.077274158201866564e-03,1.000000000000000000e+00,-1.000000000000000000e+00,7.560738325119018555e-01,5.944844484329223633e-01,7.652825713157653809e-01,6.085304021835327148e-01,6.819008588790893555e-01
3.939999999999677094e+00,1.971622764908082637e+00,-1.134345912325679384e-02,5.341550511617779717e-01,-8.688509500342295189e-02,-1.182976472589662154e-01,1.098473064284175840e-03,1.000000000000000000e+00,-1.000000000000000000e+00,7.650683522224426270e-01,5.949583053588867188e-01,7.646172642707824707e-01,6.140059828758239746e-01,6.781133413314819336e-01
3.959999999999674891e+00,1.969707385478974615e+00,-1.195714155752830576e-02,4.866488419774583352e-01,-8.685905357177418906e-02,-1.182819403353164711e-01,1.125449156407939055e-03,1.000000000000000000e+00,-1.000000000000000000e+00,7.725057601928710938e-01,5.980085730552673340e-01,7.642424702644348145e-01,6.218690276145935059e-01,6.749520301818847656e-01
3.979999999999672688e+00,1.967549623187485164e+00,-1.236867991337814443e-02,4.315659360951542012e-01,-8.681973117522968908e-02,-1.182581663674387717e-01,1.156315068520824205e-03,1.000000000000000000e+00,-1.000000000000000000e+00,7.763526439666748047e-01,6.041241288185119629e-01,7.639003396034240723e-01,6.317066550254821777e-01,6.724223494529724121e-01
3.999999999999670486e+00,1.965136874033955650e+00,-1.255251781488642138e-02,3.699966648490727317e-01,-8.676874304651224779e-02,-1.182272371100584196e-01,1.189189781317741626e-03,1.000000000000000000e+00,-1.000000000000000000e+00,7.744243144989013672e-01,6.141180396080017090e-01,7.636842131614685059e-01,6.429381370544433594e-01,6.706443428993225098e-01
4.019999999999677165e+00,1.962469557397364284e+00,-1.248603551285937252e-02,3.030693118684650300e-01,-8.670852234186192387e-02,-1.181905569663252581e-01,1.222353208183591701e-03,1.000000000000000000e+00,-1.000000000000000000e+00,7.651103138923645020e-01,6.290049552917480469e-01,7.640106678009033203e-01,6.552692055702209473e-01,6.698169112205505371e-01
4.039999999999683844e+00,1.959561502431940383e+00,-1.215242688242806901e-02,2.319226041488741952e-01,-8.664212852183873770e-02,-1.181499254731799425e-01,1.254365581052783269e-03,1.000000000000000000e+00,-1.000000000000000000e+00,7.476115822792053223e-01,6.493492126464843750e-01,7.651966810226440430e-01,6.685143709182739258e-01,6.699908375740051270e-01
4.059999999999690523e+00,1.956440349186938210e+00,-1.154292472475371145e-02,1.576832607906529515e-01,-8.657303418098480363e-02,-1.181074251035608147e-01,1.284157918526910311e-03,1.000000000000000000e+00,-1.000000000000000000e+00,7.227354049682617188e-01,6.743025779724121094e-01,7.671848535537719727e-01,6.821807622909545898e-01,6.710367202758789062e-01
4.079999999999697202e+00,1.953147682069522606e+00,-1.065860600905338407e-02,8.144620720125407554e-02,-8.650491085627735888e-02,-1.180653027570435082e-01,1.311085180693425094e-03,1.000000000000000000e+00,-1.000000000000000000e+00,6.934626102447509766e-01,7.012185454368591309e-01,7.696151137351989746e-01,6.952052116394042969e-01,6.727419495582580566e-01
4.099999999999703881e+00,1.949738321621044879e+00,-9.512039994534093879e-03,4.256807280887111786e-03,-8.644139723506703843e-02,-1.180258315675492692e-01,1.334946498489700739e-03,1.000000000000000000e+00,-1.000000000000000000e+00,6.640664935111999512e-01,7.265871167182922363e-01,7.720827460289001465e-01,7.062659859657287598e-01,6.748483777046203613e-01
4.119999999999710560e+00,1.946278275073165975e+00,-8.128702328744685790e-03,-7.290256922207469237e-02,-8.638584832042502104e-02,-1.179911503054472816e-01,1.356007180515818658e-03,1.000000000000000000e+00,-1.000000000000000000e+00,6.381915807723999023e-01,7.476717233657836914e-01,7.743055224418640137e-01,7.144857048988342285e-01,6.771447658538818359e-01
4.139999999999717240e+00,1.942840943183079094e+00,-6.545893798727608903e-03,-1.491123934930217720e-01,-8.634119238772008931e-02,-1.179631604201598766e-01,1.375632883480624926e-03,1.000000000000000000e+00,-1.000000000000000000e+00,6.171593070030212402e-01,7.637261152267456055e-01,7.761014103889465332e-01,7.198546528816223145e-01,6.794965267181396484e-01
4.159999999999723919e+00,1.939500596755990180e+00,-4.801806586992030113e-03,-2.234666517286300613e-01,-8.630964327735393682e-02,-1.179433263041083368e-01,1.395230711166773599e-03,1.000000000000000000e+00,-1.000000000000000000e+00,6.004802584648132324e-01,7.754046916961669922e-01,7.774010896682739258e-01,7.228763699531555176e-01,6.818640828132629395e-01
4.179999999999730598e+00,1.936324959800731271e+00,-2.931950759027746045e-03,-2.950263195399844274e-01,-8.629219403422271062e-02,-1.179323351128294534e-01,1.415759440124388698e-03,1.000000000000000000e+00,-1.000000000000000000e+00,5.871636867523193359e-01,7.836532592773437500e-01,7.782986760139465332e-01,7.240771651268005371e-01,6.843435168266296387e-01
4.199999999999737277e+00,1.933372427556885320e+00,-9.738260814238230978e-04,-3.627991245981737611e-01,-8.628844957805331672e-02,-1.179299745132335181e-01,1.437968182677454949e-03,1.000000000000000000e+00,-1.000000000000000000e+00,5.762366652488708496e-01,7.892900109291076660e-01,7.789683341979980469e-01,7.238419055938720703e-01,6.871105432510375977e-01
4.219999999999743956e+00,1.930686206022217188e+00,1.032499057266600406e-03,-4.257470847727993224e-01,-8.629741031393775574e-02,-1.179356224166335926e-01,1.462319489420381511e-03,1.000000000000000000e+00,-1.000000000000000000e+00,5.669246912002563477e-01,7.928830981254577637e-01,7.795369625091552734e-01,7.223953008651733398e-01,6.903402805328369141e-01
4.239999999999750635e+00,1.928287698382430193e+00,3.045870082917567778e-03,-4.827985188865344668e-01,-8.631809743432303228e-02,-1.179486460698178224e-01,1.488690612068237218e-03,1.000000000000000000e+00,-1.000000000000000000e+00,5.586729049682617188e-01,7.947974205017089844e-01,7.800503373146057129e-01,7.198635339736938477e-01,6.941562891006469727e-01
4.259999999999757314e+00,1.926182997110552186e+00,5.028362146564879787e-03,-5.329216005844087389e-01,-8.634736136772327986e-02,-1.179670329280876478e-01,1.516841071256588847e-03,1.000000000000000000e+00,-1.000000000000000000e+00,5.511620044708251953e-01,7.952868342399597168e-01,7.804970741271972656e-01,7.163753509521484375e-01,6.985713839530944824e-01
4.279999999999763993e+00,1.924350206527130958e+00,6.944449500219884719e-03,-5.751148288030777378e-01,-8.638282906369047776e-02,-1.179892609568660850e-01,1.545938866265845471e-03,1.000000000000000000e+00,-1.000000000000000000e+00,5.442435145378112793e-01,7.945759296417236328e-01,7.808438539505004883e-01,7.121044397354125977e-01,7.034745812416076660e-01
4.299999999999770672e+00,1.922750099145397851e+00,8.764092351106367307e-03,-6.084656721992074413e-01,-8.642161365262285289e-02,-1.180134971470780808e-01,1.574700121003845456e-03,1.000000000000000000e+00,-1.000000000000000000e+00,5.378839373588562012e-01,7.928695678710937500e-01,7.810441255569458008e-01,7.072480320930480957e-01,7.086610794067382812e-01
4.319999999999777351e+00,1.921327862893547955e+00,1.046552939918138359e-02,-6.321888773758674862e-01,-8.646026831638840837e-02,-1.180375794343747620e-01,1.601300810518861608e-03,1.000000000000000000e+00,-1.000000000000000000e+00,5.321004986763000488e-01,7.903088331222534180e-01,7.810525298118591309e-01,7.019471526145935059e-01,7.139469981193542480e-01
4.339999999999784031e+00,1.920016697203004608e+00,1.203575154736474806e-02,-6.456729217574170843e-01,-8.649640525230463395e-02,-1.180600280721003925e-01,1.623186096987334600e-03,1.000000000000000000e+00,-1.000000000000000000e+00,5.270080566406250000e-01,7.869063019752502441e-01,7.808564901351928711e-01,6.962300539016723633e-01,7.192662954330444336e-01
4.359999999999790710e+00,1.918746179004546804e+00,1.347231298704515412e-02,-6.485322938249773461e-01,-8.652845007293397117e-02,-1.180798824700202004e-01,1.638893597425313854e-03,1.000000000000000000e+00,-1.000000000000000000e+00,5.230429768562316895e-01,7.825419902801513672e-01,7.805187702178955078e-01,6.900711655616760254e-01,7.245955467224121094e-01
4.379999999999797389e+00,1.917452684832622101e+00,1.477070807748376291e-02,-6.406412338695016695e-01,-8.655325299965282992e-02,-1.180952164885522571e-01,1.646777088888136311e-03,1.000000000000000000e+00,-1.000000000000000000e+00,5.210484862327575684e-01,7.770905494689941406e-01,7.801850438117980957e-01,6.835276484489440918e-01,7.297940254211425781e-01
4.399999999999804068e+00,1.916077142758253693e+00,1.592670208879792826e-02,-6.221632252415104647e-01,-8.656853080514455290e-02,-1.181046473119714141e-01,1.645710356894633519e-03,1.000000000000000000e+00,-1.000000000000000000e+00,5.217155218124389648e-01,7.706093192100524902e-01,7.800158858299255371e-01,6.767949461936950684e-01,7.346885800361633301e-01
4.419999999999810747e+00,1.914566709988831938e+00,1.693391577057490327e-02,-5.935480131612442811e-01,-8.657244289655038894e-02,-1.181070604392408380e-01,1.636164838817197407e-03,1.000000000000000000e+00,-1.000000000000000000e+00,5.249145030975341797e-01,7.633353471755981445e-01,7.801249623298645020e-01,6.700954437255859375e-01,7.392525076866149902e-01
4.439999999999817426e+00,1.912876279405986146e+00,1.777785056150238407e-02,-5.554799625764291759e-01,-8.656401827238537072e-02,-1.181018629168762019e-01,1.619182212254560759e-03,1.000000000000000000e+00,-1.000000000000000000e+00,5.300225615501403809e-01,7.555231451988220215e-01,7.805731892585754395e-01,6.636300086975097656e-01,7.434417009353637695e-01
4.459999999999824105e+00,1.910970928563052063e+00,1.843748169953784988e-02,-5.088190264273887431e-01,-8.654307128150059980e-02,-1.180889253189163490e-01,1.596261530498336960e-03,1.000000000000000000e+00,-1.000000000000000000e+00,5.364735722541809082e-01,7.474583387374877930e-01,7.813327312469482422e-01,6.576614379882812500e-01,7.470478415489196777e-01
4.479999999999830784e+00,1.908827067779001130e+00,1.888825922283993153e-02,-4.545462811616111654e-01,-8.651021056151500521e-02,-1.180685875848967586e-01,1.569105133028403289e-03,1.000000000000000000e+00,-1.000000000000000000e+00,5.438010692596435547e-01,7.394244670867919922e-01,7.822442054748535156e-01,6.523878574371337891e-01,7.498951554298400879e-01
4.499999999999837463e+00,1.906432939147820971e+00,1.910574871575454470e-02,-3.937193966012026980e-01,-8.646681487578504466e-02,-1.180416508726660346e-01,1.539428604267411085e-03,1.000000000000000000e+00,-1.000000000000000000e+00,5.516089797019958496e-01,7.315582633018493652e-01,7.831062674522399902e-01,6.477888226509094238e-01,7.520278096199035645e-01
4.519999999999844142e+00,1.903788857222619590e+00,1.906902229851187291e-02,-3.274384148029969577e-01,-8.641493554804174915e-02,-1.180093292778120612e-01,1.508823154023411712e-03,1.000000000000000000e+00,-1.000000000000000000e+00,5.596549510955810547e-01,7.238421440124511719e-01,7.838255763053894043e-01,6.437028050422668457e-01,7.536062002182006836e-01
4.539999999999850822e+00,1.900907465958316944e+00,1.876334716757011023e-02,-2.568195293764046760e-01,-8.635714853727649576e-02,-1.179731728548153863e-01,1.478653636984070220e-03,1.000000000000000000e+00,-1.000000000000000000e+00,5.679573416709899902e-01,7.161223888397216797e-01,7.844272255897521973e-01,6.399183273315429688e-01,7.547373175621032715e-01
4.559999999999857501e+00,1.897814108197456662e+00,1.818215877220247245e-02,-1.829740090480368730e-01,-8.629639523489468500e-02,-1.179349828197008010e-01,1.449980185472918293e-03,1.000000000000000000e+00,-1.000000000000000000e+00,5.768513083457946777e-01,7.080676555633544922e-01,7.849689126014709473e-01,6.361730694770812988e-01,7.554314136505126953e-01
4.579999999999864180e+00,1.894547086256865409e+00,1.732856574885238699e-02,-1.069899813219029466e-01,-8.623581753770714897e-02,-1.178967192793635155e-01,1.423503891040101520e-03,1.000000000000000000e+00,-1.000000000000000000e+00,5.868254303932189941e-01,6.992735266685485840e-01,7.854824662208557129e-01,6.321928501129150391e-01,7.556197643280029297e-01
4.599999999999870859e+00,1.891157350722811881e+00,1.621668166197048899e-02,-2.991599988979861194e-02,-8.617857527985245403e-02,-1.178603913896525829e-01,1.399534223903823021e-03,1.000000000000000000e+00,-1.000000000000000000e+00,5.980514883995056152e-01,6.896269917488098145e-01,7.859565615653991699e-01,6.278554797172546387e-01,7.551996707916259766e-01
4.619999999999877538e+00,1.887707160307654064e+00,1.487272906833819741e-02,4.725224198462393832e-02,-8.612765622594407977e-02,-1.178279347378118069e-01,1.377942819069678890e-03,1.000000000000000000e+00,-1.000000000000000000e+00,6.098160743713378906e-01,6.797519326210021973e-01,7.863473296165466309e-01,6.234233379364013672e-01,7.541193366050720215e-01
4.639999999999884217e+00,1.884267090993938076e+00,1.333357259022022179e-02,1.235730498606788103e-01,-8.608580037761499881e-02,-1.178011540028479076e-01,1.357543708446896317e-03,1.000000000000000000e+00,-1.000000000000000000e+00,6.208294034004211426e-01,6.707348227500915527e-01,7.865970730781555176e-01,6.194337010383605957e-01,7.524045705795288086e-01
4.659999999999890896e+00,1.880909965829594022e+00,1.163600321137853166e-02,1.981135184765180357e-01,-8.605518999470604391e-02,-1.177815101328122949e-01,1.337132378826411203e-03,1.000000000000000000e+00,-1.000000000000000000e+00,6.304903030395507812e-01,6.630986332893371582e-01,7.866342067718505859e-01,6.161783933639526367e-01,7.500696182250976562e-01
4.679999999999897575e+00,1.877703677242728464e+00,9.813943668517288721e-03,2.699097303938681747e-01,-8.603694017354621137e-02,-1.177697748831907643e-01,1.315896100660380848e-03,1.000000000000000000e+00,-1.000000000000000000e+00,6.391845345497131348e-01,6.565782427787780762e-01,7.863923311233520508e-01,6.135762333869934082e-01,7.470788359642028809e-01
4.699999999999904254e+00,1.874708394310959925e+00,7.903323331325484702e-03,3.379505541467218710e-01,-8.603097015720792551e-02,-1.177659321122502267e-01,1.293185123622096148e-03,1.000000000000000000e+00,-1.000000000000000000e+00,6.475597023963928223e-01,6.506813764572143555e-01,7.858244776725769043e-01,6.114395856857299805e-01,7.433807253837585449e-01
4.719999999999910933e+00,1.871970363253790737e+00,5.942815315442828705e-03,4.011880571807162621e-01,-8.603625918341581413e-02,-1.177693366405477698e-01,1.268525939310219180e-03,1.000000000000000000e+00,-1.000000000000000000e+00,6.560783386230468750e-01,6.450297236442565918e-01,7.849022746086120605e-01,6.096247434616088867e-01,7.389492392539978027e-01
4.739999999999917613e+00,1.869513293854796032e+00,3.973258103706522881e-03,4.585429287712052826e-01,-8.605260252359726858e-02,-1.177798473787069061e-01,1.242119597515174137e-03,1.000000000000000000e+00,-1.000000000000000000e+00,6.649847030639648438e-01,6.394159197807312012e-01,7.836322188377380371e-01,6.080633401870727539e-01,7.338271737098693848e-01
4.759999999999924292e+00,1.867346635506803132e+00,2.032586072986619641e-03,5.089810118233404346e-01,-8.607694303733917640e-02,-1.177954749934427836e-01,1.214070009192927055e-03,1.000000000000000000e+00,-1.000000000000000000e+00,6.743394136428833008e-01,6.337792277336120605e-01,7.820556163787841797e-01,6.067490577697753906e-01,7.281525135040283203e-01
4.779999999999930971e+00,1.865451662749234352e+00,1.571449284017978343e-04,5.515007564813342311e-01,-8.610713807688262500e-02,-1.178148180253174304e-01,1.185056044781124208e-03,1.000000000000000000e+00,-1.000000000000000000e+00,6.840911507606506348e-01,6.281331777572631836e-01,7.802321314811706543e-01,6.056870818138122559e-01,7.221100926399230957e-01
4.799999999999937650e+00,1.863791944158915026e+00,-1.621574962424265909e-03,5.851875716115684245e-01,-8.614055233248853194e-02,-1.178361676427246846e-01,1.156201899984167850e-03,1.000000000000000000e+00,-1.000000000000000000e+00,6.941004395484924316e-01,6.225194931030273438e-01,7.782177329063415527e-01,6.048602461814880371e-01,7.159054279327392578e-01
4.819999999999944329e+00,1.862315322387185113e+00,-3.280116092097162817e-03,6.092519845533290734e-01,-8.617398783454488509e-02,-1.178574727709008896e-01,1.129125500245296496e-03,1.000000000000000000e+00,-1.000000000000000000e+00,7.041781544685363770e-01,6.169999837875366211e-01,7.760638594627380371e-01,6.042481660842895508e-01,7.097452878952026367e-01
4.839999999999951008e+00,1.860957083748330021e+00,-4.803755355651417869e-03,6.230757268105078239e-01,-8.620543714244735534e-02,-1.178774597063059343e-01,1.106177212618723047e-03,1.000000000000000000e+00,-1.000000000000000000e+00,7.141569256782531738e-01,6.116768121719360352e-01,7.738353610038757324e-01,6.038796305656433105e-01,7.038004398345947266e-01
4.859999999999957687e+00,1.859648199158311144e+00,-6.189157448909632375e-03,6.262637464429353651e-01,-8.623318141303257245e-02,-1.178950499764298970e-01,1.088709045974854120e-03,1.000000000000000000e+00,-1.000000000000000000e+00,7.239255905151367188e-01,6.067316532135009766e-01,7.716366648674011230e-01,6.038796305656433105e-01,6.981957554817199707e-01
4.879999999999964366e+00,1.858325249608855145e+00,-7.432060819580477151e-03,6.186809827993779987e-01,-8.625446192325533779e-02,-1.179085156149907998e-01,1.078321049374778929e-03,1.000000000000000000e+00,-1.000000000000000000e+00,7.334306836128234863e-01,6.024651527404785156e-01,7.696222662925720215e-01,6.044979691505432129e-01,6.930186748504638672e-01
4.899999999999971045e+00,1.856929314521107433e+00,-8.528737545619113902e-03,6.004857604558727635e-01,-8.626707103778111230e-02,-1.179164834603383810e-01,1.076185497613312871e-03,1.000000000000000000e+00,-1.000000000000000000e+00,7.426806092262268066e-01,5.993012785911560059e-01,7.679778337478637695e-01,6.061291098594665527e-01,6.883330345153808594e-01
4.919999999999977724e+00,1.855406619739959240e+00,-9.474243874701859802e-03,5.721271619486411053e-01,-8.626927699061957833e-02,-1.179178766033701087e-01,1.081942250449446571e-03,1.000000000000000000e+00,-1.000000000000000000e+00,7.516663670539855957e-01,5.977712273597717285e-01,7.668716311454772949e-01,6.093147397041320801e-01,6.842105984687805176e-01
4.939999999999984404e+00,1.853710600560852573e+00,-1.025575596807271062e-02,5.342948001014177217e-01,-8.626015614265597486e-02,-1.179121148517043027e-01,1.094688570638008328e-03,1.000000000000000000e+00,-1.000000000000000000e+00,7.601594328880310059e-01,5.984045267105102539e-01,7.663244605064392090e-01,6.146377325057983398e-01,6.807012557983398438e-01
4.959999999999991083e+00,1.851804634066000599e+00,-1.085375349966083425e-02,4.878583754033273823e-01,-8.623952130796518067e-02,-1.178990640635237119e-01,1.113073973953313629e-03,1.000000000000000000e+00,-1.000000000000000000e+00,7.671847343444824219e-01,6.016564965248107910e-01,7.661113739013671875e-01,6.223706603050231934e-01,6.777867078781127930e-01
4.979999999999997762e+00,1.849663453194500651e+00,-1.124474031737815460e-02,4.338111499456039355e-01,-8.620793169250243193e-02,-1.178790428939703316e-01,1.135533711060323454e-03,1.000000000000000000e+00,-1.000000000000000000e+00,7.707303762435913086e-01,6.080243587493896484e-01,7.659381628036499023e-01,6.321468949317932129e-01,6.754172444343566895e-01
5.000000000000004441e+00,1.847273909738939679e+00,-1.140475648407668352e-02,3.732234992739770219e-01,-8.616667400670807719e-02,-1.178528173331028633e-01,1.160464834525963898e-03,1.000000000000000000e+00,-1.000000000000000000e+00,7.685296535491943359e-01,6.182901263236999512e-01,7.658339142799377441e-01,6.433604955673217773e-01,6.736853718757629395e-01
5.020000000000011120e+00,1.844635449426829776e+00,-1.131274684346572634e-02,3.072070201087662711e-01,-8.611767733319425355e-02,-1.178215582419325225e-01,1.186360787136992757e-03,1.000000000000000000e+00,-1.000000000000000000e+00,7.589673995971679688e-01,6.334080100059509277e-01,7.661727070808410645e-01,6.556943655014038086e-01,6.727977395057678223e-01
5.040000000000017799e+00,1.841760557957615951e+00,-1.095331752423217564e-02,2.368867455184281157e-01,-8.606337515383469250e-02,-1.177867677208419978e-01,1.211919819964681110e-03,1.000000000000000000e+00,-1.000000000000000000e+00,7.414091229438781738e-01,6.537969708442687988e-01,7.672664523124694824e-01,6.689280867576599121e-01,6.728398799896240234e-01
5.060000000000024478e+00,1.838675242520711794e+00,-1.031886339930399021e-02,1.633784943477550600e-01,-8.600655169919921295e-02,-1.177501946422004203e-01,1.236131736325590032e-03,1.000000000000000000e+00,-1.000000000000000000e+00,7.168738245964050293e-01,6.784138083457946777e-01,7.690820693969726562e-01,6.824924945831298828e-01,6.737308502197265625e-01
5.080000000000031157e+00,1.835419252396162548e+00,-9.411300261027211178e-03,8.776904932995065189e-02,-8.595018399346480986e-02,-1.177137435745977539e-01,1.258336301547776639e-03,1.000000000000000000e+00,-1.000000000000000000e+00,6.883442401885986328e-01,7.046079635620117188e-01,7.712935805320739746e-01,6.953016519546508789e-01,6.752696633338928223e-01
5.100000000000037836e+00,1.832045470980985691e+00,-8.243668103559254057e-03,1.109853262193069567e-02,-8.589726143017477333e-02,-1.176793628838431471e-01,1.278255278530416672e-03,1.000000000000000000e+00,-1.000000000000000000e+00,6.598771810531616211e-01,7.290830612182617188e-01,7.735341787338256836e-01,7.060936093330383301e-01,6.771901845932006836e-01
5.120000000000044516e+00,1.828617991506674478e+00,-6.841521643442594058e-03,-6.565283230600228725e-02,-8.585058162946736238e-02,-1.176489094840162397e-01,1.296046059860885046e-03,1.000000000000000000e+00,-1.000000000000000000e+00,6.348762512207031250e-01,7.493358254432678223e-01,7.755565643310546875e-01,7.140637040138244629e-01,6.793019175529479980e-01
5.140000000000051195e+00,1.825208439344591760e+00,-5.241504209484548760e-03,-1.415632922037049213e-01,-8.581263714740959558e-02,-1.176240652852724167e-01,1.312904630327912849e-03,1.000000000000000000e+00,-1.000000000000000000e+00,6.145243644714355469e-01,7.647418975830078125e-01,7.771977186203002930e-01,7.192376255989074707e-01,6.814974546432495117e-01
5.160000000000057874e+00,1.821889565701444003e+00,-3.480517506663283189e-03,-2.157198828201459251e-01,-8.578534845675005183e-02,-1.176061478139397570e-01,1.330023699949312542e-03,1.000000000000000000e+00,-1.000000000000000000e+00,5.983174443244934082e-01,7.759595513343811035e-01,7.783843278884887695e-01,7.221161127090454102e-01,6.837465167045593262e-01
5.180000000000064553e+00,1.818728074230718139e+00,-1.593061051551880603e-03,-2.871758363645838807e-01,-8.576961225309452652e-02,-1.175957963723986976e-01,1.348212429011373410e-03,1.000000000000000000e+00,-1.000000000000000000e+00,5.853030085563659668e-01,7.838939428329467773e-01,7.791887521743774414e-01,7.232117056846618652e-01,6.861382126808166504e-01
5.200000000000071232e+00,1.815782143661763381e+00,3.840602820622818214e-04,-3.549328926587563271e-01,-8.576522832428461196e-02,-1.175929100641879138e-01,1.368119197107949643e-03,1.000000000000000000e+00,-1.000000000000000000e+00,5.745684504508972168e-01,7.893111705780029297e-01,7.797648310661315918e-01,7.228967547416687012e-01,6.888377070426940918e-01
5.220000000000077911e+00,1.813095458920304992e+00,2.411394504848229925e-03,-4.179518609303296550e-01,-8.577118541621608916e-02,-1.175968318503281956e-01,1.390188491640546951e-03,1.000000000000000000e+00,-1.000000000000000000e+00,5.653981566429138184e-01,7.927413582801818848e-01,7.802335023880004883e-01,7.213937640190124512e-01,6.920107603073120117e-01
5.240000000000084590e+00,1.810689471000878736e+00,4.447795369028728629e-03,-4.751605936570884592e-01,-8.578721182406826018e-02,-1.176073726240195877e-01,1.414244918655292510e-03,1.000000000000000000e+00,-1.000000000000000000e+00,5.572853684425354004e-01,7.945324182510375977e-01,7.806456089019775391e-01,7.188391089439392090e-01,6.957678794860839844e-01
5.260000000000091269e+00,1.808571738750588853e+00,6.455299728386543201e-03,-5.255325862135815651e-01,-8.581046382494607327e-02,-1.176226398478126128e-01,1.440134831007476406e-03,1.000000000000000000e+00,-1.000000000000000000e+00,5.499432682991027832e-01,7.949367165565490723e-01,7.809972167015075684e-01,7.153750658035278320e-01,7.001043558120727539e-01
5.280000000000097948e+00,1.806721851185975503e+00,8.397945614072865883e-03,-5.680751026991769370e-01,-8.583894815024314950e-02,-1.176413010346688687e-01,1.467155931951154204e-03,1.000000000000000000e+00,-1.000000000000000000e+00,5.432392358779907227e-01,7.941816449165344238e-01,7.812612652778625488e-01,7.111824154853820801e-01,7.048909664154052734e-01
5.300000000000104627e+00,1.805102094812911950e+00,1.024470683848471841e-02,-6.018844105917346976e-01,-8.587017091093643306e-02,-1.176617040604139991e-01,1.494165512995497633e-03,1.000000000000000000e+00,-1.000000000000000000e+00,5.371275544166564941e-01,7.924693822860717773e-01,7.813971638679504395e-01,7.064456939697265625e-01,7.099213004112243652e-01
5.320000000000111307e+00,1.803659364435410861e+00,1.197245618241882248e-02,-6.261827718665815556e-01,-8.590122914587486336e-02,-1.176819458120158951e-01,1.519577162762617223e-03,1.000000000000000000e+00,-1.000000000000000000e+00,5.315979719161987305e-01,7.899297475814819336e-01,7.813647389411926270e-01,7.012805938720703125e-01,7.150243520736694336e-01
5.340000000000117986e+00,1.802328478867591066e+00,1.356640156755178905e-02,-6.403587107798197620e-01,-8.593020852921423591e-02,-1.177007847192440282e-01,1.541149124057891468e-03,1.000000000000000000e+00,-1.000000000000000000e+00,5.267409682273864746e-01,7.865637540817260742e-01,7.811537384986877441e-01,6.956954002380371094e-01,7.201480865478515625e-01
5.360000000000124665e+00,1.801040221998178481e+00,1.502214127578810343e-02,-6.440198052214245461e-01,-8.595568663199179560e-02,-1.177173095259888280e-01,1.557532326040066183e-03,1.000000000000000000e+00,-1.000000000000000000e+00,5.229793787002563477e-01,7.822496891021728516e-01,7.808234691619873047e-01,6.896630525588989258e-01,7.252743840217590332e-01
5.380000000000131344e+00,1.799732108965738764e+00,1.633364534892911557e-02,-6.370264562260503638e-01,-8.597511203533265978e-02,-1.177298848861627056e-01,1.567195296324010428e-03,1.000000000000000000e+00,-1.000000000000000000e+00,5.211435556411743164e-01,7.768705487251281738e-01,7.805103063583374023e-01,6.832498908042907715e-01,7.302697896957397461e-01
5.400000000000138023e+00,1.798346418126103963e+00,1.749538542674644592e-02,-6.195177606401168768e-01,-8.598670843284243748e-02,-1.177373822658845243e-01,1.568998405674310818e-03,1.000000000000000000e+00,-1.000000000000000000e+00,5.219097733497619629e-01,7.704780101776123047e-01,7.803658246994018555e-01,6.766414046287536621e-01,7.349866628646850586e-01
5.420000000000144702e+00,1.796831456655366921e+00,1.850058422150258064e-02,-5.919164442969748752e-01,-8.598893122008410828e-02,-1.177388185274524379e-01,1.563238495967215862e-03,1.000000000000000000e+00,-1.000000000000000000e+00,5.251691937446594238e-01,7.632707953453063965e-01,7.804984450340270996e-01,6.700268983840942383e-01,7.394247651100158691e-01
5.440000000000151381e+00,1.795142847160431376e+00,1.933529849995113681e-02,-5.548796064137515582e-01,-8.598099041087980954e-02,-1.177336863208173906e-01,1.550725052115663975e-03,1.000000000000000000e+00,-1.000000000000000000e+00,5.303319692611694336e-01,7.554764747619628906e-01,7.809610366821289062e-01,6.635927557945251465e-01,7.435432672500610352e-01
5.460000000000158060e+00,1.793245973907811486e+00,1.997954994497369574e-02,-5.092420090576315062e-01,-8.596273796169964787e-02,-1.177218766900926666e-01,1.532697707508970213e-03,1.000000000000000000e+00,-1.000000000000000000e+00,5.368188619613647461e-01,7.474109530448913574e-01,7.817145586013793945e-01,6.576316356658935547e-01,7.471128106117248535e-01
5.480000000000164739e+00,1.791117158921271990e+00,2.041014626240228447e-02,-4.559625682541486591e-01,-8.593466146639752723e-02,-1.177036753997020985e-01,1.510600113461700936e-03,1.000000000000000000e+00,-1.000000000000000000e+00,5.441178679466247559e-01,7.394130229949951172e-01,7.825945019721984863e-01,6.523801684379577637e-01,7.499356865882873535e-01
5.500000000000171418e+00,1.788744163831685441e+00,2.060412711330683599e-02,-3.960799800888475941e-01,-8.589786176266045459e-02,-1.176797537477841382e-01,1.485913402457146766e-03,1.000000000000000000e+00,-1.000000000000000000e+00,5.518114566802978516e-01,7.316445112228393555e-01,7.834101319313049316e-01,6.478303670883178711e-01,7.520487904548645020e-01
5.520000000000178098e+00,1.786126453783730028e+00,2.054201236379216144e-02,-3.306782983129191722e-01,-8.585397965787890107e-02,-1.176511304118273288e-01,1.460034818404927839e-03,1.000000000000000000e+00,-1.000000000000000000e+00,5.596761107444763184e-01,7.240779399871826172e-01,7.840858101844787598e-01,6.438145637512207031e-01,7.536130547523498535e-01
5.540000000000184777e+00,1.783275504579159509e+00,2.021038528878132956e-02,-2.608604727304591475e-01,-8.580508688158203223e-02,-1.176191120752893698e-01,1.434185865636840350e-03,1.000000000000000000e+00,-1.000000000000000000e+00,5.677727460861206055e-01,7.165310382843017578e-01,7.846576571464538574e-01,6.401096582412719727e-01,7.547386884689331055e-01
5.560000000000191456e+00,1.780215235608389346e+00,1.960378373183724321e-02,-1.877271302417245213e-01,-8.575356727694552483e-02,-1.175852272721030073e-01,1.409339278357991075e-03,1.000000000000000000e+00,-1.000000000000000000e+00,5.764804482460021973e-01,7.086401581764221191e-01,7.851871848106384277e-01,6.364426612854003906e-01,7.554411292076110840e-01
5.580000000000198135e+00,1.776982339654111787e+00,1.872614117715454274e-02,-1.123583522525381934e-01,-8.570199085447074983e-02,-1.175511527957463220e-01,1.386164601971869329e-03,1.000000000000000000e+00,-1.000000000000000000e+00,5.863143801689147949e-01,6.999801993370056152e-01,7.857055068016052246e-01,6.325326561927795410e-01,7.556547522544860840e-01
5.600000000000204814e+00,1.773626052720998381e+00,1.759207302408982709e-02,-3.579733484928628723e-02,-8.565297111037127598e-02,-1.175186242826538885e-01,1.364991813548950507e-03,1.000000000000000000e+00,-1.000000000000000000e+00,5.974435210227966309e-01,6.904391646385192871e-01,7.861974835395812988e-01,6.282573342323303223e-01,7.552758455276489258e-01
5.620000000000211493e+00,1.770206911078142653e+00,1.622794964866763889e-02,4.096278522624337282e-02,-8.560901469234016847e-02,-1.174893355461884420e-01,1.345742695401459322e-03,1.000000000000000000e+00,-1.000000000000000000e+00,6.091260910034179688e-01,6.806608438491821289e-01,7.866137027740478516e-01,6.238830685615539551e-01,7.542474269866943359e-01
5.640000000000218172e+00,1.766793835290107584e+00,1.467007888062249465e-02,1.169788023436592606e-01,-8.557246376591715054e-02,-1.174648936803662225e-01,1.327362097355017827e-03,1.000000000000000000e+00,-1.000000000000000000e+00,6.200531721115112305e-01,6.717414855957031250e-01,7.868936657905578613e-01,6.199429631233215332e-01,7.525874972343444824e-01
5.660000000000224851e+00,1.763458164395492744e+00,1.295412543557000751e-02,1.913119370005127162e-01,-8.554521199355878680e-02,-1.174466180199865151e-01,1.308820293474296766e-03,1.000000000000000000e+00,-1.000000000000000000e+00,6.296306252479553223e-01,6.641899347305297852e-01,7.869679927825927734e-01,6.167136430740356445e-01,7.503029108047485352e-01
5.680000000000231530e+00,1.760266732796123001e+00,1.111314301905547142e-02,2.629915815125712375e-01,-8.552825371712752256e-02,-1.174352227385112857e-01,1.289423897009666893e-03,1.000000000000000000e+00,-1.000000000000000000e+00,6.382489800453186035e-01,6.577304601669311523e-01,7.867732048034667969e-01,6.141071319580078125e-01,7.473581433296203613e-01
5.700000000000238209e+00,1.757279374506932168e+00,9.182459124196684641e-03,3.310013655546484856e-01,-8.552162662336501575e-02,-1.174307648484964328e-01,1.268602864359280298e-03,1.000000000000000000e+00,-1.000000000000000000e+00,6.465350389480590820e-01,6.518893241882324219e-01,7.862614393234252930e-01,6.119505763053894043e-01,7.437124848365783691e-01
5.720000000000244889e+00,1.754542634922524602e+00,7.200197051027368289e-03,3.942922063902619678e-01,-8.552422901648841502e-02,-1.174325157359324967e-01,1.245881450774498139e-03,1.000000000000000000e+00,-1.000000000000000000e+00,6.549271345138549805e-01,6.463147401809692383e-01,7.854022979736328125e-01,6.101217269897460938e-01,7.393543720245361328e-01
5.740000000000251568e+00,1.752080263663107651e+00,5.207159452460252691e-03,4.517849697063713865e-01,-8.553655188556284761e-02,-1.174408009552486004e-01,1.221535215692589379e-03,1.000000000000000000e+00,-1.000000000000000000e+00,6.636614203453063965e-01,6.408112049102783203e-01,7.842023372650146484e-01,6.085649132728576660e-01,7.343364357948303223e-01
5.760000000000258247e+00,1.749902901236177311e+00,3.241305771859437357e-03,5.024499469762448989e-01,-8.555574690565972973e-02,-1.174536882854461534e-01,1.195581700627114082e-03,1.000000000000000000e+00,-1.000000000000000000e+00,6.728051900863647461e-01,6.353183388710021973e-01,7.827055454254150391e-01,6.072782278060913086e-01,7.287963032722473145e-01
5.780000000000264926e+00,1.747993242589565011e+00,1.339305676444413340e-03,5.452940318508494588e-01,-8.557999588415642067e-02,-1.174699370038551349e-01,1.168592086787299334e-03,1.000000000000000000e+00,-1.000000000000000000e+00,6.823154091835021973e-01,6.298459768295288086e-01,7.809735536575317383e-01,6.062663793563842773e-01,7.229117155075073242e-01
5.800000000000271605e+00,1.746316261130040903e+00,-4.665089531688537683e-04,5.794111027812176573e-01,-8.560701557365563152e-02,-1.174880007836909546e-01,1.141566216597332626e-03,1.000000000000000000e+00,-1.000000000000000000e+00,6.920624375343322754e-01,6.244314908981323242e-01,7.790627479553222656e-01,6.055086255073547363e-01,7.168747186660766602e-01
5.820000000000278284e+00,1.744821396971204308e+00,-2.151489484262136820e-03,6.040191092725014643e-01,-8.563411032643317156e-02,-1.175060710937435027e-01,1.115916663243565971e-03,1.000000000000000000e+00,-1.000000000000000000e+00,7.018604874610900879e-01,6.191318035125732422e-01,7.770220041275024414e-01,6.049772500991821289e-01,7.108837962150573730e-01
5.840000000000284963e+00,1.743445485679735452e+00,-3.699319248099464108e-03,6.185002268861032881e-01,-8.565960721346255191e-02,-1.175230360981870531e-01,1.093683035811561207e-03,1.000000000000000000e+00,-1.000000000000000000e+00,7.115390896797180176e-01,6.140421628952026367e-01,7.749114632606506348e-01,6.046898365020751953e-01,7.051101922988891602e-01
5.860000000000291642e+00,1.742120648582939690e+00,-5.104777474572719242e-03,6.224534416219621447e-01,-8.568201234477347550e-02,-1.175379124064779846e-01,1.076144925502836060e-03,1.000000000000000000e+00,-1.000000000000000000e+00,7.209795117378234863e-01,6.093336343765258789e-01,7.728279829025268555e-01,6.047570109367370605e-01,6.996847391128540039e-01
5.880000000000298321e+00,1.740784544383793708e+00,-6.362234385786813551e-03,6.157306561763048469e-01,-8.569905587454156037e-02,-1.175492091470176914e-01,1.064753624315188402e-03,1.000000000000000000e+00,-1.000000000000000000e+00,7.301153540611267090e-01,6.052939891815185547e-01,7.709186673164367676e-01,6.054117679595947266e-01,6.947040557861328125e-01
5.900000000000305000e+00,1.739379566952365508e+00,-7.466662902432141813e-03,5.984670532178910651e-01,-8.570897529556545380e-02,-1.175557761319175193e-01,1.060667376275200181e-03,1.000000000000000000e+00,-1.000000000000000000e+00,7.389387488365173340e-01,6.023341417312622070e-01,7.693641185760498047e-01,6.070292592048645020e-01,6.902393102645874023e-01
5.920000000000311680e+00,1.737853093663207726e+00,-8.412685534367247975e-03,5.710856558251287129e-01,-8.571028393977246640e-02,-1.175566420715635774e-01,1.063661241194498218e-03,1.000000000000000000e+00,-1.000000000000000000e+00,7.474342584609985352e-01,6.009822487831115723e-01,7.683389782905578613e-01,6.101361513137817383e-01,6.863633990287780762e-01
5.940000000000318359e+00,1.736159289082497725e+00,-9.187946590107909373e-03,5.342494623214522065e-01,-8.570219822578684088e-02,-1.175512901055295462e-01,1.073018220450371518e-03,1.000000000000000000e+00,-1.000000000000000000e+00,7.554110288619995117e-01,6.017893552780151367e-01,7.678902745246887207e-01,6.153264641761779785e-01,6.831136941909790039e-01
5.960000000000325038e+00,1.734261853312104140e+00,-9.773873086682816069e-03,4.888033637649474850e-01,-8.568454015248254396e-02,-1.175395889493277696e-01,1.087601461361733428e-03,1.000000000000000000e+00,-1.000000000000000000e+00,7.619891166687011719e-01,6.052457690238952637e-01,7.678160071372985840e-01,6.229307055473327637e-01,6.804348826408386230e-01
5.980000000000331717e+00,1.732135458352947133e+00,-1.014822527112524408e-02,4.357186570134183867e-01,-8.565773611573088142e-02,-1.175217924165260497e-01,1.106064850152915216e-03,1.000000000000000000e+00,-1.000000000000000000e+00,7.652049660682678223e-01,6.118583083152770996e-01,7.677954435348510742e-01,6.326348185539245605e-01,6.782242059707641602e-01
6.000000000000338396e+00,1.729766510826367565e+00,-1.028842720557954227e-02,3.760468509474668708e-01,-8.562280133867318510e-02,-1.174985340825211860e-01,1.127008595711122881e-03,1.000000000000000000e+00,-1.000000000000000000e+00,7.627346515655517578e-01,6.223745346069335938e-01,7.677942514419555664e-01,6.438152194023132324e-01,6.765397787094116211e-01
6.020000000000345075e+00,1.727153645223964862e+00,-1.017479982944241579e-02,3.108836573834938277e-01,-8.558127775097695844e-02,-1.174707949717395949e-01,1.149097700887126948e-03,1.000000000000000000e+00,-1.000000000000000000e+00,7.529697418212890625e-01,6.376683115959167480e-01,7.681413292884826660e-01,6.561188101768493652e-01,6.755934953689575195e-01
6.040000000000351754e+00,1.724308214937379624e+00,-9.793210742540747749e-03,2.413409930503279954e-01,-8.553513403478293919e-02,-1.174398481401053712e-01,1.171158866935196642e-03,1.000000000000000000e+00,-1.000000000000000000e+00,7.354511618614196777e-01,6.579977869987487793e-01,7.691431045532226562e-01,6.692840456962585449e-01,6.755112409591674805e-01
6.060000000000358433e+00,1.721254834429939873e+00,-9.137113221563908372e-03,1.685241587657287654e-01,-8.548665322148690793e-02,-1.174071946251512150e-01,1.192260027713853672e-03,1.000000000000000000e+00,-1.000000000000000000e+00,7.113686800003051758e-01,6.821699738502502441e-01,7.707911729812622070e-01,6.826900839805603027e-01,6.762595176696777344e-01
6.080000000000365112e+00,1.718031667120253125e+00,-8.209209615719192943e-03,9.351199494868299433e-02,-8.543831221085343430e-02,-1.173744913118488636e-01,1.211767711054220591e-03,1.000000000000000000e+00,-1.000000000000000000e+00,6.836287379264831543e-01,7.076040506362915039e-01,7.727940678596496582e-01,6.952590346336364746e-01,6.776420474052429199e-01
6.100000000000371791e+00,1.714689899922508420e+00,-7.023007810001702378e-03,1.733939671167895186e-02,-8.539263394691602727e-02,-1.173434555536995161e-01,1.229383850795374815e-03,1.000000000000000000e+00,-1.000000000000000000e+00,6.560594439506530762e-01,7.312235236167907715e-01,7.748220562934875488e-01,7.057914733886718750e-01,6.793879866600036621e-01
6.120000000000378471e+00,1.711291928354374825e+00,-5.604178646285262744e-03,-5.901574806527103839e-02,-8.535201360836967843e-02,-1.173157457640145451e-01,1.245222483227367881e-03,1.000000000000000000e+00,-1.000000000000000000e+00,6.318651437759399414e-01,7.507141232490539551e-01,7.766601443290710449e-01,7.135378122329711914e-01,6.813308000564575195e-01
6.140000000000385150e+00,1.707907779499388656e+00,-3.988775327263827108e-03,-1.346298630610528735e-01,-8.531862119660893473e-02,-1.172928877659051711e-01,1.260356377375689745e-03,1.000000000000000000e+00,-1.000000000000000000e+00,6.121269464492797852e-01,7.655378580093383789e-01,7.781612873077392578e-01,7.185434699058532715e-01,6.833879947662353516e-01
6.160000000000391829e+00,1.704608817095215390e+00,-2.212567999932413265e-03,-2.085839187579938692e-01,-8.529415513789585790e-02,-1.172760945141578942e-01,1.275819609446692633e-03,1.000000000000000000e+00,-1.000000000000000000e+00,5.963398218154907227e-01,7.763453722000122070e-01,7.792469859123229980e-01,7.213008999824523926e-01,6.855353116989135742e-01
6.180000000000398508e+00,1.701460795988933405e+00,-3.091791733310644830e-04,-2.799243999550025674e-01,-8.527943702051754560e-02,-1.172659734520004604e-01,1.292316063362530451e-03,1.000000000000000000e+00,-1.000000000000000000e+00,5.835907459259033203e-01,7.840015292167663574e-01,7.799685597419738770e-01,7.223088741302490234e-01,6.878530979156494141e-01
6.200000000000405187e+00,1.698521652174529883e+00,1.685199763572398091e-03,-3.476478900655151638e-01,-8.527439722796247012e-02,-1.172625045459279869e-01,1.310426984162095521e-03,1.000000000000000000e+00,-1.000000000000000000e+00,5.730237364768981934e-01,7.892251610755920410e-01,7.804594635963439941e-01,7.219288349151611328e-01,6.904950737953186035e-01
6.220000000000411866e+00,1.695835439276044632e+00,3.731667721008413707e-03,-4.107141883006060201e-01,-8.527796225386717610e-02,-1.172649585366106334e-01,1.330600420099424357e-03,1.000000000000000000e+00,-1.000000000000000000e+00,5.639783740043640137e-01,7.925127744674682617e-01,7.808348536491394043e-01,7.203830480575561523e-01,6.936174035072326660e-01
6.240000000000418545e+00,1.693423643306976700e+00,5.789110896563587350e-03,-4.680512951071780225e-01,-8.529050030233262247e-02,-1.172735825439274598e-01,1.352599317849499010e-03,1.000000000000000000e+00,-1.000000000000000000e+00,5.559929609298706055e-01,7.941979765892028809e-01,7.811504006385803223e-01,7.178181409835815430e-01,6.973175406455993652e-01
6.260000000000425224e+00,1.691295014148570530e+00,7.819524866390648032e-03,-5.186371270522674992e-01,-8.530934239021985277e-02,-1.172865234441534954e-01,1.376350920706277854e-03,1.000000000000000000e+00,-1.000000000000000000e+00,5.488092303276062012e-01,7.945321798324584961e-01,7.814105749130249023e-01,7.143881320953369141e-01,7.015743255615234375e-01
6.280000000000431903e+00,1.689430511775758870e+00,9.786586711208744571e-03,-5.614869809705077541e-01,-8.533277346147646880e-02,-1.173025841052852403e-01,1.401252731150061468e-03,1.000000000000000000e+00,-1.000000000000000000e+00,5.423075556755065918e-01,7.937450408935546875e-01,7.815954685211181641e-01,7.102784514427185059e-01,7.062436342239379883e-01
6.300000000000438583e+00,1.687793782857248459e+00,1.165840231311782160e-02,-5.957049648992724933e-01,-8.535859823804375912e-02,-1.173202446940274923e-01,1.426277375876380035e-03,1.000000000000000000e+00,-1.000000000000000000e+00,5.364279747009277344e-01,7.920349836349487305e-01,7.816707491874694824e-01,7.056604027748107910e-01,7.111203074455261230e-01
6.320000000000445262e+00,1.686333251238606667e+00,1.341063932939301484e-02,-6.205202010373024324e-01,-8.538437372462456820e-02,-1.173378291916782612e-01,1.450022685438950637e-03,1.000000000000000000e+00,-1.000000000000000000e+00,5.311356186866760254e-01,7.895213365554809570e-01,7.816015481948852539e-01,7.006273865699768066e-01,7.160468697547912598e-01
6.340000000000451941e+00,1.684985235596744957e+00,1.502695140922016837e-02,-6.353216444652335371e-01,-8.540845141936077856e-02,-1.173542174426384643e-01,1.470519811548693691e-03,1.000000000000000000e+00,-1.000000000000000000e+00,5.265007019042968750e-01,7.861955165863037109e-01,7.813798785209655762e-01,6.951717734336853027e-01,7.209826111793518066e-01
6.360000000000458620e+00,1.683681600637397580e+00,1.650113947410131177e-02,-6.397106632754776534e-01,-8.542955758048778603e-02,-1.173685531690337874e-01,1.486543412804961113e-03,1.000000000000000000e+00,-1.000000000000000000e+00,5.229331851005554199e-01,7.819361686706542969e-01,7.810605764389038086e-01,6.892663836479187012e-01,7.259119153022766113e-01
6.380000000000465299e+00,1.682360820535594659e+00,1.782577818279579285e-02,-6.335356664303994911e-01,-8.544557319981886667e-02,-1.173794127136370824e-01,1.496651376485391141e-03,1.000000000000000000e+00,-1.000000000000000000e+00,5.212457180023193359e-01,7.766361832618713379e-01,7.807697057723999023e-01,6.829861998558044434e-01,7.307084798812866211e-01
6.400000000000471978e+00,1.680966380193969822e+00,1.899416612386134462e-02,-6.169139549116080534e-01,-8.545507143237759951e-02,-1.173858455388517297e-01,1.499765086334166071e-03,1.000000000000000000e+00,-1.000000000000000000e+00,5.220945477485656738e-01,7.703425884246826172e-01,7.806495428085327148e-01,6.765065789222717285e-01,7.352511286735534668e-01
6.420000000000478657e+00,1.679447592548300339e+00,1.999904623250137181e-02,-5.902437305430702219e-01,-8.545670745169706151e-02,-1.173869529927413641e-01,1.496065546937437379e-03,1.000000000000000000e+00,-1.000000000000000000e+00,5.253929495811462402e-01,7.632146477699279785e-01,7.808043956756591797e-01,6.699826717376708984e-01,7.395668029785156250e-01
6.440000000000485336e+00,1.677760743604130855e+00,2.082691279226361880e-02,-5.541571046559258251e-01,-8.544979838440847075e-02,-1.173822749775448454e-01,1.486209615799639634e-03,1.000000000000000000e+00,-1.000000000000000000e+00,5.305923223495483398e-01,7.554479241371154785e-01,7.812808752059936523e-01,6.635831594467163086e-01,7.436186075210571289e-01
6.460000000000492015e+00,1.675871500527881697e+00,2.145866608839402945e-02,-5.094655120908685442e-01,-8.543419809289440336e-02,-1.173717013591805275e-01,1.471257388580220421e-03,1.000000000000000000e+00,-1.000000000000000000e+00,5.371065139770507812e-01,7.473843693733215332e-01,7.820297479629516602e-01,6.576276421546936035e-01,7.471578121185302734e-01
6.480000000000498694e+00,1.673756125128019079e+00,2.187228724515166700e-02,-4.571071547490605513e-01,-8.541028283411161715e-02,-1.173554624831560506e-01,1.452466858924681943e-03,1.000000000000000000e+00,-1.000000000000000000e+00,5.443790555000305176e-01,7.394182682037353516e-01,7.828821539878845215e-01,6.523923277854919434e-01,7.499627470970153809e-01
6.500000000000505374e+00,1.671401981084448707e+00,2.204610886426933147e-02,-3.981028728066204336e-01,-8.537893285800593479e-02,-1.173341208457496371e-01,1.431145078574545511e-03,1.000000000000000000e+00,-1.000000000000000000e+00,5.519686341285705566e-01,7.317389845848083496e-01,7.836577296257019043e-01,6.478842496871948242e-01,7.520601153373718262e-01
6.520000000000512053e+00,1.668807816352091855e+00,2.196193576091520772e-02,-3.335216096902708371e-01,-8.534147790704829650e-02,-1.173085415145898314e-01,1.408539495679421655e-03,1.000000000000000000e+00,-1.000000000000000000e+00,5.596666336059570312e-01,7.243120074272155762e-01,7.842964529991149902e-01,6.439310312271118164e-01,7.536103129386901855e-01
6.540000000000518732e+00,1.665984109069151842e+00,2.160753334468168418e-02,-2.644537622247418729e-01,-8.529961607611448449e-02,-1.172798462044980644e-01,1.385754673520616558e-03,1.000000000000000000e+00,-1.000000000000000000e+00,5.675715208053588867e-01,7.169287800788879395e-01,7.848437428474426270e-01,6.402987837791442871e-01,7.547273635864257812e-01
6.560000000000525411e+00,1.662953550051641916e+00,2.097844374580848381e-02,-1.919898358553436546e-01,-8.525532339399237436e-02,-1.172493609332080911e-01,1.363684697447239058e-03,1.000000000000000000e+00,-1.000000000000000000e+00,5.761028528213500977e-01,7.091954946517944336e-01,7.853639125823974609e-01,6.367040872573852539e-01,7.554326057434082031e-01
6.580000000000532090e+00,1.659751428315130006e+00,2.007936674075561090e-02,-1.172022061814807781e-01,-8.521075476172657037e-02,-1.172185557847304632e-01,1.342960706758535190e-03,1.000000000000000000e+00,-1.000000000000000000e+00,5.858007669448852539e-01,7.006667256355285645e-01,7.858874201774597168e-01,6.328601241111755371e-01,7.556655406951904297e-01
6.600000000000538769e+00,1.656425468282014091e+00,1.892540107155099571e-02,-4.112884907148443153e-02,-8.516812831421240182e-02,-1.171889695466126480e-01,1.323913708110611076e-03,1.000000000000000000e+00,-1.000000000000000000e+00,5.968325734138488770e-01,6.912305951118469238e-01,7.863955497741699219e-01,6.286446452140808105e-01,7.553234100341796875e-01
6.620000000000545448e+00,1.653034669618419272e+00,1.754308161529016807e-02,3.523973141059436043e-02,-8.512960216939066682e-02,-1.171621241048942108e-01,1.306488842973530136e-03,1.000000000000000000e+00,-1.000000000000000000e+00,6.084312796592712402e-01,6.815487742424011230e-01,7.868348956108093262e-01,6.243284344673156738e-01,7.543458938598632812e-01
6.640000000000552127e+00,1.649646453501122600e+00,1.596821078607763011e-02,1.109591108119103858e-01,-8.509722481190620802e-02,-1.171394851438364998e-01,1.289739564645015022e-03,1.000000000000000000e+00,-1.000000000000000000e+00,6.192743778228759766e-01,6.727251410484313965e-01,7.871432900428771973e-01,6.204395890235900879e-01,7.527425885200500488e-01
6.660000000000558806e+00,1.646330797876049745e+00,1.423546763390953762e-02,1.850853837601487140e-01,-8.507267569176345245e-02,-1.171222718929871287e-01,1.272775128822317041e-03,1.000000000000000000e+00,-1.000000000000000000e+00,6.287754178047180176e-01,6.652548313140869141e-01,7.872539758682250977e-01,6.172396540641784668e-01,7.505115270614624023e-01
6.680000000000565485e+00,1.643153551285438052e+00,1.237715482577317339e-02,2.566420978227251792e-01,-8.505685995197859173e-02,-1.171111602091210041e-01,1.254997150257148621e-03,1.000000000000000000e+00,-1.000000000000000000e+00,6.373293995857238770e-01,6.588503718376159668e-01,7.871053814888000488e-01,6.146313548088073730e-01,7.476133108139038086e-01
6.700000000000572165e+00,1.640174201060273340e+00,1.042807293387343348e-02,3.246083453816092090e-01,-8.504990054983940784e-02,-1.171062652285426303e-01,1.235898041073085285e-03,1.000000000000000000e+00,-1.000000000000000000e+00,6.455441713333129883e-01,6.530535817146301270e-01,7.866479158401489258e-01,6.124534606933593750e-01,7.440149784088134766e-01
6.720000000000578844e+00,1.637439493594465389e+00,8.425860766551607206e-03,3.879340350785543956e-01,-8.505074184134904514e-02,-1.171068571403603154e-01,1.215021202572222608e-03,1.000000000000000000e+00,-1.000000000000000000e+00,6.538318395614624023e-01,6.475411653518676758e-01,7.858491539955139160e-01,6.106060147285461426e-01,7.397199869155883789e-01
6.740000000000585523e+00,1.634973241233036667e+00,6.411259182258099987e-03,4.455406681141051428e-01,-8.506019251670009218e-02,-1.171135030165876001e-01,1.192666978543204578e-03,1.000000000000000000e+00,-1.000000000000000000e+00,6.624162793159484863e-01,6.421335339546203613e-01,7.847157716751098633e-01,6.090486645698547363e-01,7.347933053970336914e-01
6.760000000000592202e+00,1.632787011372233810e+00,4.422269654972665887e-03,4.964021895639723625e-01,-8.507567742527034904e-02,-1.171243788678525133e-01,1.168805260653145743e-03,1.000000000000000000e+00,-1.000000000000000000e+00,6.713690757751464844e-01,6.367725133895874023e-01,7.832943797111511230e-01,6.077856421470642090e-01,7.293748259544372559e-01
6.780000000000598881e+00,1.630864819692942724e+00,2.495823100411076467e-03,5.395332024602657039e-01,-8.509562597629563574e-02,-1.171383653424965809e-01,1.143925615408091737e-03,1.000000000000000000e+00,-1.000000000000000000e+00,6.806553006172180176e-01,6.314635276794433594e-01,7.816480994224548340e-01,6.068206429481506348e-01,7.236369252204895020e-01
6.800000000000605560e+00,1.629172904850494596e+00,6.649913950538266505e-04,5.740351266304988265e-01,-8.511802962964229446e-02,-1.171540405573649746e-01,1.118925555561732250e-03,1.000000000000000000e+00,-1.000000000000000000e+00,6.901552677154541016e-01,6.262385845184326172e-01,7.798334956169128418e-01,6.061291694641113281e-01,7.177586555480957031e-01
6.820000000000612239e+00,1.627662139928224505e+00,-1.044527356193591938e-03,5.991326755364034806e-01,-8.514062651940006166e-02,-1.171698162594309589e-01,1.095052752862378563e-03,1.000000000000000000e+00,-1.000000000000000000e+00,6.996869444847106934e-01,6.211494207382202148e-01,7.778972983360290527e-01,6.056761145591735840e-01,7.119293808937072754e-01
6.840000000000618918e+00,1.626270801919659892e+00,-2.615023266775595712e-03,6.142087696702723809e-01,-8.516191121698943323e-02,-1.171846441922961141e-01,1.074065701726314125e-03,1.000000000000000000e+00,-1.000000000000000000e+00,7.090763449668884277e-01,6.162854433059692383e-01,7.758953571319580078e-01,6.054689288139343262e-01,7.063195705413818359e-01
6.860000000000625597e+00,1.624932039495351255e+00,-4.039551714940359251e-03,6.188570251288046942e-01,-8.518061553312770984e-02,-1.171976492920450835e-01,1.057198625169514976e-03,1.000000000000000000e+00,-1.000000000000000000e+00,7.181972265243530273e-01,6.118096709251403809e-01,7.739184498786926270e-01,6.056057214736938477e-01,7.010648250579833984e-01
6.880000000000632276e+00,1.623584431629059299e+00,-5.311230274690048603e-03,6.129180836454483083e-01,-8.519482550933325793e-02,-1.172075137941826078e-01,1.045765459459817130e-03,1.000000000000000000e+00,-1.000000000000000000e+00,7.269712686538696289e-01,6.079990863800048828e-01,7.721065282821655273e-01,6.063047647476196289e-01,6.962694525718688965e-01
6.900000000000638956e+00,1.622171549868856477e+00,-6.423863203501078978e-03,5.965064326629810898e-01,-8.520310058497453098e-02,-1.172132520994171034e-01,1.040857835103922930e-03,1.000000000000000000e+00,-1.000000000000000000e+00,7.353760600090026855e-01,6.052532196044921875e-01,7.706348896026611328e-01,6.079243421554565430e-01,6.920107007026672363e-01
6.920000000000645635e+00,1.620641792714333951e+00,-7.371575638837224442e-03,5.700214955541378359e-01,-8.520413327911750823e-02,-1.172139678950751551e-01,1.042343647575912210e-03,1.000000000000000000e+00,-1.000000000000000000e+00,7.433872222900390625e-01,6.040949225425720215e-01,7.696807384490966797e-01,6.109753847122192383e-01,6.883625388145446777e-01
6.940000000000652314e+00,1.618949994752876265e+00,-8.142384443091010837e-03,5.341019455746546241e-01,-8.519723564540829241e-02,-1.172091855610798983e-01,1.049634707940204532e-03,1.000000000000000000e+00,-1.000000000000000000e+00,7.508400678634643555e-01,6.050896048545837402e-01,7.693126201629638672e-01,6.160544753074645996e-01,6.853525638580322266e-01
6.960000000000658993e+00,1.617060159860414403e+00,-8.718520251023487155e-03,4.895697882347701535e-01,-8.518222846111236923e-02,-1.171987696595406941e-01,1.061749740170857617e-03,1.000000000000000000e+00,-1.000000000000000000e+00,7.569432258605957031e-01,6.087553501129150391e-01,7.693545222282409668e-01,6.235367655754089355e-01,6.828950047492980957e-01
6.980000000000665672e+00,1.614946928358320211e+00,-9.078838193600835549e-03,4.373758833753947362e-01,-8.515943289312412345e-02,-1.171829192485535631e-01,1.077507282891739014e-03,1.000000000000000000e+00,-1.000000000000000000e+00,7.598040103912353516e-01,6.156067252159118652e-01,7.694687247276306152e-01,6.331628561019897461e-01,6.808371543884277344e-01
7.000000000000672351e+00,1.612596341796860955e+00,-9.201983792842816090e-03,3.785540608057668122e-01,-8.512965809363602643e-02,-1.171621631464495605e-01,1.095665581241869312e-03,1.000000000000000000e+00,-1.000000000000000000e+00,7.570698261260986328e-01,6.263527274131774902e-01,7.695603966712951660e-01,6.442992687225341797e-01,6.791984438896179199e-01
7.020000000000679030e+00,1.610006350209427506e+00,-9.069504875898692919e-03,3.141850613316560237e-01,-8.509415586152221933e-02,-1.171373355403275140e-01,1.115028110520012092e-03,1.000000000000000000e+00,-1.000000000000000000e+00,7.471515536308288574e-01,6.417684555053710938e-01,7.699115872383117676e-01,6.565458178520202637e-01,6.781948804855346680e-01
7.040000000000685709e+00,1.607187336943670442e+00,-8.668406171506382041e-03,2.453683748563258160e-01,-8.505454789459375442e-02,-1.171095343691368057e-01,1.134530339331757919e-03,1.000000000000000000e+00,-1.000000000000000000e+00,7.297661900520324707e-01,6.619434356689453125e-01,7.708235383033752441e-01,6.695936322212219238e-01,6.779974102973937988e-01
7.060000000000692388e+00,1.604162706600145372e+00,-7.993108611224264415e-03,1.731992804254323115e-01,-8.501274273726606989e-02,-1.170800725541946696e-01,1.153312068311157599e-03,1.000000000000000000e+00,-1.000000000000000000e+00,7.062246799468994141e-01,6.855856180191040039e-01,7.723121643066406250e-01,6.827944517135620117e-01,6.786161661148071289e-01
7.080000000000699067e+00,1.600969225645894056e+00,-7.047048950598489014e-03,9.874899994828580108e-02,-8.497084129790188900e-02,-1.170504193477422961e-01,1.170772269789909859e-03,1.000000000000000000e+00,-1.000000000000000000e+00,6.792965531349182129e-01,7.102428078651428223e-01,7.741193771362304688e-01,6.951053142547607422e-01,6.798537969589233398e-01
7.100000000000705747e+00,1.597656567208451950e+00,-5.844189481743256032e-03,2.304735412793663951e-02,-8.493101149252592352e-02,-1.170221161287221118e-01,1.186608129698237847e-03,1.000000000000000000e+00,-1.000000000000000000e+00,6.525856852531433105e-01,7.330504655838012695e-01,7.759511470794677734e-01,7.053881883621215820e-01,6.814385056495666504e-01
7.120000000000712426e+00,1.594285594708123366e+00,-4.410335650506469474e-03,-5.293013767313026197e-02,-8.489533681062784443e-02,-1.169966683576026678e-01,1.200909741937216096e-03,1.000000000000000000e+00,-1.000000000000000000e+00,6.291343569755554199e-01,7.518441677093505859e-01,7.776215076446533203e-01,7.129334807395935059e-01,6.832293868064880371e-01
7.140000000000719105e+00,1.590924875034880781e+00,-2.781002453585090795e-03,-1.282583298334678823e-01,-8.486572941125966607e-02,-1.169754780562049373e-01,1.214642961948537254e-03,1.000000000000000000e+00,-1.000000000000000000e+00,6.099500060081481934e-01,7.661446928977966309e-01,7.789966464042663574e-01,7.177942395210266113e-01,6.851661801338195801e-01
7.160000000000725784e+00,1.587644490554354748e+00,-9.909626710585262011e-04,-2.020128404609743966e-01,-8.484370530523445419e-02,-1.169596733437959918e-01,1.228712052626294241e-03,1.000000000000000000e+00,-1.000000000000000000e+00,5.945362448692321777e-01,7.765871286392211914e-01,7.799926996231079102e-01,7.204500436782836914e-01,6.872280836105346680e-01
7.180000000000732463e+00,1.584509306522561944e+00,9.269291607128526955e-04,-2.732342251663217869e-01,-8.483001833765367594e-02,-1.169498333344431151e-01,1.243734263757503280e-03,1.000000000000000000e+00,-1.000000000000000000e+00,5.820198059082031250e-01,7.839969992637634277e-01,7.806406617164611816e-01,7.213858366012573242e-01,6.894853115081787109e-01
7.200000000000739142e+00,1.581576998870342532e+00,2.937028064346258738e-03,-3.409145905943909982e-01,-8.482468910213325497e-02,-1.169459982019384753e-01,1.260236026183949839e-03,1.000000000000000000e+00,-1.000000000000000000e+00,5.715981125831604004e-01,7.890504002571105957e-01,7.810544967651367188e-01,7.209538817405700684e-01,6.920796632766723633e-01
7.220000000000745821e+00,1.578891893541886748e+00,5.000926809647865401e-03,-4.040128616503496084e-01,-8.482666073555379660e-02,-1.169474173154876756e-01,1.278655639022047369e-03,1.000000000000000000e+00,-1.000000000000000000e+00,5.626621246337890625e-01,7.922141551971435547e-01,7.813430428504943848e-01,7.193772196769714355e-01,6.951572895050048828e-01
7.240000000000752500e+00,1.576475532556256054e+00,7.077568524563537800e-03,-4.614576243519438181e-01,-8.483665613548382889e-02,-1.169546072034902406e-01,1.298724909412552440e-03,1.000000000000000000e+00,-1.000000000000000000e+00,5.547924041748046875e-01,7.938094735145568848e-01,7.815669775009155273e-01,7.168126106262207031e-01,6.988026499748229980e-01
7.260000000000759179e+00,1.574337612911039130e+00,9.128897371160904495e-03,-5.122304236008239364e-01,-8.485222247788475058e-02,-1.169657896019652699e-01,1.320424443975198349e-03,1.000000000000000000e+00,-1.000000000000000000e+00,5.477556586265563965e-01,7.940874695777893066e-01,7.817397117614746094e-01,7.134239673614501953e-01,7.029800415039062500e-01
7.280000000000765858e+00,1.572460376956806627e+00,1.111829026732069625e-02,-5.553538693512969360e-01,-8.487186568768001482e-02,-1.169798751333243902e-01,1.343230954602463645e-03,1.000000000000000000e+00,-1.000000000000000000e+00,5.414418578147888184e-01,7.932787537574768066e-01,7.818490862846374512e-01,7.093994617462158203e-01,7.075333595275878906e-01
7.300000000000772538e+00,1.570808702303040150e+00,1.301308272486306761e-02,-5.899390412219523983e-01,-8.489363224089037374e-02,-1.169954501219652582e-01,1.366213884186601776e-03,1.000000000000000000e+00,-1.000000000000000000e+00,5.357764959335327148e-01,7.915777564048767090e-01,7.818673849105834961e-01,7.048968672752380371e-01,7.122611999511718750e-01
7.320000000000779217e+00,1.569332407303504429e+00,1.478787172050810561e-02,-6.152211989660981706e-01,-8.491548225791346882e-02,-1.170110500339916759e-01,1.388128779273405979e-03,1.000000000000000000e+00,-1.000000000000000000e+00,5.307031273841857910e-01,7.890940308570861816e-01,7.817652821540832520e-01,6.999906301498413086e-01,7.170193195343017578e-01
7.340000000000785896e+00,1.567969199177408957e+00,1.642494248357223574e-02,-6.305900251287758218e-01,-8.493590672342805903e-02,-1.170256008450722973e-01,1.407263740625416858e-03,1.000000000000000000e+00,-1.000000000000000000e+00,5.262764096260070801e-01,7.858111858367919922e-01,7.815371751785278320e-01,6.946607828140258789e-01,7.217755913734436035e-01
7.360000000000792575e+00,1.566651927297276758e+00,1.791644964988670097e-02,-6.356412689816487438e-01,-8.495380993286788529e-02,-1.170383307203255868e-01,1.422454878202215021e-03,1.000000000000000000e+00,-1.000000000000000000e+00,5.228943228721618652e-01,7.816097140312194824e-01,7.812326550483703613e-01,6.888813376426696777e-01,7.265149354934692383e-01
7.380000000000799254e+00,1.565319883513508259e+00,1.925369807417876000e-02,-6.302128358569670796e-01,-8.496739686568603733e-02,-1.170479762100095356e-01,1.432370147897353303e-03,1.000000000000000000e+00,-1.000000000000000000e+00,5.213472843170166016e-01,7.763936519622802734e-01,7.809663414955139160e-01,6.827349066734313965e-01,7.311176061630249023e-01
7.400000000000805933e+00,1.563917655137796903e+00,2.042892615261204803e-02,-6.144025664959892330e-01,-8.497549226031493597e-02,-1.170537169352866280e-01,1.436022242991307971e-03,1.000000000000000000e+00,-1.000000000000000000e+00,5.222662091255187988e-01,7.702060937881469727e-01,7.808711528778076172e-01,6.763862967491149902e-01,7.354903221130371094e-01
7.420000000000812612e+00,1.562395443208529411e+00,2.143435783778041559e-02,-5.885863975168798001e-01,-8.497690928240261843e-02,-1.170547213144125104e-01,1.433510143591055748e-03,1.000000000000000000e+00,-1.000000000000000000e+00,5.255869626998901367e-01,7.631663680076599121e-01,7.810481786727905273e-01,6.699567437171936035e-01,7.396864295005798340e-01
7.440000000000819291e+00,1.560710147886225307e+00,2.225684333413696647e-02,-5.533735969992024106e-01,-8.497104399904645278e-02,-1.170505630974032485e-01,1.425379568657243528e-03,1.000000000000000000e+00,-1.000000000000000000e+00,5.308081507682800293e-01,7.554349303245544434e-01,7.815389633178710938e-01,6.635949015617370605e-01,7.436745166778564453e-01
7.460000000000825970e+00,1.558827703641791906e+00,2.287803594554038700e-02,-5.095540958957246458e-01,-8.495774874501771379e-02,-1.170411282796279956e-01,1.412553503638584382e-03,1.000000000000000000e+00,-1.000000000000000000e+00,5.373426079750061035e-01,7.473754882812500000e-01,7.822850346565246582e-01,6.576437950134277344e-01,7.471879124641418457e-01
7.480000000000832650e+00,1.556724336838817724e+00,2.327694729737411761e-02,-4.580468554028358508e-01,-8.493731252839653578e-02,-1.170266012612048295e-01,1.396143898237335503e-03,1.000000000000000000e+00,-1.000000000000000000e+00,5.445912480354309082e-01,7.394369840621948242e-01,7.831138372421264648e-01,6.524197459220886230e-01,7.499799728393554688e-01
7.500000000000839329e+00,1.554387079980466435e+00,2.343305859602901053e-02,-3.998560366739171146e-01,-8.491044623289376037e-02,-1.170074576223433249e-01,1.377317255012726078e-03,1.000000000000000000e+00,-1.000000000000000000e+00,5.520868897438049316e-01,7.318385243415832520e-01,7.838549017906188965e-01,6.479467153549194336e-01,7.520650029182434082e-01
7.520000000000846008e+00,1.551814068612683783e+00,2.332932638185114538e-02,-3.360364168868423818e-01,-8.487824207688079992e-02,-1.169844413354833162e-01,1.357196589131535189e-03,1.000000000000000000e+00,-1.000000000000000000e+00,5.596325397491455078e-01,7.245407700538635254e-01,7.844622731208801270e-01,6.440490484237670898e-01,7.536016106605529785e-01
7.540000000000852687e+00,1.549014917221629872e+00,2.295458506822278810e-02,-2.676665936802087864e-01,-8.484211255429881249e-02,-1.169585289783824367e-01,1.336785682624405626e-03,1.000000000000000000e+00,-1.000000000000000000e+00,5.673601627349853516e-01,7.173111438751220703e-01,7.849891185760498047e-01,6.404826045036315918e-01,7.547075748443603516e-01
7.560000000000859366e+00,1.546011240919517693e+00,2.230529440417067244e-02,-1.958275311587270306e-01,-8.480372035422054089e-02,-1.169308876446098489e-01,1.316906734356416237e-03,1.000000000000000000e+00,-1.000000000000000000e+00,5.757254362106323242e-01,7.097280621528625488e-01,7.855018973350524902e-01,6.369543671607971191e-01,7.554109096527099609e-01
7.580000000000866045e+00,1.542837086693539028e+00,2.138686425902597277e-02,-1.215843012033140519e-01,-8.476489870314013464e-02,-1.169028245690732493e-01,1.298150622062513781e-03,1.000000000000000000e+00,-1.000000000000000000e+00,5.852916240692138672e-01,7.013270258903503418e-01,7.860300540924072266e-01,6.331720352172851562e-01,7.556572556495666504e-01
7.600000000000872724e+00,1.539538827900505780e+00,2.021485260115546412e-02,-4.596986797383726536e-02,-8.472755554432516434e-02,-1.168757221761246023e-01,1.280840265268444467e-03,1.000000000000000000e+00,-1.000000000000000000e+00,5.962240695953369141e-01,6.919958591461181641e-01,7.865521907806396484e-01,6.290144324302673340e-01,7.553470730781555176e-01
7.620000000000879403e+00,1.536174076094386276e+00,1.881596341746638590e-02,3.002788640735440037e-02,-8.469357069544683481e-02,-1.168509639434511943e-01,1.264931604535498222e-03,1.000000000000000000e+00,-1.000000000000000000e+00,6.077351570129394531e-01,6.824117898941040039e-01,7.870118618011474609e-01,6.247563958168029785e-01,7.544181346893310547e-01
7.640000000000886082e+00,1.532808880473652824e+00,1.722553468182513869e-02,1.054635287574441221e-01,-8.466475069874705717e-02,-1.168298980217475080e-01,1.249573018070365650e-03,1.000000000000000000e+00,-1.000000000000000000e+00,6.184947490692138672e-01,6.736828684806823730e-01,7.873469591140747070e-01,6.209204792976379395e-01,7.528723478317260742e-01
7.660000000000892761e+00,1.529511961440688239e+00,1.547737902878099092e-02,1.793886553901734848e-01,-8.464259348215702472e-02,-1.168136579618858362e-01,1.233988916730654160e-03,1.000000000000000000e+00,-1.000000000000000000e+00,6.279247999191284180e-01,6.662914156913757324e-01,7.874930500984191895e-01,6.177533864974975586e-01,7.506970167160034180e-01
7.680000000000899441e+00,1.526348244735378001e+00,1.360314529754796942e-02,2.508216820738665143e-01,-8.462792356219911438e-02,-1.168028843604746875e-01,1.217658591001960196e-03,1.000000000000000000e+00,-1.000000000000000000e+00,6.364237070083618164e-01,6.599380373954772949e-01,7.873895168304443359e-01,6.151470541954040527e-01,7.478461861610412598e-01
7.700000000000906120e+00,1.523376865980459183e+00,1.163716888087251711e-02,3.187377533321463230e-01,-8.462091923936608528e-02,-1.167977343573915056e-01,1.200126484053132356e-03,1.000000000000000000e+00,-1.000000000000000000e+00,6.445826292037963867e-01,6.541762948036193848e-01,7.869843840599060059e-01,6.129477024078369141e-01,7.442913055419921875e-01
7.720000000000912799e+00,1.520644693179018736e+00,9.616660325370396389e-03,3.820858686068991927e-01,-8.462067474780056442e-02,-1.167975545218854772e-01,1.180979179745388682e-03,1.000000000000000000e+00,-1.000000000000000000e+00,6.527865529060363770e-01,6.487116813659667969e-01,7.862430810928344727e-01,6.110774278640747070e-01,7.400504350662231445e-01
7.740000000000919478e+00,1.518175630295988121e+00,7.582277747312682337e-03,4.397885139164832147e-01,-8.462800559887423413e-02,-1.168029446557165424e-01,1.160488786509882497e-03,1.000000000000000000e+00,-1.000000000000000000e+00,6.612427830696105957e-01,6.433852314949035645e-01,7.851726412773132324e-01,6.095142960548400879e-01,7.352031469345092773e-01
7.760000000000926157e+00,1.515981953557367534e+00,5.572081486768742931e-03,4.908225799548993074e-01,-8.464067973098771125e-02,-1.168122534678237845e-01,1.138614495700882067e-03,1.000000000000000000e+00,-1.000000000000000000e+00,6.700245141983032227e-01,6.381433010101318359e-01,7.838221788406372070e-01,6.082702875137329102e-01,7.298942804336547852e-01
7.780000000000932836e+00,1.514048914553034031e+00,3.623213701934135944e-03,5.342096871904804534e-01,-8.465732620514425377e-02,-1.168244605685315879e-01,1.115778796205615106e-03,1.000000000000000000e+00,-1.000000000000000000e+00,6.791041493415832520e-01,6.329868435859680176e-01,7.822560667991638184e-01,6.073483824729919434e-01,7.242923378944396973e-01
7.800000000000939515e+00,1.512343897305409524e+00,1.769400595605374882e-03,5.690579729391480601e-01,-8.467616120132046009e-02,-1.168382462673703548e-01,1.092791724398002812e-03,1.000000000000000000e+00,-1.000000000000000000e+00,6.883726119995117188e-01,6.279411911964416504e-01,7.805308103561401367e-01,6.067197918891906738e-01,7.185639142990112305e-01
7.820000000000946194e+00,1.510819080983583085e+00,3.727226544292250310e-05,5.945982173254978909e-01,-8.469530133629193935e-02,-1.168522268907939282e-01,1.070760040812635634e-03,1.000000000000000000e+00,-1.000000000000000000e+00,6.976521015167236328e-01,6.230524182319641113e-01,7.786910533905029297e-01,6.063421368598937988e-01,7.128884196281433105e-01
7.840000000000952873e+00,1.509414078192094166e+00,-1.554233495277335120e-03,6.102143216574024143e-01,-8.471334142430640701e-02,-1.168653779388365843e-01,1.051214367374871377e-03,1.000000000000000000e+00,-1.000000000000000000e+00,7.067651748657226562e-01,6.184049844741821289e-01,7.767888307571411133e-01,6.062134504318237305e-01,7.074342966079711914e-01
7.860000000000959552e+00,1.508062973742511081e+00,-2.996603568505951110e-03,6.154950232378656461e-01,-8.472920371985159793e-02,-1.168769206188901150e-01,1.035315740664364452e-03,1.000000000000000000e+00,-1.000000000000000000e+00,7.155776619911193848e-01,6.141556501388549805e-01,7.749097347259521484e-01,6.064206957817077637e-01,7.023411989212036133e-01
7.880000000000966232e+00,1.506705137615277135e+00,-4.281811623604026007e-03,6.102711341510569376e-01,-8.474126679685801966e-02,-1.168856857297280311e-01,1.024272489870264912e-03,1.000000000000000000e+00,-1.000000000000000000e+00,7.240003347396850586e-01,6.105730533599853516e-01,7.731875181198120117e-01,6.071697473526000977e-01,6.977198719978332520e-01
7.900000000000972911e+00,1.505285213181943416e+00,-5.402611634522658246e-03,5.946386499522033908e-01,-8.474833276087130607e-02,-1.168908147274987097e-01,1.019084633559053056e-03,1.000000000000000000e+00,-1.000000000000000000e+00,7.319969534873962402e-01,6.080469489097595215e-01,7.717914581298828125e-01,6.088041067123413086e-01,6.936527490615844727e-01
7.920000000000979590e+00,1.503752509059800513e+00,-6.352601052129147607e-03,5.689755875666105966e-01,-8.474924198499388106e-02,-1.168914744322197691e-01,1.019688787177615774e-03,1.000000000000000000e+00,-1.000000000000000000e+00,7.395328283309936523e-01,6.070939302444458008e-01,7.708987593650817871e-01,6.118191480636596680e-01,6.902142763137817383e-01
7.940000000000986269e+00,1.502062482005211752e+00,-7.120100508598847799e-03,5.338984060723307445e-01,-8.474338345923861093e-02,-1.168872225601025883e-01,1.025593778304787580e-03,1.000000000000000000e+00,-1.000000000000000000e+00,7.464596629142761230e-01,6.082881689071655273e-01,7.705950140953063965e-01,6.168076395988464355e-01,6.874243617057800293e-01
7.960000000000992948e+00,1.500179423669040446e+00,-7.688033158570639625e-03,4.902080517502814816e-01,-8.473057997850623468e-02,-1.168779211819460651e-01,1.035940863280590844e-03,1.000000000000000000e+00,-1.000000000000000000e+00,7.520660758018493652e-01,6.121684312820434570e-01,7.707310318946838379e-01,6.241769790649414062e-01,6.851719617843627930e-01
7.980000000000999627e+00,1.498077965091754171e+00,-8.036220024596751887e-03,4.388364451745078720e-01,-8.471107445711946460e-02,-1.168637267261448121e-01,1.049681727476379708e-03,1.000000000000000000e+00,-1.000000000000000000e+00,7.545485496520996094e-01,6.192532777786254883e-01,7.709613442420959473e-01,6.337211728096008301e-01,6.832585334777832031e-01
8.000000000001005418e+00,1.495743845523113569e+00,-8.144395067988308146e-03,3.808009349740963390e-01,-8.468551970786029892e-02,-1.168450856151404676e-01,1.065705558564019814e-03,1.000000000000000000e+00,-1.000000000000000000e+00,7.515577673912048340e-01,6.302073597908020020e-01,7.711347937583923340e-01,6.448040604591369629e-01,6.816625595092773438e-01
8.020000000000994334e+00,1.493174430564485178e+00,-7.995207778986990199e-03,3.171682340426944524e-01,-8.465494518225616383e-02,-1.168227158685205130e-01,1.082933682392169146e-03,1.000000000000000000e+00,-1.000000000000000000e+00,7.415386438369750977e-01,6.456912755966186523e-01,7.714861035346984863e-01,6.569707989692687988e-01,6.806037425994873047e-01
8.040000000000983249e+00,1.490379262264537097e+00,-7.576692615188451718e-03,2.490261338289975201e-01,-8.462070406767675801e-02,-1.167975760883396968e-01,1.100397165147630951e-03,1.000000000000000000e+00,-1.000000000000000000e+00,7.243734002113342285e-01,6.656269431114196777e-01,7.723116874694824219e-01,6.698607802391052246e-01,6.803014874458312988e-01
8.060000000000972165e+00,1.487380681362820756e+00,-6.884156716445766211e-03,1.774604375878055806e-01,-8.458441174790416739e-02,-1.167708284189633433e-01,1.117302233217993233e-03,1.000000000000000000e+00,-1.000000000000000000e+00,7.014377117156982422e-01,6.886770725250244141e-01,7.736508250236511230e-01,6.828205585479736328e-01,6.808034777641296387e-01
8.080000000000961080e+00,1.484214209650347005e+00,-5.921720829757504134e-03,1.035351358224647217e-01,-8.454787013248828142e-02,-1.167437898339793168e-01,1.133082130920774972e-03,1.000000000000000000e+00,-1.000000000000000000e+00,6.753230690956115723e-01,7.125593423843383789e-01,7.752768397331237793e-01,6.948624849319458008e-01,6.819072365760803223e-01
8.100000000000949996e+00,1.480928156081584568e+00,-4.703783204593081635e-03,2.827520349167003330e-02,-8.451295909175179921e-02,-1.167178561250980934e-01,1.147437111050789941e-03,1.000000000000000000e+00,-1.000000000000000000e+00,6.494259238243103027e-01,7.346031069755554199e-01,7.769293189048767090e-01,7.049066424369812012e-01,6.833444237709045410e-01
8.120000000000938911e+00,1.477581990568779702e+00,-3.256292336634991624e-03,-4.734615296301160348e-02,-8.448150325670007732e-02,-1.166944030777210262e-01,1.160443120173745889e-03,1.000000000000000000e+00,-1.000000000000000000e+00,6.266586780548095703e-01,7.527600526809692383e-01,7.784479856491088867e-01,7.122710347175598145e-01,6.850002408027648926e-01
8.140000000000927827e+00,1.474242938976189743e+00,-1.614269091528675037e-03,-1.224023901371161099e-01,-8.445519357834312124e-02,-1.166747236484689948e-01,1.172970534390904533e-03,1.000000000000000000e+00,-1.000000000000000000e+00,6.079754829406738281e-01,7.665897011756896973e-01,7.797100543975830078e-01,7.170073390007019043e-01,6.868335008621215820e-01
8.160000000000916742e+00,1.470979897605262821e+00,1.883951250346571626e-04,-1.959643654655210121e-01,-8.443538371730999192e-02,-1.166598676543231655e-01,1.185813537668303514e-03,1.000000000000000000e+00,-1.000000000000000000e+00,5.928947925567626953e-01,7.767065763473510742e-01,7.806262373924255371e-01,7.195786833763122559e-01,6.888248920440673828e-01
8.180000000000905658e+00,1.467856898818817424e+00,2.119521808923163775e-03,-2.670673927644065526e-01,-8.442276097821699299e-02,-1.166503841830506261e-01,1.199517262880851840e-03,1.000000000000000000e+00,-1.000000000000000000e+00,5.805827975273132324e-01,7.838984131813049316e-01,7.812088727951049805e-01,7.204560637474060059e-01,6.910337805747985840e-01
8.200000000000894573e+00,1.464931350407577604e+00,4.143955914239882965e-03,-3.346996743703267163e-01,-8.441740511333138686e-02,-1.166463562297934270e-01,1.214560932658835741e-03,1.000000000000000000e+00,-1.000000000000000000e+00,5.702868700027465820e-01,7.888025045394897461e-01,7.815529108047485352e-01,7.199839949607849121e-01,6.935896873474121094e-01
8.220000000000883489e+00,1.462247772809763591e+00,6.223733318162227857e-03,-3.978193553665100857e-01,-8.441836772780716980e-02,-1.166470803574254783e-01,1.231352645079753297e-03,1.000000000000000000e+00,-1.000000000000000000e+00,5.614460706710815430e-01,7.918593883514404297e-01,7.817607522010803223e-01,7.183870673179626465e-01,6.966282725334167480e-01
8.240000000000872404e+00,1.459827796877022132e+00,8.317875235756333474e-03,-4.553559339702142328e-01,-8.442644176541692913e-02,-1.166531509568150687e-01,1.249636298373188936e-03,1.000000000000000000e+00,-1.000000000000000000e+00,5.536802411079406738e-01,7.933796644210815430e-01,7.818978428840637207e-01,7.158316969871520996e-01,7.002214789390563965e-01
8.260000000000861320e+00,1.457681857461625041e+00,1.038826199362358205e-02,-5.062939006277384912e-01,-8.443946121214609968e-02,-1.166629281942297008e-01,1.269414484563224140e-03,1.000000000000000000e+00,-1.000000000000000000e+00,5.467777252197265625e-01,7.936139106750488281e-01,7.819869518280029297e-01,7.124899625778198242e-01,7.043207883834838867e-01
8.280000000000850235e+00,1.455793402149483828e+00,1.239802054454486324e-02,-5.496625182288168432e-01,-8.445611466124298972e-02,-1.166754135911140244e-01,1.290230334222979003e-03,1.000000000000000000e+00,-1.000000000000000000e+00,5.406356453895568848e-01,7.927931547164916992e-01,7.820243239402770996e-01,7.085506916046142578e-01,7.087609767913818359e-01
8.300000000000839151e+00,1.454128424320459745e+00,1.431380220468497777e-02,-5.845790786913853676e-01,-8.447468681865978601e-02,-1.166893099933100642e-01,1.311244628362688526e-03,1.000000000000000000e+00,-1.000000000000000000e+00,5.351648926734924316e-01,7.911070585250854492e-01,7.819891571998596191e-01,7.041590809822082520e-01,7.133465409278869629e-01
8.320000000000828067e+00,1.452638028408134829e+00,1.610924473706704108e-02,-6.102842679766862233e-01,-8.449342482388412512e-02,-1.167033012940521530e-01,1.331338596161277732e-03,1.000000000000000000e+00,-1.000000000000000000e+00,5.302914381027221680e-01,7.886564135551452637e-01,7.818579077720642090e-01,6.993731856346130371e-01,7.179454565048217773e-01
8.340000000000816982e+00,1.451261203048267223e+00,1.776542113181228677e-02,-6.261687211808039111e-01,-8.451094417143457938e-02,-1.167163562825646594e-01,1.349019462610346644e-03,1.000000000000000000e+00,-1.000000000000000000e+00,5.260586142539978027e-01,7.854184508323669434e-01,7.816274166107177734e-01,6.941641569137573242e-01,7.225319147109985352e-01
8.360000000000805898e+00,1.449931707329798369e+00,1.927298686710260389e-02,-6.318230787662753034e-01,-8.452629874978849489e-02,-1.167277773073939484e-01,1.363200612361147208e-03,1.000000000000000000e+00,-1.000000000000000000e+00,5.228536725044250488e-01,7.812768816947937012e-01,7.813412547111511230e-01,6.885082721710205078e-01,7.270888090133666992e-01
8.380000000000794813e+00,1.448589534160217518e+00,2.062209311019053137e-02,-6.270759662472581430e-01,-8.453797107633301278e-02,-1.167364464492290088e-01,1.372638991001021939e-03,1.000000000000000000e+00,-1.000000000000000000e+00,5.214408040046691895e-01,7.761477231979370117e-01,7.811019420623779297e-01,6.824948191642761230e-01,7.315036654472351074e-01
8.400000000000783729e+00,1.447180287924080933e+00,2.180401699477341193e-02,-6.120078601702307886e-01,-8.454497161888113732e-02,-1.167416404671868524e-01,1.376450074193518716e-03,1.000000000000000000e+00,-1.000000000000000000e+00,5.224205255508422852e-01,7.700707912445068359e-01,7.810332775115966797e-01,6.762775778770446777e-01,7.357110977172851562e-01
8.420000000000772644e+00,1.445654956776949884e+00,2.281045159200489891e-02,-5.869744610385266848e-01,-8.454625026294236567e-02,-1.167425887186913369e-01,1.374670934396008412e-03,1.000000000000000000e+00,-1.000000000000000000e+00,5.257507562637329102e-01,7.631256580352783203e-01,7.812332510948181152e-01,6.699447035789489746e-01,7.397906780242919922e-01
8.440000000000761560e+00,1.443971012638013418e+00,2.362854098753086607e-02,-5.525641772925811157e-01,-8.454126942702695768e-02,-1.167388941429784721e-01,1.367761150216940773e-03,1.000000000000000000e+00,-1.000000000000000000e+00,5.309815406799316406e-01,7.554358839988708496e-01,7.817394733428955078e-01,6.636233925819396973e-01,7.437167763710021973e-01
8.460000000000750475e+00,1.442094642895814127e+00,2.424059167579240004e-02,-5.095471661793121720e-01,-8.452988403913089255e-02,-1.167304413221800646e-01,1.356532768042233248e-03,1.000000000000000000e+00,-1.000000000000000000e+00,5.375303626060485840e-01,7.473825216293334961e-01,7.824851274490356445e-01,6.576765179634094238e-01,7.472073435783386230e-01
8.480000000000739391e+00,1.440002056889416293e+00,2.462652867487991060e-02,-4.588245836048822635e-01,-8.451231805778149087e-02,-1.167173789961423874e-01,1.341976742940968444e-03,1.000000000000000000e+00,-1.000000000000000000e+00,5.447576642036437988e-01,7.394676208496093750e-01,7.832943797111511230e-01,6.524596810340881348e-01,7.499905824661254883e-01
8.500000000000728306e+00,1.437680008571094792e+00,2.476686102973590931e-02,-4.013850823743063678e-01,-8.448915235297625725e-02,-1.167001136952862672e-01,1.325140813568228887e-03,1.000000000000000000e+00,-1.000000000000000000e+00,5.521695017814636230e-01,7.319418191909790039e-01,7.840062379837036133e-01,6.480157971382141113e-01,7.520660161972045898e-01
8.520000000000717222e+00,1.435126104787240786e+00,2.464558330670152397e-02,-3.382702256266251206e-01,-8.446129444115772766e-02,-1.166792922088779189e-01,1.307040647698570974e-03,1.000000000000000000e+00,-1.000000000000000000e+00,5.595772266387939453e-01,7.247624993324279785e-01,7.845873236656188965e-01,6.441670060157775879e-01,7.535894513130187988e-01
8.540000000000706137e+00,1.432349204450065416e+00,2.425250017771451994e-02,-2.705475804251163408e-01,-8.442993208371542269e-02,-1.166557734965332355e-01,1.288590841498292536e-03,1.000000000000000000e+00,-1.000000000000000000e+00,5.671425461769104004e-01,7.176756262779235840e-01,7.850974798202514648e-01,6.406596899032592773e-01,7.546825408935546875e-01
8.560000000000695053e+00,1.429369971558637875e+00,2.358491104814069983e-02,-1.992891704559801025e-01,-8.439647816639439526e-02,-1.166305943673206225e-01,1.270547518023524376e-03,1.000000000000000000e+00,-1.000000000000000000e+00,5.753530263900756836e-01,7.102344036102294922e-01,7.856043577194213867e-01,6.371920704841613770e-01,7.553798556327819824e-01
8.580000000000683968e+00,1.426221344570180349e+00,2.264888269274512034e-02,-1.255531957361475659e-01,-8.436250562303598821e-02,-1.166049266635111048e-01,1.253461592993118136e-03,1.000000000000000000e+00,-1.000000000000000000e+00,5.847917795181274414e-01,7.019572854042053223e-01,7.861363887786865234e-01,6.334670782089233398e-01,7.556340694427490234e-01
8.600000000000672884e+00,1.422948480366301727e+00,2.146040599780457692e-02,-5.036785995219346390e-02,-8.432966694237170602e-02,-1.165800204728949796e-01,1.237643362984887016e-03,1.000000000000000000e+00,-1.000000000000000000e+00,5.956220626831054688e-01,6.927317976951599121e-01,7.866699099540710449e-01,6.293653249740600586e-01,7.553506493568420410e-01
8.620000000000661800e+00,1.419607729421558551e+00,2.004635218911471339e-02,2.528150782052268272e-02,-8.429960758950214017e-02,-1.165571393072758061e-01,1.223053373544337160e-03,1.000000000000000000e+00,-1.000000000000000000e+00,6.070402860641479492e-01,6.832476854324340820e-01,7.871471643447875977e-01,6.251656413078308105e-01,7.544673681259155273e-01
8.640000000000650715e+00,1.416263881412596959e+00,1.844163040413127064e-02,1.004486190812467206e-01,-8.427392408513093014e-02,-1.165375255908722291e-01,1.208924949939707734e-03,1.000000000000000000e+00,-1.000000000000000000e+00,6.177158355712890625e-01,6.746129989624023438e-01,7.875069975852966309e-01,6.213839650154113770e-01,7.529785633087158203e-01
8.660000000000639631e+00,1.412984493810480302e+00,1.667928968583270999e-02,1.741811038580207138e-01,-8.425395213597693111e-02,-1.165222328507781180e-01,1.194579738540395373e-03,1.000000000000000000e+00,-1.000000000000000000e+00,6.270793676376342773e-01,6.672983169555664062e-01,7.876874804496765137e-01,6.182527542114257812e-01,7.508605122566223145e-01
8.680000000000628546e+00,1.409833630382343106e+00,1.479040708951229188e-02,2.454928534763487769e-01,-8.424043873840263152e-02,-1.165118651232981140e-01,1.179562400632979367e-03,1.000000000000000000e+00,-1.000000000000000000e+00,6.355304718017578125e-01,6.609936356544494629e-01,7.876277565956115723e-01,6.156525611877441406e-01,7.480581998825073242e-01
8.700000000000617462e+00,1.406870077237313055e+00,1.280890537194584455e-02,3.133555652017750992e-01,-8.423359454130302515e-02,-1.165066078268964522e-01,1.163462519340705079e-03,1.000000000000000000e+00,-1.000000000000000000e+00,6.436462998390197754e-01,6.552599072456359863e-01,7.872727513313293457e-01,6.134330034255981445e-01,7.445441484451293945e-01
8.720000000000606377e+00,1.404140764442287193e+00,1.077161589730923907e-02,3.767174117654709109e-01,-8.423268263580302451e-02,-1.165059070357660487e-01,1.145917929786376133e-03,1.000000000000000000e+00,-1.000000000000000000e+00,6.517852544784545898e-01,6.498301625251770020e-01,7.865858674049377441e-01,6.115366816520690918e-01,7.403497695922851562e-01
8.740000000000595293e+00,1.401669712932547274e+00,8.719099279241360190e-03,4.345020960969930846e-01,-8.423840529990810067e-02,-1.165103036026809841e-01,1.127152417744010579e-03,1.000000000000000000e+00,-1.000000000000000000e+00,6.601342558860778809e-01,6.445701718330383301e-01,7.855747342109680176e-01,6.099625229835510254e-01,7.355711460113525391e-01
8.760000000000584208e+00,1.399469731496679525e+00,6.689487776722069512e-03,4.856888851592367495e-01,-8.424887207838969994e-02,-1.165183372714133914e-01,1.107130417274289347e-03,1.000000000000000000e+00,-1.000000000000000000e+00,6.687645912170410156e-01,6.394340991973876953e-01,7.842909097671508789e-01,6.087325811386108398e-01,7.303606271743774414e-01
8.780000000000573124e+00,1.397527228690041756e+00,4.720095299459436955e-03,5.293057743214399924e-01,-8.426287924500906745e-02,-1.165290728629791439e-01,1.086219432997874131e-03,1.000000000000000000e+00,-1.000000000000000000e+00,6.776552200317382812e-01,6.344186663627624512e-01,7.827997207641601562e-01,6.078496575355529785e-01,7.248844504356384277e-01
8.800000000000562039e+00,1.395810626476814198e+00,2.845227995059040893e-03,5.644668996724563348e-01,-8.427885721400202312e-02,-1.165412974355260894e-01,1.065148929652374532e-03,1.000000000000000000e+00,-1.000000000000000000e+00,6.867081522941589355e-01,6.295415163040161133e-01,7.811574339866638184e-01,6.072801947593688965e-01,7.192969322204589844e-01
8.820000000000550955e+00,1.394273306126062373e+00,1.092348976805768146e-03,5.904084295640814606e-01,-8.429520343908429580e-02,-1.165537801603992590e-01,1.044909508119940553e-03,1.000000000000000000e+00,-1.000000000000000000e+00,6.957503557205200195e-01,6.248425245285034180e-01,7.794064283370971680e-01,6.069746017456054688e-01,7.137671113014221191e-01
8.840000000000539870e+00,1.392856111227438243e+00,-5.185163315176710697e-04,6.065154234583675086e-01,-8.431061212980098252e-02,-1.165655252111319901e-01,1.026838865427517162e-03,1.000000000000000000e+00,-1.000000000000000000e+00,7.046011686325073242e-01,6.204015016555786133e-01,7.775955796241760254e-01,6.069220304489135742e-01,7.084604501724243164e-01
8.860000000000528786e+00,1.391493990831921934e+00,-1.977431621451308796e-03,6.123721773451471506e-01,-8.432416102970495542e-02,-1.165758353307431300e-01,1.012014638230166949e-03,1.000000000000000000e+00,-1.000000000000000000e+00,7.131184339523315430e-01,6.163708567619323730e-01,7.758058905601501465e-01,6.071996688842773438e-01,7.035197019577026367e-01
8.880000000000517701e+00,1.390126997977732204e+00,-3.275329530463111372e-03,6.078008394421237082e-01,-8.433447892446656324e-02,-1.165836759674717948e-01,1.001557812123261360e-03,1.000000000000000000e+00,-1.000000000000000000e+00,7.212022542953491211e-01,6.130124926567077637e-01,7.741654515266418457e-01,6.080026030540466309e-01,6.990611553192138672e-01
8.900000000000506617e+00,1.388700759158589371e+00,-4.404018118668084902e-03,5.928808887689571705e-01,-8.434055426426374791e-02,-1.165882882938315268e-01,9.963677208264199933e-04,1.000000000000000000e+00,-1.000000000000000000e+00,7.288033962249755859e-01,6.107084155082702637e-01,7.728375792503356934e-01,6.096616983413696289e-01,6.951716542243957520e-01
8.920000000000495533e+00,1.387165395085991682e+00,-5.356559599888177647e-03,5.679708968275946068e-01,-8.434135779957911694e-02,-1.165888980866144203e-01,9.964331962453185174e-04,1.000000000000000000e+00,-1.000000000000000000e+00,7.358757853507995605e-01,6.099686622619628906e-01,7.719972133636474609e-01,6.126576066017150879e-01,6.919256448745727539e-01
8.940000000000484448e+00,1.385476941708186693e+00,-6.121525559093954350e-03,5.336670457672901824e-01,-8.433634571186929274e-02,-1.165850935542855349e-01,1.001339711581214703e-03,1.000000000000000000e+00,-1.000000000000000000e+00,7.422793507575988770e-01,6.113719344139099121e-01,7.717427015304565430e-01,6.175741553306579590e-01,6.893365979194641113e-01
8.960000000000473364e+00,1.383599962202898936e+00,-6.682441653317938712e-03,4.907509349762655959e-01,-8.432534802132495011e-02,-1.165767378093739981e-01,1.010329511845295012e-03,1.000000000000000000e+00,-1.000000000000000000e+00,7.473726272583007812e-01,6.154710054397583008e-01,7.719516754150390625e-01,6.248402595520019531e-01,6.872725486755371094e-01
8.980000000000462279e+00,1.381509093729407001e+00,-7.019987227271318186e-03,4.401369819540434936e-01,-8.430855070352205605e-02,-1.165639551365941357e-01,1.022466445163377384e-03,1.000000000000000000e+00,-1.000000000000000000e+00,7.494558095932006836e-01,6.227834820747375488e-01,7.722789645195007324e-01,6.342990994453430176e-01,6.854940056800842285e-01
9.000000000000451195e+00,1.379189822140484800e+00,-7.114871556872293112e-03,3.828272254350058579e-01,-8.428648674715523426e-02,-1.165471266576684067e-01,1.036752137177470280e-03,1.000000000000000000e+00,-1.000000000000000000e+00,7.462167739868164062e-01,6.339224576950073242e-01,7.725230455398559570e-01,6.453187465667724609e-01,6.839377880096435547e-01
9.020000000000440110e+00,1.376639008814931842e+00,-6.950737191412315052e-03,3.198752864554742503e-01,-8.426001156630470723e-02,-1.165268764093590065e-01,1.052211215782353736e-03,1.000000000000000000e+00,-1.000000000000000000e+00,7.361508011817932129e-01,6.494212746620178223e-01,7.728710770606994629e-01,6.573858261108398438e-01,6.828274726867675781e-01
9.040000000000429026e+00,1.373865459472206396e+00,-6.516553142180636637e-03,2.523579918668243938e-01,-8.423026482354062372e-02,-1.165040486034012862e-01,1.067960525391325891e-03,1.000000000000000000e+00,-1.000000000000000000e+00,7.192831039428710938e-01,6.690449118614196777e-01,7.736148238182067871e-01,6.700861454010009766e-01,6.824315786361694336e-01
9.060000000000417941e+00,1.370890571717645390e+00,-5.808438595799603199e-03,1.813522334274247361e-01,-8.419862501462749282e-02,-1.164796797873255269e-01,1.083268001703743778e-03,1.000000000000000000e+00,-1.000000000000000000e+00,6.969961524009704590e-01,6.914631724357604980e-01,7.748152017593383789e-01,6.827801465988159180e-01,6.828283071517944336e-01
9.080000000000406857e+00,1.367748750658819734e+00,-4.831150042793386223e-03,1.079151885007078315e-01,-8.416664785745446575e-02,-1.164549576741094605e-01,1.097601483788999879e-03,1.000000000000000000e+00,-1.000000000000000000e+00,6.716804504394531250e-01,7.145873904228210449e-01,7.762750387191772461e-01,6.945489048957824707e-01,6.838084459304809570e-01
9.100000000000395772e+00,1.364487069516111095e+00,-3.599500674239863862e-03,3.306725617363596992e-02,-8.413597105771170037e-02,-1.164311515747272624e-01,1.110668914528720099e-03,1.000000000000000000e+00,-1.000000000000000000e+00,6.465498805046081543e-01,7.359167933464050293e-01,7.777647972106933594e-01,7.043657302856445312e-01,6.851116418838500977e-01
9.120000000000384688e+00,1.361163726581136935e+00,-2.139584351024792497e-03,-4.222056409848130160e-02,-8.410819678408627820e-02,-1.164095216546059686e-01,1.122537545184187999e-03,1.000000000000000000e+00,-1.000000000000000000e+00,6.244133710861206055e-01,7.534917593002319336e-01,7.791470289230346680e-01,7.115668654441833496e-01,6.866482496261596680e-01
9.140000000000373603e+00,1.357844714733611013e+00,-4.859671292761214012e-04,-1.170204553820411580e-01,-8.408482074437235998e-02,-1.163912602390861500e-01,1.133991591780559227e-03,1.000000000000000000e+00,-1.000000000000000000e+00,6.061854958534240723e-01,7.668966650962829590e-01,7.803077697753906250e-01,7.161964774131774902e-01,6.883933544158935547e-01
9.160000000000362519e+00,1.354597833377294780e+00,1.328240404987413026e-03,-1.903990215925902008e-01,-8.406704962060559949e-02,-1.163773424093470094e-01,1.145732165953204087e-03,1.000000000000000000e+00,-1.000000000000000000e+00,5.914034247398376465e-01,7.767223715782165527e-01,7.811529040336608887e-01,7.186985015869140625e-01,6.903276443481445312e-01
9.180000000000351434e+00,1.351486338398080633e+00,3.271457220536844179e-03,-2.613869233448130602e-01,-8.405550433432079638e-02,-1.163682841757578551e-01,1.158241654548183841e-03,1.000000000000000000e+00,-1.000000000000000000e+00,5.792716145515441895e-01,7.837209701538085938e-01,7.816772460937500000e-01,7.195299267768859863e-01,6.924991607666015625e-01
9.200000000000340350e+00,1.348567369224339174e+00,5.308968582495077193e-03,-3.289689425517400845e-01,-8.405030145983284628e-02,-1.163641978754850481e-01,1.171957323642643664e-03,1.000000000000000000e+00,-1.000000000000000000e+00,5.690845251083374023e-01,7.884944081306457520e-01,7.819579243659973145e-01,7.190283536911010742e-01,6.950249671936035156e-01
9.220000000000329266e+00,1.345885580570927775e+00,7.403208409260841893e-03,-3.921025202727080328e-01,-8.405064721620693347e-02,-1.163644695114415678e-01,1.187244311068130515e-03,1.000000000000000000e+00,-1.000000000000000000e+00,5.603258609771728516e-01,7.914600372314453125e-01,7.820906639099121094e-01,7.174206376075744629e-01,6.980297565460205078e-01
9.240000000000318181e+00,1.343462721846918839e+00,9.513291453996264302e-03,-4.497183115467047743e-01,-8.405724111150437994e-02,-1.163696476444968098e-01,1.203886595303585438e-03,1.000000000000000000e+00,-1.000000000000000000e+00,5.526518225669860840e-01,7.929188013076782227e-01,7.821455597877502441e-01,7.148819565773010254e-01,7.015736699104309082e-01
9.260000000000307097e+00,1.341309794979191228e+00,1.160102419215769398e-02,-5.008031762455830149e-01,-8.406822952958702133e-02,-1.163782674211630702e-01,1.221888414170544399e-03,1.000000000000000000e+00,-1.000000000000000000e+00,5.458700060844421387e-01,7.931209206581115723e-01,7.821546792984008789e-01,7.115909457206726074e-01,7.055969834327697754e-01
9.280000000000296012e+00,1.339411380078334268e+00,1.362932459084276182e-02,-5.443924269731266197e-01,-8.408245594958262126e-02,-1.163894099489566486e-01,1.240848971616601319e-03,1.000000000000000000e+00,-1.000000000000000000e+00,5.398818850517272949e-01,7.922965884208679199e-01,7.821230292320251465e-01,7.077357769012451172e-01,7.099284529685974121e-01
9.300000000000284928e+00,1.337734486142401646e+00,1.556423339352769331e-02,-5.796088954095782730e-01,-8.409842683203638813e-02,-1.164018956817776951e-01,1.260011245439077165e-03,1.000000000000000000e+00,-1.000000000000000000e+00,5.345851778984069824e-01,7.906304597854614258e-01,7.820374965667724609e-01,7.034495472908020020e-01,7.143794894218444824e-01
9.320000000000273843e+00,1.336231404384410792e+00,1.737852780721688140e-02,-6.056980572647899796e-01,-8.411460182434796207e-02,-1.164145162127380728e-01,1.278364683138154267e-03,1.000000000000000000e+00,-1.000000000000000000e+00,5.298921465873718262e-01,7.882152795791625977e-01,7.818807959556579590e-01,6.987770795822143555e-01,7.188292741775512695e-01
9.340000000000262759e+00,1.334842306121497346e+00,1.905220063584145418e-02,-6.220516335166597077e-01,-8.412972035015431338e-02,-1.164262900262548889e-01,1.294601269489823727e-03,1.000000000000000000e+00,-1.000000000000000000e+00,5.258389115333557129e-01,7.850233316421508789e-01,7.816516757011413574e-01,6.936830878257751465e-01,7.232558131217956543e-01
9.360000000000251674e+00,1.333501796821157104e+00,2.057454736961639163e-02,-6.282556199987840984e-01,-8.414295631649965079e-02,-1.164365800830096526e-01,1.307723705796253475e-03,1.000000000000000000e+00,-1.000000000000000000e+00,5.228031873703002930e-01,7.809427380561828613e-01,7.813874483108520508e-01,6.881473660469055176e-01,7.276384234428405762e-01
9.380000000000240590e+00,1.332150473777764965e+00,2.193467601461795979e-02,-6.241303709784533638e-01,-8.415303722550877830e-02,-1.164444062763832499e-01,1.316561010890663101e-03,1.000000000000000000e+00,-1.000000000000000000e+00,5.215193629264831543e-01,7.759022712707519531e-01,7.811778187751770020e-01,6.822648048400878906e-01,7.318720221519470215e-01
9.400000000000229505e+00,1.330734881305579709e+00,2.312298432603254739e-02,-6.097408831410344732e-01,-8.415911242520281166e-02,-1.164491180987812652e-01,1.320328528829436791e-03,1.000000000000000000e+00,-1.000000000000000000e+00,5.225531458854675293e-01,7.699384093284606934e-01,7.811374664306640625e-01,6.761779189109802246e-01,7.359197735786437988e-01
9.420000000000218421e+00,1.329206706339015387e+00,2.413063934963088908e-02,-5.854244514100471752e-01,-8.416025569989059318e-02,-1.164500044185183270e-01,1.319019910008549252e-03,1.000000000000000000e+00,-1.000000000000000000e+00,5.258830785751342773e-01,7.630921006202697754e-01,7.813619971275329590e-01,6.699429154396057129e-01,7.398856878280639648e-01
9.440000000000207336e+00,1.327523952811733743e+00,2.494503222395960673e-02,-5.517504452397350434e-01,-8.415598847043445629e-02,-1.164466956422918337e-01,1.313025520058568258e-03,1.000000000000000000e+00,-1.000000000000000000e+00,5.311133861541748047e-01,7.554495334625244141e-01,7.818854451179504395e-01,6.636649966239929199e-01,7.437507510185241699e-01
9.460000000000196252e+00,1.325653046019014347e+00,2.554904038254263154e-02,-5.094708687735174379e-01,-8.414617267708615622e-02,-1.164390780994534885e-01,1.303064482833283817e-03,1.000000000000000000e+00,-1.000000000000000000e+00,5.376711487770080566e-01,7.474045753479003906e-01,7.826333045959472656e-01,6.577230095863342285e-01,7.472200393676757812e-01
9.480000000000185167e+00,1.323570190826115267e+00,2.592340306624596469e-02,-4.594704428867378287e-01,-8.413098441740339550e-02,-1.164272734634550915e-01,1.290024346174684696e-03,1.000000000000000000e+00,-1.000000000000000000e+00,5.448797941207885742e-01,7.395099401473999023e-01,7.834271192550659180e-01,6.525103449821472168e-01,7.499972581863403320e-01
9.500000000000174083e+00,1.321261904038759205e+00,2.604955312432438719e-02,-4.027234464574289130e-01,-8.411090369074222806e-02,-1.164116329361109120e-01,1.274849743698575370e-03,1.000000000000000000e+00,-1.000000000000000000e+00,5.522176027297973633e-01,7.320487499237060547e-01,7.841149568557739258e-01,6.480902433395385742e-01,7.520653009414672852e-01
9.520000000000162999e+00,1.318725331698160197e+00,2.591242368391372120e-02,-3.402591610343437267e-01,-8.408669170547980465e-02,-1.163927237586804969e-01,1.258461666919618921e-03,1.000000000000000000e+00,-1.000000000000000000e+00,5.595018267631530762e-01,7.249771356582641602e-01,7.846747040748596191e-01,6.442841291427612305e-01,7.535761594772338867e-01
9.540000000000151914e+00,1.315968666364424333e+00,2.550270182289893217e-02,-2.731348823506997703e-01,-8.405935533730031495e-02,-1.163713070380419656e-01,1.241694558829402242e-03,1.000000000000000000e+00,-1.000000000000000000e+00,5.669203400611877441e-01,7.180215716361999512e-01,7.851715683937072754e-01,6.408295035362243652e-01,7.546548843383789062e-01
9.560000000000140830e+00,1.313011725421002307e+00,2.481845570234220144e-02,-2.024142943730619648e-01,-8.403010327680206226e-02,-1.163483094417349095e-01,1.225243532126976155e-03,1.000000000000000000e+00,-1.000000000000000000e+00,5.749880075454711914e-01,7.107131481170654297e-01,7.856739163398742676e-01,6.374166011810302734e-01,7.553426623344421387e-01
9.580000000000129745e+00,1.309886452617494923e+00,2.386635890117483338e-02,-1.291491675634013347e-01,-8.400029226375971270e-02,-1.163247863709059027e-01,1.209620683372407716e-03,1.000000000000000000e+00,-1.000000000000000000e+00,5.843040943145751953e-01,7.025555372238159180e-01,7.862089276313781738e-01,6.337447762489318848e-01,7.555996179580688477e-01
9.600000000000118661e+00,1.306636905219739742e+00,2.266280822750560420e-02,-5.436321994698019300e-02,-8.397135887270949783e-02,-1.163018718431189091e-01,1.195121252748887735e-03,1.000000000000000000e+00,-1.000000000000000000e+00,5.950288772583007812e-01,6.934369802474975586e-01,7.867513298988342285e-01,6.296972036361694336e-01,7.553379535675048828e-01
9.620000000000107576e+00,1.303318285305578028e+00,2.123483649496393788e-02,2.096066602419334804e-02,-8.394474627024309243e-02,-1.162807215112939829e-01,1.181707206285423145e-03,1.000000000000000000e+00,-1.000000000000000000e+00,6.063481569290161133e-01,6.840556859970092773e-01,7.872435450553894043e-01,6.255559921264648438e-01,7.544966340065002441e-01
9.640000000000096492e+00,1.299994225836147432e+00,1.961695632449161897e-02,9.587546128294878456e-02,-8.392186510568197533e-02,-1.162624796252618442e-01,1.168688513395638477e-03,1.000000000000000000e+00,-1.000000000000000000e+00,6.169386506080627441e-01,6.755148768424987793e-01,7.876262664794921875e-01,6.218291521072387695e-01,7.530633211135864258e-01
9.660000000000085407e+00,1.296731210218286190e+00,1.784154224263612143e-02,1.694252874517016560e-01,-8.390390444929043956e-02,-1.162481232776654133e-01,1.155469109704712876e-03,1.000000000000000000e+00,-1.000000000000000000e+00,6.262396574020385742e-01,6.682747602462768555e-01,7.878398299217224121e-01,6.187360882759094238e-01,7.510031461715698242e-01
9.680000000000074323e+00,1.293592500200072548e+00,1.593916958744839851e-02,2.406200345079915204e-01,-8.389153648112743222e-02,-1.162382180798104819e-01,1.141650344851190485e-03,1.000000000000000000e+00,-1.000000000000000000e+00,6.346488595008850098e-01,6.620172858238220215e-01,7.878224253654479980e-01,6.161464452743530273e-01,7.482504248619079590e-01
9.700000000000063238e+00,1.290636540526688858e+00,1.394339450860787588e-02,3.084283788917620561e-01,-8.388498777244658700e-02,-1.162329670081323069e-01,1.126861858543138110e-03,1.000000000000000000e+00,-1.000000000000000000e+00,6.427318453788757324e-01,6.563065648078918457e-01,7.875153422355651855e-01,6.139091253280639648e-01,7.447755336761474609e-01
9.720000000000052154e+00,1.287910278827283150e+00,1.189071213267439697e-02,3.717977493470069894e-01,-8.388365426844651696e-02,-1.162318971978415355e-01,1.110786296871652586e-03,1.000000000000000000e+00,-1.000000000000000000e+00,6.508224010467529297e-01,6.509005427360534668e-01,7.868799567222595215e-01,6.119846105575561523e-01,7.406215667724609375e-01
9.740000000000041069e+00,1.285437873455357982e+00,9.821576411719767918e-03,4.296531929075889100e-01,-8.388813927336045972e-02,-1.162354945861258371e-01,1.093607678245854357e-03,1.000000000000000000e+00,-1.000000000000000000e+00,6.590839624404907227e-01,6.456930041313171387e-01,7.859245538711547852e-01,6.103945970535278320e-01,7.359023690223693848e-01
9.760000000000029985e+00,1.283232524791332541e+00,7.774201533279068155e-03,4.809759131074639593e-01,-8.389683839312056524e-02,-1.162424661738134940e-01,1.075297275500317236e-03,1.000000000000000000e+00,-1.000000000000000000e+00,6.675822138786315918e-01,6.406492590904235840e-01,7.847031950950622559e-01,6.091736555099487305e-01,7.307797670364379883e-01
9.780000000000018900e+00,1.281281722614218577e+00,5.786041572957312251e-03,5.247996864941651962e-01,-8.390869051812183121e-02,-1.162519521096389008e-01,1.056175395312996873e-03,1.000000000000000000e+00,-1.000000000000000000e+00,6.763014793395996094e-01,6.357628703117370605e-01,7.832820415496826172e-01,6.083252429962158203e-01,7.254194021224975586e-01
9.800000000000007816e+00,1.279554832860901881e+00,3.891919006159538785e-03,5.602440130058580214e-01,-8.392232997483248247e-02,-1.162628507684859286e-01,1.036899125886539888e-03,1.000000000000000000e+00,-1.000000000000000000e+00,6.851549148559570312e-01,6.310432553291320801e-01,7.817166447639465332e-01,6.078109145164489746e-01,7.199639678001403809e-01
9.819999999999996732e+00,1.278006344039536835e+00,2.120042126775911751e-03,5.865498394176301700e-01,-8.393635325642634371e-02,-1.162740363853155545e-01,1.018358949221385111e-03,1.000000000000000000e+00,-1.000000000000000000e+00,6.939750313758850098e-01,6.265230774879455566e-01,7.800473570823669434e-01,6.075736880302429199e-01,7.145717144012451172e-01
9.839999999999985647e+00,1.276578232421748504e+00,4.914041202344621162e-04,6.031034852226568876e-01,-8.394956824217694735e-02,-1.162845590475203167e-01,1.001727965464302471e-03,1.000000000000000000e+00,-1.000000000000000000e+00,7.025784850120544434e-01,6.222779750823974609e-01,7.783199548721313477e-01,6.075944304466247559e-01,7.094041109085083008e-01
9.859999999999974563e+00,1.275206250180096479e+00,-9.827706994733342860e-04,6.094852072902908757e-01,-8.396117726284706151e-02,-1.162937884162458663e-01,9.879973576356086348e-04,1.000000000000000000e+00,-1.000000000000000000e+00,7.108148932456970215e-01,6.184569597244262695e-01,7.766115665435791016e-01,6.079416275024414062e-01,7.046063542366027832e-01
9.879999999999963478e+00,1.273831041680787646e+00,-2.292469550518039245e-03,6.055094569631183088e-01,-8.397002696989007420e-02,-1.163008150027516896e-01,9.782121826269758302e-04,1.000000000000000000e+00,-1.000000000000000000e+00,7.185741662979125977e-01,6.153172850608825684e-01,7.750450968742370605e-01,6.088010668754577637e-01,7.002994418144226074e-01
9.899999999999952394e+00,1.272399138036249155e+00,-3.428645918866435327e-03,5.912409646850252942e-01,-8.397525042417017249e-02,-1.163049587026166731e-01,9.731719121763254647e-04,1.000000000000000000e+00,-1.000000000000000000e+00,7.257944941520690918e-01,6.132346391677856445e-01,7.737779021263122559e-01,6.104928255081176758e-01,6.965739130973815918e-01
9.919999999999941309e+00,1.270861384490756141e+00,-4.383834721424451075e-03,5.670206206947027150e-01,-8.397593693311332375e-02,-1.163055030989710303e-01,9.729040575534536692e-04,1.000000000000000000e+00,-1.000000000000000000e+00,7.324173450469970703e-01,6.127128005027770996e-01,7.729809880256652832e-01,6.134833097457885742e-01,6.935038566589355469e-01
9.939999999999930225e+00,1.269174355507835639e+00,-5.146817013308768729e-03,5.334261040993570901e-01,-8.397160311071130701e-02,-1.163020656222474442e-01,9.770562875880588541e-04,1.000000000000000000e+00,-1.000000000000000000e+00,7.383042573928833008e-01,6.143316030502319336e-01,7.727616429328918457e-01,6.183443069458007812e-01,6.910971999168395996e-01
9.959999999999919140e+00,1.267302868682341987e+00,-5.701646008015814893e-03,4.912212624153978191e-01,-8.396209014496490430e-02,-1.162945135991313161e-01,9.849563105867825772e-04,1.000000000000000000e+00,-1.000000000000000000e+00,7.428736686706542969e-01,6.186521053314208984e-01,7.730230689048767090e-01,6.255162954330444336e-01,6.892045140266418457e-01
9.979999999999908056e+00,1.265221577038563083e+00,-6.029767379868433697e-03,4.413043708084255501e-01,-8.394754271000538781e-02,-1.162829473259015811e-01,9.957647285594212368e-04,1.000000000000000000e+00,-1.000000000000000000e+00,7.445394396781921387e-01,6.261851191520690918e-01,7.734280824661254883e-01,6.348862648010253906e-01,6.875506639480590820e-01
9.999999999999896971e+00,1.262915751360952132e+00,-6.112767372650540487e-03,3.846632842683028186e-01,-8.392840068748741444e-02,-1.162676954995336270e-01,1.008581681630661567e-03,1.000000000000000000e+00,-1.000000000000000000e+00,7.410613298416137695e-01,6.374841332435607910e-01,7.737318277359008789e-01,6.458321809768676758e-01,6.860321760177612305e-01
