time,x,y,yaw,reward,velocity_x,velocity_y,steady_state,frequency,phase_lag_1,phase_lag_2,phase_lag_3,phase_lag_4,phase_lag_5
2.000000000000001082e-02,2.399978991671175788e+00,-1.908679002117219525e-03,2.117598153158698621e-02,0.000000000000000000e+00,-3.624518430904752602e-03,-1.674736095146562020e-01,0.000000000000000000e+00,-1.139000296592712402e+00,6.613583564758300781e-01,6.537249088287353516e-01,6.496706008911132812e-01,6.439801454544067383e-01,6.540890336036682129e-01
4.000000000000002859e-02,2.399824094672128094e+00,-5.719121689206407844e-03,6.196849231525352469e-02,0.000000000000000000e+00,-7.344216335435408381e-03,-1.793058954486911882e-01,0.000000000000000000e+00,-1.156642079353332520e+00,6.399404406547546387e-01,6.460008621215820312e-01,6.643936038017272949e-01,6.449433565139770508e-01,6.490254402160644531e-01
6.000000000000004635e-02,2.399612734926271251e+00,-8.866502882954763187e-03,9.194314148784275831e-02,0.000000000000000000e+00,-7.545639696776453194e-03,-1.570858677146208526e-01,0.000000000000000000e+00,-1.156786084175109863e+00,6.360009908676147461e-01,6.446922421455383301e-01,6.642232537269592285e-01,6.452783942222595215e-01,6.496198773384094238e-01
8.000000000000005718e-02,2.399551712933769121e+00,-1.004152244570533092e-02,9.567281747795124136e-02,0.000000000000000000e+00,-5.294559592249927817e-03,-1.193300112555554238e-01,0.000000000000000000e+00,-1.150383830070495605e+00,6.363499760627746582e-01,6.453682780265808105e-01,6.565080285072326660e-01,6.467233300209045410e-01,6.539096832275390625e-01
1.000000000000000749e-01,2.399599511758708559e+00,-9.330513765519632408e-03,7.418368745897790939e-02,0.000000000000000000e+00,-4.077013692315970168e-03,-8.172109297049709453e-02,0.000000000000000000e+00,-1.136346340179443359e+00,6.412023305892944336e-01,6.479254364967346191e-01,6.435822248458862305e-01,6.472625732421875000e-01,6.626256704330444336e-01
1.200000000000000927e-01,2.399495136641622839e+00,-7.652418578562081297e-03,3.768711560681234363e-02,0.000000000000000000e+00,-5.506273008892205445e-03,-5.295456075915755401e-02,0.000000000000000000e+00,-1.124126553535461426e+00,6.451792120933532715e-01,6.495662331581115723e-01,6.357814669609069824e-01,6.455794572830200195e-01,6.674941778182983398e-01
1.400000000000000966e-01,2.399074523776256740e+00,-5.938907241234137047e-03,-2.867724061580038692e-03,0.000000000000000000e+00,-8.873295615026966648e-03,-3.441027621568720773e-02,0.000000000000000000e+00,-1.120655179023742676e+00,6.453941464424133301e-01,6.497263908386230469e-01,6.332360506057739258e-01,6.448845863342285156e-01,6.690737605094909668e-01
1.600000000000001144e-01,2.398362728792724052e+00,-4.622298417883086152e-03,-4.136822915153031549e-02,0.000000000000000000e+00,-1.290717840916520524e-02,-2.313020757980413511e-02,0.000000000000000000e+00,-1.121922254562377930e+00,6.447005867958068848e-01,6.495033502578735352e-01,6.335656642913818359e-01,6.448366045951843262e-01,6.692553162574768066e-01
1.800000000000001321e-01,2.397463911939634151e+00,-3.606282723954079561e-03,-7.757619866916057316e-02,0.000000000000000000e+00,-1.680922468833520936e-02,-1.510826876326553866e-02,0.000000000000000000e+00,-1.123800039291381836e+00,6.452245116233825684e-01,6.496681571006774902e-01,6.347185969352722168e-01,6.448475122451782227e-01,6.685242652893066406e-01
2.000000000000001499e-01,2.396460549866749723e+00,-2.524657752593084670e-03,-1.147052465727378817e-01,0.000000000000000000e+00,-2.033449370394429384e-02,-7.396622766718420790e-03,0.000000000000000000e+00,-1.123499870300292969e+00,6.478921771049499512e-01,6.505839824676513672e-01,6.350715756416320801e-01,6.445574760437011719e-01,6.676087379455566406e-01
2.200000000000001676e-01,2.395384033409996505e+00,-1.042534541610462551e-03,-1.561175003765883917e-01,0.000000000000000000e+00,-2.354347110758452447e-02,1.204442647838083755e-03,0.000000000000000000e+00,-1.120470762252807617e+00,6.523596048355102539e-01,6.520962715148925781e-01,6.341563463211059570e-01,6.440581679344177246e-01,6.667471528053283691e-01
2.400000000000001854e-01,2.394232943153857374e+00,9.660170560611969215e-04,-2.031522709858442077e-01,0.000000000000000000e+00,-2.653550231142687288e-02,1.050192130699044608e-02,0.000000000000000000e+00,-1.116236209869384766e+00,6.573920249938964844e-01,6.537044644355773926e-01,6.327034235000610352e-01,6.438041329383850098e-01,6.655867099761962891e-01
2.600000000000001754e-01,2.393013705259507962e+00,3.414591677346701104e-03,-2.546667553450001620e-01,0.000000000000000000e+00,-2.926986353085755596e-02,1.971873727173495752e-02,0.000000000000000000e+00,-1.112577319145202637e+00,6.620576977729797363e-01,6.550907492637634277e-01,6.315957307815551758e-01,6.440251469612121582e-01,6.639757752418518066e-01
2.800000000000001932e-01,2.391772721506565613e+00,6.107962093777841162e-03,-3.078009692503970718e-01,0.000000000000000000e+00,-3.155631064035423206e-02,2.811294459332767254e-02,0.000000000000000000e+00,-1.110248923301696777e+00,6.664255261421203613e-01,6.563386917114257812e-01,6.312193274497985840e-01,6.445235610008239746e-01,6.620140671730041504e-01
3.000000000000002109e-01,2.390593576699057810e+00,8.844296381011584884e-03,-3.591365233519850930e-01,0.000000000000000000e+00,-3.317831185679450540e-02,3.524452123187078734e-02,0.000000000000000000e+00,-1.109342336654663086e+00,6.709875464439392090e-01,6.576434969902038574e-01,6.316574811935424805e-01,6.450147032737731934e-01,6.598030328750610352e-01
3.200000000000002287e-01,2.389561357944386177e+00,1.147289409121837744e-02,-4.055704829620375151e-01,0.000000000000000000e+00,-3.403747815558845480e-02,4.097863189163356012e-02,0.000000000000000000e+00,-1.109748244285583496e+00,6.760375499725341797e-01,6.590918898582458496e-01,6.328804492950439453e-01,6.453175544738769531e-01,6.573537588119506836e-01
3.400000000000002465e-01,2.388723605540350459e+00,1.390308937121981225e-02,-4.446800023336305863e-01,0.000000000000000000e+00,-3.420652246824410631e-02,4.536799268360499487e-02,0.000000000000000000e+00,-1.111316442489624023e+00,6.813734769821166992e-01,6.605909466743469238e-01,6.347998380661010742e-01,6.452982425689697266e-01,6.546565294265747070e-01
3.600000000000002642e-01,2.388073565815221677e+00,1.608630567050373106e-02,-4.746472804361347997e-01,0.000000000000000000e+00,-3.389450072643050704e-02,4.853974900449711805e-02,0.000000000000000000e+00,-1.113881587982177734e+00,6.864020228385925293e-01,6.619164347648620605e-01,6.373088955879211426e-01,6.448012590408325195e-01,6.517193317413330078e-01
3.800000000000002820e-01,2.387555732787667750e+00,1.799235985616887135e-02,-4.939636603918535207e-01,0.000000000000000000e+00,-3.336731943759150415e-02,5.060690289089849608e-02,0.000000000000000000e+00,-1.117322683334350586e+00,6.906439065933227539e-01,6.628782749176025391e-01,6.404021978378295898e-01,6.436873078346252441e-01,6.485035419464111328e-01
4.000000000000002998e-01,2.387087647507571742e+00,1.958811335614957239e-02,-5.012970023513195761e-01,0.000000000000000000e+00,-3.288944356103564587e-02,5.165078388077191246e-02,0.000000000000000000e+00,-1.121515393257141113e+00,6.939536929130554199e-01,6.634272933006286621e-01,6.442373991012573242e-01,6.419708728790283203e-01,6.449307799339294434e-01
4.200000000000003175e-01,2.386568075313466153e+00,2.084304652111007572e-02,-4.955388333110817833e-01,0.000000000000000000e+00,-3.270587106784746123e-02,5.175274159449557571e-02,0.000000000000000000e+00,-1.126103878021240234e+00,6.961858272552490234e-01,6.636252403259277344e-01,6.488797068595886230e-01,6.399617791175842285e-01,6.410769820213317871e-01
4.400000000000003353e-01,2.385891772136190969e+00,2.173224403674356431e-02,-4.760075342080957728e-01,0.000000000000000000e+00,-3.301237794623750749e-02,5.099187237213936158e-02,0.000000000000000000e+00,-1.130503177642822266e+00,6.970284581184387207e-01,6.635752916336059570e-01,6.539760231971740723e-01,6.381631493568420410e-01,6.372925639152526855e-01
4.600000000000003531e-01,2.384957847848222734e+00,2.224149950421427935e-02,-4.426540513320245118e-01,0.000000000000000000e+00,-3.395574189787724240e-02,4.946755784832348318e-02,0.000000000000000000e+00,-1.134192943572998047e+00,6.962262392044067383e-01,6.633064746856689453e-01,6.588112115859985352e-01,6.370409131050109863e-01,6.340685486793518066e-01
4.800000000000003708e-01,2.383676304015472258e+00,2.237205531108443779e-02,-3.961377598517400456e-01,0.000000000000000000e+00,-3.562597410386481034e-02,4.729231911983550890e-02,0.000000000000000000e+00,-1.137112379074096680e+00,6.937716007232666016e-01,6.627241373062133789e-01,6.627617478370666504e-01,6.368759870529174805e-01,6.318545341491699219e-01
5.000000000000003331e-01,2.381977428387723972e+00,2.213733919583410481e-02,-3.377697418569347576e-01,0.000000000000000000e+00,-3.804872408212242596e-02,4.457894632935061052e-02,0.000000000000000000e+00,-1.139758586883544922e+00,6.897400617599487305e-01,6.616638302803039551e-01,6.657792329788208008e-01,6.376903057098388672e-01,6.308726072311401367e-01
5.200000000000003508e-01,2.379820864740627595e+00,2.155586237921652826e-02,-2.693473040737988100e-01,0.000000000000000000e+00,-4.118157096573149545e-02,4.142496520388622844e-02,0.000000000000000000e+00,-1.142647504806518555e+00,6.842528581619262695e-01,6.600630283355712891e-01,6.680934429168701172e-01,6.392534375190734863e-01,6.311247348785400391e-01
5.400000000000003686e-01,2.377202467302002020e+00,2.064427106961930214e-02,-1.929373254592000042e-01,0.000000000000000000e+00,-4.491729323393598566e-02,3.790616726131812442e-02,0.000000000000000000e+00,-1.145807623863220215e+00,6.778793931007385254e-01,6.581231951713562012e-01,6.698632240295410156e-01,6.410011053085327148e-01,6.323401331901550293e-01
5.600000000000003864e-01,2.374157225964125484e+00,1.941545060631388875e-02,-1.106836110352788782e-01,0.000000000000000000e+00,-4.909401536554607731e-02,3.408324812374025070e-02,0.000000000000000000e+00,-1.148871660232543945e+00,6.714500784873962402e-01,6.561533808708190918e-01,6.710916161537170410e-01,6.423690319061279297e-01,6.341878175735473633e-01
5.800000000000004041e-01,2.370758118392797709e+00,1.788333656405133310e-02,-2.468197358643245062e-02,0.000000000000000000e+00,-5.350971563496936118e-02,3.001752672903036656e-02,0.000000000000000000e+00,-1.151542186737060547e+00,6.654949188232421875e-01,6.543452143669128418e-01,6.717846393585205078e-01,6.431550383567810059e-01,6.364050507545471191e-01
6.000000000000004219e-01,2.367111594866877944e+00,1.607187939534021615e-02,6.308218924935891925e-02,0.000000000000000000e+00,-5.793897186323426068e-02,2.578679102413610272e-02,0.000000000000000000e+00,-1.153803467750549316e+00,6.600945591926574707e-01,6.527329683303833008e-01,6.720349788665771484e-01,6.434358358383178711e-01,6.387577056884765625e-01
6.200000000000004396e-01,2.363349955809639802e+00,1.402402279100484206e-02,1.507632037111094059e-01,0.000000000000000000e+00,-6.215182780580096739e-02,2.149452372369196895e-02,0.000000000000000000e+00,-1.155699610710144043e+00,6.551756262779235840e-01,6.512665152549743652e-01,6.719390749931335449e-01,6.433634161949157715e-01,6.410291194915771484e-01
6.400000000000004574e-01,2.359619092197548174e+00,1.180006135510636156e-02,2.366427475950068082e-01,0.000000000000000000e+00,-6.593976321566248633e-02,1.724207325139572033e-02,0.000000000000000000e+00,-1.157198190689086914e+00,6.507756114006042480e-01,6.498981118202209473e-01,6.715540289878845215e-01,6.430869698524475098e-01,6.430362462997436523e-01
6.600000000000004752e-01,2.356058637740142014e+00,9.457218638180719950e-03,3.190285916738860861e-01,0.000000000000000000e+00,-6.914408021220998235e-02,1.310840285769196249e-02,0.000000000000000000e+00,-1.158263683319091797e+00,6.469581127166748047e-01,6.486268639564514160e-01,6.709325313568115234e-01,6.427477002143859863e-01,6.446914076805114746e-01
6.800000000000004929e-01,2.352787188372553739e+00,7.050852259427808910e-03,3.961928850263042867e-01,0.000000000000000000e+00,-7.166190621824436446e-02,9.166288444755494452e-03,0.000000000000000000e+00,-1.158884644508361816e+00,6.436242461204528809e-01,6.474649310111999512e-01,6.701056361198425293e-01,6.424679756164550781e-01,6.460380554199218750e-01
7.000000000000005107e-01,2.349887842958138240e+00,4.639389853245745599e-03,4.663648781637104723e-01,0.000000000000000000e+00,-7.346939277257950873e-02,5.486211166029407622e-03,0.000000000000000000e+00,-1.159039378166198730e+00,6.404936313629150391e-01,6.463806033134460449e-01,6.690275073051452637e-01,6.423401832580566406e-01,6.472039818763732910e-01
7.200000000000005285e-01,2.347398237540904820e+00,2.283004667666399534e-03,5.277456579849741924e-01,0.000000000000000000e+00,-7.459862410159710799e-02,2.126173823154224769e-03,0.000000000000000000e+00,-1.158632993698120117e+00,6.371725201606750488e-01,6.452975869178771973e-01,6.675489544868469238e-01,6.424601078033447266e-01,6.483459472656250000e-01
7.400000000000005462e-01,2.345311540413404394e+00,3.657712026322590404e-05,5.785946041778916582e-01,0.000000000000000000e+00,-7.515000638876490058e-02,-8.694767656024422232e-04,0.000000000000000000e+00,-1.157453298568725586e+00,6.332646608352661133e-01,6.441382765769958496e-01,6.654319763183593750e-01,6.429421305656433105e-01,6.496317386627197266e-01
7.600000000000005640e-01,2.343574717352043812e+00,-2.053633123303644226e-03,6.172793410201752318e-01,0.000000000000000000e+00,-7.526291316072757087e-02,-3.478287781814995167e-03,0.000000000000000000e+00,-1.155276775360107422e+00,6.286721229553222656e-01,6.428895592689514160e-01,6.624448895454406738e-01,6.437866091728210449e-01,6.512730717658996582e-01
7.800000000000005818e-01,2.342099353171749776e+00,-3.957494398002081581e-03,6.424054847110223232e-01,0.000000000000000000e+00,-7.510457607498656485e-02,-5.703488705734454864e-03,0.000000000000000000e+00,-1.152078151702880859e+00,6.238551735877990723e-01,6.416329741477966309e-01,6.584367752075195312e-01,6.448135375976562500e-01,6.535955071449279785e-01
8.000000000000005995e-01,2.340771561356897124e+00,-5.666738170587826140e-03,6.529660159997330293e-01,0.000000000000000000e+00,-7.484508460968367083e-02,-7.578293393386824686e-03,0.000000000000000000e+00,-1.147887945175170898e+00,6.195921301841735840e-01,6.405486464500427246e-01,6.532521247863769531e-01,6.459844112396240234e-01,6.569448113441467285e-01
8.200000000000006173e-01,2.339473906222359290e+00,-7.188290575235678492e-03,6.484940245365244937e-01,0.000000000000000000e+00,-7.462934624507673587e-02,-9.139185998523787283e-03,0.000000000000000000e+00,-1.142810940742492676e+00,6.164271831512451172e-01,6.398425698280334473e-01,6.471711993217468262e-01,6.473885178565979004e-01,6.611778736114501953e-01
8.400000000000006350e-01,2.338096644660644596e+00,-8.534420109812757005e-03,6.291558991614231156e-01,0.000000000000000000e+00,-7.458007572003426400e-02,-1.042471695398989977e-02,0.000000000000000000e+00,-1.137504220008850098e+00,6.144461035728454590e-01,6.395128369331359863e-01,6.412974596023559570e-01,6.488111615180969238e-01,6.654122471809387207e-01
8.600000000000006528e-01,2.336541670955697203e+00,-9.714557210503571572e-03,5.957593223082733314e-01,0.000000000000000000e+00,-7.479053657373245512e-02,-1.145730898092744456e-02,0.000000000000000000e+00,-1.132919669151306152e+00,6.137014627456665039e-01,6.394270062446594238e-01,6.367659568786621094e-01,6.497790813446044922e-01,6.687712669372558594e-01
8.800000000000006706e-01,2.334728321121129380e+00,-1.072218726774304409e-02,5.496026710736471310e-01,0.000000000000000000e+00,-7.532280970393022412e-02,-1.223649240878068450e-02,0.000000000000000000e+00,-1.129273056983947754e+00,6.141691803932189941e-01,6.395587921142578125e-01,6.336106657981872559e-01,6.500307917594909668e-01,6.712291836738586426e-01
9.000000000000006883e-01,2.332597819287797414e+00,-1.153335277203576537e-02,4.922711413473667696e-01,0.000000000000000000e+00,-7.620771868082860945e-02,-1.274404858279122241e-02,0.000000000000000000e+00,-1.126132845878601074e+00,6.157361865043640137e-01,6.399608254432678223e-01,6.313424706459045410e-01,6.495497822761535645e-01,6.730529665946960449e-01
9.200000000000007061e-01,2.330115136993606395e+00,-1.211101726426400127e-02,4.254727491707197551e-01,0.000000000000000000e+00,-7.744719040381946307e-02,-1.295301617412671427e-02,0.000000000000000000e+00,-1.123103022575378418e+00,6.183457374572753906e-01,6.407164335250854492e-01,6.296186447143554688e-01,6.484772562980651855e-01,6.743021011352539062e-01
9.400000000000007239e-01,2.327269444647751762e+00,-1.241302981689895724e-02,3.509444266210760555e-01,0.000000000000000000e+00,-7.901730427628363140e-02,-1.283812057117821384e-02,0.000000000000000000e+00,-1.120142817497253418e+00,6.218042969703674316e-01,6.418399214744567871e-01,6.282982230186462402e-01,6.470984816551208496e-01,6.749392747879028320e-01
9.600000000000007416e-01,2.324073750598684374e+00,-1.240106957218684025e-02,2.704090847559345590e-01,0.000000000000000000e+00,-8.087172987517039779e-02,-1.238449021562397327e-02,0.000000000000000000e+00,-1.117369532585144043e+00,6.257706284523010254e-01,6.432238221168518066e-01,6.273177266120910645e-01,6.457247734069824219e-01,6.750258207321166992e-01
9.800000000000007594e-01,2.320563975506341858e+00,-1.204818037093330352e-02,1.855527164004775187e-01,0.000000000000000000e+00,-8.294507508144129126e-02,-1.159309322181395659e-02,0.000000000000000000e+00,-1.114861130714416504e+00,6.299146413803100586e-01,6.447134613990783691e-01,6.266306638717651367e-01,6.445737481117248535e-01,6.746921539306640625e-01
1.000000000000000666e+00,2.316797904114512807e+00,-1.134388057530655303e-02,9.800275505183239644e-02,0.000000000000000000e+00,-8.515587980032095217e-02,-1.048307157357353421e-02,0.000000000000000000e+00,-1.112642288208007812e+00,6.340456604957580566e-01,6.461997628211975098e-01,6.262079477310180664e-01,6.437484622001647949e-01,6.740242838859558105e-01
1.019999999999998463e+00,2.312853810024331214e+00,-1.029718448787464435e-02,9.301950036964719282e-03,0.000000000000000000e+00,-8.908570964503409462e-02,-5.924566325519812528e-03,0.000000000000000000e+00,-1.110681772232055664e+00,6.381776332855224609e-01,6.476480960845947266e-01,6.260212659835815430e-01,6.432785987854003906e-01,6.730306148529052734e-01
1.039999999999996261e+00,2.308827766722432173e+00,-8.938332194950382448e-03,-7.911765292139924521e-02,0.000000000000000000e+00,-9.289583809467631681e-02,-6.031137350489551444e-04,0.000000000000000000e+00,-1.108885407447814941e+00,6.425085067749023438e-01,6.490882635116577148e-01,6.260253787040710449e-01,6.431745886802673340e-01,6.716575622558593750e-01
1.059999999999994058e+00,2.304828562000634573e+00,-7.319111033857905735e-03,-1.659500718170499600e-01,0.000000000000000000e+00,-9.668487416525263500e-02,3.377782397553068337e-03,0.000000000000000000e+00,-1.107156276702880859e+00,6.473107933998107910e-01,6.505872607231140137e-01,6.261877417564392090e-01,6.434577107429504395e-01,6.698166131973266602e-01
1.079999999999991855e+00,2.300968063982306244e+00,-5.500416163526866686e-03,-2.499711959440888975e-01,0.000000000000000000e+00,-1.004699208855429765e-01,5.398000020012649544e-03,0.000000000000000000e+00,-1.105538964271545410e+00,6.527122855186462402e-01,6.521992087364196777e-01,6.265481114387512207e-01,6.441209912300109863e-01,6.674819588661193848e-01
1.099999999999989653e+00,2.297347295864285321e+00,-3.537476576144116258e-03,-3.299463232209590147e-01,0.000000000000000000e+00,-1.039580414810988701e-01,6.040474715339762789e-03,0.000000000000000000e+00,-1.104311943054199219e+00,6.584869027137756348e-01,6.539059877395629883e-01,6.272097229957580566e-01,6.450207829475402832e-01,6.648429632186889648e-01
1.119999999999987450e+00,2.294047009564947892e+00,-1.483852813979613661e-03,-4.045906909303825238e-01,0.000000000000000000e+00,-1.068240947825330883e-01,6.302954012398621561e-03,0.000000000000000000e+00,-1.103801608085632324e+00,6.643090844154357910e-01,6.556535363197326660e-01,6.282457113265991211e-01,6.459035277366638184e-01,6.621986627578735352e-01
1.139999999999985247e+00,2.291119219910216831e+00,6.053683892080496953e-04,-4.725525422118095342e-01,0.000000000000000000e+00,-1.089737892454154394e-01,6.854735571085581423e-03,0.000000000000000000e+00,-1.104181408882141113e+00,6.700878143310546875e-01,6.574134826660156250e-01,6.296666860580444336e-01,6.465657353401184082e-01,6.596973538398742676e-01
1.159999999999983045e+00,2.288587942133753828e+00,2.678866473333152420e-03,-5.324585681504022672e-01,0.000000000000000000e+00,-1.104849169618896676e-01,7.787071108246790448e-03,0.000000000000000000e+00,-1.105477690696716309e+00,6.758452057838439941e-01,6.591556668281555176e-01,6.314613223075866699e-01,6.468977928161621094e-01,6.572970151901245117e-01
1.179999999999980842e+00,2.286440335379169575e+00,4.689999484578599720e-03,-5.829219607523850044e-01,0.000000000000000000e+00,-1.114936530475307414e-01,8.771094359241666041e-03,0.000000000000000000e+00,-1.107619881629943848e+00,6.814384460449218750e-01,6.607924699783325195e-01,6.336045861244201660e-01,6.468287706375122070e-01,6.548765897750854492e-01
1.199999999999978639e+00,2.284630176374409682e+00,6.599357799304261807e-03,-6.225765540235969064e-01,0.000000000000000000e+00,-1.121158302714154453e-01,9.378693639226156828e-03,0.000000000000000000e+00,-1.110501289367675781e+00,6.865492463111877441e-01,6.621894240379333496e-01,6.360765099525451660e-01,6.462783813476562500e-01,6.523051857948303223e-01
1.219999999999976437e+00,2.283085625409952080e+00,8.379435524440537186e-03,-6.501610992719364379e-01,0.000000000000000000e+00,-1.124453282356502326e-01,9.343825446980303512e-03,0.000000000000000000e+00,-1.114063978195190430e+00,6.909093856811523438e-01,6.632321476936340332e-01,6.389400362968444824e-01,6.451540589332580566e-01,6.494542956352233887e-01
1.239999999999974234e+00,2.281713536299012635e+00,1.001741100538566798e-02,-6.646235407180524080e-01,0.000000000000000000e+00,-1.125762294765915578e-01,8.656071094928555892e-03,0.000000000000000000e+00,-1.118256211280822754e+00,6.944304704666137695e-01,6.638849973678588867e-01,6.424057483673095703e-01,6.434510946273803711e-01,6.462054252624511719e-01
1.259999999999972031e+00,2.280411073306899628e+00,1.151686977299354320e-02,-6.652287757282049352e-01,0.000000000000000000e+00,-1.126362123550945088e-01,7.480582072665532822e-03,0.000000000000000000e+00,-1.122776269912719727e+00,6.970042586326599121e-01,6.642007231712341309e-01,6.466137766838073730e-01,6.414418220520019531e-01,6.425887346267700195e-01
1.279999999999969829e+00,2.279077220810894033e+00,1.288055758709949483e-02,-6.516731153798073217e-01,0.000000000000000000e+00,-1.127932959090665460e-01,6.032473545188570506e-03,0.000000000000000000e+00,-1.127112627029418945e+00,6.984552741050720215e-01,6.643006205558776855e-01,6.513219475746154785e-01,6.395660042762756348e-01,6.388722062110900879e-01
1.299999999999967626e+00,2.277614357598559458e+00,1.410938394212318814e-02,-6.241666966415475581e-01,0.000000000000000000e+00,-1.132341998171923353e-01,4.489568814053861850e-03,0.000000000000000000e+00,-1.130853056907653809e+00,6.986516118049621582e-01,6.642518043518066406e-01,6.560325622558593750e-01,6.380999088287353516e-01,6.354031562805175781e-01
1.319999999999965423e+00,2.275932124940996726e+00,1.519112253120480371e-02,-5.834320714137741781e-01,0.000000000000000000e+00,-1.141146029985162097e-01,2.949623138561872655e-03,0.000000000000000000e+00,-1.133752107620239258e+00,6.975736618041992188e-01,6.640173196792602539e-01,6.601656675338745117e-01,6.372152566909790039e-01,6.325535178184509277e-01
1.339999999999963221e+00,2.273954759607410114e+00,1.609683883014190187e-02,-5.306241041131216640e-01,0.000000000000000000e+00,-1.155216849244650457e-01,1.442611739024305404e-03,0.000000000000000000e+00,-1.135932326316833496e+00,6.954062581062316895e-01,6.635342240333557129e-01,6.633704304695129395e-01,6.370181441307067871e-01,6.306049823760986328e-01
1.359999999999961018e+00,2.271627516872965380e+00,1.678566837106637566e-02,-4.672163756754825203e-01,0.000000000000000000e+00,-1.174642488668817125e-01,-4.112977139008058781e-05,0.000000000000000000e+00,-1.137857675552368164e+00,6.922781467437744141e-01,6.627184152603149414e-01,6.657660007476806641e-01,6.375201940536499023e-01,6.296268105506896973e-01
1.379999999999958815e+00,2.268920774465198686e+00,1.721170830421253628e-02,-3.948767151848271983e-01,0.000000000000000000e+00,-1.198864429663266395e-01,-1.517587242599771581e-03,0.000000000000000000e+00,-1.140028953552246094e+00,6.881060600280761719e-01,6.614897847175598145e-01,6.676562428474426270e-01,6.386700868606567383e-01,6.295943856239318848e-01
1.399999999999956612e+00,2.265831606185074065e+00,1.733072996411688660e-02,-3.153516482630568940e-01,0.000000000000000000e+00,-1.226850092258557762e-01,-2.994441293390147276e-03,0.000000000000000000e+00,-1.142686843872070312e+00,6.829042434692382812e-01,6.598684191703796387e-01,6.692591905593872070e-01,6.402269601821899414e-01,6.303885579109191895e-01
1.419999999999954410e+00,2.262383380825637946e+00,1.710595303498962938e-02,-2.303811879732116652e-01,0.000000000000000000e+00,-1.257179023339928814e-01,-4.475717348073502029e-03,0.000000000000000000e+00,-1.145679116249084473e+00,6.770470738410949707e-01,6.580172181129455566e-01,6.705883145332336426e-01,6.417533159255981445e-01,6.318300962448120117e-01
1.439999999999952207e+00,2.258624880140890578e+00,1.651353640538411049e-02,-1.416564266089717639e-01,0.000000000000000000e+00,-1.288200248696650674e-01,-5.955201340286986333e-03,0.000000000000000000e+00,-1.148645281791687012e+00,6.710694432258605957e-01,6.561370491981506348e-01,6.715492010116577148e-01,6.428852677345275879e-01,6.337731480598449707e-01
1.459999999999950004e+00,2.254629770981617209e+00,1.554827387327911703e-02,-5.081025776284702616e-02,0.000000000000000000e+00,-1.318085829947033272e-01,-7.420849780334286966e-03,0.000000000000000000e+00,-1.151296496391296387e+00,6.653818488121032715e-01,6.543765664100646973e-01,6.720860600471496582e-01,6.435071825981140137e-01,6.360538601875305176e-01
1.479999999999947802e+00,2.250495482141475545e+00,1.422893041088968413e-02,4.058448343370497924e-02,0.000000000000000000e+00,-1.344937752755029636e-01,-8.848744628211013125e-03,0.000000000000000000e+00,-1.153593301773071289e+00,6.600920557975769043e-01,6.527797579765319824e-01,6.722453832626342773e-01,6.436856985092163086e-01,6.384705901145935059e-01
1.499999999999945599e+00,2.246339489829857428e+00,1.260172900868739010e-02,1.310276093491895555e-01,0.000000000000000000e+00,-1.366940410631337366e-01,-1.019662132507782176e-02,0.000000000000000000e+00,-1.155546426773071289e+00,6.551845669746398926e-01,6.513113975524902344e-01,6.720938086509704590e-01,6.435459256172180176e-01,6.408113837242126465e-01
1.519999999999943396e+00,2.242289992182269653e+00,1.073223693078600993e-02,2.190784900381555766e-01,0.000000000000000000e+00,-1.382581620116027366e-01,-1.141658260498339648e-02,0.000000000000000000e+00,-1.157092809677124023e+00,6.507485508918762207e-01,6.499324440956115723e-01,6.716729402542114258e-01,6.432234048843383789e-01,6.428813934326171875e-01
1.539999999999941194e+00,2.238468712160985863e+00,8.683709554005103470e-03,3.032646226576725113e-01,0.000000000000000000e+00,-1.390888672558222294e-01,-1.246205758671589496e-02,0.000000000000000000e+00,-1.158184170722961426e+00,6.468830704689025879e-01,6.486474275588989258e-01,6.710309982299804688e-01,6.428537964820861816e-01,6.445821523666381836e-01
1.559999999999938991e+00,2.234976547921509127e+00,6.517864629978331603e-03,3.820339474173697347e-01,0.000000000000000000e+00,-1.391519935585476264e-01,-1.328180105176498572e-02,0.000000000000000000e+00,-1.158815383911132812e+00,6.434999108314514160e-01,6.474699974060058594e-01,6.701992750167846680e-01,6.425526738166809082e-01,6.459587812423706055e-01
1.579999999999936788e+00,2.231882460298052706e+00,4.300061459467263703e-03,4.537418177404912156e-01,0.000000000000000000e+00,-1.384908914667789537e-01,-1.382644429793344031e-02,0.000000000000000000e+00,-1.158976674079895020e+00,6.403253078460693359e-01,6.463704109191894531e-01,6.691358685493469238e-01,6.424043774604797363e-01,6.471415162086486816e-01
1.599999999999934586e+00,2.229218790086065383e+00,2.094970770051329811e-03,5.166975043817831903e-01,0.000000000000000000e+00,-1.372110811386559048e-01,-1.406597165918138659e-02,0.000000000000000000e+00,-1.158587098121643066e+00,6.369754076004028320e-01,6.452744007110595703e-01,6.677018404006958008e-01,6.424963474273681641e-01,6.482847929000854492e-01
1.619999999999932383e+00,2.226974363293037218e+00,-3.744155642049218358e-05,5.692245813570349089e-01,0.000000000000000000e+00,-1.354904976017720364e-01,-1.399776475688449366e-02,0.000000000000000000e+00,-1.157448172569274902e+00,6.330523490905761719e-01,6.441036462783813477e-01,6.656732559204101562e-01,6.429420709609985352e-01,6.495476365089416504e-01
1.639999999999930180e+00,2.225095202422630258e+00,-2.045991666281499199e-03,6.097250277174460775e-01,0.000000000000000000e+00,-1.335461656007561893e-01,-1.363897313029063113e-02,0.000000000000000000e+00,-1.155328989028930664e+00,6.284199953079223633e-01,6.428399085998535156e-01,6.628223657608032227e-01,6.437650322914123535e-01,6.511219739913940430e-01
1.659999999999927978e+00,2.223494697131026765e+00,-3.895389368964718990e-03,6.368155419110305138e-01,0.000000000000000000e+00,-1.316098348791241712e-01,-1.301813356943371490e-02,0.000000000000000000e+00,-1.152189373970031738e+00,6.234992146492004395e-01,6.415618658065795898e-01,6.589961647987365723e-01,6.447984576225280762e-01,6.533150672912597656e-01
1.679999999999925775e+00,2.222062511780125149e+00,-5.571517146464310954e-03,6.494791885961506139e-01,0.000000000000000000e+00,-1.299028069331774893e-01,-1.219104038127982216e-02,0.000000000000000000e+00,-1.148073911666870117e+00,6.190806627273559570e-01,6.404402852058410645e-01,6.540109515190124512e-01,6.459699869155883789e-01,6.565055251121520996e-01
1.699999999999923572e+00,2.220681046800829783e+00,-7.079878551525309316e-03,6.472078950435353750e-01,0.000000000000000000e+00,-1.285976496566348659e-01,-1.122492010850301321e-02,0.000000000000000000e+00,-1.143055677413940430e+00,6.157807707786560059e-01,6.396782398223876953e-01,6.480109691619873047e-01,6.473639011383056641e-01,6.606615781784057617e-01
1.719999999999921370e+00,2.219241167417171923e+00,-8.428282573707368552e-03,6.301081539635895457e-01,0.000000000000000000e+00,-1.278184106143360199e-01,-1.018713925081560917e-02,0.000000000000000000e+00,-1.137723922729492188e+00,6.137068271636962891e-01,6.393060684204101562e-01,6.420141458511352539e-01,6.488119363784790039e-01,6.649594306945800781e-01
1.739999999999919167e+00,2.217644360166198148e+00,-9.624019544849371499e-03,5.989143732307834478e-01,0.000000000000000000e+00,-1.276230400111009744e-01,-9.131298487776984968e-03,0.000000000000000000e+00,-1.133055448532104492e+00,6.128845810890197754e-01,6.392019391059875488e-01,6.372607946395874023e-01,6.498613357543945312e-01,6.684413552284240723e-01
1.759999999999916964e+00,2.215807975654741302e+00,-1.065950115519359587e-02,5.548589817432784121e-01,0.000000000000000000e+00,-1.280129590860289990e-01,-8.079582071213323516e-03,0.000000000000000000e+00,-1.129371643066406250e+00,6.132821440696716309e-01,6.393183469772338867e-01,6.339452862739562988e-01,6.502216458320617676e-01,6.709780693054199219e-01
1.779999999999914762e+00,2.213670487981245660e+00,-1.150936740665331470e-02,4.994735648557453445e-01,0.000000000000000000e+00,-1.289340777318992437e-01,-7.019360005850037131e-03,0.000000000000000000e+00,-1.126272082328796387e+00,6.147523522377014160e-01,6.396908760070800781e-01,6.315885782241821289e-01,6.498534679412841797e-01,6.728536486625671387e-01
1.799999999999912559e+00,2.211193685069761106e+00,-1.213448275591133552e-02,4.344225313903991581e-01,0.000000000000000000e+00,-1.302928894710541352e-01,-5.903500943400590180e-03,0.000000000000000000e+00,-1.123298883438110352e+00,6.172421574592590332e-01,6.404026150703430176e-01,6.298077702522277832e-01,6.488675475120544434e-01,6.741684675216674805e-01
1.819999999999910356e+00,2.208363229399069372e+00,-1.248991424560258467e-02,3.614069290750108188e-01,0.000000000000000000e+00,-1.319790701976573388e-01,-4.678406723611525271e-03,0.000000000000000000e+00,-1.120335698127746582e+00,6.206231117248535156e-01,6.414908766746520996e-01,6.284286379814147949e-01,6.475141644477844238e-01,6.748905777931213379e-01
1.839999999999908153e+00,2.205188368187537939e+00,-1.253418714995818695e-02,2.821222778986451907e-01,0.000000000000000000e+00,-1.338661578369425287e-01,-3.293607445520154234e-03,0.000000000000000000e+00,-1.117498636245727539e+00,6.245828270912170410e-01,6.428679227828979492e-01,6.273829340934753418e-01,6.461055874824523926e-01,6.750553846359252930e-01
1.859999999999905951e+00,2.201700995423527818e+00,-1.223716105616773353e-02,1.982371652299494413e-01,0.000000000000000000e+00,-1.358211163411791322e-01,-1.723838967783665162e-03,0.000000000000000000e+00,-1.114900708198547363e+00,6.287636756896972656e-01,6.443737149238586426e-01,6.266316771507263184e-01,6.448900699615478516e-01,6.747813820838928223e-01
1.879999999999903748e+00,2.197954549003628522e+00,-1.158529280987763421e-02,1.113716630914912825e-01,0.000000000000000000e+00,-1.377098977028473892e-01,1.944872028392718918e-05,0.000000000000000000e+00,-1.112593770027160645e+00,6.329277157783508301e-01,6.458811759948730469e-01,6.261504888534545898e-01,6.439983248710632324e-01,6.741625070571899414e-01
1.899999999999901545e+00,2.194022742206644505e+00,-1.058456501433474584e-02,2.306986979836152946e-02,0.000000000000000000e+00,-1.394022417214444975e-01,1.888317858434582133e-03,0.000000000000000000e+00,-1.110560774803161621e+00,6.370528936386108398e-01,6.473421454429626465e-01,6.259126067161560059e-01,6.434702277183532715e-01,6.732186675071716309e-01
1.919999999999899343e+00,2.189997227870897678e+00,-9.262058761878078084e-03,-6.522848757122877428e-02,0.000000000000000000e+00,-1.407758646105419786e-01,3.803728065411057357e-03,0.000000000000000000e+00,-1.108711361885070801e+00,6.413186192512512207e-01,6.487790346145629883e-01,6.258715987205505371e-01,6.433148384094238281e-01,6.719048023223876953e-01
1.939999999999897140e+00,2.185983129549376347e+00,-7.666565954505988323e-03,-1.522070439355999727e-01,0.000000000000000000e+00,-1.417224144005234387e-01,5.665495593362648505e-03,0.000000000000000000e+00,-1.106936693191528320e+00,6.460039019584655762e-01,6.502578854560852051e-01,6.259876489639282227e-01,6.435512900352478027e-01,6.701350212097167969e-01
1.959999999999894937e+00,2.182090649218654921e+00,-5.859228788865411541e-03,-2.366434909651117247e-01,0.000000000000000000e+00,-1.421581043036878045e-01,7.380146955549049363e-03,0.000000000000000000e+00,-1.105251431465148926e+00,6.512864232063293457e-01,6.518427133560180664e-01,6.262903809547424316e-01,6.441794633865356445e-01,6.678678989410400391e-01
1.979999999999892735e+00,2.178421814597621964e+00,-3.896398782191390353e-03,-3.173156432957185968e-01,0.000000000000000000e+00,-1.420363849927054056e-01,8.874512983688192733e-03,0.000000000000000000e+00,-1.103908777236938477e+00,6.569992899894714355e-01,6.535300016403198242e-01,6.268817782402038574e-01,6.450711488723754883e-01,6.652668118476867676e-01
1.999999999999890532e+00,2.175059735245517434e+00,-1.831610198626931751e-03,-3.929550131482804076e-01,0.000000000000000000e+00,-1.413529660012204092e-01,1.009318513812637770e-02,0.000000000000000000e+00,-1.103244900703430176e+00,6.628029942512512207e-01,6.552657485008239746e-01,6.278422474861145020e-01,6.459755301475524902e-01,6.626355648040771484e-01
2.019999999999888551e+00,2.172061620267202731e+00,2.799706329367213087e-04,-4.622278959850373847e-01,-1.070992085644296848e-01,-1.401560445000124000e-01,1.100039971911548342e-02,1.000000000000000000e+00,-1.103453993797302246e+00,6.685683727264404297e-01,6.570181250572204590e-01,6.291875243186950684e-01,6.466811895370483398e-01,6.601483225822448730e-01
2.039999999999886349e+00,2.169455499339465465e+00,2.384933148732226726e-03,-5.237568097010669721e-01,-1.103362157797707355e-01,-1.385329225814883047e-01,1.158534087597769269e-02,1.000000000000000000e+00,-1.102195739746093750e+00,6.742700934410095215e-01,6.594831943511962891e-01,6.306823492050170898e-01,6.486338376998901367e-01,6.582810282707214355e-01
2.059999999999884146e+00,2.167236351288304164e+00,4.432772812540730634e-03,-5.761467965811808423e-01,-1.154303478922977383e-01,-1.366223584843596350e-01,1.186136588778580019e-02,1.000000000000000000e+00,-1.104163765907287598e+00,6.798571944236755371e-01,6.610414385795593262e-01,6.326946616172790527e-01,6.486086249351501465e-01,6.559299230575561523e-01
2.079999999999881943e+00,2.165363142462129797e+00,6.382130505392269448e-03,-6.180427802616061950e-01,-1.217611693821104152e-01,-1.345869359941436472e-01,1.185163909038708559e-02,1.000000000000000000e+00,-1.106824994087219238e+00,6.848191022872924805e-01,6.623682379722595215e-01,6.349840164184570312e-01,6.481114029884338379e-01,6.535167098045349121e-01
2.099999999999879741e+00,2.163769415066562729e+00,8.205013430877261538e-03,-6.482039032689786984e-01,-1.288733560169417758e-01,-1.325973526949453529e-01,1.158846544729008089e-02,1.000000000000000000e+00,-1.110113382339477539e+00,6.890516877174377441e-01,6.634088158607482910e-01,6.376139521598815918e-01,6.470949053764343262e-01,6.508791446685791016e-01
2.119999999999877538e+00,2.162365810319681447e+00,9.887614386656140564e-03,-6.655733873822710089e-01,-1.360774571361842156e-01,-1.308196364242727727e-01,1.112027745834150497e-02,1.000000000000000000e+00,-1.114051342010498047e+00,6.926397681236267090e-01,6.641579866409301758e-01,6.408142447471618652e-01,6.455092430114746094e-01,6.478366851806640625e-01
2.139999999999875335e+00,2.161051838224437915e+00,1.143222075937194715e-02,-6.693730967205197002e-01,-1.425558601065018971e-01,-1.293916725976691218e-01,1.050795570753375145e-02,1.000000000000000000e+00,-1.118512034416198730e+00,6.955973505973815918e-01,6.646372079849243164e-01,6.448571085929870605e-01,6.434516310691833496e-01,6.442899107933044434e-01
2.159999999999873133e+00,2.159727025261422018e+00,1.284179703669513506e-02,-6.592075805266059962e-01,-1.474685280993416614e-01,-1.284206485234503925e-01,9.801317832483075893e-03,1.000000000000000000e+00,-1.123063206672668457e+00,6.976654529571533203e-01,6.648900508880615234e-01,6.497249603271484375e-01,6.412907838821411133e-01,6.403677463531494141e-01
2.179999999999870930e+00,2.158294839009665012e+00,1.411682139968051253e-02,-6.351573323987863562e-01,-1.501747184150441505e-01,-1.279684360556530842e-01,9.041976823529146098e-03,1.000000000000000000e+00,-1.127140998840332031e+00,6.985247135162353516e-01,6.649723052978515625e-01,6.548587083816528320e-01,6.394871473312377930e-01,6.364850997924804688e-01
2.199999999999868727e+00,2.156664588953290274e+00,1.524780251993590463e-02,-5.978064283318897942e-01,-1.503373797188451988e-01,-1.280620197086319856e-01,8.245835076347310388e-03,1.000000000000000000e+00,-1.130320072174072266e+00,6.980460882186889648e-01,6.648897528648376465e-01,6.593534946441650391e-01,6.383305788040161133e-01,6.332575678825378418e-01
2.219999999999866525e+00,2.154757793769511487e+00,1.620883196056277509e-02,-5.481861731422886796e-01,-1.480569407487664080e-01,-1.286867156283687252e-01,7.400599956897695522e-03,1.000000000000000000e+00,-1.132648110389709473e+00,6.963351964950561523e-01,6.645784974098205566e-01,6.627346873283386230e-01,6.378545761108398438e-01,6.310611367225646973e-01
2.239999999999864322e+00,2.152515091665117897e+00,1.696162814178253653e-02,-4.876760478605411953e-01,-1.438227602351970225e-01,-1.297915869845612247e-01,6.467221496245945805e-03,1.000000000000000000e+00,-1.134596705436706543e+00,6.935570836067199707e-01,6.639419794082641602e-01,6.651611328125000000e-01,6.379814147949218750e-01,6.298974752426147461e-01
2.259999999999862119e+00,2.149901012024402647e+00,1.746189859249086540e-02,-4.178835355032784471e-01,-1.383571158028711889e-01,-1.312951105186679623e-01,5.395734716516560614e-03,1.000000000000000000e+00,-1.136715769767761230e+00,6.896672248840332031e-01,6.628820300102233887e-01,6.669853329658508301e-01,6.386944651603698730e-01,6.297019720077514648e-01
2.279999999999859916e+00,2.146906230965697659e+00,1.766578524650380677e-02,-3.405229595448541202e-01,-1.324335308143244627e-01,-1.330941208744217952e-01,4.141847339916373411e-03,1.000000000000000000e+00,-1.139367461204528809e+00,6.845605969429016113e-01,6.613570451736450195e-01,6.685149669647216797e-01,6.399210095405578613e-01,6.304085254669189453e-01
2.299999999999857714e+00,2.143547550303098070e+00,1.753534523741517859e-02,-2.573181225587707899e-01,-1.267304718551075515e-01,-1.350641819817935130e-01,2.675797546890829222e-03,1.000000000000000000e+00,-1.142489671707153320e+00,6.785144209861755371e-01,6.594883203506469727e-01,6.698578000068664551e-01,6.413438916206359863e-01,6.318743824958801270e-01
2.319999999999855511e+00,2.139866993490622260e+00,1.704372452054486731e-02,-1.699482859818599589e-01,-1.217366519691018278e-01,-1.370665635116308512e-01,9.992394455359493530e-04,1.000000000000000000e+00,-1.145694494247436523e+00,6.721519827842712402e-01,6.575180888175964355e-01,6.709364652633666992e-01,6.425675153732299805e-01,6.339051723480224609e-01
2.339999999999853308e+00,2.135931234902514575e+00,1.618076834901199801e-02,-8.003529682549774538e-02,-1.177384314750082595e-01,-1.389562836442820581e-01,-8.517283678028069295e-04,1.000000000000000000e+00,-1.148597359657287598e+00,6.660561561584472656e-01,6.556680202484130859e-01,6.716538071632385254e-01,6.433907151222229004e-01,6.362592577934265137e-01
2.359999999999851106e+00,2.131830894464687098e+00,1.495873115663126640e-02,1.085332965936678870e-02,-1.148492686770584553e-01,-1.405887242920987601e-01,-2.807464280709237505e-03,1.000000000000000000e+00,-1.151043295860290527e+00,6.605132818222045898e-01,6.540338397026062012e-01,6.719994544982910156e-01,6.438165903091430664e-01,6.386653184890747070e-01
2.379999999999848903e+00,2.127677845336801266e+00,1.341660246862075301e-02,1.012101865986614613e-01,-1.130371892243598464e-01,-1.418269065875224499e-01,-4.768858797917723165e-03,1.000000000000000000e+00,-1.153024554252624512e+00,6.555760502815246582e-01,6.525800824165344238e-01,6.720099449157714844e-01,6.439356803894042969e-01,6.408955454826354980e-01
2.399999999999846700e+00,2.123597797749165128e+00,1.161655834047836677e-02,1.895890303295832413e-01,-1.121862679334523216e-01,-1.425532723610633268e-01,-6.628401341116244537e-03,1.000000000000000000e+00,-1.154561042785644531e+00,6.512450575828552246e-01,6.512292027473449707e-01,6.717146635055541992e-01,6.438393592834472656e-01,6.428186893463134766e-01
2.419999999999844498e+00,2.119714582570618511e+00,9.621948365957422311e-03,2.745287396037416339e-01,-1.121970946556798965e-01,-1.426873452353665528e-01,-8.294297470837050726e-03,1.000000000000000000e+00,-1.155690312385559082e+00,6.474710106849670410e-01,6.499396562576293945e-01,6.711448431015014648e-01,6.436145305633544922e-01,6.444179415702819824e-01
2.439999999999842295e+00,2.116133896604916576e+00,7.492972744607750979e-03,3.544989314473037112e-01,-1.130732462726391357e-01,-1.421960938657337026e-01,-9.689812773640784152e-03,1.000000000000000000e+00,-1.156412243843078613e+00,6.441124081611633301e-01,6.487140655517578125e-01,6.703251600265502930e-01,6.433749198913574219e-01,6.457546949386596680e-01
2.459999999999840092e+00,2.112933941390489068e+00,5.292861677191118552e-03,4.278874172286415423e-01,-1.149357525673494335e-01,-1.411082836867540158e-01,-1.075565135633841513e-02,1.000000000000000000e+00,-1.156662702560424805e+00,6.409277915954589844e-01,6.475495100021362305e-01,6.692301034927368164e-01,6.432536840438842773e-01,6.469300985336303711e-01
2.479999999999837890e+00,2.110154616182627674e+00,3.086294538064582316e-03,4.930160180705062123e-01,-1.179771488969427184e-01,-1.395059955268777852e-01,-1.146177203863485601e-02,1.000000000000000000e+00,-1.156312704086303711e+00,6.375984549522399902e-01,6.464088559150695801e-01,6.677461862564086914e-01,6.433861851692199707e-01,6.480632424354553223e-01
2.499999999999835687e+00,2.107798177017524477e+00,9.338276659477395825e-04,5.482238450368446259e-01,-1.222823747059556265e-01,-1.375389803829611957e-01,-1.180894396852595618e-02,1.000000000000000000e+00,-1.155176758766174316e+00,6.338182091712951660e-01,6.452446579933166504e-01,6.656830310821533203e-01,6.438845396041870117e-01,6.492856740951538086e-01
2.519999999999833484e+00,2.105820383588631550e+00,-1.110104591460714385e-03,5.918977475444089364e-01,-1.277021767897686955e-01,-1.353965699352015217e-01,-1.181485215514980862e-02,1.000000000000000000e+00,-1.153127074241638184e+00,6.295328736305236816e-01,6.440483927726745605e-01,6.628832817077636719e-01,6.447110772132873535e-01,6.507595777511596680e-01
2.539999999999831282e+00,2.104143889084944430e+00,-3.004940647434228840e-03,6.226083462048925821e-01,-1.337787166410525086e-01,-1.332844631268832458e-01,-1.150877174999671501e-02,1.000000000000000000e+00,-1.150205373764038086e+00,6.250230073928833008e-01,6.428453326225280762e-01,6.593001484870910645e-01,6.456577181816101074e-01,6.527391076087951660e-01
2.559999999999829079e+00,2.102664090634901228e+00,-4.729248599837143630e-03,6.392481843349349102e-01,-1.397114934667749997e-01,-1.314037432499720326e-01,-1.094458047280651852e-02,1.000000000000000000e+00,-1.146349787712097168e+00,6.206757426261901855e-01,6.416902542114257812e-01,6.547695994377136230e-01,6.466782093048095703e-01,6.555978059768676758e-01
2.579999999999826876e+00,2.101265196406264746e+00,-6.284048412803999728e-03,6.411767637411950327e-01,-1.445541093829709745e-01,-1.299178727208901984e-01,-1.019472225804471041e-02,1.000000000000000000e+00,-1.141407728195190430e+00,6.170235276222229004e-01,6.407455205917358398e-01,6.491461396217346191e-01,6.479161381721496582e-01,6.595374941825866699e-01
2.599999999999824674e+00,2.099836899508860988e+00,-7.674698008672320437e-03,6.283350488099398445e-01,-1.475294030857045857e-01,-1.289475335926972277e-01,-9.328290511547782798e-03,1.000000000000000000e+00,-1.135829925537109375e+00,6.144860386848449707e-01,6.401706933975219727e-01,6.431263089179992676e-01,6.493262648582458496e-01,6.639382243156433105e-01
2.619999999999822471e+00,2.098278992898944040e+00,-8.908374456386536355e-03,6.012872136307492177e-01,-1.482774608558670437e-01,-1.285503515161235122e-01,-8.406421545419894004e-03,1.000000000000000000e+00,-1.130645394325256348e+00,6.131923794746398926e-01,6.399412751197814941e-01,6.378981471061706543e-01,6.505500674247741699e-01,6.677913665771484375e-01
2.639999999999820268e+00,2.096505629416792971e+00,-9.981417331355879607e-03,5.611343191166455746e-01,-1.467426259650991549e-01,-1.287324606979940722e-01,-7.460784846258417327e-03,1.000000000000000000e+00,-1.126453518867492676e+00,6.131324768066406250e-01,6.399742364883422852e-01,6.340796947479248047e-01,6.511902213096618652e-01,6.706596016883850098e-01
2.659999999999818066e+00,2.094450785912376656e+00,-1.087304489705320787e-02,5.093250869803590541e-01,-1.431507828142702388e-01,-1.294472363464500564e-01,-6.488484848320930087e-03,1.000000000000000000e+00,-1.123104929924011230e+00,6.142262816429138184e-01,6.402924060821533203e-01,6.314605474472045898e-01,6.510642170906066895e-01,6.726849079132080078e-01
2.679999999999815863e+00,2.092071119243889665e+00,-1.154791902600332820e-02,4.474750399770608955e-01,-1.379691874176330046e-01,-1.306100527513741894e-01,-5.449679829472470552e-03,1.000000000000000000e+00,-1.120112657546997070e+00,6.164504289627075195e-01,6.409823894500732422e-01,6.295918822288513184e-01,6.502242088317871094e-01,6.740207076072692871e-01
2.699999999999813660e+00,2.089346574671529400e+00,-1.196284233281108556e-02,3.772506192558971461e-01,-1.318369202040216570e-01,-1.321146734752789986e-01,-4.293756982352354111e-03,1.000000000000000000e+00,-1.117186307907104492e+00,6.197163462638854980e-01,6.420749425888061523e-01,6.281861662864685059e-01,6.489107608795166016e-01,6.747201085090637207e-01
2.719999999999811457e+00,2.086280113283335069e+00,-1.207559480656728024e-02,3.003171926620475385e-01,-1.254567402427406719e-01,-1.338423456571437020e-01,-2.972003552385554803e-03,1.000000000000000000e+00,-1.114393115043640137e+00,6.236560344696044922e-01,6.434637308120727539e-01,6.271347403526306152e-01,6.474797725677490234e-01,6.748729348182678223e-01
2.739999999999809255e+00,2.082896884533825599e+00,-1.185315948069942671e-02,2.183178248989719461e-01,-1.194513223638340726e-01,-1.356656197285758814e-01,-1.456604635220554774e-03,1.000000000000000000e+00,-1.111889600753784180e+00,6.277964711189270020e-01,6.449692845344543457e-01,6.263979077339172363e-01,6.462301611900329590e-01,6.746236085891723633e-01
2.759999999999807052e+00,2.079243200823698068e+00,-1.127762416159244774e-02,1.328555051102723594e-01,-1.142577496565751194e-01,-1.374552605380158221e-01,2.447520852575866255e-04,1.000000000000000000e+00,-1.109733700752258301e+00,6.318452358245849609e-01,6.464573144912719727e-01,6.259402036666870117e-01,6.453015804290771484e-01,6.740846037864685059e-01
2.779999999999804849e+00,2.075385480006054273e+00,-1.034964084381106986e-02,4.546964831534922036e-02,-1.101061170162877800e-01,-1.390852379801326977e-01,2.088095260144222452e-03,1.000000000000000000e+00,-1.107886075973510742e+00,6.357577443122863770e-01,6.478767395019531250e-01,6.257222294807434082e-01,6.447286009788513184e-01,6.732900142669677734e-01
2.799999999999802647e+00,2.071408480379690165e+00,-9.090351887523162588e-03,-4.239056837943669387e-02,-1.070471083620045810e-01,-1.404363164108686224e-01,3.998074143838153093e-03,1.000000000000000000e+00,-1.106236338615417480e+00,6.396818161010742188e-01,6.492456197738647461e-01,6.256921887397766113e-01,6.445230841636657715e-01,6.722080111503601074e-01
2.819999999999800444e+00,2.067411782430147671e+00,-7.542455940261372227e-03,-1.293873720299751340e-01,-1.050122763770437173e-01,-1.414008992749901661e-01,5.876540858473709196e-03,1.000000000000000000e+00,-1.104636907577514648e+00,6.438953876495361328e-01,6.506312489509582520e-01,6.257938146591186523e-01,6.447136998176574707e-01,6.707568764686584473e-01
2.839999999999798241e+00,2.063503132111405236e+00,-5.765587065458044336e-03,-2.142863923084737388e-01,-1.039053269828001114e-01,-1.418915368458386894e-01,7.625172158735288308e-03,1.000000000000000000e+00,-1.103010654449462891e+00,6.486998200416564941e-01,6.521194577217102051e-01,6.260190606117248535e-01,6.453267931938171387e-01,6.688434481620788574e-01
2.859999999999796039e+00,2.059786581023203222e+00,-3.817879998068707259e-03,-2.958721724869814995e-01,-1.037040777973687600e-01,-1.418534092916117206e-01,9.166430074870226055e-03,1.000000000000000000e+00,-1.101518154144287109e+00,6.541777849197387695e-01,6.537485122680664062e-01,6.264544725418090820e-01,6.462832689285278320e-01,6.664951443672180176e-01
2.879999999999793836e+00,2.056350163089848415e+00,-1.753164117126670973e-03,-3.728897656846555386e-01,-1.045125751530435881e-01,-1.412723500988613268e-01,1.044235010695758123e-02,1.000000000000000000e+00,-1.100541830062866211e+00,6.600740551948547363e-01,6.554696559906005859e-01,6.272258758544921875e-01,6.473357677459716797e-01,6.639392971992492676e-01
2.899999999999791633e+00,2.053259859303451229e+00,3.737389080402664376e-04,-4.440274646263561165e-01,-1.065115254862309263e-01,-1.401820054878277211e-01,1.141368188457577044e-02,1.000000000000000000e+00,-1.100410342216491699e+00,6.660872101783752441e-01,6.572101712226867676e-01,6.283974647521972656e-01,6.482110023498535156e-01,6.614196300506591797e-01
2.919999999999789431e+00,2.050550326466640705e+00,2.508888173323786663e-03,-5.079223095090872331e-01,-1.098848048263773025e-01,-1.386566664722477804e-01,1.206775268742429387e-02,1.000000000000000000e+00,-1.101236104965209961e+00,6.720504760742187500e-01,6.589176058769226074e-01,6.299618482589721680e-01,6.487420201301574707e-01,6.590235233306884766e-01
2.939999999999787228e+00,2.048229680652029483e+00,4.604033952522179618e-03,-5.632239219841725930e-01,-1.146916786589533693e-01,-1.368195355470060159e-01,1.241684250567564630e-02,1.000000000000000000e+00,-1.102946162223815918e+00,6.777690649032592773e-01,6.605226397514343262e-01,6.318691968917846680e-01,6.488552689552307129e-01,6.567084789276123047e-01
2.959999999999785025e+00,2.046266574887848577e+00,6.616215262654934204e-03,-6.085722738719503422e-01,-1.207785099504242871e-01,-1.348249088339650570e-01,1.248145739916089320e-02,1.000000000000000000e+00,-1.105385541915893555e+00,6.829688549041748047e-01,6.619324684143066406e-01,6.340658068656921387e-01,6.485176682472229004e-01,6.543685197830200195e-01
2.979999999999782823e+00,2.044603100309289712e+00,8.511673090651594720e-03,-6.426732066694692547e-01,-1.277527444283521607e-01,-1.328365944468495319e-01,1.228762321411061217e-02,1.000000000000000000e+00,-1.108458876609802246e+00,6.874633431434631348e-01,6.630733013153076172e-01,6.365725994110107422e-01,6.476845145225524902e-01,6.518580317497253418e-01
2.999999999999780620e+00,2.043157212670487777e+00,1.026927333328525593e-02,-6.643770189035003160e-01,-1.349843706986488812e-01,-1.310192176389710916e-01,1.187561760732916763e-02,1.000000000000000000e+00,-1.112190127372741699e+00,6.912825703620910645e-01,6.639210581779479980e-01,6.395750045776367188e-01,6.462877392768859863e-01,6.489883065223693848e-01
3.019999999999778417e+00,2.041831746595371033e+00,1.188414338630305878e-02,-6.727894480994076609e-01,-1.417024146158822329e-01,-1.295137029012565499e-01,1.130416648270414146e-02,1.000000000000000000e+00,-1.116543650627136230e+00,6.944902539253234863e-01,6.644858121871948242e-01,6.433748006820678711e-01,6.443486213684082031e-01,6.455982923507690430e-01
3.039999999999776215e+00,2.040525905654158034e+00,1.335946506867685679e-02,-6.673732706588556551e-01,-1.470710381359225938e-01,-1.284341727917192588e-01,1.062644878310013696e-02,1.000000000000000000e+00,-1.121174335479736328e+00,6.969050168991088867e-01,6.648047566413879395e-01,6.480911970138549805e-01,6.421577930450439453e-01,6.417210102081298828e-01
3.059999999999774012e+00,2.039142824086842332e+00,1.469651562718404803e-02,-6.480462849390491442e-01,-1.504052011499318886e-01,-1.278500294137226156e-01,9.890215294852972711e-03,1.000000000000000000e+00,-1.125517010688781738e+00,6.981933712959289551e-01,6.649434566497802734e-01,6.533195972442626953e-01,6.401887536048889160e-01,6.376963257789611816e-01
3.079999999999771809e+00,2.037589899628229340e+00,1.589122164132183990e-02,-6.152316394994351567e-01,-1.512809807246332794e-01,-1.277964252368568310e-01,9.119240782771646792e-03,1.000000000000000000e+00,-1.129054427146911621e+00,6.981570720672607422e-01,6.649283170700073242e-01,6.581622958183288574e-01,6.388024687767028809e-01,6.341430544853210449e-01
3.099999999999769607e+00,2.035784240539591394e+00,1.692361360558586325e-02,-5.698185277515115388e-01,-1.496697903322342371e-01,-1.282695886015056963e-01,8.306543505865527852e-03,1.000000000000000000e+00,-1.131639957427978516e+00,6.968334913253784180e-01,6.647078394889831543e-01,6.619052886962890625e-01,6.381114721298217773e-01,6.315903663635253906e-01
3.119999999999767404e+00,2.033660044677902956e+00,1.775945902476233629e-02,-5.130734325387897865e-01,-1.459595753096715187e-01,-1.292282606693476998e-01,7.418652167552960627e-03,1.000000000000000000e+00,-1.133650422096252441e+00,6.944087743759155273e-01,6.641916632652282715e-01,6.645702123641967773e-01,6.380506753921508789e-01,6.301134228706359863e-01
3.139999999999765201e+00,2.031174078487106627e+00,1.835617254164356726e-02,-4.465273912836715264e-01,-1.408130400686416484e-01,-1.306000356170710919e-01,6.404675181083892103e-03,1.000000000000000000e+00,-1.135656118392944336e+00,6.909217238426208496e-01,6.632844209671020508e-01,6.665127277374267578e-01,6.385822296142578125e-01,6.296199560165405273e-01
3.159999999999762998e+00,2.028308645033535473e+00,1.866963042846164766e-02,-3.718558720689498776e-01,-1.349841287146241187e-01,-1.322916125637055296e-01,5.220748594422374052e-03,1.000000000000000000e+00,-1.138120293617248535e+00,6.862342357635498047e-01,6.619147658348083496e-01,6.680842638015747070e-01,6.396732330322265625e-01,6.300427913665771484e-01
3.179999999999760796e+00,2.025072072739113160e+00,1.866004512598845588e-02,-2.907733737361171689e-01,-1.291780028485339515e-01,-1.341876055188588601e-01,3.832960006106401682e-03,1.000000000000000000e+00,-1.141133308410644531e+00,6.804656386375427246e-01,6.601446270942687988e-01,6.694673299789428711e-01,6.410799622535705566e-01,6.312695741653442383e-01
3.199999999999758593e+00,2.021497912816755171e+00,1.829705592347780074e-02,-2.049650104556532404e-01,-1.239363648859566347e-01,-1.361561993367296775e-01,2.235483529269398188e-03,1.000000000000000000e+00,-1.144395470619201660e+00,6.741487383842468262e-01,6.581870913505554199e-01,6.706347465515136719e-01,6.423928141593933105e-01,6.331332325935363770e-01
3.219999999999756390e+00,2.017644305220354539e+00,1.756497286885694287e-02,-1.160615159099982335e-01,-1.196024456377506318e-01,-1.380571628545145535e-01,4.548419183502935880e-04,1.000000000000000000e+00,-1.147493481636047363e+00,6.678953766822814941e-01,6.562774181365966797e-01,6.714814901351928711e-01,6.433395147323608398e-01,6.354259848594665527e-01
3.239999999999754188e+00,2.013593579370122288e+00,1.646839506152525390e-02,-2.563964455336062084e-02,-1.163384190301394727e-01,-1.397484230644482350e-01,-1.450033176034382911e-03,1.000000000000000000e+00,-1.150157213211059570e+00,6.621199846267700195e-01,6.545642018318176270e-01,6.719537377357482910e-01,6.438720822334289551e-01,6.378691792488098145e-01
3.259999999999751985e+00,2.009450544138067674e+00,1.503711267964247256e-02,6.477841050295779501e-02,-1.141619797117191248e-01,-1.410927147129373282e-01,-3.390507661470894187e-03,1.000000000000000000e+00,-1.152323722839355469e+00,6.569588780403137207e-01,6.530539393424987793e-01,6.720725297927856445e-01,6.440677642822265625e-01,6.401928663253784180e-01
3.279999999999749782e+00,2.005337112164047753e+00,1.332693029242609795e-02,1.537334559516871091e-01,-1.129919523318420743e-01,-1.419670379131531546e-01,-5.260549445001805151e-03,1.000000000000000000e+00,-1.154009938240051270e+00,6.524237990379333496e-01,6.516724824905395508e-01,6.718718409538269043e-01,6.440227627754211426e-01,6.422256827354431152e-01
3.299999999999747580e+00,2.001379145507826252e+00,1.140135704681916051e-02,2.397756982606098763e-01,-1.127316933262056675e-01,-1.422793066167848952e-01,-6.966046835657280396e-03,1.000000000000000000e+00,-1.155263900756835938e+00,6.484687924385070801e-01,6.503593921661376953e-01,6.713840961456298828e-01,6.438220143318176270e-01,6.439252495765686035e-01
3.319999999999745377e+00,1.997688801040839124e+00,9.319703580684179922e-03,3.213941952813920144e-01,-1.133550668228524572e-01,-1.419825061130976229e-01,-8.428269299369885170e-03,1.000000000000000000e+00,-1.156108975410461426e+00,6.449728012084960938e-01,6.491058468818664551e-01,6.706418395042419434e-01,6.435690522193908691e-01,6.453379988670349121e-01
3.339999999999743174e+00,1.994355028009065389e+00,7.143143626151760017e-03,3.970008564138888807e-01,-1.149514205968346914e-01,-1.410830408403153657e-01,-9.584076243867917580e-03,1.000000000000000000e+00,-1.156504511833190918e+00,6.417192220687866211e-01,6.479136943817138672e-01,6.696410179138183594e-01,6.433913707733154297e-01,6.465582251548767090e-01
3.359999999999740972e+00,1.991428661910989995e+00,4.936472232103694679e-03,4.649257939643344772e-01,-1.176855724107926798e-01,-1.396487111327072428e-01,-1.039430958097911986e-02,1.000000000000000000e+00,-1.156344771385192871e+00,6.384103894233703613e-01,6.467554569244384766e-01,6.682995557785034180e-01,6.434216499328613281e-01,6.476995348930358887e-01
3.379999999999738769e+00,1.988927560372694803e+00,2.761254375399146976e-03,5.235069944337644721e-01,-1.216752572958507000e-01,-1.378061978355446249e-01,-1.085203976871246083e-02,1.000000000000000000e+00,-1.155456542968750000e+00,6.347159743309020996e-01,6.455807089805603027e-01,6.664472222328186035e-01,6.437876224517822266e-01,6.488870978355407715e-01
3.399999999999736566e+00,1.986821013136044645e+00,6.749696845954056279e-04,5.711088186895495467e-01,-1.268281225083835728e-01,-1.357337832938549926e-01,-1.096994575408515547e-02,1.000000000000000000e+00,-1.153666019439697266e+00,6.304696798324584961e-01,6.443656682968139648e-01,6.639006137847900391e-01,6.445262432098388672e-01,6.502614021301269531e-01
3.419999999999734364e+00,1.985042726419024905e+00,-1.275916476956240331e-03,6.062384367347034564e-01,-1.327742045323976050e-01,-1.336304208464579035e-01,-1.076990221241366612e-02,1.000000000000000000e+00,-1.150966405868530273e+00,6.258782148361206055e-01,6.431362032890319824e-01,6.605891585350036621e-01,6.454669833183288574e-01,6.520348787307739258e-01
3.439999999999732161e+00,1.983496144777138870e+00,-3.061987074894412242e-03,6.276753310755210924e-01,-1.388127318517728415e-01,-1.316984191333410714e-01,-1.029406165651458767e-02,1.000000000000000000e+00,-1.147377133369445801e+00,6.213331818580627441e-01,6.419385075569152832e-01,6.564208269119262695e-01,6.464694142341613770e-01,6.545557379722595215e-01
3.459999999999729958e+00,1.982068016963108636e+00,-4.676412339442659327e-03,6.346201782994378426e-01,-1.440230306835490470e-01,-1.301112193432593656e-01,-9.610558032481404667e-03,1.000000000000000000e+00,-1.142730712890625000e+00,6.173430085182189941e-01,6.408997178077697754e-01,6.511622667312622070e-01,6.476400494575500488e-01,6.581571102142333984e-01
3.479999999999727756e+00,1.980645706120634397e+00,-6.122571920252894984e-03,6.268170121777699721e-01,-1.475514900317747569e-01,-1.290022389197654495e-01,-8.785387624117561856e-03,1.000000000000000000e+00,-1.137216448783874512e+00,6.144319772720336914e-01,6.401959657669067383e-01,6.451395153999328613e-01,6.490277051925659180e-01,6.625338196754455566e-01
3.499999999999725553e+00,1.979126465225981679e+00,-7.406186984355744851e-03,6.046223380450195251e-01,-1.489398074515019821e-01,-1.284443151274997363e-01,-7.883214349389443959e-03,1.000000000000000000e+00,-1.131785392761230469e+00,6.127984523773193359e-01,6.398673653602600098e-01,6.395205855369567871e-01,6.503551602363586426e-01,6.666607856750488281e-01
3.519999999999723350e+00,1.977420138796213145e+00,-8.527636333403143531e-03,5.689688741622112023e-01,-1.480604130592499401e-01,-1.284583787109911945e-01,-6.945403454581829811e-03,1.000000000000000000e+00,-1.127254843711853027e+00,6.124419569969177246e-01,6.398341059684753418e-01,6.352010965347290039e-01,6.512126326560974121e-01,6.698553562164306641e-01
3.539999999999721148e+00,1.975454590052872383e+00,-9.471199993046741650e-03,5.211983981402377175e-01,-1.450628151270818289e-01,-1.290127830625430461e-01,-5.979843503262791994e-03,1.000000000000000000e+00,-1.123701930046081543e+00,6.132604479789733887e-01,6.400746107101440430e-01,6.322208046913146973e-01,6.513398289680480957e-01,6.721207499504089355e-01
3.559999999999718945e+00,1.973179635030102297e+00,-1.020582152040838686e-02,4.628715610333479225e-01,-1.403389127010615800e-01,-1.300338084320699084e-01,-4.958698628358578810e-03,1.000000000000000000e+00,-1.120680809020996094e+00,6.151809096336364746e-01,6.406570076942443848e-01,6.301392912864685059e-01,6.507181525230407715e-01,6.736539006233215332e-01
3.579999999999716742e+00,1.970568094137870929e+00,-1.069040762998485494e-02,3.956303397340145134e-01,-1.344695198056180818e-01,-1.314210082116345768e-01,-3.832760585279801780e-03,1.000000000000000000e+00,-1.117763519287109375e+00,6.181757450103759766e-01,6.416413187980651855e-01,6.285901665687561035e-01,6.495237350463867188e-01,6.745375394821166992e-01
3.599999999999714539e+00,1.967615695018346322e+00,-1.088216780470807610e-02,3.211296878364272578e-01,-1.281298535504891423e-01,-1.330621023614557141e-01,-2.554394378977257324e-03,1.000000000000000000e+00,-1.114902496337890625e+00,6.219946742057800293e-01,6.429701447486877441e-01,6.274097561836242676e-01,6.480813622474670410e-01,6.748443245887756348e-01
3.619999999999712337e+00,1.964340392867445662e+00,-1.074522150697149181e-02,2.410110640096311541e-01,-1.219705052579633520e-01,-1.348345440650207117e-01,-1.089350000239465346e-03,1.000000000000000000e+00,-1.112269043922424316e+00,6.261615753173828125e-01,6.444731354713439941e-01,6.265528798103332520e-01,6.467333436012268066e-01,6.747055649757385254e-01
3.639999999999710134e+00,1.960781395767400959e+00,-1.025726059019982372e-02,1.568851690929864706e-01,-1.164874297782082097e-01,-1.366121047791314380e-01,5.640004540013989149e-04,1.000000000000000000e+00,-1.109976649284362793e+00,6.302897930145263672e-01,6.459878683090209961e-01,6.259917020797729492e-01,6.456828117370605469e-01,6.742488145828247070e-01
3.659999999999707931e+00,1.956998169826261069e+00,-9.413622155888257126e-03,7.030934348704202808e-02,-1.119741469472943646e-01,-1.382706997753299638e-01,2.371808257038615642e-03,1.000000000000000000e+00,-1.108019113540649414e+00,6.342525482177734375e-01,6.474349498748779297e-01,6.256889700889587402e-01,6.449932456016540527e-01,6.735304594039916992e-01
3.679999999999705729e+00,1.953069007072358865e+00,-8.229510607659862309e-03,-1.723987617770294731e-02,-1.085383059929581062e-01,-1.396917033392996721e-01,4.267819958290683738e-03,1.000000000000000000e+00,-1.106301307678222656e+00,6.381478905677795410e-01,6.488134264945983887e-01,6.255931258201599121e-01,6.446777582168579102e-01,6.725350022315979004e-01
3.699999999999703526e+00,1.949088189766542190e+00,-6.741241087520777331e-03,-1.043908567018161648e-01,-1.061513115808750685e-01,-1.407658897284089217e-01,6.160663732853434438e-03,1.000000000000000000e+00,-1.104674339294433594e+00,6.422258615493774414e-01,6.501793265342712402e-01,6.256420612335205078e-01,6.447585225105285645e-01,6.711936593055725098e-01
3.719999999999701323e+00,1.945160646222339196e+00,-5.004974616897694961e-03,-1.898839464510290731e-01,-1.047288160780675270e-01,-1.414001090329104482e-01,7.949721170224513175e-03,1.000000000000000000e+00,-1.103024244308471680e+00,6.468009948730468750e-01,6.516190171241760254e-01,6.258075237274169922e-01,6.452667117118835449e-01,6.694120168685913086e-01
3.739999999999699121e+00,1.941391877603239724e+00,-3.080574941366653885e-03,-2.725071017681644503e-01,-1.042286157443873401e-01,-1.415289185006343708e-01,9.552117801643304415e-03,1.000000000000000000e+00,-1.101434826850891113e+00,6.520501971244812012e-01,6.531943082809448242e-01,6.261512041091918945e-01,6.461580395698547363e-01,6.671764254570007324e-01
3.759999999999696918e+00,1.937875004637499288e+00,-1.022497496965757424e-03,-3.510201083906612785e-01,-1.047193503528720121e-01,-1.411252824643517423e-01,1.090550984012955173e-02,1.000000000000000000e+00,-1.100245952606201172e+00,6.578035354614257812e-01,6.548796296119689941e-01,6.267960071563720703e-01,6.472185254096984863e-01,6.646754145622253418e-01
3.779999999999694715e+00,1.934683519934386808e+00,1.115093527406019192e-03,-4.241308197360652565e-01,-1.063651721230423064e-01,-1.402035052687270467e-01,1.196553265756596443e-02,1.000000000000000000e+00,-1.099818348884582520e+00,6.637494564056396484e-01,6.566035747528076172e-01,6.278251409530639648e-01,6.481678485870361328e-01,6.621674299240112305e-01
3.799999999999692513e+00,1.931861061717077277e+00,3.277276446090160444e-03,-4.904881355304936963e-01,-1.093389644128831134e-01,-1.388279702641944391e-01,1.271050313867604087e-02,1.000000000000000000e+00,-1.100326895713806152e+00,6.697031855583190918e-01,6.583133935928344727e-01,6.292501688003540039e-01,6.488134264945983887e-01,6.597796678543090820e-01
3.819999999999690310e+00,1.929426302385945036e+00,5.414108628713942828e-03,-5.487427287155731692e-01,-1.137461116759355684e-01,-1.371015796536746989e-01,1.314649536348324980e-02,1.000000000000000000e+00,-1.101755380630493164e+00,6.755185723304748535e-01,6.599550843238830566e-01,6.310406327247619629e-01,6.490638256072998047e-01,6.574919819831848145e-01
3.839999999999688107e+00,1.927359843919476123e+00,7.480654102887562829e-03,-5.975385042609860919e-01,-1.194935108519589312e-01,-1.351695807146006678e-01,1.329313132862470354e-02,1.000000000000000000e+00,-1.103966593742370605e+00,6.809347867965698242e-01,6.614402532577514648e-01,6.331419348716735840e-01,6.488789916038513184e-01,6.552141904830932617e-01
3.859999999999685905e+00,1.925612103403671060e+00,9.439598646825364536e-03,-6.355591013637870157e-01,-1.262590822875659935e-01,-1.331913680065166250e-01,1.317369672165020350e-02,1.000000000000000000e+00,-1.106831431388854980e+00,6.857034564018249512e-01,6.626815795898437500e-01,6.355413198471069336e-01,6.482218503952026367e-01,6.528142690658569336e-01
3.879999999999683702e+00,1.924109118961535358e+00,1.126533504560534027e-02,-6.616042308704851438e-01,-1.334833479928323186e-01,-1.313305769609585394e-01,1.282285979111692266e-02,1.000000000000000000e+00,-1.110341191291809082e+00,6.897723078727722168e-01,6.636341214179992676e-01,6.383655071258544922e-01,6.470240354537963867e-01,6.501129865646362305e-01
3.899999999999681499e+00,1.922757866339962707e+00,1.294674239858195630e-02,-6.746895717645212676e-01,-1.404403329667413269e-01,-1.297349328159531079e-01,1.229465792518155340e-02,1.000000000000000000e+00,-1.114523649215698242e+00,6.932209134101867676e-01,6.642946004867553711e-01,6.419071555137634277e-01,6.452488303184509277e-01,6.469126939773559570e-01
3.919999999999679297e+00,1.921457849594681910e+00,1.448656230132228107e-02,-6.741491286601051236e-01,-1.463005475295951485e-01,-1.285290542306164185e-01,1.164136455258919442e-02,1.000000000000000000e+00,-1.119153618812561035e+00,6.959563493728637695e-01,6.646882891654968262e-01,6.463997364044189453e-01,6.430863142013549805e-01,6.431490182876586914e-01
3.939999999999677094e+00,1.920112185643011227e+00,1.588562481186617248e-02,-6.597365169458454526e-01,-1.503217512410627288e-01,-1.277951617716816257e-01,1.091052487282929452e-02,1.000000000000000000e+00,-1.123700737953186035e+00,6.976651549339294434e-01,6.648826599121093750e-01,6.516183614730834961e-01,6.409882307052612305e-01,6.390620470046997070e-01
3.959999999999674891e+00,1.918627118143701349e+00,1.714284501326823751e-02,-6.316963094950456270e-01,-1.519922552186943054e-01,-1.275781503919474480e-01,1.013550981870113901e-02,1.000000000000000000e+00,-1.127598762512207031e+00,6.980953216552734375e-01,6.649302244186401367e-01,6.567600369453430176e-01,6.393767595291137695e-01,6.352202296257019043e-01
3.979999999999672688e+00,1.916916397701921237e+00,1.824399621491401557e-02,-5.907555085154077013e-01,-1.511391382615500933e-01,-1.278880573987673797e-01,9.321533492447058727e-03,1.000000000000000000e+00,-1.130516171455383301e+00,6.972032785415649414e-01,6.647970080375671387e-01,6.609131693840026855e-01,6.384510993957519531e-01,6.322817206382751465e-01
3.999999999999670486e+00,1.914908217339597929e+00,1.915948222790053723e-02,-5.380498134449116510e-01,-1.480248828351688750e-01,-1.286951662863637103e-01,8.446787944561311851e-03,1.000000000000000000e+00,-1.132669925689697266e+00,6.951510906219482422e-01,6.643968224525451660e-01,6.638808846473693848e-01,6.381872892379760742e-01,6.304586529731750488e-01
4.019999999999677165e+00,1.912551502406603543e+00,1.984938875833885952e-02,-4.750197254445256978e-01,-1.432393044271275395e-01,-1.299373310977492146e-01,7.464873645775926998e-03,1.000000000000000000e+00,-1.134615778923034668e+00,6.920599937438964844e-01,6.636390686035156250e-01,6.659898161888122559e-01,6.385271549224853516e-01,6.296504139900207520e-01
4.039999999999683844e+00,1.909819772388080317e+00,2.027018250726175808e-02,-4.032921203041570091e-01,-1.375155519178683228e-01,-1.315302178938903832e-01,6.331448608615244077e-03,1.000000000000000000e+00,-1.136894106864929199e+00,6.878182888031005859e-01,6.624374985694885254e-01,6.676267981529235840e-01,6.394527554512023926e-01,6.297690868377685547e-01
4.059999999999690523e+00,1.906712403629820862e+00,2.038084785163007950e-02,-3.245672866192202410e-01,-1.315910135441662743e-01,-1.333659535998374390e-01,5.007750202673649613e-03,1.000000000000000000e+00,-1.139747023582458496e+00,6.824070811271667480e-01,6.607962846755981445e-01,6.690446734428405762e-01,6.407997608184814453e-01,6.307266950607299805e-01
4.079999999999697202e+00,1.903254113150898874e+00,2.014799646352349871e-02,-2.405356395289839355e-01,-1.260691092604017405e-01,-1.353184411671327636e-01,3.477177835667737832e-03,1.000000000000000000e+00,-1.142991065979003906e+00,6.762370467185974121e-01,6.588865518569946289e-01,6.702800393104553223e-01,6.421782374382019043e-01,6.323783397674560547e-01
4.099999999999703881e+00,1.899494215784248485e+00,1.955084275318702547e-02,-1.528381882101390865e-01,-1.213635405051214367e-01,-1.372507444547902411e-01,1.754875174871629038e-03,1.000000000000000000e+00,-1.146239399909973145e+00,6.699022650718688965e-01,6.569415926933288574e-01,6.712463498115539551e-01,6.432493925094604492e-01,6.345546245574951172e-01
4.119999999999710560e+00,1.895506294784298884e+00,1.858663784066905134e-02,-6.306092737654567237e-02,-1.176923395913661990e-01,-1.390220994904824148e-01,-1.114742002711550982e-04,1.000000000000000000e+00,-1.149135112762451172e+00,6.639038324356079102e-01,6.551482081413269043e-01,6.718561649322509766e-01,6.439015865325927734e-01,6.370012164115905762e-01
4.139999999999717240e+00,1.891387218814544191e+00,1.727598631132859497e-02,2.726215278944586415e-02,-1.151155512670018616e-01,-1.404941603239851511e-01,-2.043729322421851576e-03,1.000000000000000000e+00,-1.151517748832702637e+00,6.584969162940979004e-01,6.535680294036865234e-01,6.720969080924987793e-01,6.441862583160400391e-01,6.394120454788208008e-01
4.159999999999723919e+00,1.887253438568659014e+00,1.566612447603471514e-02,1.166558408224512844e-01,-1.135822222513580421e-01,-1.415386379499690706e-01,-3.939863577024534970e-03,1.000000000000000000e+00,-1.153379559516906738e+00,6.537356376647949219e-01,6.521461606025695801e-01,6.720007658004760742e-01,6.442021727561950684e-01,6.415624618530273438e-01
4.179999999999730598e+00,1.883230836794564489e+00,1.381954704034710213e-02,2.036768159380463183e-01,-1.129976855369722311e-01,-1.420517500216113005e-01,-5.702347972574090679e-03,1.000000000000000000e+00,-1.154773831367492676e+00,6.495822072029113770e-01,6.508081555366516113e-01,6.716027259826660156e-01,6.440362334251403809e-01,6.433739066123962402e-01
4.199999999999737277e+00,1.879437272577341389e+00,1.179540000193335381e-02,2.868329682883089538e-01,-1.133068239437990260e-01,-1.419708896214415261e-01,-7.249385743904581715e-03,1.000000000000000000e+00,-1.155747413635253906e+00,6.459293365478515625e-01,6.495277881622314453e-01,6.709402203559875488e-01,6.437826156616210938e-01,6.448753476142883301e-01
4.219999999999743956e+00,1.875970228650500005e+00,9.652881061243956395e-03,3.645573066436841314e-01,-1.145617514895257011e-01,-1.412810515906806064e-01,-8.513384705029679311e-03,1.000000000000000000e+00,-1.156285762786865234e+00,6.425838470458984375e-01,6.483070850372314453e-01,6.700273752212524414e-01,6.435613632202148438e-01,6.461530327796936035e-01
4.239999999999750635e+00,1.872894481584026050e+00,7.455421219128011145e-03,4.352027628921835700e-01,-1.168987150345618675e-01,-1.400325520216673114e-01,-9.445811826844731710e-03,1.000000000000000000e+00,-1.156307220458984375e+00,6.392725706100463867e-01,6.471288204193115234e-01,6.688120961189270020e-01,6.435017585754394531e-01,6.473158597946166992e-01
4.259999999999757314e+00,1.870239988047993407e+00,5.265946233361906703e-03,4.970970900096299827e-01,-1.204687860980409170e-01,-1.383275179287872803e-01,-1.002948293804592668e-02,1.000000000000000000e+00,-1.155660510063171387e+00,6.356647014617919922e-01,6.459453105926513672e-01,6.671526432037353516e-01,6.437349319458007812e-01,6.484839916229248047e-01
4.279999999999763993e+00,1.867992814122994893e+00,3.143794912274844311e-03,5.485950798549766860e-01,-1.252504707941764495e-01,-1.363306350275296230e-01,-1.027179810753070695e-02,1.000000000000000000e+00,-1.154151797294616699e+00,6.315071582794189453e-01,6.447184085845947266e-01,6.648584008216857910e-01,6.443518400192260742e-01,6.497839689254760742e-01
4.299999999999770672e+00,1.866098256707553915e+00,1.140528432088672162e-03,5.881491521355856067e-01,-1.309684612625726663e-01,-1.342344171806978959e-01,-1.018877817669972506e-02,1.000000000000000000e+00,-1.151700377464294434e+00,6.268860101699829102e-01,6.434648633003234863e-01,6.618165373802185059e-01,6.452587246894836426e-01,6.513881087303161621e-01
4.319999999999777351e+00,1.864469909614934640e+00,-7.072187117934114475e-04,6.144400326901492404e-01,-1.370382899771993013e-01,-1.322408240881784436e-01,-9.811852134435859393e-03,1.000000000000000000e+00,-1.148365497589111328e+00,6.221852898597717285e-01,6.422318220138549805e-01,6.579815149307250977e-01,6.462572216987609863e-01,6.536017656326293945e-01
4.339999999999784031e+00,1.862998933438829052e+00,-2.383262397927465859e-03,6.265177672815072096e-01,-1.425877650947380282e-01,-1.305367668494032130e-01,-9.200688009069058274e-03,1.000000000000000000e+00,-1.144039034843444824e+00,6.178812980651855469e-01,6.411148309707641602e-01,6.531420350074768066e-01,6.473706960678100586e-01,6.568134427070617676e-01
4.359999999999790710e+00,1.861571049445262638e+00,-3.888442825040250295e-03,6.239335673116532810e-01,-1.467196662838885779e-01,-1.292663771730587774e-01,-8.420513019721881376e-03,1.000000000000000000e+00,-1.138701915740966797e+00,6.145548224449157715e-01,6.402843594551086426e-01,6.472996473312377930e-01,6.487081646919250488e-01,6.610211133956909180e-01
4.379999999999797389e+00,1.860081339745705886e+00,-5.225922376734193353e-03,6.068296399969632660e-01,-1.488349093443108173e-01,-1.285242800600889246e-01,-7.536602393878551187e-03,1.000000000000000000e+00,-1.133105516433715820e+00,6.125329136848449707e-01,6.398333311080932617e-01,6.414005160331726074e-01,6.500963568687438965e-01,6.653519868850708008e-01
4.399999999999804068e+00,1.858435631776493846e+00,-6.398565391568522553e-03,5.759475751757535678e-01,-1.487152863002482173e-01,-1.283470717650630200e-01,-6.600073521579693202e-03,1.000000000000000000e+00,-1.128219604492187500e+00,6.118382811546325684e-01,6.397172808647155762e-01,6.365606784820556641e-01,6.511457562446594238e-01,6.689012050628662109e-01
4.419999999999810747e+00,1.856555899747413640e+00,-7.395832477693820017e-03,5.324985618994939607e-01,-1.464200102289212602e-01,-1.287205804084201599e-01,-5.630901979929318901e-03,1.000000000000000000e+00,-1.124381184577941895e+00,6.123676300048828125e-01,6.398822069168090820e-01,6.331377625465393066e-01,6.515316367149353027e-01,6.714545488357543945e-01
4.439999999999817426e+00,1.854384981538677923e+00,-8.191457039286975661e-03,4.779721738625838934e-01,-1.422666619947700606e-01,-1.295827683846826339e-01,-4.614943716268101945e-03,1.000000000000000000e+00,-1.121273398399353027e+00,6.139895319938659668e-01,6.403626799583435059e-01,6.307862997055053711e-01,6.511565446853637695e-01,6.732056140899658203e-01
4.459999999999824105e+00,1.851888347531333689e+00,-8.747262711694125947e-03,4.139781374070091724e-01,-1.367704507600024655e-01,-1.308404019173954047e-01,-3.507508849963827946e-03,1.000000000000000000e+00,-1.118377327919006348e+00,6.166766285896301270e-01,6.412285566329956055e-01,6.290729045867919922e-01,6.501309871673583984e-01,6.742857098579406738e-01
4.479999999999830784e+00,1.849054229121517512e+00,-9.020648458480051701e-03,3.421575300673800335e-01,-1.305671712178217980e-01,-1.323868920717392872e-01,-2.262901073527064533e-03,1.000000000000000000e+00,-1.115487694740295410e+00,6.203032732009887695e-01,6.424724459648132324e-01,6.277579069137573242e-01,6.487264037132263184e-01,6.747646927833557129e-01
4.499999999999837463e+00,1.845893089800969999e+00,-8.973327905941685945e-03,2.641473809337696044e-01,-1.243252450467193515e-01,-1.341034794964885424e-01,-8.418283172542109435e-04,1.000000000000000000e+00,-1.112740516662597656e+00,6.244521141052246094e-01,6.439535021781921387e-01,6.267717480659484863e-01,6.473000049591064453e-01,6.747547984123229980e-01
4.519999999999844142e+00,1.842436735576991946e+00,-8.578736425145561117e-03,1.815631429803528929e-01,-1.185995321758185894e-01,-1.358658719604262100e-01,7.673219803827752410e-04,1.000000000000000000e+00,-1.110304951667785645e+00,6.286578178405761719e-01,6.454896330833435059e-01,6.260950565338134766e-01,6.461229920387268066e-01,6.743910312652587891e-01
4.539999999999850822e+00,1.838737363051290874e+00,-7.826858788850254989e-03,9.597755306978238143e-02,-1.137514963534819179e-01,-1.375505329192023285e-01,2.541405775463554968e-03,1.000000000000000000e+00,-1.108222484588623047e+00,6.326917409896850586e-01,6.469679474830627441e-01,6.256965398788452148e-01,6.453056931495666504e-01,6.737531423568725586e-01
4.559999999999857501e+00,1.834866377365553358e+00,-6.726853342579830475e-03,8.893110089484790315e-03,-1.099492034532906365e-01,-1.390383478192664113e-01,4.423839421009918491e-03,1.000000000000000000e+00,-1.106421113014221191e+00,6.365880966186523438e-01,6.483643054962158203e-01,6.255261898040771484e-01,6.448704004287719727e-01,6.728447675704956055e-01
4.579999999999864180e+00,1.830912145815309700e+00,-5.308493167737016183e-03,-7.828469486743880323e-02,-1.072078188658836390e-01,-1.402180310573698241e-01,6.330791835426142870e-03,1.000000000000000000e+00,-1.104757428169250488e+00,6.405614018440246582e-01,6.497204303741455078e-01,6.255187392234802246e-01,6.448327898979187012e-01,6.716113090515136719e-01
4.599999999999870859e+00,1.826975699864138658e+00,-3.622533817252193700e-03,-1.642632779723394720e-01,-1.054603344435070811e-01,-1.409914487001902583e-01,8.162071161893698010e-03,1.000000000000000000e+00,-1.103091835975646973e+00,6.449236869812011719e-01,6.511185765266418457e-01,6.256288290023803711e-01,6.452239751815795898e-01,6.699625849723815918e-01
4.619999999999877538e+00,1.823162592491192502e+00,-1.729816511770954079e-03,-2.478262373136772001e-01,-1.046504325088504217e-01,-1.412836325170832852e-01,9.828887358012789247e-03,1.000000000000000000e+00,-1.101436138153076172e+00,6.499249935150146484e-01,6.526374220848083496e-01,6.258909702301025391e-01,6.460279226303100586e-01,6.678533554077148438e-01
4.639999999999884217e+00,1.819570355467863276e+00,3.138778138181419486e-04,-3.277460551231219932e-01,-1.048134831099681585e-01,-1.410546584534178582e-01,1.126362732769427277e-02,1.000000000000000000e+00,-1.100065708160400391e+00,6.555017232894897461e-01,6.542795300483703613e-01,6.264161467552185059e-01,6.470721364021301270e-01,6.654233932495117188e-01
4.659999999999890896e+00,1.816278711274567748e+00,2.454897288207524841e-03,-4.027488978925941598e-01,-1.060879059778013223e-01,-1.403037593069684785e-01,1.241679965769078645e-02,1.000000000000000000e+00,-1.099353194236755371e+00,6.613560318946838379e-01,6.559804677963256836e-01,6.273015141487121582e-01,6.480795741081237793e-01,6.629325747489929199e-01
4.679999999999897575e+00,1.813342310653767608e+00,4.638209778497437430e-03,-4.715044556658887220e-01,-1.086403735895025147e-01,-1.390808014259701797e-01,1.325919369872040690e-02,1.000000000000000000e+00,-1.099531054496765137e+00,6.672723889350891113e-01,6.576839089393615723e-01,6.285781860351562500e-01,6.488330960273742676e-01,6.605473756790161133e-01
4.699999999999904254e+00,1.810787501374202968e+00,6.811780146443568995e-03,-5.326572743816474498e-01,-1.126110995649035884e-01,-1.374709290966164843e-01,1.378913987822460475e-02,1.000000000000000000e+00,-1.100643754005432129e+00,6.731325387954711914e-01,6.593466401100158691e-01,6.302336454391479492e-01,6.492196917533874512e-01,6.582785844802856445e-01
4.719999999999910933e+00,1.808609094961837194e+00,8.928948385756030337e-03,-5.848607282546050001e-01,-1.179705310188968181e-01,-1.356077810276022366e-01,1.402435846595401735e-02,1.000000000000000000e+00,-1.102593183517456055e+00,6.787204742431640625e-01,6.608931422233581543e-01,6.322239637374877930e-01,6.491878032684326172e-01,6.560520529747009277e-01
4.739999999999917613e+00,1.806766480069139647e+00,1.094931344296407039e-02,-6.267816527457358289e-01,-1.244699764014920440e-01,-1.336456771581819580e-01,1.398558917586758057e-02,1.000000000000000000e+00,-1.105235219001770020e+00,6.837571263313293457e-01,6.622300744056701660e-01,6.345170140266418457e-01,6.487041115760803223e-01,6.537485122680664062e-01
4.759999999999924292e+00,1.805194469434404425e+00,1.284295811793251252e-02,-6.571795523038330700e-01,-1.316264558090995129e-01,-1.317455861206909828e-01,1.370240490840866215e-02,1.000000000000000000e+00,-1.108512997627258301e+00,6.880954504013061523e-01,6.632913947105407715e-01,6.371809244155883789e-01,6.477091312408447266e-01,6.512060165405273438e-01
4.779999999999930971e+00,1.803805653931457087e+00,1.459303766812025671e-02,-6.749887485572207968e-01,-1.387524673510587003e-01,-1.300640306785152689e-01,1.322076538777803949e-02,1.000000000000000000e+00,-1.112475752830505371e+00,6.917873024940490723e-01,6.640570163726806641e-01,6.404663324356079102e-01,6.461323499679565430e-01,6.482139825820922852e-01
4.799999999999937650e+00,1.802501497223082172e+00,1.619909530148427868e-02,-6.794254651946191048e-01,-1.450601897135275486e-01,-1.287301508166693031e-01,1.259801254073960632e-02,1.000000000000000000e+00,-1.117024779319763184e+00,6.948196887969970703e-01,6.645376682281494141e-01,6.446812152862548828e-01,6.440593600273132324e-01,6.446234583854675293e-01
4.819999999999944329e+00,1.801184313351582134e+00,1.766227285954169446e-02,-6.700867426003097593e-01,-1.497578604321332107e-01,-1.278415543601038595e-01,1.188180329990474494e-02,1.000000000000000000e+00,-1.121707320213317871e+00,6.969311833381652832e-01,6.647912859916687012e-01,6.497899293899536133e-01,6.418783068656921387e-01,6.405558586120605469e-01
4.839999999999951008e+00,1.799759699183796524e+00,1.898276527459841212e-02,-6.470344144390591801e-01,-1.522534545525667249e-01,-1.274533910976251572e-01,1.111204043295336424e-02,1.000000000000000000e+00,-1.125935673713684082e+00,6.978348493576049805e-01,6.648951172828674316e-01,6.551434397697448730e-01,6.400587558746337891e-01,6.364927291870117188e-01
4.859999999999957687e+00,1.798138957262690685e+00,2.015202046956920956e-02,-6.108213519526651814e-01,-1.522434151821733250e-01,-1.275882088630951594e-01,1.030374612672922512e-02,1.000000000000000000e+00,-1.129239678382873535e+00,6.974145770072937012e-01,6.648430824279785156e-01,6.597280502319335938e-01,6.388852596282958984e-01,6.331585645675659180e-01
4.879999999999964366e+00,1.796244910664775318e+00,2.114565804197565679e-02,-5.624365183297119763e-01,-1.498426455241987920e-01,-1.282292630354602281e-01,9.444756070301082995e-03,1.000000000000000000e+00,-1.131625771522521973e+00,6.957704424858093262e-01,6.645546555519104004e-01,6.630655527114868164e-01,6.383996605873107910e-01,6.309515833854675293e-01
4.899999999999971045e+00,1.794018921511364884e+00,2.192719974396056815e-02,-5.032122138922736632e-01,-1.455423232215839191e-01,-1.293259669402422318e-01,8.496095959749721052e-03,1.000000000000000000e+00,-1.133582592010498047e+00,6.930750012397766113e-01,6.639416217803955078e-01,6.653970479965209961e-01,6.385371685028076172e-01,6.298073530197143555e-01
4.919999999999977724e+00,1.791425639057365071e+00,2.245434581180272282e-02,-4.347107264518327852e-01,-1.400430771737411761e-01,-1.308015297359859941e-01,7.413113208738116022e-03,1.000000000000000000e+00,-1.135698795318603516e+00,6.892898082733154297e-01,6.629145145416259766e-01,6.671342849731445312e-01,6.392740011215209961e-01,6.296041607856750488e-01
4.939999999999984404e+00,1.788455161692353190e+00,2.268536364800033400e-02,-3.586072493048279575e-01,-1.340937308689982010e-01,-1.325571586360834719e-01,6.154870190626692168e-03,1.000000000000000000e+00,-1.138356566429138184e+00,6.843026876449584961e-01,6.614293456077575684e-01,6.685920953750610352e-01,6.405145525932312012e-01,6.302656531333923340e-01
4.959999999999991083e+00,1.785123012580311919e+00,2.258436016808934577e-02,-2.765933596885243317e-01,-1.283493796685621635e-01,-1.344741271587400755e-01,4.695849672098600068e-03,1.000000000000000000e+00,-1.141512751579284668e+00,6.783745288848876953e-01,6.596023440361022949e-01,6.698791384696960449e-01,6.419241428375244141e-01,6.316689252853393555e-01
4.979999999999997762e+00,1.781469376752194744e+00,2.212606357276453162e-02,-1.903212691452177974e-01,-1.232949893314880530e-01,-1.364198180749104095e-01,3.040294193690089384e-03,1.000000000000000000e+00,-1.144840955734252930e+00,6.720548868179321289e-01,6.576543450355529785e-01,6.709457039833068848e-01,6.431137919425964355e-01,6.336709856986999512e-01
5.000000000000004441e+00,1.777558714020358366e+00,2.130096514569074229e-02,-1.013880942551661501e-01,-1.192177635416217657e-01,-1.382554304806989376e-01,1.224226033256592709e-03,1.000000000000000000e+00,-1.147956132888793945e+00,6.658754944801330566e-01,6.557909250259399414e-01,6.716956496238708496e-01,6.438974142074584961e-01,6.360687017440795898e-01
5.020000000000011120e+00,1.773479252461708899e+00,2.012078217049806383e-02,-1.133877874242878239e-02,-1.162257095814289570e-01,-1.398421955018739060e-01,-6.855441271512444567e-04,1.000000000000000000e+00,-1.150584697723388672e+00,6.602101325988769531e-01,6.541294455528259277e-01,6.720735430717468262e-01,6.442855000495910645e-01,6.385472416877746582e-01
5.040000000000017799e+00,1.769340598697330069e+00,1.862293046102947436e-02,7.833526950804141353e-02,-1.143028514513004662e-01,-1.410479971121771092e-01,-2.594943450786516351e-03,1.000000000000000000e+00,-1.152654647827148438e+00,6.551970243453979492e-01,6.526539325714111328e-01,6.720945835113525391e-01,6.443729400634765625e-01,6.408203840255737305e-01
5.060000000000024478e+00,1.765266482456174124e+00,1.686644220724026200e-02,1.661896637914603014e-01,-1.133676330541184413e-01,-1.417590039848105887e-01,-4.403895760109235655e-03,1.000000000000000000e+00,-1.154210925102233887e+00,6.508235931396484375e-01,6.512864828109741211e-01,6.717960238456726074e-01,6.442524790763854980e-01,6.427561044692993164e-01
5.080000000000031157e+00,1.761379016999261360e+00,1.491083931428932585e-02,2.507511746832353228e-01,-1.133473506779259093e-01,-1.418970453071564386e-01,-6.027187015167623056e-03,1.000000000000000000e+00,-1.155322313308715820e+00,6.469919681549072266e-01,6.499799489974975586e-01,6.712182760238647461e-01,6.440113186836242676e-01,6.443605422973632812e-01
5.100000000000037836e+00,1.757783188663904816e+00,1.281361720370866042e-02,3.304745618058725909e-01,-1.142533794776180445e-01,-1.414292074828085721e-01,-7.393085794654684698e-03,1.000000000000000000e+00,-1.156003475189208984e+00,6.435298919677734375e-01,6.487302184104919434e-01,6.703900098800659180e-01,6.437603831291198730e-01,6.457095742225646973e-01
5.120000000000044516e+00,1.754557792031115948e+00,1.063608446563180099e-02,4.037392243729941987e-01,-1.161918189012659808e-01,-1.403831953040270419e-01,-8.445811868974632819e-03,1.000000000000000000e+00,-1.156198143959045410e+00,6.401880979537963867e-01,6.475287675857543945e-01,6.692867279052734375e-01,6.436251997947692871e-01,6.469079852104187012e-01
5.140000000000051195e+00,1.751743544449809509e+00,8.442140795379693419e-03,4.688653951616381654e-01,-1.193238670617815661e-01,-1.388387088033508909e-01,-9.157466989934137658e-03,1.000000000000000000e+00,-1.155781269073486328e+00,6.366518139839172363e-01,6.463356614112854004e-01,6.677994132041931152e-01,6.437342166900634766e-01,6.480713486671447754e-01
5.160000000000057874e+00,1.749345048983971473e+00,6.292153132723854458e-03,5.242049006493599839e-01,-1.236932376269107570e-01,-1.369416838841110429e-01,-9.527885007573079143e-03,1.000000000000000000e+00,-1.154563069343566895e+00,6.326168775558471680e-01,6.451034545898437500e-01,6.657478809356689453e-01,6.442072391510009766e-01,6.493188142776489258e-01
5.180000000000064553e+00,1.747320367343880854e+00,4.241792479484696177e-03,5.681660241864032734e-01,-1.291153912108377599e-01,-1.348757288970938717e-01,-9.568139658512393730e-03,1.000000000000000000e+00,-1.152394413948059082e+00,6.280291676521301270e-01,6.438307762145996094e-01,6.629792451858520508e-01,6.450389027595520020e-01,6.507910490036010742e-01
5.200000000000071232e+00,1.745594699735845357e+00,2.334197741303667417e-03,5.993445793350208328e-01,-1.351206028045865426e-01,-1.328398796004629234e-01,-9.300974629770874386e-03,1.000000000000000000e+00,-1.149312973022460938e+00,6.232198476791381836e-01,6.425669193267822266e-01,6.594514846801757812e-01,6.460338234901428223e-01,6.527390480041503906e-01
5.220000000000077911e+00,1.744065791052174408e+00,5.948310013162982912e-04,6.166506318261817388e-01,-1.409234559461227110e-01,-1.310300759540083959e-01,-8.773309899284511409e-03,1.000000000000000000e+00,-1.145303726196289062e+00,6.186513304710388184e-01,6.413871049880981445e-01,6.550290584564208984e-01,6.471097469329833984e-01,6.555539965629577637e-01
5.240000000000084590e+00,1.742619875503837346e+00,-9.723220718687586306e-04,6.194492290123229106e-01,-1.456130190703594784e-01,-1.296036646867288478e-01,-8.050806745194044253e-03,1.000000000000000000e+00,-1.140241026878356934e+00,6.148959398269653320e-01,6.404412388801574707e-01,6.495292186737060547e-01,6.483814120292663574e-01,6.594553589820861816e-01
5.260000000000091269e+00,1.741149332949759820e+00,-2.367721733727956579e-03,6.076677570771054082e-01,-1.484556545951192241e-01,-1.286759297434274807e-01,-7.196708085149166809e-03,1.000000000000000000e+00,-1.134592771530151367e+00,6.124292016029357910e-01,6.398546695709228516e-01,6.435183882713317871e-01,6.497883796691894531e-01,6.638690233230590820e-01
5.280000000000097948e+00,1.739556403968763654e+00,-3.594679446040249804e-03,5.818358876644287303e-01,-1.491267912024036302e-01,-1.283003362350452203e-01,-6.269276081913875698e-03,1.000000000000000000e+00,-1.129376173019409180e+00,6.113461256027221680e-01,6.396315693855285645e-01,6.381956934928894043e-01,6.509912014007568359e-01,6.677653789520263672e-01
5.300000000000104627e+00,1.737757640173462459e+00,-4.647634293882374479e-03,5.430080113636364114e-01,-1.475912066704140324e-01,-1.284806177694325646e-01,-5.299804846340920930e-03,1.000000000000000000e+00,-1.125182390213012695e+00,6.115532517433166504e-01,6.397146582603454590e-01,6.342539191246032715e-01,6.516294479370117188e-01,6.706619262695312500e-01
5.320000000000111307e+00,1.735688855186965363e+00,-5.505447907192706491e-03,4.925819723892684854e-01,-1.440843538094331577e-01,-1.291695550331753983e-01,-4.287579527373176075e-03,1.000000000000000000e+00,-1.121904730796813965e+00,6.128795742988586426e-01,6.400994062423706055e-01,6.315568089485168457e-01,6.515216231346130371e-01,6.726636290550231934e-01
5.340000000000117986e+00,1.733307969523486758e+00,-6.133659967768823051e-03,4.321240771299775796e-01,-1.390496249051447752e-01,-1.302834516463743375e-01,-3.196896932936996606e-03,1.000000000000000000e+00,-1.119014024734497070e+00,6.152438521385192871e-01,6.408441066741943359e-01,6.296434998512268066e-01,6.507093906402587891e-01,6.739550232887268066e-01
5.360000000000124665e+00,1.730595485441657644e+00,-6.490741643869923916e-03,3.632568443266984692e-01,-1.330741129879516871e-01,-1.317206275153838813e-01,-1.984485821582968133e-03,1.000000000000000000e+00,-1.116134881973266602e+00,6.186091303825378418e-01,6.419803500175476074e-01,6.281856298446655273e-01,6.494002342224121094e-01,6.746231913566589355e-01
5.380000000000131344e+00,1.727554111639613144e+00,-6.536630300493617707e-03,2.876098625349279847e-01,-1.268219190761520621e-01,-1.333668558899823720e-01,-6.085170028270025632e-04,1.000000000000000000e+00,-1.113304615020751953e+00,6.226750612258911133e-01,6.434146761894226074e-01,6.270636320114135742e-01,6.479312777519226074e-01,6.747627258300781250e-01
5.400000000000138023e+00,1.724207980608622570e+00,-6.240770809035012245e-03,2.068000293663328215e-01,-1.208961627710912201e-01,-1.351006615526318400e-01,9.524018757621851737e-04,1.000000000000000000e+00,-1.110726833343505859e+00,6.269416809082031250e-01,6.449615359306335449e-01,6.262592673301696777e-01,6.466311812400817871e-01,6.745059490203857422e-01
5.420000000000144702e+00,1.720601737194302761e+00,-5.587806411046614130e-03,1.224122923883761149e-01,-1.157284971742404689e-01,-1.367993360625893162e-01,2.686126187982439562e-03,1.000000000000000000e+00,-1.108505487442016602e+00,6.310652494430541992e-01,6.464728713035583496e-01,6.257524490356445312e-01,6.456750035285949707e-01,6.739544272422790527e-01
5.440000000000151381e+00,1.716799527694791827e+00,-4.580763495938611207e-03,3.597287902072801580e-02,-1.115529541942538450e-01,-1.383435230770348190e-01,4.546581070504270017e-03,1.000000000000000000e+00,-1.106602907180786133e+00,6.349944472312927246e-01,6.478950977325439453e-01,6.254970431327819824e-01,6.451086401939392090e-01,6.731342673301696777e-01
5.460000000000158060e+00,1.712883243101717134e+00,-3.242748899647984739e-03,-5.107957295483432636e-02,-1.084361392829666648e-01,-1.396203220866055750e-01,6.458437868154964616e-03,1.000000000000000000e+00,-1.104888916015625000e+00,6.388981342315673828e-01,6.492520570755004883e-01,6.254266500473022461e-01,6.449438929557800293e-01,6.720069646835327148e-01
5.480000000000164739e+00,1.708949085807790702e+00,-1.617881337186100055e-03,-1.374151852931330964e-01,-1.063381808988286686e-01,-1.405276183853669814e-01,8.325374123731455606e-03,1.000000000000000000e+00,-1.103208780288696289e+00,6.430730819702148438e-01,6.506178975105285645e-01,6.254829168319702148e-01,6.452073454856872559e-01,6.704905033111572266e-01
5.500000000000171418e+00,1.705101160290145579e+00,2.339343654582104470e-04,-2.218019911459392646e-01,-1.051988223900931219e-01,-1.409820890570504248e-01,1.005291635809300518e-02,1.000000000000000000e+00,-1.101513504981994629e+00,6.478174924850463867e-01,6.520807743072509766e-01,6.256729960441589355e-01,6.459029316902160645e-01,6.685190200805664062e-01
5.520000000000178098e+00,1.701440225530850725e+00,2.254986057680596900e-03,-3.030224020412518038e-01,-1.050241285335026253e-01,-1.409311429840864882e-01,1.156745047053133954e-02,1.000000000000000000e+00,-1.099998354911804199e+00,6.531830430030822754e-01,6.536727547645568848e-01,6.260885000228881836e-01,6.469034552574157715e-01,6.661788225173950195e-01
5.540000000000184777e+00,1.698051942077028809e+00,4.391658132953946136e-03,-3.798205667198554791e-01,-1.059200204494378378e-01,-1.403605728503575512e-01,1.281453583355261772e-02,1.000000000000000000e+00,-1.099023222923278809e+00,6.589182019233703613e-01,6.553440093994140625e-01,6.268329024314880371e-01,6.479479074478149414e-01,6.637153029441833496e-01
5.560000000000191456e+00,1.695001277908608106e+00,6.589337172191511716e-03,-4.508885956186488020e-01,-1.080462743850120061e-01,-1.393016863320283016e-01,1.375817464824552472e-02,1.000000000000000000e+00,-1.098868012428283691e+00,6.647736430168151855e-01,6.570336818695068359e-01,6.279557943344116211e-01,6.487984657287597656e-01,6.613296270370483398e-01
5.580000000000198135e+00,1.692322038569964882e+00,8.794052208027258732e-03,-5.148687830627327600e-01,-1.115577982615909014e-01,-1.378256268614188873e-01,1.438781636496760767e-02,1.000000000000000000e+00,-1.099637746810913086e+00,6.706323027610778809e-01,6.587032675743103027e-01,6.294611692428588867e-01,6.493176817893981934e-01,6.590708494186401367e-01
5.600000000000204814e+00,1.690023456915954903e+00,1.095753455762610296e-02,-5.704225115977387128e-01,-1.164888023119924343e-01,-1.360493580861243945e-01,1.471687090627032783e-02,1.000000000000000000e+00,-1.101287603378295898e+00,6.763375997543334961e-01,6.602947711944580078e-01,6.313226819038391113e-01,6.494389176368713379e-01,6.568830609321594238e-01
5.620000000000211493e+00,1.688075547534459542e+00,1.303677051777724083e-02,-6.162073886157083402e-01,-1.226632244180589498e-01,-1.341211250263453503e-01,1.476468146974353399e-02,1.000000000000000000e+00,-1.103683352470397949e+00,6.816166043281555176e-01,6.617175340652465820e-01,6.335027813911437988e-01,6.491262912750244141e-01,6.546608805656433105e-01
5.640000000000218172e+00,1.686422068086529613e+00,1.499764051370056084e-02,-6.509493179509387994e-01,-1.296757575829514952e-01,-1.321986287260286386e-01,1.455658325917828615e-02,1.000000000000000000e+00,-1.106723070144653320e+00,6.862392425537109375e-01,6.628877520561218262e-01,6.360223889350891113e-01,6.483318209648132324e-01,6.522605419158935547e-01
5.660000000000224851e+00,1.684983187981882402e+00,1.681825429717703768e-02,-6.735139195675670098e-01,-1.368977428918684569e-01,-1.304417178016324397e-01,1.413201021796976591e-02,1.000000000000000000e+00,-1.110434055328369141e+00,6.901864409446716309e-01,6.637659072875976562e-01,6.390677690505981445e-01,6.469749212265014648e-01,6.494796872138977051e-01
5.680000000000231530e+00,1.683663590764241658e+00,1.849235518352393415e-02,-6.830100531565148625e-01,-1.435812031442151027e-01,-1.289868748600214998e-01,1.354805672414713565e-02,1.000000000000000000e+00,-1.114820957183837891e+00,6.934967041015625000e-01,6.643469929695129395e-01,6.429708003997802734e-01,6.450523734092712402e-01,6.461102366447448730e-01
5.700000000000238209e+00,1.682364557317992837e+00,2.002196779071502286e-02,-6.788873042386361911e-01,-1.489139641885487142e-01,-1.279451945932330581e-01,1.285336451594829531e-02,1.000000000000000000e+00,-1.119556427001953125e+00,6.959869265556335449e-01,6.646698713302612305e-01,6.478725075721740723e-01,6.428485512733459473e-01,6.421458125114440918e-01
5.720000000000244889e+00,1.680991618357030593e+00,2.140734631671159516e-02,-6.610262659738920243e-01,-1.522286498275841338e-01,-1.273840151141320542e-01,1.209202124777349063e-02,1.000000000000000000e+00,-1.124057173728942871e+00,6.973574161529541016e-01,6.648247241973876953e-01,6.533212065696716309e-01,6.408506631851196289e-01,6.379532217979431152e-01
5.740000000000251568e+00,1.679454231838150680e+00,2.264450474020662796e-02,-6.297954838188166704e-01,-1.531081337294327438e-01,-1.273375224856305166e-01,1.128960523630322642e-02,1.000000000000000000e+00,-1.127770781517028809e+00,6.974362134933471680e-01,6.648445725440979004e-01,6.583176255226135254e-01,6.394256353378295898e-01,6.342452168464660645e-01
5.760000000000258247e+00,1.677670697557251955e+00,2.371489575174601239e-02,-5.860216222741970737e-01,-1.515085503008950230e-01,-1.278031882504791217e-01,1.044370059241337897e-02,1.000000000000000000e+00,-1.130479454994201660e+00,6.962449550628662109e-01,6.646622419357299805e-01,6.620902419090270996e-01,6.386981010437011719e-01,6.316164135932922363e-01
5.780000000000264926e+00,1.675575277177756561e+00,2.458628080468300281e-02,-5.309104109807024630e-01,-1.478017982347779868e-01,-1.287418570060503697e-01,9.525986228143372425e-03,1.000000000000000000e+00,-1.132535457611083984e+00,6.939573287963867188e-01,6.641880869865417480e-01,6.647101640701293945e-01,6.386201381683349609e-01,6.301070451736450195e-01
5.800000000000271605e+00,1.673123821139259171e+00,2.521834622947782822e-02,-4.659413484723723964e-01,-1.426347304234579783e-01,-1.300850335257409951e-01,8.490451959092338088e-03,1.000000000000000000e+00,-1.134538173675537109e+00,6.906267404556274414e-01,6.633354425430297852e-01,6.665937900543212891e-01,6.391513347625732422e-01,6.295654177665710449e-01
5.820000000000278284e+00,1.670296904172015928e+00,2.556922332100752815e-02,-3.927503955731285190e-01,-1.367468228406111819e-01,-1.317440459936607133e-01,7.296112544122982345e-03,1.000000000000000000e+00,-1.136985301971435547e+00,6.861139535903930664e-01,6.620284914970397949e-01,6.681088805198669434e-01,6.402412652969360352e-01,6.299060583114624023e-01
5.840000000000284963e+00,1.667100501529181322e+00,2.560104863555395793e-02,-3.130230186699720085e-01,-1.308360768464399693e-01,-1.336082138259388763e-01,5.910561483513342151e-03,1.000000000000000000e+00,-1.139994621276855469e+00,6.805167198181152344e-01,6.603186726570129395e-01,6.694390773773193359e-01,6.416358351707458496e-01,6.310306787490844727e-01
5.860000000000291642e+00,1.663565364002401292e+00,2.528467950120760754e-02,-2.284217872371628599e-01,-1.254541446431935159e-01,-1.355503366318474845e-01,4.327298263457924135e-03,1.000000000000000000e+00,-1.143322229385375977e+00,6.743135452270507812e-01,6.584032773971557617e-01,6.705836653709411621e-01,6.429275870323181152e-01,6.328085660934448242e-01
5.880000000000298321e+00,1.659746512440876565e+00,2.460452800969059606e-02,-1.405569761920931748e-01,-1.209662961026562039e-01,-1.374344302931743700e-01,2.570571493182427416e-03,1.000000000000000000e+00,-1.146608829498291016e+00,6.680309772491455078e-01,6.564931273460388184e-01,6.714633703231811523e-01,6.438505649566650391e-01,6.350907087326049805e-01
5.900000000000305000e+00,1.655722972612758248e+00,2.356390808111163970e-02,-5.098515395153280227e-02,-1.175405744523002061e-01,-1.391221724670959614e-01,6.954431987515162375e-04,1.000000000000000000e+00,-1.149499177932739258e+00,6.621171832084655762e-01,6.547461748123168945e-01,6.719905734062194824e-01,6.443583965301513672e-01,6.375973820686340332e-01
5.920000000000311680e+00,1.651596377904546831e+00,2.219008048360054941e-02,3.878769279897249095e-02,-1.151989984971575898e-01,-1.404790223952315786e-01,-1.214539538667289099e-03,1.000000000000000000e+00,-1.151814341545104980e+00,6.568277478218078613e-01,6.532016396522521973e-01,6.721446514129638672e-01,6.445302367210388184e-01,6.399899125099182129e-01
5.940000000000318359e+00,1.647486102547520037e+00,2.053543231642407374e-02,1.273081412030482307e-01,-1.138816019199917207e-01,-1.413831304271851164e-01,-3.059244820220366045e-03,1.000000000000000000e+00,-1.153562784194946289e+00,6.522073745727539062e-01,6.517958641052246094e-01,6.719577312469482422e-01,6.444656848907470703e-01,6.420628428459167480e-01
5.960000000000325038e+00,1.643516452410807460e+00,1.865981340903616337e-02,2.131202049839637791e-01,-1.135099002000433122e-01,-1.417417634414390448e-01,-4.749783395634290563e-03,1.000000000000000000e+00,-1.154827117919921875e+00,6.481725573539733887e-01,6.504623293876647949e-01,6.714727878570556641e-01,6.442500948905944824e-01,6.437860727310180664e-01
5.980000000000331717e+00,1.639799385535074094e+00,1.661963708329333711e-02,2.947016631989747837e-01,-1.140589674264251285e-01,-1.415052649898204951e-01,-6.211132976219124920e-03,1.000000000000000000e+00,-1.155654072761535645e+00,6.445676088333129883e-01,6.491836905479431152e-01,6.707291603088378906e-01,6.439843177795410156e-01,6.452217102050781250e-01
6.000000000000338396e+00,1.636425404095707137e+00,1.447383431779614149e-02,3.704561626105405958e-01,-1.156058843757366006e-01,-1.406747403312134659e-01,-7.382270967842727641e-03,1.000000000000000000e+00,-1.156015992164611816e+00,6.411651968955993652e-01,6.479561328887939453e-01,6.697270274162292480e-01,6.437887549400329590e-01,6.464702486991882324e-01
6.020000000000345075e+00,1.633447918501209184e+00,1.228599204821723134e-02,4.387127361026116334e-01,-1.182915234325351145e-01,-1.393141360724600708e-01,-8.223132420260396980e-03,1.000000000000000000e+00,-1.155815482139587402e+00,6.376739740371704102e-01,6.467505097389221191e-01,6.683909893035888672e-01,6.437879800796508789e-01,6.476437449455261230e-01
6.040000000000351754e+00,1.630888231686454359e+00,1.011744533511166333e-02,4.978138011864603474e-01,-1.222183680129809713e-01,-1.375428306860278782e-01,-8.724718289653519282e-03,1.000000000000000000e+00,-1.154882311820983887e+00,6.337714791297912598e-01,6.455164551734924316e-01,6.665636301040649414e-01,6.441101431846618652e-01,6.488580703735351562e-01
6.060000000000358433e+00,1.628719966230815830e+00,8.026583837905665320e-03,5.461392654774744893e-01,-1.272857066777045854e-01,-1.355335195431752460e-01,-8.893884815943785965e-03,1.000000000000000000e+00,-1.153027534484863281e+00,6.292816996574401855e-01,6.442325711250305176e-01,6.640701293945312500e-01,6.448228359222412109e-01,6.502327919006347656e-01
6.080000000000365112e+00,1.626880651505786535e+00,6.062449113849899263e-03,5.822107931044810947e-01,-1.331316803655644143e-01,-1.334798401286798053e-01,-8.745847503473789739e-03,1.000000000000000000e+00,-1.150218009948730469e+00,6.244208812713623047e-01,6.429412364959716797e-01,6.608361601829528809e-01,6.457931995391845703e-01,6.519628167152404785e-01
6.100000000000371791e+00,1.625277371918054214e+00,4.258618677267567154e-03,6.048137450534492032e-01,-1.390841286965462109e-01,-1.315811644575471395e-01,-8.315561600835989428e-03,1.000000000000000000e+00,-1.146509766578674316e+00,6.196463704109191895e-01,6.417115330696105957e-01,6.567970514297485352e-01,6.468520164489746094e-01,6.544061899185180664e-01
6.120000000000378471e+00,1.623799212755127952e+00,2.627351932041221971e-03,6.131377021243085146e-01,-1.442543350622393361e-01,-1.300097153035559283e-01,-7.664604358605583805e-03,1.000000000000000000e+00,-1.141781449317932129e+00,6.154908537864685059e-01,6.406657099723815918e-01,6.517330408096313477e-01,6.480588316917419434e-01,6.579097509384155273e-01
6.140000000000385150e+00,1.622335543041963479e+00,1.170069541893414833e-03,6.068961949291388214e-01,-1.478077766627142464e-01,-1.288981347360383944e-01,-6.853766406504431530e-03,1.000000000000000000e+00,-1.136215806007385254e+00,6.125279068946838379e-01,6.399440765380859375e-01,6.458218097686767578e-01,6.494473814964294434e-01,6.622416973114013672e-01
6.160000000000391829e+00,1.620785713124238692e+00,-1.148462790691584523e-04,5.863929926879821730e-01,-1.492880232689012543e-01,-1.283199132179126956e-01,-5.944853791685795856e-03,1.000000000000000000e+00,-1.130737662315368652e+00,6.109986305236816406e-01,6.395910382270812988e-01,6.401237249374389648e-01,6.507577896118164062e-01,6.664250493049621582e-01
6.180000000000398508e+00,1.619061287214547118e+00,-1.225854789892955043e-03,5.524981946730364024e-01,-1.485590509099538048e-01,-1.282970055688796296e-01,-4.980432336622812872e-03,1.000000000000000000e+00,-1.126149654388427734e+00,6.108342409133911133e-01,6.395760178565979004e-01,6.356188058853149414e-01,6.516264677047729492e-01,6.697094440460205078e-01
6.200000000000405187e+00,1.617091167823009323e+00,-2.147137285633260451e-03,5.064927041356832582e-01,-1.457646485348907950e-01,-1.287996747777686302e-01,-3.972256257961315901e-03,1.000000000000000000e+00,-1.122604489326477051e+00,6.118524670600891113e-01,6.398664712905883789e-01,6.324853301048278809e-01,6.517973542213439941e-01,6.720106005668640137e-01
6.220000000000411866e+00,1.614825556177841737e+00,-2.848672481367775511e-03,4.498837956984752529e-01,-1.412745866247609727e-01,-1.297559697746284157e-01,-2.898609286105514622e-03,1.000000000000000000e+00,-1.119668006896972656e+00,6.138956546783447266e-01,6.404930949211120605e-01,6.303161978721618652e-01,6.512343883514404297e-01,6.735344529151916504e-01
6.240000000000418545e+00,1.612237001583462170e+00,-3.290973126556295814e-03,3.842685905822547099e-01,-1.356237400050709918e-01,-1.310685781437761488e-01,-1.717151030681883560e-03,1.000000000000000000e+00,-1.116825103759765625e+00,6.169466376304626465e-01,6.415053009986877441e-01,6.286988854408264160e-01,6.500800251960754395e-01,6.744084954261779785e-01
6.260000000000425224e+00,1.609320211772715004e+00,-3.433016588021919890e-03,3.112658591225993532e-01,-1.294461473732047563e-01,-1.326292144534648443e-01,-3.865080610674898574e-04,1.000000000000000000e+00,-1.113955378532409668e+00,6.208481192588806152e-01,6.428639888763427734e-01,6.274366974830627441e-01,6.486209630966186523e-01,6.747188568115234375e-01
6.280000000000431903e+00,1.606091385317685027e+00,-3.240693745921674473e-03,2.324904724373538512e-01,-1.233763068373412708e-01,-1.343199453666359955e-01,1.122946753170259116e-03,1.000000000000000000e+00,-1.111248731613159180e+00,6.251369714736938477e-01,6.444039940834045410e-01,6.264940500259399414e-01,6.472144722938537598e-01,6.745870113372802734e-01
6.300000000000438583e+00,1.602587350001509758e+00,-2.693404186487668994e-03,1.495358248872574181e-01,-1.179146851621202668e-01,-1.360193104500907468e-01,2.810061704546800657e-03,1.000000000000000000e+00,-1.108877301216125488e+00,6.293606758117675781e-01,6.459466814994812012e-01,6.258649230003356934e-01,6.461115479469299316e-01,6.741304993629455566e-01
6.320000000000445262e+00,1.598864657392417676e+00,-1.787988834863585286e-03,6.394876502444424293e-02,-1.133665442985497818e-01,-1.376079541454674759e-01,4.639993956793141486e-03,1.000000000000000000e+00,-1.106855154037475586e+00,6.333560943603515625e-01,6.474020481109619141e-01,6.255118250846862793e-01,6.454012989997863770e-01,6.734007000923156738e-01
6.340000000000451941e+00,1.594998212837180684e+00,-5.407699612653416033e-04,-2.280041903048229956e-02,-1.098571493124428228e-01,-1.389717742133479705e-01,6.546944782688810319e-03,1.000000000000000000e+00,-1.105073332786560059e+00,6.372296214103698730e-01,6.487711071968078613e-01,6.253694891929626465e-01,6.450995802879333496e-01,6.723778843879699707e-01
6.360000000000458620e+00,1.591078578351449835e+00,1.011315534362899893e-03,-1.093431616097144538e-01,-1.073834896048404958e-01,-1.400055093646765669e-01,8.441139382124948284e-03,1.000000000000000000e+00,-1.103372693061828613e+00,6.412511467933654785e-01,6.501158475875854492e-01,6.253699660301208496e-01,6.452255845069885254e-01,6.709917783737182617e-01
6.380000000000465299e+00,1.587206941272121696e+00,2.811992015237463338e-03,-1.944197866229121774e-01,-1.058922909605498480e-01,-1.406188982303287205e-01,1.022434899349228439e-02,1.000000000000000000e+00,-1.101656675338745117e+00,6.457428932189941406e-01,6.515268087387084961e-01,6.254954934120178223e-01,6.457944512367248535e-01,6.691659688949584961e-01
6.400000000000471978e+00,1.583485747569188584e+00,4.801454863812559815e-03,-2.768172165147244068e-01,-1.053669933296084577e-01,-1.407476111922677520e-01,1.181628802178305050e-02,1.000000000000000000e+00,-1.100035905838012695e+00,6.508652567863464355e-01,6.530629992485046387e-01,6.258129477500915527e-01,6.467223167419433594e-01,6.669353842735290527e-01
6.420000000000478657e+00,1.580006300793542318e+00,6.925308696881904424e-03,-3.552960165514121305e-01,-1.058799204191135657e-01,-1.403638392575402294e-01,1.315726432183500667e-02,1.000000000000000000e+00,-1.098830938339233398e+00,6.564475297927856445e-01,6.546970009803771973e-01,6.264233589172363281e-01,6.477773785591125488e-01,6.645146012306213379e-01
6.440000000000485336e+00,1.576841602132445397e+00,9.129562431619886453e-03,-4.285681934856317432e-01,-1.075800838608590437e-01,-1.394786920276902265e-01,1.420531110238842931e-02,1.000000000000000000e+00,-1.098352670669555664e+00,6.622202396392822266e-01,6.563667654991149902e-01,6.273911595344543457e-01,6.487088799476623535e-01,6.621297001838684082e-01
6.460000000000492015e+00,1.574036196382494035e+00,1.135935325349723968e-02,-4.952906105613470999e-01,-1.106168054404405021e-01,-1.381533355455244472e-01,1.494004860560614947e-02,1.000000000000000000e+00,-1.098763227462768555e+00,6.680411696434020996e-01,6.580317616462707520e-01,6.287361383438110352e-01,6.493535041809082031e-01,6.598721742630004883e-01
6.480000000000498694e+00,1.571609920620843370e+00,1.356422392897627116e-02,-5.541189386934018968e-01,-1.150824122584278159e-01,-1.364837733699748590e-01,1.536831811603411001e-02,1.000000000000000000e+00,-1.100077152252197266e+00,6.738069653511047363e-01,6.596512198448181152e-01,6.304514408111572266e-01,6.496268510818481445e-01,6.577095985412597656e-01
6.500000000000505374e+00,1.569546632153882459e+00,1.569898051849527576e-02,-6.037124632795012324e-01,-1.208740276811393205e-01,-1.346091976895079367e-01,1.550898796533268717e-02,1.000000000000000000e+00,-1.102192997932434082e+00,6.792823076248168945e-01,6.611447930335998535e-01,6.325051188468933105e-01,6.494839191436767578e-01,6.555531620979309082e-01
6.520000000000512053e+00,1.567799221430013823e+00,1.772565252430730043e-02,-6.427690348768509976e-01,-1.276659958521973448e-01,-1.326833088815115580e-01,1.538416576841189660e-02,1.000000000000000000e+00,-1.104984283447265625e+00,6.841892004013061523e-01,6.624196171760559082e-01,6.348890066146850586e-01,6.488847732543945312e-01,6.532749533653259277e-01
6.540000000000518732e+00,1.566296743768671895e+00,1.961763430696766841e-02,-6.700994744123039970e-01,-1.349042723511879593e-01,-1.308649029559948995e-01,1.502718941182889546e-02,1.000000000000000000e+00,-1.108428359031677246e+00,6.884106397628784180e-01,6.634142994880676270e-01,6.377191543579101562e-01,6.477557420730590820e-01,6.506935954093933105e-01
6.560000000000525411e+00,1.564948613300946256e+00,2.136207785375304757e-02,-6.847149700010660700e-01,-1.418800872090967835e-01,-1.292990822211601831e-01,1.448946492470126919e-02,1.000000000000000000e+00,-1.112583041191101074e+00,6.919888257980346680e-01,6.641079783439636230e-01,6.413003802299499512e-01,6.460351347923278809e-01,6.475749611854553223e-01
6.580000000000532090e+00,1.563656281521571323e+00,2.296058262825356744e-02,-6.859282129579894471e-01,-1.477882821253800327e-01,-1.281084504716031025e-01,1.382327827121467186e-02,1.000000000000000000e+00,-1.117275118827819824e+00,6.948305964469909668e-01,6.645161509513854980e-01,6.459094882011413574e-01,6.438815593719482422e-01,6.437936425209045410e-01
6.600000000000538769e+00,1.562324926741307518e+00,2.441306286063421593e-02,-6.734466571184615225e-01,-1.518956195290260824e-01,-1.273747845777578325e-01,1.307519321133465522e-02,1.000000000000000000e+00,-1.121971368789672852e+00,6.966516375541687012e-01,6.647225022315979004e-01,6.513223648071289062e-01,6.417499184608459473e-01,6.395767331123352051e-01
6.620000000000545448e+00,1.560862594966915484e+00,2.571841653337225697e-02,-6.474463831552429438e-01,-1.536899049584650734e-01,-1.271426052678658603e-01,1.227995066660344387e-02,1.000000000000000000e+00,-1.126076459884643555e+00,6.972392201423645020e-01,6.648021340370178223e-01,6.566586494445800781e-01,6.400821805000305176e-01,6.355575323104858398e-01
6.640000000000552127e+00,1.559184138910072903e+00,2.686430014838298019e-02,-6.085772660816851642e-01,-1.529740463986273835e-01,-1.274235912946425353e-01,1.144543063214463821e-02,1.000000000000000000e+00,-1.129184603691101074e+00,6.965444087982177734e-01,6.647170782089233398e-01,6.609157323837280273e-01,6.390950083732604980e-01,6.324816346168518066e-01
6.660000000000558806e+00,1.557217379531140811e+00,2.782348564654446577e-02,-5.579000297142731046e-01,-1.499753355794335719e-01,-1.281911822712195059e-01,1.055334595476884255e-02,1.000000000000000000e+00,-1.131442070007324219e+00,6.946933865547180176e-01,6.643751859664916992e-01,6.638988852500915527e-01,6.387847661972045898e-01,6.305689811706542969e-01
6.680000000000565485e+00,1.554909624793552325e+00,2.855851038511636464e-02,-4.967915075711265005e-01,-1.452568511772010795e-01,-1.293873044496736124e-01,9.560930314851744105e-03,1.000000000000000000e+00,-1.133404850959777832e+00,6.918123364448547363e-01,6.636918783187866211e-01,6.659864783287048340e-01,6.390974521636962891e-01,6.296698451042175293e-01
6.700000000000572165e+00,1.552231793831790441e+00,2.902805385936063631e-02,-4.268311393894471117e-01,-1.395312194292567531e-01,-1.309330505436665515e-01,8.427192323639984620e-03,1.000000000000000000e+00,-1.135651588439941406e+00,6.878029108047485352e-01,6.625774502754211426e-01,6.675893068313598633e-01,6.400001645088195801e-01,6.296679377555847168e-01
6.720000000000578844e+00,1.549179977787669582e+00,2.919284936286736798e-02,-3.496873991813037597e-01,-1.335272988691084961e-01,-1.327261558727061419e-01,7.115521730845794125e-03,1.000000000000000000e+00,-1.138467907905578613e+00,6.826198697090148926e-01,6.610190868377685547e-01,6.689642071723937988e-01,6.413248777389526367e-01,6.304857730865478516e-01
6.740000000000585523e+00,1.545775168789112142e+00,2.902049859588473613e-02,-2.670297681230967002e-01,-1.278559631783567907e-01,-1.346462479918298649e-01,5.608764806851256404e-03,1.000000000000000000e+00,-1.141721248626708984e+00,6.766288876533508301e-01,6.591721773147583008e-01,6.701692938804626465e-01,6.426885724067687988e-01,6.320020556449890137e-01
6.760000000000592202e+00,1.542062660456529954e+00,2.849005445750585341e-02,-1.804830202197396094e-01,-1.229607019511448490e-01,-1.365611278866585565e-01,3.919450711166810007e-03,1.000000000000000000e+00,-1.145100235939025879e+00,6.703441143035888672e-01,6.572482585906982422e-01,6.711567044258117676e-01,6.437518000602722168e-01,6.340997815132141113e-01
6.780000000000598881e+00,1.538111830880515951e+00,2.759708412829398050e-02,-9.161718633254307964e-02,-1.190858149627273543e-01,-1.383338098927167359e-01,2.090576654354994908e-03,1.000000000000000000e+00,-1.148236751556396484e+00,6.642290949821472168e-01,6.554245948791503906e-01,6.718354225158691406e-01,6.443960666656494141e-01,6.365708112716674805e-01
6.800000000000605560e+00,1.534015437326416542e+00,2.635896212939697891e-02,-1.951540551624544526e-03,-1.162991307630589360e-01,-1.398284849972697419e-01,1.940916761944899639e-04,1.000000000000000000e+00,-1.150832056999206543e+00,6.586501598358154297e-01,6.537973284721374512e-01,6.721396446228027344e-01,6.446681022644042969e-01,6.390626430511474609e-01
6.820000000000612239e+00,1.529886524787579027e+00,2.481867938563314668e-02,8.704612170061130916e-02,-1.145671065016864998e-01,-1.409175618626010151e-01,-1.674416623454930229e-03,1.000000000000000000e+00,-1.152812004089355469e+00,6.537514925003051758e-01,6.523395180702209473e-01,6.720798015594482422e-01,6.446707248687744141e-01,6.412835121154785156e-01
6.840000000000618918e+00,1.525849086059474446e+00,2.303497309193486275e-02,1.739315407678984904e-01,-1.138164279465711942e-01,-1.414955994683574358e-01,-3.422300953157606310e-03,1.000000000000000000e+00,-1.154252767562866211e+00,6.494855284690856934e-01,6.509754061698913574e-01,6.716991662979125977e-01,6.444935798645019531e-01,6.431425213813781738e-01
6.860000000000625597e+00,1.522021064892677300e+00,2.106406097748181327e-02,2.572064363490613736e-01,-1.139969561364577444e-01,-1.414959599396264645e-01,-4.971174805051614860e-03,1.000000000000000000e+00,-1.155233144760131836e+00,6.457094550132751465e-01,6.496680974960327148e-01,6.710441112518310547e-01,6.442282199859619141e-01,6.446818709373474121e-01
6.880000000000632276e+00,1.518501848098387175e+00,1.896262526521702574e-02,3.352973862624735180e-01,-1.151481983780963253e-01,-1.408973333082695067e-01,-6.255132815153303417e-03,1.000000000000000000e+00,-1.155759215354919434e+00,6.422148346900939941e-01,6.484122276306152344e-01,6.701360344886779785e-01,6.439881920814514160e-01,6.459965109825134277e-01
6.900000000000638956e+00,1.515360703754248028e+00,1.679221202102620936e-02,4.065583095960986215e-01,-1.173843019568377999e-01,-1.397425632164736864e-01,-7.224671414222314653e-03,1.000000000000000000e+00,-1.155761718750000000e+00,6.387338638305664062e-01,6.471893787384033203e-01,6.689317822456359863e-01,6.438943743705749512e-01,6.471962332725524902e-01
6.920000000000645635e+00,1.512631430418622358e+00,1.461554912207568835e-02,4.693149682930706224e-01,-1.208426198138592700e-01,-1.381246864624673665e-01,-7.859784820008456838e-03,1.000000000000000000e+00,-1.155099034309387207e+00,6.349513530731201172e-01,6.459534764289855957e-01,6.673049926757812500e-01,6.440726518630981445e-01,6.483944058418273926e-01
6.940000000000652314e+00,1.510306903021321423e+00,1.249238568012978057e-02,5.219338376879140151e-01,-1.255007922547617394e-01,-1.362006905895978559e-01,-8.162670715388575110e-03,1.000000000000000000e+00,-1.153574347496032715e+00,6.306096315383911133e-01,6.446671485900878906e-01,6.650798916816711426e-01,6.446334123611450195e-01,6.497007012367248535e-01
6.960000000000658993e+00,1.508337606677089937e+00,1.047669831388248207e-02,5.628737745317892172e-01,-1.310976469223539276e-01,-1.341568905324827254e-01,-8.142746962560305085e-03,1.000000000000000000e+00,-1.151071429252624512e+00,6.257683038711547852e-01,6.433536410331726074e-01,6.621380448341369629e-01,6.455373167991638184e-01,6.512624025344848633e-01
6.980000000000665672e+00,1.506642231958436717e+00,8.609186217527597940e-03,5.908130461630168861e-01,-1.370837808727138341e-01,-1.321912974309778777e-01,-7.824015565200227035e-03,1.000000000000000000e+00,-1.147654056549072266e+00,6.208481192588806152e-01,6.420830488204956055e-01,6.584447622299194336e-01,6.465876698493957520e-01,6.533789038658142090e-01
7.000000000000672351e+00,1.505115327168821793e+00,6.912022452754795765e-03,6.047771906537058317e-01,-1.426264256903415628e-01,-1.304911311565911669e-01,-7.257687848118721599e-03,1.000000000000000000e+00,-1.143278360366821289e+00,6.163543462753295898e-01,6.409536600112915039e-01,6.538342237472534180e-01,6.477450132369995117e-01,6.564497947692871094e-01
7.020000000000679030e+00,1.503644360388880052e+00,5.389256921600138472e-03,6.042708958781588535e-01,-1.468502197871170978e-01,-1.292009491009764865e-01,-6.504411615955529510e-03,1.000000000000000000e+00,-1.137926697731018066e+00,6.128760576248168945e-01,6.401063203811645508e-01,6.482208967208862305e-01,6.490886211395263672e-01,6.605318784713745117e-01
7.040000000000685709e+00,1.502126094503279496e+00,4.042215391924286472e-03,5.893669008859563352e-01,-1.491412787283652452e-01,-1.284190527830004203e-01,-5.625684087694978602e-03,1.000000000000000000e+00,-1.132296085357666016e+00,6.108351945877075195e-01,6.396123766899108887e-01,6.423277854919433594e-01,6.504606604576110840e-01,6.648798584938049316e-01
7.060000000000692388e+00,1.500467445816772383e+00,2.870401111695231045e-03,5.607239492789103386e-01,-1.492590122842978873e-01,-1.281847328049256218e-01,-4.673618869506743559e-03,1.000000000000000000e+00,-1.127322196960449219e+00,6.102400422096252441e-01,6.394760012626647949e-01,6.372799873352050781e-01,6.515220999717712402e-01,6.685590744018554688e-01
7.080000000000699067e+00,1.498590804576805269e+00,1.884216638100177921e-03,5.194767765565261319e-01,-1.472427478973642456e-01,-1.284878312002895040e-01,-3.672306960399924266e-03,1.000000000000000000e+00,-1.123417854309082031e+00,6.109147667884826660e-01,6.396652460098266602e-01,6.336182951927185059e-01,6.519702672958374023e-01,6.712203621864318848e-01
7.100000000000705747e+00,1.496438551592913280e+00,1.108674170599288633e-03,4.670527524084189808e-01,-1.433873119837079102e-01,-1.292701051079044872e-01,-2.614189405373967736e-03,1.000000000000000000e+00,-1.120348453521728516e+00,6.126414537429809570e-01,6.401781439781188965e-01,6.311145424842834473e-01,6.516831517219543457e-01,6.730101704597473145e-01
7.120000000000712426e+00,1.493975062992632941e+00,5.802218084991483948e-04,4.050133628216973092e-01,-1.381642017058830052e-01,-1.304416778279610667e-01,-1.461488866195312028e-03,1.000000000000000000e+00,-1.117538571357727051e+00,6.153506040573120117e-01,6.410582065582275391e-01,6.293054223060607910e-01,6.507369875907897949e-01,6.741084456443786621e-01
7.140000000000719105e+00,1.491186804958739565e+00,3.398489131288817688e-04,3.349622859268158725e-01,-1.321598659826239142e-01,-1.319004643484777139e-01,-1.746026353574475819e-04,1.000000000000000000e+00,-1.114677906036376953e+00,6.190020442008972168e-01,6.423127055168151855e-01,6.278975605964660645e-01,6.493529081344604492e-01,6.746112704277038574e-01
7.160000000000725784e+00,1.488081786944884577e+00,4.245735563090380360e-04,2.585088764467044498e-01,-1.260196973078186455e-01,-1.335322062601341508e-01,1.281289803364475764e-03,1.000000000000000000e+00,-1.111872673034667969e+00,6.232466101646423340e-01,6.438201069831848145e-01,6.268094778060913086e-01,6.478756666183471680e-01,6.746258735656738281e-01
7.180000000000732463e+00,1.484688761605372331e+00,8.600064471914192765e-04,1.772508080635012140e-01,-1.203048132781426999e-01,-1.352173736925024183e-01,2.916292654750453090e-03,1.000000000000000000e+00,-1.109347820281982422e+00,6.275647282600402832e-01,6.453867554664611816e-01,6.260436177253723145e-01,6.466256976127624512e-01,6.742767691612243652e-01
7.200000000000739142e+00,1.481056379516700217e+00,1.655500164992718126e-03,9.275161777359199056e-02,-1.153958671032882521e-01,-1.368368849968197853e-01,4.707323679688749964e-03,1.000000000000000000e+00,-1.107187390327453613e+00,6.316581368446350098e-01,6.468809247016906738e-01,6.255781650543212891e-01,6.457584500312805176e-01,6.736410260200500488e-01
7.220000000000745821e+00,1.477252102357565988e+00,2.801614917004979777e-03,6.510759305513602775e-03,-1.114838194736506721e-01,-1.382757958581493085e-01,6.599153761485923760e-03,1.000000000000000000e+00,-1.105317354202270508e+00,6.355454325675964355e-01,6.482735276222229004e-01,6.253520846366882324e-01,6.453081369400024414e-01,6.727216243743896484e-01
7.240000000000752500e+00,1.473360127538270836e+00,4.268768083026008853e-03,-8.006500300321200969e-02,-1.086119028614654369e-01,-1.394263737458995289e-01,8.510129266003071957e-03,1.000000000000000000e+00,-1.103583574295043945e+00,6.394556760787963867e-01,6.496099233627319336e-01,6.252914071083068848e-01,6.452875733375549316e-01,6.714630126953125000e-01
7.260000000000759179e+00,1.469477429138772440e+00,6.006793295199985838e-03,-1.656786937400295534e-01,-1.067448794919252097e-01,-1.401928816768340524e-01,1.034230752747921679e-02,1.000000000000000000e+00,-1.101855993270874023e+00,6.437146663665771484e-01,6.509772539138793945e-01,6.253567934036254883e-01,6.457146406173706055e-01,6.697863340377807617e-01
7.280000000000765858e+00,1.465706381438781181e+00,7.954799455957339838e-03,-2.491116655027541815e-01,-1.058530623696911643e-01,-1.405006706934970595e-01,1.200828167785056126e-02,1.000000000000000000e+00,-1.100166678428649902e+00,6.485692262649536133e-01,6.524542570114135742e-01,6.255876421928405762e-01,6.465412974357604980e-01,6.676847934722900391e-01
7.300000000000772538e+00,1.462142997114268983e+00,1.005673200052903393e-02,-3.291384747180314263e-01,-1.059779444188880398e-01,-1.403078265237434341e-01,1.344196937471388471e-02,1.000000000000000000e+00,-1.098772764205932617e+00,6.539587378501892090e-01,6.540427803993225098e-01,6.260743141174316406e-01,6.475759148597717285e-01,6.653270721435546875e-01
7.320000000000779217e+00,1.458866913502881779e+00,1.225906024326522958e-02,-4.044908093146640793e-01,-1.072428349569506112e-01,-1.396098123969150562e-01,1.459540828706227221e-02,1.000000000000000000e+00,-1.097993850708007812e+00,6.596238017082214355e-01,6.556864380836486816e-01,6.268903613090515137e-01,6.485664248466491699e-01,6.629496216773986816e-01
7.340000000000785896e+00,1.455935016152475114e+00,1.450689103548286063e-02,-4.738484295825648451e-01,-1.097945699341834475e-01,-1.384506416586873678e-01,1.544006106946636640e-02,1.000000000000000000e+00,-1.098042607307434082e+00,6.653839945793151855e-01,6.573392748832702637e-01,6.280707716941833496e-01,6.493251323699951172e-01,6.606855392456054688e-01
7.360000000000792575e+00,1.453374917937589883e+00,1.674739276352810169e-02,-5.358574455585629615e-01,-1.137616862992538447e-01,-1.369083045646759533e-01,1.597394148950753365e-02,1.000000000000000000e+00,-1.098990678787231445e+00,6.711550951004028320e-01,6.589698195457458496e-01,6.296243667602539062e-01,6.497462391853332520e-01,6.585360169410705566e-01
7.380000000000799254e+00,1.451186470417296759e+00,1.893339418924083750e-02,-5.891840929999954124e-01,-1.191143915996402958e-01,-1.351084413503953197e-01,1.621405114556312768e-02,1.000000000000000000e+00,-1.100786924362182617e+00,6.767649054527282715e-01,6.605156660079956055e-01,6.315340995788574219e-01,6.497720479965209961e-01,6.564291715621948242e-01
7.400000000000805933e+00,1.449332654671580123e+00,2.102367083940542836e-02,-6.325055810592761230e-01,-1.256089077161014755e-01,-1.331995049012529020e-01,1.617987994847926506e-02,1.000000000000000000e+00,-1.103308916091918945e+00,6.819336414337158203e-01,6.618849039077758789e-01,6.337812542915344238e-01,6.493633389472961426e-01,6.542518734931945801e-01
7.420000000000812612e+00,1.447752058934664410e+00,2.298696384887327637e-02,-6.645882466920871590e-01,-1.327738144389681296e-01,-1.313372644013633961e-01,1.589936131531273847e-02,1.000000000000000000e+00,-1.106481194496154785e+00,6.864472031593322754e-01,6.629966497421264648e-01,6.364215016365051270e-01,6.484598517417907715e-01,6.518473029136657715e-01
7.440000000000819291e+00,1.446360834483127800e+00,2.480463838968810508e-02,-6.843580779661534441e-01,-1.399363070736399928e-01,-1.296763364864078893e-01,1.541591834628481227e-02,1.000000000000000000e+00,-1.110355615615844727e+00,6.902961134910583496e-01,6.638113856315612793e-01,6.396949887275695801e-01,6.469755172729492188e-01,6.489866971969604492e-01
7.460000000000825970e+00,1.445062645268677892e+00,2.647409393863714433e-02,-6.910035075645685199e-01,-1.463374579077145743e-01,-1.283442344188757689e-01,1.478672355262300279e-02,1.000000000000000000e+00,-1.114900469779968262e+00,6.934617757797241211e-01,6.643232107162475586e-01,6.439480781555175781e-01,6.449506878852844238e-01,6.454565525054931641e-01
7.480000000000832650e+00,1.443761225733775078e+00,2.799616522090103699e-02,-6.840685670544065511e-01,-1.511949371067038694e-01,-1.274396967172954642e-01,1.405889590109442137e-02,1.000000000000000000e+00,-1.119699835777282715e+00,6.957115530967712402e-01,6.645910739898681641e-01,6.491931080818176270e-01,6.427478194236755371e-01,6.413233876228332520e-01
7.500000000000839329e+00,1.442363977495788152e+00,2.937071541858771173e-02,-6.635345244390342678e-01,-1.539073652759843647e-01,-1.270191161186930706e-01,1.327313553011885174e-02,1.000000000000000000e+00,-1.124140024185180664e+00,6.968018412590026855e-01,6.647195219993591309e-01,6.547471284866333008e-01,6.408609151840209961e-01,6.370946168899536133e-01
7.520000000000846008e+00,1.440783256047749816e+00,3.059114056597428410e-02,-6.298617632711479564e-01,-1.541419036727023906e-01,-1.271074619320348986e-01,1.244825922950263883e-02,1.000000000000000000e+00,-1.127691626548767090e+00,6.966336369514465332e-01,6.647179722785949707e-01,6.595015525817871094e-01,6.396036744117736816e-01,6.335763931274414062e-01
7.540000000000852687e+00,1.438941323921345550e+00,3.163594880145131905e-02,-5.839480599260407079e-01,-1.519611009066925145e-01,-1.276924818515974835e-01,1.157623126069011986e-02,1.000000000000000000e+00,-1.130257487297058105e+00,6.952611804008483887e-01,6.645001769065856934e-01,6.629263162612915039e-01,6.390418410301208496e-01,6.312180161476135254e-01
7.560000000000859366e+00,1.436777413503806944e+00,3.247147907314867910e-02,-5.270467376220725475e-01,-1.478118099264897622e-01,-1.287285416978930508e-01,1.062302264137126619e-02,1.000000000000000000e+00,-1.132278203964233398e+00,6.928334236145019531e-01,6.639782190322875977e-01,6.652869582176208496e-01,6.391230821609497070e-01,6.299350857734680176e-01
7.580000000000866045e+00,1.434252815141816129e+00,3.305777569242723812e-02,-4.606606466299530966e-01,-1.423685195746655641e-01,-1.301441288362036319e-01,9.546330517647352507e-03,1.000000000000000000e+00,-1.134366273880004883e+00,6.893352270126342773e-01,6.630609035491943359e-01,6.670219302177429199e-01,6.398119330406188965e-01,6.295719742774963379e-01
7.600000000000872724e+00,1.431353451315340086e+00,3.335480115576089366e-02,-3.864264950625991291e-01,-1.363668625304410298e-01,-1.318471489582531686e-01,8.307409583077889764e-03,1.000000000000000000e+00,-1.136960148811340332e+00,6.846389174461364746e-01,6.616853475570678711e-01,6.684542894363403320e-01,6.410101652145385742e-01,6.300548315048217773e-01
7.620000000000879403e+00,1.428090207648426535e+00,3.332752198686400602e-02,-3.060138275732529056e-01,-1.304684394095877997e-01,-1.337253802704855832e-01,6.879913689231187401e-03,1.000000000000000000e+00,-1.140077352523803711e+00,6.789523363113403320e-01,6.599439382553100586e-01,6.697114109992980957e-01,6.424000859260559082e-01,6.312807798385620117e-01
7.640000000000886082e+00,1.424498359573501238e+00,3.295035699551562836e-02,-2.210616000078077514e-01,-1.251881648032702188e-01,-1.356515436715415857e-01,5.264918168350101596e-03,1.000000000000000000e+00,-1.143461585044860840e+00,6.727678179740905762e-01,6.580423712730407715e-01,6.707820892333984375e-01,6.435931324958801270e-01,6.331380009651184082e-01
7.660000000000892761e+00,1.420637275587776971e+00,3.221190711217253311e-02,-1.331555216326765767e-01,-1.208569552070049846e-01,-1.374909412443531265e-01,3.493161574735311262e-03,1.000000000000000000e+00,-1.146785140037536621e+00,6.665386557579040527e-01,6.561657786369323730e-01,6.715984344482421875e-01,6.443876624107360840e-01,6.354916095733642578e-01
7.680000000000899441e+00,1.416590120897045946e+00,3.112020146003530163e-02,-4.382862131481510271e-02,-1.176051467993447092e-01,-1.391075423216187879e-01,1.624560342244336757e-03,1.000000000000000000e+00,-1.149677038192749023e+00,6.606851220130920410e-01,6.544501185417175293e-01,6.720657348632812500e-01,6.447792649269104004e-01,6.380357742309570312e-01
7.700000000000906120e+00,1.412462038398818009e+00,2.970750918869147217e-02,4.543560372529108216e-02,-1.154296804416353600e-01,-1.403700862468489630e-01,-2.542969293499009018e-04,1.000000000000000000e+00,-1.151934027671813965e+00,6.554790139198303223e-01,6.529234647750854492e-01,6.721516847610473633e-01,6.448622941970825195e-01,6.404055356979370117e-01
7.720000000000912799e+00,1.408373986263056432e+00,2.802828438776561182e-02,1.331946484745079040e-01,-1.142704862810151323e-01,-1.411627165115226790e-01,-2.048146354300990277e-03,1.000000000000000000e+00,-1.153585314750671387e+00,6.509488224983215332e-01,6.515207886695861816e-01,6.718904376029968262e-01,6.447358131408691406e-01,6.424183845520019531e-01
7.740000000000919478e+00,1.404447951082253176e+00,2.613918542288240499e-02,2.179749151493123871e-01,-1.140652291006241797e-01,-1.414021306463389416e-01,-3.674924697738195332e-03,1.000000000000000000e+00,-1.154734253883361816e+00,6.469700932502746582e-01,6.501839160919189453e-01,6.713323593139648438e-01,6.444863080978393555e-01,6.440810561180114746e-01
7.760000000000926157e+00,1.400791102725434500e+00,2.409503399260209955e-02,2.982285254299716915e-01,-1.148139916848390923e-01,-1.410482443141747588e-01,-5.064656318472019435e-03,1.000000000000000000e+00,-1.155425190925598145e+00,6.433500647544860840e-01,6.488984227180480957e-01,6.705158352851867676e-01,6.442183852195739746e-01,6.454795002937316895e-01
7.780000000000932836e+00,1.397487545941395348e+00,2.195470454640069402e-02,3.723366665129471675e-01,-1.166031244309429504e-01,-1.401174725954218436e-01,-6.161080883887960422e-03,1.000000000000000000e+00,-1.155620455741882324e+00,6.398413777351379395e-01,6.476534008979797363e-01,6.694276928901672363e-01,6.440493464469909668e-01,6.467221975326538086e-01
7.800000000000939515e+00,1.394582960778914416e+00,1.978153503147322967e-02,4.386177072015907674e-01,-1.195730085435681711e-01,-1.386808914263192583e-01,-6.932123286785931912e-03,1.000000000000000000e+00,-1.155209898948669434e+00,6.361487507820129395e-01,6.464123129844665527e-01,6.679762005805969238e-01,6.440995335578918457e-01,6.479209065437316895e-01
7.820000000000946194e+00,1.392090413947823624e+00,1.763590203879711327e-02,4.954291565829713750e-01,-1.237730950790898454e-01,-1.368723496959078356e-01,-7.372763645717215000e-03,1.000000000000000000e+00,-1.154012441635131836e+00,6.319774985313415527e-01,6.451295018196105957e-01,6.660019755363464355e-01,6.444942951202392578e-01,6.491822600364685059e-01
7.840000000000952873e+00,1.389975116685738588e+00,1.557539916648803535e-02,5.411821462843502406e-01,-1.290384753438194587e-01,-1.348681905287159588e-01,-7.487685086663488886e-03,1.000000000000000000e+00,-1.151853442192077637e+00,6.272339224815368652e-01,6.438030004501342773e-01,6.633538603782653809e-01,6.452806591987609863e-01,6.506221890449523926e-01
7.860000000000959552e+00,1.388168811685047022e+00,1.364713534861905497e-02,5.744629156297782480e-01,-1.349386637012547907e-01,-1.328620509558247065e-01,-7.292114012858623602e-03,1.000000000000000000e+00,-1.148736953735351562e+00,6.222339272499084473e-01,6.424974799156188965e-01,6.599811315536499023e-01,6.463075876235961914e-01,6.524686813354492188e-01
7.880000000000966232e+00,1.386574350038732639e+00,1.188243118879350746e-02,5.941488291604194449e-01,-1.407397706795008863e-01,-1.310495846477889303e-01,-6.823580832372445372e-03,1.000000000000000000e+00,-1.144704937934875488e+00,6.174769401550292969e-01,6.413003802299499512e-01,6.557948589324951172e-01,6.474362015724182129e-01,6.551168560981750488e-01
7.900000000000972911e+00,1.385080342822441191e+00,1.029153310281710754e-02,5.995453954365150828e-01,-1.455594642152451823e-01,-1.295911397307733526e-01,-6.142679876660418585e-03,1.000000000000000000e+00,-1.139667153358459473e+00,6.135162711143493652e-01,6.403394937515258789e-01,6.506072282791137695e-01,6.487243175506591797e-01,6.588224768638610840e-01
7.920000000000979590e+00,1.383580058159775028e+00,8.878200913583045306e-03,5.904945769820754142e-01,-1.486480279893847567e-01,-1.286066656520191143e-01,-5.307922957248710494e-03,1.000000000000000000e+00,-1.134022474288940430e+00,6.109023094177246094e-01,6.397082209587097168e-01,6.447478532791137695e-01,6.501171588897705078e-01,6.631622910499572754e-01
7.940000000000986269e+00,1.381976524686624241e+00,7.642410389540499338e-03,5.674218124115487649e-01,-1.496411589162022771e-01,-1.281550383826944584e-01,-4.377378539718293840e-03,1.000000000000000000e+00,-1.128721237182617188e+00,6.098090410232543945e-01,6.394302248954772949e-01,6.392641067504882812e-01,6.513243317604064941e-01,6.671813130378723145e-01
7.960000000000992948e+00,1.380186218971592327e+00,6.589619882317321320e-03,5.312840279628726625e-01,-1.484655444744940322e-01,-1.282459607697884751e-01,-3.386676610010620064e-03,1.000000000000000000e+00,-1.124398350715637207e+00,6.100848913192749023e-01,6.395015716552734375e-01,6.350120902061462402e-01,6.520310640335083008e-01,6.702564954757690430e-01
7.980000000000999627e+00,1.378143746537177083e+00,5.739495729159327375e-03,4.834022485751389153e-01,-1.453279919239768014e-01,-1.288383587870953195e-01,-2.341905062093291908e-03,1.000000000000000000e+00,-1.121084809303283691e+00,6.114853024482727051e-01,6.399008631706237793e-01,6.320748329162597656e-01,6.520356535911560059e-01,6.723625063896179199e-01
8.000000000001005418e+00,1.375805107108386549e+00,5.124499457825226756e-03,4.252872887650833156e-01,-1.406296178669705077e-01,-1.298534011012691392e-01,-1.215714458807581021e-03,1.000000000000000000e+00,-1.118263602256774902e+00,6.138489842414855957e-01,6.406478881835937500e-01,6.300185322761535645e-01,6.513407230377197266e-01,6.737093329429626465e-01
8.020000000000994334e+00,1.373148281283212757e+00,4.784456527545388749e-03,3.585215457574246756e-01,-1.349074356019081267e-01,-1.311932786062521283e-01,2.939650082678171985e-05,1.000000000000000000e+00,-1.115449190139770508e+00,6.171789169311523438e-01,6.417748332023620605e-01,6.284518241882324219e-01,6.501004099845886230e-01,6.744263768196105957e-01
8.040000000000983249e+00,1.370172834498535774e+00,4.758416741180826470e-03,2.847052751328921216e-01,-1.287897263481948551e-01,-1.327487368026538939e-01,1.430884516817955724e-03,1.000000000000000000e+00,-1.112593412399291992e+00,6.212867498397827148e-01,6.432170271873474121e-01,6.272148489952087402e-01,6.486091017723083496e-01,6.746116280555725098e-01
8.060000000000972165e+00,1.366899187201793264e+00,5.076577526937353646e-03,2.054361260225079089e-01,-1.228805657131776946e-01,-1.344032464282591266e-01,3.009248540666400497e-03,1.000000000000000000e+00,-1.109925031661987305e+00,6.256664991378784180e-01,6.447916030883789062e-01,6.262996196746826172e-01,6.472266912460327148e-01,6.743870973587036133e-01
8.080000000000961080e+00,1.363367805393997712e+00,5.754413007446945727e-03,1.222896856808886185e-01,-1.176367418488077632e-01,-1.360383789944280275e-01,4.753408595068594859e-03,1.000000000000000000e+00,-1.107610344886779785e+00,6.298817396163940430e-01,6.463267803192138672e-01,6.257050633430480957e-01,6.461915969848632812e-01,6.738521456718444824e-01
8.100000000000949996e+00,1.359638298084310026e+00,6.789429762178722516e-03,3.679098622939443869e-02,-1.133218403616189085e-01,-1.375386627400988770e-01,6.619665416668018935e-03,1.000000000000000000e+00,-1.105629563331604004e+00,6.338297128677368164e-01,6.477540731430053711e-01,6.253808140754699707e-01,6.455791592597961426e-01,6.730359196662902832e-01
8.120000000000938911e+00,1.355787847108453237e+00,8.159516947335576642e-03,-4.961653037479171746e-02,-1.100342295029780038e-01,-1.387944733907975625e-01,8.535665743458960633e-03,1.000000000000000000e+00,-1.103844642639160156e+00,6.376788020133972168e-01,6.490964293479919434e-01,6.252500414848327637e-01,6.454021334648132324e-01,6.719012856483459473e-01
8.140000000000927827e+00,1.351908125607723887e+00,9.822019108672919163e-03,-1.355939547101877307e-01,-1.077677751101098202e-01,-1.397058406574540612e-01,1.040802957750395184e-02,1.000000000000000000e+00,-1.102104783058166504e+00,6.417400240898132324e-01,6.504318714141845703e-01,6.252558231353759766e-01,6.456750631332397461e-01,6.703739166259765625e-01
8.160000000000916742e+00,1.348099614344062447e+00,1.171759230464153312e-02,-2.199025847891452612e-01,-1.064910693307077605e-01,-1.401894172657783266e-01,1.214285493137934845e-02,1.000000000000000000e+00,-1.100376725196838379e+00,6.463171839714050293e-01,6.518505811691284180e-01,6.254097819328308105e-01,6.463750004768371582e-01,6.684172749519348145e-01
8.180000000000905658e+00,1.344461446801218596e+00,1.378782932710176379e-02,-3.013270352666758689e-01,-1.062197876316436917e-01,-1.401897721312461154e-01,1.366680938322173237e-02,1.000000000000000000e+00,-1.098838806152343750e+00,6.514727473258972168e-01,6.533856987953186035e-01,6.257852315902709961e-01,6.473553180694580078e-01,6.661461591720581055e-01
8.200000000000894573e+00,1.341079633780318137e+00,1.597896175115798290e-02,-3.786183836840383843e-01,-1.070456693774136797e-01,-1.396880653984286236e-01,1.492620643692759569e-02,1.000000000000000000e+00,-1.097793579101562500e+00,6.569967269897460938e-01,6.549957990646362305e-01,6.264571547508239746e-01,6.483766436576843262e-01,6.637896895408630371e-01
8.220000000000883489e+00,1.338021551393734576e+00,1.823657618791241219e-02,-4.504788986142217455e-01,-1.091137827726929715e-01,-1.387062450826381244e-01,1.588537264731649037e-02,1.000000000000000000e+00,-1.097490787506103516e+00,6.626747250556945801e-01,6.566300392150878906e-01,6.274726986885070801e-01,6.492320895195007324e-01,6.615166664123535156e-01
8.240000000000872404e+00,1.335324030464230205e+00,2.050609769391154025e-02,-5.155578595875976999e-01,-1.125582640286326847e-01,-1.373113586100726535e-01,1.653151950698639530e-02,1.000000000000000000e+00,-1.098055720329284668e+00,6.684073805809020996e-01,6.582579016685485840e-01,6.288541555404663086e-01,6.497926115989685059e-01,6.593687534332275391e-01
8.260000000000861320e+00,1.333001207758228057e+00,2.273822997518076816e-02,-5.725208693234813406e-01,-1.174230317849712935e-01,-1.356083329100268298e-01,1.687702932839972234e-02,1.000000000000000000e+00,-1.099494338035583496e+00,6.740879416465759277e-01,6.598368883132934570e-01,6.306035518646240234e-01,6.499850749969482422e-01,6.572937965393066406e-01
8.280000000000850235e+00,1.331028941982693503e+00,2.488903213788634661e-02,-6.200361401840233100e-01,-1.235450367133260341e-01,-1.337386575428481938e-01,1.694045685390358283e-02,1.000000000000000000e+00,-1.101714015007019043e+00,6.794706583023071289e-01,6.612846255302429199e-01,6.327039003372192383e-01,6.497634053230285645e-01,6.551960706710815430e-01
8.300000000000839151e+00,1.329355440387968823e+00,2.692277100857148886e-02,-6.568319552969106301e-01,-1.305381678747671859e-01,-1.318546099730062982e-01,1.674556282194221771e-02,1.000000000000000000e+00,-1.104607701301574707e+00,6.842806935310363770e-01,6.625087261199951172e-01,6.351721286773681641e-01,6.490781903266906738e-01,6.529402732849121094e-01
8.320000000000828067e+00,1.327905595024628571e+00,2.881557817120899978e-02,-6.817651441085911257e-01,-1.377959586496653732e-01,-1.301125568877858907e-01,1.632922244088921143e-02,1.000000000000000000e+00,-1.108179330825805664e+00,6.884142160415649414e-01,6.634488701820373535e-01,6.381685137748718262e-01,6.478449106216430664e-01,6.503231525421142578e-01
8.340000000000816982e+00,1.326587070111143518e+00,3.055818302298474176e-02,-6.939117506933544233e-01,-1.445973417193028576e-01,-1.286486927443193096e-01,1.574645864489089900e-02,1.000000000000000000e+00,-1.112483143806457520e+00,6.918832063674926758e-01,6.640805602073669434e-01,6.420368552207946777e-01,6.460191011428833008e-01,6.470878124237060547e-01
8.360000000000805898e+00,1.325302328679113018e+00,3.215247190188857962e-02,-6.926633059113839197e-01,-1.501437799480025426e-01,-1.275768975163354413e-01,1.504610577797760133e-02,1.000000000000000000e+00,-1.117274761199951172e+00,6.945346593856811523e-01,6.644296050071716309e-01,6.469913125038146973e-01,6.438269615173339844e-01,6.431429982185363770e-01
8.380000000000794813e+00,1.323958639206741950e+00,3.359810902318371983e-02,-6.778121892508548463e-01,-1.537540403021308566e-01,-1.269675295962429951e-01,1.427331174882259454e-02,1.000000000000000000e+00,-1.121965765953063965e+00,6.961115598678588867e-01,6.646028161048889160e-01,6.526057720184326172e-01,6.417625546455383301e-01,6.388326287269592285e-01
8.400000000000783729e+00,1.322466345857683745e+00,3.489259105107206382e-02,-6.496187938730862976e-01,-1.549799890146440762e-01,-1.268575019490042755e-01,1.345789544494733689e-02,1.000000000000000000e+00,-1.125957727432250977e+00,6.964797973632812500e-01,6.646667718887329102e-01,6.578128933906555176e-01,6.402361989021301270e-01,6.349228024482727051e-01
8.420000000000772644e+00,1.320743321864151554e+00,3.602085124200310462e-02,-6.088010208514459398e-01,-1.537153346267329246e-01,-1.272497888105199870e-01,1.260240133361319181e-02,1.000000000000000000e+00,-1.128927111625671387e+00,6.956293582916259766e-01,6.645611524581909180e-01,6.617491841316223145e-01,6.394042372703552246e-01,6.320840716361999512e-01
8.440000000000761560e+00,1.318721420133375233e+00,3.695399546839056582e-02,-5.564677066185996779e-01,-1.502676456652654313e-01,-1.281110183581460338e-01,1.168393368152076221e-02,1.000000000000000000e+00,-1.131121635437011719e+00,6.936757564544677734e-01,6.641908288002014160e-01,6.644629836082458496e-01,6.392387151718139648e-01,6.303809881210327148e-01
8.460000000000750475e+00,1.316352534465254687e+00,3.765439579084900457e-02,-4.940229493880452516e-01,-1.452408668923710067e-01,-1.293789632705973081e-01,1.065931621065631385e-02,1.000000000000000000e+00,-1.133127093315124512e+00,6.906844973564147949e-01,6.634666323661804199e-01,6.663882136344909668e-01,6.396949291229248047e-01,6.296382546424865723e-01
8.480000000000739391e+00,1.313612238390785336e+00,3.808198306214188866e-02,-4.230530742096848540e-01,-1.393525588350755795e-01,-1.309724889442496765e-01,9.489691305152623407e-03,1.000000000000000000e+00,-1.135495185852050781e+00,6.865259408950805664e-01,6.622970700263977051e-01,6.679045557975769043e-01,6.407161951065063477e-01,6.297599077224731445e-01
8.500000000000728306e+00,1.310500957659289867e+00,3.819973108015539687e-02,-3.452167325559123423e-01,-1.333067221033152339e-01,-1.327878435897847376e-01,8.142516413972346670e-03,1.000000000000000000e+00,-1.138424873352050781e+00,6.812380552291870117e-01,6.607009172439575195e-01,6.692146658897399902e-01,6.420729160308837891e-01,6.306676864624023438e-01
8.520000000000717222e+00,1.307043634294222656e+00,3.797814231988116962e-02,-2.621640756083482016e-01,-1.276818203402371732e-01,-1.347040863284222623e-01,6.607295256590095534e-03,1.000000000000000000e+00,-1.141738414764404297e+00,6.752469539642333984e-01,6.588575243949890137e-01,6.703512072563171387e-01,6.433700323104858398e-01,6.322468519210815430e-01
8.540000000000706137e+00,1.303289313016732454e+00,3.739968794771647564e-02,-1.754980823308623650e-01,-1.228939415514013062e-01,-1.365898700976677094e-01,4.902459836570656135e-03,1.000000000000000000e+00,-1.145157098770141602e+00,6.690120100975036621e-01,6.569621562957763672e-01,6.712786555290222168e-01,6.443210840225219727e-01,6.344017386436462402e-01
8.560000000000695053e+00,1.299311010755456408e+00,3.646378856801757440e-02,-8.676748947070861417e-02,-1.191569624813151040e-01,-1.383099744567657385e-01,3.075554043922585929e-03,1.000000000000000000e+00,-1.148321032524108887e+00,6.629429459571838379e-01,6.551672220230102539e-01,6.719084978103637695e-01,6.448533535003662109e-01,6.369196772575378418e-01
8.580000000000683968e+00,1.295204782354714368e+00,3.519194539194409055e-02,2.528920777852245762e-03,-1.165099683216068299e-01,-1.397311032614682036e-01,1.201564072635342420e-03,1.000000000000000000e+00,-1.150896072387695312e+00,6.574163436889648438e-01,6.535567045211791992e-01,6.721597909927368164e-01,6.450343728065490723e-01,6.394171118736267090e-01
8.600000000000672884e+00,1.291085932658082580e+00,3.363047187566942098e-02,9.094002398226742889e-02,-1.149105919659322711e-01,-1.407296686871842284e-01,-6.253047388527255583e-04,1.000000000000000000e+00,-1.152804613113403320e+00,6.525844335556030273e-01,6.521017551422119141e-01,6.720369458198547363e-01,6.449709534645080566e-01,6.415996551513671875e-01
8.620000000000661800e+00,1.287077799483865359e+00,3.183610063063696538e-02,1.770142579628865842e-01,-1.142956529565481716e-01,-1.412073330028401075e-01,-2.318942729033694576e-03,1.000000000000000000e+00,-1.154147744178771973e+00,6.483671665191650391e-01,6.507319808006286621e-01,6.715890765190124512e-01,6.447522044181823730e-01,6.434080004692077637e-01
8.640000000000650715e+00,1.283294622659843398e+00,2.986267312143342512e-02,2.592317961533551762e-01,-1.146339291262627874e-01,-1.411061616558112464e-01,-3.806122487711130053e-03,1.000000000000000000e+00,-1.155010223388671875e+00,6.445864439010620117e-01,6.494159698486328125e-01,6.708668470382690430e-01,6.444734334945678711e-01,6.449103355407714844e-01
8.660000000000639631e+00,1.279831574561569596e+00,2.776640916185335595e-02,3.359980493560921211e-01,-1.159824862836536796e-01,-1.404145817058617129e-01,-5.025595844232706201e-03,1.000000000000000000e+00,-1.155392050743103027e+00,6.410108208656311035e-01,6.481447815895080566e-01,6.698839664459228516e-01,6.442471742630004883e-01,6.462141275405883789e-01
8.680000000000628546e+00,1.276750286645105925e+00,2.560906107878735405e-02,4.056491611262513786e-01,-1.184563459755195308e-01,-1.391858535231070282e-01,-5.932925000328823258e-03,1.000000000000000000e+00,-1.155215144157409668e+00,6.373677253723144531e-01,6.468928456306457520e-01,6.685841083526611328e-01,6.441890597343444824e-01,6.474305987358093262e-01
8.700000000000617462e+00,1.274079370319963544e+00,2.345230131076708746e-02,4.665215398840698580e-01,-1.221627946448931579e-01,-1.375240293343714115e-01,-6.513587583425013532e-03,1.000000000000000000e+00,-1.154327750205993652e+00,6.333573460578918457e-01,6.456145048141479492e-01,6.668347716331481934e-01,6.444225311279296875e-01,6.486672163009643555e-01
8.720000000000606377e+00,1.271803050152502612e+00,2.135552711940003068e-02,5.169994463915544847e-01,-1.270255742931580278e-01,-1.355921835993500468e-01,-6.768680431590106544e-03,1.000000000000000000e+00,-1.152535557746887207e+00,6.287778019905090332e-01,6.442860364913940430e-01,6.644752621650695801e-01,6.450491547584533691e-01,6.500238776206970215e-01
8.740000000000595293e+00,1.269866640625130660e+00,1.937141212275189650e-02,5.555898063789426189e-01,-1.327247508358625760e-01,-1.335773777678061769e-01,-6.706262837775919111e-03,1.000000000000000000e+00,-1.149752736091613770e+00,6.237785816192626953e-01,6.429523229598999023e-01,6.614139676094055176e-01,6.460109949111938477e-01,6.516630649566650391e-01
8.760000000000584208e+00,1.268184392757575552e+00,1.753909843014123116e-02,5.810419161441403579e-01,-1.386504351158002468e-01,-1.316762839402975949e-01,-6.351718413067435412e-03,1.000000000000000000e+00,-1.146050691604614258e+00,6.188331246376037598e-01,6.417002677917480469e-01,6.576088070869445801e-01,6.471228599548339844e-01,6.539291739463806152e-01
8.780000000000573124e+00,1.266649248846741127e+00,1.587844175900299248e-02,5.924756876487783375e-01,-1.439559736516385358e-01,-1.300659945159236552e-01,-5.758540510193837191e-03,1.000000000000000000e+00,-1.141378045082092285e+00,6.144641041755676270e-01,6.406393647193908691e-01,6.528881788253784180e-01,6.483615636825561523e-01,6.571925878524780273e-01
8.800000000000562039e+00,1.265150997308850611e+00,1.439508102123165934e-02,5.895054072247054577e-01,-1.478060351885049639e-01,-1.288836035171869454e-01,-4.983022870996034991e-03,1.000000000000000000e+00,-1.135868668556213379e+00,6.112542748451232910e-01,6.398804783821105957e-01,6.472802162170410156e-01,6.497429013252258301e-01,6.613415479660034180e-01
8.820000000000550955e+00,1.263589727898497994e+00,1.309153329751311379e-02,5.723116827038399190e-01,-1.496853029182086958e-01,-1.282120693260887512e-01,-4.084932583476689159e-03,1.000000000000000000e+00,-1.130342364311218262e+00,6.095857620239257812e-01,6.394556164741516113e-01,6.415544152259826660e-01,6.510488390922546387e-01,6.655742526054382324e-01
8.840000000000539870e+00,1.261876423329411079e+00,1.197007072692446439e-02,5.416416535690560252e-01,-1.494032044355262656e-01,-1.280806171866606391e-01,-3.111178832679408097e-03,1.000000000000000000e+00,-1.125595808029174805e+00,6.093950271606445312e-01,6.393873095512390137e-01,6.367229223251342773e-01,6.519775986671447754e-01,6.690763831138610840e-01
8.860000000000528786e+00,1.259938233765546700e+00,1.104475623104628212e-02,4.986782583339278707e-01,-1.470588101738534159e-01,-1.284683179488183558e-01,-2.080515414236955730e-03,1.000000000000000000e+00,-1.121926188468933105e+00,6.104339361190795898e-01,6.396645903587341309e-01,6.332480311393737793e-01,6.522761583328247070e-01,6.715627312660217285e-01
8.880000000000517701e+00,1.257722637279380162e+00,1.034326280683228738e-02,4.448605753660599404e-01,-1.429830661137789505e-01,-1.293096021208333390e-01,-9.806900357947111527e-04,1.000000000000000000e+00,-1.119005203247070312e+00,6.124581098556518555e-01,6.402802467346191406e-01,6.308620572090148926e-01,6.518630981445312500e-01,6.731941699981689453e-01
8.900000000000506617e+00,1.255198879478734764e+00,9.903054909990716137e-03,3.817401259159169391e-01,-1.376587471058424716e-01,-1.305118866460581173e-01,2.249748170936320040e-04,1.000000000000000000e+00,-1.116244196891784668e+00,6.154246926307678223e-01,6.412650346755981445e-01,6.291063427925109863e-01,6.508287787437438965e-01,6.741489171981811523e-01
8.920000000000495533e+00,1.252357821202226162e+00,9.764109386210251262e-03,3.109038888864355532e-01,-1.316708738736500628e-01,-1.319724888617880565e-01,1.572819961498905057e-03,1.000000000000000000e+00,-1.113394379615783691e+00,6.192917823791503906e-01,6.426071524620056152e-01,6.277175545692443848e-01,6.493967771530151367e-01,6.745308041572570801e-01
8.940000000000484448e+00,1.249211290355945803e+00,9.960545172412127446e-03,2.339453166392055639e-01,-1.256441776480847761e-01,-1.335782789913242119e-01,3.091289056278863183e-03,1.000000000000000000e+00,-1.110612869262695312e+00,6.236639022827148438e-01,6.441630125045776367e-01,6.266447305679321289e-01,6.479187607765197754e-01,6.744530200958251953e-01
8.960000000000473364e+00,1.245791299094054061e+00,1.051374791630793615e-02,1.524469322275315286e-01,-1.201053649111590710e-01,-1.352120900349382260e-01,4.781361579875060761e-03,1.000000000000000000e+00,-1.108135461807250977e+00,6.280058026313781738e-01,6.457347869873046875e-01,6.259034872055053711e-01,6.467130780220031738e-01,6.740298867225646973e-01
8.980000000000462279e+00,1.242149241119089087e+00,1.142818754184365959e-02,6.795469513134937134e-02,-1.153969450605932534e-01,-1.367582335582170627e-01,6.611641756109492424e-03,1.000000000000000000e+00,-1.106020450592041016e+00,6.320605278015136719e-01,6.472065448760986328e-01,6.254636645317077637e-01,6.459236145019531250e-01,6.733185052871704102e-01
9.000000000000451195e+00,1.238354707095948193e+00,1.268933092933183238e-02,-1.805392633456521720e-02,-1.116813370652811888e-01,-1.381056828298589112e-01,8.520314349074574120e-03,1.000000000000000000e+00,-1.104161739349365234e+00,6.359056830406188965e-01,6.485700607299804688e-01,6.252503395080566406e-01,6.455783247947692871e-01,6.723044514656066895e-01
9.020000000000440110e+00,1.234493140811993905e+00,1.426251364990255288e-02,-1.041974680056883262e-01,-1.089926116304248405e-01,-1.391511919704104816e-01,1.042151408443381909e-02,1.000000000000000000e+00,-1.102400541305541992e+00,6.398178935050964355e-01,6.498885154724121094e-01,6.251927614212036133e-01,6.456863284111022949e-01,6.709240078926086426e-01
9.040000000000429026e+00,1.230661448822268023e+00,1.609334082386970621e-02,-1.892027475544358628e-01,-1.073096132998718200e-01,-1.398045170371960966e-01,1.221807025330559453e-02,1.000000000000000000e+00,-1.100652217864990234e+00,6.441292762756347656e-01,6.512550711631774902e-01,6.252765059471130371e-01,6.462387442588806152e-01,6.691226363182067871e-01
9.060000000000417941e+00,1.226959905985536725e+00,1.812120287758811621e-02,-2.718561975638455475e-01,-1.066302814081398903e-01,-1.399981654829729472e-01,1.382871160902803334e-02,1.000000000000000000e+00,-1.099014401435852051e+00,6.490156054496765137e-01,6.527308821678161621e-01,6.255533695220947266e-01,6.471308469772338867e-01,6.669625639915466309e-01
9.080000000000406857e+00,1.223480323042528184e+00,2.029102031463658751e-02,-3.509259247373369139e-01,-1.070160828473810943e-01,-1.396984605963590143e-01,1.519323311885974366e-02,1.000000000000000000e+00,-1.097747206687927246e+00,6.543556451797485352e-01,6.542984843254089355e-01,6.260925531387329102e-01,6.481490135192871094e-01,6.646473407745361328e-01
9.100000000000395772e+00,1.220297750431425632e+00,2.254899290361106479e-02,-4.251348616398273883e-01,-1.085959156737247577e-01,-1.389082448079843324e-01,1.626898330218715799e-02,1.000000000000000000e+00,-1.097116708755493164e+00,6.599260568618774414e-01,6.559076905250549316e-01,6.269477009773254395e-01,6.490774750709533691e-01,6.623695492744445801e-01
9.120000000000384688e+00,1.217462285736535588e+00,2.484008774353263505e-02,-4.931538374769018906e-01,-1.115031257689746286e-01,-1.376799520039472813e-01,1.703351308277244527e-02,1.000000000000000000e+00,-1.097296476364135742e+00,6.655933260917663574e-01,6.575239300727844238e-01,6.281537413597106934e-01,6.497640609741210938e-01,6.602124571800231934e-01
9.140000000000373603e+00,1.214997229150460711e+00,2.711231730687357899e-02,-5.536352187956550264e-01,-1.158365325536949431e-01,-1.360977738747726762e-01,1.749099707706255197e-02,1.000000000000000000e+00,-1.098347306251525879e+00,6.712830066680908203e-01,6.591174006462097168e-01,6.297285556793212891e-01,6.501174569129943848e-01,6.581535339355468750e-01
9.160000000000362519e+00,1.212894989347807151e+00,2.931937207991108796e-02,-6.052494591692648696e-01,-1.215145469556907498e-01,-1.342916936403912853e-01,1.765952792297626611e-02,1.000000000000000000e+00,-1.100224137306213379e+00,6.768121719360351562e-01,6.606231331825256348e-01,6.316666603088378906e-01,6.500801444053649902e-01,6.561144590377807617e-01
9.180000000000351434e+00,1.211113911425014233e+00,3.142157880528040348e-02,-6.466943100516948650e-01,-1.282401505684029608e-01,-1.324093623097034877e-01,1.755942192427528345e-02,1.000000000000000000e+00,-1.102820754051208496e+00,6.818974614143371582e-01,6.619486808776855469e-01,6.339687108993530273e-01,6.496056318283081055e-01,6.539782285690307617e-01
9.200000000000340350e+00,1.209588766388549175e+00,3.339005019993246393e-02,-6.767714410658043356e-01,-1.354910897371967293e-01,-1.306048087206598263e-01,1.722139010212117224e-02,1.000000000000000000e+00,-1.106083989143371582e+00,6.863327026367187500e-01,6.630139350891113281e-01,6.367233395576477051e-01,6.486226916313171387e-01,6.515740156173706055e-01
9.220000000000329266e+00,1.208233246949313777e+00,3.520888757069179364e-02,-6.944576295512789876e-01,-1.425743090616171105e-01,-1.290257198018797957e-01,1.669227447726457855e-02,1.000000000000000000e+00,-1.110080361366271973e+00,6.900970935821533203e-01,6.637762188911437988e-01,6.402143239974975586e-01,6.470454931259155273e-01,6.486460566520690918e-01
9.240000000000318181e+00,1.206950876932185945e+00,3.687785139420907132e-02,-6.990045479150464036e-01,-1.487217139585422787e-01,-1.277940921773806360e-01,1.602775890693184518e-02,1.000000000000000000e+00,-1.114739179611206055e+00,6.931196451187133789e-01,6.642305850982666016e-01,6.447800397872924805e-01,6.449582576751708984e-01,6.449801325798034668e-01
9.260000000000307097e+00,1.205647592890852771e+00,3.839695176027491108e-02,-6.900274434506428189e-01,-1.531854762527102287e-01,-1.269979934344362960e-01,1.527413699818027520e-02,1.000000000000000000e+00,-1.119577169418334961e+00,6.951628327369689941e-01,6.644576787948608398e-01,6.502851247787475586e-01,6.427803039550781250e-01,6.407248377799987793e-01
9.280000000000296012e+00,1.204232457400804090e+00,3.976570549017932610e-02,-6.675806908279018348e-01,-1.554172861699917030e-01,-1.266858910163822793e-01,1.446944130203783180e-02,1.000000000000000000e+00,-1.123957991600036621e+00,6.960592269897460938e-01,6.645696163177490234e-01,6.558322906494140625e-01,6.410015225410461426e-01,6.365257501602172852e-01
9.300000000000284928e+00,1.202620203009260313e+00,4.097550715940911914e-02,-6.321873049265266387e-01,-1.551553676255842396e-01,-1.268754854191598280e-01,1.362750071379407318e-02,1.000000000000000000e+00,-1.127392172813415527e+00,6.957604885101318359e-01,6.645581126213073730e-01,6.603206396102905273e-01,6.398857235908508301e-01,6.331989169120788574e-01
9.320000000000273843e+00,1.200736247425209458e+00,4.200310768108683757e-02,-5.847913060045567546e-01,-1.525411950066420941e-01,-1.275477533485700754e-01,1.273613608084347634e-02,1.000000000000000000e+00,-1.129883050918579102e+00,6.943177580833435059e-01,6.643276810646057129e-01,6.634745597839355469e-01,6.394560933113098145e-01,6.310325860977172852e-01
9.340000000000262759e+00,1.198523563954255078e+00,4.281429637072631245e-02,-5.266746821984706894e-01,-1.480705995555439136e-01,-1.286523025517486429e-01,1.175755975395667043e-02,1.000000000000000000e+00,-1.131913065910339355e+00,6.918321251869201660e-01,6.637865304946899414e-01,6.656616926193237305e-01,6.396644115447998047e-01,6.298861503601074219e-01
9.360000000000251674e+00,1.195947365004563334e+00,4.336985999812387194e-02,-4.593513675321581058e-01,-1.424263158324693967e-01,-1.301169617529817080e-01,1.065278192058290857e-02,1.000000000000000000e+00,-1.134089946746826172e+00,6.882347464561462402e-01,6.628339290618896484e-01,6.673040390014648438e-01,6.404697299003601074e-01,6.296246647834777832e-01
9.380000000000240590e+00,1.192997299540994316e+00,4.363147879889583969e-02,-3.844536016761964659e-01,-1.363350754475469995e-01,-1.318475350145215386e-01,9.385160258611717141e-03,1.000000000000000000e+00,-1.136793017387390137e+00,6.834372282028198242e-01,6.614226102828979492e-01,6.686781048774719238e-01,6.417268514633178711e-01,6.301836371421813965e-01
9.400000000000229505e+00,1.189687628792681195e+00,4.356645398897535104e-02,-3.036360628822184493e-01,-1.304311540838286598e-01,-1.337311269744267950e-01,7.933497188042834200e-03,1.000000000000000000e+00,-1.139975547790527344e+00,6.777308583259582520e-01,6.596758365631103516e-01,6.698743700981140137e-01,6.430838704109191895e-01,6.314584016799926758e-01
9.420000000000218421e+00,1.186056773294297928e+00,4.315196634451745616e-02,-2.185189304893979390e-01,-1.252061757675341502e-01,-1.356409705055454384e-01,6.304059345104176017e-03,1.000000000000000000e+00,-1.143394112586975098e+00,6.715929508209228516e-01,6.577975749969482422e-01,6.708860993385314941e-01,6.441855430603027344e-01,6.333533525466918945e-01
9.440000000000207336e+00,1.182167166920057522e+00,4.237971005304530525e-02,-1.306690507992467887e-01,-1.209694803411169167e-01,-1.374437301554629620e-01,4.531771312705541559e-03,1.000000000000000000e+00,-1.146753549575805664e+00,6.654102206230163574e-01,6.559491157531738281e-01,6.716585159301757812e-01,6.448771357536315918e-01,6.357460618019104004e-01
9.460000000000196252e+00,1.178104881778433644e+00,4.126101977468726867e-02,-4.160106392507925688e-02,-1.178258295891166235e-01,-1.390053476429243262e-01,2.679301135385007276e-03,1.000000000000000000e+00,-1.149660825729370117e+00,6.595869660377502441e-01,6.542493700981140137e-01,6.720875501632690430e-01,6.451787352561950684e-01,6.383141279220581055e-01
9.480000000000185167e+00,1.173977434195700331e+00,3.983142050062327133e-02,4.721905086035596555e-02,-1.157558185974541382e-01,-1.401972675443745597e-01,8.339940211375455013e-04,1.000000000000000000e+00,-1.151881456375122070e+00,6.544190645217895508e-01,6.527246236801147461e-01,6.721255183219909668e-01,6.451929211616516113e-01,6.406708359718322754e-01
9.500000000000174083e+00,1.169906374081904676e+00,3.814523115853091229e-02,1.343524492531911751e-01,-1.147024316808853278e-01,-1.409086717919308673e-01,-9.142354390777429184e-04,1.000000000000000000e+00,-1.153457880020141602e+00,6.499227285385131836e-01,6.513141989707946777e-01,6.718063354492187500e-01,6.450192332267761230e-01,6.426482796669006348e-01
9.520000000000162999e+00,1.166011383183612971e+00,3.625633925973703597e-02,2.183094570551668001e-01,-1.146171388082988102e-01,-1.410635053619279100e-01,-2.488510437865719578e-03,1.000000000000000000e+00,-1.154507756233215332e+00,6.459422111511230469e-01,6.499661803245544434e-01,6.711871027946472168e-01,6.447469592094421387e-01,6.442783474922180176e-01
9.540000000000151914e+00,1.162396226822968615e+00,3.421853517537837286e-02,2.975223996957389039e-01,-1.155181511921421073e-01,-1.406286305420425820e-01,-3.822850064480711602e-03,1.000000000000000000e+00,-1.155075192451477051e+00,6.422590613365173340e-01,6.486656069755554199e-01,6.703045368194580078e-01,6.444815993309020996e-01,6.456634402275085449e-01
9.560000000000140830e+00,1.159139608436868807e+00,3.209065118970622077e-02,3.703555054170362126e-01,-1.174949249005258350e-01,-1.396311548065896080e-01,-4.864687027261939585e-03,1.000000000000000000e+00,-1.155117034912109375e+00,6.386187672615051270e-01,6.473960280418395996e-01,6.691358685493469238e-01,6.443356275558471680e-01,6.469168066978454590e-01
9.580000000000129745e+00,1.156282668847117723e+00,2.993546571603095119e-02,4.351267952831662789e-01,-1.206778661996241869e-01,-1.381487346790218895e-01,-5.587378170399808462e-03,1.000000000000000000e+00,-1.154516220092773438e+00,6.347367763519287109e-01,6.461188197135925293e-01,6.675828695297241211e-01,6.444252729415893555e-01,6.481466889381408691e-01
9.600000000000118661e+00,1.153831546995612634e+00,2.781298300268847390e-02,4.902059756352984965e-01,-1.250728354120105024e-01,-1.363239540734876298e-01,-5.986974970167394279e-03,1.000000000000000000e+00,-1.153090476989746094e+00,6.303556561470031738e-01,6.447969675064086914e-01,6.654949188232421875e-01,6.448721885681152344e-01,6.494492888450622559e-01
9.620000000000107576e+00,1.151746349414028536e+00,2.578015893229262945e-02,5.340362365101120057e-01,-1.304658718515468996e-01,-1.343346489946839750e-01,-6.066042390678141535e-03,1.000000000000000000e+00,-1.150682091712951660e+00,6.254492998123168945e-01,6.434460878372192383e-01,6.627438664436340332e-01,6.457124352455139160e-01,6.509416699409484863e-01
9.640000000000096492e+00,1.149954832757386747e+00,2.388290657706432230e-02,5.652582013754343659e-01,-1.363744540107771352e-01,-1.323738918932861330e-01,-5.839698048290003010e-03,1.000000000000000000e+00,-1.147314667701721191e+00,6.203930377960205078e-01,6.421480178833007812e-01,6.592860817909240723e-01,6.467949748039245605e-01,6.528878211975097656e-01
9.660000000000085407e+00,1.148357504129613682e+00,2.215115197812866921e-02,5.828231010534685730e-01,-1.420284429738870591e-01,-1.306326563257242390e-01,-5.347244346877237132e-03,1.000000000000000000e+00,-1.143017053604125977e+00,6.157052516937255859e-01,6.410022974014282227e-01,6.550151705741882324e-01,6.479992866516113281e-01,6.556961536407470703e-01
9.680000000000074323e+00,1.146843495209334929e+00,2.059477796263736726e-02,5.861252878658796961e-01,-1.465678022430224603e-01,-1.292622591823358869e-01,-4.646631181796461590e-03,1.000000000000000000e+00,-1.137774229049682617e+00,6.119385361671447754e-01,6.401243209838867188e-01,6.498048305511474609e-01,6.493493318557739258e-01,6.595074534416198730e-01
9.700000000000063238e+00,1.145309389829120228e+00,1.921946416325320817e-02,5.750997300400408907e-01,-1.493196741645359260e-01,-1.283719040643437059e-01,-3.794850035458844847e-03,1.000000000000000000e+00,-1.132156252861022949e+00,6.096238493919372559e-01,6.395624876022338867e-01,6.440780758857727051e-01,6.507139801979064941e-01,6.637776494026184082e-01
9.720000000000052154e+00,1.143661340377531532e+00,1.802683830997386938e-02,5.502548424658794124e-01,-1.499718952882533318e-01,-1.280103657845938214e-01,-2.846738154208498534e-03,1.000000000000000000e+00,-1.127039790153503418e+00,6.088876128196716309e-01,6.393389701843261719e-01,6.387831568717956543e-01,6.518170237541198730e-01,6.676472425460815430e-01
9.740000000000041069e+00,1.141819719679774359e+00,1.702551808813440593e-02,5.126001277648559729e-01,-1.484978729994817226e-01,-1.281781929870602632e-01,-1.833191084479177634e-03,1.000000000000000000e+00,-1.122935533523559570e+00,6.095057725906372070e-01,6.394771933555603027e-01,6.346974968910217285e-01,6.523936986923217773e-01,6.705712080001831055e-01
9.760000000000029985e+00,1.139723481583772235e+00,1.623784588153626141e-02,4.634752510681426907e-01,-1.451456291254400455e-01,-1.288267087208770367e-01,-7.563937756433835669e-04,1.000000000000000000e+00,-1.119792461395263672e+00,6.111849546432495117e-01,6.399596929550170898e-01,6.318747997283935547e-01,6.522812247276306152e-01,6.725397706031799316e-01
9.780000000000018900e+00,1.137332897472739690e+00,1.569775589329813759e-02,4.043861078503131479e-01,-1.403346236551817339e-01,-1.298725755321629149e-01,4.133119101038735849e-04,1.000000000000000000e+00,-1.117045760154724121e+00,6.137784719467163086e-01,6.407965421676635742e-01,6.298740506172180176e-01,6.515014171600341797e-01,6.737613677978515625e-01
9.800000000000007816e+00,1.134629851065283912e+00,1.544486146726065101e-02,3.369005089642730377e-01,-1.345973847301470405e-01,-1.312188066313781099e-01,1.710093079848231746e-03,1.000000000000000000e+00,-1.114248991012573242e+00,6.173130869865417480e-01,6.420075297355651855e-01,6.283230185508728027e-01,6.502072811126708984e-01,6.743671894073486328e-01
9.819999999999996732e+00,1.131617308915660480e+00,1.551626103836545312e-02,2.626036932175591643e-01,-1.285526215251010240e-01,-1.327562540140097558e-01,3.166916980897477914e-03,1.000000000000000000e+00,-1.111406445503234863e+00,6.215720772743225098e-01,6.435078382492065430e-01,6.270899176597595215e-01,6.486962437629699707e-01,6.744630336761474609e-01
9.839999999999985647e+00,1.128318565146848806e+00,1.593883328524586807e-02,1.830798743645186688e-01,-1.227796423682021715e-01,-1.343700801846401671e-01,4.796788484998476890e-03,1.000000000000000000e+00,-1.108772993087768555e+00,6.260122060775756836e-01,6.451014280319213867e-01,6.261866092681884766e-01,6.473339200019836426e-01,6.741681694984436035e-01
9.859999999999974563e+00,1.124776477248328854e+00,1.672395288148903481e-02,9.989040383049468952e-02,-1.177027440893545912e-01,-1.359447656863594645e-01,6.581090951540809197e-03,1.000000000000000000e+00,-1.106502294540405273e+00,6.302105188369750977e-01,6.466235518455505371e-01,6.256108283996582031e-01,6.463545560836791992e-01,6.735666394233703613e-01
9.879999999999963478e+00,1.121052543507039090e+00,1.786473604573279861e-02,1.454277442775515558e-02,-1.135573341193517050e-01,-1.373682861542358247e-01,8.469740526599460126e-03,1.000000000000000000e+00,-1.104543566703796387e+00,6.341133713722229004e-01,6.480236053466796875e-01,6.252986192703247070e-01,6.458265781402587891e-01,6.726709008216857910e-01
9.899999999999952394e+00,1.117225165735904246e+00,1.933464305791837701e-02,-7.154048763297220226e-02,-1.104284428994198736e-01,-1.385348777699403344e-01,1.038596139036740591e-02,1.000000000000000000e+00,-1.102743983268737793e+00,6.379380822181701660e-01,6.493425965309143066e-01,6.251696944236755371e-01,6.457587480545043945e-01,6.714332103729248047e-01
9.919999999999941309e+00,1.113386274526268593e+00,2.108676362308958829e-02,-1.570426069639577205e-01,-1.083171703402033559e-01,-1.393490415811163285e-01,1.223474578653723985e-02,1.000000000000000000e+00,-1.100981831550598145e+00,6.420183181762695312e-01,6.506689190864562988e-01,6.251857280731201172e-01,6.461469531059265137e-01,6.697916388511657715e-01
9.939999999999930225e+00,1.109635153466383528e+00,2.306035077261053834e-02,-2.407370039125412420e-01,-1.072146377173835569e-01,-1.397330914207703390e-01,1.392667983633489280e-02,1.000000000000000000e+00,-1.099282145500183105e+00,6.466157436370849609e-01,6.520836353302001953e-01,6.253748536109924316e-01,6.469197273254394531e-01,6.677649021148681641e-01
9.959999999999919140e+00,1.106067895269515322e+00,2.519802629274814354e-02,-3.214053967582410354e-01,-1.071567490183934768e-01,-1.396384734698386809e-01,1.539379444760104881e-02,1.000000000000000000e+00,-1.097842335700988770e+00,6.517250537872314453e-01,6.535995602607727051e-01,6.257949471473693848e-01,6.478977799415588379e-01,6.655157804489135742e-01
9.979999999999908056e+00,1.102766443806703744e+00,2.744614703910647213e-02,-3.977921111151654920e-01,-1.082435001992410883e-01,-1.390525956360393611e-01,1.658693221607511134e-02,1.000000000000000000e+00,-1.096921443939208984e+00,6.571527719497680664e-01,6.551759243011474609e-01,6.264989972114562988e-01,6.488684415817260742e-01,6.632455587387084961e-01
9.999999999999896971e+00,1.099793506910704100e+00,2.974991591281250791e-02,-4.685926595935053229e-01,-1.106102839581167147e-01,-1.380061641733110189e-01,1.747525853911623475e-02,1.000000000000000000e+00,-1.096728563308715820e+00,6.627320647239685059e-01,6.567735075950622559e-01,6.275312304496765137e-01,6.496616005897521973e-01,6.610740423202514648e-01
