time,x,y,yaw,reward,velocity_x,velocity_y,steady_state,frequency,phase_lag_1,phase_lag_2,phase_lag_3,phase_lag_4,phase_lag_5
2.000000000000001082e-02,2.399978887923929438e+00,-1.913108809692753987e-03,2.130650089129172697e-02,0.000000000000000000e+00,-3.647000220133799712e-03,-1.681225108966446780e-01,0.000000000000000000e+00,-1.000000000000000000e+00,6.436018347740173340e-01,7.221299409866333008e-01,5.994396209716796875e-01,7.688830494880676270e-01,6.335651278495788574e-01
4.000000000000002859e-02,2.399822531103296797e+00,-5.753332549976897248e-03,6.296107793497751626e-02,0.000000000000000000e+00,-7.418182938276686109e-03,-1.808982931853242437e-01,0.000000000000000000e+00,-1.000000000000000000e+00,6.389807462692260742e-01,6.480683088302612305e-01,6.534739136695861816e-01,7.616529464721679688e-01,6.275677084922790527e-01
6.000000000000004635e-02,2.399608967779359059e+00,-8.980812270329263658e-03,9.509038959733945306e-02,0.000000000000000000e+00,-7.603384620827903333e-03,-1.600420211096319212e-01,0.000000000000000000e+00,-1.000000000000000000e+00,6.309480071067810059e-01,6.423932313919067383e-01,6.534504294395446777e-01,7.574515342712402344e-01,6.274312734603881836e-01
8.000000000000005718e-02,2.399554798355929996e+00,-1.030935743630834178e-02,1.024217618357499554e-01,0.000000000000000000e+00,-5.094150807514030883e-03,-1.239701168263718095e-01,0.000000000000000000e+00,-1.000000000000000000e+00,6.192181110382080078e-01,6.617546677589416504e-01,6.289629340171813965e-01,7.595213055610656738e-01,6.303937435150146484e-01
1.000000000000000749e-01,2.399645701493921202e+00,-9.824905896726465748e-03,8.579440319771959589e-02,0.000000000000000000e+00,-3.212952642213503986e-03,-8.796305592584183208e-02,0.000000000000000000e+00,-1.014016985893249512e+00,6.052558422088623047e-01,7.059977650642395020e-01,5.827264785766601562e-01,7.609927058219909668e-01,6.344910264015197754e-01
1.200000000000000927e-01,2.399639483557037156e+00,-8.409373305184486558e-03,5.483863817372318372e-02,0.000000000000000000e+00,-3.765777977436786123e-03,-6.034996618636943172e-02,0.000000000000000000e+00,-1.056496500968933105e+00,6.053161025047302246e-01,7.399546504020690918e-01,5.576149225234985352e-01,7.594460248947143555e-01,6.361695528030395508e-01
1.400000000000000966e-01,2.399353526711199169e+00,-6.946425910543008175e-03,1.958834409980463043e-02,0.000000000000000000e+00,-6.384078087850123505e-03,-4.241715188174207535e-02,0.000000000000000000e+00,-1.075868844985961914e+00,6.049565076828002930e-01,7.460717558860778809e-01,5.522000193595886230e-01,7.582452893257141113e-01,6.365869045257568359e-01
1.600000000000001144e-01,2.398773618968685462e+00,-5.843749439174483751e-03,-1.450957077250673855e-02,0.000000000000000000e+00,-9.982279449404184157e-03,-3.135676788831077283e-02,0.000000000000000000e+00,-1.081580519676208496e+00,6.022625565528869629e-01,7.412005662918090820e-01,5.535508990287780762e-01,7.591336369514465332e-01,6.360037326812744141e-01
1.800000000000001321e-01,2.397976917391936968e+00,-5.011293730718291428e-03,-4.732463113828755397e-02,0.000000000000000000e+00,-1.374187007237359648e-02,-2.340104242698159628e-02,0.000000000000000000e+00,-1.074590563774108887e+00,6.014827489852905273e-01,7.376834750175476074e-01,5.561851263046264648e-01,7.614530920982360840e-01,6.352436542510986328e-01
2.000000000000001499e-01,2.397040846970585282e+00,-4.110493026711126152e-03,-8.172494784247075206e-02,0.000000000000000000e+00,-1.731593645296499936e-02,-1.581249990044552092e-02,0.000000000000000000e+00,-1.058653354644775391e+00,6.049396395683288574e-01,7.423190474510192871e-01,5.567912459373474121e-01,7.647796869277954102e-01,6.347594857215881348e-01
2.200000000000001676e-01,2.396002109505154909e+00,-2.837917387608468456e-03,-1.206015794208616237e-01,0.000000000000000000e+00,-2.068833093995904593e-02,-7.497563641413810577e-03,0.000000000000000000e+00,-1.037313222885131836e+00,6.127072572708129883e-01,7.538604140281677246e-01,5.555861592292785645e-01,7.677409648895263672e-01,6.348243951797485352e-01
2.400000000000001854e-01,2.394861393591407150e+00,-1.085070002496191233e-03,-1.650088455290656952e-01,0.000000000000000000e+00,-2.393895998769357200e-02,1.359062528143164693e-03,0.000000000000000000e+00,-1.011771678924560547e+00,6.234573721885681152e-01,7.657746076583862305e-01,5.552934408187866211e-01,7.690480947494506836e-01,6.354501843452453613e-01
2.600000000000001754e-01,2.393617572880700983e+00,1.063868594136541113e-03,-2.139181620205636292e-01,0.000000000000000000e+00,-2.705320724013202463e-02,1.006882085134416967e-02,0.000000000000000000e+00,-1.000000000000000000e+00,6.349901556968688965e-01,7.740367054939270020e-01,5.571383237838745117e-01,7.692199945449829102e-01,6.362495422363281250e-01
2.800000000000001932e-01,2.392301620228871162e+00,3.443185459543363081e-03,-2.651396037907796099e-01,0.000000000000000000e+00,-2.987681096304287132e-02,1.806856506720092709e-02,0.000000000000000000e+00,-1.000000000000000000e+00,6.458402276039123535e-01,7.789537310600280762e-01,5.606007575988769531e-01,7.694385647773742676e-01,6.368585228919982910e-01
3.000000000000002109e-01,2.390980765759495252e+00,5.906816161582617575e-03,-3.162937127896475742e-01,0.000000000000000000e+00,-3.220509464092160407e-02,2.509465738514186917e-02,0.000000000000000000e+00,-1.000000000000000000e+00,6.559999585151672363e-01,7.818682789802551270e-01,5.651646852493286133e-01,7.701482772827148438e-01,6.372411847114562988e-01
3.200000000000002287e-01,2.389735576031624564e+00,8.358159035111001334e-03,-3.652649560672685536e-01,0.000000000000000000e+00,-3.388917735546308208e-02,3.109890766023327285e-02,0.000000000000000000e+00,-1.000000000000000000e+00,6.657683849334716797e-01,7.835450768470764160e-01,5.704964995384216309e-01,7.711665630340576172e-01,6.375409364700317383e-01
3.400000000000002465e-01,2.388631843931023457e+00,1.073869903776308865e-02,-4.102625966352126952e-01,0.000000000000000000e+00,-3.489212300297471481e-02,3.612241903768785567e-02,0.000000000000000000e+00,-1.000000000000000000e+00,6.749208569526672363e-01,7.842233777046203613e-01,5.761276483535766602e-01,7.722569704055786133e-01,6.378667950630187988e-01
3.600000000000002642e-01,2.387703315614795319e+00,1.300479245850771903e-02,-4.497155273994196123e-01,0.000000000000000000e+00,-3.528240806709955629e-02,4.020971222508543802e-02,0.000000000000000000e+00,-1.000000000000000000e+00,6.829980611801147461e-01,7.840797305107116699e-01,5.815528631210327148e-01,7.734445929527282715e-01,6.382017731666564941e-01
3.800000000000002820e-01,2.386950204821753019e+00,1.511137162877879137e-02,-4.821694664126396357e-01,0.000000000000000000e+00,-3.519530885447243879e-02,4.338422115477497121e-02,0.000000000000000000e+00,-1.000000000000000000e+00,6.898468732833862305e-01,7.833363413810729980e-01,5.865719914436340332e-01,7.749242186546325684e-01,6.384577155113220215e-01
4.000000000000002998e-01,2.386344762254437590e+00,1.701085562476006841e-02,-5.062248789224980117e-01,0.000000000000000000e+00,-3.480307912308587548e-02,4.566574338658509202e-02,0.000000000000000000e+00,-1.000000000000000000e+00,6.957173347473144531e-01,7.820639610290527344e-01,5.914045572280883789e-01,7.768060564994812012e-01,6.385859847068786621e-01
4.200000000000003175e-01,2.385837863674626469e+00,1.865797489513937313e-02,-5.206045290184130314e-01,0.000000000000000000e+00,-3.428195048072246037e-02,4.707876847872020237e-02,0.000000000000000000e+00,-1.000000000000000000e+00,7.009003162384033203e-01,7.800695300102233887e-01,5.964614152908325195e-01,7.790026664733886719e-01,6.385939121246337891e-01
4.400000000000003353e-01,2.385365962319200062e+00,2.001641677840670930e-02,-5.242910262988319525e-01,0.000000000000000000e+00,-3.381546397531993292e-02,4.768398738710262486e-02,0.000000000000000000e+00,-1.000000000000000000e+00,7.053737640380859375e-01,7.769530415534973145e-01,6.020872592926025391e-01,7.812896370887756348e-01,6.384463906288146973e-01
4.600000000000003531e-01,2.384849722254383408e+00,2.107345752727257659e-02,-5.166525215724305786e-01,0.000000000000000000e+00,-3.357668973316105254e-02,4.758167243335677254e-02,0.000000000000000000e+00,-1.000000000000000000e+00,7.089278697967529297e-01,7.723139524459838867e-01,6.085233688354492188e-01,7.834932804107666016e-01,6.379734873771667480e-01
4.800000000000003708e-01,2.384205770214707254e+00,2.183276406785883417e-02,-4.975458152741376594e-01,0.000000000000000000e+00,-3.370865316609340107e-02,4.687969920940172203e-02,0.000000000000000000e+00,-1.000000000000000000e+00,7.114392518997192383e-01,7.659299969673156738e-01,6.158452033996582031e-01,7.855581641197204590e-01,6.370208263397216797e-01
5.000000000000003331e-01,2.383355531549211648e+00,2.230864553928246785e-02,-4.673353702569280066e-01,0.000000000000000000e+00,-3.431391441359929462e-02,4.568477354193329482e-02,0.000000000000000000e+00,-1.000000000000000000e+00,7.128036022186279297e-01,7.579026222229003906e-01,6.236752867698669434e-01,7.874408960342407227e-01,6.356931328773498535e-01
5.200000000000003508e-01,2.382233260008983500e+00,2.251827999824290716e-02,-4.268083440133191298e-01,0.000000000000000000e+00,-3.544760226232167299e-02,4.408498930642933133e-02,0.000000000000000000e+00,-1.000000000000000000e+00,7.129324078559875488e-01,7.488315701484680176e-01,6.312252283096313477e-01,7.890471816062927246e-01,6.342595219612121582e-01
5.400000000000003686e-01,2.380791721237419889e+00,2.247569935362697668e-02,-3.770568742638869542e-01,0.000000000000000000e+00,-3.711958669449537396e-02,4.214640976521707300e-02,0.000000000000000000e+00,-1.000000000000000000e+00,7.119990587234497070e-01,7.395430207252502441e-01,6.379207372665405273e-01,7.901968955993652344e-01,6.329358816146850586e-01
5.600000000000003864e-01,2.379004417505853564e+00,2.218934039597841856e-02,-3.193636572875719337e-01,0.000000000000000000e+00,-3.930061752357329186e-02,3.991532488423347319e-02,0.000000000000000000e+00,-1.000000000000000000e+00,7.103989720344543457e-01,7.304755449295043945e-01,6.437606215476989746e-01,7.907603979110717773e-01,6.318122744560241699e-01
5.800000000000004041e-01,2.376865916695796610e+00,2.166259172854551052e-02,-2.551099030710387572e-01,0.000000000000000000e+00,-4.192947448423008094e-02,3.742482003889701508e-02,0.000000000000000000e+00,-1.000000000000000000e+00,7.084838151931762695e-01,7.216035127639770508e-01,6.490506529808044434e-01,7.907085418701171875e-01,6.308847665786743164e-01
6.000000000000004219e-01,2.374391355938093362e+00,2.089647139317307722e-02,-1.857089697893972435e-01,0.000000000000000000e+00,-4.491939699123948665e-02,3.470249417195633151e-02,0.000000000000000000e+00,-1.000000000000000000e+00,7.064165472984313965e-01,7.128807902336120605e-01,6.539871692657470703e-01,7.900585532188415527e-01,6.301015019416809082e-01
6.200000000000004396e-01,2.371615690215319372e+00,1.989321607620420096e-02,-1.125599010941927686e-01,0.000000000000000000e+00,-4.816359486175299937e-02,3.177738110052908543e-02,0.000000000000000000e+00,-1.000000000000000000e+00,7.041709423065185547e-01,7.044856548309326172e-01,6.585156321525573730e-01,7.889607548713684082e-01,6.293907165527343750e-01
6.400000000000004574e-01,2.368592592879502856e+00,1.866000673570161750e-02,-3.701308356298122632e-02,0.000000000000000000e+00,-5.154060175259143201e-02,2.868539093737123777e-02,0.000000000000000000e+00,-1.000000000000000000e+00,7.016413211822509766e-01,6.967281699180603027e-01,6.624528765678405762e-01,7.877058386802673340e-01,6.286944746971130371e-01
6.600000000000004752e-01,2.365392518569768843e+00,1.721232504566311272e-02,3.965626311296404499e-02,0.000000000000000000e+00,-5.492035984115284375e-02,2.547289021665503223e-02,0.000000000000000000e+00,-1.000000000000000000e+00,6.987868547439575195e-01,6.898283958435058594e-01,6.656607389450073242e-01,7.864916920661926270e-01,6.280055642127990723e-01
6.800000000000004929e-01,2.362099374385992601e+00,1.557672947821198139e-02,1.162676679316142908e-01,0.000000000000000000e+00,-5.817161282423832791e-02,2.219884496214172970e-02,0.000000000000000000e+00,-1.000000000000000000e+00,6.956492066383361816e-01,6.837908029556274414e-01,6.681123375892639160e-01,7.852506041526794434e-01,6.273663043975830078e-01
7.000000000000005107e-01,2.358805248451887326e+00,1.379103847320806153e-02,1.917409196675529948e-01,0.000000000000000000e+00,-6.117166723544256030e-02,1.892602752199174648e-02,0.000000000000000000e+00,-1.000000000000000000e+00,6.922265887260437012e-01,6.784465909004211426e-01,6.698549985885620117e-01,7.838056087493896484e-01,6.268244385719299316e-01
7.200000000000005285e-01,2.355601760870492001e+00,1.189318507467157504e-02,2.650471825407219595e-01,0.000000000000000000e+00,-6.381940011144389413e-02,1.570298604805527021e-02,0.000000000000000000e+00,-1.000000000000000000e+00,6.884072422981262207e-01,6.736040711402893066e-01,6.709161400794982910e-01,7.820609807968139648e-01,6.264125704765319824e-01
7.400000000000005462e-01,2.352570610155329867e+00,9.917060087777318511e-03,3.351538072744499885e-01,0.000000000000000000e+00,-6.604182149726622875e-02,1.257174411668467509e-02,0.000000000000000000e+00,-1.000000000000000000e+00,6.839851140975952148e-01,6.691738367080688477e-01,6.712089776992797852e-01,7.800447940826416016e-01,6.261600255966186523e-01
7.600000000000005640e-01,2.349779973553483892e+00,7.897930149704246450e-03,4.009994219971074747e-01,0.000000000000000000e+00,-6.779376371449895300e-02,9.572515364495893728e-03,0.000000000000000000e+00,-1.000000000000000000e+00,6.786543726921081543e-01,6.651808619499206543e-01,6.704897284507751465e-01,7.778603434562683105e-01,6.261050701141357422e-01
7.800000000000005818e-01,2.347275664805815065e+00,5.872676748742589048e-03,4.614937570444992421e-01,0.000000000000000000e+00,-6.907242348190965886e-02,6.743652513343136382e-03,0.000000000000000000e+00,-1.000000000000000000e+00,6.720238327980041504e-01,6.617528796195983887e-01,6.683529615402221680e-01,7.756100296974182129e-01,6.263021230697631836e-01
8.000000000000005995e-01,2.345078832737802710e+00,3.878116307195034196e-03,5.155331087289969361e-01,0.000000000000000000e+00,-6.989720168721182125e-02,4.116002828163338803e-03,0.000000000000000000e+00,-1.000000000000000000e+00,6.636766791343688965e-01,6.590901613235473633e-01,6.642737984657287598e-01,7.732887268066406250e-01,6.268160343170166016e-01
8.200000000000006173e-01,2.343186964104408521e+00,1.947749253378650014e-03,5.620474762515980105e-01,0.000000000000000000e+00,-7.032390772167132487e-02,1.713891760741237088e-03,0.000000000000000000e+00,-1.000000000000000000e+00,6.533620953559875488e-01,6.574320197105407715e-01,6.577762365341186523e-01,7.706552743911743164e-01,6.277032494544982910e-01
8.400000000000006350e-01,2.341570610303321143e+00,1.114062179508601425e-04,6.000096506273491226e-01,0.000000000000000000e+00,-7.042716409245955433e-02,-4.470622715562375354e-04,0.000000000000000000e+00,-1.000000000000000000e+00,6.411256194114685059e-01,6.569633483886718750e-01,6.485845446586608887e-01,7.671688795089721680e-01,6.289833188056945801e-01
8.600000000000006528e-01,2.340181788659324358e+00,-1.609012072013249472e-03,6.284938345325021825e-01,0.000000000000000000e+00,-7.029576133460052612e-02,-2.363563869603163732e-03,0.000000000000000000e+00,-1.000000000000000000e+00,6.273695230484008789e-01,6.577467918395996094e-01,6.367252469062805176e-01,7.622525691986083984e-01,6.306190490722656250e-01
8.800000000000006706e-01,2.338955425103615315e+00,-3.200903434078861132e-03,6.467237695975548428e-01,0.000000000000000000e+00,-7.002742413332679883e-02,-4.043428243278002730e-03,0.000000000000000000e+00,-1.000000000000000000e+00,6.128554940223693848e-01,6.596827507019042969e-01,6.226426362991333008e-01,7.557672262191772461e-01,6.324943900108337402e-01
9.000000000000006883e-01,2.337819733179683723e+00,-4.669817679716914416e-03,6.541404291138607219e-01,0.000000000000000000e+00,-6.970755068278210176e-02,-5.527363627059183639e-03,0.000000000000000000e+00,-1.034116148948669434e+00,5.988984107971191406e-01,6.624442934989929199e-01,6.076473593711853027e-01,7.482028603553771973e-01,6.343649625778198242e-01
9.200000000000007061e-01,2.336711474520024368e+00,-6.045220513875848578e-03,6.502889180574171757e-01,0.000000000000000000e+00,-6.940525818732871943e-02,-6.862275772613209666e-03,0.000000000000000000e+00,-1.081713438034057617e+00,5.866442322731018066e-01,6.649074554443359375e-01,5.939061641693115234e-01,7.397869825363159180e-01,6.359150409698486328e-01
9.400000000000007239e-01,2.335562184630180838e+00,-7.349200344848316746e-03,6.344645908235985177e-01,0.000000000000000000e+00,-6.920271059911757561e-02,-8.063163355538515223e-03,0.000000000000000000e+00,-1.127582907676696777e+00,5.766398906707763672e-01,6.661850810050964355e-01,5.828504562377929688e-01,7.305079102516174316e-01,6.370336413383483887e-01
9.600000000000007416e-01,2.334283825348766328e+00,-8.562352416610574668e-03,6.056713208133531756e-01,0.000000000000000000e+00,-6.919581364995015804e-02,-9.091275931142905192e-03,0.000000000000000000e+00,-1.169714450836181641e+00,5.692114233970642090e-01,6.668429970741271973e-01,5.744513869285583496e-01,7.211900353431701660e-01,6.377971768379211426e-01
9.800000000000007594e-01,2.332770760924010922e+00,-9.615347808045182632e-03,5.629530714516302048e-01,0.000000000000000000e+00,-6.948552213079563222e-02,-9.866181009972111587e-03,0.000000000000000000e+00,-1.205581188201904297e+00,5.645979642868041992e-01,6.686043739318847656e-01,5.678717494010925293e-01,7.133839726448059082e-01,6.382397413253784180e-01
1.000000000000000666e+00,2.330912717412487734e+00,-1.041073951411286558e-02,5.059171465711617133e-01,0.000000000000000000e+00,-7.016101148887039785e-02,-1.030331574007173172e-02,0.000000000000000000e+00,-1.232537746429443359e+00,5.631234049797058105e-01,6.737584471702575684e-01,5.621594190597534180e-01,7.086122632026672363e-01,6.383343935012817383e-01
1.019999999999998463e+00,2.328611977932279142e+00,-1.085784339122081166e-02,4.351812988674690352e-01,0.000000000000000000e+00,-7.263598062850355752e-02,-7.191612372554580940e-03,0.000000000000000000e+00,-1.248643040657043457e+00,5.649064779281616211e-01,6.837800145149230957e-01,5.567742586135864258e-01,7.074637413024902344e-01,6.380699872970581055e-01
1.039999999999996261e+00,2.325802183308748994e+00,-1.090084175650002374e-02,3.525706715251882284e-01,0.000000000000000000e+00,-7.548660625375654132e-02,-3.152683513527981731e-03,0.000000000000000000e+00,-1.250000000000000000e+00,5.695748925209045410e-01,6.978762149810791016e-01,5.519955754280090332e-01,7.093343734741210938e-01,6.376064419746398926e-01
1.059999999999994058e+00,2.322469245558112849e+00,-1.052939124156798689e-02,2.609783090328157695e-01,0.000000000000000000e+00,-7.890985463009038414e-02,-2.135117266513067490e-04,0.000000000000000000e+00,-1.246855497360229492e+00,5.768795013427734375e-01,7.143309712409973145e-01,5.483521223068237305e-01,7.136338949203491211e-01,6.374514698982238770e-01
1.079999999999991855e+00,2.318666000851076436e+00,-9.770315179141508821e-03,1.638655774843970347e-01,0.000000000000000000e+00,-8.296173325992244052e-02,1.036224549247861905e-03,0.000000000000000000e+00,-1.226028919219970703e+00,5.864470005035400391e-01,7.314047217369079590e-01,5.458878874778747559e-01,7.200925350189208984e-01,6.379021406173706055e-01
1.099999999999989653e+00,2.314514184680769304e+00,-8.686591900136486633e-03,6.490213242349057721e-02,0.000000000000000000e+00,-8.731815622189464943e-02,1.131451194157754008e-03,0.000000000000000000e+00,-1.191393375396728516e+00,5.975472331047058105e-01,7.472623586654663086e-01,5.445072650909423828e-01,7.281331419944763184e-01,6.385802030563354492e-01
1.119999999999987450e+00,2.310191140347447991e+00,-7.374031485325560631e-03,-3.242663490563615913e-02,0.000000000000000000e+00,-9.152925806449159485e-02,9.651455392352809286e-04,0.000000000000000000e+00,-1.144143819808959961e+00,6.100508570671081543e-01,7.610748410224914551e-01,5.444849729537963867e-01,7.368814945220947266e-01,6.391181349754333496e-01
1.139999999999985247e+00,2.305896705715258843e+00,-5.953880606390071772e-03,-1.251863243346904853e-01,0.000000000000000000e+00,-9.530404485068272313e-02,1.092544938698875338e-03,0.000000000000000000e+00,-1.087537765502929688e+00,6.238672137260437012e-01,7.723974585533142090e-01,5.463646650314331055e-01,7.454154491424560547e-01,6.393940448760986328e-01
1.159999999999983045e+00,2.301808575916549859e+00,-4.546626560219202418e-03,-2.112432385155942338e-01,0.000000000000000000e+00,-9.854050239198659800e-02,1.541065171465665984e-03,0.000000000000000000e+00,-1.027893304824829102e+00,6.379927992820739746e-01,7.803996801376342773e-01,5.505528450012207031e-01,7.530260086059570312e-01,6.392882466316223145e-01
1.179999999999980842e+00,2.298042381442410242e+00,-3.220238078455950337e-03,-2.894961393461016885e-01,0.000000000000000000e+00,-1.012503945150053375e-01,2.022035352187649855e-03,0.000000000000000000e+00,-1.000000000000000000e+00,6.508455872535705566e-01,7.847475409507751465e-01,5.566365122795104980e-01,7.594047188758850098e-01,6.388107538223266602e-01
1.199999999999978639e+00,2.294636063438751705e+00,-1.948513240732030471e-03,-3.602379267471378377e-01,0.000000000000000000e+00,-1.034901373171063094e-01,2.246361093695524534e-03,0.000000000000000000e+00,-1.000000000000000000e+00,6.615670323371887207e-01,7.863916158676147461e-01,5.633561611175537109e-01,7.643245458602905273e-01,6.382818818092346191e-01
1.219999999999976437e+00,2.291577667971777643e+00,-6.364267373991094878e-04,-4.246256661079181871e-01,0.000000000000000000e+00,-1.052936522711741263e-01,2.095760515978825969e-03,0.000000000000000000e+00,-1.000000000000000000e+00,6.705027818679809570e-01,7.867125272750854492e-01,5.696754455566406250e-01,7.676324844360351562e-01,6.380342245101928711e-01
1.239999999999974234e+00,2.288845028696767425e+00,7.922960838390169513e-04,-4.834637766617922994e-01,0.000000000000000000e+00,-1.066765991981767081e-01,1.614911747136900215e-03,0.000000000000000000e+00,-1.000000000000000000e+00,6.781734824180603027e-01,7.865106463432312012e-01,5.752413868904113770e-01,7.696967720985412598e-01,6.380923390388488770e-01
1.259999999999972031e+00,2.286418892532562808e+00,2.343053702605402133e-03,-5.365125395215640802e-01,0.000000000000000000e+00,-1.076657177066782378e-01,9.180295987367847630e-04,0.000000000000000000e+00,-1.000000000000000000e+00,6.847739219665527344e-01,7.860277295112609863e-01,5.801251530647277832e-01,7.712669968605041504e-01,6.382740736007690430e-01
1.279999999999969829e+00,2.284284941425675175e+00,3.954657752451351538e-03,-5.825890811991846219e-01,0.000000000000000000e+00,-1.083273979476007676e-01,8.799340395501675793e-05,0.000000000000000000e+00,-1.000000000000000000e+00,6.903831958770751953e-01,7.853035926818847656e-01,5.845273137092590332e-01,7.729765772819519043e-01,6.384018063545227051e-01
1.299999999999967626e+00,2.282424759709281048e+00,5.536139687290331235e-03,-6.200819618762232199e-01,0.000000000000000000e+00,-1.087646202371746473e-01,-8.434381168748692230e-04,0.000000000000000000e+00,-1.000000000000000000e+00,6.952330470085144043e-01,7.843209505081176758e-01,5.887215137481689453e-01,7.751049995422363281e-01,6.384087800979614258e-01
1.319999999999965423e+00,2.280801975354647571e+00,7.011308421701334392e-03,-6.475027624560149020e-01,0.000000000000000000e+00,-1.091049355633394446e-01,-1.860852976662290617e-03,0.000000000000000000e+00,-1.000000000000000000e+00,6.996726989746093750e-01,7.829661965370178223e-01,5.930341482162475586e-01,7.775747776031494141e-01,6.383388042449951172e-01
1.339999999999963221e+00,2.279355333420019836e+00,8.342938521404053009e-03,-6.638324772234318605e-01,0.000000000000000000e+00,-1.094689627572119073e-01,-2.932756648822909366e-03,0.000000000000000000e+00,-1.000000000000000000e+00,7.038516998291015625e-01,7.809882164001464844e-01,5.977163910865783691e-01,7.800768017768859863e-01,6.382685303688049316e-01
1.359999999999961018e+00,2.278008422062289373e+00,9.536780282101087192e-03,-6.686106561963419681e-01,0.000000000000000000e+00,-1.099574560916416199e-01,-3.991512536750875528e-03,0.000000000000000000e+00,-1.000000000000000000e+00,7.075483798980712891e-01,7.780960798263549805e-01,6.028367280960083008e-01,7.822769284248352051e-01,6.381736993789672852e-01
1.379999999999958815e+00,2.276674992730630009e+00,1.062084437501498169e-02,-6.618665109440862171e-01,0.000000000000000000e+00,-1.106372761984054515e-01,-4.965637014660015565e-03,0.000000000000000000e+00,-1.000000000000000000e+00,7.105081677436828613e-01,7.741730213165283203e-01,6.083904504776000977e-01,7.840571403503417969e-01,6.378736495971679688e-01
1.399999999999956612e+00,2.275280248077532708e+00,1.161673171355465106e-02,-6.440058046229492072e-01,0.000000000000000000e+00,-1.115389139041640942e-01,-5.789036118794376254e-03,0.000000000000000000e+00,-1.000000000000000000e+00,7.126882672309875488e-01,7.692245841026306152e-01,6.143885254859924316e-01,7.855021357536315918e-01,6.372230648994445801e-01
1.419999999999954410e+00,2.273757715256388146e+00,1.253414479527992231e-02,-6.156644270503612848e-01,0.000000000000000000e+00,-1.126674419197106758e-01,-6.420080856668572769e-03,0.000000000000000000e+00,-1.000000000000000000e+00,7.141084074974060059e-01,7.632734775543212891e-01,6.207169294357299805e-01,7.867450714111328125e-01,6.362691521644592285e-01
1.439999999999952207e+00,2.272053339046980813e+00,1.336067697900339413e-02,-5.776149834557006146e-01,0.000000000000000000e+00,-1.139971564636300672e-01,-6.855554386204648805e-03,0.000000000000000000e+00,-1.000000000000000000e+00,7.147033810615539551e-01,7.564319968223571777e-01,6.270388960838317871e-01,7.879334092140197754e-01,6.351577639579772949e-01
1.459999999999950004e+00,2.270126192520394603e+00,1.406705172079397714e-02,-5.307262452138831188e-01,0.000000000000000000e+00,-1.154799047688818969e-01,-7.127888245935828752e-03,0.000000000000000000e+00,-1.000000000000000000e+00,7.144222855567932129e-01,7.489231228828430176e-01,6.329940557479858398e-01,7.891449332237243652e-01,6.340166926383972168e-01
1.479999999999947802e+00,2.267947415701887071e+00,1.461611778581201060e-02,-4.759602561678153432e-01,0.000000000000000000e+00,-1.170563991470583570e-01,-7.284539707007142532e-03,0.000000000000000000e+00,-1.000000000000000000e+00,7.133779525756835938e-01,7.410879731178283691e-01,6.383979916572570801e-01,7.902367711067199707e-01,6.329377889633178711e-01
1.499999999999945599e+00,2.265499930322832700e+00,1.497104128717163807e-02,-4.143737351992783369e-01,0.000000000000000000e+00,-1.186640829201422997e-01,-7.377583622953417207e-03,0.000000000000000000e+00,-1.000000000000000000e+00,7.118135094642639160e-01,7.331767082214355469e-01,6.433023810386657715e-01,7.909760475158691406e-01,6.319758296012878418e-01
1.519999999999943396e+00,2.262779310171723068e+00,1.510040736306195175e-02,-3.471025904614242763e-01,0.000000000000000000e+00,-1.202435299193500701e-01,-7.451039464446965709e-03,0.000000000000000000e+00,-1.000000000000000000e+00,7.099732160568237305e-01,7.252108454704284668e-01,6.479054093360900879e-01,7.912179231643676758e-01,6.311437487602233887e-01
1.539999999999941194e+00,2.259795173465349194e+00,1.498047898947446610e-02,-2.753279399271830186e-01,0.000000000000000000e+00,-1.217406318142319893e-01,-7.535862769972151085e-03,0.000000000000000000e+00,-1.000000000000000000e+00,7.080062031745910645e-01,7.171753644943237305e-01,6.523518562316894531e-01,7.909069061279296875e-01,6.304198503494262695e-01
1.559999999999938991e+00,2.256572325468126472e+00,1.459608237975501543e-02,-2.002348218762372012e-01,0.000000000000000000e+00,-1.231068797585002095e-01,-7.648302599185041045e-03,0.000000000000000000e+00,-1.000000000000000000e+00,7.059202194213867188e-01,7.091916799545288086e-01,6.566146612167358398e-01,7.900912165641784668e-01,6.297566294670104980e-01
1.579999999999936788e+00,2.253151076289940491e+00,1.394146491337572291e-02,-1.229758193138311417e-01,0.000000000000000000e+00,-1.242993554054186711e-01,-7.790615949727158762e-03,0.000000000000000000e+00,-1.000000000000000000e+00,7.036161422729492188e-01,7.015218734741210938e-01,6.605299711227416992e-01,7.889648079872131348e-01,6.291001439094543457e-01
1.599999999999934586e+00,2.249586409384217944e+00,1.302174850539999929e-02,-4.464572113898267886e-02,0.000000000000000000e+00,-1.252815108699693591e-01,-7.952645971418082632e-03,0.000000000000000000e+00,-1.000000000000000000e+00,7.010028958320617676e-01,6.944448947906494141e-01,6.639201641082763672e-01,7.877765893936157227e-01,6.284227371215820312e-01
1.619999999999932383e+00,2.245945948291584227e+00,1.185470693298362743e-02,3.373218318688030876e-02,0.000000000000000000e+00,-1.260249257128066291e-01,-8.113836470866723355e-03,0.000000000000000000e+00,-1.000000000000000000e+00,6.980900168418884277e-01,6.881118416786193848e-01,6.666843295097351074e-01,7.865995764732360840e-01,6.277483701705932617e-01
1.639999999999930180e+00,2.242306710473522813e+00,1.047209160884132739e-02,1.112105095349343598e-01,0.000000000000000000e+00,-1.265118799337811295e-01,-8.246924030039267176e-03,0.000000000000000000e+00,-1.000000000000000000e+00,6.949284672737121582e-01,6.824864149093627930e-01,6.688133478164672852e-01,7.852989435195922852e-01,6.271314620971679688e-01
1.659999999999927978e+00,2.238749644561622176e+00,8.913625843508021784e-03,1.868917196001173009e-01,0.000000000000000000e+00,-1.267400329295315098e-01,-8.333592543447390297e-03,0.000000000000000000e+00,-1.000000000000000000e+00,6.914875507354736328e-01,6.774098873138427734e-01,6.703411936759948730e-01,7.837265133857727051e-01,6.266171336174011230e-01
1.679999999999925775e+00,2.235351545994139766e+00,7.216435811604915429e-03,2.598642614620989555e-01,0.000000000000000000e+00,-1.267263252011782970e-01,-8.370801919595667606e-03,0.000000000000000000e+00,-1.000000000000000000e+00,6.876343488693237305e-01,6.727440953254699707e-01,6.712514162063598633e-01,7.818407416343688965e-01,6.262376308441162109e-01
1.699999999999923572e+00,2.232178306008811397e+00,5.416767369965269641e-03,3.291707744816130266e-01,0.000000000000000000e+00,-1.265047405698120075e-01,-8.361247346600857860e-03,0.000000000000000000e+00,-1.000000000000000000e+00,6.831414103507995605e-01,6.684420704841613770e-01,6.714093685150146484e-01,7.797032594680786133e-01,6.260250806808471680e-01
1.719999999999921370e+00,2.229282444429147692e+00,3.553880889367866391e-03,3.937975562536531471e-01,0.000000000000000000e+00,-1.261206239707822196e-01,-8.299305953017817317e-03,0.000000000000000000e+00,-1.000000000000000000e+00,6.776849031448364258e-01,6.645580530166625977e-01,6.705269813537597656e-01,7.774209976196289062e-01,6.260244250297546387e-01
1.739999999999919167e+00,2.226693678567046586e+00,1.668739014663800369e-03,4.526817372318821531e-01,0.000000000000000000e+00,-1.256279028583795754e-01,-8.179357995120421776e-03,0.000000000000000000e+00,-1.000000000000000000e+00,6.708596348762512207e-01,6.612405180931091309e-01,6.681582927703857422e-01,7.750763893127441406e-01,6.262966394424438477e-01
1.759999999999916964e+00,2.224425593092997921e+00,-2.008546379506648272e-04,5.047790505884007795e-01,0.000000000000000000e+00,-1.250863191956558818e-01,-8.000513417126037599e-03,0.000000000000000000e+00,-1.000000000000000000e+00,6.622692942619323730e-01,6.587153077125549316e-01,6.637601852416992188e-01,7.726259231567382812e-01,6.269091367721557617e-01
1.779999999999914762e+00,2.222462844487859357e+00,-2.019245010936643325e-03,5.490561257448899335e-01,0.000000000000000000e+00,-1.245539726100547695e-01,-7.766717272970193563e-03,0.000000000000000000e+00,-1.000000000000000000e+00,6.516959667205810547e-01,6.572331190109252930e-01,6.568546295166015625e-01,7.697690725326538086e-01,6.279107332229614258e-01
1.799999999999912559e+00,2.220769202641672546e+00,-3.755455766027038234e-03,5.845403587038060511e-01,0.000000000000000000e+00,-1.240882385328663101e-01,-7.486027752196045167e-03,0.000000000000000000e+00,-1.000000000000000000e+00,6.392303705215454102e-01,6.569792628288269043e-01,6.471813917160034180e-01,7.659382224082946777e-01,6.293050646781921387e-01
1.819999999999910356e+00,2.219291518507814587e+00,-5.387099915873327927e-03,6.103709498684670720e-01,0.000000000000000000e+00,-1.237321935448198601e-01,-7.172555012599086434e-03,0.000000000000000000e+00,-1.000000000000000000e+00,6.253187060356140137e-01,6.580049395561218262e-01,6.348065733909606934e-01,7.606247067451477051e-01,6.310365200042724609e-01
1.839999999999908153e+00,2.217961891229484728e+00,-6.900894297325932403e-03,6.258538230609768105e-01,0.000000000000000000e+00,-1.235188196933458965e-01,-6.844920254843475313e-03,0.000000000000000000e+00,-1.000000000000000000e+00,6.108222007751464844e-01,6.601788997650146484e-01,6.203277707099914551e-01,7.538194060325622559e-01,6.329613327980041504e-01
1.859999999999905951e+00,2.216710237555913121e+00,-8.303412070965243696e-03,6.305120525403863363e-01,0.000000000000000000e+00,-1.234566265907861837e-01,-6.543649593302201112e-03,0.000000000000000000e+00,-1.041732192039489746e+00,5.972298979759216309e-01,6.631029844284057617e-01,6.053661108016967773e-01,7.461019158363342285e-01,6.347944140434265137e-01
1.879999999999903748e+00,2.215476089098367574e+00,-9.622907565512928141e-03,6.239232252034507820e-01,0.000000000000000000e+00,-1.235341751951989364e-01,-6.303634668539202096e-03,0.000000000000000000e+00,-1.088539123535156250e+00,5.855345726013183594e-01,6.655219793319702148e-01,5.921233296394348145e-01,7.375784516334533691e-01,6.362372040748596191e-01
1.899999999999901545e+00,2.214190015595929317e+00,-1.087254236540291519e-02,6.053734825646849282e-01,0.000000000000000000e+00,-1.237618548110389627e-01,-6.095752887226527778e-03,0.000000000000000000e+00,-1.133538603782653809e+00,5.760877728462219238e-01,6.667276024818420410e-01,5.816684961318969727e-01,7.283000946044921875e-01,6.372510194778442383e-01
1.919999999999899343e+00,2.212763048499021057e+00,-1.201981635079796273e-02,5.738776863415093743e-01,0.000000000000000000e+00,-1.241775177388480533e-01,-5.829099257895450567e-03,0.000000000000000000e+00,-1.174482226371765137e+00,5.691818594932556152e-01,6.675902605056762695e-01,5.736930966377258301e-01,7.192913889884948730e-01,6.379231810569763184e-01
1.939999999999897140e+00,2.211091320655088843e+00,-1.298305341587840944e-02,5.285633223139294401e-01,0.000000000000000000e+00,-1.248096995106149076e-01,-5.400026170739520223e-03,0.000000000000000000e+00,-1.208770990371704102e+00,5.651025772094726562e-01,6.700134277343750000e-01,5.672968029975891113e-01,7.121129631996154785e-01,6.382703185081481934e-01
1.959999999999894937e+00,2.209070288837493123e+00,-1.365909205250215308e-02,4.691957536304616760e-01,0.000000000000000000e+00,-1.256598738377045221e-01,-4.752055647654152351e-03,0.000000000000000000e+00,-1.233664870262145996e+00,5.642173886299133301e-01,6.762815117835998535e-01,5.615893006324768066e-01,7.081480026245117188e-01,6.382703781127929688e-01
1.979999999999892735e+00,2.206611100821125770e+00,-1.395879471865724142e-02,3.965889050480115863e-01,0.000000000000000000e+00,-1.266925357584035294e-01,-3.902154634171458095e-03,0.000000000000000000e+00,-1.247487545013427734e+00,5.665855407714843750e-01,6.874849796295166016e-01,5.561970472335815430e-01,7.077513337135314941e-01,6.379314064979553223e-01
1.999999999999890532e+00,2.203658671900196264e+00,-1.383251164485588269e-02,3.127282187105659417e-01,0.000000000000000000e+00,-1.278324428215593944e-01,-2.924105760234256817e-03,0.000000000000000000e+00,-1.250000000000000000e+00,5.718604922294616699e-01,7.024928927421569824e-01,5.515396595001220703e-01,7.102656960487365723e-01,6.374834775924682617e-01
2.019999999999888551e+00,2.200210732950797166e+00,-1.327796465548547467e-02,2.205734786251162260e-01,-1.589734913497409252e-01,-1.289645320403301210e-01,-1.915259043639917953e-03,1.000000000000000000e+00,-1.240000724792480469e+00,5.798428654670715332e-01,7.194790244102478027e-01,5.481333732604980469e-01,7.151287794113159180e-01,6.374686360359191895e-01
2.039999999999886349e+00,2.196341505101714553e+00,-1.240919054453520909e-02,1.248667460792529382e-01,-1.196376361748786588e-01,-1.299092029410719162e-01,-1.169837798516277366e-03,1.000000000000000000e+00,-1.000000000000000000e+00,6.328283548355102539e-01,7.729819416999816895e-01,5.566794872283935547e-01,7.858532071113586426e-01,6.372590065002441406e-01
2.059999999999884146e+00,2.192267055561857969e+00,-1.153789674385935493e-02,3.324397918541634189e-02,-1.216626803961202707e-01,-1.304114380669565421e-01,-9.283908140839947348e-04,1.000000000000000000e+00,-1.000000000000000000e+00,6.460663080215454102e-01,7.821298241615295410e-01,5.607128143310546875e-01,7.913491129875183105e-01,6.371122598648071289e-01
2.079999999999881943e+00,2.188238629102276178e+00,-1.077344980030287003e-02,-5.087488113032289511e-02,-1.214498958254187355e-01,-1.303592474874241680e-01,-1.130295652538953555e-03,1.000000000000000000e+00,-1.000000000000000000e+00,6.596215367317199707e-01,7.871189713478088379e-01,5.673987865447998047e-01,7.961474061012268066e-01,6.367291808128356934e-01
2.099999999999879741e+00,2.184384994949567282e+00,-1.001551006792117393e-02,-1.285816030293774059e-01,-1.193754247897570314e-01,-1.298432418696535140e-01,-1.532047993910554042e-03,1.000000000000000000e+00,-1.000000000000000000e+00,6.702755689620971680e-01,7.888204455375671387e-01,5.741006731986999512e-01,7.981843352317810059e-01,6.363527178764343262e-01
2.119999999999877538e+00,2.180726813232872097e+00,-9.081354169305222435e-03,-2.026928954263317040e-01,-1.163532888909774715e-01,-1.290665384616551392e-01,-1.843375567210906243e-03,1.000000000000000000e+00,-1.000000000000000000e+00,6.778286695480346680e-01,7.890626192092895508e-01,5.792437195777893066e-01,7.981948256492614746e-01,6.362395882606506348e-01
2.139999999999875335e+00,2.177252280261399608e+00,-7.832862697480624803e-03,-2.753096172154538279e-01,-1.132427810108657396e-01,-1.282326029438656256e-01,-1.852377326703706726e-03,1.000000000000000000e+00,-1.000000000000000000e+00,6.834865808486938477e-01,7.889053821563720703e-01,5.829245448112487793e-01,7.971656322479248047e-01,6.363372206687927246e-01
2.159999999999873133e+00,2.173970451051145503e+00,-6.250946509722854483e-03,-3.467185113615219860e-01,-1.105064637259179083e-01,-1.274660996578852457e-01,-1.497495408849016003e-03,1.000000000000000000e+00,-1.000000000000000000e+00,6.883072853088378906e-01,7.884828448295593262e-01,5.859378576278686523e-01,7.957861423492431641e-01,6.365019679069519043e-01
2.179999999999870930e+00,2.170925644209476868e+00,-4.425234269406608245e-03,-4.155644070111161326e-01,-1.081724482645155250e-01,-1.267846502091987404e-01,-8.821710866713369445e-04,1.000000000000000000e+00,-1.000000000000000000e+00,6.926632523536682129e-01,7.877082824707031250e-01,5.888193249702453613e-01,7.945828437805175781e-01,6.366187334060668945e-01
2.199999999999868727e+00,2.168179870325872560e+00,-2.495241071990228487e-03,-4.796931795812738875e-01,-1.060314220016486397e-01,-1.261342561035979082e-01,-2.198710775133999509e-04,1.000000000000000000e+00,-1.000000000000000000e+00,6.964415311813354492e-01,7.866740226745605469e-01,5.916140079498291016e-01,7.939065694808959961e-01,6.366401910781860352e-01
2.219999999999866525e+00,2.165779749643025553e+00,-5.857263706163795547e-04,-5.370251671302845864e-01,-1.039110482168150718e-01,-1.254631976695685658e-01,2.863807922279224026e-04,1.000000000000000000e+00,-1.000000000000000000e+00,6.995041370391845703e-01,7.855815291404724121e-01,5.941624045372009277e-01,7.938408851623535156e-01,6.365827322006225586e-01
2.239999999999864322e+00,2.163731383266493058e+00,1.226494544742329218e-03,-5.860300085528694636e-01,-1.018151781922278232e-01,-1.247699621503332995e-01,5.420675282968320883e-04,1.000000000000000000e+00,-1.000000000000000000e+00,7.019417881965637207e-01,7.845434546470642090e-01,5.964258313179016113e-01,7.942521572113037109e-01,6.364896297454833984e-01
2.259999999999862119e+00,2.161993909077832843e+00,2.913257562121351896e-03,-6.257475087973562999e-01,-9.986747057808612049e-02,-1.240952015161494310e-01,5.706223744678667756e-04,1.000000000000000000e+00,-1.000000000000000000e+00,7.040171623229980469e-01,7.835121750831604004e-01,5.985676646232604980e-01,7.949532866477966309e-01,6.364029645919799805e-01
2.279999999999859916e+00,2.160500358449333191e+00,4.478607007343426982e-03,-6.556176187627328344e-01,-9.822467486911663770e-02,-1.234998795806172417e-01,4.688831886198261008e-04,1.000000000000000000e+00,-1.000000000000000000e+00,7.059648036956787109e-01,7.823259234428405762e-01,6.008216738700866699e-01,7.957887649536132812e-01,6.363566517829895020e-01
2.299999999999857714e+00,2.159171291580799235e+00,5.937680330783179361e-03,-6.752730121945847985e-01,-9.700234532151463807e-02,-1.230393041691321271e-01,3.407732157740930900e-04,1.000000000000000000e+00,-1.000000000000000000e+00,7.078737020492553711e-01,7.807552218437194824e-01,6.033842563629150391e-01,7.966290116310119629e-01,6.363769769668579102e-01
2.319999999999855511e+00,2.157931016880850983e+00,7.302373750048052337e-03,-6.844129092186818086e-01,-9.622187462828664384e-02,-1.227365123280616532e-01,2.559171725085676347e-04,1.000000000000000000e+00,-1.000000000000000000e+00,7.097136378288269043e-01,7.785647511482238770e-01,6.063913106918334961e-01,7.973657250404357910e-01,6.364563703536987305e-01
2.339999999999853308e+00,2.156708008864212989e+00,8.579088234714038474e-03,-6.827887131171680446e-01,-9.584963642412584750e-02,-1.225895339167603210e-01,2.278601680151422215e-04,1.000000000000000000e+00,-1.000000000000000000e+00,7.114210724830627441e-01,7.756264209747314453e-01,6.099122762680053711e-01,7.979353070259094238e-01,6.365157365798950195e-01
2.359999999999851106e+00,2.155440157150272817e+00,9.759077540332172784e-03,-6.703173234938797354e-01,-9.580683196716945071e-02,-1.225725224068877489e-01,2.212116352655549159e-04,1.000000000000000000e+00,-1.000000000000000000e+00,7.129278182983398438e-01,7.718995213508605957e-01,6.139764189720153809e-01,7.983483672142028809e-01,6.364380717277526855e-01
2.379999999999848903e+00,2.154069434073185185e+00,1.083329014561174031e-02,-6.471853147131392259e-01,-9.603129504975764508e-02,-1.226614750522036917e-01,2.026638455153637042e-04,1.000000000000000000e+00,-1.000000000000000000e+00,7.141124010086059570e-01,7.674071192741394043e-01,6.185131072998046875e-01,7.986947894096374512e-01,6.361430883407592773e-01
2.399999999999846700e+00,2.152539931788905125e+00,1.179005008120553866e-02,-6.138944324673097919e-01,-9.648426512888830242e-02,-1.228391063275012657e-01,1.387695341963743226e-04,1.000000000000000000e+00,-1.000000000000000000e+00,7.147966623306274414e-01,7.623454928398132324e-01,6.232302188873291016e-01,7.991265058517456055e-01,6.356143951416015625e-01
2.419999999999844498e+00,2.150802104947627580e+00,1.261285298447667458e-02,-5.712324696658277468e-01,-9.713365951620674121e-02,-1.230895605412125060e-01,1.225432078125449150e-05,1.000000000000000000e+00,-1.000000000000000000e+00,7.148957848548889160e-01,7.569971680641174316e-01,6.277739405632019043e-01,7.997697591781616211e-01,6.349129080772399902e-01
2.439999999999842295e+00,2.148816884865440979e+00,1.328028285222671023e-02,-5.201953875133843441e-01,-9.795115501046391948e-02,-1.233981920461172388e-01,-1.784846238395428704e-04,1.000000000000000000e+00,-1.000000000000000000e+00,7.144761085510253906e-01,7.515578269958496094e-01,6.319509744644165039e-01,8.000000119209289551e-01,6.341532468795776367e-01
2.459999999999840092e+00,2.146558785209217390e+00,1.376666515390467804e-02,-4.618978946579571643e-01,-9.890155677116438393e-02,-1.237482932654073026e-01,-4.258486546189100153e-04,1.000000000000000000e+00,-1.000000000000000000e+00,7.136583328247070312e-01,7.460135817527770996e-01,6.357935667037963867e-01,8.000000119209289551e-01,6.334340572357177734e-01
2.479999999999837890e+00,2.144017494699160586e+00,1.404434024108758283e-02,-3.975007498491820446e-01,-9.993576114910797392e-02,-1.241194054935425561e-01,-7.192574796480100596e-04,1.000000000000000000e+00,-1.000000000000000000e+00,7.125539183616638184e-01,7.402188181877136230e-01,6.394540667533874512e-01,8.000000119209289551e-01,6.328030824661254883e-01
2.499999999999835687e+00,2.141198090547069111e+00,1.408717825259636625e-02,-3.281663230239823537e-01,-1.009900040694740875e-01,-1.244879274119779083e-01,-1.048064753995684275e-03,1.000000000000000000e+00,-1.000000000000000000e+00,7.112550139427185059e-01,7.341235280036926270e-01,6.430337429046630859e-01,8.000000119209289551e-01,6.322675943374633789e-01
2.519999999999833484e+00,2.138120589528735405e+00,1.387447796220353524e-02,-2.550383954731184621e-01,-1.019896186870912491e-01,-1.248288970213874138e-01,-1.401263153483424569e-03,1.000000000000000000e+00,-1.000000000000000000e+00,7.098180055618286133e-01,7.278854846954345703e-01,6.465021967887878418e-01,8.000000119209289551e-01,6.318114399909973145e-01
2.539999999999831282e+00,2.134819518281583672e+00,1.339438812266824375e-02,-1.792344412627687733e-01,-1.028545238670569295e-01,-1.251177127459999483e-01,-1.765801702907099932e-03,1.000000000000000000e+00,-1.000000000000000000e+00,7.082546949386596680e-01,7.217867374420166016e-01,6.497480869293212891e-01,8.000000119209289551e-01,6.314080953598022461e-01
2.559999999999829079e+00,2.131343556364380110e+00,1.264641564600765822e-02,-1.018389566375797750e-01,-1.035052334031684729e-01,-1.253314165696352012e-01,-2.125234072079939824e-03,1.000000000000000000e+00,-1.000000000000000000e+00,7.065589427947998047e-01,7.161184549331665039e-01,6.526467800140380859e-01,8.000000119209289551e-01,6.310325860977172852e-01
2.579999999999826876e+00,2.127754704054020785e+00,1.164304004731286923e-02,-2.389229106091600094e-02,-1.038695567347432958e-01,-1.254497756406827147e-01,-2.459661281353736455e-03,1.000000000000000000e+00,-1.000000000000000000e+00,7.047472596168518066e-01,7.111107110977172852e-01,6.550949811935424805e-01,7.995038628578186035e-01,6.306722164154052734e-01
2.599999999999824674e+00,2.124126282542549760e+00,1.041055174209137846e-02,5.362321740188043251e-02,-1.038907671143192851e-01,-1.254566384166542758e-01,-2.747048678493080494e-03,1.000000000000000000e+00,-1.000000000000000000e+00,7.028629183769226074e-01,7.068713903427124023e-01,6.570402383804321289e-01,7.990387678146362305e-01,6.303341984748840332e-01
2.619999999999822471e+00,2.120538778753495723e+00,8.986118584103586215e-03,1.297836462433166471e-01,-1.035417333246221594e-01,-1.253433155884320360e-01,-2.973752333050322209e-03,1.000000000000000000e+00,-1.000000000000000000e+00,7.009367346763610840e-01,7.033697962760925293e-01,6.584891676902770996e-01,7.987678647041320801e-01,6.300421953201293945e-01
2.639999999999820268e+00,2.117072072114810855e+00,7.405952306223650972e-03,2.036736100121337989e-01,-1.028410089805880528e-01,-1.251132422003314870e-01,-3.143529948138115270e-03,1.000000000000000000e+00,-1.000000000000000000e+00,6.989585161209106445e-01,7.004994153976440430e-01,6.594702601432800293e-01,7.986023426055908203e-01,6.298294663429260254e-01
2.659999999999818066e+00,2.113797517250382896e+00,5.703783167398168708e-03,2.743470345001940425e-01,-1.018488655937396237e-01,-1.247813617754723881e-01,-3.261239923880678970e-03,1.000000000000000000e+00,-1.000000000000000000e+00,6.968687772750854492e-01,6.981517076492309570e-01,6.599853634834289551e-01,7.984789013862609863e-01,6.297331452369689941e-01
2.679999999999815863e+00,2.110774310345947313e+00,3.915556262066910431e-03,3.408088934401627412e-01,-1.006417267045040947e-01,-1.243672289271467030e-01,-3.325064238287806125e-03,1.000000000000000000e+00,-1.000000000000000000e+00,6.945578455924987793e-01,6.962565779685974121e-01,6.599763035774230957e-01,7.983949780464172363e-01,6.297914981842041016e-01
2.699999999999813660e+00,2.108042770897379459e+00,2.080420383829328923e-03,4.020169696483052446e-01,-9.933018166735087251e-02,-1.239033023657514082e-01,-3.332478628812519678e-03,1.000000000000000000e+00,-1.000000000000000000e+00,6.918674707412719727e-01,6.948015689849853516e-01,6.593006253242492676e-01,7.983999252319335938e-01,6.300479173660278320e-01
2.719999999999811457e+00,2.105623652834082815e+00,2.368842829310047193e-04,4.569192079751924762e-01,-9.800594311576857343e-02,-1.234186225506825330e-01,-3.287166183135200800e-03,1.000000000000000000e+00,-1.000000000000000000e+00,6.885844469070434570e-01,6.938273310661315918e-01,6.577180624008178711e-01,7.985650897026062012e-01,6.305463314056396484e-01
2.739999999999809255e+00,2.103514949589960548e+00,-1.578377651838547280e-03,5.044864086241266365e-01,-9.677507193548320896e-02,-1.229518616173441298e-01,-3.192970583656635879e-03,1.000000000000000000e+00,-1.000000000000000000e+00,6.844499707221984863e-01,6.934133768081665039e-01,6.549103856086730957e-01,7.989266514778137207e-01,6.313123106956481934e-01
2.759999999999807052e+00,2.101688856231165747e+00,-3.331083393786515856e-03,5.437252004999865163e-01,-9.572403924785471974e-02,-1.225395531211661282e-01,-3.055015330201156249e-03,1.000000000000000000e+00,-1.000000000000000000e+00,6.791845560073852539e-01,6.936917304992675781e-01,6.504928469657897949e-01,7.994064092636108398e-01,6.323270201683044434e-01
2.779999999999804849e+00,2.100100439049129353e+00,-4.993638987387749584e-03,5.737379115026811638e-01,-9.490228412083206999e-02,-1.222074911922278601e-01,-2.883694549541525147e-03,1.000000000000000000e+00,-1.000000000000000000e+00,6.725898385047912598e-01,6.948164701461791992e-01,6.441420912742614746e-01,7.997075319290161133e-01,6.335177421569824219e-01
2.799999999999802647e+00,2.098688317214310928e+00,-6.546787614426952118e-03,5.937654639647860222e-01,-9.435067883126477262e-02,-1.219794318860556864e-01,-2.690826044675789439e-03,1.000000000000000000e+00,-1.000000000000000000e+00,6.646538972854614258e-01,6.967777013778686523e-01,6.358280777931213379e-01,7.992879748344421387e-01,6.347903013229370117e-01
2.819999999999800444e+00,2.097381234876438683e+00,-7.981515361391078311e-03,6.032496526532441505e-01,-9.408355217930408632e-02,-1.218674142842087055e-01,-2.492210719988690107e-03,1.000000000000000000e+00,-1.000000000000000000e+00,6.556790471076965332e-01,6.992532610893249512e-01,6.260681152343750000e-01,7.975937128067016602e-01,6.360357403755187988e-01
2.839999999999798241e+00,2.096106898617057901e+00,-9.295740771517124745e-03,6.018780420679729071e-01,-9.408453327265374477e-02,-1.218678276329974303e-01,-2.291307655921824907e-03,1.000000000000000000e+00,-1.000000000000000000e+00,6.464442610740661621e-01,7.019281983375549316e-01,6.158427000045776367e-01,7.945806384086608887e-01,6.371178030967712402e-01
2.859999999999796039e+00,2.094798828974402838e+00,-1.048531011586872896e-02,5.896213386884157082e-01,-9.435446691971022259e-02,-1.219810128619037148e-01,-2.061088222638652288e-03,1.000000000000000000e+00,-1.000000000000000000e+00,6.380998492240905762e-01,7.048842906951904297e-01,6.061434149742126465e-01,7.909772992134094238e-01,6.379333138465881348e-01
2.879999999999793836e+00,2.093394215311318973e+00,-1.154548467977539739e-02,5.667625811149552550e-01,-9.489887234155942874e-02,-1.222060937000989111e-01,-1.768208745861014940e-03,1.000000000000000000e+00,-1.000000000000000000e+00,6.315983533859252930e-01,7.084587216377258301e-01,5.975887179374694824e-01,7.878303527832031250e-01,6.384657621383666992e-01
2.899999999999791633e+00,2.091837011535496949e+00,-1.246519528164702351e-02,5.338633481922516744e-01,-9.566455937153467426e-02,-1.225158137456318352e-01,-1.403001928522793016e-03,1.000000000000000000e+00,-1.000000000000000000e+00,6.273049116134643555e-01,7.131310105323791504e-01,5.902376174926757812e-01,7.858536243438720703e-01,6.387639045715332031e-01
2.919999999999789431e+00,2.090080721771582439e+00,-1.322388717977546202e-02,4.917053773585197685e-01,-9.651912650458094323e-02,-1.228526754042031793e-01,-1.000657520396684361e-03,1.000000000000000000e+00,-1.000000000000000000e+00,6.252436041831970215e-01,7.195127606391906738e-01,5.838151574134826660e-01,7.852795720100402832e-01,6.388757228851318359e-01
2.939999999999787228e+00,2.088090659144930861e+00,-1.379457339962497642e-02,4.412280483994088232e-01,-9.726118709001985163e-02,-1.231381836986776279e-01,-6.306700831815799553e-04,1.000000000000000000e+00,-1.000000000000000000e+00,6.253630518913269043e-01,7.280325293540954590e-01,5.781077146530151367e-01,7.860710024833679199e-01,6.388156414031982422e-01
2.959999999999785025e+00,2.085845104322287202e+00,-1.414765787716559808e-02,3.834752638108901990e-01,-9.765664504554000258e-02,-1.232878309161202085e-01,-3.652622834652139621e-04,1.000000000000000000e+00,-1.000000000000000000e+00,6.274528503417968750e-01,7.384003996849060059e-01,5.731810331344604492e-01,7.880122065544128418e-01,6.385753750801086426e-01
2.979999999999782823e+00,2.083335839381234234e+00,-1.425506966158401889e-02,3.195543260342389447e-01,-9.749753979205627585e-02,-1.232278266514406223e-01,-2.506071438231666682e-04,1.000000000000000000e+00,-1.000000000000000000e+00,6.311097741127014160e-01,7.495729327201843262e-01,5.693267583847045898e-01,7.906966805458068848e-01,6.381574273109436035e-01
2.999999999999780620e+00,2.080568383850651237e+00,-1.409384356240739322e-02,2.506049570861835218e-01,-9.667711030327701127e-02,-1.229139886569862727e-01,-2.932438872263393235e-04,1.000000000000000000e+00,-1.000000000000000000e+00,6.359463930130004883e-01,7.603504061698913574e-01,5.668302178382873535e-01,7.935672998428344727e-01,6.376223564147949219e-01
3.019999999999778417e+00,2.077562210311255431e+00,-1.364886872280912655e-02,1.777748655372402287e-01,-9.525103326085376798e-02,-1.223495073832334551e-01,-4.622920825977345312e-04,1.000000000000000000e+00,-1.000000000000000000e+00,6.417152285575866699e-01,7.697659730911254883e-01,5.658479928970336914e-01,7.960347533226013184e-01,6.370964050292968750e-01
3.039999999999776215e+00,2.074350963317499463e+00,-1.291490754151075615e-02,1.021987181996492910e-01,-9.352441611514322739e-02,-1.216294523151966317e-01,-4.962422752894378756e-04,1.000000000000000000e+00,-1.000000000000000000e+00,6.482620835304260254e-01,7.772440314292907715e-01,5.663832426071166992e-01,7.977007031440734863e-01,6.367080211639404297e-01
3.059999999999774012e+00,2.070982307727328831e+00,-1.189815433136703904e-02,2.497868999239219456e-02,-9.203983956276889922e-02,-1.209726202717349569e-01,-1.578532621047235127e-04,1.000000000000000000e+00,-1.000000000000000000e+00,6.554287672042846680e-01,7.826941013336181641e-01,5.682531595230102539e-01,7.984685897827148438e-01,6.365137100219726562e-01
3.079999999999771809e+00,2.067516858640785937e+00,-1.061754432220435307e-02,-5.283344172446138159e-02,-9.105108729614683205e-02,-1.205124151821295730e-01,5.116811987592714611e-04,1.000000000000000000e+00,-1.000000000000000000e+00,6.629772186279296875e-01,7.863474488258361816e-01,5.711403489112854004e-01,7.984406352043151855e-01,6.364861726760864258e-01
3.099999999999769607e+00,2.064025789711357195e+00,-9.105683414676934984e-03,-1.302504904731488500e-01,-9.047854130881957668e-02,-1.202364746416037106e-01,1.309596222707459573e-03,1.000000000000000000e+00,-1.000000000000000000e+00,6.705708503723144531e-01,7.884805798530578613e-01,5.747210979461669922e-01,7.978183031082153320e-01,6.365510821342468262e-01
3.119999999999767404e+00,2.060586645170320530e+00,-7.405802817048445785e-03,-2.063463826320744710e-01,-9.011740312090699145e-02,-1.200585302708233604e-01,2.011892852064707787e-03,1.000000000000000000e+00,-1.000000000000000000e+00,6.778231263160705566e-01,7.893144488334655762e-01,5.787197351455688477e-01,7.968432307243347168e-01,6.366336941719055176e-01
3.139999999999765201e+00,2.057276445888118754e+00,-5.559832143712750696e-03,-2.802030956187471777e-01,-8.979618663332936124e-02,-1.198975687081875602e-01,2.495255301973593309e-03,1.000000000000000000e+00,-1.000000000000000000e+00,6.843598484992980957e-01,7.891106009483337402e-01,5.828328132629394531e-01,7.957495450973510742e-01,6.366928815841674805e-01
3.159999999999762998e+00,2.054164003786931314e+00,-3.606777280041550959e-03,-3.508715005182196922e-01,-8.944377760156660417e-02,-1.197179100641890120e-01,2.763313331622519256e-03,1.000000000000000000e+00,-1.000000000000000000e+00,6.899132728576660156e-01,7.882531285285949707e-01,5.867155194282531738e-01,7.947565913200378418e-01,6.367196440696716309e-01
3.179999999999760796e+00,2.051305985744639404e+00,-1.587068991642459626e-03,-4.173541398533358593e-01,-8.907954812843697778e-02,-1.195286662909543496e-01,2.900620526232819928e-03,1.000000000000000000e+00,-1.000000000000000000e+00,6.943925619125366211e-01,7.871472835540771484e-01,5.900974869728088379e-01,7.940425872802734375e-01,6.367152929306030273e-01
3.199999999999758593e+00,2.048740206215243997e+00,4.571604646487203993e-04,-4.786094035265015534e-01,-8.876611114027101179e-02,-1.193627512731413598e-01,3.006447160813100448e-03,1.000000000000000000e+00,-1.000000000000000000e+00,6.978769302368164062e-01,7.860679626464843750e-01,5.928814411163330078e-01,7.937028408050537109e-01,6.366800665855407715e-01
3.219999999999756390e+00,2.046484434176062184e+00,2.485820633894575415e-03,-5.335862404972135931e-01,-8.854093488815276136e-02,-1.192417178533824312e-01,3.145634393528279425e-03,1.000000000000000000e+00,-1.000000000000000000e+00,7.005672454833984375e-01,7.851149439811706543e-01,5.951484441757202148e-01,7.937428951263427734e-01,6.366169452667236328e-01
3.239999999999754188e+00,2.044534347773477645e+00,4.462574263946195163e-03,-5.812605409713095250e-01,-8.839818545369854119e-02,-1.191641614202820221e-01,3.334421063631701643e-03,1.000000000000000000e+00,-1.000000000000000000e+00,7.027212977409362793e-01,7.842562794685363770e-01,5.970914363861083984e-01,7.941073179244995117e-01,6.365361809730529785e-01
3.259999999999751985e+00,2.042859826581606253e+00,6.355424726295078042e-03,-6.206448850315888777e-01,-8.830354679114611749e-02,-1.191123799257636923e-01,3.552758351511757680e-03,1.000000000000000000e+00,-1.000000000000000000e+00,7.046030759811401367e-01,7.833812236785888672e-01,5.989586114883422852e-01,7.947244048118591309e-01,6.364571452140808105e-01
3.279999999999749782e+00,2.041414092871483454e+00,8.140285850181283589e-03,-6.508470481842105748e-01,-8.821813995190226632e-02,-1.190653957177291861e-01,3.768007825285447487e-03,1.000000000000000000e+00,-1.000000000000000000e+00,7.064161896705627441e-01,7.823210954666137695e-01,6.009980440139770508e-01,7.955120801925659180e-01,6.364071965217590332e-01
3.299999999999747580e+00,2.040134642622550842e+00,9.802516700982588649e-03,-6.711113311350783706e-01,-8.812311202151310030e-02,-1.190128308657785738e-01,3.956250198423456182e-03,1.000000000000000000e+00,-1.000000000000000000e+00,7.082445025444030762e-01,7.808412909507751465e-01,6.034227609634399414e-01,7.963628172874450684e-01,6.364161372184753418e-01
3.319999999999745377e+00,2.038949814142328787e+00,1.133827928528091666e-02,-6.808805779704576455e-01,-8.801912040808113069e-02,-1.189549541640820968e-01,4.109525430660623639e-03,1.000000000000000000e+00,-1.000000000000000000e+00,7.100498676300048828e-01,7.786797285079956055e-01,6.063824892044067383e-01,7.971471548080444336e-01,6.364856362342834473e-01
3.339999999999743174e+00,2.037787337232043416e+00,1.275100566878334396e-02,-6.798415126368888561e-01,-8.790807403490570604e-02,-1.188927352568856510e-01,4.230841908389983835e-03,1.000000000000000000e+00,-1.000000000000000000e+00,7.117453813552856445e-01,7.757048606872558594e-01,6.099218726158142090e-01,7.977623343467712402e-01,6.365417242050170898e-01
3.359999999999740972e+00,2.036580637425127627e+00,1.404175108189242849e-02,-6.679624879283811989e-01,-8.780288744451741900e-02,-1.188333954086282229e-01,4.332250227048938841e-03,1.000000000000000000e+00,-1.000000000000000000e+00,7.132405042648315430e-01,7.719463109970092773e-01,6.139986515045166016e-01,7.981944084167480469e-01,6.364639997482299805e-01
3.379999999999738769e+00,2.035266712335230821e+00,1.521088624161487379e-02,-6.455241612054187783e-01,-8.770753641054072902e-02,-1.187792576055955451e-01,4.421645998575223467e-03,1.000000000000000000e+00,-1.000000000000000000e+00,7.144018411636352539e-01,7.675014138221740723e-01,6.184860467910766602e-01,7.985364198684692383e-01,6.361722350120544434e-01
3.399999999999736566e+00,2.033788927670083790e+00,1.625234429579180961e-02,-6.130869183312589454e-01,-8.762065217223893865e-02,-1.187296346843604716e-01,4.501626071705041969e-03,1.000000000000000000e+00,-1.000000000000000000e+00,7.150608897209167480e-01,7.625555992126464844e-01,6.231119036674499512e-01,7.989598512649536133e-01,6.356541514396667480e-01
3.419999999999734364e+00,2.032099493783118049e+00,1.714986307098970153e-02,-5.714317032627811432e-01,-8.753769324548413278e-02,-1.186819889688274371e-01,4.570613347690376770e-03,1.000000000000000000e+00,-1.000000000000000000e+00,7.151494026184082031e-01,7.573242187500000000e-01,6.275845170021057129e-01,7.996100187301635742e-01,6.349689960479736328e-01
3.439999999999732161e+00,2.030162048152672316e+00,1.787965310755001980e-02,-5.214957278764780213e-01,-8.745412917454015167e-02,-1.186337298860574430e-01,4.625954259560824053e-03,1.000000000000000000e+00,-1.000000000000000000e+00,7.147352099418640137e-01,7.519721388816833496e-01,6.317340135574340820e-01,8.000000119209289551e-01,6.342244148254394531e-01
3.459999999999729958e+00,2.027953150792311199e+00,1.841396781206733335e-02,-4.643174965514784147e-01,-8.736762175602506841e-02,-1.185834851639791798e-01,4.666465089770575371e-03,1.000000000000000000e+00,-1.000000000000000000e+00,7.139293551445007324e-01,7.464982271194458008e-01,6.355735063552856445e-01,8.000000119209289551e-01,6.335151791572570801e-01
3.479999999999727756e+00,2.025463105700850086e+00,1.872516787960581963e-02,-4.009945848322906681e-01,-8.727840775933171091e-02,-1.185313584846328649e-01,4.693384747732434227e-03,1.000000000000000000e+00,-1.000000000000000000e+00,7.128310203552246094e-01,7.407703399658203125e-01,6.392284631729125977e-01,8.000000119209289551e-01,6.328893303871154785e-01
3.499999999999725553e+00,2.022696353364618727e+00,1.878938103633975842e-02,-3.326527973109793535e-01,-8.718831516521584335e-02,-1.184783932234921983e-01,4.709805662928627859e-03,1.000000000000000000e+00,-1.000000000000000000e+00,7.115241885185241699e-01,7.347434759140014648e-01,6.427811384201049805e-01,8.000000119209289551e-01,6.323558688163757324e-01
3.519999999999723350e+00,2.019671714245221406e+00,1.858939325971453727e-02,-2.604229998757067177e-01,-8.709946046496801209e-02,-1.184258296119539561e-01,4.719384846783632875e-03,1.000000000000000000e+00,-1.000000000000000000e+00,7.100665569305419922e-01,7.285777330398559570e-01,6.461973190307617188e-01,8.000000119209289551e-01,6.318997740745544434e-01
3.539999999999721148e+00,2.016422576994795435e+00,1.811679083161704673e-02,-1.854219992846226628e-01,-8.701350918656781952e-02,-1.183746696571075646e-01,4.725192182360539450e-03,1.000000000000000000e+00,-1.000000000000000000e+00,7.084760069847106934e-01,7.225462794303894043e-01,6.493792533874511719e-01,8.000000119209289551e-01,6.314953565597534180e-01
3.559999999999718945e+00,2.012996752013288759e+00,1.737359882759409446e-02,-1.087349845743834920e-01,-8.693169112248502750e-02,-1.183256778237480600e-01,4.729158151370651923e-03,1.000000000000000000e+00,-1.000000000000000000e+00,7.067502737045288086e-01,7.169216275215148926e-01,6.522236466407775879e-01,8.000000119209289551e-01,6.311190724372863770e-01
3.579999999999716742e+00,2.009455500882956880e+00,1.637365640697946434e-02,-3.139901415342286062e-02,-8.685518955354357140e-02,-1.182796072090066958e-01,4.732113523541219523e-03,1.000000000000000000e+00,-1.000000000000000000e+00,7.049083709716796875e-01,7.119220495223999023e-01,6.546424627304077148e-01,7.998740673065185547e-01,6.307586431503295898e-01
3.599999999999714539e+00,2.005871312510660864e+00,1.514365280154733595e-02,4.561038270785726378e-02,-8.678547159140512224e-02,-1.182373973993034455e-01,4.733993642220246309e-03,1.000000000000000000e+00,-1.000000000000000000e+00,7.029980421066284180e-01,7.076592445373535156e-01,6.565883755683898926e-01,7.994185686111450195e-01,6.304199695587158203e-01
3.619999999999712337e+00,2.002323578412616989e+00,1.372002059541721497e-02,1.213741570337652093e-01,-8.672446583727523584e-02,-1.182002840421995382e-01,4.733496303205661331e-03,1.000000000000000000e+00,-1.000000000000000000e+00,7.010566592216491699e-01,7.041144371032714844e-01,6.580660343170166016e-01,7.991353869438171387e-01,6.301251053810119629e-01
3.639999999999710134e+00,1.998890943107407558e+00,1.213773401991108392e-02,1.949763986078254796e-01,-8.667395830410032365e-02,-1.181694297867723481e-01,4.729621465610631473e-03,1.000000000000000000e+00,-1.000000000000000000e+00,6.990798711776733398e-01,7.011923789978027344e-01,6.591006517410278320e-01,7.989408969879150391e-01,6.299058198928833008e-01
3.659999999999707931e+00,1.995643800596679895e+00,1.042980015338940136e-02,2.654674317004596107e-01,-8.663491564125301581e-02,-1.181454991506064311e-01,4.721928332454915396e-03,1.000000000000000000e+00,-1.000000000000000000e+00,6.970120668411254883e-01,6.987879872322082520e-01,6.596940755844116211e-01,7.987753748893737793e-01,6.297971606254577637e-01
3.679999999999705729e+00,1.992641074128694623e+00,8.631867811443261207e-03,3.318481949326678726e-01,-8.660712025957964522e-02,-1.181284194401984733e-01,4.710164410896473287e-03,1.000000000000000000e+00,-1.000000000000000000e+00,6.947494149208068848e-01,6.968293786048889160e-01,6.597927212715148926e-01,7.986359000205993652e-01,6.298353075981140137e-01
3.699999999999703526e+00,1.989923370051625895e+00,6.782851381438914640e-03,3.930764119236043186e-01,-8.659045306607655867e-02,-1.181181605466241902e-01,4.694345926209672268e-03,1.000000000000000000e+00,-1.000000000000000000e+00,6.921442747116088867e-01,6.952999830245971680e-01,6.592633724212646484e-01,7.985677719116210938e-01,6.300621032714843750e-01
3.719999999999701323e+00,1.987511423737248428e+00,4.921527407740822202e-03,4.481001281615564769e-01,-8.658344984727378568e-02,-1.181138460961949355e-01,4.674607200591579699e-03,1.000000000000000000e+00,-1.000000000000000000e+00,6.889971494674682617e-01,6.942361593246459961e-01,6.578769683837890625e-01,7.986397147178649902e-01,6.305224299430847168e-01
3.739999999999699121e+00,1.985404538302727673e+00,3.084692393017729461e-03,4.958983403433567805e-01,-8.658426889469859888e-02,-1.181143508025587624e-01,4.651286959978351288e-03,1.000000000000000000e+00,-1.000000000000000000e+00,6.850609183311462402e-01,6.937117576599121094e-01,6.553248167037963867e-01,7.988932728767395020e-01,6.312482357025146484e-01
3.759999999999696918e+00,1.983575994688155930e+00,1.307166780044832777e-03,5.354884636494076089e-01,-8.659100386152704387e-02,-1.181184997761452471e-01,4.625132123065363136e-03,1.000000000000000000e+00,-1.000000000000000000e+00,6.800566911697387695e-01,6.938511729240417480e-01,6.512241363525390625e-01,7.992711663246154785e-01,6.322324275970458984e-01
3.779999999999694715e+00,1.981982080399040225e+00,-3.825302833151411619e-04,5.659847777129273227e-01,-8.660159825721953919e-02,-1.181250220044129939e-01,4.597294403666158692e-03,1.000000000000000000e+00,-1.000000000000000000e+00,6.737732887268066406e-01,6.948135495185852051e-01,6.452370285987854004e-01,7.995170354843139648e-01,6.334092020988464355e-01
3.799999999999692513e+00,1.980562944585475549e+00,-1.963743075978852115e-03,5.866358310895999351e-01,-8.661370122034565966e-02,-1.181324665510198463e-01,4.569367316847001287e-03,1.000000000000000000e+00,-1.000000000000000000e+00,6.661784648895263672e-01,6.966284513473510742e-01,6.372966170310974121e-01,7.991315722465515137e-01,6.346763968467712402e-01
3.819999999999690310e+00,1.979248425436208603e+00,-3.425396637599054106e-03,5.968833466726408687e-01,-8.662557545693440331e-02,-1.181397637907585507e-01,4.543635783977949261e-03,1.000000000000000000e+00,-1.000000000000000000e+00,6.575372219085693359e-01,6.990196704864501953e-01,6.278632879257202148e-01,7.975580096244812012e-01,6.359165906906127930e-01
3.839999999999688107e+00,1.977967231593938724e+00,-4.763414930617493326e-03,5.964083193536529048e-01,-8.663531987307297733e-02,-1.181457472788400298e-01,4.522077560284593241e-03,1.000000000000000000e+00,-1.000000000000000000e+00,6.485752463340759277e-01,7.016767263412475586e-01,6.178722977638244629e-01,7.946885228157043457e-01,6.369974017143249512e-01
3.859999999999685905e+00,1.976654331469188897e+00,-5.971929217806815071e-03,5.851624629908405151e-01,-8.664105367877406039e-02,-1.181492660275475504e-01,4.506109415031351630e-03,1.000000000000000000e+00,-1.000000000000000000e+00,6.404095292091369629e-01,7.046477198600769043e-01,6.083144545555114746e-01,7.911900281906127930e-01,6.378208398818969727e-01
3.879999999999683702e+00,1.975247939492503324e+00,-7.044739577770187111e-03,5.634014894665851925e-01,-8.664085086170242311e-02,-1.181491415877394258e-01,4.496770640755648821e-03,1.000000000000000000e+00,-1.000000000000000000e+00,6.340000033378601074e-01,7.082388401031494141e-01,5.998347401618957520e-01,7.880891561508178711e-01,6.383684873580932617e-01
3.899999999999681499e+00,1.973693015726780686e+00,-7.970517633429097248e-03,5.316567772397716718e-01,-8.663345750696288539e-02,-1.181446040462154345e-01,4.493933984696840862e-03,1.000000000000000000e+00,-1.000000000000000000e+00,6.297453641891479492e-01,7.129213213920593262e-01,5.925184488296508789e-01,7.861136794090270996e-01,6.386860609054565430e-01
3.919999999999679297e+00,1.971943657302966280e+00,-8.729029844276814387e-03,4.906800389861475375e-01,-8.661819878213519730e-02,-1.181352312703052299e-01,4.497008818055311247e-03,1.000000000000000000e+00,-1.000000000000000000e+00,6.276940703392028809e-01,7.193112969398498535e-01,5.860974192619323730e-01,7.855142354965209961e-01,6.388233304023742676e-01
3.939999999999677094e+00,1.969965444060970849e+00,-9.294084644353939328e-03,4.413828999648262696e-01,-8.659491587448586714e-02,-1.181209087388579021e-01,4.505030543226366813e-03,1.000000000000000000e+00,-1.000000000000000000e+00,6.278110146522521973e-01,7.278517484664916992e-01,5.803556442260742188e-01,7.862625718116760254e-01,6.387956142425537109e-01
3.959999999999674891e+00,1.967736621394280405e+00,-9.637155817637466093e-03,3.847846525896145287e-01,-8.656395082005613473e-02,-1.181018212891029179e-01,4.516851693416840986e-03,1.000000000000000000e+00,-1.000000000000000000e+00,6.299020648002624512e-01,7.382671833038330078e-01,5.753617286682128906e-01,7.881522178649902344e-01,6.385892629623413086e-01
3.979999999999672688e+00,1.965248639318163182e+00,-9.731349999283156471e-03,3.219712237436146984e-01,-8.652612791617490806e-02,-1.180784453431182601e-01,4.531283968900168962e-03,1.000000000000000000e+00,-1.000000000000000000e+00,6.335696578025817871e-01,7.495070695877075195e-01,5.714201927185058594e-01,7.907869219779968262e-01,6.381987333297729492e-01
3.999999999999670486e+00,1.962506406228814893e+00,-9.554867695993118915e-03,2.540640343815198099e-01,-8.648269803455170546e-02,-1.180515203747812131e-01,4.547198328667113182e-03,1.000000000000000000e+00,-1.000000000000000000e+00,6.384139657020568848e-01,7.603431344032287598e-01,5.688316226005554199e-01,7.936066389083862305e-01,6.376799941062927246e-01
4.019999999999677165e+00,1.959528540145923259e+00,-9.093663746239710743e-03,1.821954108824393459e-01,-8.643526361884831810e-02,-1.180220094856889307e-01,4.563604806021720472e-03,1.000000000000000000e+00,-1.000000000000000000e+00,6.441643834114074707e-01,7.697744369506835938e-01,5.677623152732849121e-01,7.960084080696105957e-01,6.371598243713378906e-01
4.039999999999683844e+00,1.956347625970751292e+00,-8.343390082182655654e-03,1.074874685583769307e-01,-8.638570826530073132e-02,-1.179910626735752310e-01,4.579725722486525236e-03,1.000000000000000000e+00,-1.000000000000000000e+00,6.506481766700744629e-01,7.772065401077270508e-01,5.682163238525390625e-01,7.975871562957763672e-01,6.367720961570739746e-01
4.059999999999690523e+00,1.953010101639647278e+00,-7.310885581914006170e-03,3.103265707229824200e-02,-8.633612098073302488e-02,-1.179599754903724596e-01,4.595058515722469025e-03,1.000000000000000000e+00,-1.000000000000000000e+00,6.577051281929016113e-01,7.825587987899780273e-01,5.700048804283142090e-01,7.982521057128906250e-01,6.365805268287658691e-01
4.079999999999697202e+00,1.949575237396818927e+00,-6.015431277329563731e-03,-4.612409713038194414e-02,-8.628869672098542221e-02,-1.179301303400293599e-01,4.609419291921120973e-03,1.000000000000000000e+00,-1.000000000000000000e+00,6.651108264923095703e-01,7.860873937606811523e-01,5.728049278259277344e-01,7.981150150299072266e-01,6.365621685981750488e-01
4.099999999999703881e+00,1.946112812050237562e+00,-4.489628254976452126e-03,-1.229994911329314461e-01,-8.624561983677439536e-02,-1.179029234064201820e-01,4.623094943938783376e-03,1.000000000000000000e+00,-1.000000000000000000e+00,6.725452542304992676e-01,7.880940437316894531e-01,5.762878060340881348e-01,7.973842620849609375e-01,6.366428732872009277e-01
4.119999999999710560e+00,1.942698982429477805e+00,-2.775861822807257351e-03,-1.986665772512847816e-01,-8.620900036963408120e-02,-1.178797210417844576e-01,4.637417059945295704e-03,1.000000000000000000e+00,-1.000000000000000000e+00,6.796233654022216797e-01,7.888289690017700195e-01,5.801638960838317871e-01,7.963154315948486328e-01,6.367439031600952148e-01
4.139999999999717240e+00,1.939409492345534503e+00,-9.147628150646958112e-04,-2.722020475825470132e-01,-8.618059073941705672e-02,-1.178616733202398209e-01,4.653516901867338525e-03,1.000000000000000000e+00,-1.000000000000000000e+00,6.859596967697143555e-01,7.885861992835998535e-01,5.841104984283447266e-01,7.951675653457641602e-01,6.368167996406555176e-01
4.159999999999723919e+00,1.936312204832790762e+00,1.055609053829786870e-03,-3.426508560687221427e-01,-8.616141110636602041e-02,-1.178494656546583003e-01,4.672149662029327633e-03,1.000000000000000000e+00,-1.000000000000000000e+00,6.912879943847656250e-01,7.877614498138427734e-01,5.877859592437744141e-01,7.941750884056091309e-01,6.368463635444641113e-01
4.179999999999730598e+00,1.933463444090563144e+00,3.095457601125395364e-03,-4.090114044885572175e-01,-8.615146995494697701e-02,-1.178431307237269576e-01,4.693891137387226110e-03,1.000000000000000000e+00,-1.000000000000000000e+00,6.955383419990539551e-01,7.867367267608642578e-01,5.909505486488342285e-01,7.935082912445068359e-01,6.368336677551269531e-01
4.199999999999737277e+00,1.930901197798147617e+00,5.163179641015425148e-03,-4.702425458860283736e-01,-8.615081772453343778e-02,-1.178427149154699233e-01,4.719045719770693405e-03,1.000000000000000000e+00,-1.000000000000000000e+00,6.988160014152526855e-01,7.857511043548583984e-01,5.935412645339965820e-01,7.932398915290832520e-01,6.367837786674499512e-01
4.219999999999743956e+00,1.928643194494241264e+00,7.218729787191735525e-03,-5.252943107662643163e-01,-8.615811263097150619e-02,-1.178473642906210928e-01,4.747669167489571192e-03,1.000000000000000000e+00,-1.000000000000000000e+00,7.013364434242248535e-01,7.848801016807556152e-01,5.956556200981140137e-01,7.933546304702758789e-01,6.367052197456359863e-01
4.239999999999750635e+00,1.926686382744940751e+00,9.225742124186364634e-03,-5.731507761176853899e-01,-8.617168697649167652e-02,-1.178560085135466062e-01,4.779492030585603263e-03,1.000000000000000000e+00,-1.000000000000000000e+00,7.033581137657165527e-01,7.840847969055175781e-01,5.974841713905334473e-01,7.937842607498168945e-01,6.366119384765625000e-01
4.259999999999757314e+00,1.925001636400919480e+00,1.115172248270995814e-02,-6.128345537349584315e-01,-8.618986882637993951e-02,-1.178675719420796825e-01,4.813754039967589084e-03,1.000000000000000000e+00,-1.000000000000000000e+00,7.051369547843933105e-01,7.832582592964172363e-01,5.992632508277893066e-01,7.944514155387878418e-01,6.365242004394531250e-01
4.279999999999763993e+00,1.923543338843156647e+00,1.297162435100435163e-02,-6.434643856999031630e-01,-8.621078094826015170e-02,-1.178808508095637447e-01,4.849268847822449727e-03,1.000000000000000000e+00,-1.000000000000000000e+00,7.068675160408020020e-01,7.822403907775878906e-01,6.012276411056518555e-01,7.952740192413330078e-01,6.364675164222717285e-01
4.299999999999770672e+00,1.922250395368377163e+00,1.466937904862924968e-02,-6.642916120662044621e-01,-8.623237074655483447e-02,-1.178945365579968235e-01,4.884472279111892398e-03,1.000000000000000000e+00,-1.000000000000000000e+00,7.086285948753356934e-01,7.808051705360412598e-01,6.035812497138977051e-01,7.961482405662536621e-01,6.364683508872985840e-01
4.319999999999777351e+00,1.921052042501755874e+00,1.623917156010806773e-02,-6.747587395168302971e-01,-8.625328065659960963e-02,-1.179077687476301484e-01,4.917108306723400914e-03,1.000000000000000000e+00,-1.000000000000000000e+00,7.103827595710754395e-01,7.786898016929626465e-01,6.064737439155578613e-01,7.969483137130737305e-01,6.365283131599426270e-01
4.339999999999784031e+00,1.919876875204845401e+00,1.768235016541125360e-02,-6.745465077028818257e-01,-8.627185132670069090e-02,-1.179195020845383302e-01,4.945050846715908638e-03,1.000000000000000000e+00,-1.000000000000000000e+00,7.120460271835327148e-01,7.757528424263000488e-01,6.099539995193481445e-01,7.975721359252929688e-01,6.365799903869628906e-01
4.359999999999790710e+00,1.918659661316273191e+00,1.899814456468568169e-02,-6.636056181856438974e-01,-8.628640350102458056e-02,-1.179286843177317773e-01,4.966847669888996633e-03,1.000000000000000000e+00,-1.000000000000000000e+00,7.135233879089355469e-01,7.720402479171752930e-01,6.139666438102722168e-01,7.980034947395324707e-01,6.365063786506652832e-01
4.379999999999797389e+00,1.917338286622782384e+00,2.018539128094432034e-02,-6.421908483232012799e-01,-8.629520364378004404e-02,-1.179342319374845904e-01,4.981296938845175722e-03,1.000000000000000000e+00,-1.000000000000000000e+00,7.146714925765991211e-01,7.676739096641540527e-01,6.183742284774780273e-01,7.983371019363403320e-01,6.362240314483642578e-01
4.399999999999804068e+00,1.915857115198909444e+00,2.123763189376831617e-02,-6.108338120624494660e-01,-8.629697955577923796e-02,-1.179353510040698494e-01,4.988439687423232814e-03,1.000000000000000000e+00,-1.000000000000000000e+00,7.153190970420837402e-01,7.628199458122253418e-01,6.229326128959655762e-01,7.987533211708068848e-01,6.357168555259704590e-01
4.419999999999810747e+00,1.914168985788032629e+00,2.213884575758046092e-02,-5.702866656895955177e-01,-8.629097185212632193e-02,-1.179315646956488467e-01,4.988801380642673804e-03,1.000000000000000000e+00,-1.000000000000000000e+00,7.154019474983215332e-01,7.576552629470825195e-01,6.273819208145141602e-01,7.994079589843750000e-01,6.350418925285339355e-01
4.439999999999817426e+00,1.912237871435907177e+00,2.286599385526727479e-02,-5.214599565659782110e-01,-8.627688349805029411e-02,-1.179226785231071301e-01,4.983322176431877019e-03,1.000000000000000000e+00,-1.000000000000000000e+00,7.149896025657653809e-01,7.523461580276489258e-01,6.315419673919677734e-01,8.000000119209289551e-01,6.343058347702026367e-01
4.459999999999824105e+00,1.910040383105922945e+00,2.339239571205958823e-02,-4.653685626800749264e-01,-8.625489101597055841e-02,-1.179087868955804863e-01,4.973166251747590007e-03,1.000000000000000000e+00,-1.000000000000000000e+00,7.141906023025512695e-01,7.469200491905212402e-01,6.353933215141296387e-01,8.000000119209289551e-01,6.336036324501037598e-01
4.479999999999830784e+00,1.907566583402900307e+00,2.369162544893638200e-02,-4.030895305443160659e-01,-8.622564728484667651e-02,-1.178902771084713308e-01,4.959575822318002675e-03,1.000000000000000000e+00,-1.000000000000000000e+00,7.130966186523437500e-01,7.412578463554382324e-01,6.390398740768432617e-01,8.000000119209289551e-01,6.329832673072814941e-01
4.499999999999837463e+00,1.904820385929463900e+00,2.374104598771836772e-02,-3.357310354427858190e-01,-8.619024472778009927e-02,-1.178678108313431783e-01,4.943763739269801082e-03,1.000000000000000000e+00,-1.000000000000000000e+00,7.117839455604553223e-01,7.353085875511169434e-01,6.425573229789733887e-01,8.000000119209289551e-01,6.324531435966491699e-01
4.519999999999844142e+00,1.901819824822591709e+00,2.352460529467148564e-02,-2.644090338879955260e-01,-8.615015738726630734e-02,-1.178422939164929933e-01,4.926828208067226059e-03,1.000000000000000000e+00,-1.000000000000000000e+00,7.103078961372375488e-01,7.292194962501525879e-01,6.459175944328308105e-01,8.000000119209289551e-01,6.319975852966308594e-01
4.539999999999850822e+00,1.898597272822796000e+00,2.303489919103701711e-02,-1.902280659164663212e-01,-8.610718347230407466e-02,-1.178148470697154837e-01,4.909678809350071123e-03,1.000000000000000000e+00,-1.000000000000000000e+00,7.086891531944274902e-01,7.232487201690673828e-01,6.490387916564941406e-01,8.000000119209289551e-01,6.315914988517761230e-01
4.559999999999857501e+00,1.895199326995777422e+00,2.227474141156021714e-02,-1.142637364338270067e-01,-8.606337587743262407e-02,-1.177867681854750381e-01,4.892974340058597188e-03,1.000000000000000000e+00,-1.000000000000000000e+00,7.069292068481445312e-01,7.176544666290283203e-01,6.518347859382629395e-01,8.000000119209289551e-01,6.312128305435180664e-01
4.579999999999864180e+00,1.891685886297093777e+00,2.125848446882955267e-02,-3.754630191152422830e-02,-8.602094086577884158e-02,-1.177594721893817226e-01,4.877076655472778639e-03,1.000000000000000000e+00,-1.000000000000000000e+00,7.050510644912719727e-01,7.126504778861999512e-01,6.542288661003112793e-01,8.000000119209289551e-01,6.308505535125732422e-01
4.599999999999870859e+00,1.888127996652369855e+00,2.001299424399355376e-02,3.895258625056328972e-02,-8.598213563055000230e-02,-1.177344266953343072e-01,4.861875277751750296e-03,1.000000000000000000e+00,-1.000000000000000000e+00,7.031086087226867676e-01,7.083563804626464844e-01,6.561766862869262695e-01,7.997289299964904785e-01,6.305102705955505371e-01
4.619999999999877538e+00,1.884603548927342054e+00,1.857404981338184324e-02,1.143130363196920019e-01,-8.594925852731971627e-02,-1.177131436699439954e-01,4.846268367503329781e-03,1.000000000000000000e+00,-1.000000000000000000e+00,7.011461257934570312e-01,7.047660946846008301e-01,6.576811075210571289e-01,7.994371652603149414e-01,6.302126049995422363e-01
4.639999999999884217e+00,1.881189771763285723e+00,1.697556392970500649e-02,1.876141410456593495e-01,-8.592422562032656086e-02,-1.176968991290821553e-01,4.829342118476137244e-03,1.000000000000000000e+00,-1.000000000000000000e+00,6.991645693778991699e-01,7.017939686775207520e-01,6.587641835212707520e-01,7.992179989814758301e-01,6.299875974655151367e-01
4.659999999999890896e+00,1.877956000080165833e+00,1.524978270769544730e-02,2.579006411012736422e-01,-8.590817584498924853e-02,-1.176864659271925767e-01,4.810492332534960051e-03,1.000000000000000000e+00,-1.000000000000000000e+00,6.971115469932556152e-01,6.993369460105895996e-01,6.594281196594238281e-01,7.990154027938842773e-01,6.298680305480957031e-01
4.679999999999897575e+00,1.874960734871265799e+00,1.343182679997567686e-02,3.241695933251296236e-01,-8.590126933879138615e-02,-1.176819719726066304e-01,4.789208229910443641e-03,1.000000000000000000e+00,-1.000000000000000000e+00,6.948887109756469727e-01,6.973206400871276855e-01,6.596237421035766602e-01,7.988253831863403320e-01,6.298879981040954590e-01
4.699999999999904254e+00,1.872244659607900541e+00,1.156012226791508501e-02,3.853791782308201297e-01,-8.590363987100860244e-02,-1.176835147367650686e-01,4.765232679711641460e-03,1.000000000000000000e+00,-1.000000000000000000e+00,6.923583149909973145e-01,6.957244277000427246e-01,6.592262983322143555e-01,7.986891865730285645e-01,6.300871968269348145e-01
4.719999999999910933e+00,1.869828419864813629e+00,9.673442319806879741e-03,4.404783302516712684e-01,-8.591411822576972002e-02,-1.176903304387846155e-01,4.738479293790103658e-03,1.000000000000000000e+00,-1.000000000000000000e+00,6.893346309661865234e-01,6.945812702178955078e-01,6.580175161361694336e-01,7.986729741096496582e-01,6.305106878280639648e-01
4.739999999999917613e+00,1.867712540486861972e+00,7.808525715450820304e-03,4.884536549118260740e-01,-8.593106804910201346e-02,-1.177013427719469929e-01,4.709124512168254284e-03,1.000000000000000000e+00,-1.000000000000000000e+00,6.855826973915100098e-01,6.939613819122314453e-01,6.556979417800903320e-01,7.988231182098388672e-01,6.311952471733093262e-01
4.759999999999924292e+00,1.865871311492558693e+00,6.000591392184673190e-03,5.283318806779823129e-01,-8.595282065942788652e-02,-1.177154524555776294e-01,4.677810187322607206e-03,1.000000000000000000e+00,-1.000000000000000000e+00,6.808264851570129395e-01,6.939815878868103027e-01,6.518890857696533203e-01,7.991006970405578613e-01,6.321447491645812988e-01
4.779999999999930971e+00,1.864262250778968344e+00,4.278981751381027987e-03,5.592373678998372455e-01,-8.597742072711427042e-02,-1.177313780965066475e-01,4.645558823277225191e-03,1.000000000000000000e+00,-1.000000000000000000e+00,6.748428344726562500e-01,6.948003172874450684e-01,6.462429165840148926e-01,7.992860078811645508e-01,6.333025693893432617e-01
4.799999999999937650e+00,1.862826975286764331e+00,2.665573527445286306e-03,5.804255862439449132e-01,-8.600263706740179925e-02,-1.177476687251080845e-01,4.613703871576371220e-03,1.000000000000000000e+00,-1.000000000000000000e+00,6.675794720649719238e-01,6.964776515960693359e-01,6.386605501174926758e-01,7.989215254783630371e-01,6.345619559288024902e-01
4.819999999999944329e+00,1.861496419670049640e+00,1.173202652011928748e-03,5.913378322395528297e-01,-8.602687193081244577e-02,-1.177632930711215858e-01,4.584297833666716587e-03,1.000000000000000000e+00,-1.000000000000000000e+00,6.592675447463989258e-01,6.987831592559814453e-01,6.295483112335205078e-01,7.974550127983093262e-01,6.357964277267456055e-01
4.839999999999951008e+00,1.860200260196698707e+00,-1.922089352996980693e-04,5.916494995853764927e-01,-8.604844464770522450e-02,-1.177771747104621597e-01,4.559221971611952806e-03,1.000000000000000000e+00,-1.000000000000000000e+00,6.505829095840454102e-01,7.014153003692626953e-01,6.197954416275024414e-01,7.947235703468322754e-01,6.368753910064697266e-01
4.859999999999957687e+00,1.858874914263222156e+00,-1.423170605674650702e-03,5.812963897829831472e-01,-8.606541451637945983e-02,-1.177880771159378337e-01,4.539689215278115177e-03,1.000000000000000000e+00,-1.000000000000000000e+00,6.426105499267578125e-01,7.043904662132263184e-01,6.103912591934204102e-01,7.913318872451782227e-01,6.377056241035461426e-01
4.879999999999964366e+00,1.857459580638553653e+00,-2.512181940697966187e-03,5.605099258925377859e-01,-8.607602866800551089e-02,-1.177948884969610144e-01,4.526775612703213061e-03,1.000000000000000000e+00,-1.000000000000000000e+00,6.363144516944885254e-01,7.079859375953674316e-01,6.020050644874572754e-01,7.882801890373229980e-01,6.382670998573303223e-01
4.899999999999971045e+00,1.855900233655622067e+00,-3.447621276130796719e-03,5.297945636935389446e-01,-8.607903894277810219e-02,-1.177968191865517156e-01,4.520329390239463153e-03,1.000000000000000000e+00,-1.000000000000000000e+00,6.321229934692382812e-01,7.126682996749877930e-01,5.947450995445251465e-01,7.863038778305053711e-01,6.386022567749023438e-01
4.919999999999977724e+00,1.854151577998425449e+00,-4.209562895119478565e-03,4.898748258574842640e-01,-8.607376013016072858e-02,-1.177934332166001991e-01,4.519802939859918905e-03,1.000000000000000000e+00,-1.000000000000000000e+00,6.301063895225524902e-01,7.190601229667663574e-01,5.883483886718750000e-01,7.856720089912414551e-01,6.387627124786376953e-01
4.939999999999984404e+00,1.852179472976590358e+00,-4.772557574663272018e-03,4.416369057374788243e-01,-8.606000710495612105e-02,-1.177846047458789569e-01,4.524292383944249728e-03,1.000000000000000000e+00,-1.000000000000000000e+00,6.302416920661926270e-01,7.276131510734558105e-01,5.825957059860229492e-01,7.863672971725463867e-01,6.387651562690734863e-01
4.959999999999991083e+00,1.849962137980067034e+00,-5.109085971183424668e-03,3.860773299144709125e-01,-8.603808479797242503e-02,-1.177705114361748545e-01,4.532712965381470449e-03,1.000000000000000000e+00,-1.000000000000000000e+00,6.323463320732116699e-01,7.380571961402893066e-01,5.775585174560546875e-01,7.881942391395568848e-01,6.385916471481323242e-01
4.979999999999997762e+00,1.847490696167835011e+00,-5.193373906604070722e-03,3.242621237139294843e-01,-8.600877141424674577e-02,-1.177516265481811930e-01,4.543929133192526823e-03,1.000000000000000000e+00,-1.000000000000000000e+00,6.360281705856323242e-01,7.493359446525573730e-01,5.735517740249633789e-01,7.907699346542358398e-01,6.382290720939636230e-01
5.000000000000004441e+00,1.844769445009105002e+00,-5.004742094917413731e-03,2.572955880689936636e-01,-8.597326965843529734e-02,-1.177286930709113416e-01,4.556849737194546696e-03,1.000000000000000000e+00,-1.000000000000000000e+00,6.408782601356506348e-01,7.602066397666931152e-01,5.708854198455810547e-01,7.935354113578796387e-01,6.377291679382324219e-01
5.020000000000011120e+00,1.841816139114123452e+00,-4.530181185961990042e-03,1.862955887263877119e-01,-8.593314157407026810e-02,-1.177026888643318975e-01,4.570506556316671770e-03,1.000000000000000000e+00,-1.000000000000000000e+00,6.466039419174194336e-01,7.696450948715209961e-01,5.697311758995056152e-01,7.958750128746032715e-01,6.372189521789550781e-01
5.040000000000017799e+00,1.838662282749310428e+00,-3.766219474122700639e-03,1.123723691995704294e-01,-8.589024140493584092e-02,-1.176747908146970611e-01,4.584126234365459331e-03,1.000000000000000000e+00,-1.000000000000000000e+00,6.530144810676574707e-01,7.770384550094604492e-01,5.700947642326354980e-01,7.973735928535461426e-01,6.368370652198791504e-01
5.060000000000024478e+00,1.835353055449863380e+00,-2.720345621135489278e-03,3.660910706710437251e-02,-8.584663567329005318e-02,-1.176463296249181251e-01,4.597191143423604194e-03,1.000000000000000000e+00,-1.000000000000000000e+00,6.599505543708801270e-01,7.823101878166198730e-01,5.717864632606506348e-01,7.979423999786376953e-01,6.366533637046813965e-01
5.080000000000031157e+00,1.831946345752685446e+00,-1.412211946043795407e-03,-3.995587847878694782e-02,-8.580449746331068883e-02,-1.176187252630021274e-01,4.609481236127331572e-03,1.000000000000000000e+00,-1.000000000000000000e+00,6.672047972679138184e-01,7.857356667518615723e-01,5.744821429252624512e-01,7.977014780044555664e-01,6.366485953330993652e-01
5.100000000000037836e+00,1.828510500968504537e+00,1.255442570743947606e-04,-1.163430907098818995e-01,-8.576598634552441702e-02,-1.175934092116284746e-01,4.621245757569339245e-03,1.000000000000000000e+00,-1.000000000000000000e+00,6.744717955589294434e-01,7.876402735710144043e-01,5.778487324714660645e-01,7.968690395355224609e-01,6.367479562759399414e-01
5.120000000000044516e+00,1.825120259361843189e+00,1.851309812951784650e-03,-1.916248023529712741e-01,-8.573317407720168482e-02,-1.175717726307659861e-01,4.633675323672016566e-03,1.000000000000000000e+00,-1.000000000000000000e+00,6.813646554946899414e-01,7.883043289184570312e-01,5.815809369087219238e-01,7.957181334495544434e-01,6.368678212165832520e-01
5.140000000000051195e+00,1.821850067145675656e+00,3.725590082236274192e-03,-2.648729384324987612e-01,-8.570778226310964143e-02,-1.175549866069435512e-01,4.647754845158134918e-03,1.000000000000000000e+00,-1.000000000000000000e+00,6.874880790710449219e-01,7.880508303642272949e-01,5.853409171104431152e-01,7.945322394371032715e-01,6.369524598121643066e-01
5.160000000000057874e+00,1.818766817783545431e+00,5.711148695585033241e-03,-3.351270749451542019e-01,-8.569081448382848132e-02,-1.175437487258182701e-01,4.664132659897273631e-03,1.000000000000000000e+00,-1.000000000000000000e+00,6.925838589668273926e-01,7.872788310050964355e-01,5.887984037399291992e-01,7.935560941696166992e-01,6.369823813438415527e-01
5.180000000000064553e+00,1.815926480305539048e+00,7.768738119500850914e-03,-4.013818045647656318e-01,-8.568234217546351339e-02,-1.175381311844936189e-01,4.683321646670307419e-03,1.000000000000000000e+00,-1.000000000000000000e+00,6.966070532798767090e-01,7.863428592681884766e-01,5.917471647262573242e-01,7.929473519325256348e-01,6.369601488113403320e-01
5.200000000000071232e+00,1.813367168585744871e+00,9.857233730664494153e-03,-4.625963180665590424e-01,-8.568241012598210027e-02,-1.175381762555555154e-01,4.705593385036216554e-03,1.000000000000000000e+00,-1.000000000000000000e+00,6.996864080429077148e-01,7.854490876197814941e-01,5.941540598869323730e-01,7.927559018135070801e-01,6.368959546089172363e-01
5.220000000000077911e+00,1.811106530372557977e+00,1.193660587689898689e-02,-5.177213842356772622e-01,-8.568993830722917981e-02,-1.175431679732252960e-01,4.730967629909183826e-03,1.000000000000000000e+00,-1.000000000000000000e+00,7.020480632781982422e-01,7.846544384956359863e-01,5.961273908615112305e-01,7.929475903511047363e-01,6.368031501770019531e-01
5.240000000000084590e+00,1.809142706491361885e+00,1.397045254026180183e-02,-5.657482019876366452e-01,-8.570334037210410039e-02,-1.175520463267276799e-01,4.759197449239888945e-03,1.000000000000000000e+00,-1.000000000000000000e+00,7.039480209350585938e-01,7.839164733886718750e-01,5.978525876998901367e-01,7.934426665306091309e-01,6.366985440254211426e-01
5.260000000000091269e+00,1.807447534115300680e+00,1.592582160814931536e-02,-6.057082497075596539e-01,-8.572109107136366424e-02,-1.175637894413869428e-01,4.789582499248643856e-03,1.000000000000000000e+00,-1.000000000000000000e+00,7.056337594985961914e-01,7.831329107284545898e-01,5.995534658432006836e-01,7.941592931747436523e-01,6.366029977798461914e-01
5.280000000000097948e+00,1.805976533733487432e+00,1.777678045647196337e-02,-6.367299118073249664e-01,-8.574143872731714022e-02,-1.175772282051665424e-01,4.821043623631188040e-03,1.000000000000000000e+00,-1.000000000000000000e+00,7.072911262512207031e-01,7.821516394615173340e-01,6.014524698257446289e-01,7.950153946876525879e-01,6.365402340888977051e-01
5.300000000000104627e+00,1.804669939234679887e+00,1.950596785165065183e-02,-6.580712641297625787e-01,-8.576240091122742937e-02,-1.175910479587652657e-01,4.852178418693672141e-03,1.000000000000000000e+00,-1.000000000000000000e+00,7.089937329292297363e-01,7.807546854019165039e-01,6.037449240684509277e-01,7.959103584289550781e-01,6.365331411361694336e-01
5.320000000000111307e+00,1.803457918043593011e+00,2.110578990441336344e-02,-6.691744709857405660e-01,-8.578271969975499733e-02,-1.176044195700625267e-01,4.880915056414649421e-03,1.000000000000000000e+00,-1.000000000000000000e+00,7.107045054435729980e-01,7.786789536476135254e-01,6.065801978111267090e-01,7.967221140861511230e-01,6.365827918052673340e-01
5.340000000000117986e+00,1.802269852450047338e+00,2.257574259125688654e-02,-6.697149618876546695e-01,-8.580105510662994206e-02,-1.176164657858024543e-01,4.905371692602598921e-03,1.000000000000000000e+00,-1.000000000000000000e+00,7.123413085937500000e-01,7.757734060287475586e-01,6.100118756294250488e-01,7.973497509956359863e-01,6.366279125213623047e-01
5.360000000000124665e+00,1.801041792180291257e+00,2.391334265529260206e-02,-6.596283379865918173e-01,-8.581564662639834529e-02,-1.176260387006612673e-01,4.924256388454032948e-03,1.000000000000000000e+00,-1.000000000000000000e+00,7.138040065765380859e-01,7.720986604690551758e-01,6.139711141586303711e-01,7.977763414382934570e-01,6.365559101104736328e-01
5.380000000000131344e+00,1.799712486948343848e+00,2.511609279935894667e-02,-6.391460139787736860e-01,-8.582497660796960248e-02,-1.176321534365928484e-01,4.936400893523465797e-03,1.000000000000000000e+00,-1.000000000000000000e+00,7.149387598037719727e-01,7.678046822547912598e-01,6.183054447174072266e-01,7.981003522872924805e-01,6.362805366516113281e-01
5.400000000000138023e+00,1.798227278259917572e+00,2.617712991375459319e-02,-6.087737214891668636e-01,-8.582780285800679920e-02,-1.176340047537362682e-01,4.941874674281135013e-03,1.000000000000000000e+00,-1.000000000000000000e+00,7.155728340148925781e-01,7.630416154861450195e-01,6.227944493293762207e-01,7.985098361968994141e-01,6.357823610305786133e-01
5.420000000000144702e+00,1.796539643595711055e+00,2.708067254774448873e-02,-5.692374876049192123e-01,-8.582337345167746767e-02,-1.176311030996032708e-01,4.941164738924557452e-03,1.000000000000000000e+00,-1.000000000000000000e+00,7.156473994255065918e-01,7.579454183578491211e-01,6.272142529487609863e-01,7.991670370101928711e-01,6.351165771484375000e-01
5.440000000000151381e+00,1.794613906897413624e+00,2.780437656934309221e-02,-5.214235124520071318e-01,-8.581137287995944940e-02,-1.176232361107074770e-01,4.935140631524492609e-03,1.000000000000000000e+00,-1.000000000000000000e+00,7.152341008186340332e-01,7.526776790618896484e-01,6.313807368278503418e-01,8.000000119209289551e-01,6.343885660171508789e-01
5.460000000000158060e+00,1.792426750787374345e+00,2.832254655199867299e-02,-4.663249942168415929e-01,-8.579193196673902400e-02,-1.176104743391847979e-01,4.924877287088122620e-03,1.000000000000000000e+00,-1.000000000000000000e+00,7.144389152526855469e-01,7.472938895225524902e-01,6.352426409721374512e-01,8.000000119209289551e-01,6.336932778358459473e-01
5.480000000000164739e+00,1.789968023908462325e+00,2.860987687667937429e-02,-4.050000729374561015e-01,-8.576562930110251393e-02,-1.175931741064606961e-01,4.911521628789706356e-03,1.000000000000000000e+00,-1.000000000000000000e+00,7.133473753929138184e-01,7.416929006576538086e-01,6.388797163963317871e-01,8.000000119209289551e-01,6.330787539482116699e-01
5.500000000000171418e+00,1.787241146718251628e+00,2.864487131958765032e-02,-3.385406438696241804e-01,-8.573345968168452624e-02,-1.175719612265809511e-01,4.896194390174270911e-03,1.000000000000000000e+00,-1.000000000000000000e+00,7.120289206504821777e-01,7.358211278915405273e-01,6.423605680465698242e-01,8.000000119209289551e-01,6.325527429580688477e-01
5.520000000000178098e+00,1.784263403710134810e+00,2.841255228502187480e-02,-2.680488621914896563e-01,-8.569678432196678464e-02,-1.175477045000230258e-01,4.879911846528357626e-03,1.000000000000000000e+00,-1.000000000000000000e+00,7.105364203453063965e-01,7.298117280006408691e-01,6.456641554832458496e-01,8.000000119209289551e-01,6.320987939834594727e-01
5.540000000000184777e+00,1.781066188835121800e+00,2.790645085250431645e-02,-1.946178865489784915e-01,-8.565727713632734219e-02,-1.175214873105838165e-01,4.863517876406959518e-03,1.000000000000000000e+00,-1.000000000000000000e+00,7.088918089866638184e-01,7.239044904708862305e-01,6.487244963645935059e-01,8.000000119209289551e-01,6.316917538642883301e-01
5.560000000000191456e+00,1.777694923891168344e+00,2.713011399734333029e-02,-1.193144076240622992e-01,-8.561685559169171511e-02,-1.174945684276626073e-01,4.847626795244505508e-03,1.000000000000000000e+00,-1.000000000000000000e+00,7.070986032485961914e-01,7.183421254158020020e-01,6.514720320701599121e-01,8.000000119209289551e-01,6.313109397888183594e-01
5.580000000000198135e+00,1.774208185533560300e+00,2.609837511490220585e-02,-4.316233399391226910e-02,-8.557758246204613672e-02,-1.174683214058087621e-01,4.832580438232460252e-03,1.000000000000000000e+00,-1.000000000000000000e+00,7.051835656166076660e-01,7.133342623710632324e-01,6.538402438163757324e-01,8.000000119209289551e-01,6.309467554092407227e-01
5.600000000000204814e+00,1.770675618950366736e+00,2.483826344534195707e-02,3.287029626292414797e-02,-8.554156811394432458e-02,-1.174441709504445985e-01,4.818255952619754368e-03,1.000000000000000000e+00,-1.000000000000000000e+00,7.032068967819213867e-01,7.090092301368713379e-01,6.557879447937011719e-01,7.999904751777648926e-01,6.306049823760986328e-01
5.620000000000211493e+00,1.767173662683510837e+00,2.338493401242996983e-02,1.078627025400926559e-01,-8.551094272871843927e-02,-1.174235724073510873e-01,4.803648311652113610e-03,1.000000000000000000e+00,-1.000000000000000000e+00,7.012201547622680664e-01,7.053742408752441406e-01,6.573159694671630859e-01,7.996942996978759766e-01,6.303049325942993164e-01
5.640000000000218172e+00,1.763778185963901457e+00,2.177135338339680759e-02,1.808893886626619651e-01,-8.548748030157644895e-02,-1.174077528992106961e-01,4.787944503760746366e-03,1.000000000000000000e+00,-1.000000000000000000e+00,6.992299556732177734e-01,7.023535966873168945e-01,6.584435701370239258e-01,7.994542121887207031e-01,6.300749182701110840e-01
5.660000000000224851e+00,1.760557506103172631e+00,2.002908955897914067e-02,2.509899791560999960e-01,-8.547222117154937293e-02,-1.173974462968982585e-01,4.770609987807887011e-03,1.000000000000000000e+00,-1.000000000000000000e+00,6.971873641014099121e-01,6.998462080955505371e-01,6.591730117797851562e-01,7.992174625396728516e-01,6.299455165863037109e-01
5.680000000000231530e+00,1.757569723809020878e+00,1.819278736618978876e-02,3.171579625833155780e-01,-8.546534092512665659e-02,-1.173927944142432733e-01,4.751171157372478110e-03,1.000000000000000000e+00,-1.000000000000000000e+00,6.949991583824157715e-01,6.977751255035400391e-01,6.594588756561279297e-01,7.989791035652160645e-01,6.299484968185424805e-01
5.700000000000238209e+00,1.754855585038794796e+00,1.630041421576122751e-02,3.783519031884690076e-01,-8.546692218556262155e-02,-1.173938637974760030e-01,4.729380938264512134e-03,1.000000000000000000e+00,-1.000000000000000000e+00,6.925371885299682617e-01,6.961159110069274902e-01,6.591843366622924805e-01,7.987768650054931641e-01,6.301214694976806641e-01
5.720000000000244889e+00,1.752435611351266687e+00,1.439075146490825796e-02,4.335213676057026455e-01,-8.547604427297736396e-02,-1.174000299141134268e-01,4.705181558957695354e-03,1.000000000000000000e+00,-1.000000000000000000e+00,6.896283626556396484e-01,6.948985457420349121e-01,6.581409573554992676e-01,7.986742258071899414e-01,6.305087208747863770e-01
5.740000000000251568e+00,1.750311470368220768e+00,1.250047809684790012e-02,4.816596122790928192e-01,-8.549115334481419137e-02,-1.174102316730411266e-01,4.678714937112168730e-03,1.000000000000000000e+00,-1.000000000000000000e+00,6.860499382019042969e-01,6.941912174224853516e-01,6.560383439064025879e-01,7.987220287322998047e-01,6.311510205268859863e-01
5.760000000000258247e+00,1.748458422503064380e+00,1.066516458951199953e-02,5.218016374237498534e-01,-8.551073696330606377e-02,-1.174234338168438363e-01,4.650559046592588584e-03,1.000000000000000000e+00,-1.000000000000000000e+00,6.815297603607177734e-01,6.941044330596923828e-01,6.525031328201293945e-01,7.988982200622558594e-01,6.320622563362121582e-01
5.780000000000264926e+00,1.746835171390627384e+00,8.914899105709861438e-03,5.530806554815406173e-01,-8.553298851165953842e-02,-1.174384060870992674e-01,4.621631583097331013e-03,1.000000000000000000e+00,-1.000000000000000000e+00,6.758340001106262207e-01,6.947922706604003906e-01,6.471794843673706055e-01,7.990160584449768066e-01,6.331966519355773926e-01
5.800000000000271605e+00,1.745384702140295285e+00,7.272657648899671923e-03,5.747586662953019232e-01,-8.555582045881655884e-02,-1.174537376253907417e-01,4.593119152038161249e-03,1.000000000000000000e+00,-1.000000000000000000e+00,6.688900589942932129e-01,6.963376402854919434e-01,6.399403214454650879e-01,7.986581921577453613e-01,6.344460844993591309e-01
5.820000000000278284e+00,1.744039040021852838e+00,5.752838540555804681e-03,5.862765476134282894e-01,-8.557778369725807521e-02,-1.174684561304583374e-01,4.566906501126614948e-03,1.000000000000000000e+00,-1.000000000000000000e+00,6.608982086181640625e-01,6.985549330711364746e-01,6.311407089233398438e-01,7.972828745841979980e-01,6.356753110885620117e-01
5.840000000000284963e+00,1.742728746521611249e+00,4.363017228945775816e-03,5.873045882843230814e-01,-8.559748910514765330e-02,-1.174816369232592750e-01,4.544638332040400533e-03,1.000000000000000000e+00,-1.000000000000000000e+00,6.524895429611206055e-01,7.011553049087524414e-01,6.216253638267517090e-01,7.946810722351074219e-01,6.367533206939697266e-01
5.860000000000291642e+00,1.741391589785185268e+00,3.112201571555783808e-03,5.777649431014144632e-01,-8.561301555920429462e-02,-1.174920061126538684e-01,4.527410352008954045e-03,1.000000000000000000e+00,-1.000000000000000000e+00,6.447188258171081543e-01,7.041240334510803223e-01,6.123825311660766602e-01,7.913968563079833984e-01,6.375908255577087402e-01
5.880000000000298321e+00,1.739967704359897116e+00,2.009012338457072389e-03,5.578670341866981408e-01,-8.562285435747622742e-02,-1.174985694352164434e-01,4.516251566873468945e-03,1.000000000000000000e+00,-1.000000000000000000e+00,6.385515928268432617e-01,7.077104449272155762e-01,6.041043996810913086e-01,7.883973717689514160e-01,6.381661891937255859e-01
5.900000000000305000e+00,1.738404036472502856e+00,1.065385412442554358e-03,5.280910299063592550e-01,-8.562581693015966500e-02,-1.175005446003338089e-01,4.511000649727452648e-03,1.000000000000000000e+00,-1.000000000000000000e+00,6.344416737556457520e-01,7.123797535896301270e-01,5.969186425209045410e-01,7.864198088645935059e-01,6.385186314582824707e-01
5.920000000000311680e+00,1.736655892634963116e+00,3.009465126116439571e-04,4.891367253596621278e-01,-8.562124347435962068e-02,-1.174974952313153354e-01,4.511151253147461029e-03,1.000000000000000000e+00,-1.000000000000000000e+00,6.324787735939025879e-01,7.187625169754028320e-01,5.905662178993225098e-01,7.857500314712524414e-01,6.387009620666503906e-01
5.940000000000318359e+00,1.734689417639196041e+00,-2.595419765879514173e-04,4.418670598567173702e-01,-8.560893712328139504e-02,-1.174892837596671347e-01,4.515867361894996407e-03,1.000000000000000000e+00,-1.000000000000000000e+00,6.326486468315124512e-01,7.273162603378295898e-01,5.848236680030822754e-01,7.863838672637939453e-01,6.387319564819335938e-01
5.960000000000325038e+00,1.732482822640003306e+00,-5.894913935497458901e-04,3.872576478092196184e-01,-8.558915293270635827e-02,-1.174760637588950218e-01,4.524146809380232698e-03,1.000000000000000000e+00,-1.000000000000000000e+00,6.347759366035461426e-01,7.377698421478271484e-01,5.797643661499023438e-01,7.881388664245605469e-01,6.385900378227233887e-01
5.980000000000331717e+00,1.730026934790001913e+00,-6.641612217610504132e-04,3.263561792494794611e-01,-8.556258041891919019e-02,-1.174582708578592039e-01,4.534941068964035669e-03,1.000000000000000000e+00,-1.000000000000000000e+00,6.384735107421875000e-01,7.490629553794860840e-01,5.757107734680175781e-01,7.906478643417358398e-01,6.382557153701782227e-01
6.000000000000338396e+00,1.727325484442036707e+00,-4.639063596930670386e-04,2.602511511081844753e-01,-8.553029989651604603e-02,-1.174365986153052821e-01,4.547242935298598070e-03,1.000000000000000000e+00,-1.000000000000000000e+00,6.433254480361938477e-01,7.599488496780395508e-01,5.729776024818420410e-01,7.933553457260131836e-01,6.377767920494079590e-01
6.020000000000345075e+00,1.724395416579925566e+00,2.332645145164402578e-05,1.900470556035359360e-01,-8.549372596159783566e-02,-1.174119673242654260e-01,4.560158636679948266e-03,1.000000000000000000e+00,-1.000000000000000000e+00,6.490185260772705078e-01,7.693883180618286133e-01,5.717386007308959961e-01,7.956336736679077148e-01,6.372805833816528320e-01
6.040000000000351754e+00,1.721267215378095461e+00,8.001996031916647212e-04,1.168431351252832012e-01,-8.545454715530247103e-02,-1.173854906101778200e-01,4.572973455009002840e-03,1.000000000000000000e+00,-1.000000000000000000e+00,6.553449630737304688e-01,7.767507433891296387e-01,5.720022320747375488e-01,7.970565557479858398e-01,6.369093656539916992e-01
6.060000000000358433e+00,1.717984867585446995e+00,1.858623028405781419e-03,4.171395469924934346e-02,-8.541465125809261094e-02,-1.173584313940490148e-01,4.585207155020193728e-03,1.000000000000000000e+00,-1.000000000000000000e+00,6.621498465538024902e-01,7.819586396217346191e-01,5.735825896263122559e-01,7.975350618362426758e-01,6.367381215095520020e-01
6.080000000000365112e+00,1.714604949467370965e+00,3.178598422447664884e-03,-3.430832422215910477e-02,-8.537602613810524321e-02,-1.173321389362894929e-01,4.596652529311552604e-03,1.000000000000000000e+00,-1.000000000000000000e+00,6.692447662353515625e-01,7.853021025657653809e-01,5.761583447456359863e-01,7.971967458724975586e-01,6.367501616477966309e-01
6.100000000000371791e+00,1.711194447710134181e+00,4.727458311551746561e-03,-1.102477477145329676e-01,-8.534064910969661744e-02,-1.173079744866116075e-01,4.607562570751281249e-03,1.000000000000000000e+00,-1.000000000000000000e+00,6.763368844985961914e-01,7.871297001838684082e-01,5.793910622596740723e-01,7.962712049484252930e-01,6.368694305419921875e-01
6.120000000000378471e+00,1.707826752007375770e+00,6.464323401370153377e-03,-1.851757881146723905e-01,-8.531041389845255007e-02,-1.172872586741878081e-01,4.619025706511279729e-03,1.000000000000000000e+00,-1.000000000000000000e+00,6.830343604087829590e-01,7.877511978149414062e-01,5.829595923423767090e-01,7.950513958930969238e-01,6.370069384574890137e-01
6.140000000000385150e+00,1.704575077856166132e+00,8.350717799224527393e-03,-2.581600300847030627e-01,-8.528689473585279734e-02,-1.172711035860127815e-01,4.631923968931188351e-03,1.000000000000000000e+00,-1.000000000000000000e+00,6.889354586601257324e-01,7.875134348869323730e-01,5.865165591239929199e-01,7.938438057899475098e-01,6.371005177497863770e-01
6.160000000000391829e+00,1.701505399513810524e+00,1.035014342339596327e-02,-3.282351677649801291e-01,-8.527099724047722262e-02,-1.172601633869198995e-01,4.646835572526045004e-03,1.000000000000000000e+00,-1.000000000000000000e+00,6.937960982322692871e-01,7.868105173110961914e-01,5.897500514984130859e-01,7.928984761238098145e-01,6.371282339096069336e-01
6.180000000000398508e+00,1.698673351601017956e+00,1.242384940156843198e-02,-3.943923496768601544e-01,-8.526281424121366637e-02,-1.172545256503879502e-01,4.664236777216973495e-03,1.000000000000000000e+00,-1.000000000000000000e+00,6.975978612899780273e-01,7.859677076339721680e-01,5.924881696701049805e-01,7.923573851585388184e-01,6.370955109596252441e-01
6.200000000000405187e+00,1.696117157981929413e+00,1.453115899832302382e-02,-4.555911043553981798e-01,-8.526234949354408177e-02,-1.172542053276317414e-01,4.684385244260485213e-03,1.000000000000000000e+00,-1.000000000000000000e+00,7.004898786544799805e-01,7.851626276969909668e-01,5.947224497795104980e-01,7.922479510307312012e-01,6.370173692703247070e-01
6.220000000000411866e+00,1.693854350565819900e+00,1.663205170700193802e-02,-5.107828026977573321e-01,-8.526876879516635810e-02,-1.172586285172657478e-01,4.707286078421786188e-03,1.000000000000000000e+00,-1.000000000000000000e+00,7.027044892311096191e-01,7.844385504722595215e-01,5.965666770935058594e-01,7.925187349319458008e-01,6.369111537933349609e-01
6.240000000000418545e+00,1.691884175736978690e+00,1.869009843073399235e-02,-5.589648924204911884e-01,-8.528057830203647494e-02,-1.172667587699307012e-01,4.732728662562239730e-03,1.000000000000000000e+00,-1.000000000000000000e+00,7.044936418533325195e-01,7.837520837783813477e-01,5.981991291046142578e-01,7.930802106857299805e-01,6.367962360382080078e-01
6.260000000000425224e+00,1.690179389738255100e+00,2.067193975353492919e-02,-5.991767796561976445e-01,-8.529640514358428904e-02,-1.172776405129576788e-01,4.760081610104184395e-03,1.000000000000000000e+00,-1.000000000000000000e+00,7.060959935188293457e-01,7.830061912536621094e-01,5.998312234878540039e-01,7.938465476036071777e-01,6.366935968399047852e-01
6.280000000000431903e+00,1.688696601068235825e+00,2.255083747093777902e-02,-6.305553481639738500e-01,-8.531463875873332436e-02,-1.172901568973056530e-01,4.788373624564195782e-03,1.000000000000000000e+00,-1.000000000000000000e+00,7.076890468597412109e-01,7.820560932159423828e-01,6.016739606857299805e-01,7.947357296943664551e-01,6.366251111030578613e-01
6.300000000000438583e+00,1.687377274684882966e+00,2.430826604475039288e-02,-6.523650230734632238e-01,-8.533343201184336035e-02,-1.173030349936470679e-01,4.816346274575467393e-03,1.000000000000000000e+00,-1.000000000000000000e+00,7.093415260314941406e-01,7.806913852691650391e-01,6.039144992828369141e-01,7.956500053405761719e-01,6.366102099418640137e-01
6.320000000000445262e+00,1.686152508326812960e+00,2.593504752449099504e-02,-6.640476419559090404e-01,-8.535165087050625154e-02,-1.173154978439654023e-01,4.842102272627426748e-03,1.000000000000000000e+00,-1.000000000000000000e+00,7.110158205032348633e-01,7.786495685577392578e-01,6.067013144493103027e-01,7.964706420898437500e-01,6.366488337516784668e-01
6.340000000000451941e+00,1.684952402299035423e+00,2.742900740966575102e-02,-6.652737817480339766e-01,-8.536819444579749061e-02,-1.173267963297729838e-01,4.863989063392267984e-03,1.000000000000000000e+00,-1.000000000000000000e+00,7.126309275627136230e-01,7.757704854011535645e-01,6.100924611091613770e-01,7.970985174179077148e-01,6.366854310035705566e-01
6.360000000000458620e+00,1.683714187324901079e+00,2.878606773495745452e-02,-6.559660361561074904e-01,-8.538133627814516180e-02,-1.173357591823513124e-01,4.880822252903815883e-03,1.000000000000000000e+00,-1.000000000000000000e+00,7.140812873840332031e-01,7.721279263496398926e-01,6.140066981315612793e-01,7.975175380706787109e-01,6.366123557090759277e-01
6.380000000000465299e+00,1.682377432959380581e+00,3.000256973152382045e-02,-6.363346271291034917e-01,-8.538979749731653857e-02,-1.173415240225150341e-01,4.891497592858669134e-03,1.000000000000000000e+00,-1.000000000000000000e+00,7.152024507522583008e-01,7.679007649421691895e-01,6.182736158370971680e-01,7.978316545486450195e-01,6.363412737846374512e-01
6.400000000000471978e+00,1.680888397247321642e+00,3.107122720136823446e-02,-6.068618898632026637e-01,-8.539241800618627143e-02,-1.173433085228568901e-01,4.896084336865251171e-03,1.000000000000000000e+00,-1.000000000000000000e+00,7.158211469650268555e-01,7.632265686988830566e-01,6.226930022239685059e-01,7.982357144355773926e-01,6.358501911163330078e-01
6.420000000000478657e+00,1.679201175423820747e+00,3.197648318298174086e-02,-5.682500452275448533e-01,-8.538849847115753677e-02,-1.173406392576924334e-01,4.895021057693405876e-03,1.000000000000000000e+00,-1.000000000000000000e+00,7.158851623535156250e-01,7.581996321678161621e-01,6.270783543586730957e-01,7.988944649696350098e-01,6.351923942565917969e-01
6.440000000000485336e+00,1.677280432606666594e+00,3.269662512795595832e-02,-5.213629855132525526e-01,-8.537773885295182885e-02,-1.173333067936312563e-01,4.889101204881217758e-03,1.000000000000000000e+00,-1.000000000000000000e+00,7.154684662818908691e-01,7.529716491699218750e-01,6.312472224235534668e-01,7.997981905937194824e-01,6.344718933105468750e-01
6.460000000000492015e+00,1.675102927488036908e+00,3.320685828213065793e-02,-4.671739460527723486e-01,-8.536024486041987602e-02,-1.173213693121026718e-01,4.879309174720388408e-03,1.000000000000000000e+00,-1.000000000000000000e+00,7.146744728088378906e-01,7.476252913475036621e-01,6.351178884506225586e-01,8.000000119209289551e-01,6.337834000587463379e-01
6.480000000000498694e+00,1.672658316624258124e+00,3.348290410729215516e-02,-4.067236348240680366e-01,-8.533652382570652839e-02,-1.173051514876192192e-01,4.866697519325832028e-03,1.000000000000000000e+00,-1.000000000000000000e+00,7.135834693908691406e-01,7.420814037322998047e-01,6.387441754341125488e-01,8.000000119209289551e-01,6.331749558448791504e-01
6.500000000000505374e+00,1.669949567883963759e+00,3.350431437004619539e-02,-3.410889122189845746e-01,-8.530745831437309967e-02,-1.172852304797947914e-01,4.852296801051019653e-03,1.000000000000000000e+00,-1.000000000000000000e+00,7.122595906257629395e-01,7.362874746322631836e-01,6.421867012977600098e-01,8.000000119209289551e-01,6.326538324356079102e-01
6.520000000000512053e+00,1.666993271236586249e+00,3.325710063693421148e-02,-2.713591614997941104e-01,-8.527426597939723185e-02,-1.172624141849644142e-01,4.837043911233467226e-03,1.000000000000000000e+00,-1.000000000000000000e+00,7.107530236244201660e-01,7.303622961044311523e-01,6.454318761825561523e-01,8.000000119209289551e-01,6.322025656700134277e-01
6.540000000000518732e+00,1.663819907651697960e+00,3.273565764527880395e-02,-1.986169876957534219e-01,-8.523845262107049292e-02,-1.172377155381173208e-01,4.821719752256658359e-03,1.000000000000000000e+00,-1.000000000000000000e+00,7.090855836868286133e-01,7.245244979858398438e-01,6.484301686286926270e-01,8.000000119209289551e-01,6.317956447601318359e-01
6.560000000000525411e+00,1.660473798367274600e+00,3.194421274393144383e-02,-1.239207986045347681e-01,-8.520174817523279431e-02,-1.172123145904992170e-01,4.806896455652287341e-03,1.000000000000000000e+00,-1.000000000000000000e+00,7.072615027427673340e-01,7.189990878105163574e-01,6.511278748512268066e-01,8.000000119209289551e-01,6.314132809638977051e-01
6.580000000000532090e+00,1.657012279710245561e+00,3.089804960700792691e-02,-4.828858761069435707e-02,-8.516601598314871291e-02,-1.171875002491469253e-01,4.792897138663081841e-03,1.000000000000000000e+00,-1.000000000000000000e+00,7.053101658821105957e-01,7.139905691146850586e-01,6.534685492515563965e-01,8.000000119209289551e-01,6.310475468635559082e-01
6.600000000000538769e+00,1.653503680791324815e+00,2.962434845851152909e-02,2.731497210700083861e-02,-8.513316964399755826e-02,-1.171646141864007978e-01,4.779590448742859071e-03,1.000000000000000000e+00,-1.000000000000000000e+00,7.032981514930725098e-01,7.096363902091979980e-01,6.554138064384460449e-01,8.000000119209289551e-01,6.307045817375183105e-01
6.620000000000545448e+00,1.650023073558048115e+00,2.815767472977454000e-02,1.019682225711308343e-01,-8.510513170453432030e-02,-1.171450204370136777e-01,4.766065639789865936e-03,1.000000000000000000e+00,-1.000000000000000000e+00,7.012849450111389160e-01,7.059580087661743164e-01,6.569626331329345703e-01,7.999153137207031250e-01,6.304025650024414062e-01
6.640000000000552127e+00,1.646645056146979869e+00,2.653015468453717718e-02,1.747414974553093692e-01,-8.508350104155285032e-02,-1.171298674893386654e-01,4.751602287803338188e-03,1.000000000000000000e+00,-1.000000000000000000e+00,6.992831826210021973e-01,7.028899788856506348e-01,6.581314206123352051e-01,7.996572852134704590e-01,6.301681995391845703e-01
6.660000000000558806e+00,1.643436994340087498e+00,2.477275467421641286e-02,2.446697920123755976e-01,-8.506920693384101284e-02,-1.171198363280633176e-01,4.735727049404629165e-03,1.000000000000000000e+00,-1.000000000000000000e+00,6.972475051879882812e-01,7.003334164619445801e-01,6.589222550392150879e-01,7.993882894515991211e-01,6.300297975540161133e-01
6.680000000000565485e+00,1.640456612356864685e+00,2.291969070164462385e-02,3.107434013972520392e-01,-8.506243978848722354e-02,-1.171150824229148790e-01,4.718004285064168919e-03,1.000000000000000000e+00,-1.000000000000000000e+00,6.950899958610534668e-01,6.982089877128601074e-01,6.592933535575866699e-01,7.991027235984802246e-01,6.300167441368103027e-01
6.700000000000572165e+00,1.637744708599486954e+00,2.100850456997477300e-02,3.719212762593334665e-01,-8.506322390087657503e-02,-1.171156334228771051e-01,4.698197108039067586e-03,1.000000000000000000e+00,-1.000000000000000000e+00,6.926911473274230957e-01,6.964884996414184570e-01,6.591348052024841309e-01,7.988347411155700684e-01,6.301643252372741699e-01
6.720000000000578844e+00,1.635321651853224978e+00,1.907799301221974053e-02,4.271535288230717264e-01,-8.507088554552802440e-02,-1.171210150579310161e-01,4.676276917574456564e-03,1.000000000000000000e+00,-1.000000000000000000e+00,6.898897290229797363e-01,6.951995491981506348e-01,6.582474112510681152e-01,7.986457943916320801e-01,6.305161714553833008e-01
6.740000000000585523e+00,1.633190154385667725e+00,1.716477635523477874e-02,4.754393058240145575e-01,-8.508397335698276998e-02,-1.171301987047927151e-01,4.652351885828624745e-03,1.000000000000000000e+00,-1.000000000000000000e+00,6.864745616912841797e-01,6.944092512130737305e-01,6.563491821289062500e-01,7.985908985137939453e-01,6.311156749725341797e-01
6.760000000000592202e+00,1.631326393880965231e+00,1.530473263749226875e-02,5.158210299733663184e-01,-8.510113512898362376e-02,-1.171422231335793596e-01,4.626941310537130599e-03,1.000000000000000000e+00,-1.000000000000000000e+00,6.821782588958740234e-01,6.942236423492431641e-01,6.530720591545104980e-01,7.986633777618408203e-01,6.319857835769653320e-01
6.780000000000598881e+00,1.629690194224969080e+00,1.352862348321770547e-02,5.474397209045138712e-01,-8.512072395467540353e-02,-1.171559233888264939e-01,4.600862321931421459e-03,1.000000000000000000e+00,-1.000000000000000000e+00,6.767573356628417969e-01,6.947906017303466797e-01,6.480544805526733398e-01,7.987062335014343262e-01,6.330923438072204590e-01
6.800000000000605560e+00,1.628225799648593819e+00,1.186041258789849451e-02,5.695634674917829932e-01,-8.514084202529104140e-02,-1.171699665447553107e-01,4.575180774429447525e-03,1.000000000000000000e+00,-1.000000000000000000e+00,6.701192259788513184e-01,6.962090730667114258e-01,6.411437988281250000e-01,7.983400225639343262e-01,6.343293190002441406e-01
6.820000000000612239e+00,1.626866293281203468e+00,1.031587819058404909e-02,5.816328019039022079e-01,-8.516018694775724651e-02,-1.171834441236479646e-01,4.551608122473710383e-03,1.000000000000000000e+00,-1.000000000000000000e+00,6.624355912208557129e-01,6.983358263969421387e-01,6.326469779014587402e-01,7.970383763313293457e-01,6.355534195899963379e-01
6.840000000000618918e+00,1.625543046259675828e+00,8.904088378456687103e-03,5.833132748544000989e-01,-8.517761436762998073e-02,-1.171955641666446030e-01,4.531592196628925900e-03,1.000000000000000000e+00,-1.000000000000000000e+00,6.542975902557373047e-01,7.008978724479675293e-01,6.233658790588378906e-01,7.945553064346313477e-01,6.366316080093383789e-01
6.860000000000625597e+00,1.624195055235977847e+00,7.635462868822828764e-03,5.745152815113294675e-01,-8.519129049186527358e-02,-1.172050610627983352e-01,4.516142897507974957e-03,1.000000000000000000e+00,-1.000000000000000000e+00,6.467323303222656250e-01,7.038505673408508301e-01,6.142887473106384277e-01,7.913769483566284180e-01,6.374774575233459473e-01
6.880000000000632276e+00,1.622763333119883633e+00,6.519590412756515185e-03,5.554282877552246811e-01,-8.519995278278701123e-02,-1.172110698116070188e-01,4.506219164047652742e-03,1.000000000000000000e+00,-1.000000000000000000e+00,6.407044529914855957e-01,7.074163556098937988e-01,6.061288118362426758e-01,7.884326577186584473e-01,6.380677223205566406e-01
6.900000000000638956e+00,1.621195726972040507e+00,5.568744565344119213e-03,5.265104944818435051e-01,-8.520250461116783691e-02,-1.172128389772459506e-01,4.501675204804551911e-03,1.000000000000000000e+00,-1.000000000000000000e+00,6.366897821426391602e-01,7.120614051818847656e-01,5.990304946899414062e-01,7.864544391632080078e-01,6.384376883506774902e-01
6.920000000000645635e+00,1.619448118191893382e+00,4.802271644282929408e-03,4.884391711478576203e-01,-8.519833952114029552e-02,-1.172099511240647790e-01,4.502055002375344311e-03,1.000000000000000000e+00,-1.000000000000000000e+00,6.347955465316772461e-01,7.184255123138427734e-01,5.927377939224243164e-01,7.857433557510375977e-01,6.386412978172302246e-01
6.940000000000652314e+00,1.617486926598135977e+00,4.244310423201391735e-03,4.420559654265022176e-01,-8.518726960508664348e-02,-1.172022702011842332e-01,4.506596684400944637e-03,1.000000000000000000e+00,-1.000000000000000000e+00,6.350130438804626465e-01,7.269691824913024902e-01,5.870226621627807617e-01,7.863100767135620117e-01,6.386995315551757812e-01
6.960000000000658993e+00,1.615290363285033504e+00,3.920599952997760873e-03,3.883172607340351634e-01,-8.516951159701534324e-02,-1.171899315692260524e-01,4.514384243338765562e-03,1.000000000000000000e+00,-1.000000000000000000e+00,6.371702551841735840e-01,7.374152541160583496e-01,5.819593667984008789e-01,7.879868745803833008e-01,6.385881304740905762e-01
6.980000000000665672e+00,1.612848988042891119e+00,3.854935087072519639e-03,3.282538390094780212e-01,-8.514566894987150858e-02,-1.171733318268929347e-01,4.524457645247478670e-03,1.000000000000000000e+00,-1.000000000000000000e+00,6.408839821815490723e-01,7.487011551856994629e-01,5.778750181198120117e-01,7.904239296913146973e-01,6.382820010185241699e-01
7.000000000000672351e+00,1.610166012842875194e+00,4.066013371542220867e-03,2.629395979713559095e-01,-8.511669351355385937e-02,-1.171531066772094620e-01,4.535893422444966204e-03,1.000000000000000000e+00,-1.000000000000000000e+00,6.457331776618957520e-01,7.595850229263305664e-01,5.750846862792968750e-01,7.930704951286315918e-01,6.378260850906372070e-01
7.020000000000679030e+00,1.607257638677542566e+00,4.565010780127998213e-03,1.934666578350569266e-01,-8.508383783917326804e-02,-1.171301036732808193e-01,4.547870693138629690e-03,1.000000000000000000e+00,-1.000000000000000000e+00,6.513857841491699219e-01,7.690202593803405762e-01,5.737612843513488770e-01,7.952880263328552246e-01,6.373478174209594727e-01
7.040000000000685709e+00,1.604153408281031590e+00,5.353845395304479560e-03,1.209240675043286029e-01,-8.504860332325199501e-02,-1.171053524354897374e-01,4.559730955644719294e-03,1.000000000000000000e+00,-1.000000000000000000e+00,6.576191782951354980e-01,7.763589620590209961e-01,5.739172101020812988e-01,7.966386079788208008e-01,6.369919180870056152e-01
7.060000000000692388e+00,1.600896203871567502e+00,6.423871569736172571e-03,4.637839419636116678e-02,-8.501267399411806258e-02,-1.170800240071048215e-01,4.571028790495606890e-03,1.000000000000000000e+00,-1.000000000000000000e+00,6.642853617668151855e-01,7.815185189247131348e-01,5.753745436668395996e-01,7.970322370529174805e-01,6.368371248245239258e-01
7.080000000000699067e+00,1.597541383521684955e+00,7.754767916996641031e-03,-2.914394039696131811e-02,-8.497782770748811554e-02,-1.170553722137730734e-01,4.581567730863769609e-03,1.000000000000000000e+00,-1.000000000000000000e+00,6.712157130241394043e-01,7.848005294799804688e-01,5.778169035911560059e-01,7.966032624244689941e-01,6.368684768676757812e-01
7.100000000000705747e+00,1.594154668137338637e+00,9.313840859960786922e-03,-1.046702866125755332e-01,-8.494583792350328399e-02,-1.170326651587454969e-01,4.591599728477850119e-03,1.000000000000000000e+00,-1.000000000000000000e+00,6.781270503997802734e-01,7.865756750106811523e-01,5.808998346328735352e-01,7.955939769744873047e-01,6.370078325271606445e-01
7.120000000000712426e+00,1.590808189974610709e+00,1.106090127409259383e-02,-1.792713388542469255e-01,-8.491840509479194055e-02,-1.170131341743844700e-01,4.602112843155059876e-03,1.000000000000000000e+00,-1.000000000000000000e+00,6.846212744712829590e-01,7.871815562248229980e-01,5.842875242233276367e-01,7.943189144134521484e-01,6.371610164642333984e-01
7.140000000000719105e+00,1.587574016825613832e+00,1.295838255494163871e-02,-2.520107737356783728e-01,-8.489694574612773048e-02,-1.169978180500265419e-01,4.613893293254898650e-03,1.000000000000000000e+00,-1.000000000000000000e+00,6.902944445610046387e-01,7.869822978973388672e-01,5.876297354698181152e-01,7.931050658226013184e-01,6.372606158256530762e-01
7.160000000000725784e+00,1.584517265326874202e+00,1.497044530930208284e-02,-3.219189050411552233e-01,-8.488226787196016809e-02,-1.169873227147171096e-01,4.627455962319062047e-03,1.000000000000000000e+00,-1.000000000000000000e+00,6.949219107627868652e-01,7.863605618476867676e-01,5.906385779380798340e-01,7.922033071517944336e-01,6.372841596603393555e-01
7.180000000000732463e+00,1.581693254794891201e+00,1.705878781958047874e-02,-3.879838309745266001e-01,-8.487448618317122717e-02,-1.169817520603149696e-01,4.643240312154921570e-03,1.000000000000000000e+00,-1.000000000000000000e+00,6.985115408897399902e-01,7.856123447418212891e-01,5.931746959686279297e-01,7.917380332946777344e-01,6.372402906417846680e-01
7.200000000000739142e+00,1.579140307730477311e+00,1.918314856057651285e-02,-4.491654258825447665e-01,-8.487354722639764426e-02,-1.169810795915801199e-01,4.661490552687350651e-03,1.000000000000000000e+00,-1.000000000000000000e+00,7.012287974357604980e-01,7.848914861679077148e-01,5.952487587928771973e-01,7.917148470878601074e-01,6.371486186981201172e-01
7.220000000000745821e+00,1.576875815189337171e+00,2.130351132562102734e-02,-5.044156183936521209e-01,-8.487886389224452710e-02,-1.169848864645350733e-01,4.682194101010312727e-03,1.000000000000000000e+00,-1.000000000000000000e+00,7.033088207244873047e-01,7.842320203781127930e-01,5.969759821891784668e-01,7.920665740966796875e-01,6.370299458503723145e-01
7.240000000000752500e+00,1.574900024396995279e+00,2.338342721150782344e-02,-5.527374224525636315e-01,-8.488904613201694871e-02,-1.169921714309768990e-01,4.705177490518508247e-03,1.000000000000000000e+00,-1.000000000000000000e+00,7.049980759620666504e-01,7.835915684700012207e-01,5.985258817672729492e-01,7.926954030990600586e-01,6.369053721427917480e-01
7.260000000000759179e+00,1.573186556456210639e+00,2.538917581413113744e-02,-5.931773799390961388e-01,-8.490287275729922756e-02,-1.170020516688319440e-01,4.729872436430587399e-03,1.000000000000000000e+00,-1.000000000000000000e+00,7.065265178680419922e-01,7.828784584999084473e-01,6.000981926918029785e-01,7.935121655464172363e-01,6.367961168289184570e-01
7.280000000000765858e+00,1.571693042997311274e+00,2.729329005783631690e-02,-6.248798981138968811e-01,-8.491887803363246112e-02,-1.170134713470808857e-01,4.755410264859418965e-03,1.000000000000000000e+00,-1.000000000000000000e+00,7.080638408660888672e-01,7.819546461105346680e-01,6.018932461738586426e-01,7.944347262382507324e-01,6.367222070693969727e-01
7.300000000000772538e+00,1.570362079333274430e+00,2.907619743514089361e-02,-6.471153218868154200e-01,-8.493538624741073240e-02,-1.170252304214244310e-01,4.780654488057473409e-03,1.000000000000000000e+00,-1.000000000000000000e+00,7.096738815307617188e-01,7.806165814399719238e-01,6.040903925895690918e-01,7.953674197196960449e-01,6.366994976997375488e-01
7.320000000000779217e+00,1.569125672087632095e+00,3.072731539347939300e-02,-6.593252323119623837e-01,-8.495137453750167822e-02,-1.170366004131978971e-01,4.803889971452971440e-03,1.000000000000000000e+00,-1.000000000000000000e+00,7.113181948661804199e-01,7.786033749580383301e-01,6.068366765975952148e-01,7.961949110031127930e-01,6.367265582084655762e-01
7.340000000000785896e+00,1.567914580189246232e+00,3.224296179008612206e-02,-6.611756881924145679e-01,-8.496593872905552902e-02,-1.170469416976838428e-01,4.823655247265567873e-03,1.000000000000000000e+00,-1.000000000000000000e+00,7.129158377647399902e-01,7.757470607757568359e-01,6.101939082145690918e-01,7.968201637268066406e-01,6.367527842521667480e-01
7.360000000000792575e+00,1.566667096833733286e+00,3.361757369515655514e-02,-6.525780656232176291e-01,-8.497744448064419032e-02,-1.170551006234101243e-01,4.838845274845924270e-03,1.000000000000000000e+00,-1.000000000000000000e+00,7.143554091453552246e-01,7.721326351165771484e-01,6.140697598457336426e-01,7.972296476364135742e-01,6.366759538650512695e-01
7.380000000000799254e+00,1.565323562968812254e+00,3.484647803243390296e-02,-6.337233543486130438e-01,-8.498483609759967250e-02,-1.170603371715518426e-01,4.848439918082918243e-03,1.000000000000000000e+00,-1.000000000000000000e+00,7.154625058174133301e-01,7.679672837257385254e-01,6.182746887207031250e-01,7.975341677665710449e-01,6.364067196846008301e-01
7.400000000000805933e+00,1.563831074025212375e+00,3.592195061761738195e-02,-6.050727029683791169e-01,-8.498705520582720829e-02,-1.170619085280306532e-01,4.852492228226474094e-03,1.000000000000000000e+00,-1.000000000000000000e+00,7.160642147064208984e-01,7.633790373802185059e-01,6.226250529289245605e-01,7.979342937469482422e-01,6.359207034111022949e-01
7.420000000000812612e+00,1.562144308117369373e+00,3.682863819289916574e-02,-5.673066251292673279e-01,-8.498347022821535479e-02,-1.170593698218859169e-01,4.851389925743867203e-03,1.000000000000000000e+00,-1.000000000000000000e+00,7.161158323287963867e-01,7.584213018417358398e-01,6.269720196723937988e-01,7.985939383506774902e-01,6.352697610855102539e-01
7.440000000000819291e+00,1.560228251301698510e+00,3.754539510283377846e-02,-5.212685670142630512e-01,-8.497380788595981782e-02,-1.170525228719656169e-01,4.845849987736665192e-03,1.000000000000000000e+00,-1.000000000000000000e+00,7.156937122344970703e-01,7.532318830490112305e-01,6.311392784118652344e-01,7.995066046714782715e-01,6.345562934875488281e-01
7.460000000000825970e+00,1.558059737112423626e+00,3.804824321530914100e-02,-4.679133848592842426e-01,-8.495815464867588485e-02,-1.170414165113816962e-01,4.836767125233401403e-03,1.000000000000000000e+00,-1.000000000000000000e+00,7.148984670639038086e-01,7.479186058044433594e-01,6.350165605545043945e-01,8.000000119209289551e-01,6.338744163513183594e-01
7.480000000000832650e+00,1.555628250823243297e+00,3.831383911364610872e-02,-4.082657048796008992e-01,-8.493694976859163248e-02,-1.170263431232694828e-01,4.825101068034602300e-03,1.000000000000000000e+00,-1.000000000000000000e+00,7.138062119483947754e-01,7.424277067184448242e-01,6.386306881904602051e-01,8.000000119209289551e-01,6.332722306251525879e-01
7.500000000000839329e+00,1.552936350657504905e+00,3.832269142887473334e-02,-3.433884918194665126e-01,-8.491096387242771937e-02,-1.170078269616391942e-01,4.811794069412433580e-03,1.000000000000000000e+00,-1.000000000000000000e+00,7.124770283699035645e-01,7.367111444473266602e-01,6.420333981513977051e-01,8.000000119209289551e-01,6.327565908432006836e-01
7.520000000000846008e+00,1.549999993502903184e+00,3.806171749557002437e-02,-2.743593043241715490e-01,-8.488126717732749626e-02,-1.169866065992923171e-01,4.797705495468178837e-03,1.000000000000000000e+00,-1.000000000000000000e+00,7.109586596488952637e-01,7.308740019798278809e-01,6.452187895774841309e-01,8.000000119209289551e-01,6.323089599609375000e-01
7.540000000000852687e+00,1.546848823507727566e+00,3.752610585111665342e-02,-2.022509617134576332e-01,-8.484918981655663328e-02,-1.169636124364848428e-01,4.783554845765620490e-03,1.000000000000000000e+00,-1.000000000000000000e+00,7.092715501785278320e-01,7.251119017601013184e-01,6.481536626815795898e-01,8.000000119209289551e-01,6.319031119346618652e-01
7.560000000000859366e+00,1.543526149334809139e+00,3.672071263163007027e-02,-1.281141783954033442e-01,-8.481626515345817852e-02,-1.169399316664201938e-01,4.769873010869434687e-03,1.000000000000000000e+00,-1.000000000000000000e+00,7.074193954467773438e-01,7.196296453475952148e-01,6.508000493049621582e-01,8.000000119209289551e-01,6.315199732780456543e-01
7.580000000000866045e+00,1.540088163300424418e+00,3.566124170812950966e-02,-5.296143637120608039e-02,-8.478414902727350599e-02,-1.169167543163491807e-01,4.756964440014881113e-03,1.000000000000000000e+00,-1.000000000000000000e+00,7.054330110549926758e-01,7.146250605583190918e-01,6.531112790107727051e-01,8.000000119209289551e-01,6.311531066894531250e-01
7.600000000000872724e+00,1.536601977305392275e+00,3.437501185949343174e-02,2.224572600257209223e-02,-8.475454978135556205e-02,-1.168953243443333068e-01,4.744691825137969769e-03,1.000000000000000000e+00,-1.000000000000000000e+00,7.033851742744445801e-01,7.102442383766174316e-01,6.550518870353698730e-01,8.000000119209289551e-01,6.308093070983886719e-01
7.620000000000879403e+00,1.533141395362281223e+00,3.289603597566248538e-02,9.658481450512164390e-02,-8.472918327533338068e-02,-1.168769057542861367e-01,4.732234336559024666e-03,1.000000000000000000e+00,-1.000000000000000000e+00,7.013437151908874512e-01,7.065238356590270996e-01,6.566190123558044434e-01,8.000000119209289551e-01,6.305058002471923828e-01
7.640000000000886082e+00,1.529779837948772814e+00,3.125569610306483392e-02,1.691224243851197906e-01,-8.470947879847613715e-02,-1.168625642426691646e-01,4.718954663696956799e-03,1.000000000000000000e+00,-1.000000000000000000e+00,6.993278264999389648e-01,7.034091949462890625e-01,6.578261852264404297e-01,7.998290061950683594e-01,6.302676200866699219e-01
7.660000000000892761e+00,1.526583789392286672e+00,2.948442639888609884e-02,2.388894080045001478e-01,-8.469626052535100813e-02,-1.168529267655148696e-01,4.704434887229542832e-03,1.000000000000000000e+00,-1.000000000000000000e+00,6.972963213920593262e-01,7.008038163185119629e-01,6.586753129959106445e-01,7.995290160179138184e-01,6.301208138465881348e-01
7.680000000000899441e+00,1.523610619799928401e+00,2.761605746433554165e-02,3.048732454899211186e-01,-8.468973081159689165e-02,-1.168481609294736157e-01,4.688276563924703710e-03,1.000000000000000000e+00,-1.000000000000000000e+00,6.951662302017211914e-01,6.986263394355773926e-01,6.591276526451110840e-01,7.991963624954223633e-01,6.300923228263854980e-01
7.700000000000906120e+00,1.520901167639271190e+00,2.568774055173966842e-02,3.660333104742813926e-01,-8.468986690410762463e-02,-1.168482602930289022e-01,4.670254300954595865e-03,1.000000000000000000e+00,-1.000000000000000000e+00,6.928260922431945801e-01,6.968451142311096191e-01,6.590797305107116699e-01,7.988622784614562988e-01,6.302154064178466797e-01
7.720000000000912799e+00,1.518475629779681757e+00,2.373829055417564504e-02,4.213202539416370795e-01,-8.469621097746331262e-02,-1.168528906145241408e-01,4.650365164698379988e-03,1.000000000000000000e+00,-1.000000000000000000e+00,6.901253461837768555e-01,6.954854726791381836e-01,6.583406329154968262e-01,7.985864281654357910e-01,6.305325031280517578e-01
7.740000000000919478e+00,1.516337661129021352e+00,2.180427226183923040e-02,4.697384401641631624e-01,-8.470741998447750554e-02,-1.168610640461064804e-01,4.628687565947713425e-03,1.000000000000000000e+00,-1.000000000000000000e+00,6.868634819984436035e-01,6.946148276329040527e-01,6.566359400749206543e-01,7.984279394149780273e-01,6.310890913009643555e-01
7.760000000000926157e+00,1.514464297765846235e+00,1.992183224815335940e-02,5.103369778421227299e-01,-8.472229704073103163e-02,-1.168718971476085389e-01,4.605686184149821588e-03,1.000000000000000000e+00,-1.000000000000000000e+00,6.827785968780517578e-01,6.943362951278686523e-01,6.536032557487487793e-01,7.983939647674560547e-01,6.319159269332885742e-01
7.780000000000932836e+00,1.512816406632015553e+00,1.812233877353036648e-02,5.422637919718941157e-01,-8.473934948260931910e-02,-1.168842933425365549e-01,4.582088184779941134e-03,1.000000000000000000e+00,-1.000000000000000000e+00,6.776191592216491699e-01,6.947910189628601074e-01,6.488763093948364258e-01,7.983546257019042969e-01,6.329907178878784180e-01
7.800000000000939515e+00,1.511339387033357351e+00,1.643064465529353591e-02,5.647925769989721179e-01,-8.475688470186341916e-02,-1.168970172552078052e-01,4.558859381787946051e-03,1.000000000000000000e+00,-1.000000000000000000e+00,6.712726950645446777e-01,6.960881948471069336e-01,6.422794461250305176e-01,7.979657053947448730e-01,6.342121362686157227e-01
7.820000000000946194e+00,1.509967331788338196e+00,1.486374337169904525e-02,5.773636312541363669e-01,-8.477373296211532239e-02,-1.169092206232796721e-01,4.537534176499502699e-03,1.000000000000000000e+00,-1.000000000000000000e+00,6.638841032981872559e-01,6.981232762336730957e-01,6.340743899345397949e-01,7.967198491096496582e-01,6.354308128356933594e-01
7.840000000000952873e+00,1.508632353150244354e+00,1.343205555441912002e-02,5.796380870682227293e-01,-8.478895136381978115e-02,-1.169202249702013113e-01,4.519403192942536042e-03,1.000000000000000000e+00,-1.000000000000000000e+00,6.560089588165283203e-01,7.006416320800781250e-01,6.250222325325012207e-01,7.943429946899414062e-01,6.365102529525756836e-01
7.860000000000959552e+00,1.507274549071413450e+00,1.214730945636971482e-02,5.715161750210302483e-01,-8.480082936542840399e-02,-1.169288017473646968e-01,4.505404793361377641e-03,1.000000000000000000e+00,-1.000000000000000000e+00,6.486489772796630859e-01,7.035703063011169434e-01,6.161118745803833008e-01,7.912676930427551270e-01,6.373657584190368652e-01
7.880000000000966232e+00,1.505835754687223638e+00,1.101993382806643051e-02,5.531692703729975680e-01,-8.480832441345380335e-02,-1.169342082557807555e-01,4.496417366651371539e-03,1.000000000000000000e+00,-1.000000000000000000e+00,6.427665948867797852e-01,7.071062326431274414e-01,6.080759167671203613e-01,7.883809208869934082e-01,6.379722952842712402e-01
7.900000000000972911e+00,1.504264635902432534e+00,1.006255725864979578e-02,5.250356831149332049e-01,-8.481044130617571009e-02,-1.169357345005238719e-01,4.492318633413615314e-03,1.000000000000000000e+00,-1.000000000000000000e+00,6.388561129570007324e-01,7.117186188697814941e-01,6.010732054710388184e-01,7.864033579826354980e-01,6.383608579635620117e-01
7.920000000000979590e+00,1.502517613908429084e+00,9.294270785802194457e-03,4.877721555989812940e-01,-8.480663380150674224e-02,-1.169329891111314662e-01,4.492703950461429847e-03,1.000000000000000000e+00,-1.000000000000000000e+00,6.370412111282348633e-01,7.180569767951965332e-01,5.948506593704223633e-01,7.856492996215820312e-01,6.385856270790100098e-01
7.940000000000986269e+00,1.500561367120584855e+00,8.738652942979485694e-03,4.422008385428783384e-01,-8.479672914986988164e-02,-1.169258422952518112e-01,4.496884826487929782e-03,1.000000000000000000e+00,-1.000000000000000000e+00,6.373161673545837402e-01,7.265820503234863281e-01,5.891758799552917480e-01,7.861455082893371582e-01,6.386700868606567383e-01
7.960000000000992948e+00,1.498374111306511214e+00,8.420672713779719931e-03,3.892604312427693780e-01,-8.478091123399425499e-02,-1.169144133764146998e-01,4.504029224737693404e-03,1.000000000000000000e+00,-1.000000000000000000e+00,6.395086050033569336e-01,7.370062470436096191e-01,5.841231942176818848e-01,7.877406477928161621e-01,6.385880708694458008e-01
7.980000000000999627e+00,1.495946166493641760e+00,8.363264661334746108e-03,3.299661253585523535e-01,-8.475970275372453344e-02,-1.168990599024247734e-01,4.513262635231734057e-03,1.000000000000000000e+00,-1.000000000000000000e+00,6.432378292083740234e-01,7.482659816741943359e-01,5.800216794013977051e-01,7.901030778884887695e-01,6.383100152015686035e-01
8.000000000001005418e+00,1.493280276037721066e+00,8.584262253588104130e-03,2.653783339487531534e-01,-8.473393217671296163e-02,-1.168803576772671909e-01,4.523742057650664491e-03,1.000000000000000000e+00,-1.000000000000000000e+00,6.480793952941894531e-01,7.591324448585510254e-01,5.771827101707458496e-01,7.926870584487915039e-01,6.378790140151977539e-01
8.020000000000994334e+00,1.490391965637566596e+00,9.094039731081249300e-03,1.965777330914083298e-01,-8.470469435916358480e-02,-1.168590774592240811e-01,4.534716330262113931e-03,1.000000000000000000e+00,-1.000000000000000000e+00,6.536846756935119629e-01,7.685583829879760742e-01,5.757759213447570801e-01,7.948440909385681152e-01,6.374224424362182617e-01
8.040000000000983249e+00,1.487309920146305142e+00,9.893832933372981309e-03,1.246439270825139278e-01,-8.467330729113925480e-02,-1.168361592222089546e-01,4.545580534940922741e-03,1.000000000000000000e+00,-1.000000000000000000e+00,6.598184704780578613e-01,7.758795619010925293e-01,5.758187174797058105e-01,7.961251735687255859e-01,6.370863318443298340e-01
8.060000000000972165e+00,1.484076011594191558e+00,1.097448427962283146e-02,5.063605524115695478e-02,-8.464125510500304650e-02,-1.168126757628725060e-01,4.555922399104064477e-03,1.000000000000000000e+00,-1.000000000000000000e+00,6.663418412208557129e-01,7.810050845146179199e-01,5.771440267562866211e-01,7.964386343955993652e-01,6.369515061378479004e-01
8.080000000000961080e+00,1.480744480279609698e+00,1.231537113252367810e-02,-2.442481413671606857e-02,-8.461011029981757581e-02,-1.167897793040846149e-01,4.565555760350746561e-03,1.000000000000000000e+00,-1.000000000000000000e+00,6.731050014495849609e-01,7.842451930046081543e-01,5.794416666030883789e-01,7.959253787994384766e-01,6.370038390159606934e-01
8.100000000000949996e+00,1.477379881953041707e+00,1.388377753225594757e-02,-9.956911868719549308e-02,-8.458144796539023014e-02,-1.167686394241311404e-01,4.574728725364468271e-03,1.000000000000000000e+00,-1.000000000000000000e+00,6.798314452171325684e-01,7.859915494918823242e-01,5.823607444763183594e-01,7.948417663574218750e-01,6.371628642082214355e-01
8.120000000000938911e+00,1.474053187310031987e+00,1.564015857983258595e-02,-1.738668245152486802e-01,-8.455678243772385416e-02,-1.167503943867924110e-01,4.584333949093367597e-03,1.000000000000000000e+00,-1.000000000000000000e+00,6.861168742179870605e-01,7.866064310073852539e-01,5.855538845062255859e-01,7.935245037078857422e-01,6.373294591903686523e-01
8.140000000000927827e+00,1.470835402171723594e+00,1.754775750117137934e-02,-2.463781174886268688e-01,-8.453737961690142855e-02,-1.167360074353443466e-01,4.595071349829456253e-03,1.000000000000000000e+00,-1.000000000000000000e+00,6.915605664253234863e-01,7.864640951156616211e-01,5.886747837066650391e-01,7.923184633255004883e-01,6.374325156211853027e-01
8.160000000000916742e+00,1.467790848681432392e+00,1.957132115510468173e-02,-3.161294085449991575e-01,-8.452395738720328011e-02,-1.167260370109026862e-01,4.607398322428847039e-03,1.000000000000000000e+00,-1.000000000000000000e+00,6.959608197212219238e-01,7.859313488006591797e-01,5.914631485939025879e-01,7.914714217185974121e-01,6.374502182006835938e-01
8.180000000000905658e+00,1.464974548187961023e+00,2.167295318842293872e-02,-3.821061233098211329e-01,-8.451664903379618732e-02,-1.167206019327112210e-01,4.621718627270356670e-03,1.000000000000000000e+00,-1.000000000000000000e+00,6.993501782417297363e-01,7.852765321731567383e-01,5.938087105751037598e-01,7.910886406898498535e-01,6.373950839042663574e-01
8.200000000000894573e+00,1.462424904171149453e+00,2.381277298094147676e-02,-4.432685279506729525e-01,-8.451536689197702845e-02,-1.167196479758816491e-01,4.638261287051376018e-03,1.000000000000000000e+00,-1.000000000000000000e+00,7.019062638282775879e-01,7.846347093582153320e-01,5.957356691360473633e-01,7.911550402641296387e-01,6.372904777526855469e-01
8.220000000000883489e+00,1.460159150640811587e+00,2.595076793132122805e-02,-4.985691333111680890e-01,-8.451972469150040301e-02,-1.167228897741227345e-01,4.657001142800563064e-03,1.000000000000000000e+00,-1.000000000000000000e+00,7.038642168045043945e-01,7.840340733528137207e-01,5.973576307296752930e-01,7.915893793106079102e-01,6.371600627899169922e-01
8.240000000000872404e+00,1.458178434413726521e+00,2.805047335287869092e-02,-5.470158744935610384e-01,-8.452843872968850147e-02,-1.167293675257697894e-01,4.677795216033136042e-03,1.000000000000000000e+00,-1.000000000000000000e+00,7.054641842842102051e-01,7.834345698356628418e-01,5.988348126411437988e-01,7.922866940498352051e-01,6.370264291763305664e-01
8.260000000000861320e+00,1.456457185178940517e+00,3.007785063383772162e-02,-5.876617353497005647e-01,-8.454042876239488413e-02,-1.167382703733190197e-01,4.700134356599667239e-03,1.000000000000000000e+00,-1.000000000000000000e+00,7.069278955459594727e-01,7.827498912811279297e-01,6.003557443618774414e-01,7.931549549102783203e-01,6.369109153747558594e-01
8.280000000000850235e+00,1.454953986067478500e+00,3.200477401491363949e-02,-6.196577918617578451e-01,-8.455436560134543811e-02,-1.167486040047890222e-01,4.723242662931971363e-03,1.000000000000000000e+00,-1.000000000000000000e+00,7.084175944328308105e-01,7.818480134010314941e-01,6.021109223365783691e-01,7.941115498542785645e-01,6.368316411972045898e-01
8.300000000000839151e+00,1.453612468411388914e+00,3.381072858603706432e-02,-6.422798401870536411e-01,-8.456875751464279500e-02,-1.167592584760776819e-01,4.746086580424213955e-03,1.000000000000000000e+00,-1.000000000000000000e+00,7.099925875663757324e-01,7.805315852165222168e-01,6.042726635932922363e-01,7.950626015663146973e-01,6.368011236190795898e-01
8.320000000000828067e+00,1.452365510827675843e+00,3.548388545515390735e-02,-6.549693179666166154e-01,-8.458268327109293161e-02,-1.167695518840562302e-01,4.767123865484912751e-03,1.000000000000000000e+00,-1.000000000000000000e+00,7.116127014160156250e-01,7.785421609878540039e-01,6.069855690002441406e-01,7.958955168724060059e-01,6.368159651756286621e-01
8.340000000000816982e+00,1.451144474364089554e+00,3.701919206193515777e-02,-6.573880847745597888e-01,-8.459539777983539344e-02,-1.167789363323720603e-01,4.785052857024518769e-03,1.000000000000000000e+00,-1.000000000000000000e+00,7.131966352462768555e-01,7.757056951522827148e-01,6.103144288063049316e-01,7.965159416198730469e-01,6.368300914764404297e-01
8.360000000000805898e+00,1.449888600874956524e+00,3.840971808657089870e-02,-6.494377882327934115e-01,-8.460538177738073651e-02,-1.167862963222811995e-01,4.798842720286316914e-03,1.000000000000000000e+00,-1.000000000000000000e+00,7.146264910697937012e-01,7.721164822578430176e-01,6.141570210456848145e-01,7.969145178794860840e-01,6.367471218109130859e-01
8.380000000000794813e+00,1.448538956964898095e+00,3.964990204846891020e-02,-6.312919816443141041e-01,-8.461177139017277138e-02,-1.167910024224504406e-01,4.807566774678117758e-03,1.000000000000000000e+00,-1.000000000000000000e+00,7.157188057899475098e-01,7.680085301399230957e-01,6.183050274848937988e-01,7.972102761268615723e-01,6.364771723747253418e-01
8.400000000000783729e+00,1.447043391331966466e+00,4.073157523787751533e-02,-6.033926149376505066e-01,-8.461361272831356695e-02,-1.167923580061077243e-01,4.811256076608425199e-03,1.000000000000000000e+00,-1.000000000000000000e+00,7.163021564483642578e-01,7.635024785995483398e-01,6.225879192352294922e-01,7.976079583168029785e-01,6.359944343566894531e-01
8.420000000000772644e+00,1.445357125722054104e+00,4.163956556727227420e-02,-5.664004107637986563e-01,-8.461034263054248439e-02,-1.167899503904980679e-01,4.810249502490915145e-03,1.000000000000000000e+00,-1.000000000000000000e+00,7.163399457931518555e-01,7.586131691932678223e-01,6.268934011459350586e-01,7.982678413391113281e-01,6.353493332862854004e-01
8.440000000000761560e+00,1.443445443852631183e+00,4.235323239773358672e-02,-5.211400831668185907e-01,-8.460171617215592188e-02,-1.167835950440425929e-01,4.805191126800443732e-03,1.000000000000000000e+00,-1.000000000000000000e+00,7.159104943275451660e-01,7.534612417221069336e-01,6.310551166534423828e-01,7.991850972175598145e-01,6.346424818038940430e-01
8.460000000000750475e+00,1.441285251212274909e+00,4.284933422235481792e-02,-4.685495799680984841e-01,-8.458780328632987955e-02,-1.167733324784258758e-01,4.796890362350314518e-03,1.000000000000000000e+00,-1.000000000000000000e+00,7.151120305061340332e-01,7.481771111488342285e-01,6.349368691444396973e-01,8.000000119209289551e-01,6.339670419692993164e-01
8.480000000000739391e+00,1.438865881762711574e+00,4.310537531178154635e-02,-4.096386956616323016e-01,-8.456898068768287091e-02,-1.167594235609871883e-01,4.786218709739925754e-03,1.000000000000000000e+00,-1.000000000000000000e+00,7.140168547630310059e-01,7.427347898483276367e-01,6.385375261306762695e-01,8.000000119209289551e-01,6.333712339401245117e-01
8.500000000000728306e+00,1.436189526355262647e+00,4.310273452912921632e-02,-3.454575535068356573e-01,-8.454591500769367829e-02,-1.167423401039206499e-01,4.774034429719050190e-03,1.000000000000000000e+00,-1.000000000000000000e+00,7.126822471618652344e-01,7.370940446853637695e-01,6.418992877006530762e-01,8.000000119209289551e-01,6.328615546226501465e-01
8.520000000000717222e+00,1.433271570179193377e+00,4.282915558424299496e-02,-2.770727664698366399e-01,-8.451953803576094104e-02,-1.167227509516275685e-01,4.761122989682452754e-03,1.000000000000000000e+00,-1.000000000000000000e+00,7.111538052558898926e-01,7.313475012779235840e-01,6.450240612030029297e-01,8.000000119209289551e-01,6.324183940887451172e-01
8.540000000000706137e+00,1.430140897585435056e+00,4.228055409763087358e-02,-2.055480830214026222e-01,-8.449101385743598702e-02,-1.167015027101658275e-01,4.748145092539606676e-03,1.000000000000000000e+00,-1.000000000000000000e+00,7.094502449035644531e-01,7.256667613983154297e-01,6.478945016860961914e-01,8.000000119209289551e-01,6.320145726203918457e-01
8.560000000000695053e+00,1.426839894108613560e+00,4.146236539215625294e-02,-1.319270742974537614e-01,-8.446168980386878355e-02,-1.166795881638532095e-01,4.735591727432791886e-03,1.000000000000000000e+00,-1.000000000000000000e+00,7.075729370117187500e-01,7.202342748641967773e-01,6.504881381988525391e-01,8.000000119209289551e-01,6.316313743591308594e-01
8.580000000000683968e+00,1.423423705807053352e+00,4.039068411254281843e-02,-5.721708776797202606e-02,-8.443302586469769722e-02,-1.166580972242057951e-01,4.723748639548790498e-03,1.000000000000000000e+00,-1.000000000000000000e+00,7.055533528327941895e-01,7.152388691902160645e-01,6.527682542800903320e-01,8.000000119209289551e-01,6.312637925148010254e-01
8.600000000000672884e+00,1.419958327273306953e+00,3.909295514588473353e-02,1.762326077947051067e-02,-8.440653682429163918e-02,-1.166381750687155300e-01,4.712474775740532924e-03,1.000000000000000000e+00,-1.000000000000000000e+00,7.034696340560913086e-01,7.108346223831176758e-01,6.547021269798278809e-01,8.000000119209289551e-01,6.309193968772888184e-01
8.620000000000661800e+00,1.416516393971896770e+00,3.760267684106705088e-02,9.167070149888978392e-02,-8.438374553276946355e-02,-1.166209859785151820e-01,4.701033047694352235e-03,1.000000000000000000e+00,-1.000000000000000000e+00,7.013985514640808105e-01,7.070735096931457520e-01,6.562853455543518066e-01,8.000000119209289551e-01,6.306147575378417969e-01
8.640000000000650715e+00,1.413170241051092901e+00,3.595057312825938878e-02,1.639884985917227644e-01,-8.436592419014406208e-02,-1.166075140485238887e-01,4.688860445525071252e-03,1.000000000000000000e+00,-1.000000000000000000e+00,6.993663907051086426e-01,7.039125561714172363e-01,6.575286388397216797e-01,7.999688386917114258e-01,6.303731203079223633e-01
8.660000000000639631e+00,1.409985539635136842e+00,3.416660806686766527e-02,2.336038199491485279e-01,-8.435380326502352200e-02,-1.165983355969695268e-01,4.675587857213766262e-03,1.000000000000000000e+00,-1.000000000000000000e+00,6.973366737365722656e-01,7.012581229209899902e-01,6.584337353706359863e-01,7.996383905410766602e-01,6.302182674407958984e-01
8.680000000000628546e+00,1.407019325888467787e+00,3.228426609690809856e-02,2.995016891783857105e-01,-8.434759320474854993e-02,-1.165936281399155006e-01,4.660852157252904325e-03,1.000000000000000000e+00,-1.000000000000000000e+00,6.952313780784606934e-01,6.990270614624023438e-01,6.589643955230712891e-01,7.992581725120544434e-01,6.301748752593994141e-01
8.700000000000617462e+00,1.404312468363855704e+00,3.034034189103179679e-02,3.606419196982277309e-01,-8.434722929351226584e-02,-1.165933521773922094e-01,4.644439542099673517e-03,1.000000000000000000e+00,-1.000000000000000000e+00,6.929462552070617676e-01,6.971846222877502441e-01,6.590227484703063965e-01,7.988570332527160645e-01,6.302741169929504395e-01
8.720000000000606377e+00,1.401884978214518407e+00,2.837367002700658114e-02,4.159757683113250448e-01,-8.435244048505106951e-02,-1.165973028466571609e-01,4.626370160454029712e-03,1.000000000000000000e+00,-1.000000000000000000e+00,6.903400421142578125e-01,6.957545280456542969e-01,6.584255099296569824e-01,7.984933257102966309e-01,6.305572390556335449e-01
8.740000000000595293e+00,1.399741352593410593e+00,2.642076467222842506e-02,4.645121972746216188e-01,-8.436199080001988149e-02,-1.166045369254928715e-01,4.606697304438184606e-03,1.000000000000000000e+00,-1.000000000000000000e+00,6.872218847274780273e-01,6.948047876358032227e-01,6.569049954414367676e-01,7.982301115989685059e-01,6.310712695121765137e-01
8.760000000000584208e+00,1.397859426841966846e+00,2.451800592585856586e-02,5.053063563476809517e-01,-8.437482474684714073e-02,-1.166142457974036206e-01,4.585836056044025576e-03,1.000000000000000000e+00,-1.000000000000000000e+00,6.833359003067016602e-01,6.944374442100524902e-01,6.541042327880859375e-01,7.980872392654418945e-01,6.318534016609191895e-01
8.780000000000573124e+00,1.396201030692967304e+00,2.269730841771050445e-02,5.375122952996670422e-01,-8.438959312558091952e-02,-1.166254004600332794e-01,4.564431834736763088e-03,1.000000000000000000e+00,-1.000000000000000000e+00,6.784241795539855957e-01,6.947875618934631348e-01,6.496534347534179688e-01,7.979589700698852539e-01,6.328927278518676758e-01
8.800000000000562039e+00,1.394712622974629390e+00,2.098432528654103901e-02,5.604088137893057375e-01,-8.440480777723143035e-02,-1.166368725897303643e-01,4.543367557442118052e-03,1.000000000000000000e+00,-1.000000000000000000e+00,6.723551154136657715e-01,6.959698200225830078e-01,6.433559060096740723e-01,7.975339889526367188e-01,6.340951919555664062e-01
8.820000000000550955e+00,1.393329247756786016e+00,1.939712195276188655e-02,5.734361085755733667e-01,-8.441941792172356906e-02,-1.166478702768056208e-01,4.524008534976236423e-03,1.000000000000000000e+00,-1.000000000000000000e+00,6.652479171752929688e-01,6.979135870933532715e-01,6.354308724403381348e-01,7.963263988494873047e-01,6.353074312210083008e-01
8.840000000000539870e+00,1.391983699956538700e+00,1.794733961342287465e-02,5.762511672374477367e-01,-8.443263218902824496e-02,-1.166578015808735630e-01,4.507507408281272512e-03,1.000000000000000000e+00,-1.000000000000000000e+00,6.576261520385742188e-01,7.003839612007141113e-01,6.266008615493774414e-01,7.940425872802734375e-01,6.363890171051025391e-01
8.860000000000528786e+00,1.390617055266815782e+00,1.664791969437190433e-02,5.687454129430911109e-01,-8.444289180133421335e-02,-1.166655020826147943e-01,4.494744451917281544e-03,1.000000000000000000e+00,-1.000000000000000000e+00,6.504685282707214355e-01,7.032821774482727051e-01,6.178557872772216797e-01,7.910664081573486328e-01,6.372554898262023926e-01
8.880000000000517701e+00,1.389171917702965775e+00,1.551002417169633496e-02,5.510738491223843294e-01,-8.444933723254831326e-02,-1.166703352483576955e-01,4.486513597666135465e-03,1.000000000000000000e+00,-1.000000000000000000e+00,6.447338461875915527e-01,7.067814469337463379e-01,6.099457740783691406e-01,7.882390618324279785e-01,6.378800868988037109e-01
8.900000000000506617e+00,1.387597688862220124e+00,1.454664566357039002e-02,5.236567600105669351e-01,-8.445107276240064464e-02,-1.166716360530237612e-01,4.482720758693437002e-03,1.000000000000000000e+00,-1.000000000000000000e+00,6.409324407577514648e-01,7.113555073738098145e-01,6.030421853065490723e-01,7.862638831138610840e-01,6.382886767387390137e-01
8.920000000000495533e+00,1.385851292938923951e+00,1.377664580037091246e-02,4.871321845779129078e-01,-8.444761046788358538e-02,-1.166690407615215419e-01,4.483009809487172211e-03,1.000000000000000000e+00,-1.000000000000000000e+00,6.392033100128173828e-01,7.176638245582580566e-01,5.968952775001525879e-01,7.854663729667663574e-01,6.385350823402404785e-01
8.940000000000484448e+00,1.383899649101193008e+00,1.322310263345283232e-02,4.423044254555819621e-01,-8.443879352872749045e-02,-1.166624271318547901e-01,4.486761334483249826e-03,1.000000000000000000e+00,-1.000000000000000000e+00,6.395421624183654785e-01,7.261642217636108398e-01,5.912692546844482422e-01,7.858905792236328125e-01,6.386451125144958496e-01
8.960000000000473364e+00,1.381720981272804183e+00,1.291028983383146755e-02,3.900959278768167393e-01,-8.442477699419270731e-02,-1.166518997242838168e-01,4.493222113781406880e-03,1.000000000000000000e+00,-1.000000000000000000e+00,6.417729854583740234e-01,7.365546822547912598e-01,5.862382054328918457e-01,7.874034643173217773e-01,6.385914087295532227e-01
8.980000000000462279e+00,1.379305395894490527e+00,1.286036175105809143e-02,3.315075156662703471e-01,-8.440601054084961863e-02,-1.166377786501582164e-01,4.501597814736307476e-03,1.000000000000000000e+00,-1.000000000000000000e+00,6.455162167549133301e-01,7.477722764015197754e-01,5.821302533149719238e-01,7.896909713745117188e-01,6.383413672447204590e-01
9.000000000000451195e+00,1.376655215668071364e+00,1.309036601340435313e-02,2.675871526073176354e-01,-8.438321030427681224e-02,-1.166205817752496710e-01,4.511120841421794626e-03,1.000000000000000000e+00,-1.000000000000000000e+00,6.503450870513916016e-01,7.586081027984619141e-01,5.792496800422668457e-01,7.922120690345764160e-01,6.379370093345642090e-01
9.020000000000440110e+00,1.373785357669924378e+00,1.360994593440156830e-02,1.994049332395192997e-01,-8.435732685778364603e-02,-1.166010051187555130e-01,4.521105395371049357e-03,1.000000000000000000e+00,-1.000000000000000000e+00,6.558973193168640137e-01,7.680200934410095215e-01,5.777611136436462402e-01,7.943090200424194336e-01,6.375055909156799316e-01
9.040000000000429026e+00,1.370723730374372451e+00,1.441971335403002819e-02,1.280317138188709902e-01,-8.432950981468113894e-02,-1.165799010742420289e-01,4.530996920833469180e-03,1.000000000000000000e+00,-1.000000000000000000e+00,6.619276404380798340e-01,7.753288149833679199e-01,5.776876211166381836e-01,7.955226898193359375e-01,6.371932625770568848e-01
9.060000000000417941e+00,1.367511287855918356e+00,1.551003990281779599e-02,5.451973634672183794e-02,-8.430105954016922643e-02,-1.165582463663461382e-01,4.540414549563178380e-03,1.000000000000000000e+00,-1.000000000000000000e+00,6.683070063591003418e-01,7.804331779479980469e-01,5.788745880126953125e-01,7.957598567008972168e-01,6.370815038681030273e-01
9.080000000000406857e+00,1.364201250799823129e+00,1.686002259148411397e-02,-2.011492384267381944e-02,-8.427335973404159741e-02,-1.165370939522402394e-01,4.549182315462396362e-03,1.000000000000000000e+00,-1.000000000000000000e+00,6.749025583267211914e-01,7.836498618125915527e-01,5.810181498527526855e-01,7.951680421829223633e-01,6.371560096740722656e-01
9.100000000000395772e+00,1.360857108065074872e+00,1.843692674452490632e-02,-9.490558985965551198e-02,-8.424780301580014896e-02,-1.165175171774228136e-01,4.557542515686891990e-03,1.000000000000000000e+00,-1.000000000000000000e+00,6.814417243003845215e-01,7.853895425796508789e-01,5.837616324424743652e-01,7.940187454223632812e-01,6.373338699340820312e-01
9.120000000000384688e+00,1.357548762383612218e+00,2.020180545398653216e-02,-1.689215621906335618e-01,-8.422573286382291358e-02,-1.165005637169578695e-01,4.566299023945858543e-03,1.000000000000000000e+00,-1.000000000000000000e+00,6.875156164169311523e-01,7.860347032546997070e-01,5.867503881454467773e-01,7.926713824272155762e-01,6.375116109848022461e-01
9.140000000000373603e+00,1.354346240839498394e+00,2.211862237818829069e-02,-2.412199226286062814e-01,-8.420827694247386142e-02,-1.164871233551350443e-01,4.576074478383178844e-03,1.000000000000000000e+00,-1.000000000000000000e+00,6.927319765090942383e-01,7.859634160995483398e-01,5.896486639976501465e-01,7.914856076240539551e-01,6.376159191131591797e-01
9.160000000000362519e+00,1.351313132135921968e+00,2.415264566727826079e-02,-3.108236180313525554e-01,-8.419607249898142243e-02,-1.164777098568718083e-01,4.587275172934343961e-03,1.000000000000000000e+00,-1.000000000000000000e+00,6.969142556190490723e-01,7.855235934257507324e-01,5.922245383262634277e-01,7.907026410102844238e-01,6.376268863677978516e-01
9.180000000000351434e+00,1.348504175663548743e+00,2.626634462990951047e-02,-3.767157472094627146e-01,-8.418926642077952105e-02,-1.164724542646352612e-01,4.600271085227770548e-03,1.000000000000000000e+00,-1.000000000000000000e+00,7.001168727874755859e-01,7.849592566490173340e-01,5.943926572799682617e-01,7.904078960418701172e-01,6.375606060028076172e-01
9.200000000000340350e+00,1.345957839353274510e+00,2.842018668534274095e-02,-4.378569946341940855e-01,-8.418773783985526726e-02,-1.164712733212678181e-01,4.615277410832104542e-03,1.000000000000000000e+00,-1.000000000000000000e+00,7.025258541107177734e-01,7.843909263610839844e-01,5.961859226226806641e-01,7.905666828155517578e-01,6.374437808990478516e-01
9.220000000000329266e+00,1.343691194847360215e+00,3.057416305975091397e-02,-4.932004807245382594e-01,-8.419127459524143597e-02,-1.164740054025629606e-01,4.632255674105500640e-03,1.000000000000000000e+00,-1.000000000000000000e+00,7.043739557266235352e-01,7.838436961174011230e-01,5.977139472961425781e-01,7.910851836204528809e-01,6.373022198677062988e-01
9.240000000000318181e+00,1.341706186847581250e+00,3.269179491937584947e-02,-5.417585113133982500e-01,-8.419869608011411322e-02,-1.164797346242837095e-01,4.651090277703526059e-03,1.000000000000000000e+00,-1.000000000000000000e+00,7.058949470520019531e-01,7.832806706428527832e-01,5.991275906562805176e-01,7.918522357940673828e-01,6.371600627899169922e-01
9.260000000000307097e+00,1.339977997887555228e+00,3.473876353961541374e-02,-5.825899004660761715e-01,-8.420904956161209820e-02,-1.164877188299217325e-01,4.671325423687657484e-03,1.000000000000000000e+00,-1.000000000000000000e+00,7.073025107383728027e-01,7.826205492019653320e-01,6.006048917770385742e-01,7.927733063697814941e-01,6.370384097099304199e-01
9.280000000000296012e+00,1.338466088950207578e+00,3.668634867925751886e-02,-6.148516559284160632e-01,-8.422113233291861345e-02,-1.164970241902879011e-01,4.692269467810414318e-03,1.000000000000000000e+00,-1.000000000000000000e+00,7.087523341178894043e-01,7.817367911338806152e-01,6.023276448249816895e-01,7.937651872634887695e-01,6.369537711143493652e-01
9.300000000000284928e+00,1.337115041588250675e+00,3.851318720270990870e-02,-6.378245495829446554e-01,-8.423363448600039438e-02,-1.165066385223096496e-01,4.712977065655861962e-03,1.000000000000000000e+00,-1.000000000000000000e+00,7.102989554405212402e-01,7.804376482963562012e-01,6.044611334800720215e-01,7.947349548339843750e-01,6.369152665138244629e-01
9.320000000000273843e+00,1.335858560928166572e+00,4.020634515719723190e-02,-6.509499964315397236e-01,-8.424572018928533357e-02,-1.165159191134369776e-01,4.732077091185973167e-03,1.000000000000000000e+00,-1.000000000000000000e+00,7.119003534317016602e-01,7.784676551818847656e-01,6.071471571922302246e-01,7.955725193023681641e-01,6.369172930717468262e-01
9.340000000000262759e+00,1.334628563494532294e+00,4.175952971538005043e-02,-6.538859289429459487e-01,-8.425676699918538404e-02,-1.165243903923549734e-01,4.748397959792993034e-03,1.000000000000000000e+00,-1.000000000000000000e+00,7.134736776351928711e-01,7.756487727165222168e-01,6.104523539543151855e-01,7.961866259574890137e-01,6.369177103042602539e-01
9.360000000000251674e+00,1.333365129311716135e+00,4.316454663188107332e-02,-6.465255524320725478e-01,-8.426539229502853778e-02,-1.165309970869910366e-01,4.760974319565098624e-03,1.000000000000000000e+00,-1.000000000000000000e+00,7.148944139480590820e-01,7.720828652381896973e-01,6.142656803131103516e-01,7.965735197067260742e-01,6.368260979652404785e-01
9.380000000000240590e+00,1.332010007621478920e+00,4.441505187829974943e-02,-6.290266322739289651e-01,-8.427088767003228231e-02,-1.165352028813436830e-01,4.768972516849640138e-03,1.000000000000000000e+00,-1.000000000000000000e+00,7.159709930419921875e-01,7.680281400680541992e-01,6.183611750602722168e-01,7.968617081642150879e-01,6.365531682968139648e-01
9.400000000000229505e+00,1.330511718540337451e+00,4.550243413714344376e-02,-6.018137070716892412e-01,-8.427239903369848628e-02,-1.165363591040413926e-01,4.772400472380516206e-03,1.000000000000000000e+00,-1.000000000000000000e+00,7.165349125862121582e-01,7.635999917984008789e-01,6.225790381431579590e-01,7.972585558891296387e-01,6.360719799995422363e-01
9.420000000000218421e+00,1.328825988190391882e+00,4.641168019812480505e-02,-5.655294581903836937e-01,-8.426942663971011271e-02,-1.165340849701470144e-01,4.771552338215215468e-03,1.000000000000000000e+00,-1.000000000000000000e+00,7.165575027465820312e-01,7.587774395942687988e-01,6.268409490585327148e-01,7.979179024696350098e-01,6.354317665100097656e-01
9.440000000000207336e+00,1.326918374859173966e+00,4.712259750259778501e-02,-5.209814450888907711e-01,-8.426175203423100224e-02,-1.165282095816778107e-01,4.767004955353049307e-03,1.000000000000000000e+00,-1.000000000000000000e+00,7.161193490028381348e-01,7.536616325378417969e-01,6.309934854507446289e-01,7.988356947898864746e-01,6.347310543060302734e-01
9.460000000000196252e+00,1.324765852733530647e+00,4.761260729388611113e-02,-4.690920660350098026e-01,-8.424943116066735405e-02,-1.165187661107508349e-01,4.759488882390263374e-03,1.000000000000000000e+00,-1.000000000000000000e+00,7.153158187866210938e-01,7.484032511711120605e-01,6.348773837089538574e-01,7.998716235160827637e-01,6.340619921684265137e-01
9.480000000000185167e+00,1.322357622583084868e+00,4.785998071867775261e-02,-4.108574358670973314e-01,-8.423278588446178605e-02,-1.165059863852161426e-01,4.749794102819555712e-03,1.000000000000000000e+00,-1.000000000000000000e+00,7.142162919044494629e-01,7.430050373077392578e-01,6.384633779525756836e-01,8.000000119209289551e-01,6.334726810455322266e-01
9.500000000000174083e+00,1.319695547726669416e+00,4.784688668518327637e-02,-3.473158289990859737e-01,-8.421238912219132511e-02,-1.164902920752392407e-01,4.738700908152092793e-03,1.000000000000000000e+00,-1.000000000000000000e+00,7.128760218620300293e-01,7.374377846717834473e-01,6.417835950851440430e-01,8.000000119209289551e-01,6.329692602157592773e-01
9.520000000000162999e+00,1.316794500717949568e+00,4.756182134591435684e-02,-2.795237440893990066e-01,-8.418904699329123054e-02,-1.164722847536949629e-01,4.726925729530030880e-03,1.000000000000000000e+00,-1.000000000000000000e+00,7.113390564918518066e-01,7.317829728126525879e-01,6.448472142219543457e-01,8.000000119209289551e-01,6.325312256813049316e-01
9.540000000000151914e+00,1.313682680325615859e+00,4.700136487591516365e-02,-2.085365297141604513e-01,-8.416377305462062475e-02,-1.164527304721494627e-01,4.715073950437985439e-03,1.000000000000000000e+00,-1.000000000000000000e+00,7.096217274665832520e-01,7.261882424354553223e-01,6.476527452468872070e-01,8.000000119209289551e-01,6.321302056312561035e-01
9.560000000000140830e+00,1.310401634669987381e+00,4.617148488775896231e-02,-1.353911246057512563e-01,-8.413774655037259409e-02,-1.164325318113263869e-01,4.703598569528575149e-03,1.000000000000000000e+00,-1.000000000000000000e+00,7.077224254608154297e-01,7.208119630813598633e-01,6.501926779747009277e-01,8.000000119209289551e-01,6.317476630210876465e-01
9.580000000000129745e+00,1.307005556756712039e+00,4.508863847422761584e-02,-6.109008860042862421e-02,-8.411225078624126605e-02,-1.164126833589701482e-01,4.692766911139725425e-03,1.000000000000000000e+00,-1.000000000000000000e+00,7.056717276573181152e-01,7.158315777778625488e-01,6.524400115013122559e-01,8.000000119209289551e-01,6.313797831535339355e-01
9.600000000000118661e+00,1.303559419041179002e+00,4.378038449165799761e-02,1.341069198986836498e-02,-8.408862526644769742e-02,-1.163942358937152949e-01,4.682436155047979554e-03,1.000000000000000000e+00,-1.000000000000000000e+00,7.035526633262634277e-01,7.114074230194091797e-01,6.543653607368469238e-01,8.000000119209289551e-01,6.310350894927978516e-01
9.620000000000107576e+00,1.300134783686392126e+00,4.227974454516314484e-02,8.718724285361542647e-02,-8.406821784815918241e-02,-1.163782582639457108e-01,4.671946033290070091e-03,1.000000000000000000e+00,-1.000000000000000000e+00,7.014508843421936035e-01,7.076070904731750488e-01,6.559627652168273926e-01,8.000000119209289551e-01,6.307296156883239746e-01
9.640000000000096492e+00,1.296802988372094845e+00,4.061686079100429447e-02,1.592998704755579920e-01,-8.405215937815457838e-02,-1.163656573723022281e-01,4.660799279362473450e-03,1.000000000000000000e+00,-1.000000000000000000e+00,6.994009017944335938e-01,7.043997049331665039e-01,6.572405695915222168e-01,8.000000119209289551e-01,6.304847598075866699e-01
9.660000000000085407e+00,1.293628955098421240e+00,3.882128244428262320e-02,2.287724791294133142e-01,-8.404109757258410029e-02,-1.163569627752442381e-01,4.648670074709958418e-03,1.000000000000000000e+00,-1.000000000000000000e+00,6.973711848258972168e-01,7.016953229904174805e-01,6.581998467445373535e-01,7.997143864631652832e-01,6.303219795227050781e-01
9.680000000000074323e+00,1.290669405123989533e+00,3.692618326696267550e-02,2.945879589191035541e-01,-8.403524599440485854e-02,-1.163523586126767595e-01,4.635228188004642154e-03,1.000000000000000000e+00,-1.000000000000000000e+00,6.952885985374450684e-01,6.994093656539916992e-01,6.588068008422851562e-01,7.992855906486511230e-01,6.302639245986938477e-01
9.700000000000063238e+00,1.287965225045922590e+00,3.496803445606172511e-02,3.557065788489985891e-01,-8.403450613733554064e-02,-1.163517762376641840e-01,4.620270883529113692e-03,1.000000000000000000e+00,-1.000000000000000000e+00,6.930552124977111816e-01,6.975046992301940918e-01,6.589680910110473633e-01,7.988160848617553711e-01,6.303398013114929199e-01
9.720000000000052154e+00,1.285536239217564436e+00,3.298568855251171605e-02,4.110802411744077234e-01,-8.403876059602710669e-02,-1.163551243859008016e-01,4.603839175805895211e-03,1.000000000000000000e+00,-1.000000000000000000e+00,6.905378103256225586e-01,6.960034966468811035e-01,6.585071086883544922e-01,7.983633875846862793e-01,6.305897831916809082e-01
9.740000000000041069e+00,1.283387688767855472e+00,3.101561664965946097e-02,4.597219734754958709e-01,-8.404687593785954702e-02,-1.163615060621361885e-01,4.585965430123926066e-03,1.000000000000000000e+00,-1.000000000000000000e+00,6.875540614128112793e-01,6.949752569198608398e-01,6.571623086929321289e-01,7.979944348335266113e-01,6.310619115829467773e-01
9.760000000000029985e+00,1.281498151168889876e+00,2.909440147465214288e-02,5.006923948389245815e-01,-8.405792205177481380e-02,-1.163701821416461973e-01,4.567020770635641866e-03,1.000000000000000000e+00,-1.000000000000000000e+00,6.838544607162475586e-01,6.945220232009887695e-01,6.545821428298950195e-01,7.977402806282043457e-01,6.317985653877258301e-01
9.780000000000018900e+00,1.279830339712590526e+00,2.725444997521825341e-02,5.331510061685483803e-01,-8.407068202399059498e-02,-1.163801896711544465e-01,4.547576393753163110e-03,1.000000000000000000e+00,-1.000000000000000000e+00,6.791765093803405762e-01,6.947740912437438965e-01,6.503937244415283203e-01,7.975169420242309570e-01,6.327994465827941895e-01
9.800000000000007816e+00,1.278331686298147751e+00,2.552213449674711754e-02,5.563812199207159859e-01,-8.408386087435515410e-02,-1.163905092710637301e-01,4.528443390979455460e-03,1.000000000000000000e+00,-1.000000000000000000e+00,6.733705997467041016e-01,6.958481669425964355e-01,6.443811655044555664e-01,7.970436811447143555e-01,6.339793205261230469e-01
9.819999999999996732e+00,1.276938122100245376e+00,2.391646791976870245e-02,5.698232661006507049e-01,-8.409651331158932153e-02,-1.164004010121158228e-01,4.510828931943178591e-03,1.000000000000000000e+00,-1.000000000000000000e+00,6.665312051773071289e-01,6.977024078369140625e-01,6.367242336273193359e-01,7.958575487136840820e-01,6.351836323738098145e-01
9.839999999999985647e+00,1.275583069613116294e+00,2.245019872431991415e-02,5.731302739111074906e-01,-8.410797010832293807e-02,-1.164093448248030294e-01,4.495777490989772557e-03,1.000000000000000000e+00,-1.000000000000000000e+00,6.591526865959167480e-01,7.001216411590576172e-01,6.281089186668395996e-01,7.936535477638244629e-01,6.362677216529846191e-01
9.859999999999974563e+00,1.274208471517240371e+00,2.113738584852731250e-02,5.661859744684388795e-01,-8.411682491344801837e-02,-1.164162488367020271e-01,4.484107890187955664e-03,1.000000000000000000e+00,-1.000000000000000000e+00,6.521923542022705078e-01,7.029842734336853027e-01,6.195257306098937988e-01,7.907716631889343262e-01,6.371465325355529785e-01
9.879999999999963478e+00,1.272757652017616703e+00,1.998983301803025636e-02,5.491305795608328877e-01,-8.412236679290067964e-02,-1.164205660131336362e-01,4.476530403495994695e-03,1.000000000000000000e+00,-1.000000000000000000e+00,6.466045975685119629e-01,7.064422965049743652e-01,6.117406487464904785e-01,7.880052328109741211e-01,6.377907991409301758e-01
9.899999999999952394e+00,1.271180669068022961e+00,1.902089755585789632e-02,5.223680222937866491e-01,-8.412379371488984403e-02,-1.164216771289826174e-01,4.472978556531757161e-03,1.000000000000000000e+00,-1.000000000000000000e+00,6.429134607315063477e-01,7.109750509262084961e-01,6.049357056617736816e-01,7.860345244407653809e-01,6.382213830947875977e-01
9.919999999999941309e+00,1.269434913875354010e+00,1.824923692363678018e-02,4.865193040091460031e-01,-8.412067107909614039e-02,-1.164192453443501779e-01,4.473140402443610136e-03,1.000000000000000000e+00,-1.000000000000000000e+00,6.412729024887084961e-01,7.172514200210571289e-01,5.988656282424926758e-01,7.851939201354980469e-01,6.384904384613037109e-01
9.939999999999930225e+00,1.267487528939540198e+00,1.769748344112309635e-02,4.423723966449708556e-01,-8.411285692336349651e-02,-1.164131559495801271e-01,4.476460018963060103e-03,1.000000000000000000e+00,-1.000000000000000000e+00,6.416788697242736816e-01,7.257230877876281738e-01,5.932927727699279785e-01,7.855463624000549316e-01,6.386257410049438477e-01
9.959999999999919140e+00,1.265316749298601939e+00,1.738928430218278365e-02,3.908348159186399440e-01,-8.410048106503514864e-02,-1.164034998750957672e-01,4.482256867481004131e-03,1.000000000000000000e+00,-1.000000000000000000e+00,6.439490914344787598e-01,7.360703349113464355e-01,5.882906913757324219e-01,7.869784235954284668e-01,6.385994553565979004e-01
9.979999999999908056e+00,1.262912492139918186e+00,1.734608758095657066e-02,3.328941540090281093e-01,-8.408392873948290769e-02,-1.163905623692151753e-01,4.489810736315129856e-03,1.000000000000000000e+00,-1.000000000000000000e+00,6.477037072181701660e-01,7.472327351570129395e-01,5.841842889785766602e-01,7.891929149627685547e-01,6.383771896362304688e-01
9.999999999999896971e+00,1.260276704205330223e+00,1.758422747603449743e-02,2.695868890796738748e-01,-8.406381677298523092e-02,-1.163748072700162700e-01,4.498423896657813628e-03,1.000000000000000000e+00,-1.000000000000000000e+00,6.525149941444396973e-01,7.580269575119018555e-01,5.812675952911376953e-01,7.916522026062011719e-01,6.380010843276977539e-01
