time,x,y,yaw,reward,yaw_rate,turn_radius,steady_state,action_0,action_1,action_2,action_3,action_4,action_5
2.000000000000001082e-02,5.998177641671188498e-01,-2.309078915417095423e-03,4.174769445935710283e-02,0.000000000000000000e+00,3.953378668659901951e+00,2.929467556428801134e-02,0.000000000000000000e+00,3.499999940395355225e-01,3.499999940395355225e-01,3.499999940395355225e-01,6.478784233331680298e-02,3.264396190643310547e-01,3.211808204650878906e-01
4.000000000000002859e-02,5.981518443498656801e-01,-6.906737612056457198e-03,1.492731832259344971e-01,0.000000000000000000e+00,5.279914992434669330e+00,3.385345471097722658e-02,0.000000000000000000e+00,1.385803222656250000e-01,3.499999940395355225e-01,1.475849747657775879e-01,8.230734616518020630e-02,1.024896129965782166e-01,2.730485200881958008e-01
6.000000000000004635e-02,5.954984734295674098e-01,-8.504130345301619265e-03,2.406273414321013493e-01,0.000000000000000000e+00,4.390473120298142184e+00,3.652627100278785233e-02,0.000000000000000000e+00,-1.182818710803985596e-01,5.819009989500045776e-02,-2.737217582762241364e-02,4.120058193802833557e-02,-4.484506696462631226e-02,1.901655495166778564e-01
8.000000000000005718e-02,5.923448811773286415e-01,-9.528007326937981691e-03,3.294544968706688004e-01,0.000000000000000000e+00,4.800822506796651012e+00,3.182336264117010399e-02,0.000000000000000000e+00,3.499999940395355225e-01,3.499999940395355225e-01,3.499999940395355225e-01,3.499999940395355225e-01,3.499999940395355225e-01,2.711672186851501465e-01
1.000000000000000749e-01,5.870717163340756217e-01,-1.050865758719615739e-02,4.437224820337087317e-01,0.000000000000000000e+00,4.877456409990633901e+00,3.415818180333246579e-02,0.000000000000000000e+00,-2.088788338005542755e-02,2.346187233924865723e-01,1.446669697761535645e-01,2.475966066122055054e-01,1.303223073482513428e-01,2.206299453973770142e-01
1.200000000000000927e-01,5.800559972789709473e-01,-1.060718273925215227e-02,5.608914781370777369e-01,0.000000000000000000e+00,5.098997388400063002e+00,3.691784590746977762e-02,0.000000000000000000e+00,7.450078427791595459e-02,3.421487212181091309e-01,1.955318003892898560e-01,2.374689131975173950e-01,1.771287471055984497e-01,2.143195718526840210e-01
1.400000000000000966e-01,5.730559464396449698e-01,-9.707330206312592136e-03,6.637261306308759323e-01,0.000000000000000000e+00,4.942043298535184093e+00,4.139320762414072652e-02,0.000000000000000000e+00,1.544391643255949020e-02,2.922999858856201172e-01,1.794081479310989380e-01,2.628793418407440186e-01,1.639097481966018677e-01,2.078333050012588501e-01
1.600000000000001144e-01,5.696807369181344782e-01,-8.830192129619607311e-03,7.373195961265363030e-01,0.000000000000000000e+00,4.739535068962374531e+00,4.164299389807075286e-02,0.000000000000000000e+00,1.800520122051239014e-01,3.499999940395355225e-01,8.973954617977142334e-02,-9.997887164354324341e-02,3.073726966977119446e-02,2.259238362312316895e-01
1.800000000000001321e-01,5.679191425152040340e-01,-9.647551239159612990e-03,8.155299308699062166e-01,0.000000000000000000e+00,4.709403713545277981e+00,3.951915673931774564e-02,0.000000000000000000e+00,3.061638772487640381e-01,3.499999940395355225e-01,2.753751575946807861e-01,1.655765324831008911e-01,2.445681840181350708e-01,2.564020752906799316e-01
2.000000000000001499e-01,5.675517356967441085e-01,-8.657315293418010871e-03,8.651641588556600038e-01,0.000000000000000000e+00,4.292598279357701330e+00,3.911769934373744706e-02,0.000000000000000000e+00,1.286825090646743774e-01,3.499999940395355225e-01,-4.082714207470417023e-03,-2.158364206552505493e-01,-7.127635926008224487e-02,2.140327692031860352e-01
2.200000000000001676e-01,5.685455327690767113e-01,-6.780887196228269076e-03,8.891040794253711743e-01,0.000000000000000000e+00,4.058264251303788761e+00,3.603989477582821704e-02,0.000000000000000000e+00,3.499999940395355225e-01,3.499999940395355225e-01,2.240622192621231079e-01,-5.590046942234039307e-02,1.449031233787536621e-01,1.829634010791778564e-01
2.400000000000001854e-01,5.685338118406786379e-01,-5.516343382048594091e-03,9.242900592795970649e-01,0.000000000000000000e+00,3.858734925029084106e+00,3.449539939024053731e-02,0.000000000000000000e+00,3.499999940395355225e-01,3.499999940395355225e-01,1.982428580522537231e-01,-7.435381412506103516e-02,1.056627482175827026e-01,2.338317483663558960e-01
2.600000000000001754e-01,5.695202025778443033e-01,-2.504470971271266500e-03,9.318832830065643114e-01,0.000000000000000000e+00,3.488487680730086193e+00,3.371806959364073708e-02,0.000000000000000000e+00,3.461800217628479004e-01,3.499999940395355225e-01,8.833539672195911407e-03,-3.499999940395355225e-01,-6.497231125831604004e-02,2.321648746728897095e-01
2.800000000000001932e-01,5.706329560511234078e-01,2.487510812983040331e-03,9.119157590972787331e-01,0.000000000000000000e+00,3.169702214193042433e+00,3.320749859777797491e-02,0.000000000000000000e+00,3.499999940395355225e-01,3.499999940395355225e-01,2.214087247848510742e-01,-1.558860093355178833e-01,1.300844252109527588e-01,1.609838902950286865e-01
3.000000000000002109e-01,5.720817373684795593e-01,8.837866825706919283e-03,8.700477776479640379e-01,0.000000000000000000e+00,2.754045475130338261e+00,3.544329932500717151e-02,0.000000000000000000e+00,3.499999940395355225e-01,3.499999940395355225e-01,-1.999854296445846558e-02,-3.499999940395355225e-01,-9.745163470506668091e-02,2.184304147958755493e-01
3.200000000000002287e-01,5.748817464720132886e-01,1.567810122262464079e-02,8.001638171013132350e-01,0.000000000000000000e+00,2.348893769673300991e+00,3.939303665525406561e-02,0.000000000000000000e+00,3.499999940395355225e-01,3.499999940395355225e-01,8.314828574657440186e-02,-3.499999940395355225e-01,-1.535929390229284763e-03,8.949857205152511597e-02
3.400000000000002465e-01,5.771656980122106262e-01,2.174118966777688344e-02,7.327702496646084640e-01,0.000000000000000000e+00,2.037527000348980266e+00,4.551236459660273209e-02,0.000000000000000000e+00,3.499999940395355225e-01,3.499999940395355225e-01,1.406037509441375732e-01,-3.499999940395355225e-01,6.693758070468902588e-02,1.129840314388275146e-01
3.600000000000002642e-01,5.794235613999086931e-01,2.709153070265868379e-02,6.690673167746081784e-01,0.000000000000000000e+00,1.736949624322484897e+00,5.440526368301847743e-02,0.000000000000000000e+00,3.499999940395355225e-01,3.499999940395355225e-01,-5.551253911107778549e-03,-3.499999940395355225e-01,-8.019726723432540894e-02,1.661898493766784668e-01
3.800000000000002820e-01,5.823481904780307694e-01,3.200380940166436261e-02,5.967645732336815945e-01,0.000000000000000000e+00,1.442007895524724637e+00,6.669977872705395994e-02,0.000000000000000000e+00,3.499999940395355225e-01,3.499999940395355225e-01,-1.010882109403610229e-01,-3.499999940395355225e-01,-1.379474401473999023e-01,1.090421825647354126e-01
4.000000000000002998e-01,5.853739165143512224e-01,3.633156132346943012e-02,5.183966404361315394e-01,0.000000000000000000e+00,1.174977115129878680e+00,8.333161236783452608e-02,0.000000000000000000e+00,3.499999940395355225e-01,3.499999940395355225e-01,-5.229965597391128540e-02,-3.499999940395355225e-01,-7.228142023086547852e-02,5.491895973682403564e-02
4.200000000000003175e-01,5.878367400390739350e-01,3.968084400749716245e-02,4.536141644264047867e-01,0.000000000000000000e+00,9.929211084861119252e-01,9.952160718976235665e-02,0.000000000000000000e+00,3.499999940395355225e-01,3.499999940395355225e-01,7.216560840606689453e-02,-3.499999940395355225e-01,1.896553300321102142e-02,9.733960777521133423e-02
4.400000000000003353e-01,5.901136486558631322e-01,4.237643605098179167e-02,3.977042696696667656e-01,0.000000000000000000e+00,8.131720095729370046e-01,1.216179890037676903e-01,0.000000000000000000e+00,3.499999940395355225e-01,3.499999940395355225e-01,-3.292527049779891968e-02,-3.499999940395355225e-01,-1.310385763645172119e-01,1.505073904991149902e-01
4.600000000000003531e-01,5.926108142721818739e-01,4.473931668998015754e-02,3.345967302859318426e-01,0.000000000000000000e+00,6.328113228199248042e-01,1.557762673797240816e-01,0.000000000000000000e+00,3.499999940395355225e-01,3.499999940395355225e-01,-3.506031632423400879e-02,-3.499999940395355225e-01,-1.389082372188568115e-01,1.054719462990760803e-01
4.800000000000003708e-01,5.951149727480020690e-01,4.633279230373466007e-02,2.774486206968871937e-01,0.000000000000000000e+00,5.043891841439607227e-01,1.924340896951388380e-01,0.000000000000000000e+00,3.499999940395355225e-01,3.499999940395355225e-01,8.599084615707397461e-02,-3.499999940395355225e-01,-2.099488116800785065e-02,7.449569553136825562e-02
5.000000000000003331e-01,5.976027460069111008e-01,4.708370409956252889e-02,2.349694336112692905e-01,0.000000000000000000e+00,4.081719282981771113e-01,2.310040896944440536e-01,0.000000000000000000e+00,3.499999940395355225e-01,3.499999940395355225e-01,1.088816747069358826e-01,-3.499999940395355225e-01,-3.259561583399772644e-02,1.423343271017074585e-01
5.200000000000003508e-01,6.000840468993676735e-01,4.728976582642718807e-02,1.950106216018809013e-01,0.000000000000000000e+00,3.106387433316823432e-01,2.927580765112310912e-01,0.000000000000000000e+00,3.499999940395355225e-01,3.499999940395355225e-01,7.854307442903518677e-02,-3.499999940395355225e-01,-6.490067392587661743e-02,1.697968989610671997e-01
5.400000000000003686e-01,6.025177663512509829e-01,4.697641572640542940e-02,1.574411502682922515e-01,0.000000000000000000e+00,2.366360292820768874e-01,3.681528147569166354e-01,0.000000000000000000e+00,3.499999940395355225e-01,3.499999940395355225e-01,1.544348001480102539e-01,-3.499999940395355225e-01,3.054834343492984772e-02,1.585166901350021362e-01
5.600000000000003864e-01,6.051057328542004399e-01,4.600210497363849127e-02,1.375268664206584224e-01,0.000000000000000000e+00,2.116803773395874166e-01,3.904520265974160131e-01,0.000000000000000000e+00,3.499999940395355225e-01,3.499999940395355225e-01,2.369468659162521362e-01,-2.610995471477508545e-01,1.080837994813919067e-01,2.069343328475952148e-01
5.800000000000004041e-01,6.074932778367869712e-01,4.462631225162821957e-02,1.179341665604966005e-01,0.000000000000000000e+00,1.547693768456586960e-01,5.040986950382884135e-01,0.000000000000000000e+00,3.499999940395355225e-01,3.499999940395355225e-01,1.037372499704360962e-01,-3.499999940395355225e-01,-1.804994605481624603e-02,2.631930410861968994e-01
6.000000000000004219e-01,6.100476955074136676e-01,4.270448798384401945e-02,1.110192138728521294e-01,0.000000000000000000e+00,1.713562534266298842e-01,4.266997203922373583e-01,0.000000000000000000e+00,3.499999940395355225e-01,3.499999940395355225e-01,3.499999940395355225e-01,7.860645651817321777e-02,3.088922202587127686e-01,2.416038662195205688e-01
6.200000000000004396e-01,6.124193320540958219e-01,4.031722228333600722e-02,1.137188815494068334e-01,0.000000000000000000e+00,1.547585530819583499e-01,4.396724701203529873e-01,0.000000000000000000e+00,3.499999940395355225e-01,3.499999940395355225e-01,1.865607053041458130e-01,-3.499999940395355225e-01,5.380160734057426453e-02,3.065044283866882324e-01
6.400000000000004574e-01,6.147985434761953361e-01,3.748860730504599559e-02,1.259796597165401266e-01,0.000000000000000000e+00,1.955533384332004410e-01,3.220329335499185208e-01,0.000000000000000000e+00,3.499999940395355225e-01,3.499999940395355225e-01,3.499999940395355225e-01,3.488986194133758545e-01,3.499999940395355225e-01,3.114115595817565918e-01
6.600000000000004752e-01,6.170839071879998805e-01,3.420400854129312940e-02,1.592941872073598275e-01,0.000000000000000000e+00,2.423729201262037614e-01,2.390078131849821541e-01,0.000000000000000000e+00,3.499999940395355225e-01,3.499999940395355225e-01,3.313792943954467773e-01,-9.890206903219223022e-02,1.910786181688308716e-01,3.429646492004394531e-01
6.800000000000004929e-01,6.189905057355304940e-01,3.062357851897379302e-02,2.029010526487847188e-01,0.000000000000000000e+00,3.101089934497736622e-01,1.708787855498670738e-01,0.000000000000000000e+00,3.499999940395355225e-01,3.499999940395355225e-01,3.499999940395355225e-01,1.722354143857955933e-01,3.499999940395355225e-01,3.408502936363220215e-01
7.000000000000005107e-01,6.203319995507386997e-01,2.696889941718816353e-02,2.570426054443888386e-01,0.000000000000000000e+00,3.798180469598295139e-01,1.270323462963977024e-01,0.000000000000000000e+00,3.499999940395355225e-01,3.499999940395355225e-01,3.499999940395355225e-01,1.188856884837150574e-01,3.172525167465209961e-01,3.499999940395355225e-01
7.200000000000005285e-01,6.211446586987590113e-01,2.329875655468538476e-02,3.155786633919430151e-01,0.000000000000000000e+00,4.533798111491226801e-01,9.638451642315859491e-02,0.000000000000000000e+00,3.499999940395355225e-01,3.499999940395355225e-01,3.499999940395355225e-01,2.456697970628738403e-01,3.499999940395355225e-01,3.499999940395355225e-01
7.400000000000005462e-01,6.215408315874394463e-01,1.966016446215640423e-02,3.762299517344795396e-01,0.000000000000000000e+00,5.217531044523611161e-01,7.553494671013215311e-02,0.000000000000000000e+00,3.499999940395355225e-01,3.499999940395355225e-01,3.499999940395355225e-01,2.662667632102966309e-01,3.499999940395355225e-01,3.499999940395355225e-01
7.600000000000005640e-01,6.216898141989899429e-01,1.604463131153210931e-02,4.377287841123769785e-01,0.000000000000000000e+00,5.903686902263003411e-01,6.013017352093080747e-02,0.000000000000000000e+00,3.499999940395355225e-01,3.499999940395355225e-01,3.499999940395355225e-01,3.499999940395355225e-01,3.499999940395355225e-01,3.499999940395355225e-01
7.800000000000005818e-01,6.216410706407344833e-01,1.245274377085464623e-02,5.004721705680940103e-01,0.000000000000000000e+00,6.556022202077648187e-01,4.882595397048344887e-02,0.000000000000000000e+00,3.499999940395355225e-01,3.499999940395355225e-01,3.499999940395355225e-01,3.499999940395355225e-01,3.499999940395355225e-01,3.499999940395355225e-01
8.000000000000005995e-01,6.214458086440914908e-01,8.889254522459644203e-03,5.631634090508197410e-01,0.000000000000000000e+00,7.178047158814239159e-01,4.042728173285335680e-02,0.000000000000000000e+00,3.499999940395355225e-01,3.499999940395355225e-01,3.499999940395355225e-01,3.499999940395355225e-01,3.499999940395355225e-01,3.499999940395355225e-01
8.200000000000006173e-01,6.210808923318302810e-01,5.386132792707831740e-03,6.268158734652090613e-01,0.000000000000000000e+00,7.792586981174344229e-01,3.405063716503832494e-02,0.000000000000000000e+00,3.499999940395355225e-01,3.499999940395355225e-01,3.499999940395355225e-01,3.499999940395355225e-01,3.499999940395355225e-01,3.499999940395355225e-01
8.400000000000006350e-01,6.204935868558574263e-01,1.998935882254804230e-03,6.932837441694695846e-01,0.000000000000000000e+00,8.421477131581941444e-01,2.910761242818160274e-02,0.000000000000000000e+00,3.499999940395355225e-01,3.499999940395355225e-01,3.499999940395355225e-01,3.499999940395355225e-01,3.499999940395355225e-01,3.499999940395355225e-01
8.600000000000006528e-01,6.196220558862036709e-01,-1.218033251746686307e-03,7.639347006747001512e-01,0.000000000000000000e+00,9.073360653572120071e-01,2.519492105698668480e-02,0.000000000000000000e+00,3.499999940395355225e-01,3.499999940395355225e-01,3.499999940395355225e-01,3.499999940395355225e-01,3.499999940395355225e-01,3.499999940395355225e-01
8.800000000000006706e-01,6.184023585137294887e-01,-4.208900640507218238e-03,8.389692151063345982e-01,0.000000000000000000e+00,9.742086846533566380e-01,2.201967007782837729e-02,0.000000000000000000e+00,3.499999940395355225e-01,3.499999940395355225e-01,3.499999940395355225e-01,3.499999940395355225e-01,3.499999940395355225e-01,3.499999940395355225e-01
9.000000000000006883e-01,6.167946500953411793e-01,-6.888462819777008139e-03,9.175151499578895198e-01,0.000000000000000000e+00,1.041262098126784830e+00,1.937012909592162810e-02,0.000000000000000000e+00,3.499999940395355225e-01,3.499999940395355225e-01,3.499999940395355225e-01,3.499999940395355225e-01,3.499999940395355225e-01,3.499999940395355225e-01
9.200000000000007061e-01,6.148937689451619004e-01,-9.167772092743664558e-03,9.968098941311213101e-01,0.000000000000000000e+00,1.104158784105186752e+00,1.721673461607715200e-02,0.000000000000000000e+00,3.499999940395355225e-01,3.499999940395355225e-01,3.499999940395355225e-01,3.219774663448333740e-01,3.499999940395355225e-01,3.499999940395355225e-01
9.400000000000007239e-01,6.128449033384361089e-01,-1.096722688603857243e-02,1.074215108930172802e+00,0.000000000000000000e+00,1.161797409193674691e+00,1.546575112753426767e-02,0.000000000000000000e+00,3.499999940395355225e-01,3.499999940395355225e-01,3.499999940395355225e-01,3.065908253192901611e-01,3.499999940395355225e-01,3.499999940395355225e-01
9.600000000000007416e-01,6.107873232447900147e-01,-1.220978418956486511e-02,1.147603443514330301e+00,0.000000000000000000e+00,1.211548542274412332e+00,1.400797517777222639e-02,0.000000000000000000e+00,3.499999940395355225e-01,3.499999940395355225e-01,3.499999940395355225e-01,2.605165839195251465e-01,3.499999940395355225e-01,3.499999940395355225e-01
9.800000000000007594e-01,6.088250914747723730e-01,-1.283865665867678363e-02,1.215452156450536947e+00,0.000000000000000000e+00,1.253580586074862557e+00,1.268143773917674785e-02,0.000000000000000000e+00,3.499999940395355225e-01,3.499999940395355225e-01,3.499999940395355225e-01,2.210090458393096924e-01,3.499999940395355225e-01,3.499999940395355225e-01
1.000000000000000666e+00,6.071129943525702677e-01,-1.283277655495196345e-02,1.275958618313494330e+00,0.000000000000000000e+00,1.285211852332468485e+00,1.141620919490399753e-02,0.000000000000000000e+00,3.499999940395355225e-01,3.499999940395355225e-01,3.499999940395355225e-01,1.356867402791976929e-01,3.499999940395355225e-01,3.499999940395355225e-01
1.019999999999998463e+00,6.057291408672251798e-01,-1.219202699013671731e-02,1.328211225586696909e+00,0.000000000000000000e+00,1.255204581011291509e+00,9.174557879828437387e-03,0.000000000000000000e+00,3.499999940395355225e-01,3.499999940395355225e-01,3.499999940395355225e-01,8.086346834897994995e-02,3.345282077789306641e-01,3.499999940395355225e-01
1.039999999999996261e+00,6.048202767944612646e-01,-1.094792526149107603e-02,1.370371172959454098e+00,0.000000000000000000e+00,1.160085144093548237e+00,6.721388946139403818e-03,0.000000000000000000e+00,3.499999940395355225e-01,3.499999940395355225e-01,3.499999940395355225e-01,-3.241988271474838257e-02,2.913658320903778076e-01,3.499560952186584473e-01
1.059999999999994058e+00,6.041006392445845696e-01,-9.060619575972539419e-03,1.405053030057333396e+00,0.000000000000000000e+00,1.141492638852207531e+00,7.551644979167409198e-03,0.000000000000000000e+00,3.499999940395355225e-01,3.499999940395355225e-01,3.499999940395355225e-01,-3.993855416774749756e-02,2.944693267345428467e-01,3.374765813350677490e-01
1.079999999999991855e+00,6.041610686115486129e-01,-6.562166541777880724e-03,1.426948621393227423e+00,0.000000000000000000e+00,1.031887107368738565e+00,1.180624600712107224e-02,0.000000000000000000e+00,3.499999940395355225e-01,3.499999940395355225e-01,3.159526586532592773e-01,-2.913524806499481201e-01,1.989364027976989746e-01,3.423701524734497070e-01
1.099999999999989653e+00,6.041545371372212259e-01,-3.466180716488076463e-03,1.443135527709002552e+00,0.000000000000000000e+00,9.491803120044717268e-01,1.946683189980574422e-02,0.000000000000000000e+00,3.499999940395355225e-01,3.499999940395355225e-01,3.499999940395355225e-01,-5.249255895614624023e-02,3.139542341232299805e-01,3.172521293163299561e-01
1.119999999999987450e+00,6.052614111380059114e-01,3.279293455727971818e-04,1.444940367838065232e+00,0.000000000000000000e+00,8.090341098650449814e-01,3.396056276593498180e-02,0.000000000000000000e+00,3.499999940395355225e-01,3.499999940395355225e-01,1.367585062980651855e-01,-3.499999940395355225e-01,4.346926510334014893e-02,3.260706663131713867e-01
1.139999999999985247e+00,6.062962299619150119e-01,4.540021379085712461e-03,1.438525044972627454e+00,0.000000000000000000e+00,7.320905031123458029e-01,4.939955922403750643e-02,0.000000000000000000e+00,3.499999940395355225e-01,3.499999940395355225e-01,3.499999940395355225e-01,-1.515140533447265625e-01,2.918673157691955566e-01,2.801177799701690674e-01
1.159999999999983045e+00,6.074305615463170271e-01,9.191594827371418752e-03,1.426202643248689395e+00,0.000000000000000000e+00,6.390833378466811432e-01,6.545471536316418981e-02,0.000000000000000000e+00,3.499999940395355225e-01,3.499999940395355225e-01,5.245199054479598999e-02,-3.499999940395355225e-01,-4.088808968663215637e-02,2.902067303657531738e-01
1.179999999999980842e+00,6.101332667306067492e-01,1.461523040668399886e-02,1.391430089481190180e+00,0.000000000000000000e+00,5.093965012660714997e-01,9.558367030218217764e-02,0.000000000000000000e+00,3.499999940395355225e-01,3.499999940395355225e-01,1.470226645469665527e-01,-3.499999940395355225e-01,6.676615774631500244e-02,2.242897152900695801e-01
1.199999999999978639e+00,6.124203012427626991e-01,2.044808139811066239e-02,1.350242782988669621e+00,0.000000000000000000e+00,4.582661216400034654e-01,1.167048685819416370e-01,0.000000000000000000e+00,3.499999940395355225e-01,3.499999940395355225e-01,1.445640325546264648e-01,-3.499999940395355225e-01,7.160776853561401367e-02,2.301399409770965576e-01
1.219999999999976437e+00,6.146854894805590108e-01,2.666804684478790710e-02,1.302162408728591680e+00,0.000000000000000000e+00,3.701030928549342569e-01,1.539809624143718414e-01,0.000000000000000000e+00,3.499999940395355225e-01,3.499999940395355225e-01,2.437272295355796814e-02,-3.499999940395355225e-01,-3.353376686573028564e-02,2.476114183664321899e-01
1.239999999999974234e+00,6.175707697264599672e-01,3.335077631607408222e-02,1.240700177673222049e+00,0.000000000000000000e+00,2.695491078414353758e-01,2.321364321835811262e-01,0.000000000000000000e+00,3.499999940395355225e-01,3.499999940395355225e-01,-4.179561138153076172e-02,-3.499999940395355225e-01,-7.983044534921646118e-02,1.880729794502258301e-01
1.259999999999972031e+00,6.202098840946258518e-01,3.996910726196045704e-02,1.174033687122064684e+00,0.000000000000000000e+00,2.240341741496330863e-01,2.951873523819642520e-01,0.000000000000000000e+00,3.499999940395355225e-01,3.499999940395355225e-01,-1.662074588239192963e-02,-3.499999940395355225e-01,-5.773440375924110413e-02,1.366841197013854980e-01
1.279999999999969829e+00,6.218942050502735963e-01,4.591321477509235915e-02,1.115006121436057374e+00,0.000000000000000000e+00,1.896770125827130504e-01,3.541949616854858651e-01,0.000000000000000000e+00,3.499999940395355225e-01,3.499999940395355225e-01,1.354488544166088104e-02,-3.499999940395355225e-01,-7.076844573020935059e-02,1.558345854282379150e-01
1.299999999999967626e+00,6.233016703309010031e-01,5.136946419337612424e-02,1.059904729825481562e+00,0.000000000000000000e+00,1.943016887150550154e-01,3.426445234773943249e-01,0.000000000000000000e+00,3.499999940395355225e-01,3.499999940395355225e-01,-3.256687894463539124e-02,-3.499999940395355225e-01,-1.372472643852233887e-01,1.697676181793212891e-01
1.319999999999965423e+00,6.252736165473603558e-01,5.689208450740473877e-02,9.977007587348184492e-01,0.000000000000000000e+00,2.015155584557258850e-01,3.230490439811294912e-01,0.000000000000000000e+00,3.499999940395355225e-01,3.499999940395355225e-01,-6.828113645315170288e-02,-3.499999940395355225e-01,-1.698593944311141968e-01,1.471784114837646484e-01
1.339999999999963221e+00,6.276564584226722587e-01,6.253815711056759374e-02,9.271294436563974894e-01,0.000000000000000000e+00,1.872379475254844217e-01,3.466876895983033724e-01,0.000000000000000000e+00,3.499999940395355225e-01,3.499999940395355225e-01,-6.311705708503723145e-02,-3.499999940395355225e-01,-1.435950696468353271e-01,1.190917491912841797e-01
1.359999999999961018e+00,6.297844777920637016e-01,6.783954775292250217e-02,8.575764164730089734e-01,0.000000000000000000e+00,1.884255855339591057e-01,3.438033420242107008e-01,0.000000000000000000e+00,3.499999940395355225e-01,3.499999940395355225e-01,-1.270682364702224731e-02,-3.499999940395355225e-01,-8.887568861246109009e-02,1.288607865571975708e-01
1.379999999999958815e+00,6.316770100379892616e-01,7.264622683870608499e-02,7.917566659663793915e-01,0.000000000000000000e+00,2.000052859694939345e-01,3.195669962499994021e-01,0.000000000000000000e+00,3.499999940395355225e-01,3.499999940395355225e-01,-2.978122979402542114e-02,-3.499999940395355225e-01,-1.081628948450088501e-01,1.559911221265792847e-01
1.399999999999956612e+00,6.338047479902431114e-01,7.713542482859520044e-02,7.233428733758134888e-01,0.000000000000000000e+00,2.070240711863068350e-01,3.058992795650619656e-01,0.000000000000000000e+00,3.499999940395355225e-01,3.499999940395355225e-01,-5.047623813152313232e-02,-3.499999940395355225e-01,-1.283360123634338379e-01,1.427661329507827759e-01
1.419999999999954410e+00,6.361910711342402269e-01,8.112862177831914323e-02,6.539065557011447538e-01,0.000000000000000000e+00,1.918050832159214902e-01,3.320412592717829070e-01,0.000000000000000000e+00,3.499999940395355225e-01,3.499999940395355225e-01,-1.227634400129318237e-02,-3.499999940395355225e-01,-9.459223598241806030e-02,1.145990863442420959e-01
1.439999999999952207e+00,6.386178696055230253e-01,8.425911769086569247e-02,5.926480705188145182e-01,0.000000000000000000e+00,1.953006715775204294e-01,3.281323256808894584e-01,0.000000000000000000e+00,3.499999940395355225e-01,3.499999940395355225e-01,5.543189868330955505e-02,-3.499999940395355225e-01,-4.956694692373275757e-02,1.149220094084739685e-01
1.459999999999950004e+00,6.411393851793796284e-01,8.664559225338785975e-02,5.388852256050420397e-01,0.000000000000000000e+00,2.089640120385776456e-01,3.068390239686836218e-01,0.000000000000000000e+00,3.499999940395355225e-01,3.499999940395355225e-01,5.392719805240631104e-02,-3.499999940395355225e-01,-7.669360190629959106e-02,1.401168406009674072e-01
1.479999999999947802e+00,6.438228052709256133e-01,8.848456304704582775e-02,4.868885253925245293e-01,0.000000000000000000e+00,2.060663855189907301e-01,3.125908958715845620e-01,0.000000000000000000e+00,3.499999940395355225e-01,3.499999940395355225e-01,7.752002775669097900e-02,-3.499999940395355225e-01,-6.115782633423805237e-02,1.371379494667053223e-01
1.499999999999945599e+00,6.465780440446988742e-01,8.972907382582817615e-02,4.388179405903593344e-01,0.000000000000000000e+00,1.987362996578726504e-01,3.267648094098982159e-01,0.000000000000000000e+00,3.499999940395355225e-01,3.499999940395355225e-01,1.253592520952224731e-01,-3.499999940395355225e-01,-7.409343495965003967e-03,1.384647786617279053e-01
1.519999999999943396e+00,6.493718535800407921e-01,9.036002647580720915e-02,3.983503848533879177e-01,0.000000000000000000e+00,2.043336383553863433e-01,3.203331282750430664e-01,0.000000000000000000e+00,3.499999940395355225e-01,3.499999940395355225e-01,1.641750633716583252e-01,-3.499999940395355225e-01,3.311706334352493286e-02,1.675049960613250732e-01
1.539999999999941194e+00,6.522164493914052175e-01,9.041966439339416128e-02,3.649591712185073500e-01,0.000000000000000000e+00,2.070495812375209577e-01,3.188108742650036520e-01,0.000000000000000000e+00,3.499999940395355225e-01,3.499999940395355225e-01,1.866412907838821411e-01,-3.499999940395355225e-01,5.547223985195159912e-02,1.996754258871078491e-01
1.559999999999938991e+00,6.552365833478560608e-01,8.991947671960276445e-02,3.423113008900579568e-01,0.000000000000000000e+00,1.999090085602219236e-01,3.333872434664943429e-01,0.000000000000000000e+00,3.499999940395355225e-01,3.499999940395355225e-01,2.395564466714859009e-01,-2.900860905647277832e-01,1.049398407340049744e-01,2.239552289247512817e-01
1.579999999999936788e+00,6.583462630213126054e-01,8.889462008824094985e-02,3.250541068550662493e-01,0.000000000000000000e+00,2.098612959817281742e-01,3.212687424398544267e-01,0.000000000000000000e+00,3.499999940395355225e-01,3.499999940395355225e-01,2.322884500026702881e-01,-3.499999940395355225e-01,8.396210521459579468e-02,2.679535150527954102e-01
1.599999999999934586e+00,6.617411304293974172e-01,8.735635682137427027e-02,3.247681249062498443e-01,0.000000000000000000e+00,2.123895982733329524e-01,3.216171150257660649e-01,0.000000000000000000e+00,3.499999940395355225e-01,3.499999940395355225e-01,3.499999940395355225e-01,2.525385096669197083e-02,2.824704051017761230e-01,2.634149193763732910e-01
1.619999999999932383e+00,6.648647811943211305e-01,8.545811519501633757e-02,3.286018287090180512e-01,0.000000000000000000e+00,2.124638455998507647e-01,3.256883716007802354e-01,0.000000000000000000e+00,3.499999940395355225e-01,3.499999940395355225e-01,2.249333858489990234e-01,-3.431816399097442627e-01,8.910469710826873779e-02,3.208566009998321533e-01
1.639999999999930180e+00,6.679711340128913211e-01,8.325349715432200925e-02,3.371946448302602928e-01,0.000000000000000000e+00,2.055172848705868194e-01,3.413590336246726809e-01,0.000000000000000000e+00,3.499999940395355225e-01,3.499999940395355225e-01,3.499999940395355225e-01,3.499999940395355225e-01,3.499999940395355225e-01,3.272862136363983154e-01
1.659999999999927978e+00,6.711795817086850802e-01,8.071685557314783876e-02,3.696602376577016735e-01,0.000000000000000000e+00,2.116246262137793377e-01,3.371192852681750285e-01,0.000000000000000000e+00,3.499999940395355225e-01,3.499999940395355225e-01,3.499999940395355225e-01,-6.239661946892738342e-03,3.249106705188751221e-01,3.499999940395355225e-01
1.679999999999925775e+00,6.739633627822201323e-01,7.778052988288258751e-02,4.115288330703065767e-01,0.000000000000000000e+00,2.016176456490751390e-01,3.592336728814060076e-01,0.000000000000000000e+00,3.499999940395355225e-01,3.499999940395355225e-01,3.499999940395355225e-01,-3.602467477321624756e-02,2.723280489444732666e-01,3.499999940395355225e-01
1.699999999999923572e+00,6.764991093450799520e-01,7.455205672007092499e-02,4.585588644753901266e-01,0.000000000000000000e+00,1.991822122317694621e-01,3.695771057539691817e-01,0.000000000000000000e+00,3.499999940395355225e-01,3.499999940395355225e-01,3.499999940395355225e-01,3.111972212791442871e-01,3.499999940395355225e-01,3.499999940395355225e-01
1.719999999999921370e+00,6.786587317157011245e-01,7.119226671575556997e-02,5.154670334360034190e-01,0.000000000000000000e+00,1.983756089370054543e-01,3.772853831024301496e-01,0.000000000000000000e+00,3.499999940395355225e-01,3.499999940395355225e-01,3.499999940395355225e-01,2.336116731166839600e-01,3.499999940395355225e-01,3.499999940395355225e-01
1.739999999999919167e+00,6.803431831377233507e-01,6.775455009195091582e-02,5.762004865905763218e-01,0.000000000000000000e+00,1.992308061578850764e-01,3.812949123075211055e-01,0.000000000000000000e+00,3.499999940395355225e-01,3.499999940395355225e-01,3.499999940395355225e-01,2.572140693664550781e-01,3.499999940395355225e-01,3.499999940395355225e-01
1.759999999999916964e+00,6.816867975617573183e-01,6.427810196114702723e-02,6.394880140721620476e-01,0.000000000000000000e+00,2.017350606077789599e-01,3.815955607370741798e-01,0.000000000000000000e+00,3.499999940395355225e-01,3.499999940395355225e-01,3.499999940395355225e-01,3.499999940395355225e-01,3.499999940395355225e-01,3.499999940395355225e-01
1.779999999999914762e+00,6.827442493976305649e-01,6.080192369099063354e-02,7.050139489687008432e-01,0.000000000000000000e+00,2.045977009177807615e-01,3.808360135753904308e-01,0.000000000000000000e+00,3.499999940395355225e-01,3.499999940395355225e-01,3.499999940395355225e-01,3.499999940395355225e-01,3.499999940395355225e-01,3.499999940395355225e-01
1.799999999999912559e+00,6.836084850785988376e-01,5.736515532775715576e-02,7.703415252881314901e-01,0.000000000000000000e+00,2.069043459349725056e-01,3.809955479777222820e-01,0.000000000000000000e+00,3.499999940395355225e-01,3.499999940395355225e-01,3.499999940395355225e-01,3.499999940395355225e-01,3.499999940395355225e-01,3.499999940395355225e-01
1.819999999999910356e+00,6.842805042708132168e-01,5.399937314656505505e-02,8.358682784620535822e-01,0.000000000000000000e+00,2.083430236927920343e-01,3.827032116969613096e-01,0.000000000000000000e+00,3.499999940395355225e-01,3.499999940395355225e-01,3.499999940395355225e-01,3.499999940395355225e-01,3.499999940395355225e-01,3.499999940395355225e-01
1.839999999999908153e+00,6.847015880671722954e-01,5.074095908249148801e-02,9.034083689757080871e-01,0.000000000000000000e+00,2.091113294153878754e-01,3.855026811274473442e-01,0.000000000000000000e+00,3.499999940395355225e-01,3.499999940395355225e-01,3.499999940395355225e-01,3.499999940395355225e-01,3.499999940395355225e-01,3.499999940395355225e-01
1.859999999999905951e+00,6.847982407841785024e-01,4.762092627189401517e-02,9.746741654123080023e-01,0.000000000000000000e+00,2.096485319105712841e-01,3.884803304647703182e-01,0.000000000000000000e+00,3.499999940395355225e-01,3.499999940395355225e-01,3.499999940395355225e-01,3.499999940395355225e-01,3.499999940395355225e-01,3.499999940395355225e-01
1.879999999999903748e+00,6.844912369427679222e-01,4.466524210125455419e-02,1.050294359471414474e+00,0.000000000000000000e+00,2.103308804719776770e-01,3.908007005685089630e-01,0.000000000000000000e+00,3.499999940395355225e-01,3.499999940395355225e-01,3.499999940395355225e-01,3.499999940395355225e-01,3.499999940395355225e-01,3.499999940395355225e-01
1.899999999999901545e+00,6.837112997515093493e-01,4.193129275436618952e-02,1.129680111117895347e+00,0.000000000000000000e+00,2.113399978347142161e-01,3.919390608731027625e-01,0.000000000000000000e+00,3.499999940395355225e-01,3.499999940395355225e-01,3.499999940395355225e-01,3.499999940395355225e-01,3.499999940395355225e-01,3.499999940395355225e-01
1.919999999999899343e+00,6.825886109625285414e-01,3.951986541759461291e-02,1.209088364672292970e+00,0.000000000000000000e+00,2.107054562888278915e-01,3.957425599641603564e-01,0.000000000000000000e+00,3.499999940395355225e-01,3.499999940395355225e-01,3.499999940395355225e-01,2.994997501373291016e-01,3.499999940395355225e-01,3.499999940395355225e-01
1.939999999999897140e+00,6.811723068649614410e-01,3.753343048522778114e-02,1.287046256396731536e+00,0.000000000000000000e+00,2.123726266868141421e-01,3.945475352468473806e-01,0.000000000000000000e+00,3.499999940395355225e-01,3.499999940395355225e-01,3.499999940395355225e-01,3.184777796268463135e-01,3.499999940395355225e-01,3.499999940395355225e-01
1.959999999999894937e+00,6.796514818730894358e-01,3.609036713340285640e-02,1.360445924921864780e+00,0.000000000000000000e+00,2.109341195728077767e-01,3.987693944272813207e-01,0.000000000000000000e+00,3.499999940395355225e-01,3.499999940395355225e-01,3.499999940395355225e-01,2.183482199907302856e-01,3.499999940395355225e-01,3.499999940395355225e-01
1.979999999999892735e+00,6.780122138580345625e-01,3.525900805500647994e-02,1.428897636972065843e+00,0.000000000000000000e+00,2.134091107599860593e-01,3.948422861130047035e-01,0.000000000000000000e+00,3.499999940395355225e-01,3.499999940395355225e-01,3.499999940395355225e-01,2.441226840019226074e-01,3.499999940395355225e-01,3.499999940395355225e-01
1.999999999999890532e+00,6.765222553945879902e-01,3.510005663694254485e-02,1.489384930853531852e+00,0.000000000000000000e+00,2.107460235283258598e-01,4.002526617335169234e-01,0.000000000000000000e+00,3.499999940395355225e-01,3.499999940395355225e-01,3.499999940395355225e-01,6.838662177324295044e-02,3.388000726699829102e-01,3.499999940395355225e-01
2.019999999999888551e+00,6.750298327297493683e-01,3.562180854870183877e-02,1.543308750341041646e+00,-2.658320977648906958e-01,2.163072584509174723e-01,3.892366259312955434e-01,1.000000000000000000e+00,3.499999940395355225e-01,3.499999940395355225e-01,3.499999940395355225e-01,1.407310515642166138e-01,3.499999940395355225e-01,3.499999940395355225e-01
2.039999999999886349e+00,6.736563184222932321e-01,3.682737752744180693e-02,1.589598832983087684e+00,-2.761678720161739320e-01,2.176777104784938244e-01,3.849300533265941904e-01,1.000000000000000000e+00,3.499999940395355225e-01,3.499999940395355225e-01,3.499999940395355225e-01,-1.744047403335571289e-01,3.057907819747924805e-01,3.499999940395355225e-01
2.059999999999884146e+00,6.724808050764817802e-01,3.871231190369872621e-02,1.627080341274848241e+00,-2.969842330542379893e-01,2.216977284754918509e-01,3.762565695607341665e-01,1.000000000000000000e+00,3.499999940395355225e-01,3.499999940395355225e-01,3.499999940395355225e-01,-2.731850929558277130e-02,3.499999940395355225e-01,3.499999940395355225e-01
2.079999999999881943e+00,6.718025214477004736e-01,4.132255868279294253e-02,1.653271738139683311e+00,-3.201585755306917691e-01,2.260642442915978267e-01,3.666005935288784157e-01,1.000000000000000000e+00,3.499999940395355225e-01,3.499999940395355225e-01,3.273773789405822754e-01,-3.499999940395355225e-01,2.144734859466552734e-01,3.499999940395355225e-01
2.099999999999879741e+00,6.710431177437875538e-01,4.450817787971983464e-02,1.672656878887564424e+00,-3.351229166789676528e-01,2.284185730941906967e-01,3.603654513837634688e-01,1.000000000000000000e+00,3.499999940395355225e-01,3.499999940395355225e-01,3.499999940395355225e-01,-1.066984310746192932e-01,3.391284346580505371e-01,3.314051628112792969e-01
2.119999999999877538e+00,6.713067875295575249e-01,4.867952432229727400e-02,1.676737590945482026e+00,-3.480845304099964843e-01,2.305939326064798678e-01,3.549647789958347843e-01,1.000000000000000000e+00,3.499999940395355225e-01,3.499999940395355225e-01,1.832700669765472412e-01,-3.499999940395355225e-01,8.084566146135330200e-02,3.394958376884460449e-01
2.139999999999875335e+00,6.714820663107208265e-01,5.329776624189613843e-02,1.671645885455972147e+00,-3.550340165631701850e-01,2.312141857710856840e-01,3.520691597653457516e-01,1.000000000000000000e+00,3.499999940395355225e-01,3.499999940395355225e-01,3.499999940395355225e-01,-1.690437197685241699e-01,3.255090713500976562e-01,3.052000999450683594e-01
2.159999999999873133e+00,6.716732403832490483e-01,5.839738935270405440e-02,1.660003520667910015e+00,-3.625089774805412834e-01,2.318976920481926329e-01,3.489545927164411365e-01,1.000000000000000000e+00,3.499999940395355225e-01,3.499999940395355225e-01,8.798815310001373291e-02,-3.499999940395355225e-01,-9.441785514354705811e-03,3.011316359043121338e-01
2.179999999999870930e+00,6.727908604906523982e-01,6.428829813416642169e-02,1.630747381931062057e+00,-4.059133278280280810e-01,2.416622728879304627e-01,3.308694467383216375e-01,1.000000000000000000e+00,3.499999940395355225e-01,3.499999940395355225e-01,2.108446061611175537e-01,-3.499999940395355225e-01,1.172622814774513245e-01,2.587359249591827393e-01
2.199999999999868727e+00,6.737505999786816968e-01,7.055064055739679318e-02,1.593937161163467175e+00,-4.106689704318821632e-01,2.407929313613894340e-01,3.288879289867157607e-01,1.000000000000000000e+00,3.499999940395355225e-01,3.499999940395355225e-01,1.279312372207641602e-01,-3.499999940395355225e-01,2.739365957677364349e-02,2.626239359378814697e-01
2.219999999999866525e+00,6.749591921770282665e-01,7.738695511749549283e-02,1.546106446170932625e+00,-4.194300980695469527e-01,2.422042574420618932e-01,3.252374591376887558e-01,1.000000000000000000e+00,3.499999940395355225e-01,3.499999940395355225e-01,6.647092103958129883e-02,-3.499999940395355225e-01,-2.002960443496704102e-02,2.367449849843978882e-01
2.239999999999864322e+00,6.761664568988172697e-01,8.454026287307359055e-02,1.489669469502288068e+00,-4.556707218398162729e-01,2.508769856003286725e-01,3.101371992334098771e-01,1.000000000000000000e+00,3.499999940395355225e-01,3.499999940395355225e-01,3.382969647645950317e-02,-3.499999940395355225e-01,-3.967282176017761230e-02,2.043512612581253052e-01
2.259999999999862119e+00,6.770277565513486140e-01,9.154660277636977872e-02,1.430575529988682426e+00,-4.832985917920613606e-01,2.569659877245730195e-01,2.986255867533077479e-01,1.000000000000000000e+00,3.499999940395355225e-01,3.499999940395355225e-01,2.298241853713989258e-02,-3.499999940395355225e-01,-5.396132916212081909e-02,1.924848854541778564e-01
2.279999999999859916e+00,6.776215149743785027e-01,9.820447342481863906e-02,1.371684853822283889e+00,-4.722848979220182764e-01,2.520303754841868304e-01,3.032146258658257043e-01,1.000000000000000000e+00,3.499999940395355225e-01,3.499999940395355225e-01,2.503680530935525894e-03,-3.499999940395355225e-01,-8.480383455753326416e-02,1.931943446397781372e-01
2.299999999999857714e+00,6.782670958329864996e-01,1.046337515558181108e-01,1.311306745026583398e+00,-4.563980071347020773e-01,2.470334962032800508e-01,3.098341636938741206e-01,1.000000000000000000e+00,3.499999940395355225e-01,3.499999940395355225e-01,-1.815233379602432251e-02,-3.499999940395355225e-01,-1.116124019026756287e-01,1.832873225212097168e-01
2.319999999999855511e+00,6.790621942292836000e-01,1.109031564975418438e-01,1.248553701134011540e+00,-4.701728571393188338e-01,2.506654669565716032e-01,3.040946428586171479e-01,1.000000000000000000e+00,3.499999940395355225e-01,3.499999940395355225e-01,-1.853153668344020844e-02,-3.499999940395355225e-01,-1.149583756923675537e-01,1.716867387294769287e-01
2.339999999999853308e+00,6.799165006927493371e-01,1.169292100862437955e-01,1.184779109944681608e+00,-5.033305104148632081e-01,2.598492396450402531e-01,2.902789539938069874e-01,1.000000000000000000e+00,3.499999940395355225e-01,3.499999940395355225e-01,-9.042119607329368591e-03,-3.499999940395355225e-01,-1.064590588212013245e-01,1.679261922836303711e-01
2.359999999999851106e+00,6.808240651502283081e-01,1.226676351434705103e-01,1.120524019902408464e+00,-5.120889645912736210e-01,2.613396102913202457e-01,2.866295980869693061e-01,1.000000000000000000e+00,3.499999940395355225e-01,3.499999940395355225e-01,-5.594279617071151733e-03,-3.499999940395355225e-01,-1.013630479574203491e-01,1.693191230297088623e-01
2.379999999999848903e+00,6.818752452657671492e-01,1.281311328141939154e-01,1.055021424072036584e+00,-5.111458971642325322e-01,2.606858231927284275e-01,2.870225428482364172e-01,1.000000000000000000e+00,3.499999940395355225e-01,3.499999940395355225e-01,-3.239574376493692398e-03,-3.499999940395355225e-01,-9.649706631898880005e-02,1.673714518547058105e-01
2.399999999999846700e+00,6.831239045614062588e-01,1.332457654933350000e-01,9.887396595077693195e-01,-5.240402341225142147e-01,2.652385595530466489e-01,2.816499024489523828e-01,1.000000000000000000e+00,3.499999940395355225e-01,3.499999940395355225e-01,1.043507643043994904e-02,-3.499999940395355225e-01,-8.289795368909835815e-02,1.616854518651962280e-01
2.419999999999844498e+00,6.845708851969730668e-01,1.378444096289458409e-01,9.241876008815232968e-01,-5.377999076399377909e-01,2.701801371135622576e-01,2.759167051500259205e-01,1.000000000000000000e+00,3.499999940395355225e-01,3.499999940395355225e-01,3.603604063391685486e-02,-3.499999940395355225e-01,-6.213145330548286438e-02,1.583924740552902222e-01
2.439999999999842295e+00,6.862368272527056279e-01,1.418247402497596066e-01,8.634958227592820501e-01,-5.283725248231873062e-01,2.669642084293857853e-01,2.798447813236719650e-01,1.000000000000000000e+00,3.499999940395355225e-01,3.499999940395355225e-01,6.086092442274093628e-02,-3.499999940395355225e-01,-4.608324915170669556e-02,1.617448776960372925e-01
2.459999999999840092e+00,6.881615752127506758e-01,1.451859899884486715e-01,8.070868910661661566e-01,-5.204742697013304831e-01,2.651980684353018591e-01,2.831357209577789469e-01,1.000000000000000000e+00,3.499999940395355225e-01,3.499999940395355225e-01,8.538711071014404297e-02,-3.499999940395355225e-01,-3.091348521411418915e-02,1.668718755245208740e-01
2.479999999999837890e+00,6.903555640594767340e-01,1.479306925844172116e-01,7.554790719072415062e-01,-5.229205479434527737e-01,2.675939367680479353e-01,2.821164383568946499e-01,1.000000000000000000e+00,3.499999940395355225e-01,3.499999940395355225e-01,1.185233518481254578e-01,-3.499999940395355225e-01,-5.916687659919261932e-03,1.727973818778991699e-01
2.499999999999835687e+00,6.928081893959190385e-01,1.500564191196849251e-01,7.099251518633273861e-01,-5.246524344908349846e-01,2.700975297299730848e-01,2.813948189621520712e-01,1.000000000000000000e+00,3.499999940395355225e-01,3.499999940395355225e-01,1.555891036987304688e-01,-3.499999940395355225e-01,2.402285113930702209e-02,1.847121566534042358e-01
2.519999999999833484e+00,6.955116360376382145e-01,1.515830627750783810e-01,6.715357297397602787e-01,-5.228349318884042418e-01,2.717062959568324332e-01,2.821521117131648992e-01,1.000000000000000000e+00,3.499999940395355225e-01,3.499999940395355225e-01,1.947241723537445068e-01,-3.499999940395355225e-01,5.649938434362411499e-02,2.030274868011474609e-01
2.539999999999831282e+00,6.984550383799934536e-01,1.525213290201712368e-01,6.414129840814133399e-01,-5.272929746847644372e-01,2.762270768313722091e-01,2.802945938813481419e-01,1.000000000000000000e+00,3.499999940395355225e-01,3.499999940395355225e-01,2.407036423683166504e-01,-3.499999940395355225e-01,9.542363137006759644e-02,2.267506420612335205e-01
2.559999999999829079e+00,7.016675220101267207e-01,1.529054091095841672e-01,6.217737978223405459e-01,-5.238590194114070009e-01,2.777526627264190195e-01,2.817254085785804163e-01,1.000000000000000000e+00,3.499999940395355225e-01,3.499999940395355225e-01,2.931300103664398193e-01,-3.304899632930755615e-01,1.389138847589492798e-01,2.564375996589660645e-01
2.579999999999826876e+00,7.051342713908731463e-01,1.528078189945127896e-01,6.118902191230655152e-01,-5.437847018403303423e-01,2.896927708139949154e-01,2.734230408998623574e-01,1.000000000000000000e+00,3.499999940395355225e-01,3.499999940395355225e-01,3.248932957649230957e-01,-3.168446421623229980e-01,1.640700995922088623e-01,2.910643219947814941e-01
2.599999999999824674e+00,7.088010880945376790e-01,1.523623184042165457e-01,6.140351077975720884e-01,-5.185437399210579557e-01,2.826377525699474424e-01,2.839401083662258518e-01,1.000000000000000000e+00,3.499999940395355225e-01,3.499999940395355225e-01,3.499999940395355225e-01,-1.966758072376251221e-01,2.510577440261840820e-01,3.219339847564697266e-01
2.619999999999822471e+00,7.123694248022325315e-01,1.515389981908686901e-01,6.190502326602084215e-01,-5.272469739937374333e-01,2.903322166376667290e-01,2.803137608359427269e-01,1.000000000000000000e+00,3.499999940395355225e-01,3.499999940395355225e-01,3.499999940395355225e-01,-3.118116557598114014e-01,2.361891567707061768e-01,3.499999940395355225e-01
2.639999999999820268e+00,7.159539134302452812e-01,1.504848075000351226e-01,6.276046191109384553e-01,-5.008874282921449428e-01,2.835519240930410301e-01,2.912969048782729220e-01,1.000000000000000000e+00,3.499999940395355225e-01,3.499999940395355225e-01,3.499999940395355225e-01,2.185958474874496460e-01,3.499999940395355225e-01,3.499999940395355225e-01
2.659999999999818066e+00,7.196263967568337083e-01,1.492356312087839698e-01,6.494873750310793392e-01,-4.566908514224197191e-01,2.709487796247354030e-01,3.097121452406584319e-01,1.000000000000000000e+00,3.499999940395355225e-01,3.499999940395355225e-01,3.499999940395355225e-01,3.034449741244316101e-02,3.499999940395355225e-01,3.499999940395355225e-01
2.679999999999815863e+00,7.232291737547766886e-01,1.475729741545439566e-01,6.825135554063939125e-01,-4.296377118639039261e-01,2.661468271418224174e-01,3.209842867233733688e-01,1.000000000000000000e+00,3.499999940395355225e-01,3.499999940395355225e-01,3.499999940395355225e-01,2.987677045166492462e-02,3.499999940395355225e-01,3.499999940395355225e-01
2.699999999999813660e+00,7.267309717233617627e-01,1.454413388438330346e-01,7.256861237637554085e-01,-4.058777826092890284e-01,2.625760416252992946e-01,3.308842572461295761e-01,1.000000000000000000e+00,3.499999940395355225e-01,3.499999940395355225e-01,3.499999940395355225e-01,1.871460825204849243e-01,3.499999940395355225e-01,3.499999940395355225e-01
2.719999999999811457e+00,7.300174176710358953e-01,1.428899641964725964e-01,7.756717388453445716e-01,-3.619097618859474230e-01,2.525585589619354643e-01,3.492042658808552358e-01,1.000000000000000000e+00,3.499999940395355225e-01,3.499999940395355225e-01,3.499999940395355225e-01,1.582153439521789551e-01,3.499999940395355225e-01,3.499999940395355225e-01
2.739999999999809255e+00,7.330647320913585840e-01,1.400406212656825633e-01,8.323627454581176144e-01,-3.560877856658795637e-01,2.544428418177493989e-01,3.516300893058835197e-01,1.000000000000000000e+00,3.499999940395355225e-01,3.499999940395355225e-01,3.499999940395355225e-01,3.499999940395355225e-01,3.499999940395355225e-01,3.499999940395355225e-01
2.759999999999807052e+00,7.357664889680939346e-01,1.370476776134583741e-01,8.918393873784404846e-01,-3.141287610071953340e-01,2.456276124628773427e-01,3.691130162470019349e-01,1.000000000000000000e+00,3.499999940395355225e-01,3.499999940395355225e-01,3.499999940395355225e-01,2.285064160823822021e-01,3.499999940395355225e-01,3.499999940395355225e-01
2.779999999999804849e+00,7.382324799466184473e-01,1.340163655387009434e-01,9.511562779028639447e-01,-2.893767889161608653e-01,2.421172278745688800e-01,3.794263379515996348e-01,1.000000000000000000e+00,3.499999940395355225e-01,3.499999940395355225e-01,3.499999940395355225e-01,3.499999940395355225e-01,3.499999940395355225e-01,3.499999940395355225e-01
2.799999999999802647e+00,7.403680896976516657e-01,1.309696922757714321e-01,1.015412741028365096e+00,-2.826979833065100811e-01,2.431855035339257065e-01,3.822091736222874570e-01,1.000000000000000000e+00,3.499999940395355225e-01,3.499999940395355225e-01,3.499999940395355225e-01,3.499999940395355225e-01,3.499999940395355225e-01,3.499999940395355225e-01
2.819999999999800444e+00,7.421591108372066481e-01,1.279173735656312649e-01,1.083367365620039102e+00,-2.861041423253469218e-01,2.465450141441567211e-01,3.807899406977721113e-01,1.000000000000000000e+00,3.499999940395355225e-01,3.499999940395355225e-01,3.499999940395355225e-01,3.499999940395355225e-01,3.499999940395355225e-01,3.499999940395355225e-01
2.839999999999798241e+00,7.436042727030316435e-01,1.248672434471408410e-01,1.154400889460533763e+00,-2.904835895781974764e-01,2.498372858524696705e-01,3.789651710090843895e-01,1.000000000000000000e+00,3.499999940395355225e-01,3.499999940395355225e-01,3.499999940395355225e-01,3.499999940395355225e-01,3.499999940395355225e-01,3.499999940395355225e-01
2.859999999999796039e+00,7.446781989732006446e-01,1.218559774601071233e-01,1.228280646163464329e+00,-2.903710267757880215e-01,2.516419130105108093e-01,3.790120721767549772e-01,1.000000000000000000e+00,3.499999940395355225e-01,3.499999940395355225e-01,3.499999940395355225e-01,3.499999940395355225e-01,3.499999940395355225e-01,3.499999940395355225e-01
2.879999999999793836e+00,7.453292918435463488e-01,1.189419622885590777e-01,1.304834268789942131e+00,-2.847095344473973832e-01,2.517547794414149998e-01,3.813710273135844098e-01,1.000000000000000000e+00,3.499999940395355225e-01,3.499999940395355225e-01,3.499999940395355225e-01,3.499999940395355225e-01,3.499999940395355225e-01,3.499999940395355225e-01
2.899999999999791633e+00,7.455498408404702682e-01,1.162141564056373699e-01,1.382528835793391142e+00,-2.668823976239748652e-01,2.485956961515306540e-01,3.887990009900104682e-01,1.000000000000000000e+00,3.499999940395355225e-01,3.499999940395355225e-01,3.499999940395355225e-01,3.245245218276977539e-01,3.499999940395355225e-01,3.499999940395355225e-01
2.919999999999789431e+00,7.453811642896448486e-01,1.137746695317351509e-01,1.459348585216607930e+00,-2.541599885871508868e-01,2.467532732298617082e-01,3.941000047553537833e-01,1.000000000000000000e+00,3.499999940395355225e-01,3.499999940395355225e-01,3.499999940395355225e-01,3.013156056404113770e-01,3.499999940395355225e-01,3.499999940395355225e-01
2.939999999999787228e+00,7.448549846373463401e-01,1.117143135073958571e-01,1.533889157745267573e+00,-2.309766287462611534e-01,2.421402687353997052e-01,4.037597380223911792e-01,1.000000000000000000e+00,3.499999940395355225e-01,3.499999940395355225e-01,3.499999940395355225e-01,2.669460773468017578e-01,3.499999940395355225e-01,3.499999940395355225e-01
2.959999999999785025e+00,7.440145820109388408e-01,1.101132744910808814e-01,1.604828829361089504e+00,-2.263255809255036999e-01,2.417854407265609407e-01,4.056976746143734491e-01,1.000000000000000000e+00,3.499999940395355225e-01,3.499999940395355225e-01,3.499999940395355225e-01,2.232599854469299316e-01,3.499999940395355225e-01,3.499999940395355225e-01
2.979999999999782823e+00,7.429243627949136952e-01,1.090427038037671825e-01,1.670850857735199924e+00,-2.072612799570764108e-01,2.375808085489207189e-01,4.136411333512181598e-01,1.000000000000000000e+00,3.499999940395355225e-01,3.499999940395355225e-01,3.499999940395355225e-01,1.660707890987396240e-01,3.499999940395355225e-01,3.499999940395355225e-01
2.999999999999780620e+00,7.416662146491380669e-01,1.085680231263077555e-01,1.730672174080730485e+00,-2.203030868011950361e-01,2.405397161818471075e-01,4.082070471661687350e-01,1.000000000000000000e+00,3.499999940395355225e-01,3.499999940395355225e-01,3.499999940395355225e-01,9.882646799087524414e-02,3.499999940395355225e-01,3.499999940395355225e-01
3.019999999999778417e+00,7.403369255351750500e-01,1.087537848961838138e-01,1.783031441668542660e+00,-1.983077578860138745e-01,2.349163432471146895e-01,4.173717675474942213e-01,1.000000000000000000e+00,3.499999940395355225e-01,3.499999940395355225e-01,3.499999940395355225e-01,1.748570427298545837e-02,3.499999940395355225e-01,3.499999940395355225e-01
3.039999999999776215e+00,7.389757904034542912e-01,1.096359516489545105e-01,1.827261838350403345e+00,-2.111487427333305356e-01,2.374020927516861390e-01,4.120213571944456032e-01,1.000000000000000000e+00,3.499999940395355225e-01,3.499999940395355225e-01,3.499999940395355225e-01,-6.188899651169776917e-02,3.499999940395355225e-01,3.499999940395355225e-01
3.059999999999774012e+00,7.376685365474385803e-01,1.112394824059564913e-01,1.861988977576396476e+00,-1.824680695927296536e-01,2.300091025123342514e-01,4.239716376696959776e-01,1.000000000000000000e+00,3.499999940395355225e-01,3.499999940395355225e-01,3.499999940395355225e-01,-1.615681648254394531e-01,3.177375495433807373e-01,3.499999940395355225e-01
3.079999999999771809e+00,7.364048652853980581e-01,1.135201873978612386e-01,1.887513608502141338e+00,-2.189158498860951929e-01,2.369978146733608682e-01,4.087850625474603317e-01,1.000000000000000000e+00,3.499999940395355225e-01,3.499999940395355225e-01,3.499999940395355225e-01,-2.209848463535308838e-01,2.933751344680786133e-01,3.499999940395355225e-01
3.099999999999769607e+00,7.353456079905559273e-01,1.164956551342030133e-01,1.902076060841259908e+00,-1.580319682285146743e-01,2.223284606113992423e-01,4.341533465714522144e-01,1.000000000000000000e+00,3.499999940395355225e-01,3.499999940395355225e-01,3.499999940395355225e-01,-3.499999940395355225e-01,2.292332202196121216e-01,3.443027436733245850e-01
3.119999999999767404e+00,7.341545635423836202e-01,1.199891866827688669e-01,1.909518222913854979e+00,-2.637220551450302763e-01,2.436511050639371678e-01,3.901158103562373802e-01,1.000000000000000000e+00,3.499999940395355225e-01,3.499999940395355225e-01,3.499999940395355225e-01,-3.284360170364379883e-01,2.378280162811279297e-01,3.218982815742492676e-01
3.139999999999765201e+00,7.333389998952343225e-01,1.244319058652018084e-01,1.906597211661518187e+00,-2.082338737673476159e-01,2.281201148700600367e-01,4.132358859302718290e-01,1.000000000000000000e+00,3.499999940395355225e-01,3.499999940395355225e-01,2.260009199380874634e-01,-3.499999940395355225e-01,1.032925918698310852e-01,3.166609704494476318e-01
3.159999999999762998e+00,7.328623497845286883e-01,1.298421567824314393e-01,1.890988691320459880e+00,-2.449752994971770848e-01,2.363907781064140956e-01,3.979269585428428790e-01,1.000000000000000000e+00,3.499999940395355225e-01,3.499999940395355225e-01,2.320165783166885376e-01,-3.499999940395355225e-01,1.479885280132293701e-01,3.095661997795104980e-01
3.179999999999760796e+00,7.324755912403700941e-01,1.359901172691702076e-01,1.863938618563437677e+00,-2.326461211893139092e-01,2.314572474560452620e-01,4.030641161711192022e-01,1.000000000000000000e+00,3.499999940395355225e-01,3.499999940395355225e-01,1.052056923508644104e-01,-3.499999940395355225e-01,3.635553643107414246e-02,2.932703495025634766e-01
3.199999999999758593e+00,7.322296129398886411e-01,1.428432081958815325e-01,1.823046249643101024e+00,-2.238429974770023423e-01,2.286122203910996020e-01,4.067320843845823597e-01,1.000000000000000000e+00,3.499999940395355225e-01,3.499999940395355225e-01,9.151046723127365112e-02,-3.499999940395355225e-01,3.691162168979644775e-02,2.566264867782592773e-01
3.219999999999756390e+00,7.315366840966531781e-01,1.495638720653035825e-01,1.777585065843149126e+00,-2.658939403676510715e-01,2.356277707786995357e-01,3.892108581801453915e-01,1.000000000000000000e+00,3.499999940395355225e-01,3.499999940395355225e-01,7.569721341133117676e-02,-3.499999940395355225e-01,9.069041116163134575e-04,2.413404285907745361e-01
3.239999999999754188e+00,7.305420033904082011e-01,1.559623731848565065e-01,1.730765906076395355e+00,-3.272364786425435157e-01,2.468444573465500003e-01,3.636514672322735398e-01,1.000000000000000000e+00,3.499999940395355225e-01,3.499999940395355225e-01,4.646395146846771240e-02,-3.499999940395355225e-01,-5.006165802478790283e-02,2.289006561040878296e-01
3.259999999999751985e+00,7.295195094664548296e-01,1.621943573802321348e-01,1.681830644196901092e+00,-3.725606179164343001e-01,2.552863056699270494e-01,3.447664092014857129e-01,1.000000000000000000e+00,3.499999940395355225e-01,3.499999940395355225e-01,2.957736328244209290e-02,-3.499999940395355225e-01,-8.012913167476654053e-02,2.102440893650054932e-01
3.279999999999749782e+00,7.285584735839722992e-01,1.683988605366504299e-01,1.629931341248405774e+00,-4.011332843043521890e-01,2.605544821970218750e-01,3.328611315398532500e-01,1.000000000000000000e+00,3.499999940395355225e-01,3.499999940395355225e-01,1.881535910069942474e-02,-3.499999940395355225e-01,-9.357142448425292969e-02,1.998898535966873169e-01
3.299999999999747580e+00,7.277012402411467962e-01,1.747285780741679728e-01,1.573405853392428000e+00,-4.173285164529954572e-01,2.630163095759248115e-01,3.261131181445852123e-01,1.000000000000000000e+00,3.499999940395355225e-01,3.499999940395355225e-01,2.647992223501205444e-04,-3.499999940395355225e-01,-1.042531281709671021e-01,1.940116137266159058e-01
3.319999999999745377e+00,7.269622346212780695e-01,1.812278678417661437e-01,1.511076265837419053e+00,-4.198876470638565062e-01,2.617717262100731634e-01,3.250468137233931132e-01,1.000000000000000000e+00,3.499999940395355225e-01,3.499999940395355225e-01,-1.263644732534885406e-02,-3.499999940395355225e-01,-1.059375032782554626e-01,1.863975375890731812e-01
3.339999999999743174e+00,7.263151629751108951e-01,1.876983394019874352e-01,1.444539811621279979e+00,-4.128957131509266021e-01,2.580292860629702090e-01,3.279601195204472353e-01,1.000000000000000000e+00,3.499999940395355225e-01,3.499999940395355225e-01,-1.170014124363660812e-02,-3.499999940395355225e-01,-9.850665926933288574e-02,1.793887019157409668e-01
3.359999999999740972e+00,7.257956774364474617e-01,1.938827600874371004e-01,1.376834624795993500e+00,-4.078949853721292595e-01,2.551968405905947757e-01,3.300437560949461280e-01,1.000000000000000000e+00,3.499999940395355225e-01,3.499999940395355225e-01,-4.214461892843246460e-03,-3.499999940395355225e-01,-9.286833554506301880e-02,1.748035401105880737e-01
3.379999999999738769e+00,7.255161773862209840e-01,1.996479698361331989e-01,1.310107916846161347e+00,-4.130379715830082010e-01,2.555058982581175919e-01,3.279008451737465690e-01,1.000000000000000000e+00,3.499999940395355225e-01,3.499999940395355225e-01,6.673723924905061722e-03,-3.499999940395355225e-01,-8.976410329341888428e-02,1.708121448755264282e-01
3.399999999999736566e+00,7.255723500040771601e-01,2.049445768166541226e-01,1.245514919292387779e+00,-4.256714860733184502e-01,2.582538180711049236e-01,3.226368808027839652e-01,1.000000000000000000e+00,3.499999940395355225e-01,3.499999940395355225e-01,2.457918785512447357e-02,-3.499999940395355225e-01,-8.184216916561126709e-02,1.677857637405395508e-01
3.419999999999734364e+00,7.259953849799202219e-01,2.097501562818303578e-01,1.183719752694156746e+00,-4.362519038777266656e-01,2.607702422573834333e-01,3.182283733842805606e-01,1.000000000000000000e+00,3.499999940395355225e-01,3.499999940395355225e-01,4.696477577090263367e-02,-3.499999940395355225e-01,-6.799533218145370483e-02,1.678665727376937866e-01
3.439999999999732161e+00,7.267734689039495599e-01,2.140756934476514273e-01,1.124666171949591176e+00,-4.396755006919956243e-01,2.615065257671412291e-01,3.168018747116684852e-01,1.000000000000000000e+00,3.499999940395355225e-01,3.499999940395355225e-01,6.790576875209808350e-02,-3.499999940395355225e-01,-5.138185992836952209e-02,1.710120290517807007e-01
3.459999999999729958e+00,7.278849098026985986e-01,2.179293240665362008e-01,1.068203368839365730e+00,-4.372765148071241503e-01,2.608001419339930904e-01,3.178014521636982614e-01,1.000000000000000000e+00,3.499999940395355225e-01,3.499999940395355225e-01,9.063292294740676880e-02,-3.499999940395355225e-01,-2.896764315664768219e-02,1.747685819864273071e-01
3.479999999999727756e+00,7.293263052817541281e-01,2.212766661882981101e-01,1.015386250884187103e+00,-4.312429327257243372e-01,2.592953623672364372e-01,3.203154446976148595e-01,1.000000000000000000e+00,3.499999940395355225e-01,3.499999940395355225e-01,1.203936189413070679e-01,-3.499999940395355225e-01,1.073190127499401569e-03,1.802941113710403442e-01
3.499999999999725553e+00,7.311334683963598424e-01,2.240883284246417695e-01,9.682517089653625009e-01,-4.239803581951192002e-01,2.578201690191457840e-01,3.233415174187003194e-01,1.000000000000000000e+00,3.499999940395355225e-01,3.499999940395355225e-01,1.552517116069793701e-01,-3.499999940395355225e-01,3.226704895496368408e-02,1.911190003156661987e-01
3.519999999999723350e+00,7.333593184749535032e-01,2.263669865174700035e-01,9.286679298864888299e-01,-4.172288222642896449e-01,2.569816564868567244e-01,3.261546573898793100e-01,1.000000000000000000e+00,3.499999940395355225e-01,3.499999940395355225e-01,1.942560970783233643e-01,-3.499999940395355225e-01,6.184835359454154968e-02,2.072142511606216431e-01
3.539999999999721148e+00,7.360296258788240342e-01,2.281081633583164070e-01,8.982033759976156828e-01,-4.120208760251374280e-01,2.570961914316882146e-01,3.283246349895260763e-01,1.000000000000000000e+00,3.499999940395355225e-01,3.499999940395355225e-01,2.426376193761825562e-01,-3.499999940395355225e-01,9.605418145656585693e-02,2.283089905977249146e-01
3.559999999999718945e+00,7.391498690865053733e-01,2.293399392275063953e-01,8.785241543188661018e-01,-4.047672572321724394e-01,2.569218408966971734e-01,3.313469761532614744e-01,1.000000000000000000e+00,3.499999940395355225e-01,3.499999940395355225e-01,2.996400296688079834e-01,-3.483406007289886475e-01,1.369462609291076660e-01,2.565880715847015381e-01
3.579999999999716742e+00,7.427012105643591156e-01,2.301545690438511205e-01,8.725905068460303449e-01,-4.186831959878680731e-01,2.641300231720779546e-01,3.255486683383883029e-01,1.000000000000000000e+00,3.499999940395355225e-01,3.499999940395355225e-01,3.499999940395355225e-01,-2.792644500732421875e-01,1.814098656177520752e-01,2.891387641429901123e-01
3.599999999999714539e+00,7.463985139921415213e-01,2.305991116864442025e-01,8.699138037668054935e-01,-3.637724879002116607e-01,2.491241344094308752e-01,3.484281300415784655e-01,1.000000000000000000e+00,3.499999940395355225e-01,3.499999940395355225e-01,3.334563970565795898e-01,-3.499999940395355225e-01,1.721545606851577759e-01,3.232216238975524902e-01
3.619999999999712337e+00,7.501366532260954623e-01,2.308691705430432339e-01,8.720280411177955271e-01,-3.825195626959466133e-01,2.579481343194010012e-01,3.406168488766889157e-01,1.000000000000000000e+00,3.499999940395355225e-01,3.499999940395355225e-01,3.499999940395355225e-01,9.661754965782165527e-02,3.499999940395355225e-01,3.384341895580291748e-01
3.639999999999710134e+00,7.538621767450055522e-01,2.309273070903854475e-01,8.853075369843494968e-01,-3.725386326289055194e-01,2.579275475812032870e-01,3.447755697379560336e-01,1.000000000000000000e+00,3.499999940395355225e-01,3.499999940395355225e-01,3.499999940395355225e-01,-1.665691286325454712e-01,3.375265896320343018e-01,3.499999940395355225e-01
3.659999999999707931e+00,7.576846286464478109e-01,2.306420574358158948e-01,9.074801207449265661e-01,-3.647842578016262660e-01,2.582233671419682519e-01,3.480065592493223892e-01,1.000000000000000000e+00,3.499999940395355225e-01,3.499999940395355225e-01,3.499999940395355225e-01,1.370130851864814758e-02,3.499999940395355225e-01,3.499999940395355225e-01
3.679999999999705729e+00,7.616475999995414581e-01,2.299504910179884787e-01,9.406011325567660286e-01,-3.548668435311349012e-01,2.581246648379572628e-01,3.521388151953604440e-01,1.000000000000000000e+00,3.499999940395355225e-01,3.499999940395355225e-01,3.499999940395355225e-01,2.738484181463718414e-02,3.499999940395355225e-01,3.499999940395355225e-01
3.699999999999703526e+00,7.656721935577343041e-01,2.288113672392629860e-01,9.834724563789072338e-01,-3.423083751374869643e-01,2.574805033219618733e-01,3.573715103593804177e-01,1.000000000000000000e+00,3.499999940395355225e-01,3.499999940395355225e-01,3.499999940395355225e-01,1.792563349008560181e-01,3.499999940395355225e-01,3.499999940395355225e-01
3.719999999999701323e+00,7.695842952424924999e-01,2.272409750566333209e-01,1.032622754769465079e+00,-3.283547759427078438e-01,2.565352980117883708e-01,3.631855100238717271e-01,1.000000000000000000e+00,3.499999940395355225e-01,3.499999940395355225e-01,3.499999940395355225e-01,1.515773236751556396e-01,3.499999940395355225e-01,3.499999940395355225e-01
3.739999999999699121e+00,7.733212861668201654e-01,2.253431126015830177e-01,1.088332342604308556e+00,-3.142247991898381998e-01,2.555713028050115021e-01,3.690730003375674029e-01,1.000000000000000000e+00,3.499999940395355225e-01,3.499999940395355225e-01,3.499999940395355225e-01,3.407348394393920898e-01,3.499999940395355225e-01,3.499999940395355225e-01
3.759999999999696918e+00,7.767528012831113049e-01,2.232261631453924533e-01,1.146785969514245940e+00,-3.003211335753571132e-01,2.545669807929205608e-01,3.748661943436011890e-01,1.000000000000000000e+00,3.499999940395355225e-01,3.499999940395355225e-01,3.499999940395355225e-01,2.151601165533065796e-01,3.499999940395355225e-01,3.499999940395355225e-01
3.779999999999694715e+00,7.799641395753024176e-01,2.209966714547578759e-01,1.205867836777091862e+00,-2.921160767705751060e-01,2.550282105095119101e-01,3.782849680122603586e-01,1.000000000000000000e+00,3.499999940395355225e-01,3.499999940395355225e-01,3.499999940395355225e-01,3.499999940395355225e-01,3.499999940395355225e-01,3.499999940395355225e-01
3.799999999999692513e+00,7.828508569182275334e-01,2.186392211849614853e-01,1.271056003756855235e+00,-2.877349662470599090e-01,2.562949584070370324e-01,3.801104307303916907e-01,1.000000000000000000e+00,3.499999940395355225e-01,3.499999940395355225e-01,3.499999940395355225e-01,3.499999940395355225e-01,3.499999940395355225e-01,3.499999940395355225e-01
3.819999999999690310e+00,7.853913660440869915e-01,2.161612723062423802e-01,1.340349180506650306e+00,-2.844578142833043555e-01,2.575916701026653155e-01,3.814759107152898565e-01,1.000000000000000000e+00,3.499999940395355225e-01,3.499999940395355225e-01,3.499999940395355225e-01,3.499999940395355225e-01,3.499999940395355225e-01,3.499999940395355225e-01
3.839999999999688107e+00,7.875898196057868894e-01,2.135930982247123966e-01,1.412471381275297810e+00,-2.802961054525084372e-01,2.584231576333997360e-01,3.832099560614548039e-01,1.000000000000000000e+00,3.499999940395355225e-01,3.499999940395355225e-01,3.499999940395355225e-01,3.499999940395355225e-01,3.499999940395355225e-01,3.499999940395355225e-01
3.859999999999685905e+00,7.894178233811509626e-01,2.109859232424339259e-01,1.486893347903675444e+00,-2.747623961798966175e-01,2.586886756852501690e-01,3.855156682583764094e-01,1.000000000000000000e+00,3.499999940395355225e-01,3.499999940395355225e-01,3.499999940395355225e-01,3.499999940395355225e-01,3.499999940395355225e-01,3.499999940395355225e-01
3.879999999999683702e+00,7.908110523473803610e-01,2.083915875329147571e-01,1.563499868486567745e+00,-2.685961564327327133e-01,2.585736101323261038e-01,3.880849348196946935e-01,1.000000000000000000e+00,3.499999940395355225e-01,3.499999940395355225e-01,3.499999940395355225e-01,3.499999940395355225e-01,3.499999940395355225e-01,3.499999940395355225e-01
3.899999999999681499e+00,7.917723858080367716e-01,2.059093624208734319e-01,1.640217640845339497e+00,-2.573803300125374616e-01,2.569129736951873411e-01,3.927581958281093910e-01,1.000000000000000000e+00,3.499999940395355225e-01,3.499999940395355225e-01,3.499999940395355225e-01,3.076276183128356934e-01,3.499999940395355225e-01,3.499999940395355225e-01
3.919999999999679297e+00,7.922791252956694619e-01,2.036107316389185184e-01,1.716137425535828820e+00,-2.528271123681360422e-01,2.567827639310807930e-01,3.946553698466099824e-01,1.000000000000000000e+00,3.499999940395355225e-01,3.499999940395355225e-01,3.499999940395355225e-01,3.072519898414611816e-01,3.499999940395355225e-01,3.499999940395355225e-01
3.939999999999677094e+00,7.923747039615499643e-01,2.016022454689836430e-01,1.789285852564164392e+00,-2.405749845929290309e-01,2.543417835700833018e-01,3.997604230862795704e-01,1.000000000000000000e+00,3.499999940395355225e-01,3.499999940395355225e-01,3.499999940395355225e-01,2.315050661563873291e-01,3.499999940395355225e-01,3.499999940395355225e-01
3.959999999999674891e+00,7.920143952039440105e-01,1.999172474042473224e-01,1.859569502063206814e+00,-2.429309416849390335e-01,2.553470626148592881e-01,3.987787742979420624e-01,1.000000000000000000e+00,3.499999940395355225e-01,3.499999940395355225e-01,3.499999940395355225e-01,2.386426478624343872e-01,3.499999940395355225e-01,3.499999940395355225e-01
3.979999999999672688e+00,7.913350281951714305e-01,1.987030601313900524e-01,1.924255378104069880e+00,-2.294303525958142354e-01,2.519631402553675903e-01,4.044040197517440594e-01,1.000000000000000000e+00,3.499999940395355225e-01,3.499999940395355225e-01,3.499999940395355225e-01,1.042685359716415405e-01,3.499999940395355225e-01,3.499999940395355225e-01
3.999999999999670486e+00,7.902448513929398732e-01,1.979428480802494228e-01,1.984209843196897971e+00,-2.436333520532993346e-01,2.552757979266070398e-01,3.984861033111252726e-01,1.000000000000000000e+00,3.499999940395355225e-01,3.499999940395355225e-01,3.499999940395355225e-01,1.423933804035186768e-01,3.499999940395355225e-01,3.499999940395355225e-01
4.019999999999677165e+00,7.888824393793827383e-01,1.977808376119720712e-01,2.037245753146189831e+00,-2.354575638878458888e-01,2.523125790114089106e-01,4.018926817133975371e-01,1.000000000000000000e+00,3.499999940395355225e-01,3.499999940395355225e-01,3.499999940395355225e-01,-8.602821081876754761e-02,3.499999940395355225e-01,3.499999940395355225e-01
4.039999999999683844e+00,7.872263824158124423e-01,1.982136258437706688e-01,2.083166925361515709e+00,-2.621832148722064715e-01,2.581319447155866476e-01,3.907569938032472989e-01,1.000000000000000000e+00,3.499999940395355225e-01,3.499999940395355225e-01,3.499999940395355225e-01,1.472735032439231873e-02,3.499999940395355225e-01,3.499999940395355225e-01
4.059999999999690523e+00,7.854225324528116836e-01,1.993151231563984327e-01,2.120413022348610621e+00,-2.613491666267344637e-01,2.561684450430984361e-01,3.911045139055273068e-01,1.000000000000000000e+00,3.499999940395355225e-01,3.499999940395355225e-01,3.499999940395355225e-01,-3.019438087940216064e-01,2.649836540222167969e-01,3.499999940395355225e-01
4.079999999999697202e+00,7.834351945996849143e-01,2.010684149075933069e-01,2.148928956548080471e+00,-2.948597395612932992e-01,2.635104610330561425e-01,3.771417751827944587e-01,1.000000000000000000e+00,3.499999940395355225e-01,3.499999940395355225e-01,3.499999940395355225e-01,-1.355073750019073486e-01,3.426124453544616699e-01,3.448346257209777832e-01
4.099999999999703881e+00,7.817325507830005238e-01,2.039913500886336717e-01,2.163120028519843974e+00,-2.696792173484440225e-01,2.554771327537790349e-01,3.876336594381483147e-01,1.000000000000000000e+00,3.499999940395355225e-01,3.499999940395355225e-01,2.815767526626586914e-01,-3.499999940395355225e-01,1.624076813459396362e-01,3.499999940395355225e-01
4.119999999999710560e+00,7.796579051741325816e-01,2.073369388145691605e-01,2.169772600702434939e+00,-2.924960242375089225e-01,2.604669888369526287e-01,3.781266565677046110e-01,1.000000000000000000e+00,3.499999940395355225e-01,3.499999940395355225e-01,3.499999940395355225e-01,-1.960745453834533691e-01,3.234123587608337402e-01,3.235970735549926758e-01
4.139999999999717240e+00,7.775494984764671491e-01,2.114863329890375176e-01,2.167306207947128804e+00,-2.845512291541705818e-01,2.559722800338286031e-01,3.814369878524289104e-01,1.000000000000000000e+00,3.499999940395355225e-01,3.499999940395355225e-01,1.441930383443832397e-01,-3.499999940395355225e-01,3.893170878291130066e-02,3.239374756813049316e-01
4.159999999999723919e+00,7.756413372819522811e-01,2.165143408292503624e-01,2.150305996126218311e+00,-2.996408096051918490e-01,2.576427409764481813e-01,3.751496626645033916e-01,1.000000000000000000e+00,3.499999940395355225e-01,3.499999940395355225e-01,2.658126056194305420e-01,-3.499999940395355225e-01,1.692729741334915161e-01,2.974080443382263184e-01
4.179999999999730598e+00,7.735594554271414403e-01,2.220163202301258520e-01,2.124479441629948173e+00,-3.183532855111271820e-01,2.595136234386208329e-01,3.673527977036969983e-01,1.000000000000000000e+00,3.499999940395355225e-01,3.499999940395355225e-01,1.295987218618392944e-01,-3.499999940395355225e-01,2.326025068759918213e-02,2.932804226875305176e-01
4.199999999999737277e+00,7.714753510735559150e-01,2.282243658199010206e-01,2.086264302378554980e+00,-3.414295354872348143e-01,2.626756591399221907e-01,3.577376935469854802e-01,1.000000000000000000e+00,3.499999940395355225e-01,3.499999940395355225e-01,1.189336180686950684e-01,-3.499999940395355225e-01,2.459643036127090454e-02,2.586050033569335938e-01
4.219999999999743956e+00,7.690823735425538210e-01,2.344807287789840711e-01,2.041989310834468441e+00,-3.493787623990388114e-01,2.619645600717598888e-01,3.544255156670671481e-01,1.000000000000000000e+00,3.499999940395355225e-01,3.499999940395355225e-01,7.860027253627777100e-02,-3.499999940395355225e-01,-1.453696005046367645e-02,2.429651916027069092e-01
4.239999999999750635e+00,7.665037527758395974e-01,2.406899839451628331e-01,1.993119870560166706e+00,-3.468203916695878353e-01,2.589191330551773862e-01,3.554915034710050548e-01,1.000000000000000000e+00,3.499999940395355225e-01,3.499999940395355225e-01,4.606015235185623169e-02,-3.499999940395355225e-01,-4.854455962777137756e-02,2.296423763036727905e-01
4.259999999999757314e+00,7.638819539206337383e-01,2.468424259247271602e-01,1.940347187075684321e+00,-3.391984277739464315e-01,2.547119274230841279e-01,3.586673217608556397e-01,1.000000000000000000e+00,3.499999940395355225e-01,3.499999940395355225e-01,2.150450646877288818e-02,-3.499999940395355225e-01,-7.634420692920684814e-02,2.155059725046157837e-01
4.279999999999763993e+00,7.612950803777399633e-01,2.529198972936522738e-01,1.884396244035381196e+00,-3.337237827092987552e-01,2.511143980737131631e-01,3.609484238711255233e-01,1.000000000000000000e+00,3.499999940395355225e-01,3.499999940395355225e-01,8.913330733776092529e-03,-3.499999940395355225e-01,-9.249701350927352905e-02,2.030337005853652954e-01
4.299999999999770672e+00,7.587752590379021056e-01,2.588846282852369507e-01,1.826091473386342035e+00,-3.424152834895932140e-01,2.510578195254118961e-01,3.573269652126694895e-01,1.000000000000000000e+00,3.499999940395355225e-01,3.499999940395355225e-01,2.899043727666139603e-03,-3.499999940395355225e-01,-1.004517823457717896e-01,1.953762173652648926e-01
4.319999999999777351e+00,7.563642012999598485e-01,2.647500556768814794e-01,1.765530547008348883e+00,-3.641849060613667199e-01,2.542558853641612160e-01,3.482562891410971861e-01,1.000000000000000000e+00,3.499999940395355225e-01,3.499999940395355225e-01,-2.301704837009310722e-03,-3.499999940395355225e-01,-1.050580516457557678e-01,1.904412955045700073e-01
4.339999999999784031e+00,7.541186786908686823e-01,2.705455003060188712e-01,1.702400207610817340e+00,-3.855937095010200655e-01,2.575269198040677776e-01,3.393359543745749773e-01,1.000000000000000000e+00,3.499999940395355225e-01,3.499999940395355225e-01,-4.409425426274538040e-03,-3.499999940395355225e-01,-1.057258099317550659e-01,1.853526085615158081e-01
4.359999999999790710e+00,7.520986855025667550e-01,2.762306508692353724e-01,1.637119541747636298e+00,-3.989242617145656866e-01,2.589916918269574153e-01,3.337815576189309685e-01,1.000000000000000000e+00,3.499999940395355225e-01,3.499999940395355225e-01,5.907360464334487915e-04,-3.499999940395355225e-01,-1.006087437272071838e-01,1.801375746726989746e-01
4.379999999999797389e+00,7.503712463333436222e-01,2.816994312404257350e-01,1.571080891877195684e+00,-4.054525329127461331e-01,2.589652362581952860e-01,3.310614446196891159e-01,1.000000000000000000e+00,3.499999940395355225e-01,3.499999940395355225e-01,1.239308901131153107e-02,-3.499999940395355225e-01,-9.086067974567413330e-02,1.762148737907409668e-01
4.399999999999804068e+00,7.490108099423500310e-01,2.868573616758381961e-01,1.505836654122652885e+00,-4.070150726702941868e-01,2.578616002825051545e-01,3.304103863873774083e-01,1.000000000000000000e+00,3.499999940395355225e-01,3.499999940395355225e-01,2.771288156509399414e-02,-3.499999940395355225e-01,-7.930900901556015015e-02,1.744342893362045288e-01
4.419999999999810747e+00,7.480826229095449698e-01,2.916585246831966405e-01,1.442461509606265846e+00,-4.047598451407074527e-01,2.560256449455819983e-01,3.313500645247052234e-01,1.000000000000000000e+00,3.499999940395355225e-01,3.499999940395355225e-01,4.559794440865516663e-02,-3.499999940395355225e-01,-6.603006273508071899e-02,1.742742806673049927e-01
4.439999999999817426e+00,7.476305946868884167e-01,2.960754880866404148e-01,1.381789736962219850e+00,-4.028692520996212112e-01,2.547460373721643356e-01,3.321378116251578194e-01,1.000000000000000000e+00,3.499999940395355225e-01,3.499999940395355225e-01,6.770759820938110352e-02,-3.499999940395355225e-01,-4.879880696535110474e-02,1.753589212894439697e-01
4.459999999999824105e+00,7.476789524399632958e-01,3.000812919487140240e-01,1.324774068517877934e+00,-4.042740202211550504e-01,2.548705269440353915e-01,3.315524915745187151e-01,1.000000000000000000e+00,3.499999940395355225e-01,3.499999940395355225e-01,9.404018521308898926e-02,-3.499999940395355225e-01,-2.730872109532356262e-02,1.786616891622543335e-01
4.479999999999830784e+00,7.482408980001369336e-01,3.036624309698310320e-01,1.272455049583719022e+00,-4.064018052301087147e-01,2.556330711248933074e-01,3.306659144874546929e-01,1.000000000000000000e+00,3.499999940395355225e-01,3.499999940395355225e-01,1.236830204725265503e-01,-3.499999940395355225e-01,-2.617790363729000092e-03,1.851364076137542725e-01
4.499999999999837463e+00,7.493276839529675604e-01,3.068240863953716202e-01,1.226009969220698048e+00,-4.063503037298212273e-01,2.561714445170817367e-01,3.306873734459078173e-01,1.000000000000000000e+00,3.499999940395355225e-01,3.499999940395355225e-01,1.577832698822021484e-01,-3.499999940395355225e-01,2.576642669737339020e-02,1.952073276042938232e-01
4.519999999999844142e+00,7.509478616190041755e-01,3.095776804995273856e-01,1.186855868601445430e+00,-4.040952144630963194e-01,2.564606032255368762e-01,3.316269939737098715e-01,1.000000000000000000e+00,3.499999940395355225e-01,3.499999940395355225e-01,1.976574361324310303e-01,-3.499999940395355225e-01,5.832117423415184021e-02,2.101011723279953003e-01
4.539999999999850822e+00,7.530976935479211098e-01,3.119243901384878281e-01,1.156390850425131678e+00,-3.987427638923736750e-01,2.562066137663636112e-01,3.338571817115109641e-01,1.000000000000000000e+00,3.499999940395355225e-01,3.499999940395355225e-01,2.438057065010070801e-01,-3.499999940395355225e-01,9.511867910623550415e-02,2.312850356101989746e-01
4.559999999999857501e+00,7.557663642241334578e-01,3.138949267599654425e-01,1.135908206097848705e+00,-3.889576035123140096e-01,2.549969783430048320e-01,3.379343318698691534e-01,1.000000000000000000e+00,3.499999940395355225e-01,3.499999940395355225e-01,2.963986694812774658e-01,-3.499999940395355225e-01,1.372257918119430542e-01,2.589158415794372559e-01
4.579999999999864180e+00,7.589387065609231042e-01,3.155612056290314493e-01,1.128329937505854863e+00,-3.756319445767793419e-01,2.530999680087691606e-01,3.434866897596752788e-01,1.000000000000000000e+00,3.499999940395355225e-01,3.499999940395355225e-01,3.499999940395355225e-01,-2.957912087440490723e-01,1.864711791276931763e-01,2.905053198337554932e-01
4.599999999999870859e+00,7.624042466260722017e-01,3.169011970403151635e-01,1.126089972124556526e+00,-3.756047387979036256e-01,2.555291621949115077e-01,3.434980255008734940e-01,1.000000000000000000e+00,3.499999940395355225e-01,3.499999940395355225e-01,3.499999940395355225e-01,-3.499999940395355225e-01,1.897694021463394165e-01,3.243419826030731201e-01
4.619999999999877538e+00,7.659793948990741841e-01,3.180873353183546470e-01,1.129829210103071579e+00,-3.696188421789318168e-01,2.562062902340656589e-01,3.459921490921117337e-01,1.000000000000000000e+00,3.499999940395355225e-01,3.499999940395355225e-01,3.499999940395355225e-01,3.229572996497154236e-02,3.499999940395355225e-01,3.442501425743103027e-01
4.639999999999884217e+00,7.695776500550374211e-01,3.190616207719790820e-01,1.142088707715608775e+00,-3.532760269905585448e-01,2.537530174852820064e-01,3.528016554206006017e-01,1.000000000000000000e+00,3.499999940395355225e-01,3.499999940395355225e-01,3.499999940395355225e-01,-1.919261068105697632e-01,3.324796557426452637e-01,3.499999940395355225e-01
4.659999999999890896e+00,7.733737356086554104e-01,3.197908598774555911e-01,1.161525129766816322e+00,-3.347847418704552602e-01,2.510880034405055250e-01,3.605063575539769749e-01,1.000000000000000000e+00,3.499999940395355225e-01,3.499999940395355225e-01,3.499999940395355225e-01,5.854606255888938904e-02,3.499999940395355225e-01,3.499999940395355225e-01
4.679999999999897575e+00,7.774302675061441903e-01,3.202409906334464651e-01,1.193592691137639772e+00,-3.266280032828037805e-01,2.518775959895926397e-01,3.639049986321650776e-01,1.000000000000000000e+00,3.499999940395355225e-01,3.499999940395355225e-01,3.499999940395355225e-01,4.581708833575248718e-02,3.499999940395355225e-01,3.499999940395355225e-01
4.699999999999904254e+00,7.816337770873618140e-01,3.202364954230425553e-01,1.235302455436627422e+00,-3.035786476069382012e-01,2.484760284183033796e-01,3.735088968304424162e-01,1.000000000000000000e+00,3.499999940395355225e-01,3.499999940395355225e-01,3.499999940395355225e-01,1.140126436948776245e-01,3.499999940395355225e-01,3.499999940395355225e-01
4.719999999999910933e+00,7.858722425331062800e-01,3.197787141045286274e-01,1.284737490387223957e+00,-3.053900863985496428e-01,2.520703375803314827e-01,3.727541306672709776e-01,1.000000000000000000e+00,3.499999940395355225e-01,3.499999940395355225e-01,3.499999940395355225e-01,1.971349567174911499e-01,3.499999940395355225e-01,3.499999940395355225e-01
4.739999999999917613e+00,7.900024364168164448e-01,3.189396595571160065e-01,1.339910264755716618e+00,-2.778946523779208810e-01,2.474461317894039170e-01,3.842105615091996329e-01,1.000000000000000000e+00,3.499999940395355225e-01,3.499999940395355225e-01,3.499999940395355225e-01,2.437833845615386963e-01,3.499999940395355225e-01,3.499999940395355225e-01
4.759999999999924292e+00,7.939225317393001635e-01,3.178097218606369401e-01,1.399746866419159241e+00,-2.921480556728492384e-01,2.541277877236184368e-01,3.782716434696461461e-01,1.000000000000000000e+00,3.499999940395355225e-01,3.499999940395355225e-01,3.499999940395355225e-01,3.058191537857055664e-01,3.499999940395355225e-01,3.499999940395355225e-01
4.779999999999930971e+00,7.975711608158106980e-01,3.164555339275760826e-01,1.462936630948798999e+00,-2.885302547681088403e-01,2.555934911505749474e-01,3.797790605132879693e-01,1.000000000000000000e+00,3.499999940395355225e-01,3.499999940395355225e-01,3.499999940395355225e-01,3.144678771495819092e-01,3.499999940395355225e-01,3.499999940395355225e-01
4.799999999999937650e+00,8.009416205473662842e-01,3.149235023872795081e-01,1.528938765634864749e+00,-2.808274659261847384e-01,2.558015579803128992e-01,3.829885558640896970e-01,1.000000000000000000e+00,3.499999940395355225e-01,3.499999940395355225e-01,3.499999940395355225e-01,3.499999940395355225e-01,3.499999940395355225e-01,3.499999940395355225e-01
4.819999999999944329e+00,8.040129065410784870e-01,3.132255855100851694e-01,1.598002542844388474e+00,-2.706741022929237128e-01,2.552415785419041572e-01,3.872191240446151150e-01,1.000000000000000000e+00,3.499999940395355225e-01,3.499999940395355225e-01,3.499999940395355225e-01,3.499999940395355225e-01,3.499999940395355225e-01,3.499999940395355225e-01
4.839999999999951008e+00,8.067691466854428617e-01,3.113878470886629612e-01,1.669451984659166000e+00,-2.604078626865259372e-01,2.545556720591390376e-01,3.914967238806141836e-01,1.000000000000000000e+00,3.499999940395355225e-01,3.499999940395355225e-01,3.499999940395355225e-01,3.499999940395355225e-01,3.499999940395355225e-01,3.499999940395355225e-01
4.859999999999957687e+00,8.091659986295982598e-01,3.094276847007759734e-01,1.743331473667541154e+00,-2.520852263853086139e-01,2.542077698226571369e-01,3.949644890061214109e-01,1.000000000000000000e+00,3.499999940395355225e-01,3.499999940395355225e-01,3.499999940395355225e-01,3.499999940395355225e-01,3.499999940395355225e-01,3.499999940395355225e-01
4.879999999999964366e+00,8.111617667828205924e-01,3.073858668965246954e-01,1.818877055270645915e+00,-2.397475224762528057e-01,2.525946421910720274e-01,4.001051989682279930e-01,1.000000000000000000e+00,3.499999940395355225e-01,3.499999940395355225e-01,3.499999940395355225e-01,3.296294808387756348e-01,3.499999940395355225e-01,3.499999940395355225e-01
4.899999999999971045e+00,8.127273021733263381e-01,3.053305363790292937e-01,1.894745916578112643e+00,-2.342447353754442130e-01,2.525000043444500797e-01,4.023980269268982446e-01,1.000000000000000000e+00,3.499999940395355225e-01,3.499999940395355225e-01,3.499999940395355225e-01,3.083560764789581299e-01,3.499999940395355225e-01,3.499999940395355225e-01
4.919999999999977724e+00,8.138321555835038579e-01,3.033365360321026438e-01,1.969705296830331021e+00,-2.236950713745639585e-01,2.508108441103244490e-01,4.067937202605983460e-01,1.000000000000000000e+00,3.499999940395355225e-01,3.499999940395355225e-01,3.499999940395355225e-01,2.761588096618652344e-01,3.499999940395355225e-01,3.499999940395355225e-01
4.939999999999984404e+00,8.144534178493039178e-01,3.014817201916237810e-01,2.042537438519615112e+00,-2.248383314769332453e-01,2.517506495500561603e-01,4.063173618846111501e-01,1.000000000000000000e+00,3.499999940395355225e-01,3.499999940395355225e-01,3.499999940395355225e-01,2.387431710958480835e-01,3.499999940395355225e-01,3.499999940395355225e-01
4.959999999999991083e+00,8.145867839152614032e-01,2.998514997336667598e-01,2.111936766688477185e+00,-2.135070439558587885e-01,2.492509185755480416e-01,4.110387316850588335e-01,1.000000000000000000e+00,3.499999940395355225e-01,3.499999940395355225e-01,3.499999940395355225e-01,1.875080019235610962e-01,3.499999940395355225e-01,3.499999940395355225e-01
4.979999999999997762e+00,8.142413244224628865e-01,2.985305747565475398e-01,2.176701178128968017e+00,-2.231875895091304240e-01,2.516474885871102796e-01,4.070051710378623233e-01,1.000000000000000000e+00,3.499999940395355225e-01,3.499999940395355225e-01,3.499999940395355225e-01,1.322271525859832764e-01,3.499999940395355225e-01,3.499999940395355225e-01
5.000000000000004441e+00,8.134559176606441788e-01,2.976250784891527612e-01,2.235389360836592676e+00,-2.059795699037031136e-01,2.471150406483341166e-01,4.141751792067903670e-01,1.000000000000000000e+00,3.499999940395355225e-01,3.499999940395355225e-01,3.499999940395355225e-01,5.633293464779853821e-02,3.499999940395355225e-01,3.499999940395355225e-01
5.020000000000011120e+00,8.122690702086673431e-01,2.972304713711098056e-01,2.286863711684457900e+00,-2.174295738827031754e-01,2.495392183558597932e-01,4.094043442155403389e-01,1.000000000000000000e+00,3.499999940395355225e-01,3.499999940395355225e-01,3.499999940395355225e-01,-1.725173182785511017e-02,3.499999940395355225e-01,3.499999940395355225e-01
5.040000000000017799e+00,8.107181874465456684e-01,2.974266805286744919e-01,2.330088637737184332e+00,-1.902506476034029337e-01,2.423326281317157160e-01,4.207288968319154443e-01,1.000000000000000000e+00,3.499999940395355225e-01,3.499999940395355225e-01,3.499999940395355225e-01,-1.120937615633010864e-01,3.499999940395355225e-01,3.499999940395355225e-01
5.060000000000024478e+00,8.088169529872623054e-01,2.982217407099821971e-01,2.364442232822641987e+00,-2.037399326919581422e-01,2.448413986111977192e-01,4.151083613783507764e-01,1.000000000000000000e+00,3.499999940395355225e-01,3.499999940395355225e-01,3.499999940395355225e-01,-1.861064583063125610e-01,3.224131762981414795e-01,3.499999940395355225e-01
5.080000000000031157e+00,8.066755254101838357e-01,2.996788336415984189e-01,2.388640663193918545e+00,-1.632446172791463535e-01,2.345286832862597814e-01,4.319814094670223481e-01,1.000000000000000000e+00,3.499999940395355225e-01,3.499999940395355225e-01,3.499999940395355225e-01,-2.897537648677825928e-01,2.763545513153076172e-01,3.499999940395355225e-01
5.100000000000037836e+00,8.042407309221402123e-01,3.016662828783195360e-01,2.404247833905339693e+00,-2.270681462707450637e-01,2.472562344983746108e-01,4.053882723871895521e-01,1.000000000000000000e+00,3.499999940395355225e-01,3.499999940395355225e-01,3.499999940395355225e-01,-3.275235891342163086e-01,2.564490139484405518e-01,3.390472531318664551e-01
5.120000000000044516e+00,8.015261623337475161e-01,3.042094140495643639e-01,2.412421373238004652e+00,-2.039669459733016443e-01,2.392935185652687868e-01,4.150137725111243125e-01,1.000000000000000000e+00,3.499999940395355225e-01,3.499999940395355225e-01,3.139880895614624023e-01,-3.499999940395355225e-01,1.784631758928298950e-01,3.274697661399841309e-01
5.140000000000051195e+00,7.986259406019792229e-01,3.076117628788526126e-01,2.410867938029151336e+00,-2.536833054116293673e-01,2.495796586582841314e-01,3.942986227451544257e-01,1.000000000000000000e+00,3.499999940395355225e-01,3.499999940395355225e-01,2.587219774723052979e-01,-3.499999940395355225e-01,1.371259093284606934e-01,3.189918398857116699e-01
5.160000000000057874e+00,7.955289215466193609e-01,3.119378809882534798e-01,2.397707602655139159e+00,-2.531565827570930183e-01,2.470708883703859327e-01,3.945180905178778952e-01,1.000000000000000000e+00,3.499999940395355225e-01,3.499999940395355225e-01,1.969458311796188354e-01,-3.499999940395355225e-01,9.802903980016708374e-02,3.151342272758483887e-01
5.180000000000064553e+00,7.922043571828538688e-01,3.170917553108849596e-01,2.371465909632427316e+00,-2.652284556327478282e-01,2.487530931896579645e-01,3.894881434863550762e-01,1.000000000000000000e+00,3.499999940395355225e-01,3.499999940395355225e-01,1.318543106317520142e-01,-3.499999940395355225e-01,5.144587531685829163e-02,2.966654002666473389e-01
5.200000000000071232e+00,7.885942522804169075e-01,3.226339295205467028e-01,2.334337852071717734e+00,-2.762325556802325277e-01,2.492810827994026146e-01,3.849031017999031135e-01,1.000000000000000000e+00,3.499999940395355225e-01,3.499999940395355225e-01,9.706001728773117065e-02,-3.499999940395355225e-01,1.853878609836101532e-02,2.719217240810394287e-01
5.220000000000077911e+00,7.847310939187785994e-01,3.280336032115549472e-01,2.291488070559609902e+00,-2.947298528674069384e-01,2.514678405674574679e-01,3.771958946385804423e-01,1.000000000000000000e+00,3.499999940395355225e-01,3.499999940395355225e-01,7.456555962562561035e-02,-3.499999940395355225e-01,-1.895795762538909912e-02,2.512533664703369141e-01
5.240000000000084590e+00,7.807612849628962071e-01,3.331273153938797416e-01,2.246160879235734598e+00,-3.230859571984282530e-01,2.559805995062153783e-01,3.653808511673215520e-01,1.000000000000000000e+00,3.499999940395355225e-01,3.499999940395355225e-01,5.551480501890182495e-02,-3.499999940395355225e-01,-5.268390849232673645e-02,2.314230650663375854e-01
5.260000000000091269e+00,7.767972896767973978e-01,3.380072032313343744e-01,2.199119094575152200e+00,-3.578367411742715554e-01,2.623959402903927596e-01,3.509013578440535186e-01,1.000000000000000000e+00,3.499999940395355225e-01,3.499999940395355225e-01,4.293867200613021851e-02,-3.499999940395355225e-01,-7.255937904119491577e-02,2.182321548461914062e-01
5.280000000000097948e+00,7.728780853451011623e-01,3.429207897519763737e-01,2.148797696095860577e+00,-3.842088885226582207e-01,2.669600765071318271e-01,3.399129631155590747e-01,1.000000000000000000e+00,3.499999940395355225e-01,3.499999940395355225e-01,2.341926842927932739e-02,-3.499999940395355225e-01,-9.026037156581878662e-02,2.122382074594497681e-01
5.300000000000104627e+00,7.689924592606488529e-01,3.481276261266681438e-01,2.092426796260848487e+00,-3.910287821526379770e-01,2.664894736910549122e-01,3.370713407697341624e-01,1.000000000000000000e+00,3.499999940395355225e-01,3.499999940395355225e-01,1.650553545914590359e-03,-3.499999940395355225e-01,-1.047692671418190002e-01,2.037113606929779053e-01
5.320000000000111307e+00,7.651370086917681501e-01,3.535867844905299373e-01,2.029601151105090651e+00,-3.850673192700493352e-01,2.628992934331392251e-01,3.395552836374794436e-01,1.000000000000000000e+00,3.499999940395355225e-01,3.499999940395355225e-01,-5.795956589281558990e-03,-3.499999940395355225e-01,-1.057994440197944641e-01,1.925411671400070190e-01
5.340000000000117986e+00,7.613932952085646910e-01,3.589965185508598999e-01,1.963305794713369634e+00,-3.821438227760536877e-01,2.604359996482952799e-01,3.407734071766442829e-01,1.000000000000000000e+00,3.499999940395355225e-01,3.499999940395355225e-01,8.846346172504127026e-04,-3.499999940395355225e-01,-9.820032119750976562e-02,1.856920272111892700e-01
5.360000000000124665e+00,7.579166843118889663e-01,3.641606022589387592e-01,1.896689929863282886e+00,-3.872973442698552371e-01,2.602345689867919254e-01,3.386261065542269799e-01,1.000000000000000000e+00,3.499999940395355225e-01,3.499999940395355225e-01,7.771585136651992798e-03,-3.499999940395355225e-01,-9.472473710775375366e-02,1.834537386894226074e-01
5.380000000000131344e+00,7.548485033313476755e-01,3.690878072430326950e-01,1.830955417494338766e+00,-3.952235378521962716e-01,2.609509562999379195e-01,3.353235258949182063e-01,1.000000000000000000e+00,3.499999940395355225e-01,3.499999940395355225e-01,1.551885623484849930e-02,-3.499999940395355225e-01,-9.211314469575881958e-02,1.811608374118804932e-01
5.400000000000138023e+00,7.522750006243011933e-01,3.738103074045067142e-01,1.766558604943964994e+00,-4.023911822292491336e-01,2.618251673724511508e-01,3.323370074044795230e-01,1.000000000000000000e+00,3.499999940395355225e-01,3.499999940395355225e-01,3.065339662134647369e-02,-3.499999940395355225e-01,-8.294922113418579102e-02,1.787942647933959961e-01
5.420000000000144702e+00,7.502333885673408975e-01,3.783070071841705406e-01,1.704169599655523948e+00,-4.085121844785113976e-01,2.628220004656984243e-01,3.297865898006202556e-01,1.000000000000000000e+00,3.499999940395355225e-01,3.499999940395355225e-01,5.122161284089088440e-02,-3.499999940395355225e-01,-6.734713912010192871e-02,1.783553361892700195e-01
5.440000000000151381e+00,7.487284448309619034e-01,3.825525647811593988e-01,1.644265269280627662e+00,-4.117829132335250053e-01,2.633306380782658995e-01,3.284237861526979052e-01,1.000000000000000000e+00,3.499999940395355225e-01,3.499999940395355225e-01,7.205168157815933228e-02,-3.499999940395355225e-01,-4.940899088978767395e-02,1.805317699909210205e-01
5.460000000000158060e+00,7.477630985658900720e-01,3.865327345660360958e-01,1.587232036589042439e+00,-4.106851909768026165e-01,2.628654095835190052e-01,3.288811704263322477e-01,1.000000000000000000e+00,3.499999940395355225e-01,3.499999940395355225e-01,9.507466852664947510e-02,-3.499999940395355225e-01,-2.823716029524803162e-02,1.837724596261978149e-01
5.480000000000164739e+00,7.473643498867431623e-01,3.902293714770392885e-01,1.534168126646914265e+00,-4.068290412215477825e-01,2.619502207022493812e-01,3.304878994910217527e-01,1.000000000000000000e+00,3.499999940395355225e-01,3.499999940395355225e-01,1.240660175681114197e-01,-3.499999940395355225e-01,-2.046644687652587891e-03,1.884550452232360840e-01
5.500000000000171418e+00,7.475744727027378023e-01,3.936431078203026512e-01,1.486840574630946321e+00,-4.020487455782236763e-01,2.611790267383552466e-01,3.324796893424067923e-01,1.000000000000000000e+00,3.499999940395355225e-01,3.499999940395355225e-01,1.581696420907974243e-01,-3.499999940395355225e-01,2.667518891394138336e-02,1.970119625329971313e-01
5.520000000000178098e+00,7.484249113509456874e-01,3.967943620011146200e-01,1.447024795272048303e+00,-3.966397587952703585e-01,2.606646251146584881e-01,3.347334338353040173e-01,1.000000000000000000e+00,3.499999940395355225e-01,3.499999940395355225e-01,1.972434520721435547e-01,-3.499999940395355225e-01,5.732975155115127563e-02,2.106341123580932617e-01
5.540000000000184777e+00,7.499210625226409022e-01,3.996864781881096507e-01,1.416213550023972978e+00,-3.908652784636126865e-01,2.604843642356580169e-01,3.371394673068280334e-01,1.000000000000000000e+00,3.499999940395355225e-01,3.499999940395355225e-01,2.435951381921768188e-01,-3.499999940395355225e-01,9.300504624843597412e-02,2.303726375102996826e-01
5.560000000000191456e+00,7.520364978702273051e-01,4.023442084356448900e-01,1.395696268928634742e+00,-3.846063875127475051e-01,2.605697825846745030e-01,3.397473385363551923e-01,1.000000000000000000e+00,3.499999940395355225e-01,3.499999940395355225e-01,2.963890433311462402e-01,-3.499999940395355225e-01,1.347780525684356689e-01,2.573200464248657227e-01
5.580000000000198135e+00,7.547169277655219055e-01,4.048139986003241875e-01,1.387419753247814747e+00,-3.727657495184754088e-01,2.592327435506474598e-01,3.446809377006352371e-01,1.000000000000000000e+00,3.499999940395355225e-01,3.499999940395355225e-01,3.499999940395355225e-01,-3.151196241378784180e-01,1.837940067052841187e-01,2.889703810214996338e-01
5.600000000000204814e+00,7.577562263817947397e-01,4.070679970595793007e-01,1.386017763298579730e+00,-3.726194875741494217e-01,2.618960051940122935e-01,3.447418801774377317e-01,1.000000000000000000e+00,3.499999940395355225e-01,3.499999940395355225e-01,3.499999940395355225e-01,-3.221584856510162354e-01,2.094263583421707153e-01,3.225827515125274658e-01
5.620000000000211493e+00,7.609221705597181140e-01,4.091935091749326903e-01,1.391977765637351094e+00,-3.696653734827091142e-01,2.637387599025087237e-01,3.459727610488712024e-01,1.000000000000000000e+00,3.499999940395355225e-01,3.499999940395355225e-01,3.499999940395355225e-01,-6.962732225656509399e-02,3.499999940395355225e-01,3.499999940395355225e-01
5.640000000000218172e+00,7.641456864469351462e-01,4.110276334637489315e-01,1.401923079023524199e+00,-3.428449785014619500e-01,2.579499574680788054e-01,3.571479256243908496e-01,1.000000000000000000e+00,3.499999940395355225e-01,3.499999940395355225e-01,3.499999940395355225e-01,-2.532535195350646973e-01,3.007382154464721680e-01,3.499999940395355225e-01
5.660000000000224851e+00,7.676420077558437915e-01,4.127505415546752765e-01,1.416203673882835412e+00,-3.176113898976491989e-01,2.533202728111159097e-01,3.676619208759794866e-01,1.000000000000000000e+00,3.499999940395355225e-01,3.499999940395355225e-01,3.499999940395355225e-01,1.836568266153335571e-01,3.499999940395355225e-01,3.499999940395355225e-01
5.680000000000231530e+00,7.714763416842645993e-01,4.144256513409981801e-01,1.444910378136962104e+00,-3.042324619374681682e-01,2.528495194072484797e-01,3.732364741927216012e-01,1.000000000000000000e+00,3.499999940395355225e-01,3.499999940395355225e-01,3.499999940395355225e-01,1.061275973916053772e-01,3.499999940395355225e-01,3.499999940395355225e-01
5.700000000000238209e+00,7.755635090247823271e-01,4.157180977804081357e-01,1.485897149930492711e+00,-2.884326186973354966e-01,2.518941397414566352e-01,3.798197422094435338e-01,1.000000000000000000e+00,3.499999940395355225e-01,3.499999940395355225e-01,3.499999940395355225e-01,6.423836946487426758e-02,3.499999940395355225e-01,3.499999940395355225e-01
5.720000000000244889e+00,7.798136745056299945e-01,4.165392050171847771e-01,1.535933981924137104e+00,-2.833019185446525867e-01,2.538239792433419906e-01,3.819575339397280889e-01,1.000000000000000000e+00,3.499999940395355225e-01,3.499999940395355225e-01,3.499999940395355225e-01,1.837626993656158447e-01,3.499999940395355225e-01,3.499999940395355225e-01
5.740000000000251568e+00,7.840656113837334296e-01,4.169183678165522267e-01,1.591867909190557651e+00,-2.704566282826146306e-01,2.534364588266227458e-01,3.873097382155772372e-01,1.000000000000000000e+00,3.499999940395355225e-01,3.499999940395355225e-01,3.499999940395355225e-01,1.895889490842819214e-01,3.499999940395355225e-01,3.499999940395355225e-01
5.760000000000258247e+00,7.882029144396676124e-01,4.169551796697906765e-01,1.653124077229333855e+00,-2.703130221025212832e-01,2.563709370571555235e-01,3.873695741239494561e-01,1.000000000000000000e+00,3.499999940395355225e-01,3.499999940395355225e-01,3.499999940395355225e-01,3.096095919609069824e-01,3.499999940395355225e-01,3.499999940395355225e-01
5.780000000000264926e+00,7.921061774472876182e-01,4.167019735652153223e-01,1.716930680041012458e+00,-2.545973051091527939e-01,2.548635651976909888e-01,3.939177895378530025e-01,1.000000000000000000e+00,3.499999940395355225e-01,3.499999940395355225e-01,3.499999940395355225e-01,2.514907121658325195e-01,3.499999940395355225e-01,3.499999940395355225e-01
5.800000000000271605e+00,7.957715792876971506e-01,4.162341513735601239e-01,1.782915651370468924e+00,-2.497813090246352730e-01,2.562167597788851947e-01,3.959244545730686293e-01,1.000000000000000000e+00,3.499999940395355225e-01,3.499999940395355225e-01,3.499999940395355225e-01,3.499999940395355225e-01,3.499999940395355225e-01,3.499999940395355225e-01
5.820000000000278284e+00,7.991569209727452661e-01,4.155355268213264397e-01,1.852392616232439337e+00,-2.389250005889869410e-01,2.557763775538338114e-01,4.004479164212554343e-01,1.000000000000000000e+00,3.499999940395355225e-01,3.499999940395355225e-01,3.499999940395355225e-01,3.094744086265563965e-01,3.499999940395355225e-01,3.499999940395355225e-01
5.840000000000284963e+00,8.022561878662454182e-01,4.146124322904437554e-01,1.924727221944391387e+00,-2.381637634132523773e-01,2.578148429421798782e-01,4.007650985778115071e-01,1.000000000000000000e+00,3.499999940395355225e-01,3.499999940395355225e-01,3.499999940395355225e-01,3.499999940395355225e-01,3.499999940395355225e-01,3.499999940395355225e-01
5.860000000000291642e+00,8.050417976239705453e-01,4.134852504232700010e-01,1.999091101075022081e+00,-2.270932904719648593e-01,2.568943433410053045e-01,4.053777956366813040e-01,1.000000000000000000e+00,3.499999940395355225e-01,3.499999940395355225e-01,3.499999940395355225e-01,3.020071983337402344e-01,3.499999940395355225e-01,3.499999940395355225e-01
5.880000000000298321e+00,8.074608341468381134e-01,4.121659174337178877e-01,2.075332469177260553e+00,-2.285719417422554522e-01,2.590299249400206949e-01,4.047616909407268926e-01,1.000000000000000000e+00,3.499999940395355225e-01,3.499999940395355225e-01,3.499999940395355225e-01,3.364310264587402344e-01,3.499999940395355225e-01,3.499999940395355225e-01
5.900000000000305000e+00,8.094737478431205391e-01,4.107420051156832619e-01,2.151310081540757757e+00,-2.164183558022068909e-01,2.573329870543919484e-01,4.098256850824137931e-01,1.000000000000000000e+00,3.499999940395355225e-01,3.499999940395355225e-01,3.499999940395355225e-01,2.519805133342742920e-01,3.499999940395355225e-01,3.499999940395355225e-01
5.920000000000311680e+00,8.110012673566515673e-01,4.092203689278762768e-01,2.227099402538115225e+00,-2.238968012040674360e-01,2.604355833364505046e-01,4.067096661649718947e-01,1.000000000000000000e+00,3.499999940395355225e-01,3.499999940395355225e-01,3.499999940395355225e-01,2.990561425685882568e-01,3.499999940395355225e-01,3.499999940395355225e-01
5.940000000000318359e+00,8.120438828503565576e-01,4.077692179180258947e-01,2.299546381381760707e+00,-2.069929145989049257e-01,2.569523811006870218e-01,4.137529522504562740e-01,1.000000000000000000e+00,3.499999940395355225e-01,3.499999940395355225e-01,3.499999940395355225e-01,1.548432856798171997e-01,3.499999940395355225e-01,3.499999940395355225e-01
5.960000000000325038e+00,8.125052729056840839e-01,4.063167337622271003e-01,2.369984072441510659e+00,-2.248450954104907473e-01,2.620767129019271335e-01,4.063145435789621840e-01,1.000000000000000000e+00,3.499999940395355225e-01,3.499999940395355225e-01,3.499999940395355225e-01,2.440203577280044556e-01,3.499999940395355225e-01,3.499999940395355225e-01
5.980000000000331717e+00,8.124075593598724110e-01,4.050419326733147862e-01,2.435897628390836012e+00,-2.115117554313619419e-01,2.586425716955613741e-01,4.118701019035991839e-01,1.000000000000000000e+00,3.499999940395355225e-01,3.499999940395355225e-01,3.499999940395355225e-01,5.847978405654430389e-03,3.499999940395355225e-01,3.499999940395355225e-01
6.000000000000338396e+00,8.117625337090013105e-01,4.040047341130028613e-01,2.496277774706891606e+00,-2.362025216118582016e-01,2.649348272220235501e-01,4.015822826617257424e-01,1.000000000000000000e+00,3.499999940395355225e-01,3.499999940395355225e-01,3.499999940395355225e-01,1.318496018648147583e-01,3.499999940395355225e-01,3.499999940395355225e-01
6.020000000000345075e+00,8.105321949778604429e-01,4.032567310664971760e-01,2.550914990326083487e+00,-2.357096918119818973e-01,2.639217278059474148e-01,4.017876284116742025e-01,1.000000000000000000e+00,3.499999940395355225e-01,3.499999940395355225e-01,3.499999940395355225e-01,-1.415658593177795410e-01,3.499999940395355225e-01,3.499999940395355225e-01
6.040000000000351754e+00,8.088209390199819770e-01,4.030218854786820071e-01,2.596363413464611636e+00,-2.578160457407727146e-01,2.690232552636198093e-01,3.925766476080113643e-01,1.000000000000000000e+00,3.499999940395355225e-01,3.499999940395355225e-01,3.499999940395355225e-01,-5.231400951743125916e-02,3.499999940395355225e-01,3.499999940395355225e-01
6.060000000000358433e+00,8.066652121596502578e-01,4.033639397629804613e-01,2.631856483601870966e+00,-2.478601111389615030e-01,2.650809169324250814e-01,3.967249536920993691e-01,1.000000000000000000e+00,3.499999940395355225e-01,3.499999940395355225e-01,3.499999940395355225e-01,-2.851821482181549072e-01,2.828251123428344727e-01,3.499999940395355225e-01
6.080000000000365112e+00,8.039523297617856556e-01,4.040172035828832886e-01,2.660399418908921287e+00,-2.940644981746950992e-01,2.765068398366887226e-01,3.774731257605437040e-01,1.000000000000000000e+00,3.499999940395355225e-01,3.499999940395355225e-01,3.499999940395355225e-01,-1.535117477178573608e-01,3.412687182426452637e-01,3.449688851833343506e-01
6.100000000000371791e+00,8.008753650865517715e-01,4.057244668487794970e-01,2.676098110646591088e+00,-2.604165545070432630e-01,2.659372262561517375e-01,3.914931022887319645e-01,1.000000000000000000e+00,3.499999940395355225e-01,3.499999940395355225e-01,2.700698375701904297e-01,-3.499999940395355225e-01,1.486957073211669922e-01,3.499999940395355225e-01
6.120000000000378471e+00,7.973703238463620835e-01,4.077758353889010534e-01,2.682419828325585787e+00,-2.862756775604638482e-01,2.722478099716506006e-01,3.807184676831400494e-01,1.000000000000000000e+00,3.499999940395355225e-01,3.499999940395355225e-01,3.499999940395355225e-01,-2.964444160461425781e-01,2.878524959087371826e-01,3.254686594009399414e-01
6.140000000000385150e+00,7.934499041924913953e-01,4.104301397152829711e-01,2.679791224047183729e+00,-2.623957006337774844e-01,2.635190456683872973e-01,3.906684580692593722e-01,1.000000000000000000e+00,3.499999940395355225e-01,3.499999940395355225e-01,1.746094375848770142e-01,-3.499999940395355225e-01,5.715851858258247375e-02,3.200368583202362061e-01
6.160000000000391829e+00,7.892035159952092149e-01,4.137253211528743035e-01,2.664975853662212568e+00,-2.886817665099775110e-01,2.685791753396671866e-01,3.797159306208426899e-01,1.000000000000000000e+00,3.499999940395355225e-01,3.499999940395355225e-01,2.553027272224426270e-01,-3.499999940395355225e-01,1.526886373758316040e-01,3.008231520652770996e-01
6.180000000000398508e+00,7.845844687774732318e-01,4.173122547381341585e-01,2.641921086023020226e+00,-3.057195769556835252e-01,2.697402403290189987e-01,3.726168429351318645e-01,1.000000000000000000e+00,3.499999940395355225e-01,3.499999940395355225e-01,1.212736964225769043e-01,-3.499999940395355225e-01,1.406765636056661606e-02,2.941343784332275391e-01
6.200000000000405187e+00,7.796442372249505759e-01,4.215157068986351563e-01,2.606505053395227200e+00,-3.233406103249548136e-01,2.718118224252732418e-01,3.652747456979354990e-01,1.000000000000000000e+00,3.499999940395355225e-01,3.499999940395355225e-01,1.131072789430618286e-01,-3.499999940395355225e-01,1.399754546582698822e-02,2.661078870296478271e-01
6.220000000000411866e+00,7.744461216991256336e-01,4.256458855456208834e-01,2.564708334205976659e+00,-3.335432018212912131e-01,2.718731122803836886e-01,3.610236659077953325e-01,1.000000000000000000e+00,3.499999940395355225e-01,3.499999940395355225e-01,7.689907401800155640e-02,-3.499999940395355225e-01,-2.486004494130611420e-02,2.497027069330215454e-01
6.240000000000418545e+00,7.691256829063223277e-01,4.296536109573446671e-01,2.518187553705464321e+00,-3.347806046234362842e-01,2.696889986750384827e-01,3.605080814069015482e-01,1.000000000000000000e+00,3.499999940395355225e-01,3.499999940395355225e-01,5.012322217226028442e-02,-3.499999940395355225e-01,-5.532490089535713196e-02,2.348629534244537354e-01
6.260000000000425224e+00,7.637935964787685439e-01,4.335698796195120996e-01,2.467978869142371856e+00,-3.295773612160249888e-01,2.659214582165954077e-01,3.626760994933229121e-01,1.000000000000000000e+00,3.499999940395355225e-01,3.499999940395355225e-01,3.050121478736400604e-02,-3.499999940395355225e-01,-7.804719358682632446e-02,2.216198146343231201e-01
6.280000000000431903e+00,7.585106511302400767e-01,4.374561439208877189e-01,2.414468506022540151e+00,-3.290548095501070192e-01,2.634955224164812204e-01,3.628938293541220661e-01,1.000000000000000000e+00,3.499999940395355225e-01,3.499999940395355225e-01,1.711715385317802429e-02,-3.499999940395355225e-01,-9.275444597005844116e-02,2.112205326557159424e-01
6.300000000000438583e+00,7.533038269271465914e-01,4.413706753203714417e-01,2.357579129362181281e+00,-3.426845785135840816e-01,2.646970287463907834e-01,3.572147589526732947e-01,1.000000000000000000e+00,3.499999940395355225e-01,3.499999940395355225e-01,7.268696092069149017e-03,-3.499999940395355225e-01,-1.019544452428817749e-01,2.033758759498596191e-01
6.320000000000445262e+00,7.482015738339411470e-01,4.453429931655391583e-01,2.297197562768109158e+00,-3.644992569335079868e-01,2.680241958198430474e-01,3.481253096110383249e-01,1.000000000000000000e+00,3.499999940395355225e-01,3.499999940395355225e-01,1.697174040600657463e-03,-3.499999940395355225e-01,-1.062006652355194092e-01,1.966748982667922974e-01
6.340000000000451941e+00,7.432672508936607469e-01,4.493480026494675039e-01,2.233825163908409017e+00,-3.818758788103988611e-01,2.703308495435980952e-01,3.408850504956671412e-01,1.000000000000000000e+00,3.499999940395355225e-01,3.499999940395355225e-01,2.307136775925755501e-03,-3.499999940395355225e-01,-1.051945611834526062e-01,1.909277886152267456e-01
6.360000000000458620e+00,7.386029805278899740e-01,4.533314822020773072e-01,2.168650810666754136e+00,-3.916734679814256048e-01,2.708959879612198862e-01,3.368027216744060026e-01,1.000000000000000000e+00,3.499999940395355225e-01,3.499999940395355225e-01,8.597522042691707611e-03,-3.499999940395355225e-01,-1.001148074865341187e-01,1.866073459386825562e-01
6.380000000000465299e+00,7.343210805905074912e-01,4.572548466628166830e-01,2.103024011240016033e+00,-3.971783854173827621e-01,2.706209507550823568e-01,3.345090060760905204e-01,1.000000000000000000e+00,3.499999940395355225e-01,3.499999940395355225e-01,1.889319904148578644e-02,-3.499999940395355225e-01,-9.237252175807952881e-02,1.837934404611587524e-01
6.400000000000471978e+00,7.305180918646052568e-01,4.611034522690983239e-01,2.038073688588744936e+00,-4.000288300666300367e-01,2.699006415160291605e-01,3.333213208055708088e-01,1.000000000000000000e+00,3.499999940395355225e-01,3.499999940395355225e-01,3.271722421050071716e-02,-3.499999940395355225e-01,-8.194635063409805298e-02,1.822061538696289062e-01
6.420000000000478657e+00,7.272660065316232103e-01,4.648691034999314908e-01,1.974741852198740322e+00,-4.005584447866818443e-01,2.688593640451852895e-01,3.331006480055492269e-01,1.000000000000000000e+00,3.499999940395355225e-01,3.499999940395355225e-01,5.045142024755477905e-02,-3.499999940395355225e-01,-6.803769618272781372e-02,1.817131042480468750e-01
6.440000000000485336e+00,7.246160529980110176e-01,4.685382917376478273e-01,1.913937755421951881e+00,-4.007623814271928375e-01,2.681633250932082824e-01,3.330156744053363038e-01,1.000000000000000000e+00,3.499999940395355225e-01,3.499999940395355225e-01,7.189609855413436890e-02,-3.499999940395355225e-01,-5.050553753972053528e-02,1.825986653566360474e-01
6.460000000000492015e+00,7.226028027390006825e-01,4.720984297565727905e-01,1.856592677489658172e+00,-4.019182977732637108e-01,2.682076209790399957e-01,3.325340425944734446e-01,1.000000000000000000e+00,3.499999940395355225e-01,3.499999940395355225e-01,9.659916162490844727e-02,-3.499999940395355225e-01,-2.974716387689113617e-02,1.852920353412628174e-01
6.480000000000498694e+00,7.212492060013933060e-01,4.755465806591516742e-01,1.803742749674202672e+00,-4.025768686515429629e-01,2.685387473067209485e-01,3.322596380618570988e-01,1.000000000000000000e+00,3.499999940395355225e-01,3.499999940395355225e-01,1.250576674938201904e-01,-3.499999940395355225e-01,-5.631175357848405838e-03,1.902230232954025269e-01
6.500000000000505374e+00,7.205699143603130352e-01,4.788936062154910411e-01,1.756662180796998207e+00,-4.011863411966885562e-01,2.686744816409601944e-01,3.328390245013797544e-01,1.000000000000000000e+00,3.499999940395355225e-01,3.499999940395355225e-01,1.581794619560241699e-01,-3.499999940395355225e-01,2.219435758888721466e-02,1.983000636100769043e-01
6.520000000000512053e+00,7.205692977828782597e-01,4.821556410458187614e-01,1.716822054896421257e+00,-3.974148483287723299e-01,2.685063317554615137e-01,3.344104798630115338e-01,1.000000000000000000e+00,3.499999940395355225e-01,3.499999940395355225e-01,1.965715438127517700e-01,-3.499999940395355225e-01,5.391222611069679260e-02,2.109743505716323853e-01
6.540000000000518732e+00,7.212412064770433728e-01,4.853316464333577995e-01,1.685616183532641310e+00,-3.909953957463985219e-01,2.679428812642872804e-01,3.370852517723339492e-01,1.000000000000000000e+00,3.499999940395355225e-01,3.499999940395355225e-01,2.411009371280670166e-01,-3.499999940395355225e-01,9.036510437726974487e-02,2.296991050243377686e-01
6.560000000000525411e+00,7.225559565629183778e-01,4.884401689009418845e-01,1.664345622796235880e+00,-3.822542346078037778e-01,2.670856172159584152e-01,3.407274022467484120e-01,1.000000000000000000e+00,3.499999940395355225e-01,3.499999940395355225e-01,2.920228540897369385e-01,-3.499999940395355225e-01,1.325572729110717773e-01,2.551155984401702881e-01
6.580000000000532090e+00,7.244706616547558209e-01,4.915057588146768408e-01,1.654716292114559062e+00,-3.697270380600695683e-01,2.654066542694594744e-01,3.459470674749710040e-01,1.000000000000000000e+00,3.499999940395355225e-01,3.499999940395355225e-01,3.486976623535156250e-01,-3.330702781677246094e-01,1.818248778581619263e-01,2.855335772037506104e-01
6.600000000000538769e+00,7.268051852134335133e-01,4.945000615456263127e-01,1.653852468745581339e+00,-3.688619433136018921e-01,2.678219664861747340e-01,3.463075236193325357e-01,1.000000000000000000e+00,3.499999940395355225e-01,3.499999940395355225e-01,3.499999940395355225e-01,-2.975357770919799805e-01,2.220867723226547241e-01,3.176127076148986816e-01
6.620000000000545448e+00,7.293139735936444712e-01,4.974031057130734457e-01,1.661833463051407112e+00,-3.643524809494714800e-01,2.691135990956377566e-01,3.481864662710535407e-01,1.000000000000000000e+00,3.499999940395355225e-01,3.499999940395355225e-01,3.499999940395355225e-01,-1.600406467914581299e-01,3.397953212261199951e-01,3.499999940395355225e-01
6.640000000000552127e+00,7.319682618320804135e-01,4.999728995118574160e-01,1.671242486855551101e+00,-3.498194475981065144e-01,2.670116598568348931e-01,3.542418968341222718e-01,1.000000000000000000e+00,3.499999940395355225e-01,3.499999940395355225e-01,3.499999940395355225e-01,-2.811073660850524902e-01,2.913298308849334717e-01,3.499999940395355225e-01
6.660000000000558806e+00,7.349127703681077595e-01,5.025064100418578095e-01,1.683597962482061172e+00,-3.353411374709064918e-01,2.651783457094238905e-01,3.602745260537889571e-01,1.000000000000000000e+00,3.499999940395355225e-01,3.499999940395355225e-01,3.499999940395355225e-01,2.070031762123107910e-01,3.499999940395355225e-01,3.499999940395355225e-01
6.680000000000565485e+00,7.381721049491578590e-01,5.051407559510848744e-01,1.710509994752829499e+00,-3.196168381728862196e-01,2.634364139395334314e-01,3.668263174279640659e-01,1.000000000000000000e+00,3.499999940395355225e-01,3.499999940395355225e-01,3.499999940395355225e-01,1.196091324090957642e-01,3.499999940395355225e-01,3.499999940395355225e-01
6.700000000000572165e+00,7.417651469192715341e-01,5.075237516174140318e-01,1.750911269065581921e+00,-3.104395176937536083e-01,2.639401807161903535e-01,3.706502009609359827e-01,1.000000000000000000e+00,3.499999940395355225e-01,3.499999940395355225e-01,3.499999940395355225e-01,6.405980139970779419e-02,3.499999940395355225e-01,3.499999940395355225e-01
6.720000000000578844e+00,7.456458703737735005e-01,5.094722607044793738e-01,1.800258910177960026e+00,-2.936494094798020038e-01,2.621902192034479273e-01,3.776460793834158225e-01,1.000000000000000000e+00,3.499999940395355225e-01,3.499999940395355225e-01,3.499999940395355225e-01,1.412507146596908569e-01,3.499999940395355225e-01,3.499999940395355225e-01
6.740000000000585523e+00,7.496762854851364288e-01,5.110064482414802267e-01,1.856403054008605391e+00,-2.897787544312611097e-01,2.641357160497104228e-01,3.792588523203078710e-01,1.000000000000000000e+00,3.499999940395355225e-01,3.499999940395355225e-01,3.499999940395355225e-01,2.030656188726425171e-01,3.499999940395355225e-01,3.499999940395355225e-01
6.760000000000592202e+00,7.536918622395140099e-01,5.121660024781294895e-01,1.917356332653525675e+00,-2.716174570770071850e-01,2.618036430032948392e-01,3.868260595512469924e-01,1.000000000000000000e+00,3.499999940395355225e-01,3.499999940395355225e-01,3.499999940395355225e-01,2.518212199211120605e-01,3.499999940395355225e-01,3.499999940395355225e-01
6.780000000000598881e+00,7.575690056139158246e-01,5.129955024733806601e-01,1.981591242880146320e+00,-2.723644619164194980e-01,2.646725329096706880e-01,3.865148075348251999e-01,1.000000000000000000e+00,3.499999940395355225e-01,3.499999940395355225e-01,3.499999940395355225e-01,2.811927199363708496e-01,3.499999940395355225e-01,3.499999940395355225e-01
6.800000000000605560e+00,7.612493323660148858e-01,5.135319302903286198e-01,2.048479651846247140e+00,-2.604777838922282540e-01,2.637273386899041117e-01,3.914675900449048895e-01,1.000000000000000000e+00,3.499999940395355225e-01,3.499999940395355225e-01,3.499999940395355225e-01,3.048161566257476807e-01,3.499999940395355225e-01,3.499999940395355225e-01
6.820000000000612239e+00,7.647135534807879553e-01,5.137901508347226809e-01,2.117898089071678314e+00,-2.551982305212783242e-01,2.644792038983310167e-01,3.936674039494673649e-01,1.000000000000000000e+00,3.499999940395355225e-01,3.499999940395355225e-01,3.499999940395355225e-01,3.121437728404998779e-01,3.499999940395355225e-01,3.499999940395355225e-01
6.840000000000618918e+00,7.679492931415610180e-01,5.137706153489528527e-01,2.189853646141721288e+00,-2.429311044465913283e-01,2.631164835893599063e-01,3.987787064805869419e-01,1.000000000000000000e+00,3.499999940395355225e-01,3.499999940395355225e-01,3.499999940395355225e-01,3.166560828685760498e-01,3.499999940395355225e-01,3.499999940395355225e-01
6.860000000000625597e+00,7.709283078035271686e-01,5.134756947428226193e-01,2.263979341597083472e+00,-2.392294979004069844e-01,2.639119597104828130e-01,4.003210425414970852e-01,1.000000000000000000e+00,3.499999940395355225e-01,3.499999940395355225e-01,3.499999940395355225e-01,3.053249418735504150e-01,3.499999940395355225e-01,3.499999940395355225e-01
6.880000000000632276e+00,7.736040341162375711e-01,5.129186844650197585e-01,2.339572325475242298e+00,-2.263862892534536098e-01,2.620075889161850857e-01,4.056723794777276626e-01,1.000000000000000000e+00,3.499999940395355225e-01,3.499999940395355225e-01,3.499999940395355225e-01,2.934811711311340332e-01,3.499999940395355225e-01,3.499999940395355225e-01
6.900000000000638956e+00,7.759153012583670517e-01,5.121343870032467605e-01,2.415456254374951595e+00,-2.274251309439927482e-01,2.635518130902267386e-01,4.052395287733363549e-01,1.000000000000000000e+00,3.499999940395355225e-01,3.499999940395355225e-01,3.499999940395355225e-01,2.640958428382873535e-01,3.499999940395355225e-01,3.499999940395355225e-01
6.920000000000645635e+00,7.777946224123001295e-01,5.111638936324153226e-01,2.490490805155542109e+00,-2.131757560054212686e-01,2.607528161252979926e-01,4.111767683310744714e-01,1.000000000000000000e+00,3.499999940395355225e-01,3.499999940395355225e-01,3.499999940395355225e-01,2.384290844202041626e-01,3.499999940395355225e-01,3.499999940395355225e-01
6.940000000000652314e+00,7.791825266802504535e-01,5.100707073970135452e-01,2.563247446797464413e+00,-2.226183970383713573e-01,2.638473687572097104e-01,4.072423345673452655e-01,1.000000000000000000e+00,3.499999940395355225e-01,3.499999940395355225e-01,3.499999940395355225e-01,1.892000883817672729e-01,3.499999940395355225e-01,3.499999940395355225e-01
6.960000000000658993e+00,7.800289511847777746e-01,5.089063163580040960e-01,2.632705969295433324e+00,-2.036745567788249556e-01,2.592100345121303162e-01,4.151356013421562685e-01,1.000000000000000000e+00,3.499999940395355225e-01,3.499999940395355225e-01,3.499999940395355225e-01,1.515239775180816650e-01,3.499999940395355225e-01,3.499999940395355225e-01
6.980000000000665672e+00,7.803033211929074620e-01,5.077665791757141056e-01,2.697361799190415521e+00,-2.142233974166465327e-01,2.620257194344296492e-01,4.107402510763972781e-01,1.000000000000000000e+00,3.499999940395355225e-01,3.499999940395355225e-01,3.499999940395355225e-01,7.710511982440948486e-02,3.499999940395355225e-01,3.499999940395355225e-01
7.000000000000672351e+00,7.799816706978529579e-01,5.067243646311950789e-01,2.756243847794972890e+00,-1.946028682083800199e-01,2.566715861163204604e-01,4.189154715798416584e-01,1.000000000000000000e+00,3.499999940395355225e-01,3.499999940395355225e-01,3.499999940395355225e-01,2.617391943931579590e-02,3.499999940395355225e-01,3.499999940395355225e-01
7.020000000000679030e+00,7.790556971913418227e-01,5.059179018780014525e-01,2.807662902864652033e+00,-1.961972472705735548e-01,2.567314838355152506e-01,4.182511469705943452e-01,1.000000000000000000e+00,3.499999940395355225e-01,3.499999940395355225e-01,3.499999940395355225e-01,-7.886546850204467773e-02,3.499999940395355225e-01,3.499999940395355225e-01
7.040000000000685709e+00,7.775086348523111424e-01,5.053613975757824672e-01,2.851354344354685821e+00,-1.862659008739621369e-01,2.533743626172625940e-01,4.223892079691824453e-01,1.000000000000000000e+00,3.499999940395355225e-01,3.499999940395355225e-01,3.499999940395355225e-01,-1.296972036361694336e-01,3.499999940395355225e-01,3.499999940395355225e-01
7.060000000000692388e+00,7.753854239051296560e-01,5.052245751932731288e-01,2.884964356347218484e+00,-1.944396932751439877e-01,2.543184315667651463e-01,4.189834611353566718e-01,1.000000000000000000e+00,3.499999940395355225e-01,3.499999940395355225e-01,3.499999940395355225e-01,-2.647565007209777832e-01,2.970855534076690674e-01,3.499999940395355225e-01
7.080000000000699067e+00,7.726879386610676637e-01,5.052824938631623741e-01,2.911419100479939015e+00,-1.816444919938753622e-01,2.497714038826501226e-01,4.243147950025519255e-01,1.000000000000000000e+00,3.499999940395355225e-01,3.499999940395355225e-01,3.499999940395355225e-01,-2.466952502727508545e-01,3.064764738082885742e-01,3.463445603847503662e-01
7.100000000000705747e+00,7.694618016196250743e-01,5.057630336891394407e-01,2.929398667592784111e+00,-2.262661964986926733e-01,2.584397226993714325e-01,4.057224181255447149e-01,1.000000000000000000e+00,3.499999940395355225e-01,3.499999940395355225e-01,3.171449899673461914e-01,-3.499999940395355225e-01,1.857883781194686890e-01,3.456694781780242920e-01
7.120000000000712426e+00,7.657640608903386603e-01,5.065713192963081646e-01,2.938959548512586117e+00,-2.291498074651952266e-01,2.564219131956240183e-01,4.045209135561686487e-01,1.000000000000000000e+00,3.499999940395355225e-01,3.499999940395355225e-01,3.319975435733795166e-01,-3.499999940395355225e-01,2.037430256605148315e-01,3.233956992626190186e-01
7.140000000000719105e+00,7.614862151579745442e-01,5.079357177145609192e-01,2.939361812793966688e+00,-2.702844986065744970e-01,2.648835846357421864e-01,3.873814589139272790e-01,1.000000000000000000e+00,3.499999940395355225e-01,3.499999940395355225e-01,2.330097705125808716e-01,-3.499999940395355225e-01,1.072273924946784973e-01,3.163148164749145508e-01
7.160000000000725784e+00,7.565788188873600051e-01,5.099783235676922377e-01,2.927915126591721151e+00,-2.736131460801833337e-01,2.632984092328874426e-01,3.859945224665902730e-01,1.000000000000000000e+00,3.499999940395355225e-01,3.499999940395355225e-01,2.124543637037277222e-01,-3.499999940395355225e-01,1.061983257532119751e-01,3.153121173381805420e-01
7.180000000000732463e+00,7.510784126910986513e-01,5.125856103363389815e-01,2.903950428013744478e+00,-2.787424173888886081e-01,2.631014162412265711e-01,3.838573260879630800e-01,1.000000000000000000e+00,3.499999940395355225e-01,3.499999940395355225e-01,1.233553439378738403e-01,-3.499999940395355225e-01,2.770844288170337677e-02,3.000903725624084473e-01
7.200000000000739142e+00,7.451093195216262899e-01,5.155312656917997449e-01,2.867812107511743758e+00,-2.826070758361898250e-01,2.620237467199322823e-01,3.822470517349209063e-01,1.000000000000000000e+00,3.499999940395355225e-01,3.499999940395355225e-01,1.015445068478584290e-01,-3.499999940395355225e-01,8.693731389939785004e-03,2.724759280681610107e-01
7.220000000000745821e+00,7.389833002512504745e-01,5.182185616482084534e-01,2.825829280649066355e+00,-2.943167453746327600e-01,2.626952846350961712e-01,3.773680227605696880e-01,1.000000000000000000e+00,3.499999940395355225e-01,3.499999940395355225e-01,7.761570066213607788e-02,-3.499999940395355225e-01,-2.723238803446292877e-02,2.503606677055358887e-01
7.240000000000752500e+00,7.329080466212338774e-01,5.205748425123580825e-01,2.781275651281627681e+00,-3.159017149384842349e-01,2.656787966420580682e-01,3.683742854422982216e-01,1.000000000000000000e+00,3.499999940395355225e-01,3.499999940395355225e-01,5.938852205872535706e-02,-3.499999940395355225e-01,-5.522304400801658630e-02,2.319017052650451660e-01
7.260000000000759179e+00,7.269352622969895705e-01,5.227590356118959614e-01,2.734757017031977711e+00,-3.413051725149248705e-01,2.697260217516180836e-01,3.577895114521146280e-01,1.000000000000000000e+00,3.499999940395355225e-01,3.499999940395355225e-01,4.305604100227355957e-02,-3.499999940395355225e-01,-7.484652101993560791e-02,2.213125526905059814e-01
7.280000000000765858e+00,7.209723526202378441e-01,5.250331426607199869e-01,2.684442669565370032e+00,-3.591126047221911977e-01,2.719499158077054446e-01,3.503697480324203251e-01,1.000000000000000000e+00,3.499999940395355225e-01,3.499999940395355225e-01,2.214820310473442078e-02,-3.499999940395355225e-01,-9.308501332998275757e-02,2.151387035846710205e-01
7.300000000000772538e+00,7.149060311855948147e-01,5.275763490433077463e-01,2.628028281899084995e+00,-3.638534359443014177e-01,2.708728755353451700e-01,3.483944016898744001e-01,1.000000000000000000e+00,3.499999940395355225e-01,3.499999940395355225e-01,3.488225396722555161e-03,-3.499999940395355225e-01,-1.067287325859069824e-01,2.060536593198776245e-01
7.320000000000779217e+00,7.087829510021745882e-01,5.303120924268561742e-01,2.565739486859598184e+00,-3.625120348118555103e-01,2.684237748245629218e-01,3.489533188283935328e-01,1.000000000000000000e+00,3.499999940395355225e-01,3.499999940395355225e-01,-4.992369795218110085e-04,-3.499999940395355225e-01,-1.078662127256393433e-01,1.960120946168899536e-01
7.340000000000785896e+00,7.028101351241251571e-01,5.330464289827797630e-01,2.500417062924092715e+00,-3.647045054775739925e-01,2.671058374760945098e-01,3.480397893843441559e-01,1.000000000000000000e+00,3.499999940395355225e-01,3.499999940395355225e-01,5.739335902035236359e-03,-3.499999940395355225e-01,-1.026209145784378052e-01,1.903252899646759033e-01
7.360000000000792575e+00,6.971834222715760365e-01,5.357229540962870074e-01,2.434611976964274227e+00,-3.715237999439374716e-01,2.671413748750544603e-01,3.451984166900260442e-01,1.000000000000000000e+00,3.499999940395355225e-01,3.499999940395355225e-01,1.178441662341356277e-02,-3.499999940395355225e-01,-9.917249530553817749e-02,1.882377862930297852e-01
7.380000000000799254e+00,6.920048555986244576e-01,5.384163111242870059e-01,2.369278999808194008e+00,-3.791876600793420704e-01,2.676292375103000998e-01,3.420051416336074568e-01,1.000000000000000000e+00,3.499999940395355225e-01,3.499999940395355225e-01,1.945349015295505524e-02,-3.499999940395355225e-01,-9.474628418684005737e-02,1.864006221294403076e-01
7.400000000000805933e+00,6.873334777055470912e-01,5.411868996688675715e-01,2.304854097992718565e+00,-3.856102369591927759e-01,2.681320415056906992e-01,3.393290679336696813e-01,1.000000000000000000e+00,3.499999940395355225e-01,3.499999940395355225e-01,3.319004923105239868e-02,-3.499999940395355225e-01,-8.505087345838546753e-02,1.845115721225738525e-01
7.420000000000812612e+00,6.832203165784335175e-01,5.440356361423277498e-01,2.242032521542566048e+00,-3.905227200292918366e-01,2.686014736034376127e-01,3.372821999877950727e-01,1.000000000000000000e+00,3.499999940395355225e-01,3.499999940395355225e-01,5.218375101685523987e-02,-3.499999940395355225e-01,-6.994599848985671997e-02,1.836716830730438232e-01
7.440000000000819291e+00,6.797021324843053325e-01,5.469429538509260613e-01,2.181561196207645992e+00,-3.931966980527604738e-01,2.687879133293484823e-01,3.361680424780164600e-01,1.000000000000000000e+00,3.499999940395355225e-01,3.499999940395355225e-01,7.316156476736068726e-02,-3.499999940395355225e-01,-5.206944048404693604e-02,1.847023218870162964e-01
7.460000000000825970e+00,6.768044859396201707e-01,5.498996470507130363e-01,2.124139511537265435e+00,-3.929970038033449575e-01,2.684903161682925532e-01,3.362512484152729297e-01,1.000000000000000000e+00,3.499999940395355225e-01,3.499999940395355225e-01,9.637015312910079956e-02,-3.499999940395355225e-01,-3.178591653704643250e-02,1.870948225259780884e-01
7.480000000000832650e+00,6.745575414083108123e-01,5.529100801908362062e-01,2.070820343087715898e+00,-3.905220658797968203e-01,2.679108125819664732e-01,3.372824725500846443e-01,1.000000000000000000e+00,3.499999940395355225e-01,3.499999940395355225e-01,1.242188513278961182e-01,-3.499999940395355225e-01,-7.727360818535089493e-03,1.908716112375259399e-01
7.500000000000839329e+00,6.729891601647037813e-01,5.559946538726964205e-01,2.023130412989280202e+00,-3.865937525486332627e-01,2.673225725335950931e-01,3.389192697714027980e-01,1.000000000000000000e+00,3.499999940395355225e-01,3.499999940395355225e-01,1.570249199867248535e-01,-3.499999940395355225e-01,1.983507536351680756e-02,1.976341307163238525e-01
7.520000000000846008e+00,6.721097529525233982e-01,5.591787950317150813e-01,1.982734298634395875e+00,-3.815206634029751354e-01,2.668345906056492356e-01,3.410330569154270131e-01,1.000000000000000000e+00,3.499999940395355225e-01,3.499999940395355225e-01,1.947645545005798340e-01,-3.499999940395355225e-01,5.077478289604187012e-02,2.090547531843185425e-01
7.540000000000852687e+00,6.719158066271292418e-01,5.624630095748380798e-01,1.951084788170514006e+00,-3.753521963720169441e-01,2.664543649579262929e-01,3.436032515116596020e-01,1.000000000000000000e+00,3.499999940395355225e-01,3.499999940395355225e-01,2.386701405048370361e-01,-3.499999940395355225e-01,8.672273159027099609e-02,2.265895754098892212e-01
7.560000000000859366e+00,6.723695668602741593e-01,5.658533802877854235e-01,1.929448313243439017e+00,-3.679763163836157758e-01,2.661203397469312226e-01,3.466765348401600888e-01,1.000000000000000000e+00,3.499999940395355225e-01,3.499999940395355225e-01,2.887473404407501221e-01,-3.499999940395355225e-01,1.286810338497161865e-01,2.511453032493591309e-01
7.580000000000866045e+00,6.734200828912365600e-01,5.693409125716653030e-01,1.918739247242551071e+00,-3.553117282108294583e-01,2.644757440924718761e-01,3.519534465788210498e-01,1.000000000000000000e+00,3.499999940395355225e-01,3.499999940395355225e-01,3.443034589290618896e-01,-3.494604825973510742e-01,1.777621060609817505e-01,2.811378240585327148e-01
7.600000000000872724e+00,6.748839085799083204e-01,5.728991475536620026e-01,1.918462815217607087e+00,-3.546538589022873444e-01,2.669670790275441297e-01,3.522275587907136019e-01,1.000000000000000000e+00,3.499999940395355225e-01,3.499999940395355225e-01,3.499999940395355225e-01,-2.729114890098571777e-01,2.339858859777450562e-01,3.121984302997589111e-01
7.620000000000879403e+00,6.765862846423240651e-01,5.763677757735160556e-01,1.924560153607316471e+00,-3.256586154001070987e-01,2.606322815050466923e-01,3.643089102499553755e-01,1.000000000000000000e+00,3.499999940395355225e-01,3.499999940395355225e-01,3.499999940395355225e-01,-2.535625994205474854e-01,2.955843508243560791e-01,3.499999940395355225e-01
7.640000000000886082e+00,6.784759180778772159e-01,5.797374880149729348e-01,1.937610499231100514e+00,-3.569554726945887713e-01,2.734111035033649495e-01,3.512685530439213499e-01,1.000000000000000000e+00,3.499999940395355225e-01,3.499999940395355225e-01,3.499999940395355225e-01,-1.141252964735031128e-01,3.499999940395355225e-01,3.499999940395355225e-01
7.660000000000892761e+00,6.806448541880260050e-01,5.829744267611653985e-01,1.957625841388059618e+00,-3.530665077661634399e-01,2.750362166736350922e-01,3.528889550974319000e-01,1.000000000000000000e+00,3.499999940395355225e-01,3.499999940395355225e-01,3.499999940395355225e-01,-1.163489297032356262e-01,3.499999940395355225e-01,3.499999940395355225e-01
7.680000000000899441e+00,6.831686519650038703e-01,5.861988277405392189e-01,1.985813069041481027e+00,-3.475087751903540578e-01,2.757793293014236813e-01,3.552046770040191426e-01,1.000000000000000000e+00,3.499999940395355225e-01,3.499999940395355225e-01,3.499999940395355225e-01,1.316182613372802734e-01,3.499999940395355225e-01,3.499999940395355225e-01
7.700000000000906120e+00,6.860666621009514632e-01,5.893096956310286405e-01,2.025193232564920898e+00,-3.309613838244341300e-01,2.732697121323320877e-01,3.620994234064857653e-01,1.000000000000000000e+00,3.499999940395355225e-01,3.499999940395355225e-01,3.499999940395355225e-01,7.417765259742736816e-02,3.499999940395355225e-01,3.499999940395355225e-01
7.720000000000912799e+00,6.893194720359726579e-01,5.921578284863801001e-01,2.072244148538512132e+00,-3.151984345745535987e-01,2.713769699006157166e-01,3.686673189272693385e-01,1.000000000000000000e+00,3.499999940395355225e-01,3.499999940395355225e-01,3.499999940395355225e-01,1.730510890483856201e-01,3.499999940395355225e-01,3.499999940395355225e-01
7.740000000000919478e+00,6.927997362897737599e-01,5.946825106453161869e-01,2.124929152356024975e+00,-2.897299108741395735e-01,2.667591789543886649e-01,3.792792038024418444e-01,1.000000000000000000e+00,3.499999940395355225e-01,3.499999940395355225e-01,3.499999940395355225e-01,1.881864815950393677e-01,3.499999940395355225e-01,3.499999940395355225e-01
7.760000000000926157e+00,6.963794145910687794e-01,5.968894489287657201e-01,2.182617272653073481e+00,-2.733794326981252021e-01,2.649310329904676631e-01,3.860919030424478371e-01,1.000000000000000000e+00,3.499999940395355225e-01,3.499999940395355225e-01,3.499999940395355225e-01,2.726942300796508789e-01,3.499999940395355225e-01,3.499999940395355225e-01
7.780000000000932836e+00,6.999494972063502463e-01,5.987562928559975184e-01,2.243984977728826991e+00,-2.509507282118335070e-01,2.612791861228083157e-01,3.954371965784027054e-01,1.000000000000000000e+00,3.499999940395355225e-01,3.499999940395355225e-01,3.499999940395355225e-01,2.517041563987731934e-01,3.499999940395355225e-01,3.499999940395355225e-01
7.800000000000939515e+00,7.034594494314758695e-01,6.003019041619633844e-01,2.308925694381522842e+00,-2.411182721289133468e-01,2.609365873743504927e-01,3.995340532796194388e-01,1.000000000000000000e+00,3.499999940395355225e-01,3.499999940395355225e-01,3.499999940395355225e-01,3.169369697570800781e-01,3.499999940395355225e-01,3.499999940395355225e-01
7.820000000000946194e+00,7.068674352091245394e-01,6.015140668440385197e-01,2.376961729512375499e+00,-2.249206054384915998e-01,2.586356724125173923e-01,4.062830810672951598e-01,1.000000000000000000e+00,3.499999940395355225e-01,3.499999940395355225e-01,3.499999940395355225e-01,2.768819332122802734e-01,3.499999940395355225e-01,3.499999940395355225e-01
7.840000000000952873e+00,7.101444493428969995e-01,6.023914389511789702e-01,2.448037878404456080e+00,-2.196700993247361622e-01,2.590311645546069519e-01,4.084707919480266014e-01,1.000000000000000000e+00,3.499999940395355225e-01,3.499999940395355225e-01,3.499999940395355225e-01,3.234769701957702637e-01,3.499999940395355225e-01,3.499999940395355225e-01
7.860000000000959552e+00,7.132372003900382396e-01,6.029351732631880179e-01,2.521141690950481351e+00,-2.049398860871034789e-01,2.567444518307536172e-01,4.146083807970402102e-01,1.000000000000000000e+00,3.499999940395355225e-01,3.499999940395355225e-01,3.499999940395355225e-01,2.641952037811279297e-01,3.499999940395355225e-01,3.499999940395355225e-01
7.880000000000966232e+00,7.160901333637920141e-01,6.031366880173800737e-01,2.596015348788335064e+00,-2.025751088278377188e-01,2.574420463583454999e-01,4.155937046550676195e-01,1.000000000000000000e+00,3.499999940395355225e-01,3.499999940395355225e-01,3.499999940395355225e-01,3.027755618095397949e-01,3.499999940395355225e-01,3.499999940395355225e-01
7.900000000000972911e+00,7.186293891242345744e-01,6.030452632685613379e-01,2.670582668119404257e+00,-1.861083005059575302e-01,2.543572735202156432e-01,4.224548747891843647e-01,1.000000000000000000e+00,3.499999940395355225e-01,3.499999940395355225e-01,3.499999940395355225e-01,2.104317992925643921e-01,3.499999940395355225e-01,3.499999940395355225e-01
7.920000000000979590e+00,7.207916439674280085e-01,6.026326673228131758e-01,2.745015303821038533e+00,-1.896502871223161579e-01,2.560150551466596758e-01,4.209790470323682698e-01,1.000000000000000000e+00,3.499999940395355225e-01,3.499999940395355225e-01,3.499999940395355225e-01,2.607462406158447266e-01,3.499999940395355225e-01,3.499999940395355225e-01
7.940000000000986269e+00,7.224974746079860788e-01,6.020208480733932888e-01,2.816334431169006169e+00,-1.705817855189440124e-01,2.518361323329144086e-01,4.289242560337733212e-01,1.000000000000000000e+00,3.499999940395355225e-01,3.499999940395355225e-01,3.499999940395355225e-01,1.132921874523162842e-01,3.499999940395355225e-01,3.499999940395355225e-01
7.960000000000992948e+00,7.237034465302492059e-01,6.011260373842217675e-01,2.885701998507058885e+00,-1.847253024895302853e-01,2.554430270146446080e-01,4.230311239626957098e-01,1.000000000000000000e+00,3.499999940395355225e-01,3.499999940395355225e-01,3.499999940395355225e-01,1.998362690210342407e-01,3.499999940395355225e-01,3.499999940395355225e-01
7.980000000000999627e+00,7.243357401169293608e-01,6.000969257147031888e-01,2.950601159933803785e+00,-1.706864291315375315e-01,2.517455722214149150e-01,4.288806545285260285e-01,1.000000000000000000e+00,3.499999940395355225e-01,3.499999940395355225e-01,3.499999940395355225e-01,-2.625251188874244690e-02,3.499999940395355225e-01,3.499999940395355225e-01
8.000000000001005418e+00,7.243734225173995567e-01,5.989838762939667660e-01,3.010135306691819945e+00,-1.912954087394815317e-01,2.563025206830953362e-01,4.202935796918826905e-01,1.000000000000000000e+00,3.499999940395355225e-01,3.499999940395355225e-01,3.499999940395355225e-01,8.702354133129119873e-02,3.499999940395355225e-01,3.499999940395355225e-01
8.020000000000994334e+00,7.237545277787430509e-01,5.978236663327211042e-01,3.063927412138760520e+00,-1.918933538840429942e-01,2.553559477903607489e-01,4.200444358816487478e-01,1.000000000000000000e+00,3.499999940395355225e-01,3.499999940395355225e-01,3.499999940395355225e-01,-1.692881137132644653e-01,3.499999940395355225e-01,3.499999940395355225e-01
8.040000000000983249e+00,7.224583360564191814e-01,5.968433769072221118e-01,3.108575241133782363e+00,-2.068449661967042552e-01,2.580101939817338597e-01,4.138145974180398867e-01,1.000000000000000000e+00,3.499999940395355225e-01,3.499999940395355225e-01,3.499999940395355225e-01,-9.597636759281158447e-02,3.499999940395355225e-01,3.499999940395355225e-01
8.060000000000972165e+00,7.204881434274617025e-01,5.961269338491693714e-01,3.143202106364101578e+00,-2.057293227026240068e-01,2.563317731403904065e-01,4.142794488739066638e-01,1.000000000000000000e+00,3.499999940395355225e-01,3.499999940395355225e-01,3.499999940395355225e-01,-3.130728006362915039e-01,2.760795652866363525e-01,3.499999940395355225e-01
8.080000000000961080e+00,7.178872965704685694e-01,5.953954416000294403e-01,3.171086887097114282e+00,-2.273197375716518864e-01,2.602321588630778226e-01,4.052834426784783783e-01,1.000000000000000000e+00,3.499999940395355225e-01,3.499999940395355225e-01,3.499999940395355225e-01,-1.933418810367584229e-01,3.321297168731689453e-01,3.387517929077148438e-01
8.100000000000949996e+00,7.145254099494204869e-01,5.951499524423504717e-01,3.188860188503050086e+00,-2.173565254583636197e-01,2.562536366246423447e-01,4.094347810590151515e-01,1.000000000000000000e+00,3.499999940395355225e-01,3.499999940395355225e-01,2.818288803100585938e-01,-3.499999940395355225e-01,1.564929932355880737e-01,3.483595550060272217e-01
8.120000000000938911e+00,7.106212793854934651e-01,5.950985061353221139e-01,3.196883167492485800e+00,-2.264123476285501146e-01,2.571026203182198988e-01,4.056615218214374430e-01,1.000000000000000000e+00,3.499999940395355225e-01,3.499999940395355225e-01,3.499999940395355225e-01,-3.499999940395355225e-01,2.309478372335433960e-01,3.255692720413208008e-01
8.140000000000927827e+00,7.060680801801466622e-01,5.953530696854091309e-01,3.195998646259662124e+00,-2.217027159212809073e-01,2.539189997225623774e-01,4.076238683661329576e-01,1.000000000000000000e+00,3.499999940395355225e-01,3.499999940395355225e-01,2.103691399097442627e-01,-3.499999940395355225e-01,8.139172941446304321e-02,3.103229701519012451e-01
8.160000000000916742e+00,7.008101696095070388e-01,5.960165657943691242e-01,3.183756456301973792e+00,-2.364065140558375966e-01,2.553729910801953995e-01,4.014972858100676611e-01,1.000000000000000000e+00,3.499999940395355225e-01,3.499999940395355225e-01,2.291077822446823120e-01,-3.499999940395355225e-01,1.170510426163673401e-01,3.065812289714813232e-01
8.180000000000905658e+00,6.949397738270235436e-01,5.969251953452177073e-01,3.161176362012975805e+00,-2.523445157307847020e-01,2.565867073389968556e-01,3.948564517788397121e-01,1.000000000000000000e+00,3.499999940395355225e-01,3.499999940395355225e-01,1.223009154200553894e-01,-3.499999940395355225e-01,1.767347380518913269e-02,2.963798046112060547e-01
8.200000000000894573e+00,6.884916604543517282e-01,5.981496013561606873e-01,3.126112466600453388e+00,-2.662787507698716749e-01,2.574385988446128981e-01,3.890505205125534549e-01,1.000000000000000000e+00,3.499999940395355225e-01,3.499999940395355225e-01,1.023128405213356018e-01,-3.499999940395355225e-01,3.117611864581704140e-03,2.713813483715057373e-01
8.220000000000883489e+00,6.818857782461872352e-01,5.991758195184747615e-01,3.084350975935879369e+00,-2.751565508176597730e-01,2.570813496583624902e-01,3.853514371593084187e-01,1.000000000000000000e+00,3.499999940395355225e-01,3.499999940395355225e-01,7.386825978755950928e-02,-3.499999940395355225e-01,-3.237162902951240540e-02,2.502591907978057861e-01
8.240000000000872404e+00,6.753442191117497995e-01,5.999435447402936550e-01,3.039032685162570413e+00,-2.809191226589001777e-01,2.560275184601241150e-01,3.829503655587915834e-01,1.000000000000000000e+00,3.499999940395355225e-01,3.499999940395355225e-01,5.511322245001792908e-02,-3.499999940395355225e-01,-5.900666490197181702e-02,2.323199808597564697e-01
8.260000000000861320e+00,6.689362849231927921e-01,6.005512442532958683e-01,2.991491627967320266e+00,-2.871745534019077839e-01,2.551205292486514731e-01,3.803439360825384141e-01,1.000000000000000000e+00,3.499999940395355225e-01,3.499999940395355225e-01,3.985215723514556885e-02,-3.499999940395355225e-01,-7.780831307172775269e-02,2.210906893014907837e-01
8.280000000000850235e+00,6.625715321192127139e-01,6.011875571287353948e-01,2.940776040828621429e+00,-2.974631615860446887e-01,2.551994135512813955e-01,3.760570160058147038e-01,1.000000000000000000e+00,3.499999940395355225e-01,3.499999940395355225e-01,2.231056801974773407e-02,-3.499999940395355225e-01,-9.398465603590011597e-02,2.144757062196731567e-01
8.300000000000839151e+00,6.561199037605932594e-01,6.020048259137132929e-01,2.885011461773525632e+00,-3.118909058278201418e-01,2.563039693820854392e-01,3.700454559050749270e-01,1.000000000000000000e+00,3.499999940395355225e-01,3.499999940395355225e-01,6.173267960548400879e-03,-3.499999940395355225e-01,-1.066870316863059998e-01,2.067743837833404541e-01
8.320000000000828067e+00,6.495971484566201992e-01,6.030012200581635895e-01,2.823890021701030761e+00,-3.260951869228260191e-01,2.574300442459149796e-01,3.641270054488224828e-01,1.000000000000000000e+00,3.499999940395355225e-01,3.499999940395355225e-01,8.784934761933982372e-04,-3.499999940395355225e-01,-1.099649593234062195e-01,1.980529576539993286e-01
8.340000000000816982e+00,6.431868663710345047e-01,6.040822800350926780e-01,2.759368604592173035e+00,-3.368801999468929442e-01,2.578785979469039313e-01,3.596332500221279260e-01,1.000000000000000000e+00,3.499999940395355225e-01,3.499999940395355225e-01,5.756799597293138504e-03,-3.499999940395355225e-01,-1.058433428406715393e-01,1.920059323310852051e-01
8.360000000000805898e+00,6.370810410211158459e-01,6.052231847430307177e-01,2.693768890732584076e+00,-3.448113990643684179e-01,2.578617268257746842e-01,3.563285837231798259e-01,1.000000000000000000e+00,3.499999940395355225e-01,3.499999940395355225e-01,1.272116415202617645e-02,-3.499999940395355225e-01,-1.010461598634719849e-01,1.892296522855758667e-01
8.380000000000794813e+00,6.313815841919503402e-01,6.064897924459179412e-01,2.628323788248347892e+00,-3.510199768038951840e-01,2.576872028044469021e-01,3.537416763317103308e-01,1.000000000000000000e+00,3.499999940395355225e-01,3.499999940395355225e-01,2.088074758648872375e-02,-3.499999940395355225e-01,-9.551438689231872559e-02,1.875026226043701172e-01
8.400000000000783729e+00,6.261442839055704201e-01,6.079499470122594618e-01,2.563644723983460771e+00,-3.555801447931404291e-01,2.573933858209959680e-01,3.518416063361914925e-01,1.000000000000000000e+00,3.499999940395355225e-01,3.499999940395355225e-01,3.367377817630767822e-02,-3.499999940395355225e-01,-8.611906319856643677e-02,1.858592629432678223e-01
8.420000000000772644e+00,6.214238955597561898e-01,6.096284097442068450e-01,2.500468336986704010e+00,-3.584908421971488290e-01,2.570175354294248482e-01,3.506288157511879833e-01,1.000000000000000000e+00,3.499999940395355225e-01,3.499999940395355225e-01,5.173632130026817322e-02,-3.499999940395355225e-01,-7.181431353092193604e-02,1.848053783178329468e-01
8.440000000000761560e+00,6.172699656105909982e-01,6.115236894814152224e-01,2.439667969254766700e+00,-3.603702485609934780e-01,2.567546954917688806e-01,3.498457297662527221e-01,1.000000000000000000e+00,3.499999940395355225e-01,3.499999940395355225e-01,7.285001873970031738e-02,-3.499999940395355225e-01,-5.418439581990242004e-02,1.852113455533981323e-01
8.460000000000750475e+00,6.137152530086065205e-01,6.136351419742519520e-01,2.382073142541442756e+00,-3.614405206929441339e-01,2.566681312970610085e-01,3.493997830446066155e-01,1.000000000000000000e+00,3.499999940395355225e-01,3.499999940395355225e-01,9.621415287256240845e-02,-3.499999940395355225e-01,-3.417659923434257507e-02,1.871508955955505371e-01
8.480000000000739391e+00,6.107832341758002714e-01,6.159729696768975193e-01,2.328673930758242250e+00,-3.611039855694503919e-01,2.565910943740706274e-01,3.495400060127289987e-01,1.000000000000000000e+00,3.499999940395355225e-01,3.499999940395355225e-01,1.234828084707260132e-01,-3.499999940395355225e-01,-1.082711666822433472e-02,1.905656456947326660e-01
8.500000000000728306e+00,6.084894757105453467e-01,6.185587338666725943e-01,2.280834289379237934e+00,-3.588230278777693738e-01,2.563781272056581684e-01,3.504904050509294322e-01,1.000000000000000000e+00,3.499999940395355225e-01,3.499999940395355225e-01,1.555540859699249268e-01,-3.499999940395355225e-01,1.630312763154506683e-02,1.966134011745452881e-01
8.520000000000717222e+00,6.068345849962059058e-01,6.214148403446487778e-01,2.240131445108206609e+00,-3.545001098830309338e-01,2.560085003869801978e-01,3.522916208820704442e-01,1.000000000000000000e+00,3.499999940395355225e-01,3.499999940395355225e-01,1.925315260887145996e-01,-3.499999940395355225e-01,4.719877988100051880e-02,2.070092856884002686e-01
8.540000000000706137e+00,6.058138454541072138e-01,6.245400226700432711e-01,2.208013506612017895e+00,-3.481449067484097548e-01,2.554825945749373828e-01,3.549396221881626068e-01,1.000000000000000000e+00,3.499999940395355225e-01,3.499999940395355225e-01,2.353764176368713379e-01,-3.499999940395355225e-01,8.303535729646682739e-02,2.233255356550216675e-01
8.560000000000695053e+00,6.053909238896201250e-01,6.279317228909178095e-01,2.185785335505424420e+00,-3.400662638820435846e-01,2.548740469266146391e-01,3.583057233824818444e-01,1.000000000000000000e+00,3.499999940395355225e-01,3.499999940395355225e-01,2.844247817993164062e-01,-3.499999940395355225e-01,1.248544231057167053e-01,2.465523928403854370e-01
8.580000000000683968e+00,6.055199312378453103e-01,6.315722459146624335e-01,2.174439336441984949e+00,-3.306034798484561166e-01,2.542567053046010384e-01,3.622485500631432709e-01,1.000000000000000000e+00,3.499999940395355225e-01,3.499999940395355225e-01,3.391922116279602051e-01,-3.499999940395355225e-01,1.736086457967758179e-01,2.755759954452514648e-01
8.600000000000672884e+00,6.060482843498503636e-01,6.353916045461760476e-01,2.173456008592435484e+00,-3.198303456443963300e-01,2.535090370369019741e-01,3.667373559815015338e-01,1.000000000000000000e+00,3.499999940395355225e-01,3.499999940395355225e-01,3.499999940395355225e-01,-2.866135835647583008e-01,2.299031466245651245e-01,3.065416216850280762e-01
8.620000000000661800e+00,6.068344992143654970e-01,6.392139722177564432e-01,2.179727878621375403e+00,-3.145050604856048371e-01,2.544692044069050696e-01,3.689562247976646558e-01,1.000000000000000000e+00,3.499999940395355225e-01,3.499999940395355225e-01,3.499999940395355225e-01,-2.489568144083023071e-01,2.949759960174560547e-01,3.444426059722900391e-01
8.640000000000650715e+00,6.078339912023527081e-01,6.429682332669023337e-01,2.192982070570712150e+00,-3.019884760394415668e-01,2.533790737668855098e-01,3.741714683168993472e-01,1.000000000000000000e+00,3.499999940395355225e-01,3.499999940395355225e-01,3.499999940395355225e-01,-1.519487053155899048e-01,3.499999940395355225e-01,3.499999940395355225e-01
8.660000000000639631e+00,6.091227646948350616e-01,6.466739952031643757e-01,2.213251299658728577e+00,-2.979278623691513084e-01,2.548160142498269720e-01,3.758633906795202928e-01,1.000000000000000000e+00,3.499999940395355225e-01,3.499999940395355225e-01,3.499999940395355225e-01,-1.007740646600723267e-01,3.499999940395355225e-01,3.499999940395355225e-01
8.680000000000628546e+00,6.107412146637587469e-01,6.504487379988795892e-01,2.242576198015066691e+00,-2.907852891650994365e-01,2.555655280562396103e-01,3.788394628478752302e-01,1.000000000000000000e+00,3.499999940395355225e-01,3.499999940395355225e-01,3.499999940395355225e-01,8.256375044584274292e-02,3.499999940395355225e-01,3.499999940395355225e-01
8.700000000000617462e+00,6.127615173645857283e-01,6.541737748103145789e-01,2.281343974537637376e+00,-2.742555032010753346e-01,2.537612847588548437e-01,3.857268736662186059e-01,1.000000000000000000e+00,3.499999940395355225e-01,3.499999940395355225e-01,3.499999940395355225e-01,4.570242390036582947e-02,3.499999940395355225e-01,3.499999940395355225e-01
8.720000000000606377e+00,6.151836323094896919e-01,6.577712168015868999e-01,2.328112924538147777e+00,-2.678460257001799572e-01,2.548966255106976386e-01,3.883974892915916799e-01,1.000000000000000000e+00,3.499999940395355225e-01,3.499999940395355225e-01,3.499999940395355225e-01,1.924939602613449097e-01,3.499999940395355225e-01,3.499999940395355225e-01
8.740000000000595293e+00,6.179033109186796713e-01,6.611029084634904018e-01,2.380085479018246630e+00,-2.487047557408786080e-01,2.525541810810516541e-01,3.963730184413005730e-01,1.000000000000000000e+00,3.499999940395355225e-01,3.499999940395355225e-01,3.499999940395355225e-01,1.469781994819641113e-01,3.499999940395355225e-01,3.499999940395355225e-01
8.760000000000584208e+00,6.208043256234506702e-01,6.641788419903179586e-01,2.437122543838263322e+00,-2.418971721974456091e-01,2.534764243930522354e-01,3.992095115843976583e-01,1.000000000000000000e+00,3.499999940395355225e-01,3.499999940395355225e-01,3.499999940395355225e-01,2.889460325241088867e-01,3.499999940395355225e-01,3.499999940395355225e-01
8.780000000000573124e+00,6.237846193467051492e-01,6.669209382188135971e-01,2.497773714299768244e+00,-2.239006470548528804e-01,2.513179812714120831e-01,4.067080637271446308e-01,1.000000000000000000e+00,3.499999940395355225e-01,3.499999940395355225e-01,3.499999940395355225e-01,2.092763781547546387e-01,3.499999940395355225e-01,3.499999940395355225e-01
8.800000000000562039e+00,6.267950782617367489e-01,6.693559466561974647e-01,2.562031078195550204e+00,-2.173496820712992605e-01,2.520015200530989485e-01,4.094376324702919678e-01,1.000000000000000000e+00,3.499999940395355225e-01,3.499999940395355225e-01,3.499999940395355225e-01,3.246523439884185791e-01,3.499999940395355225e-01,3.499999940395355225e-01
8.820000000000550955e+00,6.297929543110389883e-01,6.714418657530686341e-01,2.629511218168616882e+00,-2.023257111996570323e-01,2.503480205925558422e-01,4.156976203334762365e-01,1.000000000000000000e+00,3.499999940395355225e-01,3.499999940395355225e-01,3.499999940395355225e-01,2.377944737672805786e-01,3.499999940395355225e-01,3.499999940395355225e-01
8.840000000000539870e+00,6.327519608515993488e-01,6.731773213918522680e-01,2.700176357048877929e+00,-1.974261408078605839e-01,2.510706310781082862e-01,4.177391079967247567e-01,1.000000000000000000e+00,3.499999940395355225e-01,3.499999940395355225e-01,3.499999940395355225e-01,3.251731395721435547e-01,3.499999940395355225e-01,3.499999940395355225e-01
8.860000000000528786e+00,6.356141470398034565e-01,6.745428703133721227e-01,2.772810557828549793e+00,-1.843001710016322625e-01,2.495408941329916586e-01,4.232082620826532193e-01,1.000000000000000000e+00,3.499999940395355225e-01,3.499999940395355225e-01,3.499999940395355225e-01,2.244116961956024170e-01,3.499999940395355225e-01,3.499999940395355225e-01
8.880000000000517701e+00,6.383304187693747966e-01,6.755120898158758491e-01,2.847481654735746215e+00,-1.823979159431595998e-01,2.505414856846497895e-01,4.240008683570168357e-01,1.000000000000000000e+00,3.499999940395355225e-01,3.499999940395355225e-01,3.499999940395355225e-01,3.051162958145141602e-01,3.499999940395355225e-01,3.499999940395355225e-01
8.900000000000506617e+00,6.408082100161295314e-01,6.761230221581598920e-01,2.921548299182148423e+00,-1.698323765012244857e-01,2.487075634127927093e-01,4.292365097911564620e-01,1.000000000000000000e+00,3.499999940395355225e-01,3.499999940395355225e-01,3.499999940395355225e-01,1.643344759941101074e-01,3.499999940395355225e-01,3.499999940395355225e-01
8.920000000000495533e+00,6.430033250137008327e-01,6.763118966020916778e-01,2.995905374558592182e+00,-1.723762264452970705e-01,2.502311943221647295e-01,4.281765723144595470e-01,1.000000000000000000e+00,3.499999940395355225e-01,3.499999940395355225e-01,3.499999940395355225e-01,2.694509029388427734e-01,3.499999940395355225e-01,3.499999940395355225e-01
8.940000000000484448e+00,6.448044374142385404e-01,6.761662406456346863e-01,3.067583523400900791e+00,-1.646765860842065721e-01,2.489547525410020223e-01,4.313847557982472547e-01,1.000000000000000000e+00,3.499999940395355225e-01,3.499999940395355225e-01,3.499999940395355225e-01,5.941893905401229858e-02,3.499999940395355225e-01,3.499999940395355225e-01
8.960000000000473364e+00,6.461885421374347072e-01,6.756354663931926074e-01,3.137024248280637639e+00,-1.682619160233723432e-01,2.501063644936399877e-01,4.298908683235948547e-01,1.000000000000000000e+00,3.499999940395355225e-01,3.499999940395355225e-01,3.499999940395355225e-01,2.050554901361465454e-01,3.499999940395355225e-01,3.499999940395355225e-01
8.980000000000462279e+00,6.470597496910258650e-01,6.747705293815876582e-01,3.202964330068718724e+00,-1.721596170244181767e-01,2.509191433268140314e-01,4.282668262398257597e-01,1.000000000000000000e+00,3.499999940395355225e-01,3.499999940395355225e-01,3.499999940395355225e-01,-6.081549823284149170e-02,3.499999940395355225e-01,3.499999940395355225e-01
9.000000000000451195e+00,6.473536355080521387e-01,6.737389234119036674e-01,3.262423391490815394e+00,-1.698146702206488889e-01,2.500512291901370032e-01,4.292438874080629629e-01,1.000000000000000000e+00,3.499999940395355225e-01,3.499999940395355225e-01,3.499999940395355225e-01,5.761780589818954468e-02,3.499999940395355225e-01,3.499999940395355225e-01
9.020000000000440110e+00,6.470063506524034169e-01,6.725403729521123308e-01,3.315365227425634664e+00,-1.694241506638664574e-01,2.494406887574197040e-01,4.294066038900556381e-01,1.000000000000000000e+00,3.499999940395355225e-01,3.499999940395355225e-01,3.499999940395355225e-01,-1.670770496129989624e-01,3.499999940395355225e-01,3.499999940395355225e-01
9.040000000000429026e+00,6.459671813237650717e-01,6.712856250039241912e-01,3.359763039973293175e+00,-1.734441274455483517e-01,2.495393429970857724e-01,4.277316135643548511e-01,1.000000000000000000e+00,3.499999940395355225e-01,3.499999940395355225e-01,3.499999940395355225e-01,-1.092432588338851929e-01,3.499999940395355225e-01,3.499999940395355225e-01
9.060000000000417941e+00,6.442167096740144538e-01,6.701019027160791675e-01,3.394242700982598837e+00,-1.765549476601613599e-01,2.491647030126594720e-01,4.264354384749327598e-01,1.000000000000000000e+00,3.499999940395355225e-01,3.499999940395355225e-01,3.499999940395355225e-01,-3.331783711910247803e-01,2.679158449172973633e-01,3.499999940395355225e-01
9.080000000000406857e+00,6.418714202229991450e-01,6.687543685197142596e-01,3.421952168228609814e+00,-1.822174977637286697e-01,2.491077852938700654e-01,4.240760425984463899e-01,1.000000000000000000e+00,3.499999940395355225e-01,3.499999940395355225e-01,3.499999940395355225e-01,-2.071332186460494995e-01,3.284544050693511963e-01,3.332230448722839355e-01
9.100000000000395772e+00,6.387400665387746868e-01,6.675849759509820958e-01,3.440922044697101168e+00,-1.994008682354850015e-01,2.514519012632926986e-01,4.169163049018812517e-01,1.000000000000000000e+00,3.499999940395355225e-01,3.499999940395355225e-01,2.875369489192962646e-01,-3.499999940395355225e-01,1.609147489070892334e-01,3.449921011924743652e-01
9.120000000000384688e+00,6.349939909470430077e-01,6.665369036396832092e-01,3.449965272553796147e+00,-2.059768056327885566e-01,2.511812261877787722e-01,4.141763309863381037e-01,1.000000000000000000e+00,3.499999940395355225e-01,3.499999940395355225e-01,3.348117470741271973e-01,-3.499999940395355225e-01,2.113616615533828735e-01,3.257264494895935059e-01
9.140000000000373603e+00,6.305209381351967179e-01,6.656429978462773400e-01,3.449744268530395619e+00,-2.199182072393194576e-01,2.526875546962313868e-01,4.083674136502835617e-01,1.000000000000000000e+00,3.499999940395355225e-01,3.499999940395355225e-01,2.151397317647933960e-01,-3.499999940395355225e-01,8.790904283523559570e-02,3.122946023941040039e-01
9.160000000000362519e+00,6.252261307901774146e-01,6.649937683773624597e-01,3.437636437974461057e+00,-2.237728368227505094e-01,2.515650563846427157e-01,4.067613179905206211e-01,1.000000000000000000e+00,3.499999940395355225e-01,3.499999940395355225e-01,2.138676494359970093e-01,-3.499999940395355225e-01,1.005516275763511658e-01,3.073152899742126465e-01
9.180000000000351434e+00,6.192736411879387060e-01,6.644248642851283693e-01,3.414685639301580977e+00,-2.343323319366258928e-01,2.520073727461052404e-01,4.023615283597392067e-01,1.000000000000000000e+00,3.499999940395355225e-01,3.499999940395355225e-01,1.258059740066528320e-01,-3.499999940395355225e-01,1.871918328106403351e-02,2.942224442958831787e-01
9.200000000000340350e+00,6.127773358742708565e-01,6.639230548268332255e-01,3.380290029148090625e+00,-2.479787259947324463e-01,2.528353574657205005e-01,3.966755308355281451e-01,1.000000000000000000e+00,3.499999940395355225e-01,3.499999940395355225e-01,1.018049865961074829e-01,-3.499999940395355225e-01,-3.161604749038815498e-03,2.700747847557067871e-01
9.220000000000329266e+00,6.062008279196733351e-01,6.631901374541865346e-01,3.339561710593074384e+00,-2.633089702230521079e-01,2.539827645887474672e-01,3.902879290737282791e-01,1.000000000000000000e+00,3.499999940395355225e-01,3.499999940395355225e-01,7.519853860139846802e-02,-3.499999940395355225e-01,-3.594892472028732300e-02,2.488748282194137573e-01
9.240000000000318181e+00,5.997406829175435661e-01,6.622435612877425326e-01,3.295315924112121930e+00,-2.776850631748418174e-01,2.549200367704492765e-01,3.842978903438158955e-01,1.000000000000000000e+00,3.499999940395355225e-01,3.499999940395355225e-01,5.571012571454048157e-02,-3.499999940395355225e-01,-6.103626266121864319e-02,2.319524884223937988e-01
9.260000000000307097e+00,5.933990869814408375e-01,6.612100690128724922e-01,3.248346023672158189e+00,-2.887122188601748962e-01,2.551415516655718418e-01,3.797032421415937886e-01,1.000000000000000000e+00,3.499999940395355225e-01,3.499999940395355225e-01,3.834394365549087524e-02,-3.499999940395355225e-01,-8.009039610624313354e-02,2.215279191732406616e-01
9.280000000000296012e+00,5.870361235863132965e-01,6.602386452100651448e-01,3.197518838133725616e+00,-2.967707246982791425e-01,2.547610918622263965e-01,3.763455313757170240e-01,1.000000000000000000e+00,3.499999940395355225e-01,3.499999940395355225e-01,2.005023136734962463e-02,-3.499999940395355225e-01,-9.651070833206176758e-02,2.143484503030776978e-01
9.300000000000284928e+00,5.805339858851175094e-01,6.594124994061411060e-01,3.141403892380954854e+00,-3.048562922174371526e-01,2.544800173125725262e-01,3.729765449094011864e-01,1.000000000000000000e+00,3.499999940395355225e-01,3.499999940395355225e-01,5.783637985587120056e-03,-3.499999940395355225e-01,-1.079799756407737732e-01,2.061760723590850830e-01
9.320000000000273843e+00,5.739553746583747618e-01,6.587170414258446405e-01,3.080279386485873072e+00,-3.148795624719638586e-01,2.547352986851482703e-01,3.688001823033483784e-01,1.000000000000000000e+00,3.499999940395355225e-01,3.499999940395355225e-01,2.383745741099119186e-03,-3.499999940395355225e-01,-1.103679537773132324e-01,1.981545835733413696e-01
9.340000000000262759e+00,5.674950178965948444e-01,6.581236681175074432e-01,3.016138350972877191e+00,-3.253577077526995098e-01,2.552007712645268378e-01,3.644342884363752089e-01,1.000000000000000000e+00,3.499999940395355225e-01,3.499999940395355225e-01,6.712772883474826813e-03,-3.499999940395355225e-01,-1.072258278727531433e-01,1.929578185081481934e-01
9.360000000000251674e+00,5.613114173138230578e-01,6.576756872568644274e-01,2.950933460642329642e+00,-3.343827017663480450e-01,2.555041754873070836e-01,3.606738742640216433e-01,1.000000000000000000e+00,3.499999940395355225e-01,3.499999940395355225e-01,1.283289864659309387e-02,-3.499999940395355225e-01,-1.031175106763839722e-01,1.902395188808441162e-01
9.380000000000240590e+00,5.554740301684971682e-01,6.574615714929353816e-01,2.885696786972559824e+00,-3.415242110132177822e-01,2.556162041068369417e-01,3.576982454111592435e-01,1.000000000000000000e+00,3.499999940395355225e-01,3.499999940395355225e-01,2.112676762044429779e-02,-3.499999940395355225e-01,-9.727764874696731567e-02,1.882752925157546997e-01
9.400000000000229505e+00,5.500251822753918773e-01,6.575517204159723184e-01,2.821059485870474504e+00,-3.469032159788469905e-01,2.555977939545691080e-01,3.554569933421470873e-01,1.000000000000000000e+00,3.499999940395355225e-01,3.499999940395355225e-01,3.402176499366760254e-02,-3.499999940395355225e-01,-8.756459504365921021e-02,1.865113973617553711e-01
9.420000000000218421e+00,5.450163254801861923e-01,6.579797810276840631e-01,2.757787741593214825e+00,-3.504646421331247264e-01,2.554462179139468381e-01,3.539730657778646927e-01,1.000000000000000000e+00,3.499999940395355225e-01,3.499999940395355225e-01,5.161406099796295166e-02,-3.499999940395355225e-01,-7.351122796535491943e-02,1.853280067443847656e-01
9.440000000000207336e+00,5.404982231515911284e-01,6.587588317226326096e-01,2.696769597719819167e+00,-3.522591243108990078e-01,2.551886661993268413e-01,3.532253648704587468e-01,1.000000000000000000e+00,3.499999940395355225e-01,3.499999940395355225e-01,7.220865041017532349e-02,-3.499999940395355225e-01,-5.634871497750282288e-02,1.853388398885726929e-01
9.460000000000196252e+00,5.365067621245132035e-01,6.599006276417699324e-01,2.638897828017662039e+00,-3.525703688951378756e-01,2.549143205184746241e-01,3.530956796270258713e-01,1.000000000000000000e+00,3.499999940395355225e-01,3.499999940395355225e-01,9.534383565187454224e-02,-3.499999940395355225e-01,-3.668623045086860657e-02,1.866456717252731323e-01
9.480000000000185167e+00,5.330648872609251576e-01,6.614241458374857663e-01,2.585223820407269280e+00,-3.514810886842235083e-01,2.546547017061471241e-01,3.535495463815735429e-01,1.000000000000000000e+00,3.499999940395355225e-01,3.499999940395355225e-01,1.222852468490600586e-01,-3.499999940395355225e-01,-1.376605499535799026e-02,1.893747001886367798e-01
9.500000000000174083e+00,5.301822228334245324e-01,6.633545959158723138e-01,2.537102702743097016e+00,-3.488041635765870563e-01,2.543660469467001750e-01,3.546649318430887265e-01,1.000000000000000000e+00,3.499999940395355225e-01,3.499999940395355225e-01,1.537741422653198242e-01,-3.499999940395355225e-01,1.286597456783056259e-02,1.946247369050979614e-01
9.520000000000162999e+00,5.278521423208353269e-01,6.657121534926199180e-01,2.496069725657187988e+00,-3.444095216226107925e-01,2.540182315714230588e-01,3.564960326572454985e-01,1.000000000000000000e+00,3.499999940395355225e-01,3.499999940395355225e-01,1.900581717491149902e-01,-3.499999940395355225e-01,4.342886805534362793e-02,2.040251344442367554e-01
9.540000000000151914e+00,5.260684308295656697e-01,6.684923051976111585e-01,2.463545524464952230e+00,-3.382137644742007621e-01,2.535821403944595320e-01,3.590775981357496871e-01,1.000000000000000000e+00,3.499999940395355225e-01,3.499999940395355225e-01,2.320337295532226562e-01,-3.499999940395355225e-01,7.902275025844573975e-02,2.192067801952362061e-01
9.560000000000140830e+00,5.247961269443336407e-01,6.716811131695211712e-01,2.440821634462829515e+00,-3.303089709183542610e-01,2.530650235920812174e-01,3.623712621173523774e-01,1.000000000000000000e+00,3.499999940395355225e-01,3.499999940395355225e-01,2.800997793674468994e-01,-3.499999940395355225e-01,1.206211969256401062e-01,2.412775307893753052e-01
9.580000000000129745e+00,5.239932138270767537e-01,6.752501406156125041e-01,2.428917245089206034e+00,-3.209161816789202204e-01,2.525078141351408401e-01,3.662849243004498989e-01,1.000000000000000000e+00,3.499999940395355225e-01,3.499999940395355225e-01,3.338705301284790039e-01,-3.499999940395355225e-01,1.690002381801605225e-01,2.694108188152313232e-01
9.600000000000118661e+00,5.235462496855445291e-01,6.790984597763488617e-01,2.427272361012778656e+00,-3.100785955066838739e-01,2.517908802971903781e-01,3.708005852055483720e-01,1.000000000000000000e+00,3.499999940395355225e-01,3.499999940395355225e-01,3.499999940395355225e-01,-2.998190820217132568e-01,2.249315232038497925e-01,3.002094924449920654e-01
9.620000000000107576e+00,5.233431281763230025e-01,6.830421932668978569e-01,2.433661245907320136e+00,-3.041558774545636834e-01,2.526223268148138357e-01,3.732683843939317847e-01,1.000000000000000000e+00,3.499999940395355225e-01,3.499999940395355225e-01,3.499999940395355225e-01,-2.451513409614562988e-01,2.929124534130096436e-01,3.361851572990417480e-01
9.640000000000096492e+00,5.233800279465370409e-01,6.869538104051778893e-01,2.446691958325750260e+00,-2.911465088409541102e-01,2.514513833103785845e-01,3.786889546496024495e-01,1.000000000000000000e+00,3.499999940395355225e-01,3.499999940395355225e-01,3.499999940395355225e-01,-1.826403141021728516e-01,3.499999940395355225e-01,3.499999940395355225e-01
9.660000000000085407e+00,5.236849483443659636e-01,6.909022447538942791e-01,2.466993224587667122e+00,-2.857764261339960088e-01,2.525601540617349872e-01,3.809264891108349871e-01,1.000000000000000000e+00,3.499999940395355225e-01,3.499999940395355225e-01,3.499999940395355225e-01,-9.077544510364532471e-02,3.499999940395355225e-01,3.499999940395355225e-01
9.680000000000074323e+00,5.242825982984580246e-01,6.949874782188204536e-01,2.496876464663397854e+00,-2.727801807615368723e-01,2.517366027657066962e-01,3.863415913493596365e-01,1.000000000000000000e+00,3.499999940395355225e-01,3.499999940395355225e-01,3.499999940395355225e-01,3.265503421425819397e-02,3.499999940395355225e-01,3.499999940395355225e-01
9.700000000000063238e+00,5.252857941278784581e-01,6.991165293721065543e-01,2.535495593233485945e+00,-2.642015344455811987e-01,2.522224641205302320e-01,3.899160273143411626e-01,1.000000000000000000e+00,3.499999940395355225e-01,3.499999940395355225e-01,3.499999940395355225e-01,4.892919212579727173e-02,3.499999940395355225e-01,3.499999940395355225e-01
9.720000000000052154e+00,5.267049049999451560e-01,7.032236338292540134e-01,2.582005525992576267e+00,-2.500238693820531766e-01,2.513005520758871403e-01,3.958233877574778292e-01,1.000000000000000000e+00,3.499999940395355225e-01,3.499999940395355225e-01,3.499999940395355225e-01,1.700721681118011475e-01,3.499999940395355225e-01,3.499999940395355225e-01
9.740000000000041069e+00,5.284761080303994607e-01,7.071607052072751420e-01,2.633972830744465199e+00,-2.424565350783411399e-01,2.521226041883382618e-01,3.989764437173578537e-01,1.000000000000000000e+00,3.499999940395355225e-01,3.499999940395355225e-01,3.499999940395355225e-01,1.530402302742004395e-01,3.499999940395355225e-01,3.499999940395355225e-01
9.760000000000029985e+00,5.304872061368142155e-01,7.108906739905270777e-01,2.690751817139729329e+00,-2.273683925005960671e-01,2.509030004441750172e-01,4.052631697914182984e-01,1.000000000000000000e+00,3.499999940395355225e-01,3.499999940395355225e-01,3.499999940395355225e-01,2.602868676185607910e-01,3.499999940395355225e-01,3.499999940395355225e-01
9.780000000000018900e+00,5.326564102015416413e-01,7.143289996238882944e-01,2.751279958238142864e+00,-2.208177897170083559e-01,2.517749634653671520e-01,4.079925876179131827e-01,1.000000000000000000e+00,3.499999940395355225e-01,3.499999940395355225e-01,3.499999940395355225e-01,2.170308083295822144e-01,3.499999940395355225e-01,3.499999940395355225e-01
9.800000000000007816e+00,5.349294455228699174e-01,7.174753433048676188e-01,2.815229631148918443e+00,-2.061074537642068605e-01,2.504219471391117557e-01,4.141218942649138035e-01,1.000000000000000000e+00,3.499999940395355225e-01,3.499999940395355225e-01,3.499999940395355225e-01,2.930127680301666260e-01,3.499999940395355225e-01,3.499999940395355225e-01
9.819999999999996732e+00,5.372756979186310566e-01,7.202891995239674161e-01,2.882489787657027236e+00,-2.005843924066036676e-01,2.512366599819284563e-01,4.164231698305818075e-01,1.000000000000000000e+00,3.499999940395355225e-01,3.499999940395355225e-01,3.499999940395355225e-01,2.442370653152465820e-01,3.499999940395355225e-01,3.499999940395355225e-01
9.839999999999985647e+00,5.396677626860972854e-01,7.227551080538573425e-01,2.952812145029149793e+00,-1.870218029217491362e-01,2.498703867762243069e-01,4.220742487826045219e-01,1.000000000000000000e+00,3.499999940395355225e-01,3.499999940395355225e-01,3.499999940395355225e-01,2.920004427433013916e-01,3.499999940395355225e-01,3.499999940395355225e-01
9.859999999999974563e+00,5.420597347997940796e-01,7.248396278133891757e-01,3.025346655516231831e+00,-1.840351005489505865e-01,2.509165332020379946e-01,4.233187081046039246e-01,1.000000000000000000e+00,3.499999940395355225e-01,3.499999940395355225e-01,3.499999940395355225e-01,2.317379713058471680e-01,3.499999940395355225e-01,3.499999940395355225e-01
9.879999999999963478e+00,5.444030221826958726e-01,7.265120099729375225e-01,3.099638955230890058e+00,-1.709373732036882920e-01,2.492677729081444471e-01,4.287760944984632117e-01,1.000000000000000000e+00,3.499999940395355225e-01,3.499999940395355225e-01,3.499999940395355225e-01,2.660387754440307617e-01,3.499999940395355225e-01,3.499999940395355225e-01
9.899999999999952394e+00,5.466143056944791079e-01,7.277679174646484173e-01,3.173762948861912569e+00,-1.722627520138879098e-01,2.508569606923800599e-01,4.282238533275466996e-01,1.000000000000000000e+00,3.499999940395355225e-01,3.499999940395355225e-01,3.499999940395355225e-01,1.786975115537643433e-01,3.499999940395355225e-01,3.499999940395355225e-01
9.919999999999941309e+00,5.486430965151085637e-01,7.285667996914074740e-01,3.247596181999730547e+00,-1.580002651228189503e-01,2.484369244960531742e-01,4.341665561988254374e-01,1.000000000000000000e+00,3.499999940395355225e-01,3.499999940395355225e-01,3.499999940395355225e-01,2.177866697311401367e-01,3.499999940395355225e-01,3.499999940395355225e-01
9.939999999999930225e+00,5.503772942129551149e-01,7.289504093219544290e-01,3.318556985770280576e+00,-1.608678061157153005e-01,2.498518796350563120e-01,4.329717474517852938e-01,1.000000000000000000e+00,3.499999940395355225e-01,3.499999940395355225e-01,3.499999940395355225e-01,8.615796267986297607e-02,3.499999940395355225e-01,3.499999940395355225e-01
9.959999999999919140e+00,5.517982731664942131e-01,7.288618853648133333e-01,3.387228763718052260e+00,-1.482490088084768565e-01,2.472748657920148529e-01,4.382295796631346385e-01,1.000000000000000000e+00,3.499999940395355225e-01,3.499999940395355225e-01,3.499999940395355225e-01,1.467899680137634277e-01,3.499999940395355225e-01,3.499999940395355225e-01
9.979999999999908056e+00,5.527746120760371751e-01,7.283924839012173580e-01,3.450952923394947636e+00,-1.424045411727646593e-01,2.461430920665544919e-01,4.406647745113480563e-01,1.000000000000000000e+00,3.499999940395355225e-01,3.499999940395355225e-01,3.499999940395355225e-01,-4.170420765876770020e-02,3.499999940395355225e-01,3.499999940395355225e-01
9.999999999999896971e+00,5.532869931030756083e-01,7.275318018358912786e-01,3.509739946109678765e+00,-1.423945693839613058e-01,2.459022119251929317e-01,4.406689294233494536e-01,1.000000000000000000e+00,3.499999940395355225e-01,3.499999940395355225e-01,3.499999940395355225e-01,3.602091595530509949e-02,3.499999940395355225e-01,3.499999940395355225e-01
