time,x,y,yaw,reward,velocity_x,velocity_y,steady_state,frequency,phase_lag_1,phase_lag_2,phase_lag_3,phase_lag_4,phase_lag_5
2.000000000000001082e-02,5.999868579453687678e-01,-1.475848867859230751e-03,1.737382716269991051e-02,0.000000000000000000e+00,-2.345996641573813539e-03,-1.316396246179066531e-01,0.000000000000000000e+00,1.200000047683715820e+00,5.982432365417480469e-01,6.837494373321533203e-01,6.614105701446533203e-01,6.101853847503662109e-01,6.984407901763916016e-01
4.000000000000002859e-02,5.998729355414285092e-01,-4.559136368766314451e-03,5.671963020354343910e-02,0.000000000000000000e+00,-5.718561650480917871e-03,-1.457775943545892294e-01,0.000000000000000000e+00,1.200000047683715820e+00,5.520895123481750488e-01,6.368775367736816406e-01,7.288029789924621582e-01,6.012930274009704590e-01,6.631733179092407227e-01
6.000000000000004635e-02,5.996520856376822417e-01,-7.352700317909244276e-03,9.831260570073296901e-02,0.000000000000000000e+00,-7.777293248214891576e-03,-1.341884933122970691e-01,0.000000000000000000e+00,1.200000047683715820e+00,5.677320957183837891e-01,6.455036997795104980e-01,7.208443880081176758e-01,5.986779928207397461e-01,6.764717698097229004e-01
8.000000000000005718e-02,5.994348579273248712e-01,-8.837610102544801727e-03,1.292156040299348718e-01,0.000000000000000000e+00,-8.142390706930966240e-03,-1.099598915302078678e-01,0.000000000000000000e+00,1.200000047683715820e+00,5.987019538879394531e-01,6.729207038879394531e-01,6.830700635910034180e-01,5.967245697975158691e-01,7.047964334487915039e-01
1.000000000000000749e-01,5.992895263237729697e-01,-8.948024318813863065e-03,1.464608691720056255e-01,0.000000000000000000e+00,-7.605445693713496109e-03,-8.363237974350076764e-02,0.000000000000000000e+00,1.200000047683715820e+00,6.471342444419860840e-01,7.072418332099914551e-01,6.270607113838195801e-01,6.065342426300048828e-01,7.312795519828796387e-01
1.200000000000000927e-01,5.992028762974752620e-01,-8.177499277844835213e-03,1.541009091998940816e-01,0.000000000000000000e+00,-6.942187688572247668e-03,-6.129933578310637482e-02,0.000000000000000000e+00,1.200000047683715820e+00,6.798477768898010254e-01,7.291597127914428711e-01,5.917022228240966797e-01,6.169783473014831543e-01,7.423976659774780273e-01
1.400000000000000966e-01,5.991288680627718799e-01,-7.091889859388744721e-03,1.580195382632472445e-01,0.000000000000000000e+00,-6.534077286331124723e-03,-4.459811422279780918e-02,0.000000000000000000e+00,1.200000047683715820e+00,6.848487854003906250e-01,7.339226007461547852e-01,5.845589637756347656e-01,6.181750893592834473e-01,7.442645430564880371e-01
1.600000000000001144e-01,5.990311987148835282e-01,-5.995975975169154371e-03,1.619472220826449760e-01,0.000000000000000000e+00,-6.438838097084302083e-03,-3.223944480963337328e-02,0.000000000000000000e+00,1.200000047683715820e+00,6.788212656974792480e-01,7.317758202552795410e-01,5.887647271156311035e-01,6.153720021247863770e-01,7.431321144104003906e-01
1.800000000000001321e-01,5.988984397651656577e-01,-4.869185245002016771e-03,1.661219302402182074e-01,0.000000000000000000e+00,-6.544634183602577281e-03,-2.195220067042165726e-02,0.000000000000000000e+00,1.200000047683715820e+00,6.748006343841552734e-01,7.300305366516113281e-01,5.918523073196411133e-01,6.131405234336853027e-01,7.424296736717224121e-01
2.000000000000001499e-01,5.987433404230649847e-01,-3.496648839014737664e-03,1.682211428416246213e-01,0.000000000000000000e+00,-6.676092404453220705e-03,-1.186728287215155393e-02,0.000000000000000000e+00,1.200000047683715820e+00,6.783563494682312012e-01,7.323761582374572754e-01,5.873417258262634277e-01,6.136403083801269531e-01,7.439128160476684570e-01
2.200000000000001676e-01,5.985953420859490004e-01,-1.650372753700335426e-03,1.652224825217039617e-01,0.000000000000000000e+00,-6.673008667460054479e-03,-1.090736460492318458e-03,0.000000000000000000e+00,1.200000047683715820e+00,6.861005425453186035e-01,7.374966144561767578e-01,5.777091383934020996e-01,6.160681247711181641e-01,7.465932369232177734e-01
2.400000000000001854e-01,5.984884914162673653e-01,7.827090036801598316e-04,1.549247106178050504e-01,0.000000000000000000e+00,-6.434093706997825839e-03,1.035400941670170695e-02,0.000000000000000000e+00,1.200000047683715820e+00,6.914856433868408203e-01,7.420006990432739258e-01,5.688894391059875488e-01,6.182552576065063477e-01,7.487097978591918945e-01
2.600000000000001754e-01,5.984506600703565216e-01,3.765148610211599411e-03,1.365405178575666567e-01,0.000000000000000000e+00,-5.925805364580077200e-03,2.191812325094086994e-02,0.000000000000000000e+00,1.200000047683715820e+00,6.904854178428649902e-01,7.438318729400634766e-01,5.641552805900573730e-01,6.188151240348815918e-01,7.491214275360107422e-01
2.800000000000001932e-01,5.985004906619751930e-01,7.151715663067992335e-03,1.104854714436660640e-01,0.000000000000000000e+00,-5.151626430560570132e-03,3.294889537781672123e-02,0.000000000000000000e+00,1.200000047683715820e+00,6.820044517517089844e-01,7.424163818359375000e-01,5.641520023345947266e-01,6.175779700279235840e-01,7.469445466995239258e-01
3.000000000000002109e-01,5.986506232529503757e-01,1.075727918726598897e-02,7.783606109295221342e-02,0.000000000000000000e+00,-4.129563966417454032e-03,4.293073358990606714e-02,0.000000000000000000e+00,1.200000047683715820e+00,6.669281125068664551e-01,7.377964854240417480e-01,5.687065124511718750e-01,6.151342988014221191e-01,7.414458990097045898e-01
3.200000000000002287e-01,5.989097346305460867e-01,1.440497919451361186e-02,3.984930447619497440e-02,0.000000000000000000e+00,-2.886412255890172859e-03,5.154856786734416524e-02,0.000000000000000000e+00,1.200000047683715820e+00,6.473878622055053711e-01,7.301759719848632812e-01,5.778923630714416504e-01,6.123839020729064941e-01,7.323754429817199707e-01
3.400000000000002465e-01,5.992808756820524607e-01,1.794470784472773639e-02,-2.282910091554346110e-03,0.000000000000000000e+00,-1.462362347760761197e-03,5.863353027634167491e-02,0.000000000000000000e+00,1.200000047683715820e+00,6.253982186317443848e-01,7.197455763816833496e-01,5.921235084533691406e-01,6.100468039512634277e-01,7.198902368545532227e-01
3.600000000000002642e-01,5.997606570620046540e-01,2.123998852550812444e-02,-4.746528214933410511e-02,0.000000000000000000e+00,9.558754380062893519e-05,6.406267354197482666e-02,0.000000000000000000e+00,1.200000047683715820e+00,6.022431254386901855e-01,7.067289948463439941e-01,6.116380095481872559e-01,6.084132790565490723e-01,7.044278979301452637e-01
3.800000000000002820e-01,6.003391267674083043e-01,2.415203067796534153e-02,-9.462016576034737447e-02,0.000000000000000000e+00,1.729240357621882789e-03,6.772280089718064888e-02,0.000000000000000000e+00,1.200000047683715820e+00,5.790930986404418945e-01,6.916740536689758301e-01,6.356684565544128418e-01,6.073549985885620117e-01,6.870811581611633301e-01
4.000000000000002998e-01,6.010003210019515540e-01,2.653721544674508825e-02,-1.425856762552790979e-01,0.000000000000000000e+00,3.384701918018251203e-03,6.952327996373165730e-02,0.000000000000000000e+00,1.200000047683715820e+00,5.572525858879089355e-01,6.756819486618041992e-01,6.618602275848388672e-01,6.063042283058166504e-01,6.698849201202392578e-01
4.200000000000003175e-01,6.017266993067372782e-01,2.825854765742363828e-02,-1.900786644499979638e-01,0.000000000000000000e+00,5.017378918742418370e-03,6.942236140127699962e-02,0.000000000000000000e+00,1.200000047683715820e+00,5.378125309944152832e-01,6.602287888526916504e-01,6.868456006050109863e-01,6.046444773674011230e-01,6.551448106765747070e-01
4.400000000000003353e-01,6.025034328813250184e-01,2.920003620218164508e-02,-2.357245693732847591e-01,0.000000000000000000e+00,6.606396036070288739e-03,6.745081460161317377e-02,0.000000000000000000e+00,1.200000047683715820e+00,5.216093063354492188e-01,6.464202404022216797e-01,7.077311873435974121e-01,6.027258634567260742e-01,6.438145637512207031e-01
4.600000000000003531e-01,6.033240438104700010e-01,2.927971520797262306e-02,-2.781317789358441761e-01,0.000000000000000000e+00,8.147787114411979975e-03,6.371650798401613802e-02,0.000000000000000000e+00,1.200000047683715820e+00,5.091735720634460449e-01,6.344504356384277344e-01,7.235161066055297852e-01,6.015498042106628418e-01,6.352306008338928223e-01
4.800000000000003708e-01,6.041873119642499068e-01,2.845582760112946863e-02,-3.159834357048327824e-01,0.000000000000000000e+00,9.657135002335422505e-03,5.839789089894387858e-02,0.000000000000000000e+00,1.200000047683715820e+00,5.001443028450012207e-01,6.242003440856933594e-01,7.350742220878601074e-01,6.013417243957519531e-01,6.284840703010559082e-01
5.000000000000003331e-01,6.051046076146633368e-01,2.673022438791688993e-02,-3.481084610392522483e-01,0.000000000000000000e+00,1.117336957526711069e-02,5.173130415701072959e-02,0.000000000000000000e+00,1.200000047683715820e+00,5.000000000000000000e-01,6.159236431121826172e-01,7.434818148612976074e-01,6.016182899475097656e-01,6.232878565788269043e-01
5.200000000000003508e-01,6.061006746010374480e-01,2.414621132170879925e-02,-3.735113242131183897e-01,0.000000000000000000e+00,1.276223438884090296e-02,4.399641724850448382e-02,0.000000000000000000e+00,1.200000047683715820e+00,5.000000000000000000e-01,6.099497675895690918e-01,7.494999170303344727e-01,6.018442511558532715e-01,6.197219491004943848e-01
5.400000000000003686e-01,6.072076163978537000e-01,2.078506057279733144e-02,-3.913632682797502094e-01,0.000000000000000000e+00,1.445109078557910501e-02,3.548463208133424002e-02,0.000000000000000000e+00,1.200000047683715820e+00,5.000000000000000000e-01,6.062390208244323730e-01,7.537763714790344238e-01,6.017234921455383301e-01,6.177828907966613770e-01
5.600000000000003864e-01,6.084443236047911707e-01,1.675313012790569100e-02,-4.010185951945222094e-01,0.000000000000000000e+00,1.627681154093470542e-02,2.649456590388223412e-02,0.000000000000000000e+00,1.200000047683715820e+00,5.000000000000000000e-01,6.044825911521911621e-01,7.568016648292541504e-01,6.012061238288879395e-01,6.173532605171203613e-01
5.800000000000004041e-01,6.098379169007733802e-01,1.218077419913993209e-02,-4.020099318710281255e-01,0.000000000000000000e+00,1.826509712421558670e-02,1.731398987211760221e-02,0.000000000000000000e+00,1.200000047683715820e+00,5.000000000000000000e-01,6.044378876686096191e-01,7.588206529617309570e-01,6.003473401069641113e-01,6.184024214744567871e-01
6.000000000000004219e-01,6.114076916035526832e-01,7.210957458094691130e-03,-3.940475234186455733e-01,0.000000000000000000e+00,2.042892123705046872e-02,8.203852868871760323e-03,0.000000000000000000e+00,1.200000047683715820e+00,5.000000000000000000e-01,6.061092019081115723e-01,7.598186731338500977e-01,5.991920828819274902e-01,6.211318969726562500e-01
6.200000000000004396e-01,6.131701022363943432e-01,1.987711662482682939e-03,-3.770701582662334683e-01,0.000000000000000000e+00,2.277575579928105276e-02,-6.132085943584544493e-04,0.000000000000000000e+00,1.200000047683715820e+00,5.000000000000000000e-01,6.097232699394226074e-01,7.595301270484924316e-01,5.977455377578735352e-01,6.259913444519042969e-01
6.400000000000004574e-01,6.151396330187449690e-01,-3.349547654519835493e-03,-3.512780999733167708e-01,0.000000000000000000e+00,2.530898725554046533e-02,-8.951370857321967051e-03,0.000000000000000000e+00,1.200000047683715820e+00,5.000000000000000000e-01,6.155424118041992188e-01,7.575331926345825195e-01,5.960263013839721680e-01,6.336069703102111816e-01
6.600000000000004752e-01,6.173221906059772612e-01,-8.667229179306457088e-03,-3.171367708466672486e-01,0.000000000000000000e+00,2.800717978756927032e-02,-1.665753905061875123e-02,0.000000000000000000e+00,1.200000047683715820e+00,5.029864311218261719e-01,6.237976551055908203e-01,7.532917857170104980e-01,5.940832495689392090e-01,6.447974443435668945e-01
6.800000000000004929e-01,6.197106436407094909e-01,-1.384137337311519556e-02,-2.753639112117258203e-01,0.000000000000000000e+00,3.084244744401867105e-02,-2.361345161648705990e-02,0.000000000000000000e+00,1.200000047683715820e+00,5.186687707901000977e-01,6.345381140708923340e-01,7.460628151893615723e-01,5.918551087379455566e-01,6.599763035774230957e-01
7.000000000000005107e-01,6.222945601628017132e-01,-1.875811625761036883e-02,-2.269234720732498378e-01,0.000000000000000000e+00,3.378682023811706292e-02,-2.972651643795187759e-02,0.000000000000000000e+00,1.200000047683715820e+00,5.362515449523925781e-01,6.465899944305419922e-01,7.356256842613220215e-01,5.892673730850219727e-01,6.770630478858947754e-01
7.200000000000005285e-01,6.250641417605224959e-01,-2.330770563022960262e-02,-1.729837648564485075e-01,0.000000000000000000e+00,3.682014774872006263e-02,-3.491030530362271289e-02,0.000000000000000000e+00,1.200000047683715820e+00,5.519138574600219727e-01,6.579975485801696777e-01,7.230566740036010742e-01,5.866804122924804688e-01,6.925031542778015137e-01
7.400000000000005462e-01,6.280016523831024600e-01,-2.737749072001738337e-02,-1.148634171084703670e-01,0.000000000000000000e+00,3.988550111400705062e-02,-3.909340889855357493e-02,0.000000000000000000e+00,1.200000047683715820e+00,5.651368498802185059e-01,6.679924130439758301e-01,7.094593048095703125e-01,5.847634077072143555e-01,7.050468921661376953e-01
7.600000000000005640e-01,6.310538509512795269e-01,-3.085555487499636040e-02,-5.395017629262452430e-02,0.000000000000000000e+00,4.290354700279014333e-02,-4.219942411268743504e-02,0.000000000000000000e+00,1.200000047683715820e+00,5.774425864219665527e-01,6.767296791076660156e-01,6.953978538513183594e-01,5.841405391693115234e-01,7.151907086372375488e-01
7.800000000000005818e-01,6.341709502263107590e-01,-3.362821810262706101e-02,8.383089646312121695e-03,0.000000000000000000e+00,4.582551446719346916e-02,-4.417681516454601692e-02,0.000000000000000000e+00,1.200000047683715820e+00,5.901052951812744141e-01,6.845947504043579102e-01,6.810492873191833496e-01,5.850728750228881836e-01,7.236580252647399902e-01
8.000000000000005995e-01,6.373188441457123821e-01,-3.560079391543236049e-02,7.076342254940615195e-02,0.000000000000000000e+00,4.862344322442378047e-02,-4.500505400507488762e-02,0.000000000000000000e+00,1.200000047683715820e+00,6.036303043365478516e-01,6.919865012168884277e-01,6.663808822631835938e-01,5.874312520027160645e-01,7.309563159942626953e-01
8.200000000000006173e-01,6.404739413108371249e-01,-3.670090122492464246e-02,1.318300140332411552e-01,0.000000000000000000e+00,5.128075633372195657e-02,-4.469448805243098066e-02,0.000000000000000000e+00,1.200000047683715820e+00,6.180857419967651367e-01,6.992652416229248047e-01,6.513280868530273438e-01,5.909559726715087891e-01,7.373330593109130859e-01
8.400000000000006350e-01,6.436116257071177182e-01,-3.688003765332770190e-02,1.902237171977146646e-01,0.000000000000000000e+00,5.377300338654250611e-02,-4.328428696839300982e-02,0.000000000000000000e+00,1.200000047683715820e+00,6.333165168762207031e-01,7.067620158195495605e-01,6.359357237815856934e-01,5.954449772834777832e-01,7.428278923034667969e-01
8.600000000000006528e-01,6.467048811442240863e-01,-3.611874733309300423e-02,2.446344139890556657e-01,0.000000000000000000e+00,5.608692339059564991e-02,-4.084770243695348690e-02,0.000000000000000000e+00,1.200000047683715820e+00,6.490499973297119141e-01,7.148018479347229004e-01,6.203678250312805176e-01,6.007971763610839844e-01,7.473497390747070312e-01
8.800000000000006706e-01,6.497418372146369636e-01,-3.443010413031460937e-02,2.938093334230953424e-01,0.000000000000000000e+00,5.823309596772307389e-02,-3.748737084268088937e-02,0.000000000000000000e+00,1.200000047683715820e+00,6.647766232490539551e-01,7.234361767768859863e-01,6.050612926483154297e-01,6.067640781402587891e-01,7.508109211921691895e-01
9.000000000000006883e-01,6.527328008137980309e-01,-3.186082016393121386e-02,3.365778939451032903e-01,0.000000000000000000e+00,6.024690884754901887e-02,-3.333978644796554980e-02,0.000000000000000000e+00,1.200000047683715820e+00,6.792663335800170898e-01,7.319616675376892090e-01,5.911833643913269043e-01,6.124601960182189941e-01,7.533594965934753418e-01
9.200000000000007061e-01,6.557099324736419543e-01,-2.849643409203955757e-02,3.718683350854520842e-01,0.000000000000000000e+00,6.216991330876016353e-02,-2.856012078923674327e-02,0.000000000000000000e+00,1.200000047683715820e+00,6.911169290542602539e-01,7.393921017646789551e-01,5.798654556274414062e-01,6.168994307518005371e-01,7.553508281707763672e-01
9.400000000000007239e-01,6.586716280813672553e-01,-2.443069148142035241e-02,3.987553673528363984e-01,0.000000000000000000e+00,6.398564296379298522e-02,-2.329075907382705674e-02,0.000000000000000000e+00,1.200000047683715820e+00,6.998826861381530762e-01,7.453742027282714844e-01,5.711346864700317383e-01,6.198804378509521484e-01,7.570672631263732910e-01
9.600000000000007416e-01,6.616176482202440479e-01,-1.977295919271393476e-02,4.165650404732493817e-01,0.000000000000000000e+00,6.572137774941383404e-02,-1.769116117926268841e-02,0.000000000000000000e+00,1.200000047683715820e+00,7.057518362998962402e-01,7.499830722808837891e-01,5.644996166229248047e-01,6.216526031494140625e-01,7.586030364036560059e-01
9.800000000000007594e-01,6.645688551116423204e-01,-1.465724290210523861e-02,4.248306794020262900e-01,0.000000000000000000e+00,6.739937607662842278e-02,-1.192377013195929439e-02,0.000000000000000000e+00,1.200000047683715820e+00,7.088970541954040527e-01,7.533720135688781738e-01,5.595085620880126953e-01,6.224063038825988770e-01,7.600001096725463867e-01
1.000000000000000666e+00,6.675417690175179386e-01,-9.221202282289175933e-03,4.232974910272719882e-01,0.000000000000000000e+00,6.904226119201699319e-02,-6.134921952568618379e-03,0.000000000000000000e+00,1.200000047683715820e+00,7.091728448867797852e-01,7.556225061416625977e-01,5.559890270233154297e-01,6.221799254417419434e-01,7.612272500991821289e-01
1.019999999999998463e+00,6.705592922438957659e-01,-3.599504776342743462e-03,4.119528656832252556e-01,0.000000000000000000e+00,7.213815330751151278e-02,2.168822078744251508e-03,0.000000000000000000e+00,1.200000047683715820e+00,7.060714364051818848e-01,7.566645741462707520e-01,5.540643334388732910e-01,6.209539175033569336e-01,7.620740532875061035e-01
1.039999999999996261e+00,6.736495083210325419e-01,2.080819138570333404e-03,3.910515981722700873e-01,0.000000000000000000e+00,7.545539175056996395e-02,1.103535021653192019e-02,0.000000000000000000e+00,1.200000047683715820e+00,6.989641785621643066e-01,7.562799453735351562e-01,5.540089011192321777e-01,6.187733411788940430e-01,7.620127201080322266e-01
1.059999999999994058e+00,6.768339520250712393e-01,7.698708088841932362e-03,3.611014818115885761e-01,0.000000000000000000e+00,7.892773448556550386e-02,1.880418798709216147e-02,0.000000000000000000e+00,1.200000047683715820e+00,6.874703168869018555e-01,7.541664242744445801e-01,5.560498833656311035e-01,6.158056259155273438e-01,7.601781487464904785e-01
1.079999999999991855e+00,6.801209680792397183e-01,1.314494676933447570e-02,3.228214178307536875e-01,0.000000000000000000e+00,8.245364492958390246e-02,2.487593090798466758e-02,0.000000000000000000e+00,1.200000047683715820e+00,6.717434525489807129e-01,7.499950528144836426e-01,5.604182481765747070e-01,6.123692393302917480e-01,7.556020021438598633e-01
1.099999999999989653e+00,6.835200761585543683e-01,1.832027132811525627e-02,2.771383241173056011e-01,0.000000000000000000e+00,8.602208814752622390e-02,2.945011829975520412e-02,0.000000000000000000e+00,1.200000047683715820e+00,6.526346802711486816e-01,7.434465885162353516e-01,5.677034258842468262e-01,6.089723706245422363e-01,7.476276159286499023e-01
1.119999999999987450e+00,6.870447217250336136e-01,2.313097087212873104e-02,2.251611789446428535e-01,0.000000000000000000e+00,8.968648830862818722e-02,3.304044953328433287e-02,0.000000000000000000e+00,1.200000047683715820e+00,6.314297318458557129e-01,7.343533039093017578e-01,5.787810683250427246e-01,6.061532497406005859e-01,7.361681461334228516e-01
1.139999999999985247e+00,6.906967575502882539e-01,2.749032357893554934e-02,1.681746009460686753e-01,0.000000000000000000e+00,9.347086931324405379e-02,3.603376806165611845e-02,0.000000000000000000e+00,1.200000047683715820e+00,6.094551086425781250e-01,7.228789925575256348e-01,5.942768454551696777e-01,6.042298078536987305e-01,7.217530608177185059e-01
1.159999999999983045e+00,6.944297563512336069e-01,3.130595500105526341e-02,1.075493848093734967e-01,0.000000000000000000e+00,9.734054056122058707e-02,3.845454513086628279e-02,0.000000000000000000e+00,1.200000047683715820e+00,5.881875753402709961e-01,7.096052765846252441e-01,6.138959527015686035e-01,6.032745838165283203e-01,7.055170536041259766e-01
1.179999999999980842e+00,6.981901915253978519e-01,3.446928922156428099e-02,4.461121007927295462e-02,0.000000000000000000e+00,1.012489165785104284e-01,4.005159221978581846e-02,0.000000000000000000e+00,1.200000047683715820e+00,5.688420534133911133e-01,6.953876614570617676e-01,6.361218690872192383e-01,6.030671596527099609e-01,6.888834834098815918e-01
1.199999999999978639e+00,7.019407331666607242e-01,3.688595096974539578e-02,-1.929601077854400590e-02,0.000000000000000000e+00,1.051425167564458557e-01,4.048940616909788709e-02,0.000000000000000000e+00,1.200000047683715820e+00,5.519983768463134766e-01,6.813114285469055176e-01,6.586223840713500977e-01,6.029822826385498047e-01,6.735277175903320312e-01
1.219999999999976437e+00,7.056561889716834735e-01,3.847880484484722530e-02,-8.282853405380072309e-02,0.000000000000000000e+00,1.089670169360469204e-01,3.951573240139746174e-02,0.000000000000000000e+00,1.200000047683715820e+00,5.373101234436035156e-01,6.681658029556274414e-01,6.796036362648010254e-01,6.022632122039794922e-01,6.607019901275634766e-01
1.239999999999974234e+00,7.093168684887747322e-01,3.919001421708723232e-02,-1.446402206227783704e-01,0.000000000000000000e+00,1.126682053145880019e-01,3.704675334443253282e-02,0.000000000000000000e+00,1.200000047683715820e+00,5.242669582366943359e-01,6.562291383743286133e-01,6.980903148651123047e-01,6.007714271545410156e-01,6.506633758544921875e-01
1.259999999999972031e+00,7.128969847576670515e-01,3.898358590901207510e-02,-2.033919524343111018e-01,0.000000000000000000e+00,1.161962722581414420e-01,3.316284609065580508e-02,0.000000000000000000e+00,1.200000047683715820e+00,5.130797028541564941e-01,6.454980969429016113e-01,7.133066654205322266e-01,5.992712974548339844e-01,6.428311467170715332e-01
1.279999999999969829e+00,7.163755149676326317e-01,3.785273241262293586e-02,-2.578008538205828759e-01,0.000000000000000000e+00,1.195232212364452928e-01,2.804818037932266597e-02,0.000000000000000000e+00,1.200000047683715820e+00,5.040366053581237793e-01,6.357650160789489746e-01,7.252115011215209961e-01,5.984681248664855957e-01,6.364193558692932129e-01
1.299999999999967626e+00,7.197506788129911515e-01,3.582099053342985284e-02,-3.066399240743044596e-01,0.000000000000000000e+00,1.226486384810219626e-01,2.192848257278251847e-02,0.000000000000000000e+00,1.200000047683715820e+00,5.000000000000000000e-01,6.269469261169433594e-01,7.345017194747924805e-01,5.983501076698303223e-01,6.309710741043090820e-01
1.319999999999965423e+00,7.230441537894677362e-01,3.294797524134490674e-02,-3.487646456307558207e-01,0.000000000000000000e+00,1.256002116256156598e-01,1.504865627991138800e-02,0.000000000000000000e+00,1.200000047683715820e+00,5.000000000000000000e-01,6.193661093711853027e-01,7.417402863502502441e-01,5.985605120658874512e-01,6.264691352844238281e-01
1.339999999999963221e+00,7.262932853705225122e-01,2.932533089405459092e-02,-3.831208599369217427e-01,0.000000000000000000e+00,1.283982453006509983e-01,7.641210887996867721e-03,0.000000000000000000e+00,1.200000047683715820e+00,5.000000000000000000e-01,6.135250329971313477e-01,7.472534775733947754e-01,5.987144112586975098e-01,6.231439113616943359e-01
1.359999999999961018e+00,7.294881058598353674e-01,2.504474643511295229e-02,-4.088344124883364072e-01,0.000000000000000000e+00,1.310347847652224007e-01,-6.021788726778553875e-05,0.000000000000000000e+00,1.200000047683715820e+00,5.000000000000000000e-01,6.096353530883789062e-01,7.514057159423828125e-01,5.985578894615173340e-01,6.211500167846679688e-01
1.379999999999958815e+00,7.326387284369155761e-01,2.021848184527785808e-02,-4.252786029230604115e-01,0.000000000000000000e+00,1.335490658152654331e-01,-7.786610793409745254e-03,0.000000000000000000e+00,1.200000047683715820e+00,5.000000000000000000e-01,6.075671315193176270e-01,7.545401453971862793e-01,5.980383157730102539e-01,6.204891800880432129e-01
1.399999999999956612e+00,7.357682360495423346e-01,1.498020106032299514e-02,-4.320289948848368700e-01,0.000000000000000000e+00,1.359779279447387579e-01,-1.526077292063909331e-02,0.000000000000000000e+00,1.200000047683715820e+00,5.000000000000000000e-01,6.071222424507141113e-01,7.568500041961669922e-01,5.971956253051757812e-01,6.211630702018737793e-01
1.419999999999954410e+00,7.388985585747054330e-01,9.462665233526013076e-03,-4.288767813061521994e-01,0.000000000000000000e+00,1.383644190954559094e-01,-2.222183272906245316e-02,0.000000000000000000e+00,1.200000047683715820e+00,5.000000000000000000e-01,6.082590222358703613e-01,7.583177089691162109e-01,5.960862040519714355e-01,6.233349442481994629e-01
1.439999999999952207e+00,7.420585623966514666e-01,3.795181437119765633e-03,-4.158609145111282768e-01,0.000000000000000000e+00,1.407505815715723585e-01,-2.844373712625347314e-02,0.000000000000000000e+00,1.200000047683715820e+00,5.000000000000000000e-01,6.111305952072143555e-01,7.587050199508666992e-01,5.947239995002746582e-01,6.273642778396606445e-01
1.459999999999950004e+00,7.452798885359244174e-01,-1.900524929461244739e-03,-3.932867549805642016e-01,0.000000000000000000e+00,1.431695010734095885e-01,-3.374445801708775283e-02,0.000000000000000000e+00,1.200000047683715820e+00,5.000000000000000000e-01,6.159354448318481445e-01,7.576262354850769043e-01,5.931164026260375977e-01,6.337258219718933105e-01
1.479999999999947802e+00,7.485819829394542158e-01,-7.508260886852913263e-03,-3.617020745331434028e-01,0.000000000000000000e+00,1.456274916385869311e-01,-3.799379844017537061e-02,0.000000000000000000e+00,1.200000047683715820e+00,5.000000000000000000e-01,6.228383779525756836e-01,7.546408772468566895e-01,5.913047790527343750e-01,6.430621743202209473e-01
1.499999999999945599e+00,7.519741028599672417e-01,-1.292465295589800833e-02,-3.218624151789198917e-01,0.000000000000000000e+00,1.481169909077149904e-01,-4.111626977786900228e-02,0.000000000000000000e+00,1.200000047683715820e+00,5.076252818107604980e-01,6.320542693138122559e-01,7.491613626480102539e-01,5.892797112464904785e-01,6.561427712440490723e-01
1.519999999999943396e+00,7.554681109244809623e-01,-1.805383160398227327e-02,-2.747311235118389816e-01,0.000000000000000000e+00,1.506172752904932355e-01,-4.308297832173680481e-02,0.000000000000000000e+00,1.200000047683715820e+00,5.241296887397766113e-01,6.431169509887695312e-01,7.406992912292480469e-01,5.869339704513549805e-01,6.722135543823242188e-01
1.539999999999941194e+00,7.590791011661363052e-01,-2.280457730550561335e-02,-2.214539950114874367e-01,0.000000000000000000e+00,1.531221207192226819e-01,-4.389930340955554983e-02,0.000000000000000000e+00,1.200000047683715820e+00,5.400560498237609863e-01,6.542655229568481445e-01,7.298445701599121094e-01,5.843979716300964355e-01,6.879728436470031738e-01
1.559999999999938991e+00,7.627995517166987760e-01,-2.709408994338735610e-02,-1.633727402437029352e-01,0.000000000000000000e+00,1.555695138106847342e-01,-4.360216019924108982e-02,0.000000000000000000e+00,1.200000047683715820e+00,5.533064603805541992e-01,6.642086505889892578e-01,7.177484631538391113e-01,5.821865200996398926e-01,7.010862231254577637e-01
1.579999999999936788e+00,7.665780009254394844e-01,-3.082235994544602065e-02,-1.018687653380280361e-01,0.000000000000000000e+00,1.578809962976509274e-01,-4.221709451549100073e-02,0.000000000000000000e+00,1.200000047683715820e+00,5.648144483566284180e-01,6.728335022926330566e-01,7.051022052764892578e-01,5.809140801429748535e-01,7.115778326988220215e-01
1.599999999999934586e+00,7.703673875327763376e-01,-3.388094354258275320e-02,-3.829881930294504189e-02,0.000000000000000000e+00,1.600010091121544520e-01,-3.978852519514202574e-02,0.000000000000000000e+00,1.200000047683715820e+00,5.761539936065673828e-01,6.804882884025573730e-01,6.921164989471435547e-01,5.809955000877380371e-01,7.202301621437072754e-01
1.619999999999932383e+00,7.741372059631201896e-01,-3.617762029132842727e-02,2.596313965951880728e-02,0.000000000000000000e+00,1.618903334511127556e-01,-3.637500548040007581e-02,0.000000000000000000e+00,1.200000047683715820e+00,5.881915092468261719e-01,6.875587105751037598e-01,6.787689328193664551e-01,5.824837088584899902e-01,7.276679277420043945e-01
1.639999999999930180e+00,7.778681489111292091e-01,-3.763794895393435258e-02,8.955186730839104214e-02,0.000000000000000000e+00,1.635201491947545493e-01,-3.204838310594352452e-02,0.000000000000000000e+00,1.200000047683715820e+00,6.012385487556457520e-01,6.944118142127990723e-01,6.649188995361328125e-01,5.851992964744567871e-01,7.342651486396789551e-01
1.659999999999927978e+00,7.815432659060481679e-01,-3.820716085003061924e-02,1.511041313633001704e-01,0.000000000000000000e+00,1.648723595981141932e-01,-2.689381608913947799e-02,0.000000000000000000e+00,1.200000047683715820e+00,6.153242588043212891e-01,7.013610601425170898e-01,6.504843235015869141e-01,5.889424681663513184e-01,7.401621341705322266e-01
1.679999999999925775e+00,7.851383243509689747e-01,-3.785359424427015007e-02,2.092829938328853168e-01,0.000000000000000000e+00,1.659322503935282411e-01,-2.101249146068936979e-02,0.000000000000000000e+00,1.200000047683715820e+00,6.302869915962219238e-01,7.087080478668212891e-01,6.355435252189636230e-01,5.935871601104736328e-01,7.453234791755676270e-01
1.699999999999923572e+00,7.886363384826349243e-01,-3.657547139296080108e-02,2.628130384942615194e-01,0.000000000000000000e+00,1.667027911317784106e-01,-1.452763582616229537e-02,0.000000000000000000e+00,1.200000047683715820e+00,6.458213329315185547e-01,7.167298793792724609e-01,6.203248500823974609e-01,5.990655422210693359e-01,7.496018409729003906e-01
1.719999999999921370e+00,7.920399409169261995e-01,-3.440138221558780574e-02,3.104821165469426880e-01,0.000000000000000000e+00,1.672060280687041045e-01,-7.597448557459678814e-03,0.000000000000000000e+00,1.200000047683715820e+00,6.612327694892883301e-01,7.253159880638122559e-01,6.054472923278808594e-01,6.050085425376892090e-01,7.529060244560241699e-01
1.739999999999919167e+00,7.953742090676770848e-01,-3.139852283557570400e-02,3.511676092168902752e-01,0.000000000000000000e+00,1.675164980001773163e-01,-4.180944371807987633e-04,0.000000000000000000e+00,1.200000047683715820e+00,6.750792860984802246e-01,7.335824370384216309e-01,5.922370553016662598e-01,6.104010939598083496e-01,7.554134130477905273e-01
1.759999999999916964e+00,7.986688806525367168e-01,-2.765964847252427861e-02,3.838407243679569647e-01,0.000000000000000000e+00,1.676924172857066908e-01,6.801708845846468447e-03,0.000000000000000000e+00,1.200000047683715820e+00,6.860923171043395996e-01,7.406343817710876465e-01,5.816202163696289062e-01,6.144148707389831543e-01,7.574619054794311523e-01
1.779999999999914762e+00,8.019074477787710986e-01,-2.327788856007434459e-02,4.076945257580829041e-01,0.000000000000000000e+00,1.677687113916017103e-01,1.385394162221955522e-02,0.000000000000000000e+00,1.200000047683715820e+00,6.940205693244934082e-01,7.462717294692993164e-01,5.734493732452392578e-01,6.170162558555603027e-01,7.592743635177612305e-01
1.799999999999912559e+00,8.051038617794228358e-01,-1.837179967229679578e-02,4.221559252710281318e-01,0.000000000000000000e+00,1.677960782318152211e-01,2.052243143787524718e-02,0.000000000000000000e+00,1.200000047683715820e+00,6.990165710449218750e-01,7.505688071250915527e-01,5.672764182090759277e-01,6.184467077255249023e-01,7.609052658081054688e-01
1.819999999999910356e+00,8.082776054068909755e-01,-1.307700719690568780e-02,4.268583801780663767e-01,0.000000000000000000e+00,1.678135592710341961e-01,2.661202900940243601e-02,0.000000000000000000e+00,1.200000047683715820e+00,7.011556625366210938e-01,7.536652088165283203e-01,5.627298951148986816e-01,6.188435554504394531e-01,7.623828053474426270e-01
1.839999999999908153e+00,8.114504797105732692e-01,-7.526968982350223936e-03,4.216582022658927897e-01,0.000000000000000000e+00,1.678762208520680199e-01,3.195469499999012419e-02,0.000000000000000000e+00,1.200000047683715820e+00,7.001769542694091797e-01,7.555984854698181152e-01,5.597280859947204590e-01,6.182208657264709473e-01,7.636239528656005859e-01
1.859999999999905951e+00,8.146518690139372687e-01,-1.851104510827261684e-03,4.066661924587048893e-01,0.000000000000000000e+00,1.680374608880597642e-01,3.642226865232509048e-02,0.000000000000000000e+00,1.200000047683715820e+00,6.955562233924865723e-01,7.562498450279235840e-01,5.584310889244079590e-01,6.165867447853088379e-01,7.643063664436340332e-01
1.879999999999903748e+00,8.179131971571579340e-01,3.828635592996232351e-03,3.822565505655690643e-01,0.000000000000000000e+00,1.683257165640151543e-01,3.992346964203255522e-02,0.000000000000000000e+00,1.200000047683715820e+00,6.868196725845336914e-01,7.553781867027282715e-01,5.590687990188598633e-01,6.140428185462951660e-01,7.637666463851928711e-01
1.899999999999901545e+00,8.212525437588491517e-01,9.396725667068783761e-03,3.490339104572754980e-01,0.000000000000000000e+00,1.687304054419720978e-01,4.241727982821551224e-02,0.000000000000000000e+00,1.200000047683715820e+00,6.738659143447875977e-01,7.526907324790954590e-01,5.618124604225158691e-01,6.108164191246032715e-01,7.610931992530822754e-01
1.919999999999899343e+00,8.246809759138442608e-01,1.475074502921230879e-02,3.078037486737498774e-01,0.000000000000000000e+00,1.692337736213837540e-01,4.390096828409623120e-02,0.000000000000000000e+00,1.200000047683715820e+00,6.571323871612548828e-01,7.478737831115722656e-01,5.669772624969482422e-01,6.072939038276672363e-01,7.554372549057006836e-01
1.939999999999897140e+00,8.282130861035538194e-01,1.979514861436254547e-02,2.595686371956237304e-01,0.000000000000000000e+00,1.698735030358127229e-01,4.437738797417211528e-02,0.000000000000000000e+00,1.200000047683715820e+00,6.376143097877502441e-01,7.406461238861083984e-01,5.752607583999633789e-01,6.040104031562805176e-01,7.463513612747192383e-01
1.959999999999894937e+00,8.318653350509003230e-01,2.443981179535748005e-02,2.055019887298744075e-01,0.000000000000000000e+00,1.706401038412812821e-01,4.388510857714279095e-02,0.000000000000000000e+00,1.200000047683715820e+00,6.165040135383605957e-01,7.309488058090209961e-01,5.874532461166381836e-01,6.014125943183898926e-01,7.339552640914916992e-01
1.979999999999892735e+00,8.356224030074985709e-01,2.860330166636160243e-02,1.469555601315751803e-01,0.000000000000000000e+00,1.714726108693618023e-01,4.247688947776034896e-02,0.000000000000000000e+00,1.200000047683715820e+00,5.951106548309326172e-01,7.191076874732971191e-01,6.038928627967834473e-01,5.997115969657897949e-01,7.190144658088684082e-01
1.999999999999890532e+00,8.394298920374290152e-01,3.218358537233367844e-02,8.527349390003678697e-02,0.000000000000000000e+00,1.722977775371289377e-01,4.017890815541527716e-02,0.000000000000000000e+00,1.200000047683715820e+00,5.748737454414367676e-01,7.058068513870239258e-01,6.239082217216491699e-01,5.989054441452026367e-01,7.027984857559204102e-01
2.019999999999888551e+00,8.432421053217060702e-01,3.507715222828650115e-02,2.178715451358370983e-02,9.609024422107552699e-01,1.730521877415548415e-01,3.702739828850981629e-02,1.000000000000000000e+00,1.200000047683715820e+00,5.568220615386962891e-01,6.919276714324951172e-01,6.457539200782775879e-01,5.986952185630798340e-01,6.867665648460388184e-01
2.039999999999886349e+00,8.470283133078273519e-01,3.719684944763018697e-02,-4.215777436107604609e-02,9.562455071021090935e-01,1.736824848806503563e-01,3.306684467820229095e-02,1.000000000000000000e+00,1.200000047683715820e+00,5.204641222953796387e-01,6.878330707550048828e-01,6.626641750335693359e-01,5.769697427749633789e-01,6.874572634696960449e-01
2.059999999999884146e+00,8.507677400177902083e-01,3.847312589097090507e-02,-1.052207157937903731e-01,9.521714909969180018e-01,1.741582078956987190e-01,2.835424303796846637e-02,1.000000000000000000e+00,1.200000047683715820e+00,5.080717802047729492e-01,6.767712831497192383e-01,6.804458498954772949e-01,5.758161544799804688e-01,6.769301891326904297e-01
2.079999999999881943e+00,8.544402276306908295e-01,3.885592793672709711e-02,-1.660548313223716432e-01,9.494643006658048945e-01,1.744472305359507647e-01,2.295278243809632107e-02,1.000000000000000000e+00,1.200000047683715820e+00,5.000000000000000000e-01,6.662960052490234375e-01,6.960643529891967773e-01,5.750218629837036133e-01,6.679473519325256348e-01
2.099999999999879741e+00,8.580202834527919098e-01,3.831923646239143721e-02,-2.233432145943372582e-01,9.488002669982047443e-01,1.745154153412456222e-01,1.694732272089332151e-02,1.000000000000000000e+00,1.200000047683715820e+00,5.000000000000000000e-01,6.567037105560302734e-01,7.086237668991088867e-01,5.749492049217224121e-01,6.603792309761047363e-01
2.119999999999877538e+00,8.614934274246823787e-01,3.686680248849555364e-02,-2.758228988457759878e-01,9.504554238681630629e-01,1.743435574001017119e-01,1.044799681561198700e-02,1.000000000000000000e+00,1.200000047683715820e+00,5.000000000000000000e-01,6.480093002319335938e-01,7.185181379318237305e-01,5.755346417427062988e-01,6.539585590362548828e-01
2.139999999999875335e+00,8.648665833683810700e-01,3.453271944243835323e-02,-3.222954420663167729e-01,9.538237225261406715e-01,1.739719158146108002e-01,3.589042996816659784e-03,1.000000000000000000e+00,1.200000047683715820e+00,5.000000000000000000e-01,6.402787566184997559e-01,7.264663577079772949e-01,5.765523910522460938e-01,6.484585404396057129e-01
2.159999999999873133e+00,8.681698642949063904e-01,3.139055038775090400e-02,-3.616533766298222763e-01,9.576657268144680435e-01,1.735020032403562229e-01,-3.431330709487898784e-03,1.000000000000000000e+00,1.200000047683715820e+00,5.000000000000000000e-01,6.338102817535400391e-01,7.328936457633972168e-01,5.777066946029663086e-01,6.439074873924255371e-01
2.179999999999870930e+00,8.714282323340449832e-01,2.753277358060618463e-02,-3.928878140465257851e-01,9.614510372020763640e-01,1.729693628204825029e-01,-1.042104990951758098e-02,1.000000000000000000e+00,1.200000047683715820e+00,5.000000000000000000e-01,6.289387941360473633e-01,7.380009293556213379e-01,5.786402225494384766e-01,6.405177116394042969e-01
2.199999999999868727e+00,8.746281203447066055e-01,2.305444252495225665e-02,-4.152326060381097972e-01,9.647701242175322767e-01,1.724094756331296385e-01,-1.718683905905769860e-02,1.000000000000000000e+00,1.200000047683715820e+00,5.000000000000000000e-01,6.257695555686950684e-01,7.419441938400268555e-01,5.791183114051818848e-01,6.384438872337341309e-01
2.219999999999866525e+00,8.777894209218017885e-01,1.807729700689120200e-02,-4.281396635628360592e-01,9.673349212533901564e-01,1.718668986901867590e-01,-2.352767042646028428e-02,1.000000000000000000e+00,1.200000047683715820e+00,5.000000000000000000e-01,6.242386698722839355e-01,7.448199987411499023e-01,5.790659785270690918e-01,6.377629637718200684e-01
2.239999999999864322e+00,8.809329298266191932e-01,1.273552088553397965e-02,-4.312656615720181219e-01,9.690742230006158531e-01,1.713839204108080494e-01,-2.926333906979701471e-02,1.000000000000000000e+00,1.200000047683715820e+00,5.000000000000000000e-01,6.242589950561523438e-01,7.466681599617004395e-01,5.784922242164611816e-01,6.385621428489685059e-01
2.259999999999862119e+00,8.840829789705817454e-01,7.160461620775937508e-03,-4.244919589673254445e-01,9.700547025110550781e-01,1.710155582006848418e-01,-3.424154625930789231e-02,1.000000000000000000e+00,1.200000047683715820e+00,5.000000000000000000e-01,6.258128881454467773e-01,7.474482655525207520e-01,5.774281620979309082e-01,6.410201191902160645e-01
2.279999999999859916e+00,8.872701964125373486e-01,1.478450314436774438e-03,-4.079570138023492221e-01,9.704765238747083966e-01,1.708070713502503057e-01,-3.834884676642368734e-02,1.000000000000000000e+00,1.200000047683715820e+00,5.000000000000000000e-01,6.289667487144470215e-01,7.470091581344604492e-01,5.759086608886718750e-01,6.454279422760009766e-01
2.299999999999857714e+00,8.905240893255290668e-01,-4.190801767368856900e-03,-3.820608660234082188e-01,9.705398197328021226e-01,1.707709464663215437e-01,-4.150628148082519120e-02,1.000000000000000000e+00,1.200000047683715820e+00,5.000000000000000000e-01,6.338568329811096191e-01,7.450585365295410156e-01,5.739979147911071777e-01,6.522392630577087402e-01
2.319999999999855511e+00,8.938587706110512343e-01,-9.735128684095706308e-03,-3.474279715591735984e-01,9.703355267688855701e-01,1.708822484872324354e-01,-4.369015373324958845e-02,1.000000000000000000e+00,1.200000047683715820e+00,5.000000000000000000e-01,6.407166719436645508e-01,7.412127852439880371e-01,5.718064308166503906e-01,6.622099876403808594e-01
2.339999999999853308e+00,8.972842023348732710e-01,-1.505433417625984260e-02,-3.048898530675520635e-01,9.697752091966241883e-01,1.711327957029629976e-01,-4.489677657078309375e-02,1.000000000000000000e+00,1.200000047683715820e+00,5.000000000000000000e-01,6.495684981346130371e-01,7.352779507637023926e-01,5.695084929466247559e-01,6.758051514625549316e-01
2.359999999999851106e+00,9.008141924119653643e-01,-2.005382722614540425e-02,-2.554767106098326246e-01,9.685252452406795109e-01,1.715525799420962449e-01,-4.513119722553256968e-02,1.000000000000000000e+00,1.200000047683715820e+00,5.103369355201721191e-01,6.591308712959289551e-01,7.277979254722595215e-01,5.673618316650390625e-01,6.909345984458923340e-01
2.379999999999848903e+00,9.044622375554559612e-01,-2.464493840497655741e-02,-2.003971932206713713e-01,9.662220961433911626e-01,1.721192690725222296e-01,-4.443749749423219625e-02,1.000000000000000000e+00,1.200000047683715820e+00,5.238585472106933594e-01,6.674434542655944824e-01,7.198171615600585938e-01,5.656619071960449219e-01,7.038811445236206055e-01
2.399999999999846700e+00,9.082035904422115502e-01,-2.874446023750742985e-02,-1.410329215660341973e-01,9.627537444895358787e-01,1.727629539503185152e-01,-4.285619878195191107e-02,1.000000000000000000e+00,1.200000047683715820e+00,5.344348549842834473e-01,6.739339232444763184e-01,7.119131684303283691e-01,5.646845698356628418e-01,7.134715318679809570e-01
2.419999999999844498e+00,9.119842601777836677e-01,-3.224530193600416705e-02,-7.873879582907179764e-02,9.583747721487683169e-01,1.734084252963764006e-01,-4.040874705598544725e-02,1.000000000000000000e+00,1.200000047683715820e+00,5.433322191238403320e-01,6.791444420814514160e-01,7.040471434593200684e-01,5.645552277565002441e-01,7.206754684448242188e-01
2.439999999999842295e+00,9.157637053739728916e-01,-3.504495376698069098e-02,-1.487526753335256108e-02,9.536483314126630306e-01,1.739920887969928776e-01,-3.712650249202542607e-02,1.000000000000000000e+00,1.200000047683715820e+00,5.519118309020996094e-01,6.837548613548278809e-01,6.958676576614379883e-01,5.652742385864257812e-01,7.265686988830566406e-01
2.459999999999840092e+00,9.195161872690211791e-01,-3.705761769292936769e-02,4.918872142867777159e-02,9.492915772987855494e-01,1.744650619715832074e-01,-3.305175897499432885e-02,1.000000000000000000e+00,1.200000047683715820e+00,5.610704421997070312e-01,6.882793903350830078e-01,6.869367361068725586e-01,5.668361783027648926e-01,7.317882180213928223e-01
2.479999999999837890e+00,9.232249707347004453e-01,-3.821583264587552486e-02,1.120938195046132235e-01,9.459129618056392186e-01,1.748011482510327397e-01,-2.823698760431175153e-02,1.000000000000000000e+00,1.200000047683715820e+00,5.714115500450134277e-01,6.930986642837524414e-01,6.768094897270202637e-01,5.692569017410278320e-01,7.367254495620727539e-01
2.499999999999835687e+00,9.268707970824643372e-01,-3.847210545308832330e-02,1.724803971731307672e-01,9.441679152829788313e-01,1.749662616870949483e-01,-2.274457402655984811e-02,1.000000000000000000e+00,1.200000047683715820e+00,5.832247734069824219e-01,6.984962224960327148e-01,6.652026176452636719e-01,5.725282430648803711e-01,7.416275143623352051e-01
2.519999999999833484e+00,9.304299636114884420e-01,-3.780465612653638452e-02,2.290365317098473630e-01,9.445890419932709836e-01,1.749268950862651328e-01,-1.666134415510507269e-02,1.000000000000000000e+00,1.200000047683715820e+00,5.964090228080749512e-01,7.046957612037658691e-01,6.521732807159423828e-01,5.766047239303588867e-01,7.465521693229675293e-01
2.539999999999831282e+00,9.338914715947006506e-01,-3.622193411773194649e-02,2.805086865519574868e-01,9.472681668238451813e-01,1.746691077044404405e-01,-1.009843911392910819e-02,1.000000000000000000e+00,1.200000047683715820e+00,6.105616092681884766e-01,7.118669748306274414e-01,6.381356120109558105e-01,5.814294219017028809e-01,7.513077259063720703e-01
2.559999999999829079e+00,9.372656562044847650e-01,-3.376386553776766775e-02,3.257167409952597126e-01,9.513366264654850024e-01,1.742493496027909539e-01,-3.199316287365724324e-03,1.000000000000000000e+00,1.200000047683715820e+00,6.248627305030822754e-01,7.198489308357238770e-01,6.240094900131225586e-01,5.867097377777099609e-01,7.555163502693176270e-01
2.579999999999826876e+00,9.405849603799507630e-01,-3.051028194322380482e-02,3.635737596325065990e-01,9.555930652945819892e-01,1.737625795117341554e-01,3.830078494814284813e-03,1.000000000000000000e+00,1.200000047683715820e+00,6.377771496772766113e-01,7.277591824531555176e-01,6.113277673721313477e-01,5.915629267692565918e-01,7.589516639709472656e-01
2.599999999999824674e+00,9.438613226307170923e-01,-2.655268459062420927e-02,3.931080071525516750e-01,9.597034734750586882e-01,1.732259588099688274e-01,1.080005099232920693e-02,1.000000000000000000e+00,1.200000047683715820e+00,6.478480696678161621e-01,7.346404194831848145e-01,6.011358499526977539e-01,5.951090455055236816e-01,7.617775797843933105e-01
2.619999999999822471e+00,9.470835800567554141e-01,-2.199010582897853450e-02,4.136079792742153316e-01,9.632812807582994408e-01,1.726749233493714564e-01,1.751331329168916845e-02,1.000000000000000000e+00,1.200000047683715820e+00,6.545718908309936523e-01,7.402074933052062988e-01,5.933725237846374512e-01,5.971435308456420898e-01,7.642382383346557617e-01
2.639999999999820268e+00,9.502714334315799372e-01,-1.694945938564046406e-02,4.245732244088245566e-01,9.661020098893403629e-01,1.721447438720948020e-01,2.376945339795373188e-02,1.000000000000000000e+00,1.200000047683715820e+00,6.580228209495544434e-01,7.445263862609863281e-01,5.875365138053894043e-01,5.978443622589111328e-01,7.664290070533752441e-01
2.659999999999818066e+00,9.534430072436833603e-01,-1.156543530098297357e-02,4.257139047274358101e-01,9.680822065004167642e-01,1.716764240362620708e-01,2.939089070279278515e-02,1.000000000000000000e+00,1.200000047683715820e+00,6.582623720169067383e-01,7.476622462272644043e-01,5.832643508911132812e-01,5.974209904670715332e-01,7.682722806930541992e-01
2.679999999999815863e+00,9.566225499130998067e-01,-5.970354029340152469e-03,4.169740123005853949e-01,9.692606258464127045e-01,1.713217910035859937e-01,3.422998108719629839e-02,1.000000000000000000e+00,1.200000047683715820e+00,6.551305651664733887e-01,7.495399117469787598e-01,5.804953575134277344e-01,5.960429310798645020e-01,7.694813609123229980e-01
2.699999999999813660e+00,9.598406922593598622e-01,-2.905737161277843761e-04,3.985590783389977854e-01,9.698035938676784484e-01,1.711214471964213890e-01,3.817794523774702825e-02,1.000000000000000000e+00,1.200000047683715820e+00,6.484460830688476562e-01,7.499749660491943359e-01,5.793627500534057617e-01,5.938686728477478027e-01,7.695504426956176758e-01
2.719999999999811457e+00,9.631253769130139197e-01,5.353672895045125113e-03,3.709302449156212100e-01,9.699015172720970579e-01,1.710813851480279535e-01,4.116227659547339740e-02,1.000000000000000000e+00,1.200000047683715820e+00,6.382949948310852051e-01,7.487879395484924316e-01,5.800172090530395508e-01,5.910711288452148438e-01,7.678453922271728516e-01
2.739999999999809255e+00,9.664897561325429542e-01,1.085146506779255393e-02,3.347613381578698477e-01,9.696699668637799308e-01,1.711739183740808301e-01,4.316694770229119460e-02,1.000000000000000000e+00,1.200000047683715820e+00,6.251475214958190918e-01,7.458613514900207520e-01,5.826466083526611328e-01,5.879115462303161621e-01,7.637884020805358887e-01
2.759999999999807052e+00,9.699454817672491513e-01,1.610327197504074492e-02,2.909272665111264367e-01,9.689845187544273708e-01,1.714128500095462859e-01,4.418616234904244877e-02,1.000000000000000000e+00,1.200000047683715820e+00,6.096857786178588867e-01,7.410805821418762207e-01,5.876409411430358887e-01,5.847600698471069336e-01,7.569959759712219238e-01
2.779999999999804849e+00,9.735083719198488472e-01,2.101511345199530423e-02,2.404893519243006261e-01,9.675185321247338210e-01,1.718219316783215767e-01,4.423149805055933553e-02,1.000000000000000000e+00,1.200000047683715820e+00,5.926042199134826660e-01,7.343861460685729980e-01,5.954229235649108887e-01,5.819675922393798828e-01,7.473937273025512695e-01
2.799999999999802647e+00,9.771901941283762660e-01,2.550020501228522640e-02,1.846834801383541169e-01,9.649569863050170282e-01,1.723740944620715254e-01,4.335489253009656985e-02,1.000000000000000000e+00,1.200000047683715820e+00,5.747409462928771973e-01,7.259899973869323730e-01,6.061460375785827637e-01,5.797249078750610352e-01,7.354757785797119141e-01
2.819999999999800444e+00,9.809579993988755131e-01,2.947377546632090617e-02,1.248861117022439099e-01,9.612702012666598517e-01,1.729969126109120181e-01,4.159223508298812849e-02,1.000000000000000000e+00,1.200000047683715820e+00,5.572418570518493652e-01,7.164404988288879395e-01,6.195262670516967773e-01,5.780047774314880371e-01,7.224122881889343262e-01
2.839999999999798241e+00,9.847578129162855021e-01,3.282867235279218754e-02,6.242665710008288293e-02,9.567719860613767002e-01,1.736166004556778941e-01,3.897006884317758685e-02,1.000000000000000000e+00,1.200000047683715820e+00,5.410090684890747070e-01,7.062481045722961426e-01,6.350195407867431641e-01,5.766130685806274414e-01,7.093950510025024414e-01
2.859999999999796039e+00,9.885504071517279279e-01,3.546705956413298555e-02,-1.352432582776162597e-03,9.520694857675986444e-01,1.741694463983574914e-01,3.552399285803219120e-02,1.000000000000000000e+00,1.200000047683715820e+00,5.263324975967407227e-01,6.956500411033630371e-01,6.520439982414245605e-01,5.753520131111145020e-01,6.971156001091003418e-01
2.879999999999793836e+00,9.923098908268594975e-01,3.730763761955507851e-02,-6.510370025070195965e-02,9.478877631335467235e-01,1.746075415196119418e-01,3.130144851789713745e-02,1.000000000000000000e+00,1.200000047683715820e+00,5.131840705871582031e-01,6.848468184471130371e-01,6.696897745132446289e-01,5.740984678268432617e-01,6.859532594680786133e-01
2.899999999999791633e+00,9.960181506947142216e-01,3.828743232896480997e-02,-1.274842221361357220e-01,9.448552601629249814e-01,1.749018549852939530e-01,2.635754377223993583e-02,1.000000000000000000e+00,1.200000047683715820e+00,5.017242431640625000e-01,6.742623448371887207e-01,6.863809823989868164e-01,5.729978680610656738e-01,6.761607527732849121e-01
2.919999999999789431e+00,9.996529761783141677e-01,3.836352982800439460e-02,-1.871484542412126251e-01,9.436552046778818870e-01,1.750137949619502420e-01,2.075957844213499950e-02,1.000000000000000000e+00,1.200000047683715820e+00,5.000000000000000000e-01,6.643725037574768066e-01,7.005276679992675781e-01,5.724807977676391602e-01,6.677931547164916992e-01
2.939999999999787228e+00,1.003190933201221435e+00,3.751970999594617107e-02,-2.428007932301604332e-01,9.447789625605008679e-01,1.749090437854034230e-01,1.459948794093939711e-02,1.000000000000000000e+00,1.200000047683715820e+00,5.000000000000000000e-01,6.553513407707214355e-01,7.117532491683959961e-01,5.727003812789916992e-01,6.607186198234558105e-01
2.959999999999785025e+00,1.006624132576639852e+00,3.576964728813364358e-02,-2.931996522251993365e-01,9.481591993332757484e-01,1.745803220505316722e-01,7.990716604238010459e-03,1.000000000000000000e+00,1.200000047683715820e+00,5.000000000000000000e-01,6.471937298774719238e-01,7.206676602363586426e-01,5.734874606132507324e-01,6.546771526336669922e-01
2.979999999999782823e+00,1.009967080775883597e+00,3.315956294757188560e-02,-3.371801132473692952e-01,9.527233266450513272e-01,1.740968950808416682e-01,1.087075829152968137e-03,1.000000000000000000e+00,1.200000047683715820e+00,5.000000000000000000e-01,6.400356888771057129e-01,7.278977632522583008e-01,5.746121406555175781e-01,6.495077013969421387e-01
2.999999999999780620e+00,1.013256038456182839e+00,2.977405731706450620e-02,-3.736707785878931598e-01,9.572932239238551855e-01,1.735502032523299210e-01,-5.907559316548495476e-03,1.000000000000000000e+00,1.200000047683715820e+00,5.000000000000000000e-01,6.342188119888305664e-01,7.337552905082702637e-01,5.757542252540588379e-01,6.453250646591186523e-01
3.019999999999778417e+00,1.016495268424653986e+00,2.570383990914204553e-02,-4.017342367959667038e-01,9.615385027835439136e-01,1.729559474052722590e-01,-1.280749838568827695e-02,1.000000000000000000e+00,1.200000047683715820e+00,5.000000000000000000e-01,6.300146579742431641e-01,7.384021878242492676e-01,5.765799880027770996e-01,6.423491239547729492e-01
3.039999999999776215e+00,1.019681423029104694e+00,2.105160995699434379e-02,-4.206938130047810365e-01,9.650415302212247415e-01,1.723579143824319759e-01,-1.941622973684602182e-02,1.000000000000000000e+00,1.200000047683715820e+00,5.000000000000000000e-01,6.274613142013549805e-01,7.419590353965759277e-01,5.769196748733520508e-01,6.407139897346496582e-01
3.059999999999774012e+00,1.022836926935280166e+00,1.594631469195628704e-02,-4.300757307120817163e-01,9.676298854267926242e-01,1.717941160432857051e-01,-2.553923783237608408e-02,1.000000000000000000e+00,1.200000047683715820e+00,5.000000000000000000e-01,6.264792680740356445e-01,7.444978952407836914e-01,5.767309069633483887e-01,6.404970884323120117e-01
3.079999999999771809e+00,1.025981682390138428e+00,1.052065305220534208e-02,-4.296154276636016123e-01,9.692904752964277559e-01,1.713115697286378969e-01,-3.100565226419900455e-02,1.000000000000000000e+00,1.200000047683715820e+00,5.000000000000000000e-01,6.270010471343994141e-01,7.460281848907470703e-01,5.760366916656494141e-01,6.418112516403198242e-01
3.099999999999769607e+00,1.029142009839867367e+00,4.904796793187671256e-03,-4.192851514283221226e-01,9.701713341698129378e-01,1.709624322017638254e-01,-3.567655301039329707e-02,1.000000000000000000e+00,1.200000047683715820e+00,5.000000000000000000e-01,6.290314197540283203e-01,7.464741468429565430e-01,5.748716592788696289e-01,6.448605060577392578e-01
3.119999999999767404e+00,1.032349083969148262e+00,-7.778026483014066628e-04,-3.993200103836198056e-01,9.705194877263375597e-01,1.707827320962609086e-01,-3.945053209567386115e-02,1.000000000000000000e+00,1.200000047683715820e+00,5.000000000000000000e-01,6.326436400413513184e-01,7.456361055374145508e-01,5.732852220535278320e-01,6.499572992324829102e-01
3.139999999999765201e+00,1.035627514417544415e+00,-6.408868458325167605e-03,-3.702070648950897547e-01,9.705422427935388452e-01,1.707695298962833841e-01,-4.226487534485400682e-02,1.000000000000000000e+00,1.200000047683715820e+00,5.000000000000000000e-01,6.379984021186828613e-01,7.431740760803222656e-01,5.713535547256469727e-01,6.576351523399353027e-01
3.159999999999762998e+00,1.038987756261552153e+00,-1.188079445388739996e-02,-3.326433761358789098e-01,9.703208692685660886e-01,1.708896997550526098e-01,-4.410935572862919457e-02,1.000000000000000000e+00,1.200000047683715820e+00,5.000000000000000000e-01,6.453357338905334473e-01,7.387374639511108398e-01,5.691907405853271484e-01,6.686903238296508789e-01
3.179999999999760796e+00,1.042440846731930382e+00,-1.709541501627054316e-02,-2.875334962914377068e-01,9.696904712258381798e-01,1.711660198688435552e-01,-4.497753752852909348e-02,1.000000000000000000e+00,1.200000047683715820e+00,5.000000000000000000e-01,6.543250083923339844e-01,7.324144840240478516e-01,5.670077204704284668e-01,6.829037070274353027e-01
3.199999999999758593e+00,1.046002025145221559e+00,-2.195936828684635911e-02,-2.359686544628326887e-01,9.683236989625773061e-01,1.716100934713072901e-01,-4.488586000574625728e-02,1.000000000000000000e+00,1.200000047683715820e+00,5.132136344909667969e-01,6.632415056228637695e-01,7.250804305076599121e-01,5.650997757911682129e-01,6.972014307975769043e-01
3.219999999999756390e+00,1.049677540342065285e+00,-2.638774186670556077e-02,-1.792257536738804113e-01,9.659186713099648935e-01,1.721830693493983933e-01,-4.388833422879443585e-02,1.000000000000000000e+00,1.200000047683715820e+00,5.252370834350585938e-01,6.705421209335327148e-01,7.176117300987243652e-01,5.637302994728088379e-01,7.085335850715637207e-01
3.239999999999754188e+00,1.053426958944164715e+00,-3.029083437472224194e-02,-1.186954842640950691e-01,9.624708985154530883e-01,1.728090355884757678e-01,-4.201150993504144948e-02,1.000000000000000000e+00,1.200000047683715820e+00,5.346046686172485352e-01,6.761987805366516113e-01,7.102694511413574219e-01,5.630892515182495117e-01,7.167837023735046387e-01
3.259999999999751985e+00,1.057199439738655045e+00,-3.355947730254155159e-02,-5.572457494962898550e-02,9.583090248385046639e-01,1.734172073887527699e-01,-3.928065914176027962e-02,1.000000000000000000e+00,1.200000047683715820e+00,5.427903532981872559e-01,6.808806061744689941e-01,7.028483152389526367e-01,5.632285475730895996e-01,7.231490612030029297e-01
3.279999999999749782e+00,1.060960714139812300e+00,-3.609722621765865114e-02,8.320020499699418148e-03,9.540286658398224873e-01,1.739482178404136992e-01,-3.572962787723349409e-02,1.000000000000000000e+00,1.200000047683715820e+00,5.509653687477111816e-01,6.851950287818908691e-01,6.949739456176757812e-01,5.641415119171142578e-01,7.285406589508056641e-01
3.299999999999747580e+00,1.064689289639865422e+00,-3.782452662518837050e-02,7.207297227466864797e-02,9.502751736505368196e-01,1.743625872960520296e-01,-3.140604645472611783e-02,1.000000000000000000e+00,1.200000047683715820e+00,5.598995685577392578e-01,6.895841956138610840e-01,6.862183809280395508e-01,5.658464431762695312e-01,7.334710359573364258e-01
3.319999999999745377e+00,1.068369745702097084e+00,-3.868082959652519026e-02,1.341762805604113096e-01,9.476193064843442260e-01,1.746343123304046341e-01,-2.636397016468677162e-02,1.000000000000000000e+00,1.200000047683715820e+00,5.701158046722412109e-01,6.943779587745666504e-01,6.761658787727355957e-01,5.683766603469848633e-01,7.382688522338867188e-01
3.339999999999743174e+00,1.071980258603923097e+00,-3.862652854214004838e-02,1.932809616653708984e-01,9.466798508271107027e-01,1.747268590969475732e-01,-2.067368640083942777e-02,1.000000000000000000e+00,1.200000047683715820e+00,5.818336606025695801e-01,6.998320817947387695e-01,6.645796895027160645e-01,5.717298984527587891e-01,7.431374788284301758e-01
3.359999999999740972e+00,1.075500043304869369e+00,-3.765008202075015298e-02,2.480993834688230426e-01,9.478612171935544284e-01,1.746101953090951064e-01,-1.443117813407059948e-02,1.000000000000000000e+00,1.200000047683715820e+00,5.949178338050842285e-01,7.061636447906494141e-01,6.515580415725708008e-01,5.758715271949768066e-01,7.480842471122741699e-01
3.379999999999738769e+00,1.078924957338478041e+00,-3.576988706539591112e-02,2.974028825540978582e-01,9.509742606962239275e-01,1.742883297531400977e-01,-7.752314738046999117e-03,1.000000000000000000e+00,1.200000047683715820e+00,6.089106798171997070e-01,7.134987711906433105e-01,6.375926136970520020e-01,5.807221531867980957e-01,7.528511881828308105e-01
3.399999999999736566e+00,1.082272662139031283e+00,-3.303887750780748478e-02,3.400457844541212582e-01,9.549519973949239793e-01,1.738397010270931187e-01,-8.061100946061571827e-04,1.000000000000000000e+00,1.200000047683715820e+00,6.227831244468688965e-01,7.214895486831665039e-01,6.238191127777099609e-01,5.858504772186279297e-01,7.570142745971679688e-01
3.419999999999734364e+00,1.085578503329715616e+00,-2.954531650948849508e-02,3.749762913193589453e-01,9.588850076313882864e-01,1.733395067343848073e-01,6.204386210260559933e-03,1.000000000000000000e+00,1.200000047683715820e+00,6.348453760147094727e-01,7.291105985641479492e-01,6.118257045745849609e-01,5.902861952781677246e-01,7.603958845138549805e-01
3.439999999999732161e+00,1.088834663163647631e+00,-2.537925767057441773e-02,4.013073132554599853e-01,9.625338911500579409e-01,1.727988372841616771e-01,1.309155690382940440e-02,1.000000000000000000e+00,1.200000047683715820e+00,6.438418030738830566e-01,7.355628013610839844e-01,6.023691892623901367e-01,5.933162569999694824e-01,7.632055282592773438e-01
3.459999999999729958e+00,1.092043342782605730e+00,-2.064895949375078477e-02,4.184097515001282130e-01,9.655511093778468279e-01,1.722579670837330601e-01,1.965467197750863509e-02,1.000000000000000000e+00,1.200000047683715820e+00,6.494626402854919434e-01,7.406930923461914062e-01,5.952308773994445801e-01,5.948849320411682129e-01,7.656440138816833496e-01
3.479999999999727756e+00,1.095224211818725646e+00,-1.548673745361817122e-02,4.258586554020905024e-01,9.678068609442300740e-01,1.717490048389743451e-01,2.570115144632912837e-02,1.000000000000000000e+00,1.200000047683715820e+00,6.518372893333435059e-01,7.445995807647705078e-01,5.899048447608947754e-01,5.952056646347045898e-01,7.677654623985290527e-01
3.499999999999725553e+00,1.098396016686481236e+00,-1.002582678319746678e-02,4.234450647334225826e-01,9.692697790474273933e-01,1.713186650851212800e-01,3.106222087644594163e-02,1.000000000000000000e+00,1.200000047683715820e+00,6.509859561920166016e-01,7.473178505897521973e-01,5.861032605171203613e-01,5.944808721542358398e-01,7.694341540336608887e-01
3.519999999999723350e+00,1.101585124121168935e+00,-4.397053579176579685e-03,4.112051309423699341e-01,9.700534663221095366e-01,1.710161064439335299e-01,3.560364728774056964e-02,1.000000000000000000e+00,1.200000047683715820e+00,6.467618346214294434e-01,7.487417459487915039e-01,5.838138461112976074e-01,5.928786396980285645e-01,7.702938318252563477e-01
3.539999999999721148e+00,1.104822543942221458e+00,1.276047491682086310e-03,3.894382748953674755e-01,9.703544228259085580e-01,1.708725487886156857e-01,3.922806415820580261e-02,1.000000000000000000e+00,1.200000047683715820e+00,6.390974521636962891e-01,7.486865520477294922e-01,5.831729769706726074e-01,5.905552506446838379e-01,7.697896957397460938e-01
3.559999999999718945e+00,1.108130778009034145e+00,6.875119471468182919e-03,3.586865644643322248e-01,9.703386032008952666e-01,1.708806765655260240e-01,4.188168080415977795e-02,1.000000000000000000e+00,1.200000047683715820e+00,6.282293796539306641e-01,7.469944357872009277e-01,5.843463540077209473e-01,5.876982212066650391e-01,7.673115134239196777e-01
3.579999999999716742e+00,1.111520520837598003e+00,1.229391005122171254e-02,3.196930490166634553e-01,9.700635053405004538e-01,1.710116456214263447e-01,4.355719401591374301e-02,1.000000000000000000e+00,1.200000047683715820e+00,6.146957874298095703e-01,7.435468435287475586e-01,5.876061320304870605e-01,5.846023559570312500e-01,7.623654007911682129e-01
3.599999999999714539e+00,1.115004632456697120e+00,1.743482606498858445e-02,2.734007671720165566e-01,9.693201183337059046e-01,1.713013399921964330e-01,4.424863320808043732e-02,1.000000000000000000e+00,1.200000047683715820e+00,5.991219878196716309e-01,7.382260560989379883e-01,5.933653712272644043e-01,5.816354155540466309e-01,7.546610832214355469e-01
3.619999999999712337e+00,1.118600016467774738e+00,2.220533314115352708e-02,2.209279783684416354e-01,9.677826057430114481e-01,1.717552555932789771e-01,4.398015115952502718e-02,1.000000000000000000e+00,1.200000047683715820e+00,5.821700096130371094e-01,7.310503721237182617e-01,6.019256711006164551e-01,5.790916681289672852e-01,7.442865967750549316e-01
3.639999999999710134e+00,1.122307754186342210e+00,2.652259678291257750e-02,1.635766059355399926e-01,9.651907984253058626e-01,1.723290763270507175e-01,4.280823038970497929e-02,1.000000000000000000e+00,1.200000047683715820e+00,5.647642612457275391e-01,7.223655581474304199e-01,6.132673025131225586e-01,5.770839452743530273e-01,7.319772243499755859e-01
3.659999999999707931e+00,1.126081385188859141e+00,3.029361647997153018e-02,1.027158069806533153e-01,9.615975630433062360e-01,1.729468549115573683e-01,4.075817228807823017e-02,1.000000000000000000e+00,1.200000047683715820e+00,5.480541586875915527e-01,7.127849459648132324e-01,6.269713640213012695e-01,5.755043625831604004e-01,7.190334796905517578e-01
3.679999999999705729e+00,1.129871409970388818e+00,3.341179105591196574e-02,3.967385836546395705e-02,9.573770103524561481e-01,1.735394173428864706e-01,3.786032924586273107e-02,1.000000000000000000e+00,1.200000047683715820e+00,5.327162146568298340e-01,7.027254700660705566e-01,6.425163745880126953e-01,5.741314888000488281e-01,7.064900398254394531e-01
3.699999999999703526e+00,1.133644308362144582e+00,3.578521448712668196e-02,-2.420132842074079402e-02,9.531613072291273969e-01,1.740475963323748487e-01,3.415310489891105333e-02,1.000000000000000000e+00,1.200000047683715820e+00,5.188928246498107910e-01,6.923648118972778320e-01,6.593056917190551758e-01,5.727979540824890137e-01,6.948800683021545410e-01
3.719999999999701323e+00,1.137378089995933594e+00,3.733879221254848835e-02,-8.756467737465219170e-02,9.495969006185361883e-01,1.744334948041291744e-01,2.968856383244432295e-02,1.000000000000000000e+00,1.200000047683715820e+00,5.065951943397521973e-01,6.819259524345397949e-01,6.762645840644836426e-01,5.715052485466003418e-01,6.844480633735656738e-01
3.739999999999699121e+00,1.141055250447343017e+00,3.801633512014568339e-02,-1.490715382898478436e-01,9.472907559432975910e-01,1.746668767201176309e-01,2.452379785854401709e-02,1.000000000000000000e+00,1.200000047683715820e+00,5.000000000000000000e-01,6.718620657920837402e-01,6.917100548744201660e-01,5.705751180648803711e-01,6.753299832344055176e-01
3.759999999999696918e+00,1.144651666514837629e+00,3.778317489592342149e-02,-2.073892373888271135e-01,9.468629975081976902e-01,1.747089529059167312e-01,1.873411542171282348e-02,1.000000000000000000e+00,1.200000047683715820e+00,5.000000000000000000e-01,6.625523567199707031e-01,7.044184207916259766e-01,5.703581571578979492e-01,6.675456762313842773e-01
3.779999999999694715e+00,1.148148040474378018e+00,3.663326137519801184e-02,-2.612436236140588397e-01,9.486503688161985748e-01,1.745306716721789497e-01,1.242003093144648622e-02,1.000000000000000000e+00,1.200000047683715820e+00,5.000000000000000000e-01,6.540768146514892578e-01,7.144646644592285156e-01,5.708199739456176758e-01,6.609439253807067871e-01
3.799999999999692513e+00,1.151543901406433257e+00,3.459016776194562270e-02,-3.094194307788863951e-01,9.522673748156952334e-01,1.741476171279529028e-01,5.700722715643987727e-03,1.000000000000000000e+00,1.200000047683715820e+00,5.000000000000000000e-01,6.464496254920959473e-01,7.225298881530761719e-01,5.717605352401733398e-01,6.552719473838806152e-01
3.819999999999690310e+00,1.154861255129891351e+00,3.171375255970199092e-02,-3.507875521997509405e-01,9.565207945008051826e-01,1.736481790008616299e-01,-1.243910419782224370e-03,1.000000000000000000e+00,1.200000047683715820e+00,5.000000000000000000e-01,6.398844122886657715e-01,7.291187047958374023e-01,5.729383826255798340e-01,6.504555344581604004e-01
3.839999999999688107e+00,1.158135415497754117e+00,2.809444772065672336e-02,-3.843127238204763763e-01,9.606099892323364253e-01,1.730954540197188196e-01,-8.216569273209383892e-03,1.000000000000000000e+00,1.200000047683715820e+00,5.000000000000000000e-01,6.347290873527526855e-01,7.344538569450378418e-01,5.740154981613159180e-01,6.466774344444274902e-01
3.859999999999685905e+00,1.161354420643653906e+00,2.382271290948406728e-02,-4.091512092436676018e-01,9.642335390232114056e-01,1.725083373079341065e-01,-1.503054533007237153e-02,1.000000000000000000e+00,1.200000047683715820e+00,5.000000000000000000e-01,6.311730742454528809e-01,7.386743426322937012e-01,5.747061371803283691e-01,6.441424489021301270e-01
3.879999999999683702e+00,1.164528698299673426e+00,1.901093040689333380e-02,-4.247033919891499698e-01,9.670650031875237529e-01,1.719311169298911035e-01,-2.148653330152860627e-02,1.000000000000000000e+00,1.200000047683715820e+00,5.000000000000000000e-01,6.292053461074829102e-01,7.418674230575561523e-01,5.748956799507141113e-01,6.429679989814758301e-01
3.899999999999681499e+00,1.167679166127003842e+00,1.379160894651126901e-02,-4.305702117652968064e-01,9.690246914175749682e-01,1.713999679291395017e-01,-2.739836401469225233e-02,1.000000000000000000e+00,1.200000047683715820e+00,5.000000000000000000e-01,6.287444829940795898e-01,7.440801262855529785e-01,5.745694041252136230e-01,6.432392597198486328e-01
3.919999999999679297e+00,1.170826930405734156e+00,8.296117353746856882e-03,-4.265687628593951009e-01,9.701639573918526827e-01,1.709658787212389452e-01,-3.260432785820525925e-02,1.000000000000000000e+00,1.200000047683715820e+00,5.000000000000000000e-01,6.297438740730285645e-01,7.452926635742187500e-01,5.737587809562683105e-01,6.450936198234558105e-01
3.939999999999677094e+00,1.173999992990375496e+00,2.652726955759687755e-03,-4.127642941916899733e-01,9.706909804169734368e-01,1.706769300257237332e-01,-3.697875401949172330e-02,1.000000000000000000e+00,1.200000047683715820e+00,5.000000000000000000e-01,6.322233676910400391e-01,7.453883290290832520e-01,5.725065469741821289e-01,6.487540006637573242e-01
3.959999999999674891e+00,1.177228925434823825e+00,-3.017488797828038471e-03,-3.894849763252424824e-01,9.708545981892120480e-01,1.705575978193639708e-01,-4.043090012935708633e-02,1.000000000000000000e+00,1.200000047683715820e+00,5.000000000000000000e-01,6.362709403038024902e-01,7.441123723983764648e-01,5.708748102188110352e-01,6.545745730400085449e-01
3.979999999999672688e+00,1.180532217692228603e+00,-8.598641837342879679e-03,-3.572959910418490592e-01,9.708093458518574081e-01,1.705930071045253238e-01,-4.291808973802875571e-02,1.000000000000000000e+00,1.200000047683715820e+00,5.000000000000000000e-01,6.420925259590148926e-01,7.410928010940551758e-01,5.689395666122436523e-01,6.631985306739807129e-01
3.999999999999670486e+00,1.183919067922113211e+00,-1.398720171763456754e-02,-3.169660935609732721e-01,9.705651005560114175e-01,1.707560363550722493e-01,-4.443498014486734621e-02,1.000000000000000000e+00,1.200000047683715820e+00,5.000000000000000000e-01,6.498473286628723145e-01,7.360970377922058105e-01,5.668259859085083008e-01,6.752828359603881836e-01
4.019999999999677165e+00,1.187401816626653783e+00,-1.908656333719549458e-02,-2.694677493240500987e-01,9.698979206883531212e-01,1.710828827167046040e-01,-4.497760040646776175e-02,1.000000000000000000e+00,1.200000047683715820e+00,5.022321939468383789e-01,6.587089896202087402e-01,7.295843958854675293e-01,5.648025274276733398e-01,6.896184086799621582e-01
4.039999999999683844e+00,1.190996268846934214e+00,-2.380501177401328494e-02,-2.159508171220157757e-01,9.684713685086723256e-01,1.715681597153549676e-01,-4.457619958605810173e-02,1.000000000000000000e+00,1.200000047683715820e+00,5.157767534255981445e-01,6.667940020561218262e-01,7.225650548934936523e-01,5.631685256958007812e-01,7.026614546775817871e-01
4.059999999999690523e+00,1.194695184792152531e+00,-2.806075924661038945e-02,-1.577564844853185655e-01,9.660439975438730453e-01,1.721569437761550359e-01,-4.328241455394408327e-02,1.000000000000000000e+00,1.200000047683715820e+00,5.263557434082031250e-01,6.731500029563903809e-01,7.156129479408264160e-01,5.621246099472045898e-01,7.124356627464294434e-01
4.079999999999697202e+00,1.198448491352801959e+00,-3.175467009753385472e-02,-9.625860323791166073e-02,9.626909863841206505e-01,1.727732435444503944e-01,-4.111666828788949901e-02,1.000000000000000000e+00,1.200000047683715820e+00,5.347412824630737305e-01,6.781260967254638672e-01,7.087469100952148438e-01,5.617808103561401367e-01,7.195777297019958496e-01
4.099999999999703881e+00,1.202211035590783572e+00,-3.478047372806919446e-02,-3.280847447267115635e-02,9.587977120134277831e-01,1.733513958890077200e-01,-3.810792526543504283e-02,1.000000000000000000e+00,1.200000047683715820e+00,5.423803925514221191e-01,6.824026107788085938e-01,7.016755938529968262e-01,5.621491670608520508e-01,7.252799272537231445e-01
4.119999999999710560e+00,1.205953935302210400e+00,-3.704772756929597399e-02,3.122493237302934391e-02,9.549703912870093347e-01,1.738375091155286989e-01,-3.429399627303111181e-02,1.000000000000000000e+00,1.200000047683715820e+00,5.502594113349914551e-01,6.865059137344360352e-01,6.940222382545471191e-01,5.632330179214477539e-01,7.302815914154052734e-01
4.139999999999717240e+00,1.209659146925815776e+00,-3.848338678319357387e-02,9.448118377737149687e-02,9.517774378676087110e-01,1.742014631587397444e-01,-2.972637267558030094e-02,1.000000000000000000e+00,1.200000047683715820e+00,5.590441823005676270e-01,6.908165216445922852e-01,6.853725910186767578e-01,5.650724768638610840e-01,7.349989414215087891e-01
4.159999999999723919e+00,1.213310635350810962e+00,-3.903381947346068470e-02,1.556026680810844998e-01,9.497854696202082669e-01,1.744138909740053089e-01,-2.446275301556061557e-02,1.000000000000000000e+00,1.200000047683715820e+00,5.691829323768615723e-01,6.956245303153991699e-01,6.753423810005187988e-01,5.677096843719482422e-01,7.397122979164123535e-01
4.179999999999730598e+00,1.216885071707909383e+00,-3.866827764714103610e-02,2.132604835561230927e-01,9.495451710356203057e-01,1.744388581905351732e-01,-1.858229567054189846e-02,1.000000000000000000e+00,1.200000047683715820e+00,5.808281898498535156e-01,7.011668682098388672e-01,6.637446284294128418e-01,5.711422562599182129e-01,7.445817589759826660e-01
4.199999999999737277e+00,1.220366350023493363e+00,-3.738546532557485147e-02,2.661895196590296497e-01,9.513105634767310415e-01,1.742521646753493469e-01,-1.218947185985827346e-02,1.000000000000000000e+00,1.200000047683715820e+00,5.938073992729187012e-01,7.076516747474670410e-01,6.507267355918884277e-01,5.753391385078430176e-01,7.495588064193725586e-01
4.219999999999743956e+00,1.223757761817176437e+00,-3.521397602116294046e-02,3.131904479000277575e-01,9.545847956513892063e-01,1.738832082885864716e-01,-5.408923030124028648e-03,1.000000000000000000e+00,1.200000047683715820e+00,6.075705885887145996e-01,7.151268124580383301e-01,6.368988156318664551e-01,5.801721811294555664e-01,7.543131709098815918e-01
4.239999999999750635e+00,1.227084478152955738e+00,-3.222071847130120181e-02,3.531545744195082048e-01,9.582511252223925302e-01,1.734249230731971514e-01,1.566955296367600900e-03,1.000000000000000000e+00,1.200000047683715820e+00,6.208593249320983887e-01,7.230339050292968750e-01,6.236084699630737305e-01,5.850597620010375977e-01,7.583970427513122559e-01
4.259999999999757314e+00,1.230374365074813792e+00,-2.849680714050656372e-02,3.850684488591087917e-01,9.617892229521253222e-01,1.729171569002267705e-01,8.544655929053322080e-03,1.000000000000000000e+00,1.200000047683715820e+00,6.319432258605957031e-01,7.302901744842529297e-01,6.123701333999633789e-01,5.890220999717712402e-01,7.617066502571105957e-01
4.279999999999763993e+00,1.233610837710856334e+00,-2.413426719090694395e-02,4.081462821172047173e-01,9.649128251914281806e-01,1.723825029051698765e-01,1.533327410891163409e-02,1.000000000000000000e+00,1.200000047683715820e+00,6.398165822029113770e-01,7.362895607948303223e-01,6.036481857299804688e-01,5.915399789810180664e-01,7.644741535186767578e-01
4.299999999999770672e+00,1.236807779414534014e+00,-1.925128222289629321e-02,4.218322738356506396e-01,9.673691028551408833e-01,1.718586092766409557e-01,2.173114425254025345e-02,1.000000000000000000e+00,1.200000047683715820e+00,6.443406343460083008e-01,7.409809827804565430e-01,5.971056222915649414e-01,5.926762819290161133e-01,7.668561935424804688e-01
4.319999999999777351e+00,1.239982962112494702e+00,-1.398185818901204192e-02,4.257769238453856797e-01,9.690882368457057749e-01,1.713793463898622416e-01,2.755452352510682351e-02,1.000000000000000000e+00,1.200000047683715820e+00,6.456584930419921875e-01,7.444686889648437500e-01,5.922736525535583496e-01,5.926573872566223145e-01,7.688573002815246582e-01
4.339999999999784031e+00,1.243157251615062187e+00,-8.458283855425463571e-03,4.198549961195168212e-01,9.701016111852679424e-01,1.709945316672833449e-01,3.264511154784589114e-02,1.000000000000000000e+00,1.200000047683715820e+00,6.437577009201049805e-01,7.467558979988098145e-01,5.889362692832946777e-01,5.916759371757507324e-01,7.702787518501281738e-01
4.359999999999790710e+00,1.246358750951987560e+00,-2.809044839906904567e-03,4.041959006852373637e-01,9.705770353696409058e-01,1.707488944372238526e-01,3.688215718376094965e-02,1.000000000000000000e+00,1.200000047683715820e+00,6.385347247123718262e-01,7.477146387100219727e-01,5.871188044548034668e-01,5.898935794830322266e-01,7.706978917121887207e-01
4.379999999999797389e+00,1.249617296892992613e+00,2.844428062518444822e-03,3.791887798416095912e-01,9.707147777738178718e-01,1.706609129943666148e-01,4.017926727061552072e-02,1.000000000000000000e+00,1.200000047683715820e+00,6.300375461578369141e-01,7.471679449081420898e-01,5.869691371917724609e-01,5.874633789062500000e-01,7.695389389991760254e-01
4.399999999999804068e+00,1.252949495249511713e+00,8.386966439012988328e-03,3.454483453330688403e-01,9.706362391265782597e-01,1.707124098972507276e-01,4.250298714186804411e-02,1.000000000000000000e+00,1.200000047683715820e+00,6.186097264289855957e-01,7.449701428413391113e-01,5.886994600296020508e-01,5.845959186553955078e-01,7.662456035614013672e-01
4.419999999999810747e+00,1.256365702014742958e+00,1.371607233268812287e-02,3.037869021381756629e-01,9.703207150750564614e-01,1.708897778095783693e-01,4.384747545020305226e-02,1.000000000000000000e+00,1.200000047683715820e+00,6.047877669334411621e-01,7.409911155700683594e-01,5.926501154899597168e-01,5.816098451614379883e-01,7.604025602340698242e-01
4.439999999999817426e+00,1.259880122185718321e+00,1.873574722729132169e-02,2.552105643887874198e-01,9.695189232153299530e-01,1.712305455058018566e-01,4.421258912187233520e-02,1.000000000000000000e+00,1.200000047683715820e+00,5.891425609588623047e-01,7.351377606391906738e-01,5.991872549057006836e-01,5.788496136665344238e-01,7.518235445022583008e-01
4.459999999999824105e+00,1.263509053783110847e+00,2.335566938973748785e-02,2.008952355006686230e-01,9.679000290829297137e-01,1.717247855074052476e-01,4.363730657643842548e-02,1.000000000000000000e+00,1.200000047683715820e+00,5.723764300346374512e-01,7.275381088256835938e-01,6.084668040275573730e-01,5.765479207038879395e-01,7.407968044281005859e-01
4.479999999999830784e+00,1.267237389062480624e+00,2.749475595859501853e-02,1.421961568161524969e-01,9.652750625224923997e-01,1.723126399643006845e-01,4.216966905096713319e-02,1.000000000000000000e+00,1.200000047683715820e+00,5.555171966552734375e-01,7.186665534973144531e-01,6.203104853630065918e-01,5.747386813163757324e-01,7.282942533493041992e-01
4.499999999999837463e+00,1.271012372697648551e+00,3.105120489900747849e-02,8.046006652045833984e-02,9.617744008025423952e-01,1.729194641884620187e-01,3.983327139738069428e-02,1.000000000000000000e+00,1.200000047683715820e+00,5.396152734756469727e-01,7.091307640075683594e-01,6.342369914054870605e-01,5.732477903366088867e-01,7.156251072883605957e-01
4.519999999999844142e+00,1.274790436634815283e+00,3.392276319429826659e-02,1.702326287131900734e-02,9.578299464482710190e-01,1.734805479045729848e-01,3.666155078405174822e-02,1.000000000000000000e+00,1.200000047683715820e+00,5.251358747482299805e-01,6.992488503456115723e-01,6.497523784637451172e-01,5.718528628349304199e-01,7.036460041999816895e-01
4.539999999999850822e+00,1.278542953740451349e+00,3.602334904602449983e-02,-4.676491368406992394e-02,9.540758013956136541e-01,1.739427480240237633e-01,3.269732306498409485e-02,1.000000000000000000e+00,1.200000047683715820e+00,5.121333003044128418e-01,6.891576051712036133e-01,6.661950349807739258e-01,5.704552531242370605e-01,6.927216053009033203e-01
4.559999999999857501e+00,1.282251064065165203e+00,3.728435302530802575e-02,-1.095621844890543456e-01,9.510881934029407070e-01,1.742761106126238524e-01,2.799512005384782731e-02,1.000000000000000000e+00,1.200000047683715820e+00,5.007262229919433594e-01,6.791255474090576172e-01,6.822926998138427734e-01,5.692163705825805664e-01,6.829738616943359375e-01
4.579999999999864180e+00,1.285896028685769465e+00,3.765645081903407076e-02,-1.700229161463759353e-01,9.494700842474759206e-01,1.744466322738839614e-01,2.261657304731072918e-02,1.000000000000000000e+00,1.200000047683715820e+00,5.000000000000000000e-01,6.695966720581054688e-01,6.964104771614074707e-01,5.685380101203918457e-01,6.744788289070129395e-01
4.599999999999870859e+00,1.289453461121875977e+00,3.711416471068812450e-02,-2.268352430068300007e-01,9.497504577961249916e-01,1.744175371305909383e-01,1.664575026995819898e-02,1.000000000000000000e+00,1.200000047683715820e+00,5.000000000000000000e-01,6.608402132987976074e-01,7.077921032905578613e-01,5.686002969741821289e-01,6.672433018684387207e-01
4.619999999999877538e+00,1.292909648872811790e+00,3.566150197130713018e-02,-2.787457196998696096e-01,9.520846021591853336e-01,1.741677827775910958e-01,1.019073322697717707e-02,1.000000000000000000e+00,1.200000047683715820e+00,5.000000000000000000e-01,6.528820991516113281e-01,7.168230414390563965e-01,5.692552924156188965e-01,6.610803008079528809e-01
4.639999999999884217e+00,1.296271864387196437e+00,3.333262130157726988e-02,-3.245697622035642049e-01,9.557737831792135763e-01,1.737405607866301382e-01,3.383127450856423472e-03,1.000000000000000000e+00,1.200000047683715820e+00,5.000000000000000000e-01,6.457872390747070312e-01,7.241519689559936523e-01,5.703042745590209961e-01,6.557697653770446777e-01
4.659999999999890896e+00,1.299569953403508560e+00,3.020094510222737227e-02,-3.632155561527281584e-01,9.596533256310256776e-01,1.732330278949399116e-01,-3.579208796511847319e-03,1.000000000000000000e+00,1.200000047683715820e+00,5.000000000000000000e-01,6.398344039916992188e-01,7.301621437072753906e-01,5.714808702468872070e-01,6.513339281082153320e-01
4.679999999999897575e+00,1.302825995598557940e+00,2.635749198317588471e-02,-3.936935024964861585e-01,9.632867617488696244e-01,1.726739937683660076e-01,-1.050836539825266563e-02,1.000000000000000000e+00,1.200000047683715820e+00,5.000000000000000000e-01,6.353356838226318359e-01,7.350205183029174805e-01,5.724487900733947754e-01,6.479896306991577148e-01
4.699999999999904254e+00,1.306026667816462705e+00,2.189681025022371941e-02,-4.152608602178001207e-01,9.663275856824048438e-01,1.720966380003880747e-01,-1.721318376865478561e-02,1.000000000000000000e+00,1.200000047683715820e+00,5.000000000000000000e-01,6.324010491371154785e-01,7.388419508934020996e-01,5.729873180389404297e-01,6.459169983863830566e-01
4.719999999999910933e+00,1.309191126377347469e+00,1.694055970654800847e-02,-4.273891201393105743e-01,9.685665263529735780e-01,1.715405364665620880e-01,-2.349533217943100549e-02,1.000000000000000000e+00,1.200000047683715820e+00,5.000000000000000000e-01,6.309862136840820312e-01,7.416912913322448730e-01,5.730228424072265625e-01,6.452206969261169434e-01
4.739999999999917613e+00,1.312338407503125914e+00,1.162149228500752862e-02,-4.297542075540008444e-01,9.699868612687908564e-01,1.710452213457935577e-01,-2.917727928295599585e-02,1.000000000000000000e+00,1.200000047683715820e+00,5.000000000000000000e-01,6.310179829597473145e-01,7.435880303382873535e-01,5.725633502006530762e-01,6.459993720054626465e-01
4.759999999999924292e+00,1.315491758270224132e+00,6.070121840894338039e-03,-4.222580495581063076e-01,9.707121916011725027e-01,1.706626723733837003e-01,-3.410861046282911285e-02,1.000000000000000000e+00,1.200000047683715820e+00,5.000000000000000000e-01,6.324687600135803223e-01,7.444794774055480957e-01,5.716471672058105469e-01,6.484119892120361328e-01
4.779999999999930971e+00,1.318680461344939214e+00,4.121095242260452984e-04,-4.050594550582331532e-01,9.709895985122736217e-01,1.704351795752354903e-01,-3.817667261459657679e-02,1.000000000000000000e+00,1.200000047683715820e+00,5.000000000000000000e-01,6.353709697723388672e-01,7.442003488540649414e-01,5.703282952308654785e-01,6.527028679847717285e-01
4.799999999999937650e+00,1.321932510463072363e+00,-5.233044456014190882e-03,-3.785751122059765050e-01,9.710456158455379461e-01,1.703727686489366344e-01,-4.130264132545714145e-02,1.000000000000000000e+00,1.200000047683715820e+00,5.000000000000000000e-01,6.398474574089050293e-01,7.424392104148864746e-01,5.686718225479125977e-01,6.593037843704223633e-01
4.819999999999944329e+00,1.325260926785477356e+00,-1.075325454408093684e-02,-3.434416859627638097e-01,9.709751123763327163e-01,1.704499129062525542e-01,-4.346265851616598619e-02,1.000000000000000000e+00,1.200000047683715820e+00,5.000000000000000000e-01,6.461417675018310547e-01,7.388316988945007324e-01,5.667458772659301758e-01,6.689432859420776367e-01
4.839999999999951008e+00,1.328675310748507643e+00,-1.604793203589643946e-02,-3.004995639788184958e-01,9.707121023414044814e-01,1.706627330136996079e-01,-4.465045088509235482e-02,1.000000000000000000e+00,1.200000047683715820e+00,5.000000000000000000e-01,6.541781425476074219e-01,7.333790063858032227e-01,5.647119283676147461e-01,6.818361282348632812e-01
4.859999999999957687e+00,1.332189419833880173e+00,-2.102183481266012288e-02,-2.507839266159374025e-01,9.699988778847773441e-01,1.710400286709873874e-01,-4.487010340091218685e-02,1.000000000000000000e+00,1.200000047683715820e+00,5.057661533355712891e-01,6.626340746879577637e-01,7.268947362899780273e-01,5.628952980041503906e-01,6.957360506057739258e-01
4.879999999999964366e+00,1.335816844314765106e+00,-2.558616417741538251e-02,-1.955067798445431493e-01,9.684954310747417860e-01,1.715612205454729033e-01,-4.416636814879237177e-02,1.000000000000000000e+00,1.200000047683715820e+00,5.179632902145385742e-01,6.698129177093505859e-01,7.202838659286499023e-01,5.615524649620056152e-01,7.073014974594116211e-01
4.899999999999971045e+00,1.339533260878202681e+00,-2.965805178970765121e-02,-1.360506218778389231e-01,9.660343009948235693e-01,1.721589762896979237e-01,-4.257781231909128772e-02,1.000000000000000000e+00,1.200000047683715820e+00,5.272572040557861328e-01,6.753428578376770020e-01,7.138112783432006836e-01,5.608121752738952637e-01,7.156834006309509277e-01
4.919999999999977724e+00,1.343286206054598919e+00,-3.313124292562052986e-02,-7.376921510911779722e-02,9.627687937084846714e-01,1.727604809300411770e-01,-4.012648888423672039e-02,1.000000000000000000e+00,1.200000047683715820e+00,5.348722934722900391e-01,6.797824501991271973e-01,7.073339819908142090e-01,5.607243776321411133e-01,7.219380140304565430e-01
4.939999999999984404e+00,1.347036773838866441e+00,-3.590480230435538767e-02,-1.002252801166678489e-02,9.591392112597224573e-01,1.733046481163620922e-01,-3.684422510983659249e-02,1.000000000000000000e+00,1.200000047683715820e+00,5.420987010002136230e-01,6.837570071220397949e-01,7.005287408828735352e-01,5.612881183624267578e-01,7.271214127540588379e-01
4.959999999999991083e+00,1.350760644673944855e+00,-3.789425081010117102e-02,5.382225640222072782e-02,9.557367621025689708e-01,1.737450816603144099e-01,-3.277419426053269913e-02,1.000000000000000000e+00,1.200000047683715820e+00,5.497690439224243164e-01,6.877187490463256836e-01,6.930238604545593262e-01,5.625253319740295410e-01,7.318252921104431152e-01
4.979999999999997762e+00,1.354442264508465943e+00,-3.903328877786976792e-02,1.164090584496588199e-01,9.530768925199273323e-01,1.740571428699459189e-01,-2.796973024762470714e-02,1.000000000000000000e+00,1.200000047683715820e+00,5.584633350372314453e-01,6.919978857040405273e-01,6.844206452369689941e-01,5.644927024841308594e-01,7.363939881324768066e-01
5.000000000000004441e+00,1.358063378000882171e+00,-3.927541705203080324e-02,1.763838250984401113e-01,9.517223257109063139e-01,1.742074787576476658e-01,-2.249463737731443105e-02,1.000000000000000000e+00,1.200000047683715820e+00,5.685575008392333984e-01,6.968538761138916016e-01,6.743708252906799316e-01,5.672327280044555664e-01,7.410668730735778809e-01
5.020000000000011120e+00,1.361601232007619178e+00,-3.859957943102471090e-02,2.324429655821036167e-01,9.521301695037478474e-01,1.741627640373701880e-01,-1.643714195209629303e-02,1.000000000000000000e+00,1.200000047683715820e+00,5.801427960395812988e-01,7.025112509727478027e-01,6.627404689788818359e-01,5.707397460937500000e-01,7.459597587585449219e-01
5.040000000000017799e+00,1.365045608114865194e+00,-3.701451436236635750e-02,2.833440141182417271e-01,9.543630383456654931e-01,1.739092560918483465e-01,-9.907996147232717848e-03,1.000000000000000000e+00,1.200000047683715820e+00,5.930008292198181152e-01,7.091602683067321777e-01,6.497374176979064941e-01,5.749758481979370117e-01,7.509632706642150879e-01
5.060000000000024478e+00,1.368407299692163903e+00,-3.456016253646404524e-02,3.279201548186847504e-01,9.576581565516550931e-01,1.735029892143498398e-01,-3.049982425197335801e-03,1.000000000000000000e+00,1.200000047683715820e+00,6.064469218254089355e-01,7.167300581932067871e-01,6.361314058303833008e-01,5.797362327575683594e-01,7.556732296943664551e-01
5.080000000000031157e+00,1.371718528989851471e+00,-3.131584928674985280e-02,3.650982058386662565e-01,9.610138355467200411e-01,1.730355491421845804e-01,3.934059198047810089e-03,1.000000000000000000e+00,1.200000047683715820e+00,6.190063357353210449e-01,7.244561910629272461e-01,6.234381198883056641e-01,5.843005776405334473e-01,7.596491575241088867e-01
5.100000000000037836e+00,1.374988892374068072e+00,-2.737154895565768742e-02,3.939250683253546215e-01,9.641608633519143101e-01,1.725214332084245017e-01,1.085753246357226177e-02,1.000000000000000000e+00,1.200000047683715820e+00,6.290333867073059082e-01,7.312988638877868652e-01,6.129762530326843262e-01,5.877602100372314453e-01,7.628768086433410645e-01
5.120000000000044516e+00,1.378208174680292331e+00,-2.282589948975638494e-02,4.137087130850949923e-01,9.667861811102516079e-01,1.719953019049623444e-01,1.752474378532637919e-02,1.000000000000000000e+00,1.200000047683715820e+00,6.357694268226623535e-01,7.368308305740356445e-01,6.049688458442687988e-01,5.897890329360961914e-01,7.655749320983886719e-01
5.140000000000051195e+00,1.381395161106026448e+00,-1.780535861443721668e-02,4.239657264088668720e-01,9.687374183090252666e-01,1.714896499418279152e-01,2.373786020416173564e-02,1.000000000000000000e+00,1.200000047683715820e+00,6.392233371734619141e-01,7.410849332809448242e-01,5.989887118339538574e-01,5.905339121818542480e-01,7.678650021553039551e-01
5.160000000000057874e+00,1.384566789145026622e+00,-1.244319189434439643e-02,4.244231218645500570e-01,9.699900371191231274e-01,1.710438514881290339e-01,2.932134096856786956e-02,1.000000000000000000e+00,1.200000047683715820e+00,6.395186185836791992e-01,7.441499233245849609e-01,5.946345925331115723e-01,5.902178883552551270e-01,7.696923017501831055e-01
5.180000000000064553e+00,1.387746375582487701e+00,-6.870873792512888212e-03,4.150425524170965330e-01,9.706437089711094091e-01,1.707076731127695202e-01,3.412911911942428239e-02,1.000000000000000000e+00,1.200000047683715820e+00,6.366285681724548340e-01,7.459968924522399902e-01,5.917548537254333496e-01,5.890212059020996094e-01,7.707904577255249023e-01
5.200000000000071232e+00,1.390963317697046842e+00,-1.214052096379980572e-03,3.960458912873044413e-01,9.709001065910125572e-01,1.705195618802485547e-01,3.805309037007587741e-02,1.000000000000000000e+00,1.200000047683715820e+00,6.305108070373535156e-01,7.464852929115295410e-01,5.904077887535095215e-01,5.870950222015380859e-01,7.706838846206665039e-01
5.220000000000077911e+00,1.394244057197157050e+00,4.407317535078281168e-03,3.679066443691195731e-01,9.709401482074017098e-01,1.704836289940984129e-01,4.102096130457075912e-02,1.000000000000000000e+00,1.200000047683715820e+00,6.213139295578002930e-01,7.454475164413452148e-01,5.907690525054931641e-01,5.845951437950134277e-01,7.688095569610595703e-01
5.240000000000084590e+00,1.397600706615076405e+00,9.882493984560924982e-03,3.313071246079083987e-01,9.708367350433044773e-01,1.705718372653595438e-01,4.301573236432311431e-02,1.000000000000000000e+00,1.200000047683715820e+00,6.094389557838439941e-01,7.427380681037902832e-01,5.931100845336914062e-01,5.817600488662719727e-01,7.646791934967041016e-01
5.260000000000091269e+00,1.401044471745229503e+00,1.511160758849994235e-02,2.871282382368298136e-01,9.704884922164372929e-01,1.708003654932714610e-01,4.402920606445814150e-02,1.000000000000000000e+00,1.200000047683715820e+00,5.953868627548217773e-01,7.382215261459350586e-01,5.977914333343505859e-01,5.789166688919067383e-01,7.579499483108520508e-01
5.280000000000097948e+00,1.404590958007850388e+00,2.000011235497262119e-02,2.364344788759139837e-01,9.696245710110470428e-01,1.711912196077648440e-01,4.407198483788615784e-02,1.000000000000000000e+00,1.200000047683715820e+00,5.797158479690551758e-01,7.318648695945739746e-01,6.050803661346435547e-01,5.763723254203796387e-01,7.485688924789428711e-01
5.300000000000104627e+00,1.408251789408739185e+00,2.446133189653371121e-02,1.804648813801327245e-01,9.679221483248038327e-01,1.717189857589342949e-01,4.319584737402381441e-02,1.000000000000000000e+00,1.200000047683715820e+00,5.632160902023315430e-01,7.239207625389099121e-01,6.149909496307373047e-01,5.742949247360229492e-01,7.370471954345703125e-01
5.320000000000111307e+00,1.411994485105786179e+00,2.841060708224979470e-02,1.205976668884926467e-01,9.652705997726405140e-01,1.723135133515105444e-01,4.143493830978654813e-02,1.000000000000000000e+00,1.200000047683715820e+00,5.469846725463867188e-01,7.149649262428283691e-01,6.272176504135131836e-01,5.726398825645446777e-01,7.245503664016723633e-01
5.340000000000117986e+00,1.415766594348245810e+00,3.174158457616671480e-02,5.816419175022118776e-02,9.618750971539713479e-01,1.729037539052200589e-01,3.881615708099059314e-02,1.000000000000000000e+00,1.200000047683715820e+00,5.318891406059265137e-01,7.055346965789794922e-01,6.412779092788696289e-01,5.711890459060668945e-01,7.122834920883178711e-01
5.360000000000124665e+00,1.419530505232811990e+00,3.435766899006592601e-02,-5.490964960050153179e-03,9.582207451251052444e-01,1.734289647512234356e-01,3.537543981726370274e-02,1.000000000000000000e+00,1.200000047683715820e+00,5.182270407676696777e-01,6.958611607551574707e-01,6.566821336746215820e-01,5.697488188743591309e-01,7.009215950965881348e-01
5.380000000000131344e+00,1.423261789093780205e+00,3.617865034194855944e-02,-6.902006773729230105e-02,9.549129833372042020e-01,1.738443461434162063e-01,3.116096080529490511e-02,1.000000000000000000e+00,1.200000047683715820e+00,5.060395598411560059e-01,6.860698461532592773e-01,6.726442575454711914e-01,5.683305859565734863e-01,6.906634569168090820e-01
5.400000000000138023e+00,1.426943604297428614e+00,3.714257981686869270e-02,-1.310821307449323292e-01,9.524886639926848364e-01,1.741230749544516176e-01,2.622854879800541258e-02,1.000000000000000000e+00,1.200000047683715820e+00,5.000000000000000000e-01,6.764757633209228516e-01,6.877279877662658691e-01,5.672444701194763184e-01,6.815442442893981934e-01
5.420000000000144702e+00,1.430554878537541708e+00,3.720741607214456126e-02,-1.903359656664656008e-01,9.515320784146110711e-01,1.742281814379087468e-01,2.064657697170956333e-02,1.000000000000000000e+00,1.200000047683715820e+00,5.000000000000000000e-01,6.674747467041015625e-01,7.005208730697631836e-01,5.668501257896423340e-01,6.736332178115844727e-01
5.440000000000151381e+00,1.434073182950922565e+00,3.635750871768178571e-02,-2.454934372301640910e-01,9.524581239835474555e-01,1.741264703598597030e-01,1.450790590241801507e-02,1.000000000000000000e+00,1.200000047683715820e+00,5.000000000000000000e-01,6.592372059822082520e-01,7.107247114181518555e-01,5.671501159667968750e-01,6.669082641601562500e-01
5.460000000000158060e+00,1.437491369048897738e+00,3.460670903076529248e-02,-2.953240761269054770e-01,9.551886370835950268e-01,1.738114087563850663e-01,7.925491611039097578e-03,1.000000000000000000e+00,1.200000047683715820e+00,5.000000000000000000e-01,6.517751812934875488e-01,7.188874483108520508e-01,5.679557323455810547e-01,6.611509919166564941e-01
5.480000000000164739e+00,1.440824243349939859e+00,3.200129646069926892e-02,-3.386768463185039768e-01,9.587981743115716604e-01,1.733513330350213988e-01,1.053481716537943988e-03,1.000000000000000000e+00,1.200000047683715820e+00,5.000000000000000000e-01,6.452232599258422852e-01,7.255693674087524414e-01,5.690678358078002930e-01,6.562051773071289062e-01
5.500000000000171418e+00,1.444107433004409025e+00,2.862528597638097638e-02,-3.744950093460513441e-01,9.623193946641521723e-01,1.728334158961946088e-01,-5.906710798264805731e-03,1.000000000000000000e+00,1.200000047683715820e+00,5.000000000000000000e-01,6.398947834968566895e-01,7.310526967048645020e-01,5.701922774314880371e-01,6.521782279014587402e-01
5.520000000000178098e+00,1.447342920721144788e+00,2.456811406471970383e-02,-4.018619089019288548e-01,9.654850322071144575e-01,1.722711725247173253e-01,-1.277116256294960096e-02,1.000000000000000000e+00,1.200000047683715820e+00,5.000000000000000000e-01,6.360351443290710449e-01,7.354747653007507324e-01,5.710213184356689453e-01,6.492890715599060059e-01
5.540000000000184777e+00,1.450528331352552769e+00,1.993237978789891285e-02,-4.201204966396396845e-01,9.679701136521239313e-01,1.717063417947969073e-01,-1.934430385364385024e-02,1.000000000000000000e+00,1.200000047683715820e+00,5.000000000000000000e-01,6.336885690689086914e-01,7.389248013496398926e-01,5.713983178138732910e-01,6.476925611495971680e-01
5.560000000000191456e+00,1.453684873347065754e+00,1.484651204490616827e-02,-4.288145799088556309e-01,9.696705452121849866e-01,1.711736963142004297e-01,-2.543379424515117976e-02,1.000000000000000000e+00,1.200000047683715820e+00,5.000000000000000000e-01,6.327931880950927734e-01,7.414481639862060547e-01,5.712831020355224609e-01,6.474872231483459473e-01
5.580000000000198135e+00,1.456831401735767084e+00,9.442037789410717696e-03,-4.276969335176469822e-01,9.706269979905994827e-01,1.707182267149106314e-01,-3.087015968042914824e-02,1.000000000000000000e+00,1.200000047683715820e+00,5.000000000000000000e-01,6.332889795303344727e-01,7.430357933044433594e-01,5.706999897956848145e-01,6.487883925437927246e-01
5.600000000000204814e+00,1.459993266061489159e+00,3.848407828795974428e-03,-4.167576418322315179e-01,9.710310068370929804e-01,1.703900085889751559e-01,-3.551560892930808594e-02,1.000000000000000000e+00,1.200000047683715820e+00,5.000000000000000000e-01,6.351641416549682617e-01,7.435954809188842773e-01,5.696958899497985840e-01,6.517732739448547363e-01
5.620000000000211493e+00,1.463200438362346034e+00,-1.811460919049823204e-03,-3.962478095233291087e-01,9.711446652104621657e-01,1.702231651597076734e-01,-3.926909425907355866e-02,1.000000000000000000e+00,1.200000047683715820e+00,5.000000000000000000e-01,6.384714841842651367e-01,7.429059743881225586e-01,5.683330297470092773e-01,6.567252874374389648e-01
5.640000000000218172e+00,1.466476152362311547e+00,-7.419459537843675623e-03,-3.666664670998406872e-01,9.711493356166531754e-01,1.702135394580563676e-01,-4.206826076445715351e-02,1.000000000000000000e+00,1.200000047683715820e+00,5.000000000000000000e-01,6.433883309364318848e-01,7.406090497970581055e-01,5.666659474372863770e-01,6.641842126846313477e-01
5.660000000000224851e+00,1.469830103204652794e+00,-1.286800738870547134e-02,-3.287191390442260053e-01,9.710799537227704503e-01,1.703287067614523698e-01,-4.390176876645550397e-02,1.000000000000000000e+00,1.200000047683715820e+00,5.000000000000000000e-01,6.501337289810180664e-01,7.364208102226257324e-01,5.647616982460021973e-01,6.748411655426025391e-01
5.680000000000231530e+00,1.473273025230839695e+00,-1.805852162779064685e-02,-2.833159240883788010e-01,9.708082014909775737e-01,1.705938752006110337e-01,-4.476129709710078425e-02,1.000000000000000000e+00,1.200000047683715820e+00,5.000000000000000000e-01,6.582385301589965820e-01,7.306804656982421875e-01,5.628491640090942383e-01,6.881514787673950195e-01
5.700000000000238209e+00,1.476820061533029804e+00,-2.289710764434116363e-02,-2.315505706026056154e-01,9.700460059576468952e-01,1.710194088314128669e-01,-4.466299618246320074e-02,1.000000000000000000e+00,1.200000047683715820e+00,5.089852809906005859e-01,6.660645604133605957e-01,7.244080901145935059e-01,5.612764954566955566e-01,7.011294364929199219e-01
5.720000000000244889e+00,1.480477404504746186e+00,-2.729909632958521515e-02,-1.747022639891908924e-01,9.684695620759075085e-01,1.715686794230004975e-01,-4.366058376211130743e-02,1.000000000000000000e+00,1.200000047683715820e+00,5.197827816009521484e-01,6.723591685295104980e-01,7.182311415672302246e-01,5.602226853370666504e-01,7.111851572990417480e-01
5.740000000000251568e+00,1.484205237610636718e+00,-3.117502688910872566e-02,-1.141609070508108198e-01,9.659909549733548539e-01,1.721680390819300688e-01,-4.177990001256891989e-02,1.000000000000000000e+00,1.200000047683715820e+00,5.280008316040039062e-01,6.772024035453796387e-01,7.121765017509460449e-01,5.597536563873291016e-01,7.183918356895446777e-01
5.760000000000258247e+00,1.487954014614436549e+00,-3.441694490665708761e-02,-5.127266923716796571e-02,9.628369921788832997e-01,1.727492465466603511e-01,-3.904694823322458347e-02,1.000000000000000000e+00,1.200000047683715820e+00,5.350223183631896973e-01,6.812288165092468262e-01,7.060077786445617676e-01,5.598840117454528809e-01,7.239468097686767578e-01
5.780000000000264926e+00,1.491690689098636557e+00,-3.692976796225794223e-02,1.259655936681923147e-02,9.594933191297123631e-01,1.732554829482305381e-01,-3.549634971387043147e-02,1.000000000000000000e+00,1.200000047683715820e+00,5.419443845748901367e-01,6.849859356880187988e-01,6.993956565856933594e-01,5.606175065040588379e-01,7.287283539772033691e-01
5.800000000000271605e+00,1.495394823970510600e+00,-3.863511782542783379e-02,7.608387714840655902e-02,9.565080889180993529e-01,1.736497692364558088e-01,-3.117675497842956403e-02,1.000000000000000000e+00,1.200000047683715820e+00,5.494773387908935547e-01,6.888627409934997559e-01,6.919764280319213867e-01,5.619962215423583984e-01,7.332106828689575195e-01
5.820000000000278284e+00,1.499051930956126544e+00,-3.947350666247428919e-02,1.378354886760598530e-01,9.543770415184639200e-01,1.739076162298445749e-01,-2.614333318181977922e-02,1.000000000000000000e+00,1.200000047683715820e+00,5.581276416778564453e-01,6.931491494178771973e-01,6.833693981170654297e-01,5.640866160392761230e-01,7.376839518547058105e-01
5.840000000000284963e+00,1.502641089620885495e+00,-3.940621956703110884e-02,1.965089863448078733e-01,9.536353946632197820e-01,1.739935728517010838e-01,-2.046769230241374596e-02,1.000000000000000000e+00,1.200000047683715820e+00,5.681995749473571777e-01,6.980815529823303223e-01,6.732683777809143066e-01,5.669244527816772461e-01,7.423498630523681641e-01
5.860000000000291642e+00,1.506142333550353207e+00,-3.842229451230128046e-02,2.508258950548610255e-01,9.546268075546830989e-01,1.738782544879847458e-01,-1.424688710200174187e-02,1.000000000000000000e+00,1.200000047683715820e+00,5.797287225723266602e-01,7.038752436637878418e-01,6.615950465202331543e-01,5.704980492591857910e-01,7.472779154777526855e-01
5.880000000000298321e+00,1.509552196548173741e+00,-3.654031175455058067e-02,2.995693260550920112e-01,9.571683654909783900e-01,1.735662175644888672e-01,-7.596246699977001783e-03,1.000000000000000000e+00,1.200000047683715820e+00,5.924358963966369629e-01,7.106857895851135254e-01,6.486361622810363770e-01,5.747495889663696289e-01,7.522922158241271973e-01
5.900000000000305000e+00,1.512888672569145054e+00,-3.381324681501846063e-02,3.416068952399870517e-01,9.603392423701363478e-01,1.731349879709286332e-01,-6.846111850139119685e-04,1.000000000000000000e+00,1.200000047683715820e+00,6.054593920707702637e-01,7.182838320732116699e-01,6.353521943092346191e-01,5.793719887733459473e-01,7.569210529327392578e-01
5.920000000000311680e+00,1.516186337888189017e+00,-3.032849798695036458e-02,3.759002946529193534e-01,9.633939528847572653e-01,1.726557496886136078e-01,6.288052654763590273e-03,1.000000000000000000e+00,1.200000047683715820e+00,6.171622276306152344e-01,7.257363796234130859e-01,6.233447790145874023e-01,5.835449695587158203e-01,7.607664465904235840e-01
5.940000000000318359e+00,1.519436115911398488e+00,-2.617500764804053803e-02,4.015817076108698092e-01,9.661287231122572816e-01,1.721391029678966678e-01,1.313600295882437832e-02,1.000000000000000000e+00,1.200000047683715820e+00,6.260821819305419922e-01,7.321295738220214844e-01,6.136639118194580078e-01,5.864956974983215332e-01,7.638970613479614258e-01
5.960000000000325038e+00,1.522641144148085601e+00,-2.146086106987016295e-02,4.180384665832176938e-01,9.682752367664293480e-01,1.716236205962115013e-01,1.965996113753436247e-02,1.000000000000000000e+00,1.200000047683715820e+00,6.317043900489807129e-01,7.371962666511535645e-01,6.063259243965148926e-01,5.880722999572753906e-01,7.665047049522399902e-01
5.980000000000331717e+00,1.525819989036353075e+00,-1.631748436718283291e-02,4.248606595601366887e-01,9.697588160226693343e-01,1.711392985270074885e-01,2.566985658781395507e-02,1.000000000000000000e+00,1.200000047683715820e+00,6.341267228126525879e-01,7.410163879394531250e-01,6.008776426315307617e-01,5.884696245193481445e-01,7.686646580696105957e-01
6.000000000000338396e+00,1.528990660879357755e+00,-1.087702433561399396e-02,4.218543245589177482e-01,9.706061850628302512e-01,1.707311581112031795e-01,3.099858548888983351e-02,1.000000000000000000e+00,1.200000047683715820e+00,6.334444880485534668e-01,7.436552047729492188e-01,5.969890356063842773e-01,5.878971815109252930e-01,7.702592611312866211e-01
6.020000000000345075e+00,1.532178637099117502e+00,-5.269518628702174468e-03,4.090707438462787282e-01,9.709785601593777793e-01,1.704464503621225813e-01,3.551318945225801632e-02,1.000000000000000000e+00,1.200000047683715820e+00,6.296358704566955566e-01,7.450560927391052246e-01,5.945648550987243652e-01,5.865203738212585449e-01,7.709556818008422852e-01
6.040000000000351754e+00,1.535413779684982494e+00,3.820331498530227243e-04,3.868220008091219908e-01,9.710901810674988921e-01,1.703143922179975733e-01,3.911663860622393435e-02,1.000000000000000000e+00,1.200000047683715820e+00,6.227240562438964844e-01,7.450723648071289062e-01,5.936989188194274902e-01,5.844799876213073730e-01,7.702501416206359863e-01
6.060000000000358433e+00,1.538717249902290973e+00,5.959529557453380200e-03,3.556588797708282179e-01,9.710816314882576572e-01,1.703264015411462828e-01,4.175543415883012366e-02,1.000000000000000000e+00,1.200000047683715820e+00,6.129368543624877930e-01,7.435414195060729980e-01,5.946085453033447266e-01,5.819447636604309082e-01,7.676217555999755859e-01
6.080000000000365112e+00,1.542099024300743970e+00,1.135676978339594800e-02,3.163303721446353856e-01,9.709703811822110175e-01,1.704546214533029791e-01,4.342074489853631897e-02,1.000000000000000000e+00,1.200000047683715820e+00,6.006878614425659180e-01,7.403116226196289062e-01,5.976110696792602539e-01,5.791774988174438477e-01,7.626475691795349121e-01
6.100000000000371791e+00,1.545571581281701690e+00,1.647578257915210953e-02,2.697831914532254349e-01,9.705991111655636328e-01,1.707355015271476706e-01,4.410507362177665258e-02,1.000000000000000000e+00,1.200000047683715820e+00,5.864478349685668945e-01,7.352641224861145020e-01,6.030302047729492188e-01,5.764979720115661621e-01,7.550655007362365723e-01
6.120000000000378471e+00,1.549151600816471186e+00,2.122360084104013556e-02,2.171373159258212504e-01,9.696706275917400530e-01,1.711736646807334727e-01,4.383241725261678018e-02,1.000000000000000000e+00,1.200000047683715820e+00,5.708134770393371582e-01,7.284561991691589355e-01,6.110110282897949219e-01,5.741681456565856934e-01,7.449900507926940918e-01
6.140000000000385150e+00,1.552839997682742723e+00,2.551774139387447127e-02,1.596971364698998863e-01,9.678930748799922101e-01,1.717266049268113270e-01,4.265822010225559652e-02,1.000000000000000000e+00,1.200000047683715820e+00,5.546751022338867188e-01,7.202633619308471680e-01,6.214478611946105957e-01,5.722879171371459961e-01,7.331558465957641602e-01
6.160000000000391829e+00,1.556591049232782797e+00,2.926532085084937451e-02,9.883249342325065023e-02,9.652354069576660756e-01,1.723203894178320650e-01,4.060736075557725561e-02,1.000000000000000000e+00,1.200000047683715820e+00,5.391241312026977539e-01,7.113109827041625977e-01,6.339535713195800781e-01,5.707398056983947754e-01,7.208366990089416504e-01
6.180000000000398508e+00,1.560356588060880068e+00,3.236080505837063415e-02,3.587371082357156821e-02,9.619735312766771740e-01,1.728883155295807272e-01,3.771052101724842176e-02,1.000000000000000000e+00,1.200000047683715820e+00,5.248194932937622070e-01,7.020336389541625977e-01,6.480679512023925781e-01,5.692889690399169922e-01,7.090705633163452148e-01
6.200000000000405187e+00,1.564104391350120915e+00,3.471336240511296856e-02,-2.783013844200044745e-02,9.586323338675358796e-01,1.733738074186871592e-01,3.400664408050884518e-02,1.000000000000000000e+00,1.200000047683715820e+00,5.119435787200927734e-01,6.925920248031616211e-01,6.632686853408813477e-01,5.678053498268127441e-01,6.983423829078674316e-01
6.220000000000411866e+00,1.567813642332517521e+00,3.624888455947283816e-02,-9.093472320484122240e-02,9.557656257877261696e-01,1.737415573909907307e-01,2.954849928206231685e-02,1.000000000000000000e+00,1.200000047683715820e+00,5.005926489830017090e-01,6.831304430961608887e-01,6.786015629768371582e-01,5.664384365081787109e-01,6.887080669403076172e-01
6.240000000000418545e+00,1.571467900608898516e+00,3.691211118905779465e-02,-1.520984288894272340e-01,9.539010837495741635e-01,1.739629864631702938e-01,2.439413221542716115e-02,1.000000000000000000e+00,1.200000047683715820e+00,5.000000000000000000e-01,6.739901900291442871e-01,6.925681233406066895e-01,5.655830502510070801e-01,6.801705360412597656e-01
6.260000000000425224e+00,1.575044051915715393e+00,3.666911600225070123e-02,-2.099938365027488041e-01,9.535742665547526364e-01,1.740005780532568047e-01,1.861994709136333484e-02,1.000000000000000000e+00,1.200000047683715820e+00,5.000000000000000000e-01,6.654956340789794922e-01,7.041071057319641113e-01,5.654636621475219727e-01,6.728118062019348145e-01
6.280000000000431903e+00,1.578523634614232840e+00,3.551427446461180581e-02,-2.633552353272589630e-01,9.550658164591931953e-01,1.738261182618861256e-01,1.232721516604341934e-02,1.000000000000000000e+00,1.200000047683715820e+00,5.000000000000000000e-01,6.577434539794921875e-01,7.132884263992309570e-01,5.659565925598144531e-01,6.665567755699157715e-01
6.300000000000438583e+00,1.581906773128908483e+00,3.347126235964670293e-02,-3.109791031859072685e-01,9.580187507507288425e-01,1.734557204230654515e-01,5.634605396717918060e-03,1.000000000000000000e+00,1.200000047683715820e+00,5.000000000000000000e-01,6.507678031921386719e-01,7.207044959068298340e-01,5.668745040893554688e-01,6.611814498901367188e-01
6.320000000000445262e+00,1.585215628527918863e+00,3.059997604120268111e-02,-3.517500131692145038e-01,9.614035472574266050e-01,1.729766219657471182e-01,-1.278221814006338421e-03,1.000000000000000000e+00,1.200000047683715820e+00,5.000000000000000000e-01,6.447737216949462891e-01,7.268087863922119141e-01,5.680025815963745117e-01,6.566139459609985352e-01
6.340000000000451941e+00,1.588484138983586202e+00,2.698991037299236506e-02,-3.846470743823027227e-01,9.645669014488053028e-01,1.724473814139297900e-01,-8.216680040408336910e-03,1.000000000000000000e+00,1.200000047683715820e+00,5.000000000000000000e-01,6.400701999664306641e-01,7.318101525306701660e-01,5.690318942070007324e-01,6.530202627182006836e-01
6.360000000000458620e+00,1.591699511421445168e+00,2.273073865213615097e-02,-4.088470662763405983e-01,9.672524666046123931e-01,1.718867461206968761e-01,-1.499532786882818922e-02,1.000000000000000000e+00,1.200000047683715820e+00,5.000000000000000000e-01,6.368225812911987305e-01,7.358323931694030762e-01,5.697053670883178711e-01,6.506000161170959473e-01
6.380000000000465299e+00,1.594872687231875474e+00,1.793482802343521199e-02,-4.237670607296684100e-01,9.692165628068150074e-01,1.713367371202353939e-01,-2.141613026889167826e-02,1.000000000000000000e+00,1.200000047683715820e+00,5.000000000000000000e-01,6.350275874137878418e-01,7.389380931854248047e-01,5.699196457862854004e-01,6.494874358177185059e-01
6.400000000000471978e+00,1.598023372994989089e+00,1.273379136920888000e-02,-4.290235784935766405e-01,9.704322473565647478e-01,1.708314101062584911e-01,-2.729509567020714164e-02,1.000000000000000000e+00,1.200000047683715820e+00,5.000000000000000000e-01,6.346186399459838867e-01,7.411505579948425293e-01,5.696626901626586914e-01,6.497825384140014648e-01
6.420000000000478657e+00,1.601171936637785898e+00,7.258149376334177560e-03,-4.244492794706165029e-01,9.710041441418956198e-01,1.704198660933331499e-01,-3.247192158736044582e-02,1.000000000000000000e+00,1.200000047683715820e+00,5.000000000000000000e-01,6.355500817298889160e-01,7.424299716949462891e-01,5.689711570739746094e-01,6.516174674034118652e-01
6.440000000000485336e+00,1.604345454621083800e+00,1.635511876353357152e-03,-4.101248556412064317e-01,9.711755678042525153e-01,1.701482877095262802e-01,-3.682190016117964371e-02,1.000000000000000000e+00,1.200000047683715820e+00,5.000000000000000000e-01,6.378258466720581055e-01,7.426372170448303223e-01,5.679013729095458984e-01,6.551909446716308594e-01
6.460000000000492015e+00,1.607573370801748558e+00,-4.013396625288656594e-03,-3.863911566908715955e-01,9.711982847314646339e-01,1.700392904951076034e-01,-4.025443740525190550e-02,1.000000000000000000e+00,1.200000047683715820e+00,5.000000000000000000e-01,6.415368318557739258e-01,7.414901256561279297e-01,5.665132999420166016e-01,6.608561277389526367e-01
6.480000000000498694e+00,1.610873038931951440e+00,-9.572853251697932553e-03,-3.538222041507573246e-01,9.711933800577706721e-01,1.700771878729274156e-01,-4.272703263906879600e-02,1.000000000000000000e+00,1.200000047683715820e+00,5.000000000000000000e-01,6.469125151634216309e-01,7.386157512664794922e-01,5.648422241210937500e-01,6.692504882812500000e-01
6.500000000000505374e+00,1.614253162254370766e+00,-1.493921563458888713e-02,-3.131929601845954703e-01,9.711377228562082520e-01,1.702367512930993698e-01,-4.423267593059354574e-02,1.000000000000000000e+00,1.200000047683715820e+00,5.000000000000000000e-01,6.540257930755615234e-01,7.339137196540832520e-01,5.629799365997314453e-01,6.807972788810729980e-01
6.520000000000512053e+00,1.617725841835540912e+00,-2.001544672606581088e-02,-2.654793584154073738e-01,9.708589475002321612e-01,1.705540754499691725e-01,-4.476627911376487162e-02,1.000000000000000000e+00,1.200000047683715820e+00,5.000000000000000000e-01,6.619464755058288574e-01,7.280905246734619141e-01,5.612359642982482910e-01,6.940297484397888184e-01
6.540000000000518732e+00,1.621306785221657165e+00,-2.470947789911898118e-02,-2.118326809117339060e-01,9.700364003292890613e-01,1.710236451829523219e-01,-4.435828074166058010e-02,1.000000000000000000e+00,1.200000047683715820e+00,5.117979049682617188e-01,6.690125465393066406e-01,7.221460938453674316e-01,5.599265694618225098e-01,7.057630419731140137e-01
6.560000000000525411e+00,1.624988732256183344e+00,-2.893993121600529905e-02,-1.535950425181136780e-01,9.683864164122373275e-01,1.715924177337314060e-01,-4.305920225079248181e-02,1.000000000000000000e+00,1.200000047683715820e+00,5.212818980216979980e-01,6.745071411132812500e-01,7.163834571838378906e-01,5.591446161270141602e-01,7.144122719764709473e-01
6.580000000000532090e+00,1.628722418429276786e+00,-3.260810538658731605e-02,-9.213888013462184778e-02,9.659030582900117734e-01,1.721863024079169080e-01,-4.088976833674957956e-02,1.000000000000000000e+00,1.200000047683715820e+00,5.286388993263244629e-01,6.788011789321899414e-01,7.106762528419494629e-01,5.589113235473632812e-01,7.206663489341735840e-01
6.600000000000538769e+00,1.632463784759080605e+00,-3.560902304686491826e-02,-2.881498512615695076e-02,9.628820304095935256e-01,1.727418025542455382e-01,-3.787949327176618614e-02,1.000000000000000000e+00,1.200000047683715820e+00,5.352100729942321777e-01,6.825163364410400391e-01,7.047448158264160156e-01,5.592282414436340332e-01,7.256754040718078613e-01
6.620000000000545448e+00,1.636184920802391307e+00,-3.785340176762702624e-02,3.500917729052716726e-02,9.598356636882898751e-01,1.732072516950801666e-01,-3.406700171151796214e-02,1.000000000000000000e+00,1.200000047683715820e+00,5.419159531593322754e-01,6.861244440078735352e-01,6.982622742652893066e-01,5.601131916046142578e-01,7.301496863365173340e-01
6.640000000000552127e+00,1.639868629184662030e+00,-3.926923409221316774e-02,9.797607833201495142e-02,9.572595184543091218e-01,1.735545332171249677e-01,-2.950457813837459309e-02,1.000000000000000000e+00,1.200000047683715820e+00,5.493702888488769531e-01,6.899624466896057129e-01,6.908738017082214355e-01,5.616261959075927734e-01,7.344738841056823730e-01
6.660000000000558806e+00,1.643499676005308885e+00,-3.980383304815482415e-02,1.587330006128382931e-01,9.556511483969446497e-01,1.737555162857520319e-01,-2.425105447561989175e-02,1.000000000000000000e+00,1.200000047683715820e+00,5.580120086669921875e-01,6.942881345748901367e-01,6.822217106819152832e-01,5.638355016708374023e-01,7.388947010040283203e-01
6.680000000000565485e+00,1.647055523119024478e+00,-3.942720561226714659e-02,2.159582099336703476e-01,9.554889100372547794e-01,1.737752133100650964e-01,-1.838671868544413529e-02,1.000000000000000000e+00,1.200000047683715820e+00,5.680753588676452637e-01,6.993203163146972656e-01,6.720487475395202637e-01,5.667647123336791992e-01,7.435767650604248047e-01
6.700000000000572165e+00,1.650520751774831041e+00,-3.813849177485667541e-02,2.683963027095676024e-01,9.569812924161195111e-01,1.735900815804280461e-01,-1.201665929183021002e-02,1.000000000000000000e+00,1.200000047683715820e+00,5.795432925224304199e-01,7.052649855613708496e-01,6.603339314460754395e-01,5.703928470611572266e-01,7.485413551330566406e-01
6.720000000000578844e+00,1.653899201179840350e+00,-3.596641178830201069e-02,3.148598250898509421e-01,9.596758490211865222e-01,1.732298547574949166e-01,-5.265112948419921335e-03,1.000000000000000000e+00,1.200000047683715820e+00,5.920528769493103027e-01,7.122179269790649414e-01,6.474683880805969238e-01,5.746267437934875488e-01,7.535403370857238770e-01
6.740000000000585523e+00,1.657216239443201733e+00,-3.297779977063258761e-02,3.542527771656429625e-01,9.626116592034189567e-01,1.727861962978597399e-01,1.676596861987104123e-03,1.000000000000000000e+00,1.200000047683715820e+00,6.045364141464233398e-01,7.197612524032592773e-01,6.346126794815063477e-01,5.790406465530395508e-01,7.580507397651672363e-01
6.760000000000592202e+00,1.660498279872518079e+00,-2.926265721767273842e-02,3.855755344717945454e-01,9.653615274899859378e-01,1.722956534408276730e-01,8.617711548862283868e-03,1.000000000000000000e+00,1.200000047683715820e+00,6.152861714363098145e-01,7.268637418746948242e-01,6.233451962471008301e-01,5.827745199203491211e-01,7.617516517639160156e-01
6.780000000000598881e+00,1.663728915864572055e+00,-2.491239538734962844e-02,4.080601513465146324e-01,9.676812213037542243e-01,1.717811473109886189e-01,1.536871826680572158e-02,1.000000000000000000e+00,1.200000047683715820e+00,6.230812072753906250e-01,7.327868938446044922e-01,6.144296526908874512e-01,5.852308273315429688e-01,7.647691369056701660e-01
6.800000000000605560e+00,1.666922222573738122e+00,-2.004497228151747024e-02,4.211649798252706245e-01,9.693857956889253558e-01,1.712783844396474353e-01,2.172966838397540068e-02,1.000000000000000000e+00,1.200000047683715820e+00,6.276291608810424805e-01,7.373944520950317383e-01,6.077164411544799805e-01,5.863988399505615234e-01,7.672620415687561035e-01
6.820000000000612239e+00,1.670095045124736721e+00,-1.479328268698959503e-02,4.245538548886257924e-01,9.704536725937936703e-01,1.708197227838950394e-01,2.751893367196480214e-02,1.000000000000000000e+00,1.200000047683715820e+00,6.290649771690368652e-01,7.407844662666320801e-01,6.027751564979553223e-01,5.864912867546081543e-01,7.692490220069885254e-01
6.840000000000618918e+00,1.673267652696980079e+00,-9.288792870945861146e-03,4.181149743694150267e-01,9.709716487098491999e-01,1.704533647865116297e-01,3.257971928525767863e-02,1.000000000000000000e+00,1.200000047683715820e+00,6.274573802947998047e-01,7.429944276809692383e-01,5.993450284004211426e-01,5.856985449790954590e-01,7.705460786819458008e-01
6.860000000000625597e+00,1.676467287875630152e+00,-3.659279972701601213e-03,4.019905877304476571e-01,9.711450764490051624e-01,1.702223343280139245e-01,3.679224722332050113e-02,1.000000000000000000e+00,1.200000047683715820e+00,6.228022575378417969e-01,7.439456582069396973e-01,5.973824262619018555e-01,5.841695666313171387e-01,7.707644104957580566e-01
6.880000000000632276e+00,1.679722670330641598e+00,1.974181198231061973e-03,3.765796664539077243e-01,9.711771950901910699e-01,1.701432642762881198e-01,4.007038593923738928e-02,1.000000000000000000e+00,1.200000047683715820e+00,6.151847243309020996e-01,7.434877753257751465e-01,5.970221161842346191e-01,5.820404291152954102e-01,7.694035768508911133e-01
6.900000000000638956e+00,1.683049331575209973e+00,7.496668446460019730e-03,3.425032212337466575e-01,9.711568506992460659e-01,1.701970665079119704e-01,4.238067718950358498e-02,1.000000000000000000e+00,1.200000047683715820e+00,6.048887968063354492e-01,7.414581775665283203e-01,5.985253453254699707e-01,5.795013904571533203e-01,7.660008072853088379e-01
6.920000000000645635e+00,1.686457126573587928e+00,1.280558027414208100e-02,3.005778870667636382e-01,9.710461970950460264e-01,1.703720662043914369e-01,4.371550662946831894e-02,1.000000000000000000e+00,1.200000047683715820e+00,5.923152565956115723e-01,7.377033233642578125e-01,6.022202968597412109e-01,5.768300294876098633e-01,7.601913809776306152e-01
6.940000000000652314e+00,1.689959940021708906e+00,1.780452788048381141e-02,2.518119589971631878e-01,9.706486879861399020e-01,1.707044981461912636e-01,4.407383604972188451e-02,1.000000000000000000e+00,1.200000047683715820e+00,5.779336690902709961e-01,7.321498394012451172e-01,6.083486676216125488e-01,5.743260383605957031e-01,7.518168091773986816e-01
6.960000000000658993e+00,1.693573848286799244e+00,2.240299440974202749e-02,1.973825715694500493e-01,9.696420225070960797e-01,1.711845983123752579e-01,4.349473504280934599e-02,1.000000000000000000e+00,1.200000047683715820e+00,5.624147057533264160e-01,7.249618768692016602e-01,6.169399023056030273e-01,5.722007751464843750e-01,7.411828041076660156e-01
6.980000000000665672e+00,1.697283758097267281e+00,2.652021181881236700e-02,1.386464897083328207e-01,9.677872583701704334e-01,1.717540582898400836e-01,4.202481128867093657e-02,1.000000000000000000e+00,1.200000047683715820e+00,5.467342734336853027e-01,7.166234254837036133e-01,6.277949810028076172e-01,5.704829692840576172e-01,7.292291522026062012e-01
7.000000000000672351e+00,1.701037836656530633e+00,3.005476975423665431e-02,7.695118478136399320e-02,9.651340014912154208e-01,1.723400906559476586e-01,3.968786760458608426e-02,1.000000000000000000e+00,1.200000047683715820e+00,5.318869948387145996e-01,7.077432274818420410e-01,6.404932737350463867e-01,5.689967870712280273e-01,7.172244191169738770e-01
7.020000000000679030e+00,1.704793676737471397e+00,3.290547868626964023e-02,1.363461030606461996e-02,9.620253953453422602e-01,1.728801485185869069e-01,3.651759091967900911e-02,1.000000000000000000e+00,1.200000047683715820e+00,5.183509588241577148e-01,6.986522674560546875e-01,6.545855402946472168e-01,5.675210356712341309e-01,7.060224413871765137e-01
7.040000000000685709e+00,1.708523737259710629e+00,3.498719855855464411e-02,-4.995358061499353269e-02,9.590024256906410915e-01,1.733234496695686133e-01,3.255742530587366762e-02,1.000000000000000000e+00,1.200000047683715820e+00,5.062510371208190918e-01,6.894635558128356934e-01,6.694739460945129395e-01,5.660242438316345215e-01,6.959135532379150391e-01
7.060000000000692388e+00,1.712210147360567536e+00,3.623221354251443538e-02,-1.124726132790637712e-01,9.565693504547403414e-01,1.736420955112698006e-01,2.786247932715072567e-02,1.000000000000000000e+00,1.200000047683715820e+00,5.000000000000000000e-01,6.803565621376037598e-01,6.840344071388244629e-01,5.647916793823242188e-01,6.868537068367004395e-01
7.080000000000699067e+00,1.715835111974550298e+00,3.659201065279887866e-02,-1.725803618923262839e-01,9.552546553264679163e-01,1.738034793935671063e-01,2.249534627739589038e-02,1.000000000000000000e+00,1.200000047683715820e+00,5.000000000000000000e-01,6.716708540916442871e-01,6.968440413475036621e-01,5.642075538635253906e-01,6.788663268089294434e-01
7.100000000000705747e+00,1.719375104376790642e+00,3.604170872662648684e-02,-2.289711584597682870e-01,9.555163240930892865e-01,1.737718920204205375e-01,1.654103180554636343e-02,1.000000000000000000e+00,1.200000047683715820e+00,5.000000000000000000e-01,6.636536717414855957e-01,7.072424292564392090e-01,5.643296241760253906e-01,6.720272302627563477e-01
7.120000000000712426e+00,1.722817082328413463e+00,3.458561096327295026e-02,-2.804009449999760872e-01,9.574726253717928959e-01,1.735270695555317655e-01,1.010786145375487666e-02,1.000000000000000000e+00,1.200000047683715820e+00,5.000000000000000000e-01,6.563596725463867188e-01,7.155448198318481445e-01,5.649755001068115234e-01,6.662027835845947266e-01
7.140000000000719105e+00,1.726168735630948525e+00,3.225796903991534625e-02,-3.256970692947364077e-01,9.604952194366250806e-01,1.731122724880634345e-01,3.327290873141541382e-03,1.000000000000000000e+00,1.200000047683715820e+00,5.000000000000000000e-01,6.498726010322570801e-01,7.223104834556579590e-01,5.659680366516113281e-01,6.611980795860290527e-01
7.160000000000725784e+00,1.729459860972383911e+00,2.913206363062975646e-02,-3.637804921282934423e-01,9.635862555533456497e-01,1.726227064777298981e-01,-3.604110402675720238e-03,1.000000000000000000e+00,1.200000047683715820e+00,5.000000000000000000e-01,6.444501876831054688e-01,7.278924584388732910e-01,5.670661330223083496e-01,6.570281982421875000e-01
7.180000000000732463e+00,1.732710678420385175e+00,2.529783559257248182e-02,-3.936770777309825387e-01,9.663842908911333129e-01,1.720843722791933206e-01,-1.050052026822464665e-02,1.000000000000000000e+00,1.200000047683715820e+00,5.000000000000000000e-01,6.403589844703674316e-01,7.324572801589965820e-01,5.679679512977600098e-01,6.538839340209960938e-01
7.200000000000739142e+00,1.735908346023919968e+00,2.084950597090823310e-02,-4.146617404150861330e-01,9.686016925238146724e-01,1.715302026147331182e-01,-1.717176227304945818e-02,1.000000000000000000e+00,1.200000047683715820e+00,5.000000000000000000e-01,6.376910209655761719e-01,7.361096739768981934e-01,5.684797167778015137e-01,6.519409418106079102e-01
7.220000000000745821e+00,1.739071720591258696e+00,1.590855778587324521e-02,-4.262206754501290384e-01,9.700950737469645757e-01,1.709974885566598601e-01,-2.342118199383613764e-02,1.000000000000000000e+00,1.200000047683715820e+00,5.000000000000000000e-01,6.364111304283142090e-01,7.388937473297119141e-01,5.685372948646545410e-01,6.513170599937438965e-01
7.240000000000752500e+00,1.742218904474058139e+00,1.060674143107548373e-02,-4.280437677569504107e-01,9.708948322436140588e-01,1.705241115306753430e-01,-2.907294288394907458e-02,1.000000000000000000e+00,1.200000047683715820e+00,5.000000000000000000e-01,6.364570260047912598e-01,7.408059835433959961e-01,5.681526064872741699e-01,6.521199941635131836e-01
7.260000000000759179e+00,1.745372478045424725e+00,5.073924464619405938e-03,-4.200470520523067464e-01,9.711714458936319128e-01,1.701603092718462773e-01,-3.397785488495769224e-02,1.000000000000000000e+00,1.200000047683715820e+00,5.000000000000000000e-01,6.377974748611450195e-01,7.417697310447692871e-01,5.673726797103881836e-01,6.544990539550781250e-01
7.280000000000765858e+00,1.748560845192937752e+00,-5.647863525682361718e-04,-4.024025140566513947e-01,9.711968432645999849e-01,1.699466983457650626e-01,-3.802390550165102995e-02,1.000000000000000000e+00,1.200000047683715820e+00,5.000000000000000000e-01,6.404592394828796387e-01,7.415912151336669922e-01,5.662596225738525391e-01,6.586888432502746582e-01
7.300000000000772538e+00,1.751810923542823417e+00,-6.190093244440142417e-03,-3.755368903506794420e-01,9.711869837262403493e-01,1.698917654277746492e-01,-4.113248143068638091e-02,1.000000000000000000e+00,1.200000047683715820e+00,5.000000000000000000e-01,6.445896625518798828e-01,7.399324178695678711e-01,5.648569464683532715e-01,6.651401519775390625e-01
7.320000000000779217e+00,1.755134905656313027e+00,-1.169004567063308686e-02,-3.400935543078337231e-01,9.711989637136124731e-01,1.699694605463045183e-01,-4.327945460327952548e-02,1.000000000000000000e+00,1.200000047683715820e+00,5.000000000000000000e-01,6.504248380661010742e-01,7.364668846130371094e-01,5.631854534149169922e-01,6.745025515556335449e-01
7.340000000000785896e+00,1.758542052543577316e+00,-1.696383145913377133e-02,-2.969174023090321857e-01,9.711645851218234649e-01,1.701785327834552941e-01,-4.445681269225992827e-02,1.000000000000000000e+00,1.200000047683715820e+00,5.000000000000000000e-01,6.577483415603637695e-01,7.313849329948425293e-01,5.613983273506164551e-01,6.866549849510192871e-01
7.360000000000792575e+00,1.762045938524249955e+00,-2.191579503568591436e-02,-2.470455805272513683e-01,9.708684791470001407e-01,1.705462767031162841e-01,-4.466806801017728784e-02,1.000000000000000000e+00,1.200000047683715820e+00,5.031435489654541016e-01,6.652503609657287598e-01,7.256712317466735840e-01,5.598649978637695312e-01,6.993210911750793457e-01
7.380000000000799254e+00,1.765660055123455141e+00,-2.645706214810911172e-02,-1.916910194119145483e-01,9.699689678425489348e-01,1.710529061923873329e-01,-4.395818021503560685e-02,1.000000000000000000e+00,1.200000047683715820e+00,5.141895413398742676e-01,6.715235710144042969e-01,7.201014757156372070e-01,5.588193535804748535e-01,7.096740603446960449e-01
7.400000000000805933e+00,1.769360278738120407e+00,-3.050510183590765534e-02,-1.322359251505997868e-01,9.682426062735505212e-01,1.716326658907345593e-01,-4.236472839882739205e-02,1.000000000000000000e+00,1.200000047683715820e+00,5.225235223770141602e-01,6.763326525688171387e-01,7.147096395492553711e-01,5.582824945449829102e-01,7.170952558517456055e-01
7.420000000000812612e+00,1.773095026343793457e+00,-3.395441471509330622e-02,-7.003298904557904436e-02,9.657659525603595752e-01,1.722144929494850152e-01,-3.991032692200945781e-02,1.000000000000000000e+00,1.200000047683715820e+00,5.292119979858398438e-01,6.801992058753967285e-01,7.092812061309814453e-01,5.582517385482788086e-01,7.225961089134216309e-01
7.440000000000819291e+00,1.776826311168653749e+00,-3.670524724000157057e-02,-6.441326866891640759e-03,9.628979108091975103e-01,1.727391730725973962e-01,-3.662730181382980316e-02,1.000000000000000000e+00,1.200000047683715820e+00,5.354488492012023926e-01,6.836863160133361816e-01,7.035238146781921387e-01,5.587308406829833984e-01,7.271832823753356934e-01
7.460000000000825970e+00,1.780530608421245997e+00,-3.867413547441250765e-02,5.717385189066519907e-02,9.601500860539322613e-01,1.731623212938192269e-01,-3.255964882226169282e-02,1.000000000000000000e+00,1.200000047683715820e+00,5.420116782188415527e-01,6.872009038925170898e-01,6.971142888069152832e-01,5.597557425498962402e-01,7.314279675483703613e-01
7.480000000000832650e+00,1.784193073255758488e+00,-3.979570888097150316e-02,1.194599048392578633e-01,9.579802655898019825e-01,1.734607952300380451e-01,-2.776145174683072175e-02,1.000000000000000000e+00,1.200000047683715820e+00,5.494361519813537598e-01,6.910379528999328613e-01,6.897087097167968750e-01,5.613987445831298828e-01,7.356465458869934082e-01
7.500000000000839329e+00,1.787796165653753100e+00,-4.002429732088785830e-02,1.790682138662626766e-01,9.568851695290442327e-01,1.736022837815155984e-01,-2.229758700080770525e-02,1.000000000000000000e+00,1.200000047683715820e+00,5.580944418907165527e-01,6.954290270805358887e-01,6.809799075126647949e-01,5.637220144271850586e-01,7.400480508804321289e-01
7.520000000000846008e+00,1.791317807305793597e+00,-3.933945317378084727e-02,2.347027619549153787e-01,9.572618641244899917e-01,1.735542320471753219e-01,-1.625725597724474863e-02,1.000000000000000000e+00,1.200000047683715820e+00,5.681545138359069824e-01,7.005797028541564941e-01,6.707252860069274902e-01,5.667339563369750977e-01,7.447595596313476562e-01
7.540000000000852687e+00,1.794748358321239579e+00,-3.775020984137106295e-02,2.851310216730299496e-01,9.591471720144427726e-01,1.733035506741000265e-01,-9.751224354796091121e-03,1.000000000000000000e+00,1.200000047683715820e+00,5.795470476150512695e-01,7.066819071769714355e-01,6.589830517768859863e-01,5.703997015953063965e-01,7.497524023056030273e-01
7.560000000000859366e+00,1.798098998434767726e+00,-3.529661532441091820e-02,3.291977116072073439e-01,9.618599466327041325e-01,1.729061229607002925e-01,-2.922134732325690383e-03,1.000000000000000000e+00,1.200000047683715820e+00,5.917940735816955566e-01,7.137399911880493164e-01,6.462785601615905762e-01,5.745730996131896973e-01,7.547019720077514648e-01
7.580000000000866045e+00,1.801401848024198671e+00,-3.205765458852777305e-02,3.658413518008534204e-01,9.645448124363753539e-01,1.724514666765448179e-01,4.029167146746013076e-03,1.000000000000000000e+00,1.200000047683715820e+00,6.036186814308166504e-01,7.211371660232543945e-01,6.339515447616577148e-01,5.787097811698913574e-01,7.590608000755310059e-01
7.600000000000872724e+00,1.804665053338400327e+00,-2.812224444120792199e-02,3.941238675015077964e-01,9.669719861356301793e-01,1.719527620105263110e-01,1.091803164810411023e-02,1.000000000000000000e+00,1.200000047683715820e+00,6.133528947830200195e-01,7.278354763984680176e-01,6.234451532363891602e-01,5.819793343544006348e-01,7.626103758811950684e-01
7.620000000000879403e+00,1.807879283536290238e+00,-2.358874243517805613e-02,4.133679930439057570e-01,9.688847618175807641e-01,1.714443442253540395e-01,1.754996596767652989e-02,1.000000000000000000e+00,1.200000047683715820e+00,6.200328469276428223e-01,7.332774996757507324e-01,6.152662038803100586e-01,5.839717984199523926e-01,7.654963731765747070e-01
7.640000000000886082e+00,1.811062868142714777e+00,-1.858314249364517723e-02,4.231029156950294468e-01,9.701829683824607642e-01,1.709569713844244498e-01,2.372917261148929299e-02,1.000000000000000000e+00,1.200000047683715820e+00,6.235545873641967773e-01,7.374337315559387207e-01,6.091390848159790039e-01,5.847767591476440430e-01,7.678455710411071777e-01
7.660000000000892761e+00,1.814232096841426500e+00,-1.323767054068530902e-02,4.230676203765064702e-01,9.708894198028352740e-01,1.705287396272877898e-01,2.928174904883192736e-02,1.000000000000000000e+00,1.200000047683715820e+00,6.240512728691101074e-01,7.403968572616577148e-01,6.046875715255737305e-01,5.846030712127685547e-01,7.696101665496826172e-01
7.680000000000899441e+00,1.817409687956481168e+00,-7.683106356835223139e-03,4.132358143377846682e-01,9.711519625200544237e-01,1.702079297246764933e-01,3.406292993565360888e-02,1.000000000000000000e+00,1.200000047683715820e+00,6.215714812278747559e-01,7.421758174896240234e-01,6.017155051231384277e-01,5.836195945739746094e-01,7.705402970314025879e-01
7.700000000000906120e+00,1.820624207923506432e+00,-2.044519746996986687e-03,3.938400082931097224e-01,9.711989035312157403e-01,1.700314137302277040e-01,3.796524318782159430e-02,1.000000000000000000e+00,1.200000047683715820e+00,6.161353588104248047e-01,7.426741123199462891e-01,6.002303957939147949e-01,5.819601416587829590e-01,7.702127099037170410e-01
7.720000000000912799e+00,1.823901020659758565e+00,3.558378003907014531e-03,3.653612494079235828e-01,9.711999962239108442e-01,1.700018434967227321e-01,4.091675686536338369e-02,1.000000000000000000e+00,1.200000047683715820e+00,6.078858375549316406e-01,7.417381405830383301e-01,6.004105806350708008e-01,5.797664523124694824e-01,7.681596875190734863e-01
7.740000000000919478e+00,1.827251468811883495e+00,9.015023125238941226e-03,3.284865858731733645e-01,9.711908368072064146e-01,1.700908125062879361e-01,4.289989177049734204e-02,1.000000000000000000e+00,1.200000047683715820e+00,5.971393585205078125e-01,7.392035126686096191e-01,6.025468707084655762e-01,5.772517323493957520e-01,7.639764547348022461e-01
7.760000000000926157e+00,1.830686377094906447e+00,1.422533474199205727e-02,2.841000069262079042e-01,9.710889320802337243e-01,1.703161750771928495e-01,4.390486178618216440e-02,1.000000000000000000e+00,1.200000047683715820e+00,5.842834115028381348e-01,7.349300384521484375e-01,6.069355010986328125e-01,5.746968984603881836e-01,7.573585510253906250e-01
7.780000000000932836e+00,1.834221088840885638e+00,1.909439173032140280e-02,2.332672093921135115e-01,9.706583928450109866e-01,1.706982682073611146e-01,4.394177946427311326e-02,1.000000000000000000e+00,1.200000047683715820e+00,5.698201656341552734e-01,7.289149761199951172e-01,6.137154698371887207e-01,5.723726749420166016e-01,7.482793331146240234e-01
7.800000000000939515e+00,1.837867033237201575e+00,2.353559468266114285e-02,1.772284037819585323e-01,9.695677744734083614e-01,1.712125193409430313e-01,4.306225053738689523e-02,1.000000000000000000e+00,1.200000047683715820e+00,5.545046329498291016e-01,7.214314937591552734e-01,6.228277087211608887e-01,5.704344511032104492e-01,7.372417449951171875e-01
7.820000000000946194e+00,1.841592033198411027e+00,2.746447693692222192e-02,1.173624454296015723e-01,9.676456057106385122e-01,1.717901546138391189e-01,4.129947699260169691e-02,1.000000000000000000e+00,1.200000047683715820e+00,5.393616557121276855e-01,7.130441069602966309e-01,6.340029835700988770e-01,5.688402652740478516e-01,7.253484129905700684e-01
7.840000000000952873e+00,1.845344602687940760e+00,3.077538223057868505e-02,5.500180416276425482e-02,9.650207833194929252e-01,1.723618950754339796e-01,3.868062061443245520e-02,1.000000000000000000e+00,1.200000047683715820e+00,5.252246260643005371e-01,7.042888402938842773e-01,6.468182206153869629e-01,5.673780441284179688e-01,7.137644290924072266e-01
7.860000000000959552e+00,1.849088144682052626e+00,3.337265738827671635e-02,-8.507896535628767937e-03,9.620963925272204564e-01,1.728689316258066322e-01,3.524189708571966173e-02,1.000000000000000000e+00,1.200000047683715820e+00,5.124378204345703125e-01,6.954070925712585449e-01,6.608087420463562012e-01,5.658726692199707031e-01,7.031546235084533691e-01
7.880000000000966232e+00,1.852799163373922475e+00,3.517693176529912424e-02,-7.181934034799643263e-02,9.593991599467510678e-01,1.732686266825048393e-01,3.103209867204997571e-02,1.000000000000000000e+00,1.200000047683715820e+00,5.011258125305175781e-01,6.864907741546630859e-01,6.752625107765197754e-01,5.644176602363586426e-01,6.936288475990295410e-01
7.900000000000972911e+00,1.856461676112612924e+00,3.612706212516975102e-02,-1.335938078337369217e-01,9.574056118766557377e-01,1.735357281178932232e-01,2.610766486950297921e-02,1.000000000000000000e+00,1.200000047683715820e+00,5.000000000000000000e-01,6.777542829513549805e-01,6.889352202415466309e-01,5.633926391601562500e-01,6.851017475128173828e-01
7.920000000000979590e+00,1.860055448551484414e+00,3.618170203501991367e-02,-1.924942863238811308e-01,9.566302236810912962e-01,1.736344548521173425e-01,2.053786046185663433e-02,1.000000000000000000e+00,1.200000047683715820e+00,5.000000000000000000e-01,6.695125102996826172e-01,7.006086111068725586e-01,5.630826950073242188e-01,6.776427030563354492e-01
7.940000000000986269e+00,1.863558771078937859e+00,3.532566233447526072e-02,-2.472394385290072050e-01,9.574306966697276877e-01,1.735324894222868564e-01,1.441632093553498264e-02,1.000000000000000000e+00,1.200000047683715820e+00,5.000000000000000000e-01,6.619421839714050293e-01,7.099968791007995605e-01,5.634047389030456543e-01,6.712871193885803223e-01
7.960000000000992948e+00,1.866965038379011066e+00,3.357297002418674348e-02,-2.966084669794447071e-01,9.597174817019021864e-01,1.732239814364798791e-01,7.855745430793809395e-03,1.000000000000000000e+00,1.200000047683715820e+00,5.000000000000000000e-01,6.550900340080261230e-01,7.175424098968505859e-01,5.641685724258422852e-01,6.658611893653869629e-01
7.980000000000999627e+00,1.870289287990053673e+00,3.096999779673637043e-02,-3.394618567105568974e-01,9.626693167326776379e-01,1.727767877180096112e-01,1.010339769517008563e-03,1.000000000000000000e+00,1.200000047683715820e+00,5.000000000000000000e-01,6.491026282310485840e-01,7.237323522567749023e-01,5.651963353157043457e-01,6.612278819084167480e-01
8.000000000001005418e+00,1.873566677943711234e+00,2.760031131337187249e-02,-3.747547882339526959e-01,9.654640411785848642e-01,1.722753516982208633e-01,-5.920463941395087692e-03,1.000000000000000000e+00,1.200000047683715820e+00,5.000000000000000000e-01,6.442583799362182617e-01,7.288389801979064941e-01,5.662232637405395508e-01,6.574744582176208496e-01
8.020000000000994334e+00,1.876797730795866759e+00,2.355245300485936388e-02,-4.015867574719305666e-01,9.678714313146520309e-01,1.717322553577087796e-01,-1.275414452965351920e-02,1.000000000000000000e+00,1.200000047683715820e+00,5.000000000000000000e-01,6.407573819160461426e-01,7.330076098442077637e-01,5.669789910316467285e-01,6.547900438308715820e-01
8.040000000000983249e+00,1.879980852314500073e+00,1.892893605339340812e-02,-4.193154892684179402e-01,9.696324923813460783e-01,1.711882187086797846e-01,-1.929606487045850555e-02,1.000000000000000000e+00,1.200000047683715820e+00,5.000000000000000000e-01,6.386330723762512207e-01,7.363197803497314453e-01,5.673291683197021484e-01,6.533268690109252930e-01
8.060000000000972165e+00,1.883136474408772187e+00,1.385772389988548792e-02,-4.274979251890653198e-01,9.706922251530023527e-01,1.706761016398976871e-01,-2.535574461363771306e-02,1.000000000000000000e+00,1.200000047683715820e+00,5.000000000000000000e-01,6.378331780433654785e-01,7.388004660606384277e-01,5.672419667243957520e-01,6.531944870948791504e-01
8.080000000000961080e+00,1.886282791599574793e+00,8.469507079080729195e-03,-4.258995228611892059e-01,9.711363124584960760e-01,1.702394172355476409e-01,-3.076500497634394524e-02,1.000000000000000000e+00,1.200000047683715820e+00,5.000000000000000000e-01,6.383043527603149414e-01,7.404161095619201660e-01,5.667474865913391113e-01,6.545120477676391602e-01
8.100000000000949996e+00,1.889444481689559030e+00,2.893173177925478790e-03,-4.145230918461835778e-01,9.711940297661582067e-01,1.699266977046926530e-01,-3.538706200053533951e-02,1.000000000000000000e+00,1.200000047683715820e+00,5.000000000000000000e-01,6.400319337844848633e-01,7.410459518432617188e-01,5.659020543098449707e-01,6.574498414993286133e-01
8.120000000000938911e+00,1.892650678546499599e+00,-2.748769955104590768e-03,-3.936307203512205977e-01,9.711415068283388852e-01,1.697705541584424715e-01,-3.912121056434599009e-02,1.000000000000000000e+00,1.200000047683715820e+00,5.000000000000000000e-01,6.430799961090087891e-01,7.404355406761169434e-01,5.647633671760559082e-01,6.623025536537170410e-01
8.140000000000927827e+00,1.895923634617961984e+00,-8.338357616470726263e-03,-3.637292749816820048e-01,9.711390581453058779e-01,1.697658006393008012e-01,-4.190540430319196485e-02,1.000000000000000000e+00,1.200000047683715820e+00,5.000000000000000000e-01,6.476531028747558594e-01,7.382151484489440918e-01,5.633479356765747070e-01,6.696158051490783691e-01
8.160000000000916742e+00,1.899272496526794640e+00,-1.376804854952462520e-02,-3.255295083213510798e-01,9.711841093235004108e-01,1.698804101907269992e-01,-4.372742753581811831e-02,1.000000000000000000e+00,1.200000047683715820e+00,5.000000000000000000e-01,6.539015769958496094e-01,7.341941595077514648e-01,5.616849660873413086e-01,6.798807382583618164e-01
8.180000000000905658e+00,1.902707744378943300e+00,-1.893898091149404106e-02,-2.799446365749218013e-01,9.711779566784903839e-01,1.701408517235267204e-01,-4.457769090905330106e-02,1.000000000000000000e+00,1.200000047683715820e+00,5.000000000000000000e-01,6.612233519554138184e-01,7.289149761199951172e-01,5.600172281265258789e-01,6.922321915626525879e-01
8.200000000000894573e+00,1.906244386245596001e+00,-2.375690166679006454e-02,-2.280693682977421033e-01,9.708560618322966684e-01,1.705564149487570347e-01,-4.447212170551557292e-02,1.000000000000000000e+00,1.200000047683715820e+00,5.064051151275634766e-01,6.681383848190307617e-01,7.234513163566589355e-01,5.587215423583984375e-01,7.039505243301391602e-01
8.220000000000883489e+00,1.909888557375309492e+00,-2.813731231209576356e-02,-1.711835257121945564e-01,9.698765985128934286e-01,1.710917189018233142e-01,-4.346412671236741382e-02,1.000000000000000000e+00,1.200000047683715820e+00,5.161953568458557129e-01,6.736594438552856445e-01,7.182521820068359375e-01,5.579251646995544434e-01,7.129432559013366699e-01
8.240000000000872404e+00,1.913600896084487690e+00,-3.199104713747430440e-02,-1.106759982932323388e-01,9.680893141223464449e-01,1.716745090940428875e-01,-4.157924709160025489e-02,1.000000000000000000e+00,1.200000047683715820e+00,5.235745310783386230e-01,6.779052019119262695e-01,7.131764292716979980e-01,5.576032996177673340e-01,7.193424105644226074e-01
8.260000000000861320e+00,1.917332698810251035e+00,-3.521111584023300933e-02,-4.789222734549795218e-02,9.656494389804510803e-01,1.722381734430697697e-01,-3.884397668739256876e-02,1.000000000000000000e+00,1.200000047683715820e+00,5.297517776489257812e-01,6.814448833465576172e-01,7.079658508300781250e-01,5.577470660209655762e-01,7.242545485496520996e-01
8.280000000000850235e+00,1.921051693137493466e+00,-3.770346468142765639e-02,1.580315880401109846e-02,9.629678814226376726e-01,1.727275576292385817e-01,-3.529349013163992493e-02,1.000000000000000000e+00,1.200000047683715820e+00,5.357478260993957520e-01,6.847713589668273926e-01,7.023264169692993164e-01,5.583711862564086914e-01,7.285192012786865234e-01
8.300000000000839151e+00,1.924738108490522404e+00,-3.939061865743503921e-02,7.904964571655195837e-02,9.605282769401570775e-01,1.731074373456311377e-01,-3.097716954181770066e-02,1.000000000000000000e+00,1.200000047683715820e+00,5.422285199165344238e-01,6.882377862930297852e-01,6.959397196769714355e-01,5.595293045043945312e-01,7.325978279113769531e-01
8.320000000000828067e+00,1.928378077873564411e+00,-4.021392188262706835e-02,1.404973585021721538e-01,9.587752635570652160e-01,1.733544465960523695e-01,-2.595098881272454167e-02,1.000000000000000000e+00,1.200000047683715820e+00,5.496620535850524902e-01,6.921048760414123535e-01,6.884767413139343262e-01,5.612993240356445312e-01,7.367532849311828613e-01
8.340000000000816982e+00,1.931951321303288172e+00,-4.013536658708888316e-02,1.988096764726816346e-01,9.581827732180675516e-01,1.734340099071883801e-01,-2.028750695954213701e-02,1.000000000000000000e+00,1.200000047683715820e+00,5.583524107933044434e-01,6.965821981430053711e-01,6.796503663063049316e-01,5.637297630310058594e-01,7.411592006683349609e-01
8.360000000000805898e+00,1.935438442936599834e+00,-3.914445852035158824e-02,2.527159717756193302e-01,9.590467138335694308e-01,1.733173735230478241e-01,-1.408454511977118295e-02,1.000000000000000000e+00,1.200000047683715820e+00,5.684067010879516602e-01,7.018651962280273438e-01,6.693148016929626465e-01,5.668122768402099609e-01,7.459046244621276855e-01
8.380000000000794813e+00,1.938836460281555318e+00,-3.725995565806022869e-02,3.010092596861617675e-01,9.611863191120438854e-01,1.730096078689683792e-01,-7.457110816245888889e-03,1.000000000000000000e+00,1.200000047683715820e+00,5.796994566917419434e-01,7.081218957901000977e-01,6.575719714164733887e-01,5.704934000968933105e-01,7.509092688560485840e-01
8.400000000000783729e+00,1.942163592303513209e+00,-3.453491003825326366e-02,3.425681245901289751e-01,9.637873324628493110e-01,1.725877113628460358e-01,-5.737136647103662857e-04,1.000000000000000000e+00,1.200000047683715820e+00,5.916015505790710449e-01,7.152293324470520020e-01,6.451108455657958984e-01,5.745549798011779785e-01,7.557707428932189941e-01
8.420000000000772644e+00,1.945453838438433447e+00,-3.105607995048415004e-02,3.763653382538909020e-01,9.662173489619267919e-01,1.721202818797558098e-01,6.367961038925134924e-03,1.000000000000000000e+00,1.200000047683715820e+00,6.026582717895507812e-01,7.223895192146301270e-01,6.333960890769958496e-01,5.783554911613464355e-01,7.599520683288574219e-01
8.440000000000761560e+00,1.948697394784648207e+00,-2.691163956425945969e-02,4.015480640042248806e-01,9.682954998131262370e-01,1.716179783032081574e-01,1.318355903327302070e-02,1.000000000000000000e+00,1.200000047683715820e+00,6.113377809524536133e-01,7.286432981491088867e-01,6.236580610275268555e-01,5.811571478843688965e-01,7.633398771286010742e-01
8.460000000000750475e+00,1.951898120687128202e+00,-2.220951129041065508e-02,4.175160405360420768e-01,9.698112131904453870e-01,1.711183813575771484e-01,1.967501880924512475e-02,1.000000000000000000e+00,1.200000047683715820e+00,6.169425249099731445e-01,7.336081266403198242e-01,6.161686182022094727e-01,5.827264785766601562e-01,7.660803794860839844e-01
8.480000000000739391e+00,1.955073886074321532e+00,-1.708038916630677528e-02,4.238704831336002621e-01,9.707304559102272190e-01,1.706501453099932841e-01,2.565422363504687650e-02,1.000000000000000000e+00,1.200000047683715820e+00,6.194893717765808105e-01,7.373214364051818848e-01,6.105961799621582031e-01,5.832117795944213867e-01,7.682512402534484863e-01
8.500000000000728306e+00,1.958242230350440760e+00,-1.165560020505995720e-02,4.204282482392703857e-01,9.711265675517539719e-01,1.702570829245324269e-01,3.095543947737722235e-02,1.000000000000000000e+00,1.200000047683715820e+00,6.190934181213378906e-01,7.398599386215209961e-01,6.066244840621948242e-01,5.828049182891845703e-01,7.697371244430541992e-01
8.520000000000717222e+00,1.961428007914473692e+00,-6.064549760122051048e-03,4.072513010328808192e-01,9.711997533030036767e-01,1.699850994186665465e-01,3.544676167267044042e-02,1.000000000000000000e+00,1.200000047683715820e+00,6.157899498939514160e-01,7.412054538726806641e-01,6.041181087493896484e-01,5.816531181335449219e-01,7.702308893203735352e-01
8.540000000000706137e+00,1.964660263297959286e+00,-4.298184398061066780e-04,3.846603668168899759e-01,9.711788162672485569e-01,1.698619219010239212e-01,3.903151471543608170e-02,1.000000000000000000e+00,1.200000047683715820e+00,6.096289157867431641e-01,7.412467598915100098e-01,6.031355857849121094e-01,5.798815488815307617e-01,7.693042159080505371e-01
8.560000000000695053e+00,1.967959191961137222e+00,5.130701986692576266e-03,3.532119200997519415e-01,9.711834620701353948e-01,1.698779989346117514e-01,4.165651652187240400e-02,1.000000000000000000e+00,1.200000047683715820e+00,6.008083224296569824e-01,7.398275732994079590e-01,6.038927435874938965e-01,5.776472687721252441e-01,7.665401101112365723e-01
8.580000000000683968e+00,1.971334246958533321e+00,1.051085765504994329e-02,3.136586481104082225e-01,9.711999588008413120e-01,1.700060892728235962e-01,4.331183333643791322e-02,1.000000000000000000e+00,1.200000047683715820e+00,5.896566510200500488e-01,7.367858886718750000e-01,6.066836714744567871e-01,5.751811265945434570e-01,7.615833878517150879e-01
8.600000000000672884e+00,1.974797596407296130e+00,1.561241540960517371e-02,2.669493299228367089e-01,9.711112366615654024e-01,1.702826491647245755e-01,4.398895259456235551e-02,1.000000000000000000e+00,1.200000047683715820e+00,5.765656232833862305e-01,7.320153713226318359e-01,6.117359995841979980e-01,5.727574825286865234e-01,7.542047500610351562e-01
8.620000000000661800e+00,1.978365705927310092e+00,2.034210707699907195e-02,2.142046038780625605e-01,9.706376170554402716e-01,1.707115384930176782e-01,4.371166826831565655e-02,1.000000000000000000e+00,1.200000047683715820e+00,5.620944499969482422e-01,7.256003618240356445e-01,6.190931200981140137e-01,5.706109404563903809e-01,7.445323467254638672e-01
8.640000000000650715e+00,1.982039390327670070e+00,2.461769564462634730e-02,1.567299295479573640e-01,9.694617048054704478e-01,1.712513300941329308e-01,4.253463367838822284e-02,1.000000000000000000e+00,1.200000047683715820e+00,5.470749139785766602e-01,7.179141044616699219e-01,6.286371946334838867e-01,5.688362121582031250e-01,7.332581877708435059e-01
8.660000000000639631e+00,1.985773488909144291e+00,2.834649845341219443e-02,9.589543848567769202e-02,9.674882643574683749e-01,1.718294198817471585e-01,4.048250188885031686e-02,1.000000000000000000e+00,1.200000047683715820e+00,5.325219631195068359e-01,7.095570564270019531e-01,6.400506496429443359e-01,5.673267841339111328e-01,7.215746641159057617e-01
8.680000000000628546e+00,1.989520753137068887e+00,3.142381747961647820e-02,3.303267879025259535e-02,9.649219243884030739e-01,1.723807727821906610e-01,3.758614905426938685e-02,1.000000000000000000e+00,1.200000047683715820e+00,5.190946459770202637e-01,7.009663581848144531e-01,6.529108285903930664e-01,5.658617615699768066e-01,7.104893326759338379e-01
8.700000000000617462e+00,1.993249852797788879e+00,3.375963766431716584e-02,-3.050881793444247189e-02,9.622117930214809656e-01,1.728506069775284093e-01,3.388490470445371799e-02,1.000000000000000000e+00,1.200000047683715820e+00,5.070490837097167969e-01,6.923098564147949219e-01,6.667110919952392578e-01,5.643448829650878906e-01,7.004684209823608398e-01
8.720000000000606377e+00,1.996940787934396333e+00,3.528060655902931497e-02,-9.338567540878223161e-02,9.598481311763372714e-01,1.732054818336509205e-01,2.943203669836156819e-02,1.000000000000000000e+00,1.200000047683715820e+00,5.000000000000000000e-01,6.836823821067810059e-01,6.806057095527648926e-01,5.630002617835998535e-01,6.914806962013244629e-01
8.740000000000595293e+00,2.000577892197543672e+00,3.593217485748345652e-02,-1.542588770766825657e-01,9.583025834488211325e-01,1.734180666049377761e-01,2.428628030364514412e-02,1.000000000000000000e+00,1.200000047683715820e+00,5.000000000000000000e-01,6.753222942352294922e-01,6.933186054229736328e-01,5.622299909591674805e-01,6.834594011306762695e-01
8.760000000000584208e+00,2.004138783039829175e+00,3.568098545398029620e-02,-2.118058437036704489e-01,9.580481904290991668e-01,1.734518334868284939e-01,1.852482944350581848e-02,1.000000000000000000e+00,1.200000047683715820e+00,5.000000000000000000e-01,6.675062179565429688e-01,7.039232254028320312e-01,5.621696710586547852e-01,6.765073537826538086e-01
8.780000000000573124e+00,2.007605582321689397e+00,3.452175426470815989e-02,-2.647683501824064645e-01,9.593225702240085750e-01,1.732792799511452819e-01,1.224950820965925273e-02,1.000000000000000000e+00,1.200000047683715820e+00,5.000000000000000000e-01,6.603558659553527832e-01,7.124303579330444336e-01,5.626516938209533691e-01,6.705974340438842773e-01
8.800000000000562039e+00,2.010978830465708356e+00,3.247826447261459304e-02,-3.119527132222198462e-01,9.617907723201788439e-01,1.729169156146594111e-01,5.578655976326110308e-03,1.000000000000000000e+00,1.200000047683715820e+00,5.000000000000000000e-01,6.539419293403625488e-01,7.193185091018676758e-01,5.635007619857788086e-01,6.655483841896057129e-01
8.820000000000550955e+00,2.014280765617920910e+00,2.961045966745978752e-02,-3.522544991350139432e-01,9.645463662265694182e-01,1.724511795297559713e-01,-1.308453795179314542e-03,1.000000000000000000e+00,1.200000047683715820e+00,5.000000000000000000e-01,6.484686136245727539e-01,7.249916195869445801e-01,5.645236372947692871e-01,6.612958908081054688e-01
8.840000000000539870e+00,2.017544286333539105e+00,2.600711471413441611e-02,-3.846642242149220792e-01,9.670374091405168349e-01,1.719375630834317770e-01,-8.219261260547196940e-03,1.000000000000000000e+00,1.200000047683715820e+00,5.000000000000000000e-01,6.441987752914428711e-01,7.296652793884277344e-01,5.654466152191162109e-01,6.579735279083251953e-01
8.860000000000528786e+00,2.020756140925995759e+00,2.175734772498971736e-02,-4.083742346133195644e-01,9.690403385544145154e-01,1.713949183451798641e-01,-1.496929027874337181e-02,1.000000000000000000e+00,1.200000047683715820e+00,5.000000000000000000e-01,6.412590146064758301e-01,7.334740757942199707e-01,5.660486817359924316e-01,6.557536721229553223e-01
8.880000000000517701e+00,2.023927615368622757e+00,1.697347573653168462e-02,-4.228141551529680520e-01,9.703714593926037191e-01,1.708637103873334451e-01,-2.136155697307938472e-02,1.000000000000000000e+00,1.200000047683715820e+00,5.000000000000000000e-01,6.396415829658508301e-01,7.364726066589355469e-01,5.662438273429870605e-01,6.547702550888061523e-01
8.900000000000506617e+00,2.027077573527585219e+00,1.178640773221450999e-02,-4.276122037764388817e-01,9.710424995355596556e-01,1.703765123929525394e-01,-2.721371835595753907e-02,1.000000000000000000e+00,1.200000047683715820e+00,5.000000000000000000e-01,6.392888426780700684e-01,7.386626005172729492e-01,5.660279393196105957e-01,6.551318168640136719e-01
8.920000000000495533e+00,2.030225856121182559e+00,6.326042844940427123e-03,-4.226126254342827404e-01,9.711996006733525366e-01,1.699810423088317923e-01,-3.236657216869956444e-02,1.000000000000000000e+00,1.200000047683715820e+00,5.000000000000000000e-01,6.401594281196594238e-01,7.399762868881225586e-01,5.654451251029968262e-01,6.569722294807434082e-01
8.940000000000484448e+00,2.033398866220839984e+00,7.194897635555141946e-04,-4.079074166196311468e-01,9.711142065466423778e-01,1.697221197732047271e-01,-3.669616774342440713e-02,1.000000000000000000e+00,1.200000047683715820e+00,5.000000000000000000e-01,6.422613263130187988e-01,7.402411699295043945e-01,5.645561814308166504e-01,6.604941487312316895e-01
8.960000000000473364e+00,2.036625233847215721e+00,-4.912785841260647324e-03,-3.838464461073983203e-01,9.710404102386974712e-01,1.696209983543661703e-01,-4.011207596874591386e-02,1.000000000000000000e+00,1.200000047683715820e+00,5.000000000000000000e-01,6.457114219665527344e-01,7.391439080238342285e-01,5.634006261825561523e-01,6.660748720169067383e-01
8.980000000000462279e+00,2.039921503986394047e+00,-1.045519024121766005e-02,-3.510098100660041798e-01,9.710726274581684692e-01,1.696614108847551428e-01,-4.257195286764256514e-02,1.000000000000000000e+00,1.200000047683715820e+00,5.000000000000000000e-01,6.507386565208435059e-01,7.363329529762268066e-01,5.619694590568542480e-01,6.742941141128540039e-01
9.000000000000451195e+00,2.043296023883570456e+00,-1.580400224246264473e-02,-3.101765434524675902e-01,9.711637868600765389e-01,1.698194663021164452e-01,-4.406756084336647256e-02,1.000000000000000000e+00,1.200000047683715820e+00,5.000000000000000000e-01,6.572894454002380371e-01,7.318545579910278320e-01,5.603370666503906250e-01,6.852639913558959961e-01
9.020000000000440110e+00,2.046760698489301866e+00,-2.086189198202598183e-02,-2.623245505869713501e-01,9.711809584092936376e-01,1.701309106366942492e-01,-4.459307923308422628e-02,1.000000000000000000e+00,1.200000047683715820e+00,5.000000000000000000e-01,6.643882989883422852e-01,7.265705466270446777e-01,5.588348507881164551e-01,6.973685622215270996e-01
9.040000000000429026e+00,2.050331135155931683e+00,-2.553655787478198436e-02,-2.086054943739719114e-01,9.708131144143210545e-01,1.705901393061762528e-01,-4.417897779717547269e-02,1.000000000000000000e+00,1.200000047683715820e+00,5.092448592185974121e-01,6.706329584121704102e-01,7.214319705963134766e-01,5.577847957611083984e-01,7.079159021377563477e-01
9.060000000000417941e+00,2.054000138462947600e+00,-2.974689307071537447e-02,-1.503616698619257286e-01,9.697433245568414240e-01,1.711454098321737727e-01,-4.287499937351633289e-02,1.000000000000000000e+00,1.200000047683715820e+00,5.178723335266113281e-01,6.754844188690185547e-01,7.165720462799072266e-01,5.572141408920288086e-01,7.156680822372436523e-01
9.080000000000406857e+00,2.057719067476716290e+00,-3.339460658709758611e-02,-8.896443096964057329e-02,9.679032087950089069e-01,1.717239529678431520e-01,-4.070214270191077621e-02,1.000000000000000000e+00,1.200000047683715820e+00,5.244894027709960938e-01,6.792818307876586914e-01,7.117556333541870117e-01,5.570784807205200195e-01,7.212448716163635254e-01
9.100000000000395772e+00,2.061444617064024598e+00,-3.637571178553694606e-02,-2.576384989390647848e-02,9.655221856328625174e-01,1.722637568301853550e-01,-3.769033585018755766e-02,1.000000000000000000e+00,1.200000047683715820e+00,5.302815437316894531e-01,6.825766563415527344e-01,7.067082524299621582e-01,5.573749542236328125e-01,7.257007360458374023e-01
9.120000000000384688e+00,2.065149531515819259e+00,-3.860182140421869468e-02,3.787421832846792763e-02,9.630450155265208867e-01,1.727146963782802691e-01,-3.387883583269780952e-02,1.000000000000000000e+00,1.200000047683715820e+00,5.361136794090270996e-01,6.857972741127014160e-01,7.011363506317138672e-01,5.581331849098205566e-01,7.297231554985046387e-01
9.140000000000373603e+00,2.068817184244464702e+00,-4.000173699078390932e-02,1.005949872111332188e-01,9.609167188169860374e-01,1.730500602401088273e-01,-2.932053050174242281e-02,1.000000000000000000e+00,1.200000047683715820e+00,5.425632596015930176e-01,6.892528533935546875e-01,6.947278380393981934e-01,5.594210624694824219e-01,7.336879968643188477e-01
9.160000000000362519e+00,2.072432904493245687e+00,-4.052350931164161452e-02,1.610500523469050871e-01,9.595850868090374242e-01,1.732426229932235995e-01,-2.407510100093175620e-02,1.000000000000000000e+00,1.200000047683715820e+00,5.500352382659912109e-01,6.931749582290649414e-01,6.871756911277770996e-01,5.613144636154174805e-01,7.378134131431579590e-01
9.180000000000351434e+00,2.075974716808720366e+00,-4.013772887995104011e-02,2.179237001715149669e-01,9.594744587164656391e-01,1.732581198304263270e-01,-1.822365500196564472e-02,1.000000000000000000e+00,1.200000047683715820e+00,5.587642788887023926e-01,6.977546215057373047e-01,6.782426238059997559e-01,5.638425350189208984e-01,7.422380447387695312e-01
9.200000000000340350e+00,2.079427685504405598e+00,-3.884387447873416388e-02,2.699685205459794735e-01,9.607586209474424654e-01,1.730735395598307080e-01,-1.187172847142681058e-02,1.000000000000000000e+00,1.200000047683715820e+00,5.688031315803527832e-01,7.031787633895874023e-01,6.678357720375061035e-01,5.669798851013183594e-01,7.470149397850036621e-01
9.220000000000329266e+00,2.082796029320298725e+00,-3.667078127366557583e-02,3.160067079304056947e-01,9.630205299784565520e-01,1.727187855529059013e-01,-5.143278411767217805e-03,1.000000000000000000e+00,1.200000047683715820e+00,5.799598693847656250e-01,7.095755338668823242e-01,6.561319231986999512e-01,5.706480741500854492e-01,7.520076632499694824e-01
9.240000000000318181e+00,2.086105209768041036e+00,-3.368523949407264961e-02,3.549524759759969950e-01,9.654175510578610897e-01,1.722845806675566971e-01,1.771335306057959542e-03,1.000000000000000000e+00,1.200000047683715820e+00,5.914217829704284668e-01,7.166606187820434570e-01,6.440038084983825684e-01,5.745415687561035156e-01,7.567418813705444336e-01
9.260000000000307097e+00,2.089380575931223838e+00,-2.997642812267492518e-02,3.858173646320657291e-01,9.675852225319874211e-01,1.718053237678809353e-01,8.683356528138723440e-03,1.000000000000000000e+00,1.200000047683715820e+00,6.016247272491455078e-01,7.235049009323120117e-01,6.329571604728698730e-01,5.779629349708557129e-01,7.607302665710449219e-01
9.280000000000296012e+00,2.092605964722073164e+00,-2.563533243731486166e-02,4.078470398035142219e-01,9.693115805944874097e-01,1.713042945394593897e-01,1.540433769573710913e-02,1.000000000000000000e+00,1.200000047683715820e+00,6.092388629913330078e-01,7.292896509170532227e-01,6.239771246910095215e-01,5.803121328353881836e-01,7.639454007148742676e-01
9.300000000000284928e+00,2.095795581666877627e+00,-2.077969469979101813e-02,4.205105527991127579e-01,9.704606175295740211e-01,1.708158984946736292e-01,2.173572466400883196e-02,1.000000000000000000e+00,1.200000047683715820e+00,6.138176918029785156e-01,7.337856292724609375e-01,6.171337962150573730e-01,5.815024375915527344e-01,7.665207982063293457e-01
9.320000000000273843e+00,2.098965646658150774e+00,-1.554154349234304622e-02,4.234816228905001756e-01,9.710467043975801182e-01,1.703714520400435029e-01,2.749751675083367264e-02,1.000000000000000000e+00,1.200000047683715820e+00,6.154392957687377930e-01,7.370641231536865234e-01,6.120924353599548340e-01,5.817064642906188965e-01,7.684719562530517578e-01
9.340000000000262759e+00,2.102136002546538318e+00,-1.005170375674513394e-02,4.166582569481564469e-01,9.711996399034675820e-01,1.700180024147686098e-01,3.253411732586572458e-02,1.000000000000000000e+00,1.200000047683715820e+00,6.141923666000366211e-01,7.391790151596069336e-01,6.085978150367736816e-01,5.810925364494323730e-01,7.696173787117004395e-01
9.360000000000251674e+00,2.105333263427553447e+00,-4.437397247525842747e-03,4.001919169486258809e-01,9.711543704066918359e-01,1.697973486468519755e-01,3.672652579350839386e-02,1.000000000000000000e+00,1.200000047683715820e+00,6.101055145263671875e-01,7.400872707366943359e-01,6.065732240676879883e-01,5.797893404960632324e-01,7.696114778518676758e-01
9.380000000000240590e+00,2.108585331927077533e+00,1.180577366345192392e-03,3.744884719887917046e-01,9.711158443266475482e-01,1.697247850055397800e-01,3.998887052570450351e-02,1.000000000000000000e+00,1.200000047683715820e+00,6.032682657241821289e-01,7.396664619445800781e-01,6.061237454414367676e-01,5.779232978820800781e-01,7.680503726005554199e-01
9.400000000000229505e+00,2.111906964590322566e+00,6.687485624262967665e-03,3.401732357837687903e-01,9.711465115472934784e-01,1.697805896653795110e-01,4.228769782342430006e-02,1.000000000000000000e+00,1.200000047683715820e+00,5.939278602600097656e-01,7.377604246139526367e-01,6.074866652488708496e-01,5.756716132164001465e-01,7.645707130432128906e-01
9.420000000000218421e+00,2.115307646216220139e+00,1.198064777477930720e-02,2.980657004786964048e-01,9.711976910386015405e-01,1.699544141726231639e-01,4.361411581094046253e-02,1.000000000000000000e+00,1.200000047683715820e+00,5.824153423309326172e-01,7.342188358306884766e-01,6.109279990196228027e-01,5.732747316360473633e-01,7.588620185852050781e-01
9.440000000000207336e+00,2.118801004925602083e+00,1.696339614919312178e-02,2.491754285214861642e-01,9.711120397050918562e-01,1.702813676372249008e-01,4.396646361819869786e-02,1.000000000000000000e+00,1.200000047683715820e+00,5.691479444503784180e-01,7.289893031120300293e-01,6.165892481803894043e-01,5.709921121597290039e-01,7.507920861244201660e-01
9.460000000000196252e+00,2.122402939946701039e+00,2.154506862331151407e-02,1.946800493636160201e-01,9.705722089406256803e-01,1.707517907836799131e-01,4.338375877472078201e-02,1.000000000000000000e+00,1.200000047683715820e+00,5.547505021095275879e-01,7.222477793693542480e-01,6.244453191757202148e-01,5.690154433250427246e-01,7.406547069549560547e-01
9.480000000000185167e+00,2.126098439559831466e+00,2.564514080675461827e-02,1.359370229145041020e-01,9.692995194011028159e-01,1.713084570773002191e-01,4.191162923244696331e-02,1.000000000000000000e+00,1.200000047683715820e+00,5.401172041893005371e-01,7.144533395767211914e-01,6.343383193016052246e-01,5.673758983612060547e-01,7.293139696121215820e-01
9.500000000000174083e+00,2.129836374003327037e+00,2.916257790387677407e-02,7.429431541537423467e-02,9.672809840313353336e-01,1.718799052877989231e-01,3.957402193547892438e-02,1.000000000000000000e+00,1.200000047683715820e+00,5.261834263801574707e-01,7.061865925788879395e-01,6.459199190139770508e-01,5.659165382385253906e-01,7.179558277130126953e-01
9.520000000000162999e+00,2.133575177723282756e+00,3.199700007154748782e-02,1.109087721555871917e-02,9.647931931745037382e-01,1.724051354736385322e-01,3.640479112149865720e-02,1.000000000000000000e+00,1.200000047683715820e+00,5.134626030921936035e-01,6.977870464324951172e-01,6.587533354759216309e-01,5.644369721412658691e-01,7.074147462844848633e-01
9.540000000000151914e+00,2.137288099231970051e+00,3.406398259778486981e-02,-5.232369949332488918e-02,9.623090362467029424e-01,1.728350752719452210e-01,3.244784625330943834e-02,1.000000000000000000e+00,1.200000047683715820e+00,5.021650195121765137e-01,6.893674135208129883e-01,6.722657680511474609e-01,5.629479885101318359e-01,6.979560256004333496e-01
9.560000000000140830e+00,2.140957990602235572e+00,3.529649091531561478e-02,-1.146101430547688954e-01,9.602817652580121210e-01,1.731433180697427576e-01,2.775872950088642890e-02,1.000000000000000000e+00,1.200000047683715820e+00,5.000000000000000000e-01,6.810402274131774902e-01,6.854891180992126465e-01,5.617809295654296875e-01,6.894654035568237305e-01
9.580000000000129745e+00,2.144567755958108002e+00,3.564663267443740624e-02,-1.744294580753422141e-01,9.591852093539728896e-01,1.732983020589757561e-01,2.240075217598930593e-02,1.000000000000000000e+00,1.200000047683715820e+00,5.000000000000000000e-01,6.730550527572631836e-01,6.972184777259826660e-01,5.612806677818298340e-01,6.819345355033874512e-01
9.600000000000118661e+00,2.148094495105827839e+00,3.508998357816733860e-02,-2.304812665508490233e-01,9.594242176547079781e-01,1.732651339071880070e-01,1.645960385442992238e-02,1.000000000000000000e+00,1.200000047683715820e+00,5.000000000000000000e-01,6.656423211097717285e-01,7.068495750427246094e-01,5.614318847656250000e-01,6.754631400108337402e-01
9.620000000000107576e+00,2.151525645130416553e+00,3.363107654358943321e-02,-2.815292444822181661e-01,9.610898310727686855e-01,1.730241463938452240e-01,1.004380022166351076e-02,1.000000000000000000e+00,1.200000047683715820e+00,5.000000000000000000e-01,6.588934659957885742e-01,7.145914435386657715e-01,5.620388388633728027e-01,6.699646711349487305e-01
9.640000000000096492e+00,2.154869179262228318e+00,3.130424360850930787e-02,-3.264102985237595789e-01,9.636103271108628077e-01,1.726185413723294593e-01,3.284658765916528746e-03,1.000000000000000000e+00,1.200000047683715820e+00,5.000000000000000000e-01,6.529247164726257324e-01,7.209011912345886230e-01,5.629400014877319336e-01,6.652823090553283691e-01
9.660000000000085407e+00,2.158154796642088424e+00,2.818264314709328922e-02,-3.640554529811372286e-01,9.661148005695867624e-01,1.721420447596265224e-01,-3.622354419302161940e-03,1.000000000000000000e+00,1.200000047683715820e+00,5.000000000000000000e-01,6.479771137237548828e-01,7.261064052581787109e-01,5.639197826385498047e-01,6.614234447479248047e-01
9.680000000000074323e+00,2.161401348211567264e+00,2.435540676414882366e-02,-3.935027101690886098e-01,9.682926346626599123e-01,1.716187772979170800e-01,-1.049295546430217309e-02,1.000000000000000000e+00,1.200000047683715820e+00,5.000000000000000000e-01,6.442663073539733887e-01,7.303911447525024414e-01,5.647160410881042480e-01,6.585399508476257324e-01
9.700000000000063238e+00,2.164596398687613110e+00,1.991652300115481777e-02,-4.140403457529310827e-01,9.699012643420703572e-01,1.710814905322726454e-01,-1.713773236584454143e-02,1.000000000000000000e+00,1.200000047683715820e+00,5.000000000000000000e-01,6.418556571006774902e-01,7.338694334030151367e-01,5.651654005050659180e-01,6.567862033843994141e-01
9.720000000000052154e+00,2.167758534368662282e+00,1.498730415354543322e-02,-4.251657208936097665e-01,9.708443395259550579e-01,1.705658191960410519e-01,-2.336135357839732446e-02,1.000000000000000000e+00,1.200000047683715820e+00,5.000000000000000000e-01,6.407099366188049316e-01,7.365749478340148926e-01,5.652177333831787109e-01,6.562816500663757324e-01
9.740000000000041069e+00,2.170905180785600574e+00,9.698747018040798640e-03,-4.265792762053512432e-01,9.711869386231375412e-01,1.701084219348038551e-01,-2.898924772306012837e-02,1.000000000000000000e+00,1.200000047683715820e+00,5.000000000000000000e-01,6.407749652862548828e-01,7.384795546531677246e-01,5.648926496505737305e-01,6.571410894393920898e-01
9.760000000000029985e+00,2.174058412764803716e+00,4.180232689943552682e-03,-4.182076438345105340e-01,9.711350755665599799e-01,1.697582689779733589e-01,-3.387316504366574138e-02,1.000000000000000000e+00,1.200000047683715820e+00,5.000000000000000000e-01,6.420247554779052734e-01,7.394747734069824219e-01,5.642442703247070312e-01,6.595180630683898926e-01
9.780000000000018900e+00,2.177245978766868095e+00,-1.443546284043473182e-03,-4.002325348292449236e-01,9.709797671779680783e-01,1.695547681849227939e-01,-3.790159225689161693e-02,1.000000000000000000e+00,1.200000047683715820e+00,5.000000000000000000e-01,6.445010900497436523e-01,7.393307089805603027e-01,5.633289217948913574e-01,6.636649966239929199e-01
9.800000000000007816e+00,2.180494007407205448e+00,-7.053443634719935851e-03,-3.730879541129088484e-01,9.709281316394196004e-01,1.695053134415265561e-01,-4.099611784280386695e-02,1.000000000000000000e+00,1.200000047683715820e+00,5.000000000000000000e-01,6.483766436576843262e-01,7.376921176910400391e-01,5.621555447578430176e-01,6.700428724288940430e-01
9.819999999999996732e+00,2.183814098173173956e+00,-1.253760677139298396e-02,-3.374220216242175274e-01,9.710073023601442088e-01,1.695835332095013415e-01,-4.313238562366596140e-02,1.000000000000000000e+00,1.200000047683715820e+00,5.000000000000000000e-01,6.538340449333190918e-01,7.343022823333740234e-01,5.607086420059204102e-01,6.791380047798156738e-01
9.839999999999985647e+00,2.187215264012731808e+00,-1.779505779269596744e-02,-2.940826955294812417e-01,9.711510079928025174e-01,1.697900145561936913e-01,-4.430111129892295996e-02,1.000000000000000000e+00,1.200000047683715820e+00,5.000000000000000000e-01,6.605191230773925781e-01,7.295195460319519043e-01,5.591434240341186523e-01,6.904945373535156250e-01
9.859999999999974563e+00,2.190710936147644894e+00,-2.272984608744987867e-02,-2.441082666183762018e-01,9.711747057477467804e-01,1.701508811285161460e-01,-4.450539925133030483e-02,1.000000000000000000e+00,1.200000047683715820e+00,5.016491413116455078e-01,6.672108769416809082e-01,7.243927121162414551e-01,5.578441023826599121e-01,7.019596695899963379e-01
9.879999999999963478e+00,2.194314546404709354e+00,-2.725303646122856360e-02,-1.887118898408777778e-01,9.707349867781477348e-01,1.706470001828646610e-01,-4.379026313284178906e-02,1.000000000000000000e+00,1.200000047683715820e+00,5.116721391677856445e-01,6.727780103683471680e-01,7.195981144905090332e-01,5.570307970046997070e-01,7.112671136856079102e-01
9.899999999999952394e+00,2.198002201675905987e+00,-3.128237386151339061e-02,-1.292752203589662419e-01,9.695643725604183860e-01,1.712137832939480409e-01,-4.219265891023289694e-02,1.000000000000000000e+00,1.200000047683715820e+00,5.192850828170776367e-01,6.770594120025634766e-01,7.150342464447021484e-01,5.566587448120117188e-01,7.179475426673889160e-01
9.919999999999941309e+00,2.201722982628350866e+00,-3.471298621936991236e-02,-6.715005260857004332e-02,9.676800396669894555e-01,1.717814468761385271e-01,-3.973562720160145334e-02,1.000000000000000000e+00,1.200000047683715820e+00,5.253098011016845703e-01,6.805078387260437012e-01,7.104237675666809082e-01,5.566846728324890137e-01,7.228760123252868652e-01
9.939999999999930225e+00,2.205439563664651992e+00,-3.744601810647590900e-02,-3.694587422183277098e-03,9.653794216693474262e-01,1.722921224935284046e-01,-3.645188532531858788e-02,1.000000000000000000e+00,1.200000047683715820e+00,5.308190584182739258e-01,6.836248636245727539e-01,7.054897546768188477e-01,5.571180582046508789e-01,7.269821166992187500e-01
9.959999999999919140e+00,2.209128986648075443e+00,-3.939878131150403862e-02,5.972776890627023300e-02,9.631156495934675155e-01,1.727028661394692521e-01,-3.238605627627148820e-02,1.000000000000000000e+00,1.200000047683715820e+00,5.365517139434814453e-01,6.867846846580505371e-01,6.999392509460449219e-01,5.580042004585266113e-01,7.308278083801269531e-01
9.979999999999908056e+00,2.212776912983392741e+00,-4.050661788822862430e-02,1.217673425073917820e-01,9.613051914796157948e-01,1.729916013655601603e-01,-2.759280336677767329e-02,1.000000000000000000e+00,1.200000047683715820e+00,5.430124402046203613e-01,6.902599930763244629e-01,6.934698224067687988e-01,5.594200491905212402e-01,7.347213625907897949e-01
9.999999999999896971e+00,2.216366321695513175e+00,-4.072449422555973753e-02,1.810800523456961297e-01,9.603957214184400959e-01,1.731267813762839003e-01,-2.213780368070944818e-02,1.000000000000000000e+00,1.200000047683715820e+00,5.505419373512268066e-01,6.942564845085144043e-01,6.858072280883789062e-01,5.614309310913085938e-01,7.388405203819274902e-01
