time,x,y,yaw,reward,velocity_x,velocity_y,steady_state,frequency,phase_lag_1,phase_lag_2,phase_lag_3,phase_lag_4,phase_lag_5
2.000000000000001082e-02,5.999868856250440974e-01,-1.475253232227580202e-03,1.735066258772267542e-02,0.000000000000000000e+00,-2.339416725670147214e-03,-1.315688244962175124e-01,0.000000000000000000e+00,1.162040472030639648e+00,7.009114623069763184e-01,6.919455528259277344e-01,6.356520652770996094e-01,6.769524812698364258e-01,6.153315305709838867e-01
4.000000000000002859e-02,5.998735931895226026e-01,-4.556906138516669813e-03,5.658268205040745819e-02,0.000000000000000000e+00,-5.680063922984141325e-03,-1.457108340749903586e-01,0.000000000000000000e+00,1.171162366867065430e+00,6.968028545379638672e-01,6.743684411048889160e-01,6.387470960617065430e-01,7.577948570251464844e-01,7.351276278495788574e-01
6.000000000000004635e-02,5.996554461632451760e-01,-7.351027600225656933e-03,9.799090800405688140e-02,0.000000000000000000e+00,-7.682630742026960030e-03,-1.342010717200260439e-01,0.000000000000000000e+00,1.166920065879821777e+00,6.980081796646118164e-01,6.637040972709655762e-01,6.374872922897338867e-01,7.501531839370727539e-01,7.373889088630676270e-01
8.000000000000005718e-02,5.994436852066094001e-01,-8.844915367350492108e-03,1.287227490001504882e-01,0.000000000000000000e+00,-7.989775340906371884e-03,-1.101682935664625440e-01,0.000000000000000000e+00,1.164657473564147949e+00,7.085373997688293457e-01,6.542947292327880859e-01,6.337995529174804688e-01,7.082898616790771484e-01,6.915506124496459961e-01
1.000000000000000749e-01,5.993052220960348730e-01,-8.980882811972235036e-03,1.459195351223012693e-01,0.000000000000000000e+00,-7.415272596898669910e-03,-8.416327110010443646e-02,0.000000000000000000e+00,1.159722566604614258e+00,7.167339324951171875e-01,6.545578837394714355e-01,6.293629407882690430e-01,6.440597772598266602e-01,6.099727749824523926e-01
1.200000000000000927e-01,5.992246256838359431e-01,-8.260148076027706843e-03,1.537418125322536078e-01,0.000000000000000000e+00,-6.741637104753463693e-03,-6.227738695908733441e-02,0.000000000000000000e+00,1.151742458343505859e+00,7.134911417961120605e-01,6.663228869438171387e-01,6.277944445610046387e-01,6.108830571174621582e-01,5.605574846267700195e-01
1.400000000000000966e-01,5.991542441033779198e-01,-7.255049945852798388e-03,1.581732223123639702e-01,0.000000000000000000e+00,-6.347740631580320314e-03,-4.613142915936387090e-02,0.000000000000000000e+00,1.148826837539672852e+00,7.102630138397216797e-01,6.757614612579345703e-01,6.273930668830871582e-01,6.031758189201354980e-01,5.442333817481994629e-01
1.600000000000001144e-01,5.990565717272567925e-01,-6.273307783314918673e-03,1.630236206961394596e-01,0.000000000000000000e+00,-6.290049698542356585e-03,-3.439711468363410712e-02,0.000000000000000000e+00,1.151370882987976074e+00,7.104056477546691895e-01,6.800504922866821289e-01,6.268769502639770508e-01,6.073368787765502930e-01,5.449061989784240723e-01
1.800000000000001321e-01,5.989187398884616709e-01,-5.291525725686418991e-03,1.685647644299327064e-01,0.000000000000000000e+00,-6.457277494697596237e-03,-2.474788466404100051e-02,0.000000000000000000e+00,1.155245780944824219e+00,7.118995785713195801e-01,6.813540458679199219e-01,6.266012191772460938e-01,6.115195751190185547e-01,5.474461913108825684e-01
2.000000000000001499e-01,5.987520625893590909e-01,-4.086660759623550465e-03,1.724571107146979643e-01,0.000000000000000000e+00,-6.673213533935390580e-03,-1.526085886087989382e-02,0.000000000000000000e+00,1.157354593276977539e+00,7.125834822654724121e-01,6.830753087997436523e-01,6.268260478973388672e-01,6.086720824241638184e-01,5.414517521858215332e-01
2.200000000000001676e-01,5.985858486983769433e-01,-2.420379617772472347e-03,1.716369232041732862e-01,0.000000000000000000e+00,-6.767355358840359408e-03,-5.006615932674130486e-03,0.000000000000000000e+00,1.156725406646728516e+00,7.109647393226623535e-01,6.876378655433654785e-01,6.276776194572448730e-01,6.001179218292236328e-01,5.271767377853393555e-01
2.400000000000001854e-01,5.984549515969290745e-01,-1.698220313086085120e-04,1.638746923606512196e-01,0.000000000000000000e+00,-6.631251085998417921e-03,6.011133878640050575e-03,0.000000000000000000e+00,1.154297590255737305e+00,7.070353627204895020e-01,6.948140263557434082e-01,6.292740106582641602e-01,5.912299156188964844e-01,5.113101005554199219e-01
2.600000000000001754e-01,5.983883042130648811e-01,2.636262337264827504e-03,1.483799455326826056e-01,0.000000000000000000e+00,-6.227321761843489407e-03,1.725385606858701598e-02,0.000000000000000000e+00,1.152118921279907227e+00,7.022458314895629883e-01,7.026784420013427734e-01,6.314013600349426270e-01,5.860136747360229492e-01,5.000000000000000000e-01
2.800000000000001932e-01,5.984044147318198226e-01,5.861786691684633954e-03,1.255504251352780598e-01,0.000000000000000000e+00,-5.561594643915522031e-03,2.808403713881436545e-02,0.000000000000000000e+00,1.151629090309143066e+00,6.979448795318603516e-01,7.098097801208496094e-01,6.335996985435485840e-01,5.853649377822875977e-01,5.000000000000000000e-01
3.000000000000002109e-01,5.985151041169192165e-01,9.335143030007375664e-03,9.637201092125963209e-02,0.000000000000000000e+00,-4.654233812739037336e-03,3.801724044914166212e-02,0.000000000000000000e+00,1.153131008148193359e+00,6.946708559989929199e-01,7.161095738410949707e-01,6.355305910110473633e-01,5.884103178977966309e-01,5.000000000000000000e-01
3.200000000000002287e-01,5.987288601556716161e-01,1.289772048666049109e-02,6.190945507608558440e-02,0.000000000000000000e+00,-3.527337753005123713e-03,4.676977311344031329e-02,0.000000000000000000e+00,1.156291484832763672e+00,6.923483610153198242e-01,7.220433950424194336e-01,6.371114850044250488e-01,5.942531824111938477e-01,5.000000000000000000e-01
3.400000000000002465e-01,5.990512295325983727e-01,1.641932314689881212e-02,2.308196732850220992e-02,0.000000000000000000e+00,-2.209967403584648521e-03,5.420378635681125101e-02,0.000000000000000000e+00,1.160573005676269531e+00,6.905861496925354004e-01,7.279782295227050781e-01,6.384263634681701660e-01,6.025645136833190918e-01,5.000000000000000000e-01
3.600000000000002642e-01,5.994827902540484921e-01,1.978677505115322699e-02,-1.930089719619479047e-02,0.000000000000000000e+00,-7.395343548074367109e-04,6.022317505383199820e-02,0.000000000000000000e+00,1.165461063385009766e+00,6.888956427574157715e-01,7.341153025627136230e-01,6.396101117134094238e-01,6.136832237243652344e-01,5.025911331176757812e-01
3.800000000000002820e-01,6.000193141382940132e-01,2.287956033531335365e-02,-6.440063957759488422e-02,0.000000000000000000e+00,8.408922114094634880e-04,6.471332457770881397e-02,0.000000000000000000e+00,1.170563578605651855e+00,6.868659257888793945e-01,7.405430674552917480e-01,6.408116817474365234e-01,6.285784840583801270e-01,5.140080451965332031e-01
4.000000000000002998e-01,6.006494885195914346e-01,2.556028584571051754e-02,-1.112259875641177648e-01,0.000000000000000000e+00,2.479131458422867244e-03,6.754170096601995466e-02,0.000000000000000000e+00,1.175635099411010742e+00,6.843648552894592285e-01,7.471823692321777344e-01,6.421675086021423340e-01,6.485248804092407227e-01,5.311310887336730957e-01
4.200000000000003175e-01,6.013580355626956253e-01,2.768297021434307226e-02,-1.585876807829263158e-01,0.000000000000000000e+00,4.128308785158665319e-03,6.860207829563802484e-02,0.000000000000000000e+00,1.180624246597290039e+00,6.818647980690002441e-01,7.535227537155151367e-01,6.436695456504821777e-01,6.738346219062805176e-01,5.541854500770568848e-01
4.400000000000003353e-01,6.021286300584287599e-01,2.911095951885983579e-02,-2.051449351888413319e-01,0.000000000000000000e+00,5.751847667537701367e-03,6.784974193160681066e-02,0.000000000000000000e+00,1.185850381851196289e+00,6.804991960525512695e-01,7.585015296936035156e-01,6.450816988945007324e-01,7.018656134605407715e-01,5.803400278091430664e-01
4.600000000000003531e-01,6.029495109777329720e-01,2.973456672268304235e-02,-2.494947677131685859e-01,0.000000000000000000e+00,7.336815516958027604e-03,6.532145339027234376e-02,0.000000000000000000e+00,1.191895484924316406e+00,6.812620162963867188e-01,7.611427903175354004e-01,6.461834907531738281e-01,7.280098795890808105e-01,6.050637364387512207e-01
4.800000000000003708e-01,6.038146771939263413e-01,2.948115346470869813e-02,-2.902657979004559796e-01,0.000000000000000000e+00,8.877722451522783789e-03,6.112855327547773304e-02,0.000000000000000000e+00,1.198936820030212402e+00,6.842838525772094727e-01,7.611632943153381348e-01,6.469296216964721680e-01,7.500265240669250488e-01,6.266939043998718262e-01
5.000000000000003331e-01,6.047247635205077465e-01,2.831864908052078578e-02,-3.261809216756849650e-01,0.000000000000000000e+00,1.039501318137092158e-02,5.545029257636751446e-02,0.000000000000000000e+00,1.200000047683715820e+00,6.890414357185363770e-01,7.587526440620422363e-01,6.473268866539001465e-01,7.684696316719055176e-01,6.464444398880004883e-01
5.200000000000003508e-01,6.056939826000306004e-01,2.625917571538505246e-02,-3.560863702496191441e-01,0.000000000000000000e+00,1.193102854679591734e-02,4.852337137265301525e-02,0.000000000000000000e+00,1.200000047683715820e+00,6.947797536849975586e-01,7.545470595359802246e-01,6.473282575607299805e-01,7.840138673782348633e-01,6.651799082756042480e-01
5.400000000000003686e-01,6.067522450670731482e-01,2.335953948188373985e-02,-3.789976489766634926e-01,0.000000000000000000e+00,1.355216772572957751e-02,4.063290436498637886e-02,0.000000000000000000e+00,1.200000047683715820e+00,7.006902694702148438e-01,7.496527433395385742e-01,6.469165086746215820e-01,7.964464426040649414e-01,6.822319030761718750e-01
5.600000000000003864e-01,6.079257184338759945e-01,1.971257291683303770e-02,-3.941179246089353549e-01,0.000000000000000000e+00,1.527777317847371814e-02,3.206969086501230970e-02,0.000000000000000000e+00,1.200000047683715820e+00,7.061827182769775391e-01,7.449517250061035156e-01,6.461565494537353516e-01,8.000000119209289551e-01,6.964891552925109863e-01
5.800000000000004041e-01,6.092366578169117197e-01,1.543765849457673367e-02,-4.008666020745202951e-01,0.000000000000000000e+00,1.714531319129376091e-02,2.313051527405339883e-02,0.000000000000000000e+00,1.200000047683715820e+00,7.110828161239624023e-01,7.404961585998535156e-01,6.451083421707153320e-01,8.000000119209289551e-01,7.076466679573059082e-01
6.000000000000004219e-01,6.107089065635388225e-01,1.067394819321237920e-02,-3.988554057713032397e-01,0.000000000000000000e+00,1.917146311978401227e-02,1.409491513099048708e-02,0.000000000000000000e+00,1.200000047683715820e+00,7.153389453887939453e-01,7.357696890830993652e-01,6.438406705856323242e-01,8.000000119209289551e-01,7.160904407501220703e-01
6.200000000000004396e-01,6.123591785428643686e-01,5.567985842109379746e-03,-3.878950781080535148e-01,0.000000000000000000e+00,2.136668869461666107e-02,5.207667393994306823e-03,0.000000000000000000e+00,1.200000047683715820e+00,7.187160849571228027e-01,7.303064465522766113e-01,6.425071954727172852e-01,8.000000119209289551e-01,7.222886085510253906e-01
6.400000000000004574e-01,6.142027073280219573e-01,2.635701598293072045e-04,-3.680357269350179594e-01,0.000000000000000000e+00,2.373833457000343317e-02,-3.325106611900816023e-03,0.000000000000000000e+00,1.200000047683715820e+00,7.209675908088684082e-01,7.240378856658935547e-01,6.412556767463684082e-01,8.000000119209289551e-01,7.265446186065673828e-01
6.600000000000004752e-01,6.162537221115853558e-01,-5.101573625731770090e-03,-3.395839544228449469e-01,0.000000000000000000e+00,2.628707801017653514e-02,-1.133119127168482135e-02,0.000000000000000000e+00,1.200000047683715820e+00,7.221622467041015625e-01,7.170643806457519531e-01,6.401033997535705566e-01,8.000000119209289551e-01,7.290775775909423828e-01
6.800000000000004929e-01,6.185147953355873973e-01,-1.039666720445003856e-02,-3.030947372358536729e-01,0.000000000000000000e+00,2.899066114820941092e-02,-1.867246741591288214e-02,0.000000000000000000e+00,1.200000047683715820e+00,7.225903868675231934e-01,7.094228267669677734e-01,6.389936804771423340e-01,7.966577410697937012e-01,7.299790978431701660e-01
7.000000000000005107e-01,6.209795660815937701e-01,-1.550170828940028445e-02,-2.593654579424909956e-01,0.000000000000000000e+00,3.182490696834035238e-02,-2.524175495113579679e-02,0.000000000000000000e+00,1.200000047683715820e+00,7.225704193115234375e-01,7.011024355888366699e-01,6.378799080848693848e-01,7.882283329963684082e-01,7.290874719619750977e-01
7.200000000000005285e-01,6.236392713789872255e-01,-2.030599732119242606e-02,-2.094248525004584749e-01,0.000000000000000000e+00,3.476654018103923077e-02,-3.095402466118360105e-02,0.000000000000000000e+00,1.200000047683715820e+00,7.224260568618774414e-01,6.921519041061401367e-01,6.367270350456237793e-01,7.777577638626098633e-01,7.259071469306945801e-01
7.400000000000005462e-01,6.264860889533658828e-01,-2.469991858916792404e-02,-1.544792597543743762e-01,0.000000000000000000e+00,3.779343991407433517e-02,-3.572660989784082197e-02,0.000000000000000000e+00,1.200000047683715820e+00,7.224913835525512695e-01,6.826890707015991211e-01,6.354809403419494629e-01,7.647305727005004883e-01,7.196482419967651367e-01
7.600000000000005640e-01,6.294916362738240956e-01,-2.857491124465272314e-02,-9.586842247304459830e-02,0.000000000000000000e+00,4.083188133274048837e-02,-3.949480267328771971e-02,0.000000000000000000e+00,1.200000047683715820e+00,7.230407595634460449e-01,6.729249358177185059e-01,6.340636014938354492e-01,7.485679388046264648e-01,7.094246149063110352e-01
7.800000000000005818e-01,6.325977263648600024e-01,-3.181874566784453906e-02,-3.495558128850539265e-02,0.000000000000000000e+00,4.380987316798461845e-02,-4.218826653617432226e-02,0.000000000000000000e+00,1.200000047683715820e+00,7.241736054420471191e-01,6.632182598114013672e-01,6.324310302734375000e-01,7.289540767669677734e-01,6.945923566818237305e-01
8.000000000000005995e-01,6.357577036160879658e-01,-3.432393197492267234e-02,2.688134699964727162e-02,0.000000000000000000e+00,4.668351991983162724e-02,-4.376337719818219202e-02,0.000000000000000000e+00,1.194262742996215820e+00,7.256993055343627930e-01,6.541258096694946289e-01,6.306701302528381348e-01,7.064419984817504883e-01,6.753864884376525879e-01
8.200000000000006173e-01,6.389390059879568318e-01,-3.600120631233943991e-02,8.820154633592987292e-02,0.000000000000000000e+00,4.942779435623454592e-02,-4.420801059663471977e-02,0.000000000000000000e+00,1.188845157623291016e+00,7.272094488143920898e-01,6.464889049530029297e-01,6.289932727813720703e-01,6.831717491149902344e-01,6.536162495613098145e-01
8.400000000000006350e-01,6.421180941670761033e-01,-3.678849454805754871e-02,1.475821953731058511e-01,0.000000000000000000e+00,5.202387338146120810e-02,-4.354712942136036713e-02,0.000000000000000000e+00,1.183810949325561523e+00,7.282673716545104980e-01,6.410576105117797852e-01,6.275577545166015625e-01,6.620112657546997070e-01,6.321459412574768066e-01
8.600000000000006528e-01,6.452670181548397776e-01,-3.665510679126016136e-02,2.036918639733489578e-01,0.000000000000000000e+00,5.444694092601438246e-02,-4.184240845418491644e-02,0.000000000000000000e+00,1.179144740104675293e+00,7.286449670791625977e-01,6.382083892822265625e-01,6.263901591300964355e-01,6.446595788002014160e-01,6.129174828529357910e-01
8.800000000000006706e-01,6.483608509254437102e-01,-3.560568330775520929e-02,2.553548373413802031e-01,0.000000000000000000e+00,5.668920784047040695e-02,-3.918961302973657940e-02,0.000000000000000000e+00,1.174957275390625000e+00,7.283896803855895996e-01,6.379843354225158691e-01,6.254484653472900391e-01,6.311129927635192871e-01,5.960785746574401855e-01
9.000000000000006883e-01,6.513924003814676178e-01,-3.367661736464266919e-02,3.015249803112378668e-01,0.000000000000000000e+00,5.876684652339649734e-02,-3.570839286089748377e-02,0.000000000000000000e+00,1.171298503875732422e+00,7.276594638824462891e-01,6.403002142906188965e-01,6.246873736381530762e-01,6.204620003700256348e-01,5.807335376739501953e-01
9.200000000000007061e-01,6.543766501834488158e-01,-3.093581801065992121e-02,3.412683086833145363e-01,0.000000000000000000e+00,6.072022230235076673e-02,-3.154586919562273745e-02,0.000000000000000000e+00,1.168040871620178223e+00,7.265025377273559570e-01,6.450496315956115723e-01,6.241119503974914551e-01,6.116139888763427734e-01,5.658861994743347168e-01
9.400000000000007239e-01,6.573411983764725353e-01,-2.747682068934287347e-02,3.737288101143369512e-01,0.000000000000000000e+00,6.256625760613397647e-02,-2.684439310333497017e-02,0.000000000000000000e+00,1.164999842643737793e+00,7.248054146766662598e-01,6.520816087722778320e-01,6.238182783126831055e-01,6.036936044692993164e-01,5.509345531463623047e-01
9.600000000000007416e-01,6.602719809501805814e-01,-2.339063258879803264e-02,3.982004460064309526e-01,0.000000000000000000e+00,6.429867835501572315e-02,-2.173792522548516695e-02,0.000000000000000000e+00,1.162062406539916992e+00,7.224203348159790039e-01,6.611239910125732422e-01,6.239647269248962402e-01,5.962256789207458496e-01,5.357391238212585449e-01
9.800000000000007594e-01,6.631782688412103388e-01,-1.878485417763936516e-02,4.141681239419190419e-01,0.000000000000000000e+00,6.594762374359244839e-02,-1.637180944231914070e-02,0.000000000000000000e+00,1.159292459487915039e+00,7.193595170974731445e-01,6.716255545616149902e-01,6.246828436851501465e-01,5.893194675445556641e-01,5.208024978637695312e-01
1.000000000000000666e+00,6.660808783716515302e-01,-1.378431483691655579e-02,4.212850905783728783e-01,0.000000000000000000e+00,6.753452145826704944e-02,-1.088845176526628995e-02,0.000000000000000000e+00,1.157057762145996094e+00,7.159020900726318359e-01,6.828384399414062500e-01,6.259429454803466797e-01,5.836879611015319824e-01,5.070962905883789062e-01
1.019999999999998463e+00,6.689962477276836239e-01,-8.512742776758175367e-03,4.193812647471378274e-01,0.000000000000000000e+00,7.050991373895011682e-02,-2.890605633691558513e-03,0.000000000000000000e+00,1.155640363693237305e+00,7.123056650161743164e-01,6.937645673751831055e-01,6.275973916053771973e-01,5.800741314888000488e-01,5.000000000000000000e-01
1.039999999999996261e+00,6.719461521823998362e-01,-3.088753727439552677e-03,4.084863270676094005e-01,0.000000000000000000e+00,7.366592693757523236e-02,5.768785265623153045e-03,0.000000000000000000e+00,1.155057430267333984e+00,7.086954712867736816e-01,7.033742070198059082e-01,6.294830441474914551e-01,5.787231326103210449e-01,5.000000000000000000e-01
1.059999999999994058e+00,6.749562589994170247e-01,2.377747931057938580e-03,3.888421620064063111e-01,0.000000000000000000e+00,7.694787368098499059e-02,1.344455476828971749e-02,0.000000000000000000e+00,1.155194163322448730e+00,7.051532864570617676e-01,7.111696004867553711e-01,6.314680576324462891e-01,5.794007182121276855e-01,5.000000000000000000e-01
1.079999999999991855e+00,6.780461096068879367e-01,7.782776650442746469e-03,3.608863262629783963e-01,0.000000000000000000e+00,8.025852346322287501e-02,1.954751224920845895e-02,0.000000000000000000e+00,1.155943274497985840e+00,7.017335295677185059e-01,7.173905372619628906e-01,6.334412097930908203e-01,5.817769169807434082e-01,5.000000000000000000e-01
1.099999999999989653e+00,6.812234421752670910e-01,1.303262404598148905e-02,3.252179552250324401e-01,0.000000000000000000e+00,8.358457499265366242e-02,2.429323780298844188e-02,0.000000000000000000e+00,1.157243609428405762e+00,6.984938383102416992e-01,7.225973010063171387e-01,6.352910995483398438e-01,5.856584906578063965e-01,5.000000000000000000e-01
1.119999999999987450e+00,6.844970656939536324e-01,1.804182544017013390e-02,2.826034718257431910e-01,0.000000000000000000e+00,8.697763376100457744e-02,2.821107931273689196e-02,0.000000000000000000e+00,1.159086823463439941e+00,6.954994201660156250e-01,7.273180484771728516e-01,6.369176506996154785e-01,5.910303592681884766e-01,5.000000000000000000e-01
1.139999999999985247e+00,6.878795294126004434e-01,2.272866709801946161e-02,2.339657330617304631e-01,0.000000000000000000e+00,9.049915307718879587e-02,3.169467254624021291e-02,0.000000000000000000e+00,1.161487460136413574e+00,6.927546858787536621e-01,7.319403290748596191e-01,6.382762789726257324e-01,5.980643033981323242e-01,5.000000000000000000e-01
1.159999999999983045e+00,6.913798503266490592e-01,2.701528669331332289e-02,1.803786536357122050e-01,0.000000000000000000e+00,9.416955710320201733e-02,3.480252673734265251e-02,0.000000000000000000e+00,1.164427161216735840e+00,6.901468634605407715e-01,7.367212772369384766e-01,6.394059658050537109e-01,6.071424484252929688e-01,5.000000000000000000e-01
1.179999999999980842e+00,6.949674726439253325e-01,3.082453945841862053e-02,1.230444094038572328e-01,0.000000000000000000e+00,9.793938791159952084e-02,3.729093446800055972e-02,0.000000000000000000e+00,1.167850852012634277e+00,6.875293850898742676e-01,7.417941093444824219e-01,6.404138207435607910e-01,6.188160777091979980e-01,5.030679106712341309e-01
1.199999999999978639e+00,6.985930609693936644e-01,3.405745227472417591e-02,6.313527028444523848e-02,0.000000000000000000e+00,1.017430000536380108e-01,3.880051205406109122e-02,0.000000000000000000e+00,1.171650171279907227e+00,6.847957372665405273e-01,7.471860647201538086e-01,6.414477229118347168e-01,6.337791681289672852e-01,5.161396861076354980e-01
1.219999999999976437e+00,7.022201397005474188e-01,3.662007171610481837e-02,1.850505223016435732e-03,0.000000000000000000e+00,1.055160095600351927e-01,3.904859698032543680e-02,0.000000000000000000e+00,1.175723314285278320e+00,6.820564866065979004e-01,7.527639865875244141e-01,6.426105499267578125e-01,6.526145935058593750e-01,5.331363677978515625e-01
1.239999999999974234e+00,7.058239511844838221e-01,3.843059160028128307e-02,-5.958392982863970622e-02,0.000000000000000000e+00,1.092047949009246621e-01,3.791483784291262843e-02,0.000000000000000000e+00,1.180053472518920898e+00,6.797869801521301270e-01,7.580915093421936035e-01,6.438658833503723145e-01,6.750437617301940918e-01,5.535693764686584473e-01
1.259999999999972031e+00,7.093871282234514020e-01,3.942159624787616723e-02,-1.199227365552376079e-01,0.000000000000000000e+00,1.127694319990585892e-01,3.543409263144450122e-02,0.000000000000000000e+00,1.184815764427185059e+00,6.786954998970031738e-01,7.624570727348327637e-01,6.450504660606384277e-01,6.991258859634399414e-01,5.754395723342895508e-01
1.279999999999969829e+00,7.128893484992038232e-01,3.954238843191298924e-02,-1.778928291995062472e-01,0.000000000000000000e+00,1.161707009466976664e-01,3.173063597759926552e-02,0.000000000000000000e+00,1.190326213836669922e+00,6.793333888053894043e-01,7.652214765548706055e-01,6.460187435150146484e-01,7.219567894935607910e-01,5.960788726806640625e-01
1.299999999999967626e+00,7.163066204381010049e-01,3.876531613703049217e-02,-2.322426956469937909e-01,0.000000000000000000e+00,1.193792627657051519e-01,2.696065409051779174e-02,0.000000000000000000e+00,1.196700692176818848e+00,6.818063855171203613e-01,7.661047577857971191e-01,6.467191576957702637e-01,7.419081926345825195e-01,6.143721342086791992e-01
1.319999999999965423e+00,7.196279665391307478e-01,3.709032224430264257e-02,-2.817404244326052742e-01,0.000000000000000000e+00,1.223868102149136133e-01,2.128263403895779352e-02,0.000000000000000000e+00,1.200000047683715820e+00,6.858508586883544922e-01,7.650592327117919922e-01,6.471469402313232422e-01,7.592002749443054199e-01,6.311134099960327148e-01
1.339999999999963221e+00,7.228635800271675516e-01,3.454911101160185183e-02,-3.251697461573185843e-01,0.000000000000000000e+00,1.252103518022157358e-01,1.486751294056801696e-02,0.000000000000000000e+00,1.200000047683715820e+00,6.910659074783325195e-01,7.621678113937377930e-01,6.472764015197753906e-01,7.746059298515319824e-01,6.475158333778381348e-01
1.359999999999961018e+00,7.260459199955486831e-01,3.121605732924248588e-02,-3.613770777918284827e-01,0.000000000000000000e+00,1.278931659213562999e-01,7.918648369099848261e-03,0.000000000000000000e+00,1.200000047683715820e+00,6.969517469406127930e-01,7.578772902488708496e-01,6.470711231231689453e-01,7.883501052856445312e-01,6.639651060104370117e-01
1.379999999999958815e+00,7.291898719260314632e-01,2.718281180980947065e-02,-3.893491228002930460e-01,0.000000000000000000e+00,1.304262526874590822e-01,6.571627400494317638e-04,0.000000000000000000e+00,1.200000047683715820e+00,7.028911113739013672e-01,7.530497312545776367e-01,6.465526819229125977e-01,7.998571991920471191e-01,6.796749830245971680e-01
1.399999999999956612e+00,7.322898926360938976e-01,2.255382832403901583e-02,-4.083688364866633891e-01,0.000000000000000000e+00,1.328401038699635606e-01,-6.652553889322013018e-03,0.000000000000000000e+00,1.200000047683715820e+00,7.083955407142639160e-01,7.484009861946105957e-01,6.457797288894653320e-01,8.000000119209289551e-01,6.934413909912109375e-01
1.419999999999954410e+00,7.353683428056325688e-01,1.746132687384011062e-02,-4.179631480884249961e-01,0.000000000000000000e+00,1.351714541658661228e-01,-1.372613262149641015e-02,0.000000000000000000e+00,1.200000047683715820e+00,7.133017778396606445e-01,7.439824938774108887e-01,6.447672247886657715e-01,8.000000119209289551e-01,7.045996785163879395e-01
1.439999999999952207e+00,7.384436292575652372e-01,1.204340641631274078e-02,-4.178823542607842945e-01,0.000000000000000000e+00,1.374556156694597409e-01,-2.030227816737040572e-02,0.000000000000000000e+00,1.200000047683715820e+00,7.175699472427368164e-01,7.393068075180053711e-01,6.435512900352478027e-01,8.000000119209289551e-01,7.132217884063720703e-01
1.459999999999950004e+00,7.415397517549140449e-01,6.433840728882533888e-03,-4.081075685416295507e-01,0.000000000000000000e+00,1.397278065627652055e-01,-2.615831489317440792e-02,0.000000000000000000e+00,1.200000047683715820e+00,7.209693789482116699e-01,7.339501976966857910e-01,6.422755718231201172e-01,8.000000119209289551e-01,7.195768356323242188e-01
1.479999999999947802e+00,7.446871087034145908e-01,7.586970312856711196e-04,-3.888683212010394796e-01,0.000000000000000000e+00,1.420248529470377052e-01,-3.111945297572616190e-02,0.000000000000000000e+00,1.200000047683715820e+00,7.232557535171508789e-01,7.278689146041870117e-01,6.410855650901794434e-01,8.000000119209289551e-01,7.239052653312683105e-01
1.499999999999945599e+00,7.479125696975857940e-01,-4.862407184172357066e-03,-3.606333411811251666e-01,0.000000000000000000e+00,1.443576966174973109e-01,-3.505875829760130707e-02,0.000000000000000000e+00,1.200000047683715820e+00,7.245008349418640137e-01,7.211534976959228516e-01,6.399949193000793457e-01,8.000000119209289551e-01,7.264655828475952148e-01
1.519999999999943396e+00,7.512284384016739702e-01,-1.032015438856753731e-02,-3.240740633934304782e-01,0.000000000000000000e+00,1.467156465463299864e-01,-3.790795402371744532e-02,0.000000000000000000e+00,1.200000047683715820e+00,7.249887585639953613e-01,7.138244509696960449e-01,6.389451026916503906e-01,7.998331189155578613e-01,7.274297475814819336e-01
1.539999999999941194e+00,7.546460423908033510e-01,-1.551604266599093673e-02,-2.800652204076273244e-01,0.000000000000000000e+00,1.490746327761795220e-01,-3.965060327748064217e-02,0.000000000000000000e+00,1.200000047683715820e+00,7.250174283981323242e-01,7.058473229408264160e-01,6.378893852233886719e-01,7.918051481246948242e-01,7.267194390296936035e-01
1.559999999999938991e+00,7.581800277317688463e-01,-2.035693782517672412e-02,-2.296726485261691708e-01,0.000000000000000000e+00,1.514348939984543341e-01,-4.030067740567169765e-02,0.000000000000000000e+00,1.200000047683715820e+00,7.248764038085937500e-01,6.972346901893615723e-01,6.367939114570617676e-01,7.819003462791442871e-01,7.239161133766174316e-01
1.579999999999936788e+00,7.618392957579004365e-01,-2.475565786318950634e-02,-1.741416752411347468e-01,0.000000000000000000e+00,1.537595055607077210e-01,-3.990859453722160610e-02,0.000000000000000000e+00,1.200000047683715820e+00,7.248695492744445801e-01,6.880590319633483887e-01,6.356092691421508789e-01,7.696294784545898438e-01,7.182915806770324707e-01
1.599999999999934586e+00,7.655868361807725009e-01,-2.862627977071352525e-02,-1.148522987681141055e-01,0.000000000000000000e+00,1.559730932654402880e-01,-3.852013061184618448e-02,0.000000000000000000e+00,1.200000047683715820e+00,7.252767682075500488e-01,6.785113215446472168e-01,6.342639923095703125e-01,7.544496059417724609e-01,7.089748978614807129e-01
1.619999999999932383e+00,7.693676665598897513e-01,-3.186212710340552423e-02,-5.314112933446171055e-02,0.000000000000000000e+00,1.580116127547504523e-01,-3.617653277780567833e-02,0.000000000000000000e+00,1.200000047683715820e+00,7.262327671051025391e-01,6.688495874404907227e-01,6.326969265937805176e-01,7.359114885330200195e-01,6.952458620071411133e-01
1.639999999999930180e+00,7.731420888898949961e-01,-3.436697841001584708e-02,9.644619154307507852e-03,0.000000000000000000e+00,1.598279111194404467e-01,-3.293090600343186181e-02,0.000000000000000000e+00,1.200000047683715820e+00,7.276391386985778809e-01,6.595761775970458984e-01,6.309596300125122070e-01,7.142509818077087402e-01,6.770374178886413574e-01
1.659999999999927978e+00,7.768834743782431218e-01,-3.606101593269628314e-02,7.214332464446449045e-02,0.000000000000000000e+00,1.613894408529449320e-01,-2.884637632118914816e-02,0.000000000000000000e+00,1.194664120674133301e+00,7.291657924652099609e-01,6.514832973480224609e-01,6.292366385459899902e-01,6.911467313766479492e-01,6.557353138923645020e-01
1.679999999999925775e+00,7.805728879976574497e-01,-3.688259446104719119e-02,1.329489675455867714e-01,0.000000000000000000e+00,1.626815246706410645e-01,-2.399810106819225825e-02,0.000000000000000000e+00,1.189648628234863281e+00,7.304133772850036621e-01,6.454227566719055176e-01,6.277129650115966797e-01,6.694322824478149414e-01,6.340649724006652832e-01
1.699999999999923572e+00,7.841866414567097987e-01,-3.679519603074593581e-02,1.906795915435483268e-01,0.000000000000000000e+00,1.636849649591647915e-01,-1.848029882149386169e-02,0.000000000000000000e+00,1.185095787048339844e+00,7.311160564422607422e-01,6.419585347175598145e-01,6.264581084251403809e-01,6.512897610664367676e-01,6.143010854721069336e-01
1.719999999999921370e+00,7.877017977522136061e-01,-3.579599495139507148e-02,2.440921947799626623e-01,0.000000000000000000e+00,1.643925147436534617e-01,-1.241514548550696345e-02,0.000000000000000000e+00,1.181107401847839355e+00,7.312514185905456543e-01,6.412405371665954590e-01,6.254466176033020020e-01,6.371426582336425781e-01,5.969657897949218750e-01
1.739999999999919167e+00,7.911120638787690895e-01,-3.391526567396346836e-02,2.920890931395466739e-01,0.000000000000000000e+00,1.648185381539525873e-01,-5.960557567902143722e-03,0.000000000000000000e+00,1.177732229232788086e+00,7.309440374374389648e-01,6.431902647018432617e-01,6.246252655982971191e-01,6.262314915657043457e-01,5.813312530517578125e-01
1.759999999999916964e+00,7.944322238655929791e-01,-3.121641724598728240e-02,3.337063340174051818e-01,0.000000000000000000e+00,1.650389493395864049e-01,6.952453231912575447e-04,0.000000000000000000e+00,1.174834132194519043e+00,7.302473187446594238e-01,6.476599574089050293e-01,6.239785552024841309e-01,6.174284219741821289e-01,5.664030909538269043e-01
1.779999999999914762e+00,7.976943313757112186e-01,-2.779245811924457854e-02,3.680782730916235534e-01,0.000000000000000000e+00,1.651330404036656374e-01,7.342133342734744918e-03,0.000000000000000000e+00,1.172183752059936523e+00,7.290430068969726562e-01,6.544566750526428223e-01,6.235828995704650879e-01,6.097304821014404297e-01,5.515083670616149902e-01
1.799999999999912559e+00,8.008907468527398654e-01,-2.373371847912075783e-02,3.944677688542023719e-01,0.000000000000000000e+00,1.651181795353379722e-01,1.378975351405793866e-02,0.000000000000000000e+00,1.169601678848266602e+00,7.271329760551452637e-01,6.633027195930480957e-01,6.235918402671813965e-01,6.024925708770751953e-01,5.363926291465759277e-01
1.819999999999910356e+00,8.040223409964064594e-01,-1.914203148840770696e-02,4.123459308043918026e-01,0.000000000000000000e+00,1.650417012210976531e-01,1.984765245082166160e-02,0.000000000000000000e+00,1.167027950286865234e+00,7.244138717651367188e-01,6.737006902694702148e-01,6.241621971130371094e-01,5.956068634986877441e-01,5.213816165924072266e-01
1.839999999999908153e+00,8.071123063852891910e-01,-1.413982364779142742e-02,4.213432623441548119e-01,0.000000000000000000e+00,1.649479115922541372e-01,2.534195333990295340e-02,0.000000000000000000e+00,1.164739131927490234e+00,7.210680842399597168e-01,6.849386096000671387e-01,6.253068447113037109e-01,5.896460413932800293e-01,5.073450207710266113e-01
1.859999999999905951e+00,8.101805366436204414e-01,-8.851130955397801259e-03,4.212635315086612486e-01,0.000000000000000000e+00,1.648889225105436007e-01,3.013805323208098089e-02,0.000000000000000000e+00,1.163057565689086914e+00,7.173829078674316406e-01,6.960186362266540527e-01,6.268932819366455078e-01,5.854039788246154785e-01,5.000000000000000000e-01
1.879999999999903748e+00,8.132523860916227587e-01,-3.395380422254234976e-03,4.121085499161802335e-01,0.000000000000000000e+00,1.649102653644964056e-01,3.414118887980364947e-02,0.000000000000000000e+00,1.162121772766113281e+00,7.135959267616271973e-01,7.058477997779846191e-01,6.287420392036437988e-01,5.832991003990173340e-01,5.000000000000000000e-01
1.899999999999901545e+00,8.163579336933091124e-01,2.115651359295422917e-03,3.940968313041091631e-01,0.000000000000000000e+00,1.650390454167451060e-01,3.729469198083007475e-02,0.000000000000000000e+00,1.161919236183166504e+00,7.098901271820068359e-01,7.138082981109619141e-01,6.307032108306884766e-01,5.832396745681762695e-01,5.000000000000000000e-01
1.919999999999899343e+00,8.195233105302150989e-01,7.576464029070695272e-03,3.676507230046646701e-01,0.000000000000000000e+00,1.652665290884578198e-01,3.958117174213782868e-02,0.000000000000000000e+00,1.162378072738647461e+00,7.063489556312561035e-01,7.200701236724853516e-01,6.326690316200256348e-01,5.849473476409912109e-01,5.000000000000000000e-01
1.939999999999897140e+00,8.227609764796627312e-01,1.289056914104058649e-02,3.333577083589718271e-01,0.000000000000000000e+00,1.655941324552781813e-01,4.100364817148756391e-02,0.000000000000000000e+00,1.163424849510192871e+00,7.030035257339477539e-01,7.251985073089599609e-01,6.345444321632385254e-01,5.882312655448913574e-01,5.000000000000000000e-01
1.959999999999894937e+00,8.260822615784185752e-01,1.797140366233584974e-02,2.919671143658430501e-01,0.000000000000000000e+00,1.660474426642636891e-01,4.157427659550542304e-02,0.000000000000000000e+00,1.165029168128967285e+00,6.999015808105468750e-01,7.297539114952087402e-01,6.362330913543701172e-01,5.930518507957458496e-01,5.000000000000000000e-01
1.979999999999892735e+00,8.295022165950767246e-01,2.273656499102161277e-02,2.443858348124764435e-01,0.000000000000000000e+00,1.666207529751917438e-01,4.133030795206589503e-02,0.000000000000000000e+00,1.167200565338134766e+00,6.970739364624023438e-01,7.341552376747131348e-01,6.376689672470092773e-01,5.995286703109741211e-01,5.000000000000000000e-01
1.999999999999890532e+00,8.330353635332167217e-01,2.710766050708457442e-02,1.916689181060368952e-01,0.000000000000000000e+00,1.673022000744690541e-01,4.032494001069049372e-02,0.000000000000000000e+00,1.169926166534423828e+00,6.944459676742553711e-01,7.386837005615234375e-01,6.388602852821350098e-01,6.079795360565185547e-01,5.000000000000000000e-01
2.019999999999888551e+00,8.366609789376913131e-01,3.101124240603991833e-02,1.350241792289948728e-01,9.681660403117654523e-01,1.680287570749653958e-01,3.859683013079109881e-02,1.000000000000000000e+00,1.173151969909667969e+00,6.918729543685913086e-01,7.434971332550048828e-01,6.398924589157104492e-01,6.189231276512145996e-01,5.000000000000000000e-01
2.039999999999886349e+00,8.403303662841413724e-01,3.435707323775788469e-02,7.554440205637739936e-02,9.694108514242721908e-01,1.687304820157661811e-01,3.617456967078085117e-02,1.000000000000000000e+00,1.200000047683715820e+00,6.969218850135803223e-01,7.591536045074462891e-01,6.444165706634521484e-01,6.467545032501220703e-01,5.066207051277160645e-01
2.059999999999884146e+00,8.440053307921751014e-01,3.706273998106079937e-02,1.412599534301285306e-02,9.707317373964993168e-01,1.693507426970732033e-01,3.307652303252641562e-02,1.000000000000000000e+00,1.200000047683715820e+00,6.939218640327453613e-01,7.641567587852478027e-01,6.457905769348144531e-01,6.649121642112731934e-01,5.227505564689636230e-01
2.079999999999881943e+00,8.476605063668164464e-01,3.903214317477743389e-02,-4.799040591003544270e-02,9.711774914333564102e-01,1.698576696168463684e-01,2.930278456330090084e-02,1.000000000000000000e+00,1.200000047683715820e+00,6.910611987113952637e-01,7.687224149703979492e-01,6.470553278923034668e-01,6.865131855010986328e-01,5.426329970359802246e-01
2.099999999999879741e+00,8.512798753846286814e-01,4.017005311974586323e-02,-1.092657944407212783e-01,9.711406351488939270e-01,1.702311491984447867e-01,2.485540583869473574e-02,1.000000000000000000e+00,1.200000047683715820e+00,6.892079710960388184e-01,7.721612453460693359e-01,6.479348540306091309e-01,7.102242708206176758e-01,5.649179816246032715e-01
2.119999999999877538e+00,8.548475559928772061e-01,4.040515044405934564e-02,-1.680841982410831159e-01,9.709854220713300954e-01,1.704394779384983127e-01,1.976347849645235591e-02,1.000000000000000000e+00,1.200000047683715820e+00,6.891155838966369629e-01,7.738451361656188965e-01,6.483376026153564453e-01,7.332673668861389160e-01,5.868579745292663574e-01
2.139999999999875335e+00,8.583405093772737970e-01,3.970492739293546292e-02,-2.229666798610562550e-01,9.709776292804681574e-01,1.704473878661849906e-01,1.409747690834807846e-02,1.000000000000000000e+00,1.200000047683715820e+00,6.910216212272644043e-01,7.736358046531677246e-01,6.484244465827941895e-01,7.535418868064880371e-01,6.064530014991760254e-01
2.159999999999873133e+00,8.617455773595263935e-01,3.808040743961399466e-02,-2.726496990630468131e-01,9.711269813947154272e-01,1.702563574538518698e-01,7.961254735108313704e-03,1.000000000000000000e+00,1.200000047683715820e+00,6.946491599082946777e-01,7.717225551605224609e-01,6.483600735664367676e-01,7.709526419639587402e-01,6.239753365516662598e-01
2.179999999999870930e+00,8.650690267150931145e-01,3.558140267666565215e-02,-3.160560145672082211e-01,9.711947879769439185e-01,1.699315103440306729e-01,1.515328679368428515e-03,1.000000000000000000e+00,1.200000047683715820e+00,6.994355916976928711e-01,7.684140205383300781e-01,6.481696963310241699e-01,7.860721945762634277e-01,6.405013203620910645e-01
2.199999999999868727e+00,8.683373023805507351e-01,3.229628889799218694e-02,-3.522378275343197029e-01,9.709751230931363830e-01,1.695500978151644189e-01,-5.041766606922286342e-03,1.000000000000000000e+00,1.200000047683715820e+00,7.047012448310852051e-01,7.642780542373657227e-01,6.477906107902526855e-01,7.988921999931335449e-01,6.563308238983154297e-01
2.219999999999866525e+00,8.715575622334353900e-01,2.832033096587854848e-02,-3.803423418416715385e-01,9.703402382407774196e-01,1.691201600090307955e-01,-1.153026725254169965e-02,1.000000000000000000e+00,1.200000047683715820e+00,7.098637819290161133e-01,7.600492238998413086e-01,6.471903324127197266e-01,8.000000119209289551e-01,6.708718538284301758e-01
2.239999999999864322e+00,8.747203308150512946e-01,2.375380618177608261e-02,-3.997189694553128225e-01,9.692526782837139754e-01,1.686755007772568760e-01,-1.776247717627431680e-02,1.000000000000000000e+00,1.200000047683715820e+00,7.146344780921936035e-01,7.561454772949218750e-01,6.463663578033447266e-01,8.000000119209289551e-01,6.834080815315246582e-01
2.259999999999862119e+00,8.778478617008331764e-01,1.872102051389823441e-02,-4.098764028757774236e-01,9.678226880349288797e-01,1.682550859158999379e-01,-2.354613863139915983e-02,1.000000000000000000e+00,1.200000047683715820e+00,7.189768552780151367e-01,7.524337172508239746e-01,6.452959775924682617e-01,8.000000119209289551e-01,6.936404109001159668e-01
2.279999999999859916e+00,8.809607117989335379e-01,1.335433164287186392e-02,-4.105057613630104241e-01,9.663372142872934667e-01,1.679054397185644476e-01,-2.870975247286043641e-02,1.000000000000000000e+00,1.200000047683715820e+00,7.228538393974304199e-01,7.484841346740722656e-01,6.440266370773315430e-01,8.000000119209289551e-01,7.016437053680419922e-01
2.299999999999857714e+00,8.840845897647621188e-01,7.784249001073995089e-03,-4.015253205480832643e-01,9.652143987520163115e-01,1.676755155220952531e-01,-3.311006417530475143e-02,1.000000000000000000e+00,1.200000047683715820e+00,7.260313034057617188e-01,7.440318465232849121e-01,6.427558660507202148e-01,8.000000119209289551e-01,7.075467109680175781e-01
2.319999999999855511e+00,8.872511127946396403e-01,2.136738225330336860e-03,-3.831211079817584686e-01,9.648165427572723551e-01,1.675992653695625723e-01,-3.663860592645066389e-02,1.000000000000000000e+00,1.200000047683715820e+00,7.282811999320983887e-01,7.390715479850769043e-01,6.416715383529663086e-01,8.000000119209289551e-01,7.115176916122436523e-01
2.339999999999853308e+00,8.904891903928323638e-01,-3.467442068858628268e-03,-3.557424591619208210e-01,9.652238539032292897e-01,1.676773577006690219e-01,-3.922968586991473772e-02,1.000000000000000000e+00,1.200000047683715820e+00,7.296554446220397949e-01,7.336338162422180176e-01,6.407828330993652344e-01,8.000000119209289551e-01,7.137561440467834473e-01
2.359999999999851106e+00,8.938121346786008781e-01,-8.916088503857555470e-03,-3.200568030911966622e-01,9.662094567442455206e-01,1.678780353813452975e-01,-4.086821327718889035e-02,1.000000000000000000e+00,1.200000047683715820e+00,7.303969264030456543e-01,7.277193069458007812e-01,6.399971246719360352e-01,8.000000119209289551e-01,7.143638134002685547e-01
2.379999999999848903e+00,8.972306087248023143e-01,-1.410894450228972197e-02,-2.769319624033950711e-01,9.677241835123406855e-01,1.682297785294897818e-01,-4.155014141308281672e-02,1.000000000000000000e+00,1.200000047683715820e+00,7.307468056678771973e-01,7.213006019592285156e-01,6.392397880554199219e-01,8.000000119209289551e-01,7.132652997970581055e-01
2.399999999999846700e+00,9.007587709876645476e-01,-1.895208220897276474e-02,-2.274202689608589845e-01,9.694163524628127693e-01,1.687324369374904043e-01,-4.130374034035840664e-02,1.000000000000000000e+00,1.200000047683715820e+00,7.309133410453796387e-01,7.143675684928894043e-01,6.384713649749755859e-01,7.925656437873840332e-01,7.101290822029113770e-01
2.419999999999844498e+00,9.044086118280347808e-01,-2.335776041044868023e-02,-1.727395942929747796e-01,9.707509396626738951e-01,1.693641972982102284e-01,-4.018735498545582263e-02,1.000000000000000000e+00,1.200000047683715820e+00,7.311192750930786133e-01,7.069244980812072754e-01,6.376510858535766602e-01,7.819616794586181641e-01,7.043080329895019531e-01
2.439999999999842295e+00,9.081505633326936167e-01,-2.724388971788488378e-02,-1.142560270930405297e-01,9.711970059627413887e-01,1.700519098985416866e-01,-3.824410857507309219e-02,1.000000000000000000e+00,1.200000047683715820e+00,7.316074371337890625e-01,6.990136504173278809e-01,6.367098093032836914e-01,7.685294747352600098e-01,6.948865056037902832e-01
2.459999999999840092e+00,9.119296110149421875e-01,-3.050750791839290654e-02,-5.329875738263330914e-02,9.706271717170078528e-01,1.707181177971718589e-01,-3.550057019344898118e-02,1.000000000000000000e+00,1.200000047683715820e+00,7.325834035873413086e-01,6.906867623329162598e-01,6.355450153350830078e-01,7.516096830368041992e-01,6.810113191604614258e-01
2.479999999999837890e+00,9.157044223348962397e-01,-3.305233098653048707e-02,8.798091256199815774e-03,9.693319882366585594e-01,1.712972211861659433e-01,-3.199038975507659255e-02,1.000000000000000000e+00,1.200000047683715820e+00,7.341196537017822266e-01,6.821579337120056152e-01,6.340733766555786133e-01,7.312540411949157715e-01,6.626579761505126953e-01
2.499999999999835687e+00,9.194470375472942880e-01,-3.479872954671298091e-02,7.070062371293964198e-02,9.678113712350790987e-01,1.717478400538017258e-01,-2.775948658843293421e-02,1.000000000000000000e+00,1.200000047683715820e+00,7.360500097274780273e-01,6.740593910217285156e-01,6.323333382606506348e-01,7.091459035873413086e-01,6.415345668792724609e-01
2.519999999999833484e+00,9.231376390698553536e-01,-3.568575632841985978e-02,1.310891008417829073e-01,9.665825188035953586e-01,1.720409206804956181e-01,-2.285901330465977058e-02,1.000000000000000000e+00,1.200000047683715820e+00,7.379944324493408203e-01,6.673182249069213867e-01,6.305441856384277344e-01,6.880301237106323242e-01,6.204399466514587402e-01
2.539999999999831282e+00,9.267527909292530008e-01,-3.567279075906920616e-02,1.886537131029419057e-01,9.661427852236947889e-01,1.721361276151361641e-01,-1.735575518515156818e-02,1.000000000000000000e+00,1.200000047683715820e+00,7.396057844161987305e-01,6.627798080444335938e-01,6.289717555046081543e-01,6.699955463409423828e-01,6.013454198837280273e-01
2.559999999999829079e+00,9.302676270265803904e-01,-3.474583856942958793e-02,2.421488943915351411e-01,9.667725008673646592e-01,1.719983985038879004e-01,-1.134182672724616189e-02,1.000000000000000000e+00,1.200000047683715820e+00,7.407608032226562500e-01,6.609120965003967285e-01,6.277342438697814941e-01,6.557041406631469727e-01,5.846273303031921387e-01
2.579999999999826876e+00,9.336731708546954778e-01,-3.292063255967997426e-02,2.903957010496996394e-01,9.682208775625290587e-01,1.716386616399607490e-01,-4.928964813124152300e-03,1.000000000000000000e+00,1.200000047683715820e+00,7.414748072624206543e-01,6.618164777755737305e-01,6.268145442008972168e-01,6.448253393173217773e-01,5.697399377822875977e-01
2.599999999999824674e+00,9.369820049575225962e-01,-3.024618907634157861e-02,3.322959320304325059e-01,9.697670895216180531e-01,1.711360212448367613e-01,1.713558656646023155e-03,1.000000000000000000e+00,1.200000047683715820e+00,7.417325973510742188e-01,6.653469800949096680e-01,6.261742711067199707e-01,6.365129947662353516e-01,5.559260249137878418e-01
2.619999999999822471e+00,9.402273355635921703e-01,-2.680744883567887094e-02,3.668438306287765682e-01,9.708355357559279586e-01,1.705727805946225251e-01,8.388286166479816050e-03,1.000000000000000000e+00,1.200000047683715820e+00,7.413924932479858398e-01,6.711928248405456543e-01,6.258293986320495605e-01,6.297085285186767578e-01,5.425204634666442871e-01
2.639999999999820268e+00,9.434119871796555756e-01,-2.269527255947534350e-02,3.931686195728349986e-01,9.711983404271751219e-01,1.699613526613894254e-01,1.491573965892528490e-02,1.000000000000000000e+00,1.200000047683715820e+00,7.402170896530151367e-01,6.790348291397094727e-01,6.258562803268432617e-01,6.234678626060485840e-01,5.289908051490783691e-01
2.659999999999818066e+00,9.465352185982747191e-01,-1.801378204297193752e-02,4.106494178487907210e-01,9.707855106530186573e-01,1.693442209185559155e-01,2.110545702658918679e-02,1.000000000000000000e+00,1.198682069778442383e+00,7.379690408706665039e-01,6.885650753974914551e-01,6.263631582260131836e-01,6.172674298286437988e-01,5.151776671409606934e-01
2.679999999999815863e+00,9.496217624896958753e-01,-1.289350520794457777e-02,4.188668717728561419e-01,9.696707407303936099e-01,1.687630144125634724e-01,2.676954309661703710e-02,1.000000000000000000e+00,1.196464657783508301e+00,7.345848679542541504e-01,6.992781758308410645e-01,6.274132132530212402e-01,6.112825274467468262e-01,5.016447305679321289e-01
2.699999999999813660e+00,9.526932198705286847e-01,-7.470562471723563025e-03,4.176181124298915526e-01,9.681482799306259102e-01,1.682683151944270317e-01,3.175271707341321276e-02,1.000000000000000000e+00,1.194264173507690430e+00,7.302692532539367676e-01,7.101615667343139648e-01,6.289739012718200684e-01,6.062099337577819824e-01,5.000000000000000000e-01
2.719999999999811457e+00,9.557768643148849552e-01,-1.877826692035566847e-03,4.069416757718452571e-01,9.667057783007614313e-01,1.679064550543810375e-01,3.594005028593698359e-02,1.000000000000000000e+00,1.192395448684692383e+00,7.255194187164306641e-01,7.198879718780517578e-01,6.309018731117248535e-01,6.027543544769287109e-01,5.000000000000000000e-01
2.739999999999809255e+00,9.589044245119628940e-01,3.760523133937931917e-03,3.871255562775330339e-01,9.657843655361700863e-01,1.677048953985331436e-01,3.925769289916732074e-02,1.000000000000000000e+00,1.191216707229614258e+00,7.209020853042602539e-01,7.276732921600341797e-01,6.330011487007141113e-01,6.012863516807556152e-01,5.000000000000000000e-01
2.759999999999807052e+00,9.621016142147174044e-01,9.328426463593664231e-03,3.586764063860926055e-01,9.655454368368260321e-01,1.676554850847525591e-01,4.167662643827028945e-02,1.000000000000000000e+00,1.190917253494262695e+00,7.167087793350219727e-01,7.337239384651184082e-01,6.351016759872436523e-01,6.018407344818115234e-01,5.000000000000000000e-01
2.779999999999804849e+00,9.653796877291604961e-01,1.472260133471758881e-02,3.222666912787751636e-01,9.659678820964906487e-01,1.677438645906866865e-01,4.319619764625176606e-02,1.000000000000000000e+00,1.191477298736572266e+00,7.129895687103271484e-01,7.386857867240905762e-01,6.370818018913269043e-01,6.043281555175781250e-01,5.000000000000000000e-01
2.799999999999802647e+00,9.687499443458456039e-01,1.985133161781149624e-02,2.787311338118025339e-01,9.671297226722374019e-01,1.680047468732904226e-01,4.381876319726824009e-02,1.000000000000000000e+00,1.192825913429260254e+00,7.097156643867492676e-01,7.431403398513793945e-01,6.388674974441528320e-01,6.087395548820495605e-01,5.000000000000000000e-01
2.819999999999800444e+00,9.722279898317367497e-01,2.462808555498069429e-02,2.290599310602547678e-01,9.687264207321848453e-01,1.684352790349603057e-01,4.357295601362409093e-02,1.000000000000000000e+00,1.194924354553222656e+00,7.068112492561340332e-01,7.474924921989440918e-01,6.404420137405395508e-01,6.152501702308654785e-01,5.000000000000000000e-01
2.839999999999798241e+00,9.758255808516440588e-01,2.897155608098528345e-02,1.744022539326921251e-01,9.702216725409299469e-01,1.690105708804777729e-01,4.250990566328437248e-02,1.000000000000000000e+00,1.197730660438537598e+00,7.041130065917968750e-01,7.520072460174560547e-01,6.418552994728088379e-01,6.242669224739074707e-01,5.000000000000000000e-01
2.859999999999796039e+00,9.795115136983977289e-01,3.280099497039462575e-02,1.160505615078912672e-01,9.710696893222705572e-01,1.696575277354105404e-01,4.065586627261536662e-02,1.000000000000000000e+00,1.200000047683715820e+00,7.014294266700744629e-01,7.568124532699584961e-01,6.431963443756103516e-01,6.363686323165893555e-01,5.000000000000000000e-01
2.879999999999793836e+00,9.832353485352116618e-01,3.601099306205091111e-02,5.529754162403082568e-02,9.710976896189708052e-01,1.703034535443587183e-01,3.802034447549956786e-02,1.000000000000000000e+00,1.200000047683715820e+00,6.986163854598999023e-01,7.618700861930847168e-01,6.445434689521789551e-01,6.521975994110107422e-01,5.084460973739624023e-01
2.899999999999791633e+00,9.869604505543455586e-01,3.850114297352330572e-02,-6.492064448861539598e-03,9.703246135399044014e-01,1.708878022590170354e-01,3.461786676188753631e-02,1.000000000000000000e+00,1.200000047683715820e+00,6.957867741584777832e-01,7.668861150741577148e-01,6.458649039268493652e-01,6.721056103706359863e-01,5.261619091033935547e-01
2.919999999999789431e+00,9.906622647353842126e-01,4.018765624405296055e-02,-6.793417823346474538e-02,9.691104895777371553e-01,1.713720520563810357e-01,3.047786416690711694e-02,1.000000000000000000e+00,1.200000047683715820e+00,6.934512853622436523e-01,7.712130546569824219e-01,6.469758749008178711e-01,6.953704953193664551e-01,5.474994182586669922e-01
2.939999999999787228e+00,9.943229048061653641e-01,4.100842804643073380e-02,-1.276761941464082395e-01,9.678883573139127616e-01,1.717278380942673377e-01,2.563959540198756590e-02,1.000000000000000000e+00,1.200000047683715820e+00,6.923248767852783203e-01,7.740664482116699219e-01,6.476738452911376953e-01,7.197022438049316406e-01,5.704045295715332031e-01
2.959999999999785025e+00,9.979188411572582629e-01,4.092486563774799802e-02,-1.844108337499215378e-01,9.671351313945824035e-01,1.719146376619072603e-01,2.016203815084332412e-02,1.000000000000000000e+00,1.200000047683715820e+00,6.929042339324951172e-01,7.750177979469299316e-01,6.479692459106445312e-01,7.422323822975158691e-01,5.920942425727844238e-01
2.979999999999782823e+00,1.001425984090850818e+00,3.992724609113912360e-02,-2.369226946447321458e-01,9.672061278936684436e-01,1.718978097959237006e-01,1.413166112249333341e-02,1.000000000000000000e+00,1.200000047683715820e+00,6.952296495437622070e-01,7.741365432739257812e-01,6.480283141136169434e-01,7.616188526153564453e-01,6.113075017929077148e-01
2.999999999999780620e+00,1.004836666948123458e+00,3.803567536654550718e-02,-2.840691008118172434e-01,9.680840601563425185e-01,1.716759248321233500e-01,7.656978790942343786e-03,1.000000000000000000e+00,1.200000047683715820e+00,6.989930868148803711e-01,7.716936469078063965e-01,6.479486227035522461e-01,7.782033681869506836e-01,6.286878585815429688e-01
3.019999999999778417e+00,1.008163585501616444e+00,3.530425135063386399e-02,-3.247821383705910003e-01,9.692801935952799486e-01,1.713150994013828698e-01,8.950716167340788416e-04,1.000000000000000000e+00,1.200000047683715820e+00,7.036760449409484863e-01,7.680856585502624512e-01,6.477097868919372559e-01,7.924479842185974121e-01,6.450904011726379395e-01
3.039999999999776215e+00,1.011438205172510152e+00,3.181976379974593705e-02,-3.580747921233169428e-01,9.703234928736022002e-01,1.708883706068088648e-01,-5.975916458542108317e-03,1.000000000000000000e+00,1.200000047683715820e+00,7.086660265922546387e-01,7.639463543891906738e-01,6.472626328468322754e-01,8.000000119209289551e-01,6.605132818222045898e-01
3.059999999999774012e+00,1.014656478385373983e+00,2.767242436351130541e-02,-3.831015503423266799e-01,9.710157695294308056e-01,1.704072133332519834e-01,-1.277533749380184089e-02,1.000000000000000000e+00,1.200000047683715820e+00,7.134767770767211914e-01,7.599234580993652344e-01,6.466040015220642090e-01,8.000000119209289551e-01,6.743112206459045410e-01
3.079999999999771809e+00,1.017820705303037032e+00,2.296868599273022005e-02,-3.992575821766553013e-01,9.711916353891337783e-01,1.699132349075681281e-01,-1.928194960665566629e-02,1.000000000000000000e+00,1.200000047683715820e+00,7.179020047187805176e-01,7.562332153320312500e-01,6.457260251045227051e-01,8.000000119209289551e-01,6.859230995178222656e-01
3.099999999999769607e+00,1.020953212079194206e+00,1.783932120856002168e-02,-4.061306150201234311e-01,9.708501368354462979e-01,1.694388120253833840e-01,-2.527467597797522156e-02,1.000000000000000000e+00,1.200000047683715820e+00,7.219210863113403320e-01,7.526006698608398438e-01,6.446127295494079590e-01,8.000000119209289551e-01,6.952316761016845703e-01
3.119999999999767404e+00,1.024073958543096463e+00,1.241745519339265691e-02,-4.035130038187476065e-01,9.701512713642129748e-01,1.690282227401321002e-01,-3.056732722846892958e-02,1.000000000000000000e+00,1.200000047683715820e+00,7.254368066787719727e-01,7.486467957496643066e-01,6.433618068695068359e-01,8.000000119209289551e-01,7.023443579673767090e-01
3.139999999999765201e+00,1.027209945886842002e+00,6.833618031849897356e-03,-3.914331145963385050e-01,9.694168504277665965e-01,1.687326140491983706e-01,-3.502227522868435472e-02,1.000000000000000000e+00,1.200000047683715820e+00,7.282147407531738281e-01,7.442418336868286133e-01,6.421827673912048340e-01,8.000000119209289551e-01,7.073888182640075684e-01
3.159999999999762998e+00,1.030393255386860885e+00,1.211439774169875694e-03,-3.701729536785340335e-01,9.689871649948090804e-01,1.685879949546285894e-01,-3.854957335229575177e-02,1.000000000000000000e+00,1.200000047683715820e+00,7.301362156867980957e-01,7.393994331359863281e-01,6.412000060081481934e-01,8.000000119209289551e-01,7.105644345283508301e-01
3.179999999999760796e+00,1.033649011029075249e+00,-4.330449938865610360e-03,-3.402508543655821671e-01,9.690087357306480520e-01,1.685949015188586975e-01,-4.110533254198608932e-02,1.000000000000000000e+00,1.200000047683715820e+00,7.313289642333984375e-01,7.341042160987854004e-01,6.403767466545104980e-01,8.000000119209289551e-01,7.120611667633056641e-01
3.199999999999758593e+00,1.036988694377285691e+00,-9.684732040435517497e-03,-3.023810917586641778e-01,9.694106364221914962e-01,1.687304056706921129e-01,-4.268715404743440162e-02,1.000000000000000000e+00,1.200000047683715820e+00,7.320232987403869629e-01,7.283313274383544922e-01,6.396251320838928223e-01,8.000000119209289551e-01,7.119330167770385742e-01
3.219999999999756390e+00,1.040424299680812181e+00,-1.475373873590890561e-02,-2.574742588650328345e-01,9.701548828189767715e-01,1.690298982903223890e-01,-4.329217197431746433e-02,1.000000000000000000e+00,1.200000047683715820e+00,7.324217557907104492e-01,7.220481634140014648e-01,6.388862729072570801e-01,8.000000119209289551e-01,7.100336551666259766e-01
3.239999999999754188e+00,1.043971246818526710e+00,-1.944522143413601745e-02,-2.066172275264816505e-01,9.709182204797368598e-01,1.694963758297954037e-01,-4.294296795989811788e-02,1.000000000000000000e+00,1.200000047683715820e+00,7.327084541320800781e-01,7.152348756790161133e-01,6.381237506866455078e-01,7.913289070129394531e-01,7.059429883956909180e-01
3.259999999999751985e+00,1.047635507481008643e+00,-2.367457117368931829e-02,-1.510703296123058204e-01,9.711906226197267733e-01,1.700918677408941315e-01,-4.169414869763109210e-02,1.000000000000000000e+00,1.200000047683715820e+00,7.330959439277648926e-01,7.078852653503417969e-01,6.372882723808288574e-01,7.800895571708679199e-01,6.989143490791320801e-01
3.279999999999749782e+00,1.051376038968695692e+00,-2.735640242941234090e-02,-9.219878460539654430e-02,9.705943231792372172e-01,1.707384268991298526e-01,-3.957731345320470578e-02,1.000000000000000000e+00,1.200000047683715820e+00,7.338142395019531250e-01,7.000519633293151855e-01,6.362986564636230469e-01,7.658076882362365723e-01,6.880035400390625000e-01
3.299999999999747580e+00,1.055140828829041588e+00,-3.038792379958710210e-02,-3.132316559189715632e-02,9.691398854117520001e-01,1.713623566305918500e-01,-3.662318928664299450e-02,1.000000000000000000e+00,1.200000047683715820e+00,7.350363135337829590e-01,6.917893886566162109e-01,6.350466609001159668e-01,7.479337453842163086e-01,6.725335121154785156e-01
3.319999999999745377e+00,1.058893150716853970e+00,-3.267876544986703102e-02,3.022565486473889271e-02,9.671946168907554764e-01,1.719005482172971666e-01,-3.287199855481182098e-02,1.000000000000000000e+00,1.200000047683715820e+00,7.367758154869079590e-01,6.834210753440856934e-01,6.334678530693054199e-01,7.269695997238159180e-01,6.530151963233947754e-01
3.339999999999743174e+00,1.062608052705382278e+00,-3.415554407771198564e-02,9.112818483584647633e-02,9.652807500401309193e-01,1.723115264100165689e-01,-2.837861922397328512e-02,1.000000000000000000e+00,1.200000047683715820e+00,7.388054132461547852e-01,6.756991744041442871e-01,6.316545605659484863e-01,7.050420045852661133e-01,6.316717267036437988e-01
3.359999999999740972e+00,1.066266206978113917e+00,-3.476407336057479869e-02,1.500806335012947190e-01,9.639183826222816887e-01,1.725646504596353437e-01,-2.320337341694679242e-02,1.000000000000000000e+00,1.200000047683715820e+00,7.407490611076354980e-01,6.695983409881591797e-01,6.298767328262329102e-01,6.848393082618713379e-01,6.111665964126586914e-01
3.379999999999738769e+00,1.069842150506450373e+00,-3.447134915300759106e-02,2.058034697698687687e-01,9.635997300759524542e-01,1.726203757822376839e-01,-1.742313106991079386e-02,1.000000000000000000e+00,1.200000047683715820e+00,7.423394322395324707e-01,6.659044027328491211e-01,6.283781528472900391e-01,6.680347323417663574e-01,5.929038524627685547e-01
3.399999999999736566e+00,1.073314120327943488e+00,-3.327233076126490108e-02,2.570909526855226779e-01,9.645589160543266427e-01,1.724488590524559939e-01,-1.113891622231585367e-02,1.000000000000000000e+00,1.200000047683715820e+00,7.435075044631958008e-01,6.649687290191650391e-01,6.272279024124145508e-01,6.549606323242187500e-01,5.768886804580688477e-01
3.419999999999734364e+00,1.076679057956824836e+00,-3.119125158211882853e-02,3.028058962442501945e-01,9.664988711274622446e-01,1.720593670242698547e-01,-4.472456741909821426e-03,1.000000000000000000e+00,1.200000047683715820e+00,7.442506551742553711e-01,6.667821407318115234e-01,6.263927817344665527e-01,6.451184749603271484e-01,5.625128746032714844e-01
3.439999999999732161e+00,1.079954302947140787e+00,-2.828845313296557418e-02,3.418962907558061315e-01,9.685912000390828336e-01,1.715332931645793257e-01,2.403995156885874000e-03,1.000000000000000000e+00,1.200000047683715820e+00,7.444931864738464355e-01,6.710788011550903320e-01,6.258472800254821777e-01,6.375505924224853516e-01,5.490856766700744629e-01
3.459999999999729958e+00,1.083172333727790537e+00,-2.465263753450563922e-02,3.734030326630889407e-01,9.702239198355668837e-01,1.709374972836208428e-01,9.295320399614160484e-03,1.000000000000000000e+00,1.200000047683715820e+00,7.440447807312011719e-01,6.774838566780090332e-01,6.256237030029296875e-01,6.311817169189453125e-01,5.359942317008972168e-01
3.479999999999727756e+00,1.086323565915734424e+00,-2.037468556820415388e-02,3.965469036594859720e-01,9.711041010819743136e-01,1.702937910225973961e-01,1.601637920928545775e-02,1.000000000000000000e+00,1.200000047683715820e+00,7.426565289497375488e-01,6.857039332389831543e-01,6.257980465888977051e-01,6.251654624938964844e-01,5.227437615394592285e-01
3.499999999999725553e+00,1.089419118137711751e+00,-1.556576870826031911e-02,4.107800464541177532e-01,9.710642122206426530e-01,1.696504040912464595e-01,2.237158813906717572e-02,1.000000000000000000e+00,1.200000047683715820e+00,7.401033639907836914e-01,6.954061388969421387e-01,6.264590620994567871e-01,6.191444993019104004e-01,5.093390345573425293e-01
3.519999999999723350e+00,1.092482472085120504e+00,-1.035772354069325329e-02,4.157429000641911787e-01,9.701910717959859598e-01,1.690468506081375943e-01,2.817659760039202890e-02,1.000000000000000000e+00,1.200000047683715820e+00,7.363595962524414062e-01,7.059723734855651855e-01,6.276408433914184570e-01,6.133965253829956055e-01,5.000000000000000000e-01
3.539999999999721148e+00,1.095536053037459823e+00,-4.882343339710604191e-03,4.112811366729720031e-01,9.688968683011933702e-01,1.685366814799342805e-01,3.327113683369582048e-02,1.000000000000000000e+00,1.198472738265991211e+00,7.317261695861816406e-01,7.162792682647705078e-01,6.292893886566162109e-01,6.085909605026245117e-01,5.000000000000000000e-01
3.559999999999718945e+00,1.098609293372772022e+00,7.301676582326943610e-04,3.974927137185863546e-01,9.676537661655651990e-01,1.681709002876178860e-01,3.752879466135927017e-02,1.000000000000000000e+00,1.196574211120605469e+00,7.268303632736206055e-01,7.251263856887817383e-01,6.312497854232788086e-01,6.054095029830932617e-01,5.000000000000000000e-01
3.579999999999716742e+00,1.101734973311648602e+00,6.356122527339469475e-03,3.747367597602542788e-01,9.668848024180897172e-01,1.679782771578016698e-01,4.085921192534369001e-02,1.000000000000000000e+00,1.195491075515747070e+00,7.222381234169006348e-01,7.320759892463684082e-01,6.333303451538085938e-01,6.042339801788330078e-01,5.000000000000000000e-01
3.599999999999714539e+00,1.104935212854011084e+00,1.187845232649492599e-02,3.435885792813380135e-01,9.667622380200909804e-01,1.679496835086904949e-01,4.322184458123332768e-02,1.000000000000000000e+00,1.195361137390136719e+00,7.181536555290222168e-01,7.375396490097045898e-01,6.353764533996582031e-01,6.051070690155029297e-01,5.000000000000000000e-01
3.619999999999712337e+00,1.108220346671545453e+00,1.719521336938073519e-02,3.047838042203486197e-01,9.672193283700225575e-01,1.680612744535221470e-01,4.461407677475552613e-02,1.000000000000000000e+00,1.196099758148193359e+00,7.145661115646362305e-01,7.421473264694213867e-01,6.372854113578796387e-01,6.079574227333068848e-01,5.000000000000000000e-01
3.639999999999710134e+00,1.111602578673148933e+00,2.221486333133815272e-02,2.592172435537409836e-01,9.682834636967481146e-01,1.683470773279171218e-01,4.503935126531199984e-02,1.000000000000000000e+00,1.197610378265380859e+00,7.114189863204956055e-01,7.463988661766052246e-01,6.389999985694885254e-01,6.128075122833251953e-01,5.000000000000000000e-01
3.659999999999707931e+00,1.115098078760380140e+00,2.685127271699977447e-02,2.079293487681297403e-01,9.696165715034188448e-01,1.688029044769271403e-01,4.453229542545129871e-02,1.000000000000000000e+00,1.199842333793640137e+00,7.086135149002075195e-01,7.506371736526489258e-01,6.405190229415893555e-01,6.198764443397521973e-01,5.000000000000000000e-01
3.679999999999705729e+00,1.118709899002355623e+00,3.102482597401873265e-02,1.521395121691209440e-01,9.707806237600243859e-01,1.693855752425998396e-01,4.315357690038881811e-02,1.000000000000000000e+00,1.200000047683715820e+00,7.059761285781860352e-01,7.550847530364990234e-01,6.419011950492858887e-01,6.296237111091613770e-01,5.000000000000000000e-01
3.699999999999703526e+00,1.122395413720289392e+00,3.464577734545865040e-02,9.319446841561690453e-02,9.711996247560999995e-01,1.700183771481281469e-01,4.093245162255548103e-02,1.000000000000000000e+00,1.200000047683715820e+00,7.033469080924987793e-01,7.598333358764648438e-01,6.432273983955383301e-01,6.426931619644165039e-01,5.000000000000000000e-01
3.719999999999701323e+00,1.126107478805085105e+00,3.760789010922771514e-02,3.243918368190926160e-02,9.707566666034188607e-01,1.706317345392626417e-01,3.789791407428218240e-02,1.000000000000000000e+00,1.200000047683715820e+00,7.006215453147888184e-01,7.647839784622192383e-01,6.445569396018981934e-01,6.597366929054260254e-01,5.120238065719604492e-01
3.739999999999699121e+00,1.129813649234974626e+00,3.981947363053089939e-02,-2.876540203442615531e-02,9.696872426608781348e-01,1.711672670819433251e-01,3.408660148708880788e-02,1.000000000000000000e+00,1.200000047683715820e+00,6.979932188987731934e-01,7.695252299308776855e-01,6.458227634429931641e-01,6.808505654335021973e-01,5.309532880783081055e-01
3.759999999999696918e+00,1.133491918662590248e+00,4.120806293270129483e-02,-8.908992074035142206e-02,9.683955070911688390e-01,1.715898394826098072e-01,2.954833976136576890e-02,1.000000000000000000e+00,1.200000047683715820e+00,6.960234045982360840e-01,7.733261585235595703e-01,6.468223929405212402e-01,7.048383951187133789e-01,5.531665086746215820e-01
3.779999999999694715e+00,1.137123663615304370e+00,4.172237201359352277e-02,-1.472415891935265342e-01,9.673303961746440027e-01,1.718679933354970157e-01,2.433786717383532722e-02,1.000000000000000000e+00,1.200000047683715820e+00,6.953877210617065430e-01,7.754707336425781250e-01,6.473976969718933105e-01,7.290471792221069336e-01,5.762637853622436523e-01
3.799999999999692513e+00,1.140682971234101117e+00,4.133368775260326533e-02,-2.019739704539394443e-01,9.669323274750775132e-01,1.719619185835414843e-01,1.852877211913453101e-02,1.000000000000000000e+00,1.200000047683715820e+00,6.964573860168457031e-01,7.756960391998291016e-01,6.476179957389831543e-01,7.508477568626403809e-01,5.976595282554626465e-01
3.819999999999690310e+00,1.144149800600203992e+00,4.004157762798538078e-02,-2.521153110615111936e-01,9.674355744753770914e-01,1.718423832190556499e-01,1.221971047613785478e-02,1.000000000000000000e+00,1.200000047683715820e+00,6.991536021232604980e-01,7.741727232933044434e-01,6.476389765739440918e-01,7.694412469863891602e-01,6.166468262672424316e-01
3.839999999999688107e+00,1.147523206448792132e+00,3.787457883668621239e-02,-2.965550959047138502e-01,9.686265992701410532e-01,1.715228413756768600e-01,5.531822294012682731e-03,1.000000000000000000e+00,1.200000047683715820e+00,7.030926346778869629e-01,7.712419033050537109e-01,6.475157737731933594e-01,7.852659821510314941e-01,6.339699029922485352e-01
3.859999999999685905e+00,1.150821306397582067e+00,3.489813870782881855e-02,-3.342592793770498005e-01,9.698942560481446096e-01,1.710844065014884008e-01,-1.356635684020206494e-03,1.000000000000000000e+00,1.200000047683715820e+00,7.077107429504394531e-01,7.674157023429870605e-01,6.472129225730895996e-01,7.985596060752868652e-01,6.501749157905578613e-01
3.879999999999683702e+00,1.154071919059889151e+00,3.120145873070723219e-02,-3.642810057479802799e-01,9.708315196550503234e-01,1.705759283162532891e-01,-8.249428622699742086e-03,1.000000000000000000e+00,1.200000047683715820e+00,7.124285697937011719e-01,7.633682489395141602e-01,6.467061042785644531e-01,8.000000119209289551e-01,6.650009155273437500e-01
3.899999999999681499e+00,1.157261557785565831e+00,2.687622275659118376e-02,-3.858748110085096772e-01,9.711995053669063571e-01,1.700210990496067720e-01,-1.495287707472634127e-02,1.000000000000000000e+00,1.200000047683715820e+00,7.168791890144348145e-01,7.595909237861633301e-01,6.460003256797790527e-01,8.000000119209289551e-01,6.778635978698730469e-01
3.919999999999679297e+00,1.160404155798856696e+00,2.203779766537372620e-02,-3.985162348021188961e-01,9.708799778266734570e-01,1.694632821484105267e-01,-2.126475873499624261e-02,1.000000000000000000e+00,1.200000047683715820e+00,7.209510803222656250e-01,7.560793161392211914e-01,6.450727581977844238e-01,8.000000119209289551e-01,6.884386539459228516e-01
3.939999999999677094e+00,1.163520005964342907e+00,1.681942747508663460e-02,-4.018740927538795304e-01,9.699503214075496649e-01,1.689391446457206292e-01,-2.700135131238472902e-02,1.000000000000000000e+00,1.200000047683715820e+00,7.246244549751281738e-01,7.524809837341308594e-01,6.439342498779296875e-01,8.000000119209289551e-01,6.967632770538330078e-01
3.959999999999674891e+00,1.166630519179449710e+00,1.135289267097866484e-02,-3.958263090755125280e-01,9.687082200042970159e-01,1.685015338903950999e-01,-3.200651883557485700e-02,1.000000000000000000e+00,1.200000047683715820e+00,7.277549505233764648e-01,7.485274672508239746e-01,6.427310705184936523e-01,8.000000119209289551e-01,7.029405236244201660e-01
3.979999999999672688e+00,1.169764397569138303e+00,5.766452145563927267e-03,-3.804920145710971591e-01,9.676046262526295516e-01,1.681995369001780538e-01,-3.616134104072557531e-02,1.000000000000000000e+00,1.200000047683715820e+00,7.301506996154785156e-01,7.441864609718322754e-01,6.416525840759277344e-01,8.000000119209289551e-01,7.071059346199035645e-01
3.999999999999670486e+00,1.172953364206569926e+00,1.813247242801740988e-04,-3.562356519877490912e-01,9.670216556593447255e-01,1.680587663168985890e-01,-3.938137654790958841e-02,1.000000000000000000e+00,1.200000047683715820e+00,7.317948341369628906e-01,7.394454479217529297e-01,6.407570242881774902e-01,8.000000119209289551e-01,7.094731330871582031e-01
4.019999999999677165e+00,1.176217280116254038e+00,-5.286436602129795936e-03,-3.236406359149398004e-01,9.670663746052292620e-01,1.680692039991465159e-01,-4.163111763636413720e-02,1.000000000000000000e+00,1.200000047683715820e+00,7.328537702560424805e-01,7.342581152915954590e-01,6.399825811386108398e-01,8.000000119209289551e-01,7.101933956146240234e-01
4.039999999999683844e+00,1.179566713832056468e+00,-1.053336847395980325e-02,-2.834793571473470108e-01,9.676653290049712641e-01,1.682148278979707645e-01,-4.290375308163201645e-02,1.000000000000000000e+00,1.200000047683715820e+00,7.335339784622192383e-01,7.285905480384826660e-01,6.392534971237182617e-01,8.000000119209289551e-01,7.092572450637817383e-01
4.059999999999690523e+00,1.183014581475303029e+00,-1.546353174551207132e-02,-2.367161590934769577e-01,9.688013069500545082e-01,1.685298241361664062e-01,-4.319902658562933123e-02,1.000000000000000000e+00,1.200000047683715820e+00,7.340061664581298828e-01,7.224109768867492676e-01,6.385238170623779297e-01,7.988010644912719727e-01,7.064359188079833984e-01
4.079999999999697202e+00,1.186576654690077781e+00,-1.998618865660328758e-02,-1.844820828820976921e-01,9.701044735192788648e-01,1.690067657337551432e-01,-4.255031099345288337e-02,1.000000000000000000e+00,1.200000047683715820e+00,7.344399094581604004e-01,7.156910300254821777e-01,6.377561688423156738e-01,7.893478870391845703e-01,7.012106180191040039e-01
4.099999999999703881e+00,1.190247643347300155e+00,-2.402027610370038868e-02,-1.280845457815052157e-01,9.710167962731561797e-01,1.695939230865625980e-01,-4.101443750285443945e-02,1.000000000000000000e+00,1.200000047683715820e+00,7.350413799285888672e-01,7.084226012229919434e-01,6.368908286094665527e-01,7.773152589797973633e-01,6.927478313446044922e-01
4.119999999999710560e+00,1.193978034593580873e+00,-2.747468608102893173e-02,-6.887050607576926387e-02,9.711493150636240079e-01,1.702135827680563984e-01,-3.862059902680715223e-02,1.000000000000000000e+00,1.200000047683715820e+00,7.360211014747619629e-01,7.006624341011047363e-01,6.358343958854675293e-01,7.620424032211303711e-01,6.801487207412719727e-01
4.139999999999717240e+00,1.197720709093271552e+00,-3.025006007188724144e-02,-8.156443329876889026e-03,9.704952802027598802e-01,1.707965371341398919e-01,-3.540429058547318181e-02,1.000000000000000000e+00,1.200000047683715820e+00,7.375060319900512695e-01,6.924993395805358887e-01,6.344777941703796387e-01,7.432221174240112305e-01,6.630741357803344727e-01
4.159999999999723919e+00,1.201443386040572214e+00,-3.226239238126815678e-02,5.273551360106135816e-02,9.693693282154446367e-01,1.712841785548880891e-01,-3.141025753000878384e-02,1.000000000000000000e+00,1.200000047683715820e+00,7.394376993179321289e-01,6.843864321708679199e-01,6.327887177467346191e-01,7.218958139419555664e-01,6.426778435707092285e-01
4.179999999999730598e+00,1.205123935323144657e+00,-3.344521312022402659e-02,1.125025887349197506e-01,9.682098908099958656e-01,1.716416850026776242e-01,-2.669652020785760055e-02,1.000000000000000000e+00,1.200000047683715820e+00,7.415365576744079590e-01,6.771909594535827637e-01,6.309304833412170410e-01,7.005006074905395508e-01,6.214962601661682129e-01
4.199999999999737277e+00,1.208742120955065946e+00,-3.375150276514515824e-02,1.698567802808390870e-01,9.674683058841326844e-01,1.718343409800905941e-01,-2.132713402420517365e-02,1.000000000000000000e+00,1.200000047683715820e+00,7.434611320495605469e-01,6.718938946723937988e-01,6.292040348052978516e-01,6.814708709716796875e-01,6.017979383468627930e-01
4.219999999999743956e+00,1.212271479706054755e+00,-3.315710655782083682e-02,2.235558511079017985e-01,9.675112138801599260e-01,1.718237449992140731e-01,-1.538676629064763754e-02,1.000000000000000000e+00,1.200000047683715820e+00,7.450280189514160156e-01,6.691773533821105957e-01,6.278048753738403320e-01,6.660297513008117676e-01,5.844153761863708496e-01
4.239999999999750635e+00,1.215695117292119987e+00,-3.166652878521786230e-02,2.724327603286568755e-01,9.684089393895143338e-01,1.715860222553752534e-01,-8.984091089408226954e-03,1.000000000000000000e+00,1.200000047683715820e+00,7.461922168731689453e-01,6.692511439323425293e-01,6.267579793930053711e-01,6.542244553565979004e-01,5.691114664077758789e-01
4.259999999999757314e+00,1.219016443716765652e+00,-2.931415287262445490e-02,3.153946017448586714e-01,9.697325068370982182e-01,1.711496581609454892e-01,-2.250127091873416196e-03,1.000000000000000000e+00,1.200000047683715820e+00,7.469102740287780762e-01,6.719697117805480957e-01,6.260257363319396973e-01,6.453903913497924805e-01,5.552844405174255371e-01
4.279999999999763993e+00,1.222258541942342625e+00,-2.617191059919388163e-02,3.514382054760513130e-01,9.707915068772763334e-01,1.706063983186740796e-01,4.629110290624957776e-03,1.000000000000000000e+00,1.200000047683715820e+00,7.470499873161315918e-01,6.769597530364990234e-01,6.255983710289001465e-01,6.384772658348083496e-01,5.422982573509216309e-01
4.299999999999770672e+00,1.225444092512962824e+00,-2.232934644569450899e-02,3.796593013123694682e-01,9.711999459668234636e-01,1.699930264886761466e-01,1.146667113083962505e-02,1.000000000000000000e+00,1.200000047683715820e+00,7.463924288749694824e-01,6.838359832763671875e-01,6.255159378051757812e-01,6.324481368064880371e-01,5.295591950416564941e-01
4.319999999999777351e+00,1.228561411384082813e+00,-1.788065970119256942e-02,3.993823580902847170e-01,9.707235749283102955e-01,1.693451070787097001e-01,1.807481303784307103e-02,1.000000000000000000e+00,1.200000047683715820e+00,7.446833252906799316e-01,6.923366189002990723e-01,6.258495450019836426e-01,6.265956759452819824e-01,5.166555047035217285e-01
4.339999999999784031e+00,1.231630720633031029e+00,-1.294505138795443155e-02,4.101334212560558967e-01,9.693464277099524962e-01,1.687078068825363653e-01,2.425886862850405723e-02,1.000000000000000000e+00,1.200000047683715820e+00,7.417270541191101074e-01,7.020905613899230957e-01,6.266646385192871094e-01,6.207384467124938965e-01,5.037721991539001465e-01
4.359999999999790710e+00,1.234673412125411929e+00,-7.654896641055564110e-03,4.116277427288733137e-01,9.672926004232293984e-01,1.681228883714479538e-01,2.984347233943054900e-02,1.000000000000000000e+00,1.200000047683715820e+00,7.375846505165100098e-01,7.123472690582275391e-01,6.279705762863159180e-01,6.152476072311401367e-01,5.000000000000000000e-01
4.379999999999797389e+00,1.237713801383950152e+00,-2.140207344599298622e-03,4.037899636184513197e-01,9.650602912806998113e-01,1.676456910118098442e-01,3.467985676196670003e-02,1.000000000000000000e+00,1.200000047683715820e+00,7.327106595039367676e-01,7.219369411468505859e-01,6.296873092651367188e-01,6.107932329177856445e-01,5.000000000000000000e-01
4.399999999999804068e+00,1.240782713089729095e+00,3.473349288861005135e-03,3.867853169348728359e-01,9.632691281876026856e-01,1.673230166965425092e-01,3.865591004382262080e-02,1.000000000000000000e+00,1.200000047683715820e+00,7.277962565422058105e-01,7.298776507377624512e-01,6.316521763801574707e-01,6.079988479614257812e-01,5.000000000000000000e-01
4.419999999999810747e+00,1.243911777416839115e+00,9.066225843324171585e-03,3.610201493834920838e-01,9.623870649765881025e-01,1.671733734991381892e-01,4.169310854405942901e-02,1.000000000000000000e+00,1.199471712112426758e+00,7.233024835586547852e-01,7.360591292381286621e-01,6.336943507194519043e-01,6.071774363517761230e-01,5.000000000000000000e-01
4.439999999999817426e+00,1.247118542584237488e+00,1.452420130439191492e-02,3.271145311288797819e-01,9.624252707097533666e-01,1.671797198542414320e-01,4.376399430323213435e-02,1.000000000000000000e+00,1.199498057365417480e+00,7.193439602851867676e-01,7.410047054290771484e-01,6.356796622276306152e-01,6.083810329437255859e-01,5.000000000000000000e-01
4.459999999999824105e+00,1.250413995878949525e+00,1.974586565666042182e-02,2.858704410654105410e-01,9.633520393635619516e-01,1.673371019248980629e-01,4.486239528902629531e-02,1.000000000000000000e+00,1.200000047683715820e+00,7.158867120742797852e-01,7.453039288520812988e-01,6.375166177749633789e-01,6.116108894348144531e-01,5.000000000000000000e-01
4.479999999999830784e+00,1.253811970992317448e+00,2.463718172506995652e-02,2.382672278626523088e-01,9.652021474634139286e-01,1.676731307059196041e-01,4.499393868690718806e-02,1.000000000000000000e+00,1.200000047683715820e+00,7.128689885139465332e-01,7.493929862976074219e-01,6.391585469245910645e-01,6.169688105583190918e-01,5.000000000000000000e-01
4.499999999999837463e+00,1.257328529928095850e+00,2.910914121410268507e-02,1.854495262759605079e-01,9.675024771668429002e-01,1.681740925513003360e-01,4.419853012100850159e-02,1.000000000000000000e+00,1.200000047683715820e+00,7.101801037788391113e-01,7.535669207572937012e-01,6.406158208847045898e-01,6.247540116310119629e-01,5.000000000000000000e-01
4.519999999999844142e+00,1.260952437011016780e+00,3.308220546677814733e-02,1.287407582572255016e-01,9.695505469737835114e-01,1.687810933651674727e-01,4.252854469062631454e-02,1.000000000000000000e+00,1.200000047683715820e+00,7.076475024223327637e-01,7.579975128173828125e-01,6.419544219970703125e-01,6.354780197143554688e-01,5.000000000000000000e-01
4.539999999999850822e+00,1.264633731745588463e+00,3.646166279222096129e-02,6.947535397257605105e-02,9.708230334167458064e-01,1.694174762771217535e-01,4.001224851469543237e-02,1.000000000000000000e+00,1.200000047683715820e+00,7.051061987876892090e-01,7.626981139183044434e-01,6.432593464851379395e-01,6.497418284416198730e-01,5.006464719772338867e-01
4.559999999999857501e+00,1.268329841403796676e+00,3.915002182484594861e-02,8.967091144996547705e-03,9.711996986255718722e-01,1.700164692752167694e-01,3.668743802546860222e-02,1.000000000000000000e+00,1.200000047683715820e+00,7.024936079978942871e-01,7.674727439880371094e-01,6.445646882057189941e-01,6.680428385734558105e-01,5.166258811950683594e-01
4.579999999999864180e+00,1.272012242458803399e+00,4.106585910219934243e-02,-5.147303166036618083e-02,9.708948903930321173e-01,1.705240615862057829e-01,3.260192964724972081e-02,1.000000000000000000e+00,1.200000047683715820e+00,7.000955939292907715e-01,7.718174457550048828e-01,6.457604169845581055e-01,6.901695132255554199e-01,5.366670489311218262e-01
4.599999999999870859e+00,1.275661474459561795e+00,4.214569412234941970e-02,-1.105596740945400808e-01,9.702803455226097773e-01,1.709099834378254024e-01,2.781240104321820727e-02,1.000000000000000000e+00,1.200000047683715820e+00,6.985196471214294434e-01,7.749869227409362793e-01,6.466379761695861816e-01,7.145189642906188965e-01,5.595091581344604492e-01
4.619999999999877538e+00,1.279257340904798479e+00,4.234542103194233187e-02,-1.670239763838647085e-01,9.697600520150889691e-01,1.711388095256346220e-01,2.238041806006451848e-02,1.000000000000000000e+00,1.200000047683715820e+00,6.983792781829833984e-01,7.763840556144714355e-01,6.470982432365417480e-01,7.382760643959045410e-01,5.825573205947875977e-01
4.639999999999884217e+00,1.282774042666888992e+00,4.164460816500475948e-02,-2.196513845683400745e-01,9.696703952261114257e-01,1.711737539061564117e-01,1.638818728237699876e-02,1.000000000000000000e+00,1.200000047683715820e+00,6.999144554138183594e-01,7.758973240852355957e-01,6.472543478012084961e-01,7.592183947563171387e-01,6.035932898521423340e-01
4.659999999999890896e+00,1.286197335850719714e+00,4.005153562026314562e-02,-2.672952882559042620e-01,9.701037755145220931e-01,1.709935508044951591e-01,9.942237225126175984e-03,1.000000000000000000e+00,1.200000047683715820e+00,7.029340267181396484e-01,7.737833857536315918e-01,6.472370624542236328e-01,7.769641876220703125e-01,6.223519444465637207e-01
4.679999999999897575e+00,1.289532635592440357e+00,3.760563007061007434e-02,-3.088800492404469300e-01,9.707553207220454006e-01,1.706326929424248351e-01,3.178511788901299939e-03,1.000000000000000000e+00,1.200000047683715820e+00,7.069766521453857422e-01,7.704734802246093750e-01,6.470648646354675293e-01,7.918938994407653809e-01,6.395089626312255859e-01
4.699999999999904254e+00,1.292804140623840858e+00,3.438346475213166498e-02,-3.434169934640078359e-01,9.711646041693509090e-01,1.701784847651386934e-01,-3.708928939925695660e-03,1.000000000000000000e+00,1.200000047683715820e+00,7.114569544792175293e-01,7.665714621543884277e-01,6.467035412788391113e-01,8.000000119209289551e-01,6.552962064743041992e-01
4.719999999999910933e+00,1.296025356775603044e+00,3.047450579516947089e-02,-3.700266802788382825e-01,9.710669325895026072e-01,1.696539239414874001e-01,-1.053104987287863115e-02,1.000000000000000000e+00,1.200000047683715820e+00,7.158708572387695312e-01,7.627069950103759766e-01,6.461505293846130371e-01,8.000000119209289551e-01,6.693223714828491211e-01
4.739999999999917613e+00,1.299186465148601588e+00,2.597611537460015052e-02,-3.880699678830615285e-01,9.702932301264204362e-01,1.690964165150536380e-01,-1.709467992388894256e-02,1.000000000000000000e+00,1.200000047683715820e+00,7.199712395668029785e-01,7.591635584831237793e-01,6.454007625579833984e-01,8.000000119209289551e-01,6.811598539352416992e-01
4.759999999999924292e+00,1.302307629220700314e+00,2.101185517233195021e-02,-3.971025567381826771e-01,9.688506152292938323e-01,1.685450312667383099e-01,-2.320503639414070104e-02,1.000000000000000000e+00,1.200000047683715820e+00,7.237124443054199219e-01,7.557603120803833008e-01,6.444274187088012695e-01,8.000000119209289551e-01,6.907091736793518066e-01
4.779999999999930971e+00,1.305407458992188463e+00,1.571441190736294624e-02,-3.968730232188261153e-01,9.669466475179038234e-01,1.680413827976585395e-01,-2.869012489834411525e-02,1.000000000000000000e+00,1.200000047683715820e+00,7.270423769950866699e-01,7.521592974662780762e-01,6.432865262031555176e-01,8.000000119209289551e-01,6.980652213096618652e-01
4.799999999999937650e+00,1.308509692173436267e+00,1.021420010952250879e-02,-3.873468987405129238e-01,9.650276789323584126e-01,1.676394272452496614e-01,-3.340601614611540815e-02,1.000000000000000000e+00,1.200000047683715820e+00,7.297965884208679199e-01,7.482233643531799316e-01,6.421535611152648926e-01,8.000000119209289551e-01,7.033111453056335449e-01
4.819999999999944329e+00,1.311644516148535500e+00,4.636537061379619740e-03,-3.687327952922284657e-01,9.636188997139781831e-01,1.673829435228447737e-01,-3.724517618410930209e-02,1.000000000000000000e+00,1.200000047683715820e+00,7.318569421768188477e-01,7.439568042755126953e-01,6.411712765693664551e-01,8.000000119209289551e-01,7.066080570220947266e-01
4.839999999999951008e+00,1.314841463397719235e+00,-8.990598604925459369e-04,-3.414754534451872048e-01,9.630464831994078878e-01,1.672855489208492363e-01,-4.013482145250603372e-02,1.000000000000000000e+00,1.200000047683715820e+00,7.332854866981506348e-01,7.393018603324890137e-01,6.403443217277526855e-01,8.000000119209289551e-01,7.081658840179443359e-01
4.859999999999957687e+00,1.318115350905838756e+00,-6.280318947932350682e-03,-3.062212571155401020e-01,9.632950722667268373e-01,1.673274163100338108e-01,-4.205303052138730652e-02,1.000000000000000000e+00,1.200000047683715820e+00,7.342594861984252930e-01,7.341988682746887207e-01,6.396034359931945801e-01,8.000000119209289551e-01,7.080815434455871582e-01
4.879999999999964366e+00,1.321477000979947913e+00,-1.140675306998245597e-02,-2.638050471981780998e-01,9.643694445774054769e-01,1.675163350872045376e-01,-4.299210099982553324e-02,1.000000000000000000e+00,1.200000047683715820e+00,7.349576354026794434e-01,7.286133766174316406e-01,6.388875246047973633e-01,8.000000119209289551e-01,7.062720656394958496e-01
4.899999999999971045e+00,1.324940303893552773e+00,-1.618406755141060804e-02,-2.152447446607987924e-01,9.661909366956989986e-01,1.678740918076698785e-01,-4.296106806591275251e-02,1.000000000000000000e+00,1.200000047683715820e+00,7.355276942253112793e-01,7.225138545036315918e-01,6.381587982177734375e-01,7.968727946281433105e-01,7.024182081222534180e-01
4.919999999999977724e+00,1.328519475726048782e+00,-2.052380031994832654e-02,-1.617203521776214015e-01,9.682988061865869245e-01,1.683829442216537853e-01,-4.200571568493574603e-02,1.000000000000000000e+00,1.200000047683715820e+00,7.361325025558471680e-01,7.158653140068054199e-01,6.373748779296875000e-01,7.867271304130554199e-01,6.958994269371032715e-01
4.939999999999984404e+00,1.332193973042420598e+00,-2.434678711248938754e-02,-1.045739775065258892e-01,9.700406234325934518e-01,1.689782151655567777e-01,-4.017469134069945325e-02,1.000000000000000000e+00,1.200000047683715820e+00,7.369714379310607910e-01,7.086718678474426270e-01,6.364651918411254883e-01,7.737862467765808105e-01,6.858366727828979492e-01
4.959999999999991083e+00,1.335911271942872958e+00,-2.755655162131298574e-02,-4.512892126786626629e-02,9.710085108642567686e-01,1.695848413256166587e-01,-3.749814690145884810e-02,1.000000000000000000e+00,1.200000047683715820e+00,7.382262349128723145e-01,7.009845376014709473e-01,6.353247761726379395e-01,7.574709653854370117e-01,6.714857816696166992e-01
4.979999999999997762e+00,1.339629879449850902e+00,-3.005942680336093353e-02,1.529972401500277399e-02,9.711790146507943700e-01,1.701374300275085016e-01,-3.401491877668382652e-02,1.000000000000000000e+00,1.200000047683715820e+00,7.399648427963256836e-01,6.929724812507629395e-01,6.338514089584350586e-01,7.378655076026916504e-01,6.530111432075500488e-01
5.000000000000004441e+00,1.343321561702873534e+00,-3.177798668477693766e-02,7.540225973978069429e-02,9.708211057665714350e-01,1.705840114971357013e-01,-2.977556141988620120e-02,1.000000000000000000e+00,1.200000047683715820e+00,7.420538067817687988e-01,6.852243542671203613e-01,6.320648789405822754e-01,7.165269255638122559e-01,6.321637034416198730e-01
5.020000000000011120e+00,1.346966400967270827e+00,-3.265309386093007138e-02,1.338926214438396489e-01,9.703121610039184830e-01,1.708940973228371130e-01,-2.484058448894314181e-02,1.000000000000000000e+00,1.200000047683715820e+00,7.441864609718322754e-01,6.786963939666748047e-01,6.302027702331542969e-01,6.959830522537231445e-01,6.114866137504577637e-01
5.040000000000017799e+00,1.350541940403269692e+00,-3.264531592710451235e-02,1.895025675458962000e-01,9.700229477208143214e-01,1.710295489276157932e-01,-1.928053353909921913e-02,1.000000000000000000e+00,1.200000047683715820e+00,7.460837960243225098e-01,6.743272542953491211e-01,6.285623311996459961e-01,6.782830357551574707e-01,5.927011370658874512e-01
5.060000000000024478e+00,1.354022847146065356e+00,-3.174026561094034360e-02,2.410314154199639791e-01,9.701859180912747460e-01,1.709555819137555943e-01,-1.318864904018076517e-02,1.000000000000000000e+00,1.200000047683715820e+00,7.476255297660827637e-01,6.726533174514770508e-01,6.272785067558288574e-01,6.642374992370605469e-01,5.761835575103759766e-01
5.080000000000031157e+00,1.357398452978352044e+00,-2.995209401988735420e-02,2.873512754842752481e-01,9.707189258085232586e-01,1.706580812642158052e-01,-6.680826648290591301e-03,1.000000000000000000e+00,1.200000047683715820e+00,7.487565875053405762e-01,6.737272739410400391e-01,6.263459324836730957e-01,6.536586880683898926e-01,5.615856647491455078e-01
5.100000000000037836e+00,1.360678087399159519e+00,-2.732728438327375331e-02,3.274146006614541138e-01,9.711611501963888227e-01,1.701869906480439343e-01,9.823700377771582613e-05,1.000000000000000000e+00,1.200000047683715820e+00,7.493829131126403809e-01,6.772584319114685059e-01,6.257315278053283691e-01,6.457216143608093262e-01,5.483406782150268555e-01
5.120000000000044516e+00,1.363890535242660906e+00,-2.394675227077619484e-02,3.602660659272220456e-01,9.710480783790039760e-01,1.696302164876188900e-01,6.956357964186607977e-03,1.000000000000000000e+00,1.200000047683715820e+00,7.493337988853454590e-01,6.828105449676513672e-01,6.254375576972961426e-01,6.393307447433471680e-01,5.358314514160156250e-01
5.140000000000051195e+00,1.367041143982622664e+00,-1.989934150461997175e-02,3.850805821946736707e-01,9.701077118311104419e-01,1.690082355948455406e-01,1.371161681514327345e-02,1.000000000000000000e+00,1.200000047683715820e+00,7.483797669410705566e-01,6.900435090065002441e-01,6.255043148994445801e-01,6.335453987121582031e-01,5.234705209732055664e-01
5.160000000000057874e+00,1.370127863175545802e+00,-1.528610320580880977e-02,4.012749419231828041e-01,9.682399452032077747e-01,1.683665986466454656e-01,2.017356448320314563e-02,1.000000000000000000e+00,1.200000047683715820e+00,7.462671995162963867e-01,6.987086534500122070e-01,6.259953975677490234e-01,6.278206706047058105e-01,5.109864473342895508e-01
5.180000000000064553e+00,1.373173967203225043e+00,-1.023297904557907145e-02,4.084514658835379786e-01,9.655678260120249545e-01,1.677453858340200443e-01,2.615293704473715952e-02,1.000000000000000000e+00,1.200000047683715820e+00,7.428559660911560059e-01,7.083745598793029785e-01,6.269548535346984863e-01,6.221268773078918457e-01,5.000000000000000000e-01
5.200000000000071232e+00,1.376199959901161618e+00,-4.871006248742426603e-03,4.064032913647558365e-01,9.624747966981747060e-01,1.671915944585438130e-01,3.148316737490394063e-02,1.000000000000000000e+00,1.200000047683715820e+00,7.383392453193664551e-01,7.181732058525085449e-01,6.283689737319946289e-01,6.169007420539855957e-01,5.000000000000000000e-01
5.220000000000077911e+00,1.379232336334913045e+00,6.711436734033737750e-04,3.951435874458136266e-01,9.596017442171895784e-01,1.667597166538238862e-01,3.602766334620344929e-02,1.000000000000000000e+00,1.200000047683715820e+00,7.333233952522277832e-01,7.269679903984069824e-01,6.301333904266357422e-01,6.128243207931518555e-01,5.000000000000000000e-01
5.240000000000084590e+00,1.382302964904915443e+00,6.270634399551444638e-03,3.749258102538474691e-01,9.576049860087731957e-01,1.664900932843988435e-01,3.968582228282338531e-02,1.000000000000000000e+00,1.200000047683715820e+00,7.284936308860778809e-01,7.340609431266784668e-01,6.320821642875671387e-01,6.104829311370849609e-01,5.000000000000000000e-01
5.260000000000091269e+00,1.385440006837800997e+00,1.180936759798661972e-02,3.462323050611837982e-01,9.568209020839044676e-01,1.663895802099151222e-01,4.239422312307881968e-02,1.000000000000000000e+00,1.200000047683715820e+00,7.241808772087097168e-01,7.396056056022644043e-01,6.340631842613220215e-01,6.101261973381042480e-01,5.000000000000000000e-01
5.280000000000097948e+00,1.388656817022718482e+00,1.717777008951693052e-02,3.097378085013613447e-01,9.571633471966222162e-01,1.664331402509884317e-01,4.413685472636632440e-02,1.000000000000000000e+00,1.200000047683715820e+00,7.204114794731140137e-01,7.441532611846923828e-01,6.359654068946838379e-01,6.117835044860839844e-01,5.000000000000000000e-01
5.300000000000104627e+00,1.391965087829476921e+00,2.227675484833263608e-02,2.663053155745407352e-01,9.587462730095005492e-01,1.666416176357048418e-01,4.490604971877946300e-02,1.000000000000000000e+00,1.200000047683715820e+00,7.171267271041870117e-01,7.482210397720336914e-01,6.377146840095520020e-01,6.154949069023132324e-01,5.000000000000000000e-01
5.320000000000111307e+00,1.395379798474793098e+00,2.701300107854065491e-02,2.169746527607689379e-01,9.614230866951131160e-01,1.670263626602384588e-01,4.471668154153340957e-02,1.000000000000000000e+00,1.200000047683715820e+00,7.142586112022399902e-01,7.521832585334777832e-01,6.392775774002075195e-01,6.214343309402465820e-01,5.000000000000000000e-01
5.340000000000117986e+00,1.398913949014793712e+00,3.129999295245178281e-02,1.629481131665588556e-01,9.646223603790421430e-01,1.675629052415307241e-01,4.361964811278434828e-02,1.000000000000000000e+00,1.200000047683715820e+00,7.116817831993103027e-01,7.562895417213439941e-01,6.406785249710083008e-01,6.299681067466735840e-01,5.000000000000000000e-01
5.360000000000124665e+00,1.402540741247325862e+00,3.505820417005556244e-02,1.055728273262214606e-01,9.675323580649521915e-01,1.681814990234036244e-01,4.165696830354227026e-02,1.000000000000000000e+00,1.200000047683715820e+00,7.092283964157104492e-01,7.606605887413024902e-01,6.419880390167236328e-01,6.416346430778503418e-01,5.000000000000000000e-01
5.380000000000131344e+00,1.406209825613667252e+00,3.818946312441440227e-02,4.615881116805686107e-02,9.696252300890525477e-01,1.688090297871304990e-01,3.885880175624006200e-02,1.000000000000000000e+00,1.200000047683715820e+00,7.067425847053527832e-01,7.652511596679687500e-01,6.432827711105346680e-01,6.570293903350830078e-01,5.045642852783203125e-01
5.400000000000138023e+00,1.409884101300907577e+00,4.060278619210550000e-02,-1.398679813085637255e-02,9.707763248648660914e-01,1.693824334693964095e-01,3.526397086985307017e-02,1.000000000000000000e+00,1.200000047683715820e+00,7.042427659034729004e-01,7.697821855545043945e-01,6.445582509040832520e-01,6.765081882476806641e-01,5.217581987380981445e-01
5.420000000000144702e+00,1.413538764378071466e+00,4.222352839536391844e-02,-7.357005821762417630e-02,9.711766415148521681e-01,1.698550073030622443e-01,3.092520193226903913e-02,1.000000000000000000e+00,1.200000047683715820e+00,7.021039724349975586e-01,7.736651301383972168e-01,6.456685066223144531e-01,6.995062828063964844e-01,5.428342819213867188e-01
5.440000000000151381e+00,1.417155912411483420e+00,4.299548030748906458e-02,-1.313225499124982543e-01,9.711566300498117865e-01,1.701975697386303998e-01,2.590310053830613413e-02,1.000000000000000000e+00,1.200000047683715820e+00,7.009565234184265137e-01,7.761652469635009766e-01,6.464185118675231934e-01,7.239857316017150879e-01,5.661418437957763672e-01
5.460000000000158060e+00,1.420712712104776454e+00,4.288212334457008890e-02,-1.859974517467992416e-01,9.710468946146759706e-01,1.703712214924205659e-01,2.026986114866713776e-02,1.000000000000000000e+00,1.200000047683715820e+00,7.013167738914489746e-01,7.768248915672302246e-01,6.467768549919128418e-01,7.470943927764892578e-01,5.889921784400939941e-01
5.480000000000164739e+00,1.424185428864132685e+00,4.187279643402852525e-02,-2.364188637253382408e-01,9.710695026297816446e-01,1.703427175180332875e-01,1.412070262861907233e-02,1.000000000000000000e+00,1.200000047683715820e+00,7.032752037048339844e-01,7.756792306900024414e-01,6.468816995620727539e-01,7.671039104461669922e-01,6.096326708793640137e-01
5.500000000000171418e+00,1.427566175981533458e+00,3.998542436718866000e-02,-2.814774182602077790e-01,9.711882712832119458e-01,1.701027419437861343e-01,7.573397398727954241e-03,1.000000000000000000e+00,1.200000047683715820e+00,7.065353393554687500e-01,7.730767130851745605e-01,6.468279361724853516e-01,7.839190363883972168e-01,6.281058192253112793e-01
5.520000000000178098e+00,1.430865446596491175e+00,3.727224599564943341e-02,-3.201412977914956381e-01,9.711053892014810396e-01,1.697081888505170555e-01,7.807176552097938637e-04,1.000000000000000000e+00,1.200000047683715820e+00,7.105814218521118164e-01,7.695366740226745605e-01,6.466076970100402832e-01,7.978077530860900879e-01,6.449272632598876953e-01
5.540000000000184777e+00,1.434111618559966050e+00,3.381709322901788051e-02,-3.514693935671966418e-01,9.705507367092163218e-01,1.692354565165261615e-01,-6.064262153223064396e-03,1.000000000000000000e+00,1.200000047683715820e+00,7.148529291152954102e-01,7.656926512718200684e-01,6.462003588676452637e-01,8.000000119209289551e-01,6.600874662399291992e-01
5.560000000000191456e+00,1.437300973688961703e+00,2.970897819949674945e-02,-3.746710068139590399e-01,9.693259825277733555e-01,1.687006932325721131e-01,-1.277966579185623244e-02,1.000000000000000000e+00,1.200000047683715820e+00,7.189514040946960449e-01,7.620512247085571289e-01,6.456113457679748535e-01,8.000000119209289551e-01,6.731954216957092285e-01
5.580000000000198135e+00,1.440435871914995669e+00,2.505339296489450529e-02,-3.891932230894895595e-01,9.673938070893179919e-01,1.681474046836377301e-01,-1.917283731452784287e-02,1.000000000000000000e+00,1.200000047683715820e+00,7.227290272712707520e-01,7.586894631385803223e-01,6.448183059692382812e-01,8.000000119209289551e-01,6.840175986289978027e-01
5.600000000000204814e+00,1.443537037076456198e+00,1.997930873787068240e-02,-3.946685404144349429e-01,9.648762178125921407e-01,1.676105490595798664e-01,-2.505730112303914889e-02,1.000000000000000000e+00,1.200000047683715820e+00,7.261615395545959473e-01,7.553303241729736328e-01,6.438106894493103027e-01,8.000000119209289551e-01,6.926011443138122559e-01
5.620000000000211493e+00,1.446623307255693991e+00,1.461782227298469294e-02,-3.909250165630186458e-01,9.621358471358772979e-01,1.671373204845897908e-01,-3.026903132239815164e-02,1.000000000000000000e+00,1.200000047683715820e+00,7.291571497917175293e-01,7.517211437225341797e-01,6.426932811737060547e-01,8.000000119209289551e-01,6.990270614624023438e-01
5.640000000000218172e+00,1.449720593012669090e+00,9.097805156294269668e-03,-3.780177469912326949e-01,9.597417428533129291e-01,1.667794460252934874e-01,-3.467567286460426085e-02,1.000000000000000000e+00,1.200000047683715820e+00,7.315687537193298340e-01,7.478296756744384766e-01,6.416406631469726562e-01,8.000000119209289551e-01,7.033751010894775391e-01
5.660000000000224851e+00,1.452859959034231707e+00,3.541771222169698419e-03,-3.562419104493508848e-01,9.582347515389354475e-01,1.665728980437894413e-01,-3.818021485465551007e-02,1.000000000000000000e+00,1.200000047683715820e+00,7.333580851554870605e-01,7.436411380767822266e-01,6.407400965690612793e-01,8.000000119209289551e-01,7.058376669883728027e-01
5.680000000000231530e+00,1.456066595170794731e+00,-1.932182460380904576e-03,-3.261171013497342064e-01,9.578371093881432596e-01,1.665203908647878428e-01,-4.072680089113842050e-02,1.000000000000000000e+00,1.200000047683715820e+00,7.346344590187072754e-01,7.390595078468322754e-01,6.399624347686767578e-01,8.000000119209289551e-01,7.065994143486022949e-01
5.700000000000238209e+00,1.459352035698677774e+00,-7.216206982468609255e-03,-2.883504139437743086e-01,9.584207049866684258e-01,1.665977232117669682e-01,-4.230253535567903012e-02,1.000000000000000000e+00,1.200000047683715820e+00,7.355685234069824219e-01,7.340239882469177246e-01,6.392426490783691406e-01,8.000000119209289551e-01,7.056939601898193359e-01
5.720000000000244889e+00,1.462727871542378599e+00,-1.221202985864688895e-02,-2.438375555189427335e-01,9.601274163428301645e-01,1.668344183931953773e-01,-4.290059808515453432e-02,1.000000000000000000e+00,1.200000047683715820e+00,7.363132834434509277e-01,7.285049557685852051e-01,6.385326385498046875e-01,8.000000119209289551e-01,7.029587030410766602e-01
5.740000000000251568e+00,1.466208989243372951e+00,-1.682698152837452943e-02,-1.936458293841245015e-01,9.627471447919615510e-01,1.672359622153203051e-01,-4.254150591752823424e-02,1.000000000000000000e+00,1.200000047683715820e+00,7.370024323463439941e-01,7.224686741828918457e-01,6.377972364425659180e-01,7.945344448089599609e-01,6.979813575744628906e-01
5.760000000000258247e+00,1.469804122019886528e+00,-2.097614285656412836e-02,-1.390079035389994166e-01,9.657014032461099795e-01,1.677723571394379443e-01,-4.128046850486069563e-02,1.000000000000000000e+00,1.200000047683715820e+00,7.377972602844238281e-01,7.158785462379455566e-01,6.369867920875549316e-01,7.836082577705383301e-01,6.900529265403747559e-01
5.780000000000264926e+00,1.473477776411991069e+00,-2.457832838528345443e-02,-8.127479511571358839e-02,9.682551203570006759e-01,1.683707971582427965e-01,-3.915570126043062260e-02,1.000000000000000000e+00,1.200000047683715820e+00,7.388849258422851562e-01,7.087587714195251465e-01,6.360194683074951172e-01,7.697103619575500488e-01,6.783228516578674316e-01
5.800000000000271605e+00,1.477179360708170019e+00,-2.753540343891885955e-02,-2.175427438521077700e-02,9.699990849111717051e-01,1.689600610168507933e-01,-3.620077705170095250e-02,1.000000000000000000e+00,1.200000047683715820e+00,7.404088973999023438e-01,7.011615633964538574e-01,6.347812414169311523e-01,7.524302005767822266e-01,6.623332500457763672e-01
5.820000000000278284e+00,1.480872675817513251e+00,-2.976001674257627849e-02,3.824235027407136417e-02,9.708975772833833284e-01,1.694782513919238509e-01,-3.245780612934747594e-02,1.000000000000000000e+00,1.200000047683715820e+00,7.423693537712097168e-01,6.933674812316894531e-01,6.331894397735595703e-01,7.323293685913085938e-01,6.428406834602355957e-01
5.840000000000284963e+00,1.484532993509195098e+00,-3.118144952779217105e-02,9.742037419766620687e-02,9.711845441798704348e-01,1.698820578717559204e-01,-2.798327875336635226e-02,1.000000000000000000e+00,1.200000047683715820e+00,7.445692420005798340e-01,6.860932707786560059e-01,6.313353776931762695e-01,7.113371491432189941e-01,6.219817399978637695e-01
5.860000000000291642e+00,1.488141337258685803e+00,-3.174788135324996263e-02,1.545090641382449170e-01,9.711779214381319747e-01,1.701409642686736168e-01,-2.284008452140295908e-02,1.000000000000000000e+00,1.200000047683715820e+00,7.467086315155029297e-01,6.803414821624755859e-01,6.295121908187866211e-01,6.918602585792541504e-01,6.020306944847106934e-01
5.880000000000298321e+00,1.491672850843119402e+00,-3.142799795494322090e-02,2.082681690578858658e-01,9.711483138878538313e-01,1.702156819490066031e-01,-1.710649693665541524e-02,1.000000000000000000e+00,1.200000047683715820e+00,7.485789656639099121e-01,6.769618391990661621e-01,6.279798746109008789e-01,6.755293011665344238e-01,5.841599702835083008e-01
5.900000000000305000e+00,1.495105577800960095e+00,-3.021731964525353753e-02,2.575372818676763820e-01,9.711935421411034275e-01,1.700762370761096098e-01,-1.088391085677682668e-02,1.000000000000000000e+00,1.200000047683715820e+00,7.500855922698974609e-01,6.763157844543457031e-01,6.268184781074523926e-01,6.628201603889465332e-01,5.684622526168823242e-01
5.920000000000311680e+00,1.498435642342018426e+00,-2.813974059439428022e-02,3.012291890072528733e-01,9.711150150526797198e-01,1.697234322815819596e-01,-4.294766647404436692e-03,1.000000000000000000e+00,1.200000047683715820e+00,7.511398196220397949e-01,6.782921552658081055e-01,6.260070800781250000e-01,6.533436179161071777e-01,5.545665621757507324e-01
5.940000000000318359e+00,1.501677540890586027e+00,-2.525453020135642879e-02,3.383419878112674528e-01,9.705382723733750883e-01,1.692281502746734168e-01,2.499123792459825421e-03,1.000000000000000000e+00,1.200000047683715820e+00,7.516066431999206543e-01,6.824798583984375000e-01,6.255195140838623047e-01,6.461412906646728516e-01,5.419238805770874023e-01
5.960000000000325038e+00,1.504861028623516894e+00,-2.164753178989509141e-02,3.679682825259562029e-01,9.691958135278846420e-01,1.686562821028283476e-01,9.308256020494194011e-03,1.000000000000000000e+00,1.200000047683715820e+00,7.512984871864318848e-01,6.884387135505676270e-01,6.253636479377746582e-01,6.401364803314208984e-01,5.299056768417358398e-01
5.980000000000331717e+00,1.507977163979726143e+00,-1.740810644566775922e-02,3.893800341083759053e-01,9.669010616688359372e-01,1.680308923844934521e-01,1.595122337280808697e-02,1.000000000000000000e+00,1.200000047683715820e+00,7.499847412109375000e-01,6.959049105644226074e-01,6.255767345428466797e-01,6.345244646072387695e-01,5.179497599601745605e-01
6.000000000000338396e+00,1.511036999676230508e+00,-1.264586549056972986e-02,4.020730746397760957e-01,9.637135609851609219e-01,1.673993956956671136e-01,2.223621798160250324e-02,1.000000000000000000e+00,1.200000047683715820e+00,7.474254369735717773e-01,7.046183347702026367e-01,6.262133717536926270e-01,6.289165019989013672e-01,5.059513449668884277e-01
6.020000000000345075e+00,1.514062624877112073e+00,-7.490442451227374843e-03,4.057248727972954105e-01,9.598839398322283056e-01,1.667996068148541733e-01,2.798289519334733882e-02,1.000000000000000000e+00,1.200000047683715820e+00,7.435679435729980469e-01,7.140649557113647461e-01,6.272999048233032227e-01,6.233926415443420410e-01,5.000000000000000000e-01
6.040000000000351754e+00,1.517075538205106211e+00,-2.071338266148581297e-03,4.002088020574348648e-01,9.559701331008463310e-01,1.662835057904941127e-01,3.303410016668502369e-02,1.000000000000000000e+00,1.200000047683715820e+00,7.387623786926269531e-01,7.233053445816040039e-01,6.287996172904968262e-01,6.184449791908264160e-01,5.000000000000000000e-01
6.060000000000358433e+00,1.520104092287329678e+00,3.484634585946444485e-03,3.856272241122022382e-01,9.527160113496896399e-01,1.659022863655127966e-01,3.726614690639407784e-02,1.000000000000000000e+00,1.200000047683715820e+00,7.337189912796020508e-01,7.313088178634643555e-01,6.305881142616271973e-01,6.147747635841369629e-01,5.000000000000000000e-01
6.080000000000365112e+00,1.523180409280331382e+00,9.057122355945967929e-03,3.623176093941830600e-01,9.507430659635086601e-01,1.656869769599556841e-01,4.058912672459241699e-02,1.000000000000000000e+00,1.200000047683715820e+00,7.290428280830383301e-01,7.376700043678283691e-01,6.325041651725769043e-01,6.129124164581298828e-01,5.000000000000000000e-01
6.100000000000371791e+00,1.526327455044982795e+00,1.452967198108878755e-02,3.308329248861487937e-01,9.502458139887915989e-01,1.656343205862106371e-01,4.295748751958154005e-02,1.000000000000000000e+00,1.200000047683715820e+00,7.249357104301452637e-01,7.427081465721130371e-01,6.344156265258789062e-01,6.130423545837402344e-01,5.000000000000000000e-01
6.120000000000378471e+00,1.529556440550114971e+00,1.979692970693691656e-02,2.919083494156348157e-01,9.510706471348218116e-01,1.657220053910734014e-01,4.436045601212007528e-02,1.000000000000000000e+00,1.200000047683715820e+00,7.213640809059143066e-01,7.469527721405029297e-01,6.362311244010925293e-01,6.151907444000244141e-01,5.000000000000000000e-01
6.140000000000385150e+00,1.532879951797383011e+00,2.476176411029812341e-02,2.464660099087608858e-01,9.534278491334435834e-01,1.659826906078100961e-01,4.479348769226152577e-02,1.000000000000000000e+00,1.200000047683715820e+00,7.182566523551940918e-01,7.508490085601806641e-01,6.378921866416931152e-01,6.194404363632202148e-01,5.000000000000000000e-01
6.160000000000391829e+00,1.536313965147411587e+00,2.933251085055577079e-02,1.955934503643584066e-01,9.570150889579323028e-01,1.664142182625749644e-01,4.428246566414608537e-02,1.000000000000000000e+00,1.200000047683715820e+00,7.155328392982482910e-01,7.547170519828796387e-01,6.393814086914062500e-01,6.260250210762023926e-01,5.000000000000000000e-01
6.180000000000398508e+00,1.539863673140324796e+00,3.342675578646092660e-02,1.405466288007828080e-01,9.611074589784319722e-01,1.669785046083443469e-01,4.288408333134006295e-02,1.000000000000000000e+00,1.200000047683715820e+00,7.130570411682128906e-01,7.587649822235107422e-01,6.407346725463867188e-01,6.353715062141418457e-01,5.000000000000000000e-01
6.200000000000405187e+00,1.543489218973667532e+00,3.696085713693114672e-02,8.266888568864107223e-02,9.648249401325790231e-01,1.676008500242069377e-01,4.063156991734908491e-02,1.000000000000000000e+00,1.200000047683715820e+00,7.106745839118957520e-01,7.630651593208312988e-01,6.420219540596008301e-01,6.480416655540466309e-01,5.000000000000000000e-01
6.220000000000411866e+00,1.547143843960168352e+00,3.983708583539086190e-02,2.325902524080186717e-02,9.676556341916349169e-01,1.682123770646357375e-01,3.755884395573731022e-02,1.000000000000000000e+00,1.200000047683715820e+00,7.082512974739074707e-01,7.675117254257202148e-01,6.433041095733642578e-01,6.646029353141784668e-01,5.090703964233398438e-01
6.240000000000418545e+00,1.550795427210814204e+00,4.197078847734669882e-02,-3.638247200384455565e-02,9.694764638461230710e-01,1.687539980593756872e-01,3.370865808636464706e-02,1.000000000000000000e+00,1.200000047683715820e+00,7.058977484703063965e-01,7.717366814613342285e-01,6.445350050926208496e-01,6.851985454559326172e-01,5.274549126625061035e-01
6.260000000000425224e+00,1.554422353051518879e+00,4.329409482087759331e-02,-9.497826620378582718e-02,9.704674303189609885e-01,1.691878704985080029e-01,2.913859904084057859e-02,1.000000000000000000e+00,1.200000047683715820e+00,7.040672302246093750e-01,7.750874757766723633e-01,6.455433368682861328e-01,7.088454961776733398e-01,5.494172573089599609e-01
6.280000000000431903e+00,1.558006713841850299e+00,4.375797555671123718e-02,-1.512748870058346906e-01,9.709025646016221645e-01,1.694825720562696258e-01,2.391193951611172985e-02,1.000000000000000000e+00,1.200000047683715820e+00,7.033757567405700684e-01,7.768876552581787109e-01,6.461684107780456543e-01,7.331443428993225098e-01,5.729523897171020508e-01
6.300000000000438583e+00,1.561523508435434859e+00,4.333429483021644657e-02,-2.040569510571920708e-01,9.710213994894019152e-01,1.695990575909040454e-01,1.810960013590752135e-02,1.000000000000000000e+00,1.200000047683715820e+00,7.042121291160583496e-01,7.768412828445434570e-01,6.464431881904602051e-01,7.554141283035278320e-01,5.954582691192626953e-01
6.320000000000445262e+00,1.564953051950244589e+00,4.202225304459400457e-02,-2.521858731741146165e-01,9.709322107923327172e-01,1.695090391434752042e-01,1.183559083638573151e-02,1.000000000000000000e+00,1.200000047683715820e+00,7.065234184265136719e-01,7.751185894012451172e-01,6.465075016021728516e-01,7.744264006614685059e-01,6.156676411628723145e-01
6.340000000000451941e+00,1.568293955454785227e+00,3.984999809133621396e-02,-2.945921239624110233e-01,9.705244315994271398e-01,1.692201172974360512e-01,5.214986117322316372e-03,1.000000000000000000e+00,1.200000047683715820e+00,7.099297046661376953e-01,7.721536755561828613e-01,6.464169621467590332e-01,7.902253270149230957e-01,6.337725520133972168e-01
6.360000000000458620e+00,1.571561720139363239e+00,3.688230788599916599e-02,-3.302892745863468815e-01,9.696235018207239875e-01,1.688083759216462698e-01,-1.582144196492668011e-03,1.000000000000000000e+00,1.200000047683715820e+00,7.138952016830444336e-01,7.685236334800720215e-01,6.461530923843383789e-01,8.000000119209289551e-01,6.500933766365051270e-01
6.380000000000465299e+00,1.574781547188552899e+00,3.320628605352371476e-02,-3.583848144051084428e-01,9.680748383919199895e-01,1.683215931329781201e-01,-8.369162971687571853e-03,1.000000000000000000e+00,1.200000047683715820e+00,7.179180383682250977e-01,7.648261785507202148e-01,6.457113027572631836e-01,8.000000119209289551e-01,6.644719839096069336e-01
6.400000000000471978e+00,1.577940470277929608e+00,2.891279391635404039e-02,-3.781899601948590650e-01,9.657649993157741974e-01,1.677853122948574638e-01,-1.496300317710568505e-02,1.000000000000000000e+00,1.200000047683715820e+00,7.217122316360473633e-01,7.613986134529113770e-01,6.450889110565185547e-01,8.000000119209289551e-01,6.766152977943420410e-01
6.420000000000478657e+00,1.581052396348816336e+00,2.411624668866330090e-02,-3.892272659027574133e-01,9.627816755488957101e-01,1.672416376588552744e-01,-2.117071197445403660e-02,1.000000000000000000e+00,1.200000047683715820e+00,7.251957058906555176e-01,7.581527233123779297e-01,6.442532539367675781e-01,8.000000119209289551e-01,6.864672899246215820e-01
6.440000000000485336e+00,1.584136149065162869e+00,1.894766293231275878e-02,-3.912042553375218445e-01,9.593596792901289971e-01,1.667258775189961184e-01,-2.681490297786663646e-02,1.000000000000000000e+00,1.200000047683715820e+00,7.283326983451843262e-01,7.547990083694458008e-01,6.432285904884338379e-01,8.000000119209289551e-01,6.941309571266174316e-01
6.460000000000492015e+00,1.587212355139818287e+00,1.353687366367550826e-02,-3.840311866909453253e-01,9.560175020246074462e-01,1.662893344400877271e-01,-3.174149486029673867e-02,1.000000000000000000e+00,1.200000047683715820e+00,7.310081124305725098e-01,7.511997818946838379e-01,6.421557664871215820e-01,8.000000119209289551e-01,6.996521353721618652e-01
6.480000000000498694e+00,1.590308709489101080e+00,8.010583186526587518e-03,-3.678521030674347103e-01,9.534036605412949950e-01,1.659799330038213838e-01,-3.583093795356006445e-02,1.000000000000000000e+00,1.200000047683715820e+00,7.331218123435974121e-01,7.473736405372619629e-01,6.411824822425842285e-01,8.000000119209289551e-01,7.031353712081909180e-01
6.500000000000505374e+00,1.593456040499009019e+00,2.489091624710282336e-03,-3.430444691903490328e-01,9.520056258221112344e-01,1.658235325838911534e-01,-3.899742534656642362e-02,1.000000000000000000e+00,1.200000047683715820e+00,7.347019910812377930e-01,7.432562708854675293e-01,6.403461694717407227e-01,8.000000119209289551e-01,7.047924399375915527e-01
6.520000000000512053e+00,1.596673983018142451e+00,-2.911779955012627763e-03,-3.101951947720096303e-01,9.519145550768831621e-01,1.658135394832590259e-01,-4.120270816790514573e-02,1.000000000000000000e+00,1.200000047683715820e+00,7.358784079551696777e-01,7.387326955795288086e-01,6.396022439002990723e-01,8.000000119209289551e-01,7.047626376152038574e-01
6.540000000000518732e+00,1.599972838755365556e+00,-8.088163714410401273e-03,-2.700721167010132207e-01,9.530076134664017262e-01,1.659350384369203679e-01,-4.243720510672641111e-02,1.000000000000000000e+00,1.200000047683715820e+00,7.368071079254150391e-01,7.337480187416076660e-01,6.388947963714599609e-01,8.000000119209289551e-01,7.030094265937805176e-01
6.560000000000525411e+00,1.603365079243500801e+00,-1.294364961202537634e-02,-2.236282486893653165e-01,9.554545072282386586e-01,1.662206226922741115e-01,-4.269952399451890090e-02,1.000000000000000000e+00,1.200000047683715820e+00,7.376202940940856934e-01,7.282786965370178223e-01,6.381846666336059570e-01,8.000000119209289551e-01,6.992869973182678223e-01
6.580000000000532090e+00,1.606866229668751700e+00,-1.738726682776731147e-02,-1.719777376533917213e-01,9.589164237422203030e-01,1.666647820696802174e-01,-4.202162045241045890e-02,1.000000000000000000e+00,1.200000047683715820e+00,7.384456992149353027e-01,7.222890257835388184e-01,6.374351382255554199e-01,7.917796969413757324e-01,6.930916309356689453e-01
6.600000000000538769e+00,1.610474301885450377e+00,-2.133842545222486287e-02,-1.164056872875341847e-01,9.626633392161794145e-01,1.672222354131367161e-01,-4.046051905118209363e-02,1.000000000000000000e+00,1.200000047683715820e+00,7.394438982009887695e-01,7.157487869262695312e-01,6.365876793861389160e-01,7.800028324127197266e-01,6.836603879928588867e-01
6.620000000000545448e+00,1.614143237749450677e+00,-2.471055174100478258e-02,-5.824898499368362514e-02,9.659238520409629825e-01,1.678180044952340966e-01,-3.804839852243463438e-02,1.000000000000000000e+00,1.200000047683715820e+00,7.407823801040649414e-01,7.086997032165527344e-01,6.355486512184143066e-01,7.651409506797790527e-01,6.702685952186584473e-01
6.640000000000552127e+00,1.617827098923685369e+00,-2.740797750597284699e-02,1.190203379878196095e-03,9.683059363906727501e-01,1.683849354322650149e-01,-3.482246614048139371e-02,1.000000000000000000e+00,1.200000047683715820e+00,7.425566315650939941e-01,7.012230753898620605e-01,6.342005133628845215e-01,7.470599412918090820e-01,6.528757810592651367e-01
6.660000000000558806e+00,1.621494316351967946e+00,-2.934966452227860678e-02,6.060864149972462062e-02,9.697710577818001720e-01,1.688655540044700087e-01,-3.082935520085611919e-02,1.000000000000000000e+00,1.200000047683715820e+00,7.446968555450439453e-01,6.937234997749328613e-01,6.324990987777709961e-01,7.267887592315673828e-01,6.327968239784240723e-01
6.680000000000565485e+00,1.625123148314940646e+00,-3.047183194598174216e-02,1.187281803780836642e-01,9.705328308322289654e-01,1.692249821668227461e-01,-2.612981182459841317e-02,1.000000000000000000e+00,1.200000047683715820e+00,7.469641566276550293e-01,6.870291233062744141e-01,6.306169033050537109e-01,7.064367532730102539e-01,6.122752428054809570e-01
6.700000000000572165e+00,1.628693901388445830e+00,-3.072987212052807893e-02,1.742932438628424507e-01,9.708383847790048593e-01,1.694294629218087156e-01,-2.079064920729188984e-02,1.000000000000000000e+00,1.200000047683715820e+00,7.490941286087036133e-01,6.821405291557312012e-01,6.288690567016601562e-01,6.881519556045532227e-01,5.931586027145385742e-01
6.720000000000578844e+00,1.632180573919852495e+00,-3.010131496918694305e-02,2.260998716819191401e-01,9.708532551823826351e-01,1.694413190062731556e-01,-1.489830881284723470e-02,1.000000000000000000e+00,1.200000047683715820e+00,7.509335279464721680e-01,6.797729730606079102e-01,6.274588108062744141e-01,6.731747388839721680e-01,5.761703848838806152e-01
6.740000000000585523e+00,1.635566319800001445e+00,-2.859135755985992011e-02,2.730254375353257656e-01,9.705528064135668931e-01,1.692366764801564172e-01,-8.561872641806618153e-03,1.000000000000000000e+00,1.200000047683715820e+00,7.523770928382873535e-01,6.800970435142517090e-01,6.264252662658691406e-01,6.617146730422973633e-01,5.612698197364807129e-01
6.760000000000592202e+00,1.638853758130510041e+00,-2.623458326044142419e-02,3.140246182464853653e-01,9.696955742075150653e-01,1.688359541591873125e-01,-1.911959941081430199e-03,1.000000000000000000e+00,1.200000047683715820e+00,7.532976865768432617e-01,6.828414201736450195e-01,6.257414221763610840e-01,6.531945466995239258e-01,5.480893254280090332e-01
6.780000000000598881e+00,1.642063355687905624e+00,-2.310171205758376756e-02,3.481422012265507071e-01,9.680877805173692119e-01,1.683250775365763285e-01,4.874328157105988629e-03,1.000000000000000000e+00,1.200000047683715820e+00,7.535409331321716309e-01,6.875287294387817383e-01,6.253859400749206543e-01,6.465723514556884766e-01,5.360572934150695801e-01
6.800000000000605560e+00,1.645215600798129341e+00,-1.927998768469646462e-02,3.745251953383950116e-01,9.655384860249849321e-01,1.677395042616591503e-01,1.161485510322246388e-02,1.000000000000000000e+00,1.200000047683715820e+00,7.529181838035583496e-01,6.937723755836486816e-01,6.253668665885925293e-01,6.408521533012390137e-01,5.245213508605957031e-01
6.820000000000612239e+00,1.648299901197185058e+00,-1.486256618620918069e-02,3.925475894590033099e-01,9.619984891026682750e-01,1.671156117346520587e-01,1.812562925056889970e-02,1.000000000000000000e+00,1.200000047683715820e+00,7.511982917785644531e-01,7.013677358627319336e-01,6.257202029228210449e-01,6.353777647018432617e-01,5.130038261413574219e-01
6.840000000000618918e+00,1.651336036319327238e+00,-9.967442250501723500e-03,4.017772541769283334e-01,9.576569996716356448e-01,1.664968601338651377e-01,2.421628744208380313e-02,1.000000000000000000e+00,1.200000047683715820e+00,7.481790184974670410e-01,7.100301980972290039e-01,6.264898777008056641e-01,6.298894882202148438e-01,5.015450119972229004e-01
6.860000000000625597e+00,1.654344107555181687e+00,-4.724798239668093203e-03,4.019654449775305616e-01,9.529053352998007043e-01,1.659235219381999249e-01,2.971562870873537335e-02,1.000000000000000000e+00,1.200000047683715820e+00,7.439253330230712891e-01,7.191608548164367676e-01,6.276864409446716309e-01,6.245477199554443359e-01,5.000000000000000000e-01
6.880000000000632276e+00,1.657347672507329062e+00,7.370021913695734561e-04,3.930688093754242662e-01,9.484581657447062053e-01,1.654498377332755121e-01,3.447751083026608793e-02,1.000000000000000000e+00,1.200000047683715820e+00,7.389402389526367188e-01,7.277916073799133301e-01,6.292502284049987793e-01,6.199088096618652344e-01,5.000000000000000000e-01
6.900000000000638956e+00,1.660376553673818645e+00,6.293567645490494300e-03,3.752768710911361105e-01,9.451081683128296218e-01,1.651220458645233924e-01,3.839080775979127058e-02,1.000000000000000000e+00,1.200000047683715820e+00,7.339692115783691406e-01,7.350549697875976562e-01,6.310420632362365723e-01,6.166835427284240723e-01,5.000000000000000000e-01
6.920000000000645635e+00,1.663461627265927945e+00,1.182625804777770462e-02,3.490066845738891699e-01,9.433687759771685055e-01,1.649598346671395654e-01,4.137754354782383764e-02,1.000000000000000000e+00,1.200000047683715820e+00,7.294918894767761230e-01,7.408056259155273438e-01,6.329118013381958008e-01,6.153258085250854492e-01,5.000000000000000000e-01
6.940000000000652314e+00,1.666620315481846859e+00,1.722147902721254953e-02,3.148747601541695973e-01,9.432597008199551381e-01,1.649498267128658435e-01,4.340789662516385955e-02,1.000000000000000000e+00,1.200000047683715820e+00,7.256014943122863770e-01,7.454451918601989746e-01,6.347475051879882812e-01,6.159626245498657227e-01,5.000000000000000000e-01
6.960000000000658993e+00,1.669863458971952763e+00,2.237729023274886986e-02,2.736772477966768480e-01,9.447446550469652538e-01,1.650877269881245446e-01,4.447233959968520389e-02,1.000000000000000000e+00,1.200000047683715820e+00,7.222270965576171875e-01,7.494566440582275391e-01,6.364754438400268555e-01,6.186324954032897949e-01,5.000000000000000000e-01
6.980000000000665672e+00,1.673204601231720101e+00,2.719833555453599061e-02,2.263913362806228846e-01,9.479602779400334578e-01,1.653997151978539581e-01,4.457398911527394453e-02,1.000000000000000000e+00,1.200000047683715820e+00,7.192912697792053223e-01,7.532224059104919434e-01,6.380521655082702637e-01,6.234670877456665039e-01,5.000000000000000000e-01
7.000000000000672351e+00,1.676659894205695611e+00,3.159492137992614413e-02,1.741513523979680567e-01,9.524688798752450891e-01,1.658747251618731544e-01,4.375057141496181690e-02,1.000000000000000000e+00,1.200000047683715820e+00,7.167023420333862305e-01,7.570182085037231445e-01,6.394748091697692871e-01,6.307615637779235840e-01,5.000000000000000000e-01
7.020000000000679030e+00,1.680221636910018912e+00,3.548858933195464527e-02,1.182614649169623777e-01,9.573669856965291158e-01,1.664592904912035598e-01,4.205584473345641561e-02,1.000000000000000000e+00,1.200000047683715820e+00,7.143218517303466797e-01,7.610123157501220703e-01,6.407876610755920410e-01,6.409947276115417480e-01,5.000000000000000000e-01
7.040000000000685709e+00,1.683842591106987641e+00,3.878953453967459719e-02,6.004376325621723492e-02,9.617652820127414737e-01,1.670791172245749689e-01,3.951987746513294097e-02,1.000000000000000000e+00,1.200000047683715820e+00,7.120034694671630859e-01,7.652266025543212891e-01,6.420581936836242676e-01,6.547378301620483398e-01,5.000000000000000000e-01
7.060000000000692388e+00,1.687481228661382726e+00,4.140402930537756543e-02,7.935550856870408377e-04,9.651827047681740268e-01,1.676693509711053298e-01,3.618003737040001444e-02,1.000000000000000000e+00,1.200000047683715820e+00,7.096581459045410156e-01,7.694861888885498047e-01,6.433215737342834473e-01,6.724764704704284668e-01,5.141533613204956055e-01
7.080000000000699067e+00,1.691109696024072573e+00,4.325369802185347057e-02,-5.819954416211329390e-02,9.675117581897879626e-01,1.681763898086819364e-01,3.208442626624316563e-02,1.000000000000000000e+00,1.200000047683715820e+00,7.074912190437316895e-01,7.733353376388549805e-01,6.444919109344482422e-01,6.940628886222839355e-01,5.336589217185974121e-01
7.100000000000705747e+00,1.694708943656249467e+00,4.427765633685332158e-02,-1.156754861063371970e-01,9.689281362212120996e-01,1.685692646859210664e-01,2.729377779011299757e-02,1.000000000000000000e+00,1.200000047683715820e+00,7.060148119926452637e-01,7.760930061340332031e-01,6.453868746757507324e-01,7.180734872817993164e-01,5.563068985939025879e-01
7.120000000000712426e+00,1.698259399002161274e+00,4.443399062883035544e-02,-1.703968971355170892e-01,9.696346141348339831e-01,1.688125863713212382e-01,2.187633027793168053e-02,1.000000000000000000e+00,1.200000047683715820e+00,7.057896852493286133e-01,7.771884202957153320e-01,6.458967924118041992e-01,7.418967485427856445e-01,5.798352956771850586e-01
7.140000000000719105e+00,1.701735689863891121e+00,4.370367757537457765e-02,-2.211861576432400667e-01,9.697815268170306702e-01,1.688697203215222820e-01,1.592120539051721309e-02,1.000000000000000000e+00,1.200000047683715820e+00,7.070577740669250488e-01,7.764939665794372559e-01,6.461055278778076172e-01,7.631951570510864258e-01,6.018917560577392578e-01
7.160000000000725784e+00,1.705123605832704392e+00,4.209550477537465918e-02,-2.669401951298764897e-01,9.693787277487406762e-01,1.687191254918399275e-01,9.539897356997426719e-03,1.000000000000000000e+00,1.200000047683715820e+00,7.096422314643859863e-01,7.742980718612670898e-01,6.461346149444580078e-01,7.811544537544250488e-01,6.216254234313964844e-01
7.180000000000732463e+00,1.708427469182597136e+00,3.964914471947411645e-02,-3.066300475494054267e-01,9.683205520209235972e-01,1.683890247027926557e-01,2.867286121332361399e-03,1.000000000000000000e+00,1.200000047683715820e+00,7.131061553955078125e-01,7.711017727851867676e-01,6.460071206092834473e-01,7.958546280860900879e-01,6.392568945884704590e-01
7.200000000000739142e+00,1.711668902144876991e+00,3.643962024196684135e-02,-3.393144934257514844e-01,9.666011554740232548e-01,1.679632117021812865e-01,-3.914073292706590421e-03,1.000000000000000000e+00,1.200000047683715820e+00,7.169274091720581055e-01,7.674951553344726562e-01,6.457074880599975586e-01,8.000000119209289551e-01,6.549267172813415527e-01
7.220000000000745821e+00,1.714859678746815330e+00,3.255442136288161370e-02,-3.641647886307443627e-01,9.640829913566227871e-01,1.674646085466272305e-01,-1.062429845805420645e-02,1.000000000000000000e+00,1.200000047683715820e+00,7.206874489784240723e-01,7.639856338500976562e-01,6.452389359474182129e-01,8.000000119209289551e-01,6.684252023696899414e-01
7.240000000000752500e+00,1.717991206271380911e+00,2.808997725017720049e-02,-3.805881790817822186e-01,9.607884196885898564e-01,1.669308724389169385e-01,-1.707706801961857840e-02,1.000000000000000000e+00,1.200000047683715820e+00,7.241956591606140137e-01,7.607329487800598145e-01,6.445808410644531250e-01,8.000000119209289551e-01,6.796036362648010254e-01
7.260000000000759179e+00,1.721082824080326201e+00,2.316847677960370833e-02,-3.881795439702943606e-01,9.568957902290742279e-01,1.663990624765940840e-01,-2.308300209946252679e-02,1.000000000000000000e+00,1.200000047683715820e+00,7.274066209793090820e-01,7.575438618659973145e-01,6.437070965766906738e-01,8.000000119209289551e-01,6.885368227958679199e-01
7.280000000000765858e+00,1.724152045828222235e+00,1.792041491133128384e-02,-3.867210051850121788e-01,9.527768101176827820e-01,1.659090943062582202e-01,-2.847325980229893291e-02,1.000000000000000000e+00,1.200000047683715820e+00,7.302571535110473633e-01,7.541844844818115234e-01,6.426852345466613770e-01,8.000000119209289551e-01,6.953094005584716797e-01
7.300000000000772538e+00,1.727221805202675764e+00,1.247458767892151155e-02,-3.762078401366345526e-01,9.490811540369570309e-01,1.655133061003772610e-01,-3.310537398254718294e-02,1.000000000000000000e+00,1.200000047683715820e+00,7.326362133026123047e-01,7.506222724914550781e-01,6.416697502136230469e-01,8.000000119209289551e-01,6.999476552009582520e-01
7.320000000000779217e+00,1.730321219282210610e+00,6.955101192306412106e-03,-3.568699879097394501e-01,9.464863415960026449e-01,1.652542913414933312e-01,-3.687210179624777345e-02,1.000000000000000000e+00,1.200000047683715820e+00,7.345026135444641113e-01,7.468693256378173828e-01,6.407669186592102051e-01,8.000000119209289551e-01,7.025986909866333008e-01
7.340000000000785896e+00,1.733479027997260502e+00,1.480806665956901913e-03,-3.291624989299284376e-01,9.453680997049831447e-01,1.651467265749367308e-01,-3.970115852968328363e-02,1.000000000000000000e+00,1.200000047683715820e+00,7.359281182289123535e-01,7.428096532821655273e-01,6.399784684181213379e-01,8.000000119209289551e-01,7.034707069396972656e-01
7.360000000000792575e+00,1.736709746037366386e+00,-3.836052004637213741e-03,-2.937334940958838403e-01,9.456480411598955360e-01,1.651734409850109941e-01,-4.156829235742044021e-02,1.000000000000000000e+00,1.200000047683715820e+00,7.370458841323852539e-01,7.383270859718322754e-01,6.392567157745361328e-01,8.000000119209289551e-01,7.026430964469909668e-01
7.380000000000799254e+00,1.740023835995192059e+00,-8.894621039240324656e-03,-2.514118571954995218e-01,9.473957288659331510e-01,1.653435041368385428e-01,-4.246394742369934833e-02,1.000000000000000000e+00,1.200000047683715820e+00,7.379949092864990234e-01,7.333773374557495117e-01,6.385552287101745605e-01,8.000000119209289551e-01,7.000043392181396484e-01
7.400000000000805933e+00,1.743434705828929676e+00,-1.360024084337979611e-02,-2.032036491320299842e-01,9.506459650923547722e-01,1.656766462053954614e-01,-4.239625663946332973e-02,1.000000000000000000e+00,1.200000047683715820e+00,7.388935685157775879e-01,7.279410958290100098e-01,6.378394961357116699e-01,7.985709905624389648e-01,6.952245235443115234e-01
7.420000000000812612e+00,1.746956892873426703e+00,-1.786428925719385497e-02,-1.502711430771504486e-01,9.549384778243076299e-01,1.661586886821429521e-01,-4.140943628707018792e-02,1.000000000000000000e+00,1.200000047683715820e+00,7.398689389228820801e-01,7.219824790954589844e-01,6.370680928230285645e-01,7.885995507240295410e-01,6.877198219299316406e-01
7.440000000000819291e+00,1.750573523311941937e+00,-2.160912947254467475e-02,-9.393894234729031900e-02,9.593866321728123925e-01,1.667296284459124089e-01,-3.955367773494423284e-02,1.000000000000000000e+00,1.200000047683715820e+00,7.410777211189270020e-01,7.154897451400756836e-01,6.361724138259887695e-01,7.759315967559814453e-01,6.767329573631286621e-01
7.460000000000825970e+00,1.754234310254543683e+00,-2.474255919377982282e-02,-3.552120326461183364e-02,9.632306801548816688e-01,1.673165097093479992e-01,-3.686095026921978879e-02,1.000000000000000000e+00,1.200000047683715820e+00,7.426604032516479492e-01,7.085108757019042969e-01,6.350468397140502930e-01,7.601544260978698730e-01,6.617753505706787109e-01
7.480000000000832650e+00,1.757898743407849018e+00,-2.717401828683591036e-02,2.368134413610793049e-02,9.661046619002660041e-01,1.678558154836932437e-01,-3.337170977635366131e-02,1.000000000000000000e+00,1.200000047683715820e+00,7.446553111076354980e-01,7.011963129043579102e-01,6.335808634757995605e-01,7.415027022361755371e-01,6.433109641075134277e-01
7.500000000000839329e+00,1.761539215045655915e+00,-2.882878023286489233e-02,8.237745050220987575e-02,9.679811288024650073e-01,1.682965750334556310e-01,-2.913842444097553344e-02,1.000000000000000000e+00,1.200000047683715820e+00,7.469292283058166504e-01,6.940747499465942383e-01,6.317914724349975586e-01,7.213730812072753906e-01,6.230548620223999023e-01
7.520000000000846008e+00,1.765136227995871554e+00,-2.965017253767210370e-02,1.393055869826847759e-01,9.690523074194002939e-01,1.686089565205222129e-01,-2.422418921524396168e-02,1.000000000000000000e+00,1.200000047683715820e+00,7.492290139198303223e-01,6.880583763122558594e-01,6.299240589141845703e-01,7.018747925758361816e-01,6.031075119972229004e-01
7.540000000000852687e+00,1.768667976830929689e+00,-2.960089256950182435e-02,1.932290985724893773e-01,9.694814402855257418e-01,1.687557997271072474e-01,-1.870181213481995897e-02,1.000000000000000000e+00,1.200000047683715820e+00,7.513401508331298828e-01,6.840954422950744629e-01,6.282785534858703613e-01,6.848374605178833008e-01,5.848544239997863770e-01
7.560000000000859366e+00,1.772109506637308929e+00,-2.866788047112428517e-02,2.429842876798518347e-01,9.693327623576870611e-01,1.687030478831943736e-01,-1.266579622532744073e-02,1.000000000000000000e+00,1.200000047683715820e+00,7.531324028968811035e-01,6.827238798141479492e-01,6.269993185997009277e-01,6.711660623550415039e-01,5.687186121940612793e-01
7.580000000000866045e+00,1.775450189468816387e+00,-2.686571517806463083e-02,2.874857101799443426e-01,9.684841159568812197e-01,1.684355125847213364e-01,-6.232471146369523984e-03,1.000000000000000000e+00,1.200000047683715820e+00,7.544683218002319336e-01,6.839217543601989746e-01,6.260989904403686523e-01,6.608468890190124512e-01,5.546178817749023438e-01
7.600000000000872724e+00,1.778698052323274936e+00,-2.424105147992827725e-02,3.257299737032630649e-01,9.667470815691882047e-01,1.679958602887915708e-01,4.565856244301203155e-04,1.000000000000000000e+00,1.200000047683715820e+00,7.551959753036499023e-01,6.872850656509399414e-01,6.255476474761962891e-01,6.531313061714172363e-01,5.421648025512695312e-01
7.620000000000879403e+00,1.781879500866653032e+00,-2.087290603726588145e-02,3.568069087356247060e-01,9.641012040310319442e-01,1.674678663004714740e-01,7.216287598799271501e-03,1.000000000000000000e+00,1.200000047683715820e+00,7.551624178886413574e-01,6.923344731330871582e-01,6.253252625465393066e-01,6.469592452049255371e-01,5.307331681251525879e-01
7.640000000000886082e+00,1.784998671954075355e+00,-1.684841719624752265e-02,3.799405998075129354e-01,9.603877066915457172e-01,1.668720527747343252e-01,1.386886779953941037e-02,1.000000000000000000e+00,1.200000047683715820e+00,7.541834115982055664e-01,6.987707018852233887e-01,6.254388689994812012e-01,6.414591073989868164e-01,5.196667313575744629e-01
7.660000000000892761e+00,1.788054717811945693e+00,-1.226776700062798264e-02,3.945913833494151812e-01,9.557248131613348407e-01,1.662534603084962759e-01,2.022763923424166291e-02,1.000000000000000000e+00,1.200000047683715820e+00,7.520319223403930664e-01,7.064145803451538086e-01,6.259242892265319824e-01,6.361114382743835449e-01,5.086153149604797363e-01
7.680000000000899441e+00,1.791069786100721650e+00,-7.255409553413583179e-03,4.003991021183099241e-01,9.503980171186156012e-01,1.656503732338526491e-01,2.610810428388490173e-02,1.000000000000000000e+00,1.200000047683715820e+00,7.485713362693786621e-01,7.149467468261718750e-01,6.268142461776733398e-01,6.307505965232849121e-01,5.000000000000000000e-01
7.700000000000906120e+00,1.794063458140237710e+00,-1.940364963445184721e-03,3.971896021316561609e-01,9.449647413519782768e-01,1.651084778595018066e-01,3.134744690695105696e-02,1.000000000000000000e+00,1.200000047683715820e+00,7.440014481544494629e-01,7.236968874931335449e-01,6.281042098999023438e-01,6.256131529808044434e-01,5.000000000000000000e-01
7.720000000000912799e+00,1.797061440980131763e+00,3.550191242418732074e-03,3.850048717769487538e-01,9.402550713699702190e-01,1.646811230549621863e-01,3.581163322876399630e-02,1.000000000000000000e+00,1.200000047683715820e+00,7.389498949050903320e-01,7.317044138908386230e-01,6.297111511230468750e-01,6.213287711143493652e-01,5.000000000000000000e-01
7.740000000000919478e+00,1.800094634838410368e+00,9.094488212800178051e-03,3.641178218405640710e-01,9.370500097409103502e-01,1.644078578683960956e-01,3.940104213406855210e-02,1.000000000000000000e+00,1.200000047683715820e+00,7.341272234916687012e-01,7.383047938346862793e-01,6.314884424209594727e-01,6.185887455940246582e-01,5.000000000000000000e-01
7.760000000000926157e+00,1.803190609379150544e+00,1.457500600617983588e-02,3.350198025310612837e-01,9.357096299240682535e-01,1.642972010306060771e-01,4.205274108596857713e-02,1.000000000000000000e+00,1.200000047683715820e+00,7.298743724822998047e-01,7.435552477836608887e-01,6.333013176918029785e-01,6.177569627761840820e-01,5.000000000000000000e-01
7.780000000000932836e+00,1.806362514067993530e+00,1.988212962626967339e-02,2.983864986828508314e-01,9.360683936051416021e-01,1.643266227020629966e-01,4.374783181830939338e-02,1.000000000000000000e+00,1.200000047683715820e+00,7.262021303176879883e-01,7.478811740875244141e-01,6.350573301315307617e-01,6.189203262329101562e-01,5.000000000000000000e-01
7.800000000000939515e+00,1.809621763889322832e+00,2.491642488509376863e-02,2.550745782327585864e-01,9.383513328994821379e-01,1.645172754385908209e-01,4.447675048659049252e-02,1.000000000000000000e+00,1.200000047683715820e+00,7.230205535888671875e-01,7.517107129096984863e-01,6.366986632347106934e-01,6.221439838409423828e-01,5.000000000000000000e-01
7.820000000000946194e+00,1.812982949552728318e+00,2.958425429855321420e-02,2.061120754009387046e-01,9.424815248113531663e-01,1.648789622278369060e-01,4.425323011483976721e-02,1.000000000000000000e+00,1.200000047683715820e+00,7.202481031417846680e-01,7.553750276565551758e-01,6.381961703300476074e-01,6.276136040687561035e-01,5.000000000000000000e-01
7.840000000000952873e+00,1.816459849879371369e+00,3.379896919557751067e-02,1.526834009234714629e-01,9.478782147693461946e-01,1.653915037656729092e-01,4.312653861359651980e-02,1.000000000000000000e+00,1.200000047683715820e+00,7.177833914756774902e-01,7.591119408607482910e-01,6.395604014396667480e-01,6.356855034828186035e-01,5.000000000000000000e-01
7.860000000000959552e+00,1.820029297315991279e+00,3.748313900857364045e-02,9.612067643924694649e-02,9.534832690914778475e-01,1.659890156139372519e-01,4.114087687568375451e-02,1.000000000000000000e+00,1.200000047683715820e+00,7.154923677444458008e-01,7.630481719970703125e-01,6.408402323722839355e-01,6.468750238418579102e-01,5.000000000000000000e-01
7.880000000000966232e+00,1.823642800398980413e+00,4.054259286459671596e-02,3.772429698855450653e-02,9.584409946383932732e-01,1.666004426070722966e-01,3.832815227585160273e-02,1.000000000000000000e+00,1.200000047683715820e+00,7.132328748703002930e-01,7.671520113945007324e-01,6.420974135398864746e-01,6.617429256439208984e-01,5.031799077987670898e-01
7.900000000000972911e+00,1.827264198273016671e+00,4.288929088434401127e-02,-2.121316549138351285e-02,9.623063437662555675e-01,1.671644935599679305e-01,3.472895636302056332e-02,1.000000000000000000e+00,1.200000047683715820e+00,7.109873294830322266e-01,7.711714506149291992e-01,6.433331370353698730e-01,6.806238293647766113e-01,5.197770595550537109e-01
7.920000000000979590e+00,1.830869264536897134e+00,4.445119490802568185e-02,-7.941637922689345763e-02,9.650058562311524257e-01,1.676352449686113466e-01,3.039753983731945802e-02,1.000000000000000000e+00,1.200000047683715820e+00,7.090517878532409668e-01,7.745751738548278809e-01,6.444270014762878418e-01,7.030093669891357422e-01,5.402858257293701172e-01
7.940000000000986269e+00,1.834440525411323186e+00,4.517448215623048879e-02,-1.356416732958898030e-01,9.666950657673976099e-01,1.679841625004803163e-01,2.539670287899225762e-02,1.000000000000000000e+00,1.200000047683715820e+00,7.079673409461975098e-01,7.766987681388854980e-01,6.452032923698425293e-01,7.270703315734863281e-01,5.633890032768249512e-01
7.960000000000992948e+00,1.837955782673415861e+00,4.502463216468544083e-02,-1.886735865445970384e-01,9.674983392206790711e-01,1.681730692427553242e-01,1.980139699671697173e-02,1.000000000000000000e+00,1.200000047683715820e+00,7.082003951072692871e-01,7.771133184432983398e-01,6.456120610237121582e-01,7.501724362373352051e-01,5.867043733596801758e-01
7.980000000000999627e+00,1.841391606365745393e+00,4.399215388325355969e-02,-2.373732694831358070e-01,9.674829031901525100e-01,1.681692569422824357e-01,1.370869743010389059e-02,1.000000000000000000e+00,1.200000047683715820e+00,7.098411321640014648e-01,7.758527994155883789e-01,6.457681655883789062e-01,7.704106569290161133e-01,6.082325577735900879e-01
8.000000000001005418e+00,1.844740049736438792e+00,4.209534232703981971e-02,-2.806736644509065792e-01,9.665930533815323411e-01,1.679614141734145361e-01,7.237093847682888291e-03,1.000000000000000000e+00,1.200000047683715820e+00,7.126160264015197754e-01,7.732998132705688477e-01,6.457637548446655273e-01,7.872620820999145508e-01,6.274297833442687988e-01
8.020000000000994334e+00,1.848010000619608739e+00,3.938641768823458733e-02,-3.175865394026338717e-01,9.648193523534802640e-01,1.675997954487901120e-01,5.345202595030401757e-04,1.000000000000000000e+00,1.200000047683715820e+00,7.160601615905761719e-01,7.699919342994689941e-01,6.456018686294555664e-01,8.000000119209289551e-01,6.444739103317260742e-01
8.040000000000983249e+00,1.851227597525121116e+00,3.594717001695690861e-02,-3.472152623418429673e-01,9.622611206254195748e-01,1.671572612215483367e-01,-6.212607376898019070e-03,1.000000000000000000e+00,1.200000047683715820e+00,7.196932435035705566e-01,7.664881348609924316e-01,6.452755331993103027e-01,8.000000119209289551e-01,6.593697667121887207e-01
8.060000000000972165e+00,1.854388532030185832e+00,3.186515122380773057e-02,-3.688164033848414514e-01,9.588116126487972180e-01,1.666504945418825767e-01,-1.282662850355057935e-02,1.000000000000000000e+00,1.200000047683715820e+00,7.231916785240173340e-01,7.631676197052001953e-01,6.447818279266357422e-01,8.000000119209289551e-01,6.719409823417663574e-01
8.080000000000961080e+00,1.857496077337930540e+00,2.724497073262871494e-02,-3.818774182418854801e-01,9.546288435383438742e-01,1.661219857388156751e-01,-1.911875337873369593e-02,1.000000000000000000e+00,1.200000047683715820e+00,7.264370918273925781e-01,7.600360512733459473e-01,6.440849304199218750e-01,8.000000119209289551e-01,6.821886301040649414e-01
8.100000000000949996e+00,1.860569718119672533e+00,2.221388899668019778e-02,-3.860654992836891064e-01,9.499670469326890743e-01,1.656050650396717616e-01,-2.490716912442855063e-02,1.000000000000000000e+00,1.200000047683715820e+00,7.293896079063415527e-01,7.568633556365966797e-01,6.431829333305358887e-01,8.000000119209289551e-01,6.902442574501037598e-01
8.120000000000938911e+00,1.863627513286880255e+00,1.690110502259517533e-02,-3.812391870783325420e-01,9.453559022108041221e-01,1.651455657539425970e-01,-3.003126793662260624e-02,1.000000000000000000e+00,1.200000047683715820e+00,7.319650650024414062e-01,7.535098195075988770e-01,6.421823501586914062e-01,8.000000119209289551e-01,6.961420178413391113e-01
8.140000000000927827e+00,1.866694499920454220e+00,1.143402284452371687e-02,-3.674799521704525396e-01,9.415351503675123412e-01,1.647940057446354578e-01,-3.436093161683041047e-02,1.000000000000000000e+00,1.200000047683715820e+00,7.340814471244812012e-01,7.500078678131103516e-01,6.412277221679687500e-01,8.000000119209289551e-01,6.999211907386779785e-01
8.160000000000916742e+00,1.869800713215095112e+00,5.934179686871599024e-03,-3.450997208084299328e-01,9.391518304650049442e-01,1.645856062782581064e-01,-3.779999419423692164e-02,1.000000000000000000e+00,1.200000047683715820e+00,7.357508540153503418e-01,7.463237047195434570e-01,6.403827667236328125e-01,8.000000119209289551e-01,7.017700076103210449e-01
8.180000000000905658e+00,1.872970699975282649e+00,5.191834070694123504e-04,-3.146251866333691916e-01,9.384422331269927087e-01,1.645249946341640901e-01,-4.029277203664598239e-02,1.000000000000000000e+00,1.200000047683715820e+00,7.370671629905700684e-01,7.423052191734313965e-01,6.396285891532897949e-01,8.000000119209289551e-01,7.018674015998840332e-01
8.200000000000894573e+00,1.876215658558064270e+00,-4.703018230816369272e-03,-2.767630053203379847e-01,9.392048419358761668e-01,1.645901598224736861e-01,-4.182353598294666353e-02,1.000000000000000000e+00,1.200000047683715820e+00,7.381579875946044922e-01,7.378466129302978516e-01,6.389206051826477051e-01,8.000000119209289551e-01,7.002248167991638184e-01
8.220000000000883489e+00,1.879546787802078178e+00,-9.633806056938698514e-03,-2.324017065961608564e-01,9.417144051804812177e-01,1.648099971012066955e-01,-4.238388614401517041e-02,1.000000000000000000e+00,1.200000047683715820e+00,7.391467690467834473e-01,7.329163551330566406e-01,6.382202506065368652e-01,8.000000119209289551e-01,6.966527700424194336e-01
8.240000000000872404e+00,1.882978511889533468e+00,-1.418022870520641021e-02,-1.825963833459987029e-01,9.458111898023585651e-01,1.651890748824005328e-01,-4.199325665157505050e-02,1.000000000000000000e+00,1.200000047683715820e+00,7.401444315910339355e-01,7.274973392486572266e-01,6.374934911727905273e-01,7.957566976547241211e-01,6.907408833503723145e-01
8.260000000000861320e+00,1.886520710660503308e+00,-1.825736267928257384e-02,-1.285617993928833136e-01,9.508842418440751620e-01,1.657020394031411270e-01,-4.070532863832079101e-02,1.000000000000000000e+00,1.200000047683715820e+00,7.412803769111633301e-01,7.215571999549865723e-01,6.366916894912719727e-01,7.849932312965393066e-01,6.818497180938720703e-01
8.280000000000850235e+00,1.890141222315877556e+00,-2.178658658149756899e-02,-7.163662120614046336e-02,9.559349497977538412e-01,1.662791822850275825e-01,-3.856061117682944156e-02,1.000000000000000000e+00,1.200000047683715820e+00,7.427011132240295410e-01,7.151102423667907715e-01,6.357350349426269531e-01,7.714287042617797852e-01,6.693133711814880371e-01
8.300000000000839151e+00,1.893790940832173142e+00,-2.467340424274444555e-02,-1.311872233173181496e-02,9.602444426560746704e-01,1.668512843466333218e-01,-3.559416695735027891e-02,1.000000000000000000e+00,1.200000047683715820e+00,7.445123791694641113e-01,7.082122564315795898e-01,6.345083713531494141e-01,7.548536658287048340e-01,6.529850363731384277e-01
8.320000000000828067e+00,1.897434509801868785e+00,-2.683321414843958808e-02,4.569475834845360129e-02,9.634753910439812774e-01,1.673581940918477673e-01,-3.184978601377082968e-02,1.000000000000000000e+00,1.200000047683715820e+00,7.466906905174255371e-01,7.011119723320007324e-01,6.329254508018493652e-01,7.358965873718261719e-01,6.338289380073547363e-01
8.340000000000816982e+00,1.901047733599914302e+00,-2.819775682148994989e-02,1.035274933909307027e-01,9.656278306771729492e-01,1.677574620195941002e-01,-2.738590241588823027e-02,1.000000000000000000e+00,1.200000047683715820e+00,7.490537166595458984e-01,6.944566965103149414e-01,6.310815215110778809e-01,7.161746621131896973e-01,6.137325763702392578e-01
8.360000000000805898e+00,1.904612133476360825e+00,-2.871745907132733366e-02,1.591334386379855415e-01,9.668514659307676506e-01,1.680195417704988259e-01,-2.226779519677795846e-02,1.000000000000000000e+00,1.200000047683715820e+00,7.513613700866699219e-01,6.892040967941284180e-01,6.292685270309448242e-01,6.976677775382995605e-01,5.944942235946655273e-01
8.380000000000794813e+00,1.908103510165771954e+00,-2.836280755870213000e-02,2.113029132230634932e-01,9.672223158445911739e-01,1.681060478982106254e-01,-1.657556155438787496e-02,1.000000000000000000e+00,1.200000047683715820e+00,7.534429430961608887e-01,6.861980557441711426e-01,6.277437806129455566e-01,6.818835139274597168e-01,5.770939588546752930e-01
8.400000000000783729e+00,1.911500215251869861e+00,-2.713030229168822416e-02,2.589114051481473666e-01,9.667108177543698444e-01,1.679876978372142893e-01,-1.041140436480585477e-02,1.000000000000000000e+00,1.200000047683715820e+00,7.551566362380981445e-01,6.857694983482360840e-01,6.266021728515625000e-01,6.694503426551818848e-01,5.618007183074951172e-01
8.420000000000772644e+00,1.914798257669415360e+00,-2.504415138152960019e-02,3.009118618337279227e-01,9.651470870276126490e-01,1.676624424075248421e-01,-3.898195902541266682e-03,1.000000000000000000e+00,1.200000047683715820e+00,7.563312649726867676e-01,6.877170205116271973e-01,6.258397102355957031e-01,6.601481437683105469e-01,5.485155582427978516e-01
8.440000000000761560e+00,1.918010433005438831e+00,-2.216333174849721699e-02,3.363435761352607245e-01,9.624983978756626035e-01,1.671954119880514622e-01,2.807708823081496094e-03,1.000000000000000000e+00,1.200000047683715820e+00,7.568139433860778809e-01,6.915561556816101074e-01,6.254230737686157227e-01,6.530935764312744141e-01,5.367859601974487305e-01
8.460000000000750475e+00,1.921164396435470767e+00,-1.857161777168958583e-02,3.643420651136160537e-01,9.588024792616567371e-01,1.666492523205427567e-01,9.522249809636375295e-03,1.000000000000000000e+00,1.200000047683715820e+00,7.564643025398254395e-01,6.968584060668945312e-01,6.253312826156616211e-01,6.472758054733276367e-01,5.259299874305725098e-01
8.480000000000739391e+00,1.924251227205277637e+00,-1.435717457204588321e-02,3.842249486049044704e-01,9.539950809946253774e-01,1.660478892858940625e-01,1.606764548170775894e-02,1.000000000000000000e+00,1.200000047683715820e+00,7.551012635231018066e-01,7.034161686897277832e-01,6.255720257759094238e-01,6.419618129730224609e-01,5.153258442878723145e-01
8.500000000000728306e+00,1.927282505130152757e+00,-9.628749249589507730e-03,3.955265190640328554e-01,9.483342125120522992e-01,1.654373102369391113e-01,2.225579482990634045e-02,1.000000000000000000e+00,1.200000047683715820e+00,7.525159120559692383e-01,7.110490202903747559e-01,6.261796355247497559e-01,6.367400884628295898e-01,5.047520399093627930e-01
8.520000000000717222e+00,1.930279038961311588e+00,-4.514172757379697476e-03,3.979576583556228564e-01,9.422034219996773263e-01,1.648538599080524025e-01,2.791081556672575861e-02,1.000000000000000000e+00,1.200000047683715820e+00,7.486599087715148926e-01,7.193939685821533203e-01,6.271775960922241211e-01,6.315171718597412109e-01,5.000000000000000000e-01
8.540000000000706137e+00,1.933261658909845693e+00,8.587640124405604425e-04,3.914215635672909088e-01,9.363306853856676604e-01,1.643482228115412391e-01,3.287881405464077728e-02,1.000000000000000000e+00,1.200000047683715820e+00,7.438701391220092773e-01,7.277229428291320801e-01,6.285443305969238281e-01,6.266200542449951172e-01,5.000000000000000000e-01
8.560000000000695053e+00,1.936257881334123798e+00,6.364608364016199893e-03,3.760454263069057390e-01,9.316102287575087626e-01,1.639704653781274835e-01,3.703810550177102923e-02,1.000000000000000000e+00,1.200000047683715820e+00,7.388541102409362793e-01,7.351215481758117676e-01,6.301746368408203125e-01,6.227440237998962402e-01,5.000000000000000000e-01
8.580000000000683968e+00,1.939298941370562801e+00,1.188387062764306723e-02,3.521816405244364567e-01,9.287409886855445551e-01,1.637511540477296634e-01,4.029966622805931931e-02,1.000000000000000000e+00,1.200000047683715820e+00,7.342314124107360840e-01,7.411453723907470703e-01,6.319221258163452148e-01,6.205242276191711426e-01,5.000000000000000000e-01
8.600000000000672884e+00,1.942407348778175891e+00,1.730049932257393674e-02,3.203891694229583642e-01,9.279122306792596531e-01,1.636891071211181714e-01,4.261739681327483820e-02,1.000000000000000000e+00,1.200000047683715820e+00,7.302141785621643066e-01,7.459884285926818848e-01,6.336701512336730957e-01,6.202349662780761719e-01,5.000000000000000000e-01
8.620000000000661800e+00,1.945594075140161472e+00,2.250900099807073840e-02,2.814020737651817261e-01,9.289134197692543449e-01,1.637641342983240100e-01,4.397787867154476921e-02,1.000000000000000000e+00,1.200000047683715820e+00,7.267558574676513672e-01,7.500650286674499512e-01,6.353445649147033691e-01,6.219447851181030273e-01,5.000000000000000000e-01
8.640000000000650715e+00,1.948871399458745213e+00,2.741191559855854498e-02,2.361351052627129188e-01,9.320866704247602330e-01,1.640075943738819320e-01,4.437524160395728279e-02,1.000000000000000000e+00,1.200000047683715820e+00,7.237597703933715820e-01,7.537498474121093750e-01,6.369018554687500000e-01,6.257575750350952148e-01,5.000000000000000000e-01
8.660000000000639631e+00,1.952254973903364554e+00,3.191734035348553489e-02,1.856636173313600258e-01,9.371635802145465988e-01,1.644173274850265765e-01,4.383429677481819747e-02,1.000000000000000000e+00,1.200000047683715820e+00,7.211405038833618164e-01,7.573326826095581055e-01,6.383268833160400391e-01,6.319158077239990234e-01,5.000000000000000000e-01
8.680000000000628546e+00,1.955751626140762145e+00,3.594298528809197757e-02,1.312259549482299448e-01,9.433710544541747955e-01,1.649600439237659533e-01,4.241058812205087541e-02,1.000000000000000000e+00,1.200000047683715820e+00,7.187888622283935547e-01,7.610166072845458984e-01,6.396415829658508301e-01,6.408332586288452148e-01,5.000000000000000000e-01
8.700000000000617462e+00,1.959324519940286002e+00,3.940817403629315319e-02,7.415498280197137249e-02,9.495691442828327888e-01,1.655636266141256030e-01,4.013971148665643196e-02,1.000000000000000000e+00,1.200000047683715820e+00,7.165777683258056641e-01,7.648831605911254883e-01,6.408962011337280273e-01,6.530418992042541504e-01,5.000000000000000000e-01
8.720000000000606377e+00,1.962928197753975201e+00,4.221851913656304855e-02,1.573895688899831086e-02,9.549588033620362015e-01,1.661611098661498753e-01,3.705705295992284959e-02,1.000000000000000000e+00,1.200000047683715820e+00,7.143790721893310547e-01,7.688425779342651367e-01,6.421399712562561035e-01,6.690577864646911621e-01,5.081436038017272949e-01
8.740000000000595293e+00,1.966531335551318094e+00,4.429200079383277533e-02,-4.273599193471120522e-02,9.591361447005174456e-01,1.666949292331978971e-01,3.320706253997326995e-02,1.000000000000000000e+00,1.200000047683715820e+00,7.122629284858703613e-01,7.725617885589599609e-01,6.433366537094116211e-01,6.889892220497131348e-01,5.258876085281372070e-01
8.760000000000584208e+00,1.970112799946820203e+00,4.556312488770980496e-02,-1.000110888353154953e-01,9.620764266017343136e-01,1.671279095978977780e-01,2.864929270608142925e-02,1.000000000000000000e+00,1.200000047683715820e+00,7.106060981750488281e-01,7.754583358764648438e-01,6.443395614624023438e-01,7.119233608245849609e-01,5.472341775894165039e-01
8.780000000000573124e+00,1.973655200327214754e+00,4.598503299605821715e-02,-1.548577076283040865e-01,9.638854673431896947e-01,1.674295382677292165e-01,2.344931127393212744e-02,1.000000000000000000e+00,1.200000047683715820e+00,7.099390625953674316e-01,7.769328355789184570e-01,6.449974179267883301e-01,7.357264161109924316e-01,5.705521702766418457e-01
8.800000000000562039e+00,1.977134126565949668e+00,4.553124976683753378e-02,-2.060908354152412858e-01,9.646147824758087852e-01,1.675614971482226878e-01,1.768968054435003309e-02,1.000000000000000000e+00,1.200000047683715820e+00,7.106028199195861816e-01,7.767185568809509277e-01,6.453198790550231934e-01,7.579238414764404297e-01,5.934867858886718750e-01
8.820000000000550955e+00,1.980530139674141488e+00,4.420181781852894343e-02,-2.526079467319544691e-01,9.642573928540719708e-01,1.674959757880678801e-01,1.147504528286773587e-02,1.000000000000000000e+00,1.200000047683715820e+00,7.125473618507385254e-01,7.749912142753601074e-01,6.454320549964904785e-01,7.770395874977111816e-01,6.144192814826965332e-01
8.840000000000539870e+00,1.983841534610953250e+00,4.202521185120716707e-02,-2.933794246912082015e-01,9.627517764998797523e-01,1.672367228131429462e-01,4.930667576354735328e-03,1.000000000000000000e+00,1.200000047683715820e+00,7.154318690299987793e-01,7.721968889236450195e-01,6.453954577445983887e-01,7.927332520484924316e-01,6.330078840255737305e-01
8.860000000000528786e+00,1.987081988656707487e+00,3.906557654846426475e-02,-3.274595698414077827e-01,9.602690319895246240e-01,1.668548394305982285e-01,-1.779435825366259497e-03,1.000000000000000000e+00,1.200000047683715820e+00,7.187930345535278320e-01,7.688748240470886230e-01,6.452052593231201172e-01,8.000000119209289551e-01,6.493563055992126465e-01
8.880000000000517701e+00,1.990274768630049262e+00,3.540803585822061006e-02,-3.539981792013030537e-01,9.568676174132620948e-01,1.663954924187214246e-01,-8.473481738389722351e-03,1.000000000000000000e+00,1.200000047683715820e+00,7.222128510475158691e-01,7.655174732208251953e-01,6.448587775230407715e-01,8.000000119209289551e-01,6.633905768394470215e-01
8.900000000000506617e+00,1.993407458565508605e+00,3.114240940602613916e-02,-3.723495037297718246e-01,9.525609093728613086e-01,1.658849679404308386e-01,-1.497191543083910281e-02,1.000000000000000000e+00,1.200000047683715820e+00,7.254622578620910645e-01,7.623579502105712891e-01,6.443365812301635742e-01,8.000000119209289551e-01,6.750328540802001953e-01
8.920000000000495533e+00,1.996494027047143405e+00,2.638216420900757475e-02,-3.820718451266894022e-01,9.475996329459962508e-01,1.653637315920742090e-01,-2.108563021194255135e-02,1.000000000000000000e+00,1.200000047683715820e+00,7.284650206565856934e-01,7.592941522598266602e-01,6.436002254486083984e-01,8.000000119209289551e-01,6.843969821929931641e-01
8.940000000000484448e+00,1.999552132830031415e+00,2.125637934729512901e-02,-3.829036417399069858e-01,9.423357554857629825e-01,1.648657902809245457e-01,-2.664148763616773843e-02,1.000000000000000000e+00,1.200000047683715820e+00,7.311689257621765137e-01,7.561209201812744141e-01,6.426840424537658691e-01,8.000000119209289551e-01,6.916000247001647949e-01
8.960000000000473364e+00,2.002601757605471100e+00,1.589327497578557624e-02,-3.747830247957121830e-01,9.374485657964433116e-01,1.644411559616932861e-01,-3.148849314811019012e-02,1.000000000000000000e+00,1.200000047683715820e+00,7.334871292114257812e-01,7.527971863746643066e-01,6.417182683944702148e-01,8.000000119209289551e-01,6.966339945793151855e-01
8.980000000000462279e+00,2.005669681671318205e+00,1.041825799376999706e-02,-3.578762545685833518e-01,9.337210445961182659e-01,1.641366039116056996e-01,-3.550885234238757016e-02,1.000000000000000000e+00,1.200000047683715820e+00,7.353802323341369629e-01,7.493680715560913086e-01,6.408209800720214844e-01,8.000000119209289551e-01,6.995809674263000488e-01
9.000000000000451195e+00,2.008785800011485545e+00,4.950849544007207559e-03,-3.325734091050240870e-01,9.317040978946483643e-01,1.639777639262467723e-01,-3.861764450427897927e-02,1.000000000000000000e+00,1.200000047683715820e+00,7.368984222412109375e-01,7.457393407821655273e-01,6.400209665298461914e-01,8.000000119209289551e-01,7.006515264511108398e-01
9.020000000000440110e+00,2.011969223761173264e+00,-3.934445854300583356e-04,-2.994657994731943496e-01,9.314757353177764987e-01,1.639600223241543808e-01,-4.077550545844852575e-02,1.000000000000000000e+00,1.200000047683715820e+00,7.381421327590942383e-01,7.417446970939636230e-01,6.392905116081237793e-01,8.000000119209289551e-01,6.999748945236206055e-01
9.040000000000429026e+00,2.015229903571198466e+00,-5.510583543861968803e-03,-2.593189579719630822e-01,9.328843805318360882e-01,1.640702384514619860e-01,-4.197044225263118350e-02,1.000000000000000000e+00,1.200000047683715820e+00,7.392299771308898926e-01,7.372938990592956543e-01,6.385904550552368164e-01,8.000000119209289551e-01,6.974894404411315918e-01
9.060000000000417941e+00,2.018579898119729155e+00,-1.030383672841239662e-02,-2.130778404618005051e-01,9.362208479346787460e-01,1.643391682219645933e-01,-4.219986630694082252e-02,1.000000000000000000e+00,1.200000047683715820e+00,7.402732372283935547e-01,7.323685288429260254e-01,6.378870010375976562e-01,8.000000119209289551e-01,6.929289698600769043e-01
9.080000000000406857e+00,2.022034416795321032e+00,-1.468203640700987966e-02,-1.618439508820398443e-01,9.411759510167885256e-01,1.647620996093447643e-01,-4.149456689112530211e-02,1.000000000000000000e+00,1.200000047683715820e+00,7.413811683654785156e-01,7.269526720046997070e-01,6.371430754661560059e-01,7.925722599029541016e-01,6.858116984367370605e-01
9.100000000000395772e+00,2.025593436438210659e+00,-1.856497361691777925e-02,-1.068856470329257874e-01,9.469362033416812707e-01,1.652982225374615144e-01,-3.991096073398751887e-02,1.000000000000000000e+00,1.200000047683715820e+00,7.426849603652954102e-01,7.210237383842468262e-01,6.363012790679931641e-01,7.809756398200988770e-01,6.754875779151916504e-01
9.120000000000384688e+00,2.029213456636550728e+00,-2.186926190094723443e-02,-4.953096848633514737e-02,9.524692291081140461e-01,1.658747639848361655e-01,-3.748331425469862005e-02,1.000000000000000000e+00,1.200000047683715820e+00,7.443135380744934082e-01,7.146206498146057129e-01,6.352692246437072754e-01,7.665506005287170410e-01,6.614804863929748535e-01
9.140000000000373603e+00,2.032849638256158720e+00,-2.450226010432904333e-02,8.928626972714112653e-03,9.571110981500492443e-01,1.664264606713651284e-01,-3.425019629249024394e-02,1.000000000000000000e+00,1.200000047683715820e+00,7.463297843933105469e-01,7.078276276588439941e-01,6.339296102523803711e-01,7.493565082550048828e-01,6.440617442131042480e-01
9.160000000000362519e+00,2.036471130257245132e+00,-2.638540602624234177e-02,6.720397746923921500e-02,9.605608761418453767e-01,1.668973379839192028e-01,-3.025986449922240390e-02,1.000000000000000000e+00,1.200000047683715820e+00,7.486501932144165039e-01,7.010045051574707031e-01,6.322430968284606934e-01,7.303589582443237305e-01,6.245852708816528320e-01
9.180000000000351434e+00,2.040056654954512716e+00,-2.745716109639062541e-02,1.240354566717867396e-01,9.628526350179360538e-01,1.672533366789628329e-01,-2.557502597017545509e-02,1.000000000000000000e+00,1.200000047683715820e+00,7.510644197463989258e-01,6.949053406715393066e-01,6.303849816322326660e-01,7.112507224082946777e-01,6.048921942710876465e-01
9.200000000000340350e+00,2.043587115080893746e+00,-2.767494412626031464e-02,1.781922423001176814e-01,9.640671318028486425e-01,1.674617750595075727e-01,-2.026460803359162594e-02,1.000000000000000000e+00,1.200000047683715820e+00,7.533628940582275391e-01,6.904843449592590332e-01,6.286587119102478027e-01,6.938108801841735840e-01,5.864205956459045410e-01
9.220000000000329266e+00,2.047037083619994480e+00,-2.701774742501061866e-02,2.284999907875839564e-01,9.642010471526329951e-01,1.674857994585093046e-01,-1.441648800475331567e-02,1.000000000000000000e+00,1.200000047683715820e+00,7.553955316543579102e-01,6.884310841560363770e-01,6.272669434547424316e-01,6.792534589767456055e-01,5.698571801185607910e-01
9.240000000000318181e+00,2.050389972570954900e+00,-2.549143490710054083e-02,2.738708897015839638e-01,9.631443755613670055e-01,1.673019596624573391e-01,-8.140173820225636223e-03,1.000000000000000000e+00,1.200000047683715820e+00,7.569856047630310059e-01,6.888605356216430664e-01,6.262686252593994141e-01,6.679766774177551270e-01,5.554185509681701660e-01
9.260000000000307097e+00,2.053647929282779838e+00,-2.313090239739368226e-02,3.132972797482279081e-01,9.607568823223088250e-01,1.669262032109250504e-01,-1.565924859245863051e-03,1.000000000000000000e+00,1.200000047683715820e+00,7.579460144042968750e-01,6.914213895797729492e-01,6.256471872329711914e-01,6.595596671104431152e-01,5.429601073265075684e-01
9.280000000000296012e+00,2.056829661267669085e+00,-2.000588000381869902e-02,3.458625498479479532e-01,9.572184184264942441e-01,1.664401938047961882e-01,5.135291134231569597e-03,1.000000000000000000e+00,1.200000047683715820e+00,7.581440806388854980e-01,6.956132054328918457e-01,6.253639459609985352e-01,6.530436873435974121e-01,5.319288969039916992e-01
9.300000000000284928e+00,2.059953901399988574e+00,-1.620180590678726995e-02,3.707553854811833638e-01,9.524961734851659090e-01,1.658777603550506963e-01,1.178560114958492056e-02,1.000000000000000000e+00,1.200000047683715820e+00,7.574528455734252930e-01,7.010931968688964844e-01,6.253972649574279785e-01,6.475172042846679688e-01,5.216102004051208496e-01
9.320000000000273843e+00,2.063011023288071399e+00,-1.181097398468217152e-02,3.873902981512674093e-01,9.467057092087528547e-01,1.652756651574176505e-01,1.820430478194871513e-02,1.000000000000000000e+00,1.200000047683715820e+00,7.556930780410766602e-01,7.077137827873229980e-01,6.257585883140563965e-01,6.423749327659606934e-01,5.114667415618896484e-01
9.340000000000262759e+00,2.066020424049180626e+00,-6.950369586689653101e-03,3.953695229490225005e-01,9.401918334008740885e-01,1.646756046830852027e-01,2.420500582973666645e-02,1.000000000000000000e+00,1.200000047683715820e+00,7.526933550834655762e-01,7.152901291847229004e-01,6.264783143997192383e-01,6.372798085212707520e-01,5.013681650161743164e-01
9.360000000000251674e+00,2.069001172221932361e+00,-1.748267726279839618e-03,3.944742479417945868e-01,9.334697113960472858e-01,1.641165951948394541e-01,2.962032063602786786e-02,1.000000000000000000e+00,1.200000047683715820e+00,7.485067248344421387e-01,7.234104275703430176e-01,6.275723576545715332e-01,6.322122812271118164e-01,5.000000000000000000e-01
9.380000000000240590e+00,2.071976221252777695e+00,3.668445607979409218e-03,3.846882190142079105e-01,9.274081607584616638e-01,1.636516393117258550e-01,3.430689950248069775e-02,1.000000000000000000e+00,1.200000047683715820e+00,7.435983419418334961e-01,7.312929630279541016e-01,6.289989352226257324e-01,6.276054978370666504e-01,5.000000000000000000e-01
9.400000000000229505e+00,2.074974546735338432e+00,9.176552136125559755e-03,3.662213675078154762e-01,9.229120106643298183e-01,1.633259068191834362e-01,3.815506551551492431e-02,1.000000000000000000e+00,1.200000047683715820e+00,7.387003898620605469e-01,7.381172180175781250e-01,6.306340694427490234e-01,6.241911053657531738e-01,5.000000000000000000e-01
9.420000000000218421e+00,2.078026256757230517e+00,1.465809959972486087e-02,3.395018220522187380e-01,9.205339105353793627e-01,1.631592969367386958e-01,4.108768369682814364e-02,1.000000000000000000e+00,1.200000047683715820e+00,7.343086600303649902e-01,7.436484694480895996e-01,6.323392987251281738e-01,6.225177049636840820e-01,5.000000000000000000e-01
9.440000000000207336e+00,2.081148412877589671e+00,1.999972866707178110e-02,3.051496069007561540e-01,9.202584022830481159e-01,1.631402297954930025e-01,4.307335195733642819e-02,1.000000000000000000e+00,1.200000047683715820e+00,7.305279374122619629e-01,7.481590509414672852e-01,6.340168118476867676e-01,6.227841377258300781e-01,5.000000000000000000e-01
9.460000000000196252e+00,2.084351600262863702e+00,2.509930400481469315e-02,2.639580390862891757e-01,9.220648884366555720e-01,1.632661326334786667e-01,4.410039145361322604e-02,1.000000000000000000e+00,1.200000047683715820e+00,7.272760868072509766e-01,7.520337700843811035e-01,6.356093883514404297e-01,6.250622868537902832e-01,5.000000000000000000e-01
9.480000000000185167e+00,2.087649033200128290e+00,2.986117432100476865e-02,2.168961525587084493e-01,9.261795646275006177e-01,1.635611489127680729e-01,4.417087907800198304e-02,1.000000000000000000e+00,1.200000047683715820e+00,7.244562506675720215e-01,7.556008100509643555e-01,6.370871067047119141e-01,6.295028924942016602e-01,5.000000000000000000e-01
9.500000000000174083e+00,2.091056777937741806e+00,3.419547023274110975e-02,1.650854466422608247e-01,9.321935569849071346e-01,1.640159531191611175e-01,4.332126713459918260e-02,1.000000000000000000e+00,1.200000047683715820e+00,7.219784259796142578e-01,7.591149806976318359e-01,6.384478211402893066e-01,6.364065408706665039e-01,5.000000000000000000e-01
9.520000000000162999e+00,2.094569436059499523e+00,3.802441812415180422e-02,1.098144741652628403e-01,9.390997134122557322e-01,1.645811330494742208e-01,4.160549073555845634e-02,1.000000000000000000e+00,1.200000047683715820e+00,7.197296023368835449e-01,7.627444267272949219e-01,6.397218108177185059e-01,6.462334990501403809e-01,5.000000000000000000e-01
9.540000000000151914e+00,2.098141962366908864e+00,4.126150451042043255e-02,5.239716203995785360e-02,9.457623084633985933e-01,1.651843857239461422e-01,3.905542880910525816e-02,1.000000000000000000e+00,1.200000047683715820e+00,7.175866365432739258e-01,7.665226459503173828e-01,6.409583091735839844e-01,6.595125794410705566e-01,5.000000000000000000e-01
9.560000000000140830e+00,2.101733845609547124e+00,4.381580843540416881e-02,-5.882302603792076076e-03,9.514472116699617121e-01,1.657626147106321668e-01,3.570983724357177508e-02,1.000000000000000000e+00,1.200000047683715820e+00,7.154587507247924805e-01,7.702950835227966309e-01,6.421853303909301758e-01,6.766613125801086426e-01,5.136090517044067383e-01
9.580000000000129745e+00,2.105317895658665783e+00,4.561133345344764445e-02,-6.374855238012497316e-02,9.558066516765978404e-01,1.662634574310429270e-01,3.161843570078512466e-02,1.000000000000000000e+00,1.200000047683715820e+00,7.135101556777954102e-01,7.736520767211914062e-01,6.433293223381042480e-01,6.974898576736450195e-01,5.324131250381469727e-01
9.600000000000118661e+00,2.108875489709481243e+00,4.658936332112462164e-02,-1.199602524253653990e-01,9.588567661850559976e-01,1.666566424338208618e-01,2.684394808164283081e-02,1.000000000000000000e+00,1.200000047683715820e+00,7.121775746345520020e-01,7.759958505630493164e-01,6.442291140556335449e-01,7.206830382347106934e-01,5.543940663337707520e-01
9.620000000000107576e+00,2.112387656786951950e+00,4.670992471385237987e-02,-1.733047604668546404e-01,9.606315157412831374e-01,1.669077104634616171e-01,2.145659790270458903e-02,1.000000000000000000e+00,1.200000047683715820e+00,7.119368910789489746e-01,7.768347263336181641e-01,6.447733640670776367e-01,7.439542412757873535e-01,5.776958465576171875e-01
9.640000000000096492e+00,2.115829512066529361e+00,4.595532210883362945e-02,-2.226340260605429167e-01,9.611220500630537344e-01,1.669807006380381043e-01,1.554677780614122616e-02,1.000000000000000000e+00,1.200000047683715820e+00,7.129859924316406250e-01,7.760672569274902344e-01,6.450228691101074219e-01,7.651199698448181152e-01,6.001177430152893066e-01
9.660000000000085407e+00,2.119187039751201596e+00,4.433490296979608614e-02,-2.668799327215613526e-01,9.602637180298178032e-01,1.668540708145506701e-01,9.226364897104970958e-03,1.000000000000000000e+00,1.200000047683715820e+00,7.151599526405334473e-01,7.739797234535217285e-01,6.450966596603393555e-01,7.830671072006225586e-01,6.203915476799011230e-01
9.680000000000074323e+00,2.122463811829495839e+00,4.188864464505137608e-02,-3.050508652881267491e-01,9.580699189895712786e-01,1.665510380816846714e-01,2.629134171260000957e-03,1.000000000000000000e+00,1.200000047683715820e+00,7.180804014205932617e-01,7.710475325584411621e-01,6.450314521789550781e-01,7.975646853446960449e-01,6.382961869239807129e-01
9.700000000000063238e+00,2.125679705847209000e+00,3.869026901591610113e-02,-3.362437953617921083e-01,9.548792252495761357e-01,1.661516389061375165e-01,-4.068332592493202962e-03,1.000000000000000000e+00,1.200000047683715820e+00,7.213110327720642090e-01,7.677811384201049805e-01,6.448207497596740723e-01,8.000000119209289551e-01,6.538567543029785156e-01
9.720000000000052154e+00,2.128845106615806060e+00,3.482565819834693155e-02,-3.596709586425233529e-01,9.506585694611628945e-01,1.656779858723830268e-01,-1.069004480805141322e-02,1.000000000000000000e+00,1.200000047683715820e+00,7.245114445686340332e-01,7.645792961120605469e-01,6.444563865661621094e-01,8.000000119209289551e-01,6.669857501983642578e-01
9.740000000000041069e+00,2.131952490824822632e+00,3.039044090252923658e-02,-3.747771145887435207e-01,9.455872656028393441e-01,1.651676293636501203e-01,-1.705294732173118916e-02,1.000000000000000000e+00,1.200000047683715820e+00,7.275271415710449219e-01,7.615389823913574219e-01,6.439000964164733887e-01,8.000000119209289551e-01,6.777251362800598145e-01
9.760000000000029985e+00,2.135020496700680948e+00,2.550561813466833971e-02,-3.811890479020262346e-01,9.399662554533452230e-01,1.646559634386265125e-01,-2.297176098848508277e-02,1.000000000000000000e+00,1.200000047683715820e+00,7.303020358085632324e-01,7.585026025772094727e-01,6.431280970573425293e-01,8.000000119209289551e-01,6.862469911575317383e-01
9.780000000000018900e+00,2.138065787768383963e+00,2.029980832619182607e-02,-3.787167300910537771e-01,9.342845391049930948e-01,1.641816947979641839e-01,-2.828122849855777346e-02,1.000000000000000000e+00,1.200000047683715820e+00,7.327675819396972656e-01,7.553329467773437500e-01,6.422125101089477539e-01,8.000000119209289551e-01,6.926082968711853027e-01
9.800000000000007816e+00,2.141110637028961428e+00,1.490037740818966894e-02,-3.673806033524719128e-01,9.293344716854792242e-01,1.637959344473016443e-01,-3.284147617866367552e-02,1.000000000000000000e+00,1.200000047683715820e+00,7.348539233207702637e-01,7.520635128021240234e-01,6.412885189056396484e-01,8.000000119209289551e-01,6.967915892601013184e-01
9.819999999999996732e+00,2.144183245041211272e+00,9.430344339361074191e-03,-3.474285631783033956e-01,9.258929615732722773e-01,1.635402053622855567e-01,-3.654649648213304652e-02,1.000000000000000000e+00,1.200000047683715820e+00,7.365645170211791992e-01,7.487069964408874512e-01,6.404407620429992676e-01,8.000000119209289551e-01,6.989345550537109375e-01
9.839999999999985647e+00,2.147311538672115105e+00,4.007953133200181650e-03,-3.193248327388203411e-01,9.243672020961222202e-01,1.634297299673617143e-01,-3.932478317912371790e-02,1.000000000000000000e+00,1.200000047683715820e+00,7.379703521728515625e-01,7.451158165931701660e-01,6.396743059158325195e-01,8.000000119209289551e-01,6.992428898811340332e-01
9.859999999999974563e+00,2.150509594665524382e+00,-1.254715403231410065e-03,-2.837196957427972066e-01,9.246334879236819404e-01,1.634488893397618992e-01,-4.115010633490923803e-02,1.000000000000000000e+00,1.200000047683715820e+00,7.391698360443115234e-01,7.411275506019592285e-01,6.389599442481994629e-01,8.000000119209289551e-01,6.977827548980712891e-01
9.879999999999963478e+00,2.153787521524927584e+00,-6.256592187617204814e-03,-2.414382018364389093e-01,9.268153071642082352e-01,1.636078281663714828e-01,-4.201103457530346724e-02,1.000000000000000000e+00,1.200000047683715820e+00,7.402725219726562500e-01,7.366707324981689453e-01,6.382635831832885742e-01,8.000000119209289551e-01,6.944176554679870605e-01
9.899999999999952394e+00,2.157158304150867512e+00,-1.090274112064132384e-02,-1.934776796987912606e-01,9.310144689356455450e-01,1.639243315387740874e-01,-4.191469938975833642e-02,1.000000000000000000e+00,1.200000047683715820e+00,7.413821220397949219e-01,7.317369580268859863e-01,6.375526785850524902e-01,7.989081740379333496e-01,6.888089776039123535e-01
9.919999999999941309e+00,2.160636531655562464e+00,-1.510440759808717726e-02,-1.409870706358007930e-01,9.367946218979499307e-01,1.643866176842618543e-01,-4.090393492902566486e-02,1.000000000000000000e+00,1.200000047683715820e+00,7.426099777221679688e-01,7.263127565383911133e-01,6.367846131324768066e-01,7.890164852142333984e-01,6.804233193397521973e-01
9.939999999999930225e+00,2.164207742869195705e+00,-1.878504346938492109e-02,-8.527717953337764223e-02,9.431316962376483648e-01,1.649381057383464966e-01,-3.902969605345810167e-02,1.000000000000000000e+00,1.200000047683715820e+00,7.440845966339111328e-01,7.203946113586425781e-01,6.358913779258728027e-01,7.765802741050720215e-01,6.686682105064392090e-01
9.959999999999919140e+00,2.167823430966235865e+00,-2.185566194610366608e-02,-2.765441496244150019e-02,9.490265489906640761e-01,1.655077088582976308e-01,-3.632541838161274655e-02,1.000000000000000000e+00,1.200000047683715820e+00,7.459114789962768555e-01,7.140367627143859863e-01,6.347686648368835449e-01,7.613790631294250488e-01,6.533483266830444336e-01
9.979999999999908056e+00,2.171443980054748479e+00,-2.422829280581439981e-02,3.059148464383825219e-02,9.538719626026759268e-01,1.660336499771582208e-01,-3.283288884876052471e-02,1.000000000000000000e+00,1.200000047683715820e+00,7.481031417846679688e-01,7.073847055435180664e-01,6.333113908767700195e-01,7.437811493873596191e-01,6.351675391197204590e-01
9.999999999999896971e+00,2.175042384496062464e+00,-2.583045315411297560e-02,8.818337678947332781e-02,9.574205157966482194e-01,1.664661957780698143e-01,-2.860614843040077196e-02,1.000000000000000000e+00,1.200000047683715820e+00,7.505246400833129883e-01,7.009118199348449707e-01,6.315474510192871094e-01,7.249788641929626465e-01,6.156878471374511719e-01
