time,x,y,yaw,reward,yaw_rate,turn_radius,steady_state,action_0,action_1,action_2,action_3,action_4,action_5
2.000000000000001082e-02,5.997725256580436204e-01,2.236462894852964123e-03,-4.405547807044022518e-02,0.000000000000000000e+00,-4.061948212578972317e+00,2.767146954281986954e-02,0.000000000000000000e+00,-1.985277980566024780e-01,-1.821401864290237427e-01,-1.623990386724472046e-01,-1.499712318181991577e-01,-5.776618048548698425e-02,-1.360954158008098602e-02
4.000000000000002859e-02,5.979204318640618521e-01,4.472805706405347248e-03,-1.337810024340285453e-01,0.000000000000000000e+00,-4.290984105809400262e+00,2.873819341331360078e-02,0.000000000000000000e+00,-1.274631470441818237e-01,-1.872907280921936035e-01,-1.718885302543640137e-01,-1.621335744857788086e-01,-1.149128153920173645e-01,5.783181264996528625e-02
6.000000000000004635e-02,5.945462042374760614e-01,3.392536034222570773e-03,-2.119514506724116398e-01,0.000000000000000000e+00,-3.876694025585399217e+00,2.761315226566767034e-02,0.000000000000000000e+00,-1.226993650197982788e-01,-1.938408911228179932e-01,-1.875673383474349976e-01,-1.591709256172180176e-01,-1.061674654483795166e-01,4.280753433704376221e-02
8.000000000000005718e-02,5.916788466237915545e-01,2.928186081122552409e-04,-2.562647319770307019e-01,0.000000000000000000e+00,-3.243578427036638789e+00,3.208764665333116439e-02,0.000000000000000000e+00,-1.426368653774261475e-01,-1.975348591804504395e-01,-1.992219090461730957e-01,-1.683273017406463623e-01,-9.988114237785339355e-02,2.704737335443496704e-02
1.000000000000000749e-01,5.903469228952213932e-01,-2.845491426919033451e-03,-2.762455953057803559e-01,0.000000000000000000e+00,-2.717578678501679335e+00,3.703198342819689209e-02,0.000000000000000000e+00,-2.014384418725967407e-01,-1.965727508068084717e-01,-1.944056749343872070e-01,-1.921595185995101929e-01,-9.473734349012374878e-02,3.416389459744095802e-03
1.200000000000000927e-01,5.904936227280978001e-01,-6.208787689880257421e-03,-2.633542637571001377e-01,0.000000000000000000e+00,-1.949095058828886673e+00,4.854520156987413709e-02,0.000000000000000000e+00,-1.918934583663940430e-01,-1.144588291645050049e-01,-1.015937626361846924e-01,-1.232592761516571045e-01,-5.958815291523933411e-02,-1.343160402029752731e-02
1.400000000000000966e-01,5.908651782617985182e-01,-1.038026084734561261e-02,-1.967081272928691560e-01,0.000000000000000000e+00,-1.005005931369486127e+00,9.827461675005158548e-02,0.000000000000000000e+00,-1.689002215862274170e-01,-3.438102453947067261e-02,-3.088640421628952026e-02,-6.591767072677612305e-02,-1.389553025364875793e-02,-4.987120628356933594e-02
1.600000000000001144e-01,5.898093421013248516e-01,-1.446854288288945689e-02,-8.045083922375505237e-02,0.000000000000000000e+00,-5.553429519021169103e-02,7.373802180997683919e-01,0.000000000000000000e+00,-1.491360366344451904e-01,4.786732606589794159e-03,-2.842466812580823898e-03,-5.083264037966728210e-02,1.200752705335617065e-02,-6.970608234405517578e-02
1.800000000000001321e-01,5.870188945749382770e-01,-1.707505045040319525e-02,5.426081298089033278e-02,0.000000000000000000e+00,6.598348905423929711e-01,1.805936595317862992e-01,0.000000000000000000e+00,-1.344500929117202759e-01,2.990567311644554138e-02,8.914628066122531891e-03,-3.609250113368034363e-02,3.005119785666465759e-02,-9.227196872234344482e-02
2.000000000000001499e-01,5.842299065043972117e-01,-1.714405590006201630e-02,1.607975903279433572e-01,0.000000000000000000e+00,1.002922009910096390e+00,1.161311001055313208e-01,0.000000000000000000e+00,-1.343189775943756104e-01,3.000066615641117096e-02,5.151685792952775955e-03,-3.684499114751815796e-02,3.521601855754852295e-02,-9.960627555847167969e-02
2.200000000000001676e-01,5.832580374755756969e-01,-1.384321330777144032e-02,2.073135756640139549e-01,0.000000000000000000e+00,9.748216397247960741e-01,1.012954569238107422e-01,0.000000000000000000e+00,-1.417406648397445679e-01,-1.398000679910182953e-02,-1.947562396526336670e-02,-4.768805578351020813e-02,3.114166669547557831e-02,-8.618474751710891724e-02
2.400000000000001854e-01,5.839777330003117495e-01,-7.577690986852680943e-03,1.908600158570294691e-01,0.000000000000000000e+00,7.091655406035184406e-01,1.041355249241089909e-01,0.000000000000000000e+00,-1.244061216711997986e-01,-1.953461170196533203e-01,-1.379553377628326416e-01,-6.660025566816329956e-02,-4.426072817295789719e-03,2.183528430759906769e-02
2.600000000000001754e-01,5.850789660079247501e-01,-5.163298095330892679e-04,1.335319376791127277e-01,0.000000000000000000e+00,3.896476813803285699e-01,1.473714451813746273e-01,0.000000000000000000e+00,-7.353258132934570312e-02,-2.436029165983200073e-01,-1.641936302185058594e-01,-3.949147462844848633e-02,-3.177791833877563477e-02,6.714606285095214844e-02
2.800000000000001932e-01,5.855806532644280971e-01,5.801848227274641889e-03,6.559223956446956494e-02,0.000000000000000000e+00,1.258624369798280740e-01,3.700669510525425032e-01,0.000000000000000000e+00,-4.564487189054489136e-02,-2.271513044834136963e-01,-1.425661891698837280e-01,-1.676478981971740723e-02,-2.483903244137763977e-02,6.817892193794250488e-02
3.000000000000002109e-01,5.853325405947528148e-01,1.143996503148608790e-02,5.496286235605194609e-03,0.000000000000000000e+00,-5.572768910933092318e-02,4.133615075978341324e-01,0.000000000000000000e+00,-4.992209374904632568e-02,-2.157376259565353394e-01,-1.383022964000701904e-01,-7.251940667629241943e-03,-1.165346335619688034e-02,6.524804979562759399e-02
3.200000000000002287e-01,5.847004567486068227e-01,1.661887731896549703e-02,-3.921673572210819525e-02,0.000000000000000000e+00,-1.696864728717593085e-01,4.160062771896486655e-01,0.000000000000000000e+00,-7.277631014585494995e-02,-2.038420140743255615e-01,-1.355555504560470581e-01,-1.297979801893234253e-02,-8.036060258746147156e-03,6.405568867921829224e-02
3.400000000000002465e-01,5.840543223776089032e-01,2.132572345345873366e-02,-7.013929014720619859e-02,0.000000000000000000e+00,-2.363639317883113322e-01,3.313436482175495801e-01,0.000000000000000000e+00,-9.075988084077835083e-02,-1.753051578998565674e-01,-1.177180111408233643e-01,-1.937172003090381622e-02,-1.833599992096424103e-02,5.825958400964736938e-02
3.600000000000002642e-01,5.835196696324838062e-01,2.615647043247215642e-02,-1.048697414481856577e-01,0.000000000000000000e+00,-3.434781499979725483e-01,2.500191746449473840e-01,0.000000000000000000e+00,-1.409529447555541992e-01,-1.670827567577362061e-01,-1.302356123924255371e-01,-5.470197647809982300e-02,-3.589411079883575439e-02,2.954889647662639618e-02
3.800000000000002820e-01,5.831577570448482906e-01,3.185870767281417937e-02,-1.675694252444527577e-01,0.000000000000000000e+00,-5.328831133090448091e-01,1.779625278812496936e-01,0.000000000000000000e+00,-1.585943400859832764e-01,-2.012493014335632324e-01,-1.666177660226821899e-01,-9.795086830854415894e-02,-6.602143496274948120e-02,3.974094986915588379e-02
4.000000000000002998e-01,5.829928254897952522e-01,3.739629828603108219e-02,-2.586094663702974694e-01,0.000000000000000000e+00,-7.560814300736170557e-01,1.358383977723499891e-01,0.000000000000000000e+00,-1.371168345212936401e-01,-2.584700882434844971e-01,-2.042479366064071655e-01,-1.251422762870788574e-01,-9.202709048986434937e-02,6.473246961832046509e-02
4.200000000000003175e-01,5.828561350621445092e-01,4.090393913806528170e-02,-3.515234715215745376e-01,0.000000000000000000e+00,-9.228265922354458306e-01,1.144294166515551631e-01,0.000000000000000000e+00,-8.983642607927322388e-02,-2.479137331247329712e-01,-1.882552951574325562e-01,-1.050156801939010620e-01,-7.882586121559143066e-02,6.845814734697341919e-02
4.400000000000003353e-01,5.829043891371974428e-01,4.217752559598725304e-02,-4.208373846290611731e-01,0.000000000000000000e+00,-1.006930660244829134e+00,1.027209795467723397e-01,0.000000000000000000e+00,-7.572044432163238525e-02,-2.300684750080108643e-01,-1.683751344680786133e-01,-8.587482571601867676e-02,-5.178324505686759949e-02,6.195056438446044922e-02
4.600000000000003531e-01,5.832792119662661978e-01,4.281571864699351693e-02,-4.738235702094634183e-01,0.000000000000000000e+00,-1.076219326802358767e+00,9.284692934545094034e-02,0.000000000000000000e+00,-1.074039340019226074e-01,-2.321317493915557861e-01,-1.766691356897354126e-01,-9.548985958099365234e-02,-3.703380376100540161e-02,4.956871271133422852e-02
4.800000000000003708e-01,5.835764085523684752e-01,4.426327295926729688e-02,-5.357574792235262340e-01,0.000000000000000000e+00,-1.178285912252632128e+00,8.347575458811634652e-02,0.000000000000000000e+00,-1.438282728195190430e-01,-2.358901649713516235e-01,-1.896926164627075195e-01,-1.247690543532371521e-01,-5.887730047106742859e-02,5.405184626579284668e-02
5.000000000000003331e-01,5.832732291578227590e-01,4.646982419179646051e-02,-6.222776625523335214e-01,0.000000000000000000e+00,-1.328786634369552022e+00,7.433632204314548353e-02,0.000000000000000000e+00,-1.695198267698287964e-01,-2.538364529609680176e-01,-2.160835266113281250e-01,-1.608196198940277100e-01,-9.876148402690887451e-02,5.654836818575859070e-02
5.200000000000003508e-01,5.823909520250870608e-01,4.767709920657370315e-02,-7.255669115934170188e-01,0.000000000000000000e+00,-1.478040900976693939e+00,6.612838332094260474e-02,0.000000000000000000e+00,-1.633404344320297241e-01,-2.483055442571640015e-01,-2.209286838769912720e-01,-1.743746846914291382e-01,-1.158409267663955688e-01,4.876668751239776611e-02
5.400000000000003686e-01,5.815616946160324652e-01,4.636452348813735469e-02,-8.228202301122671258e-01,0.000000000000000000e+00,-1.587315349109063689e+00,5.821183817575928399e-02,0.000000000000000000e+00,-1.590413302183151245e-01,-2.370313704013824463e-01,-2.194907367229461670e-01,-1.781447231769561768e-01,-1.157035827636718750e-01,4.135042801499366760e-02
5.600000000000003864e-01,5.813239176109625816e-01,4.276320184863907636e-02,-9.011855131063807312e-01,0.000000000000000000e+00,-1.652492951912208685e+00,5.042549742505665622e-02,0.000000000000000000e+00,-1.635359674692153931e-01,-2.283100932836532593e-01,-2.196840792894363403e-01,-1.864087283611297607e-01,-1.113391667604446411e-01,3.858511894941329956e-02
5.800000000000004041e-01,5.816411500630859210e-01,3.799165532948306501e-02,-9.638196676646014760e-01,0.000000000000000000e+00,-1.694391369575071860e+00,4.293571347323030252e-02,0.000000000000000000e+00,-1.811207383871078491e-01,-2.238952964544296265e-01,-2.240854501724243164e-01,-2.040659040212631226e-01,-1.078817322850227356e-01,3.235997259616851807e-02
6.000000000000004219e-01,5.821582805654775816e-01,3.291528430558487983e-02,-1.019565846152556743e+00,0.000000000000000000e+00,-1.727616078225797436e+00,3.611899801003046889e-02,0.000000000000000000e+00,-1.981460303068161011e-01,-2.201046496629714966e-01,-2.269480079412460327e-01,-2.191921025514602661e-01,-1.093079596757888794e-01,2.548593282699584961e-02
6.200000000000004396e-01,5.826950559324352019e-01,2.762001059917340573e-02,-1.071170298711885627e+00,0.000000000000000000e+00,-1.750553853008474103e+00,3.003044415120922558e-02,0.000000000000000000e+00,-2.077339589595794678e-01,-2.101463973522186279e-01,-2.258614152669906616e-01,-2.251338660717010498e-01,-1.122943162918090820e-01,1.721386425197124481e-02
6.400000000000004574e-01,5.833761996253715720e-01,2.176432636160585687e-02,-1.114862867535159507e+00,0.000000000000000000e+00,-1.755697461557543804e+00,2.437314571064819191e-02,0.000000000000000000e+00,-2.164773941040039062e-01,-1.909815669059753418e-01,-2.196774631738662720e-01,-2.273148447275161743e-01,-1.119525805115699768e-01,1.537048374302685261e-03
6.600000000000004752e-01,5.845355643835057347e-01,1.504953153160637491e-02,-1.144505094872459328e+00,0.000000000000000000e+00,-1.735134145869044797e+00,1.884286027758119708e-02,0.000000000000000000e+00,-2.249227464199066162e-01,-1.608132421970367432e-01,-2.048193961381912231e-01,-2.284712642431259155e-01,-1.071518212556838989e-01,-2.107519470155239105e-02
6.800000000000004929e-01,5.865512033758267796e-01,7.411389947569679837e-03,-1.155190729634828717e+00,0.000000000000000000e+00,-1.686206654562897311e+00,1.339217490855362097e-02,0.000000000000000000e+00,-2.341237068176269531e-01,-1.240116655826568604e-01,-1.809163838624954224e-01,-2.283172458410263062e-01,-9.822516143321990967e-02,-5.026611313223838806e-02
7.000000000000005107e-01,5.896595969028571860e-01,-1.131132883812224765e-03,-1.144675243458200375e+00,0.000000000000000000e+00,-1.609689624072053959e+00,9.231669854216870488e-03,0.000000000000000000e+00,-2.392283827066421509e-01,-8.382561057806015015e-02,-1.479702442884445190e-01,-2.243743538856506348e-01,-8.436230570077896118e-02,-8.061777800321578979e-02
7.200000000000005285e-01,5.935906086003571724e-01,-1.037086541234921722e-02,-1.114249554524191277e+00,0.000000000000000000e+00,-1.512313878222840913e+00,1.119660417496043045e-02,0.000000000000000000e+00,-2.381872534751892090e-01,-4.982112348079681396e-02,-1.206919625401496887e-01,-2.196828722953796387e-01,-6.883742660284042358e-02,-1.012528091669082642e-01
7.400000000000005462e-01,5.976807703850719466e-01,-1.967736942338732531e-02,-1.070483806307054087e+00,0.000000000000000000e+00,-1.408216742817679279e+00,1.901347886456167258e-02,0.000000000000000000e+00,-2.343722432851791382e-01,-3.117060102522373199e-02,-1.072335243225097656e-01,-2.151280492544174194e-01,-5.678553879261016846e-02,-1.113644167780876160e-01
7.600000000000005640e-01,6.013004360175939755e-01,-2.828230553726784891e-02,-1.024388786780535243e+00,0.000000000000000000e+00,-1.313275476744367509e+00,2.836638501840424084e-02,0.000000000000000000e+00,-2.336590141057968140e-01,-2.924157865345478058e-02,-1.065217629075050354e-01,-2.126357257366180420e-01,-5.049441382288932800e-02,-1.153836771845817566e-01
7.800000000000005818e-01,6.041176689857638005e-01,-3.549655351120167834e-02,-9.872318864906193259e-01,0.000000000000000000e+00,-1.239827137243655120e+00,3.695157827309505927e-02,0.000000000000000000e+00,-2.402499765157699585e-01,-4.430351033806800842e-02,-1.175588667392730713e-01,-2.156794667243957520e-01,-5.235991626977920532e-02,-1.134284958243370056e-01
8.000000000000005995e-01,6.060795958841210807e-01,-4.104110892608642258e-02,-9.657595294559646604e-01,0.000000000000000000e+00,-1.190073991025468070e+00,4.357813463910079760e-02,0.000000000000000000e+00,-2.494588494300842285e-01,-7.391601055860519409e-02,-1.386977434158325195e-01,-2.224939167499542236e-01,-6.191588565707206726e-02,-1.025191098451614380e-01
8.200000000000006173e-01,6.072995041533557625e-01,-4.534691728585543702e-02,-9.567433330495253019e-01,0.000000000000000000e+00,-1.152586039064967149e+00,4.859767510840577731e-02,0.000000000000000000e+00,-2.505813539028167725e-01,-1.086966022849082947e-01,-1.626019626855850220e-01,-2.250425368547439575e-01,-7.366086542606353760e-02,-8.291390538215637207e-02
8.400000000000006350e-01,6.082720216975551208e-01,-4.948223104109955583e-02,-9.477573871246118831e-01,0.000000000000000000e+00,-1.108533602983716060e+00,5.387736463832935169e-02,0.000000000000000000e+00,-2.474558949470520020e-01,-1.296265274286270142e-01,-1.747087538242340088e-01,-2.212070822715759277e-01,-7.789910584688186646e-02,-7.038456201553344727e-02
8.600000000000006528e-01,6.099059195646711062e-01,-5.447426375664887743e-02,-9.250637635423090144e-01,0.000000000000000000e+00,-1.045024058671695677e+00,6.160714263604620544e-02,0.000000000000000000e+00,-2.598297297954559326e-01,-1.187629848718643188e-01,-1.667080074548721313e-01,-2.220252901315689087e-01,-7.124330103397369385e-02,-8.542311191558837891e-02
8.800000000000006706e-01,6.129059285554846470e-01,-6.104028029265301525e-02,-8.779562871160270232e-01,0.000000000000000000e+00,-9.521951209579065933e-01,7.445682354640395517e-02,0.000000000000000000e+00,-2.667308747768402100e-01,-7.549329102039337158e-02,-1.357312798500061035e-01,-2.207363992929458618e-01,-5.958461016416549683e-02,-1.102044135332107544e-01
9.000000000000006883e-01,6.173734512634926341e-01,-6.944059358593390741e-02,-7.976694687377755555e-01,0.000000000000000000e+00,-8.222553084051039685e-01,9.672712540466488207e-02,0.000000000000000000e+00,-2.375610917806625366e-01,-2.535393089056015015e-02,-9.190792590379714966e-02,-1.917703449726104736e-01,-4.126326739788055420e-02,-1.175203919410705566e-01
9.200000000000007061e-01,6.232118737299643385e-01,-7.915110351498033658e-02,-6.789399211074383933e-01,0.000000000000000000e+00,-6.572015251921878853e-01,1.364224401873332659e-01,0.000000000000000000e+00,-2.053842246532440186e-01,8.212198503315448761e-03,-5.769642442464828491e-02,-1.513444781303405762e-01,-1.365642994642257690e-02,-1.212821826338768005e-01
9.400000000000007239e-01,6.301782926830961085e-01,-8.834425783959476419e-02,-5.311219656061682004e-01,0.000000000000000000e+00,-4.811996344817617288e-01,2.063913290220965591e-01,0.000000000000000000e+00,-1.828430742025375366e-01,1.953052543103694916e-02,-3.696289286017417908e-02,-1.131272688508033752e-01,9.077562950551509857e-03,-1.211296916007995605e-01
9.600000000000007416e-01,6.380701959213068708e-01,-9.474277136290326640e-02,-3.857367201760649178e-01,0.000000000000000000e+00,-3.322723438359575510e-01,3.200985420874246090e-01,0.000000000000000000e+00,-1.760071516036987305e-01,1.435349881649017334e-02,-3.050448931753635406e-02,-9.309010207653045654e-02,2.050833217799663544e-02,-1.190200522541999817e-01
9.800000000000007594e-01,6.467695269086226606e-01,-9.766629695718814785e-02,-2.726076632672700950e-01,0.000000000000000000e+00,-2.310049202312984828e-01,4.783319426307158784e-01,0.000000000000000000e+00,-1.801669597625732422e-01,6.794931250624358654e-04,-3.287001699209213257e-02,-8.888512849807739258e-02,2.198686078190803528e-02,-1.146889999508857727e-01
1.000000000000000666e+00,6.561325091451790659e-01,-9.786283787086913488e-02,-2.032962089787483662e-01,0.000000000000000000e+00,-1.766499042306473310e-01,6.386553699028919562e-01,0.000000000000000000e+00,-1.891125589609146118e-01,-2.664957754313945770e-02,-4.369325563311576843e-02,-9.075608104467391968e-02,1.716110110282897949e-02,-1.022406965494155884e-01
1.019999999999998463e+00,6.657952738193765319e-01,-9.622808315640662968e-02,-1.781953622122197656e-01,0.000000000000000000e+00,-8.802537448678346421e-02,7.903380459259317092e-01,0.000000000000000000e+00,-2.015377581119537354e-01,-9.412653744220733643e-02,-8.323628455400466919e-02,-9.792506694793701172e-02,3.238799981772899628e-04,-6.976480782032012939e-02
1.039999999999996261e+00,6.749169665702793308e-01,-9.348804877160399318e-02,-1.924194698828485817e-01,0.000000000000000000e+00,-2.769744174683829926e-02,8.306569118428723808e-01,0.000000000000000000e+00,-1.992436498403549194e-01,-2.106796354055404663e-01,-1.663276702165603638e-01,-1.027207970619201660e-01,-3.350329771637916565e-02,-9.965556673705577850e-03
1.059999999999994058e+00,6.824241958641213968e-01,-9.089376853041425397e-02,-2.242324133897612148e-01,0.000000000000000000e+00,5.151948108763342027e-03,8.592619220596864338e-01,0.000000000000000000e+00,-1.585756838321685791e-01,-2.646078467369079590e-01,-1.945080757141113281e-01,-8.995987474918365479e-02,-4.673168808221817017e-02,3.588279709219932556e-02
1.079999999999991855e+00,6.882695764338599975e-01,-8.997165797085976413e-02,-2.332714922721435824e-01,0.000000000000000000e+00,4.283975051149604280e-02,8.813485832598365599e-01,0.000000000000000000e+00,-1.410529911518096924e-01,-2.521942257881164551e-01,-1.803751885890960693e-01,-7.281313091516494751e-02,-2.738570794463157654e-02,3.298984840512275696e-02
1.099999999999989653e+00,6.932236211559726913e-01,-9.059116669745947981e-02,-1.985265325098300448e-01,0.000000000000000000e+00,1.099685011458133715e-01,9.014289538459895335e-01,0.000000000000000000e+00,-1.524573415517807007e-01,-1.716868579387664795e-01,-1.138177886605262756e-01,-5.446662753820419312e-02,7.698259782046079636e-03,-1.378896832466125488e-02
1.119999999999987450e+00,6.975308602753367282e-01,-9.089374734221644658e-02,-1.321337171900019980e-01,0.000000000000000000e+00,1.484029116920700664e-01,9.099087283425089101e-01,0.000000000000000000e+00,-1.676546633243560791e-01,-5.307052657008171082e-02,-2.982953190803527832e-02,-5.810566246509552002e-02,6.365175824612379074e-03,-4.660990461707115173e-02
1.139999999999985247e+00,7.008241368342542632e-01,-8.984291379409320433e-02,-4.991027646231736836e-02,0.000000000000000000e+00,1.432512201190638268e-01,9.044405461370358390e-01,0.000000000000000000e+00,-1.750813573598861694e-01,-2.984993718564510345e-02,-3.252805769443511963e-02,-7.120237499475479126e-02,-6.049840245395898819e-03,-6.468118727207183838e-02
1.159999999999983045e+00,7.030623139477349959e-01,-8.736714396468975297e-02,3.619983279700330486e-02,0.000000000000000000e+00,9.074379347230220050e-02,8.979097126531114803e-01,0.000000000000000000e+00,-1.846991926431655884e-01,-3.317269310355186462e-02,-5.277301743626594543e-02,-7.444551587104797363e-02,-8.436038158833980560e-03,-8.366517722606658936e-02
1.179999999999980842e+00,7.059715636688249640e-01,-8.347350543759707309e-02,1.002932349196180295e-01,0.000000000000000000e+00,9.444762976082073450e-03,9.081970493295882241e-01,0.000000000000000000e+00,-1.765349358320236206e-01,-4.379815980792045593e-02,-5.753315240144729614e-02,-6.652011722326278687e-02,-5.104489158838987350e-03,-8.099763840436935425e-02
1.199999999999978639e+00,7.108462517818340265e-01,-7.856657103886494076e-02,1.311339740321119385e-01,0.000000000000000000e+00,-5.666444546599407744e-02,9.381879522046131514e-01,0.000000000000000000e+00,-1.422737240791320801e-01,-1.176890879869461060e-01,-7.402702420949935913e-02,-3.255143389105796814e-02,6.391867063939571381e-03,-3.157907351851463318e-02
1.219999999999976437e+00,7.171597920641292756e-01,-7.356992534186179711e-02,1.386421388109353448e-01,0.000000000000000000e+00,-7.276715105480098533e-02,9.774561089844371331e-01,0.000000000000000000e+00,-8.426131308078765869e-02,-1.884682029485702515e-01,-1.133840084075927734e-01,-1.551353931427001953e-02,1.728644967079162598e-02,2.966134063899517059e-02
1.239999999999974234e+00,7.241185136391304900e-01,-6.841933753639883875e-02,1.252419564992400536e-01,0.000000000000000000e+00,-5.448883596793820117e-02,1.018520590593557928e+00,0.000000000000000000e+00,-6.692818552255630493e-02,-2.021296024322509766e-01,-1.279807835817337036e-01,-1.675064302980899811e-02,1.482740603387355804e-02,4.893746599555015564e-02
1.259999999999972031e+00,7.312649454115214276e-01,-6.240004599891901815e-02,8.360951756948242775e-02,0.000000000000000000e+00,-4.277150134547302168e-02,1.058299157529007939e+00,0.000000000000000000e+00,-6.823034584522247314e-02,-2.119810134172439575e-01,-1.404136866331100464e-01,-1.921678893268108368e-02,9.151539765298366547e-03,5.723564699292182922e-02
1.279999999999969829e+00,7.382355623730174621e-01,-5.568448357954713934e-02,1.368095169754453104e-02,0.000000000000000000e+00,-5.506361764488320459e-02,1.097149645905990623e+00,0.000000000000000000e+00,-7.081818580627441406e-02,-2.196447104215621948e-01,-1.471495330333709717e-01,-1.873013377189636230e-02,-1.003981661051511765e-02,6.764338910579681396e-02
1.299999999999967626e+00,7.447781802152760866e-01,-4.928840479215468307e-02,-7.150836193926538020e-02,0.000000000000000000e+00,-9.119921927506044468e-02,1.137460072958589086e+00,0.000000000000000000e+00,-8.653788268566131592e-02,-2.296190261840820312e-01,-1.599044799804687500e-01,-3.525029122829437256e-02,-3.593898564577102661e-02,7.098949700593948364e-02
1.319999999999965423e+00,7.510584983846425589e-01,-4.379932232223349153e-02,-1.652086062397719601e-01,0.000000000000000000e+00,-1.494334164281194977e-01,1.179931389057346180e+00,0.000000000000000000e+00,-1.130175366997718811e-01,-2.401196211576461792e-01,-1.749190837144851685e-01,-6.763470172882080078e-02,-6.006771698594093323e-02,6.808289140462875366e-02
1.339999999999963221e+00,7.571027958315373896e-01,-3.954654116935873986e-02,-2.642625646730950573e-01,0.000000000000000000e+00,-2.228228394059403317e-01,8.232668294376292994e-01,0.000000000000000000e+00,-1.270009428262710571e-01,-2.516218423843383789e-01,-1.871514320373535156e-01,-9.762740135192871094e-02,-8.044945448637008667e-02,6.826569885015487671e-02
1.359999999999961018e+00,7.626916644116743527e-01,-3.685553994033236025e-02,-3.626480449843524911e-01,0.000000000000000000e+00,-2.751562910620772850e-01,6.902594950212059821e-01,0.000000000000000000e+00,-1.268954873085021973e-01,-2.599877715110778809e-01,-1.959587335586547852e-01,-1.144846975803375244e-01,-8.860263228416442871e-02,7.106907665729522705e-02
1.379999999999958815e+00,7.676090526343152254e-01,-3.582570660052325495e-02,-4.522708544878915604e-01,0.000000000000000000e+00,-2.799225140196549000e-01,7.019000739196317173e-01,0.000000000000000000e+00,-1.184320747852325439e-01,-2.603286206722259521e-01,-1.968714743852615356e-01,-1.148999184370040894e-01,-8.197192847728729248e-02,7.145011425018310547e-02
1.399999999999956612e+00,7.718721272717989912e-01,-3.613933503795835334e-02,-5.284058469178605222e-01,0.000000000000000000e+00,-2.501090553341762668e-01,8.104029712836694488e-01,0.000000000000000000e+00,-1.133804321289062500e-01,-2.547891736030578613e-01,-1.913872808218002319e-01,-1.072103232145309448e-01,-6.798986345529556274e-02,6.749770045280456543e-02
1.419999999999954410e+00,7.755738590300271795e-01,-3.700629222255624740e-02,-5.966343347832255839e-01,0.000000000000000000e+00,-2.325447997838033798e-01,8.938942230373913000e-01,0.000000000000000000e+00,-1.224558949470520020e-01,-2.522113025188446045e-01,-1.906680613756179810e-01,-1.076650246977806091e-01,-5.887131392955780029e-02,6.165042892098426819e-02
1.439999999999952207e+00,7.788335922239358888e-01,-3.761468366533149421e-02,-6.705680712475022842e-01,0.000000000000000000e+00,-2.568633607238567929e-01,8.236047817298784990e-01,0.000000000000000000e+00,-1.410852074623107910e-01,-2.569462358951568604e-01,-2.004491835832595825e-01,-1.234313845634460449e-01,-6.787326931953430176e-02,5.882407724857330322e-02
1.459999999999950004e+00,7.815807078094909599e-01,-3.783124838244261712e-02,-7.608221826585883640e-01,0.000000000000000000e+00,-3.033847335665937894e-01,7.056168846753867463e-01,0.000000000000000000e+00,-1.556550413370132446e-01,-2.651493847370147705e-01,-2.155051976442337036e-01,-1.496307104825973511e-01,-9.096078574657440186e-02,5.846799537539482117e-02
1.479999999999947802e+00,7.836361742125134144e-01,-3.859033281374912860e-02,-8.638243333734587637e-01,0.000000000000000000e+00,-3.378334215534815610e-01,6.409603419238111277e-01,0.000000000000000000e+00,-1.554473936557769775e-01,-2.602625191211700439e-01,-2.205768972635269165e-01,-1.661668270826339722e-01,-1.075564324855804443e-01,5.591526255011558533e-02
1.499999999999945599e+00,7.850348186203535139e-01,-4.079392552221866586e-02,-9.669071035541727532e-01,0.000000000000000000e+00,-3.383815428001309411e-01,6.496342809593504963e-01,0.000000000000000000e+00,-1.586969494819641113e-01,-2.535025775432586670e-01,-2.241036146879196167e-01,-1.750421226024627686e-01,-1.127345785498619080e-01,4.930306598544120789e-02
1.519999999999943396e+00,7.859708725442217103e-01,-4.444604273203600631e-02,-1.061676202743903730e+00,0.000000000000000000e+00,-3.234328211738330405e-01,6.908806542361626279e-01,0.000000000000000000e+00,-1.667361706495285034e-01,-2.498799413442611694e-01,-2.272923290729522705e-01,-1.845514178276062012e-01,-1.144224405288696289e-01,4.607644677162170410e-02
1.539999999999941194e+00,7.866866128651323065e-01,-4.903262750401921055e-02,-1.147171164018065737e+00,0.000000000000000000e+00,-3.159667611506091212e-01,7.159708993117027687e-01,0.000000000000000000e+00,-1.792228370904922485e-01,-2.494026571512222290e-01,-2.319061309099197388e-01,-1.966979503631591797e-01,-1.154695674777030945e-01,4.368567839264869690e-02
1.559999999999938991e+00,7.871778881123809857e-01,-5.412144620773123860e-02,-1.225811073800634476e+00,0.000000000000000000e+00,-3.231647593980205846e-01,7.040177249880718024e-01,0.000000000000000000e+00,-1.917562186717987061e-01,-2.489133626222610474e-01,-2.363255172967910767e-01,-2.080184668302536011e-01,-1.167336553335189819e-01,4.020461812615394592e-02
1.579999999999936788e+00,7.874285717536898543e-01,-5.960181582509765930e-02,-1.298670652200228259e+00,0.000000000000000000e+00,-3.352889384993449351e-01,6.792837750909601624e-01,0.000000000000000000e+00,-2.023040652275085449e-01,-2.450526505708694458e-01,-2.393714189529418945e-01,-2.169987708330154419e-01,-1.182186380028724670e-01,3.452003002166748047e-02
1.599999999999934586e+00,7.874996003866590044e-01,-6.561046790468610945e-02,-1.364071562683911720e+00,0.000000000000000000e+00,-3.421689649412912315e-01,6.656217083711588600e-01,0.000000000000000000e+00,-2.114067077636718750e-01,-2.351580262184143066e-01,-2.397613674402236938e-01,-2.242579013109207153e-01,-1.188170239329338074e-01,2.528689615428447723e-02
1.619999999999932383e+00,7.874999556436168557e-01,-7.234516741392649219e-02,-1.418424152657668413e+00,0.000000000000000000e+00,-3.412868346967700139e-01,6.677646515454508380e-01,0.000000000000000000e+00,-2.199623286724090576e-01,-2.168614417314529419e-01,-2.352811843156814575e-01,-2.302496433258056641e-01,-1.170696020126342773e-01,1.134811528027057648e-02
1.639999999999930180e+00,7.876048640696302616e-01,-7.989136208933766969e-02,-1.458106730143231111e+00,0.000000000000000000e+00,-3.350514776816128082e-01,6.808799859854894887e-01,0.000000000000000000e+00,-2.300908118486404419e-01,-1.901503205299377441e-01,-2.246476411819458008e-01,-2.356127500534057617e-01,-1.125743836164474487e-01,-8.480742573738098145e-03
1.659999999999927978e+00,7.880529267926881243e-01,-8.819842904946684214e-02,-1.481285839160011220e+00,0.000000000000000000e+00,-3.290484974453030120e-01,6.935428784563949511e-01,0.000000000000000000e+00,-2.416237890720367432e-01,-1.584835946559906006e-01,-2.074418962001800537e-01,-2.395428419113159180e-01,-1.063065901398658752e-01,-3.338307514786720276e-02
1.679999999999925775e+00,7.889671050803945818e-01,-9.721327047787231557e-02,-1.488006092348176379e+00,0.000000000000000000e+00,-3.272837927753096676e-01,6.962042005722006710e-01,0.000000000000000000e+00,-2.513148188591003418e-01,-1.259511560201644897e-01,-1.842650026082992554e-01,-2.393709868192672729e-01,-9.743284434080123901e-02,-6.037677451968193054e-02
1.699999999999923572e+00,7.901989318987754363e-01,-1.068182548495453521e-01,-1.479392170146946794e+00,0.000000000000000000e+00,-3.321614839912217509e-01,6.824522309886830174e-01,0.000000000000000000e+00,-2.562908232212066650e-01,-9.619567543268203735e-02,-1.609269827604293823e-01,-2.350917011499404907e-01,-8.573517203330993652e-02,-8.388675004243850708e-02
1.719999999999921370e+00,7.914392984333810110e-01,-1.165825271037786437e-01,-1.458372788980661916e+00,0.000000000000000000e+00,-3.448603477710638909e-01,6.511481075417144826e-01,0.000000000000000000e+00,-2.582443654537200928e-01,-7.605445384979248047e-02,-1.462929546833038330e-01,-2.317812591791152954e-01,-7.502215355634689331e-02,-9.897639602422714233e-02
1.739999999999919167e+00,7.923599871135247330e-01,-1.259729802165672208e-01,-1.430585978681356618e+00,0.000000000000000000e+00,-3.625094932696804051e-01,6.118678991960521119e-01,0.000000000000000000e+00,-2.587946653366088867e-01,-6.790240854024887085e-02,-1.410115808248519897e-01,-2.301995754241943359e-01,-6.780657172203063965e-02,-1.061271503567695618e-01
1.759999999999916964e+00,7.927989763067894158e-01,-1.345404429977451743e-01,-1.402247173937923641e+00,0.000000000000000000e+00,-3.791248535302035316e-01,5.776550471857397895e-01,0.000000000000000000e+00,-2.600332200527191162e-01,-7.129766047000885010e-02,-1.435603350400924683e-01,-2.299996316432952881e-01,-6.503432989120483398e-02,-1.072599664330482483e-01
1.779999999999914762e+00,7.928331706865621165e-01,-1.420731259315473616e-01,-1.377835564009705749e+00,0.000000000000000000e+00,-3.877738775183893760e-01,5.589094703026568078e-01,0.000000000000000000e+00,-2.629572749137878418e-01,-8.367661386728286743e-02,-1.521319299936294556e-01,-2.314373999834060669e-01,-6.664644181728363037e-02,-1.037421226501464844e-01
1.799999999999912559e+00,7.926764821793066407e-01,-1.486891803865024175e-01,-1.357768895958282762e+00,0.000000000000000000e+00,-3.832335349010371761e-01,5.621159739511544240e-01,0.000000000000000000e+00,-2.663016021251678467e-01,-9.848836064338684082e-02,-1.624304801225662231e-01,-2.333678603172302246e-01,-7.056185603141784668e-02,-9.815806895494461060e-02
1.819999999999910356e+00,7.925617637634770896e-01,-1.548677228377994541e-01,-1.337648239548826057e+00,0.000000000000000000e+00,-3.678185779868083927e-01,5.851081343835767834e-01,0.000000000000000000e+00,-2.710447013378143311e-01,-1.071892008185386658e-01,-1.686902940273284912e-01,-2.350909709930419922e-01,-7.321140170097351074e-02,-9.648697078227996826e-02
1.839999999999908153e+00,7.927543134227601485e-01,-1.612995981018772451e-01,-1.310979238229121435e+00,0.000000000000000000e+00,-3.497345066122189428e-01,6.168221469953283354e-01,0.000000000000000000e+00,-2.776797711849212646e-01,-1.035272479057312012e-01,-1.662113815546035767e-01,-2.362485826015472412e-01,-7.213806360960006714e-02,-1.026023849844932556e-01
1.859999999999905951e+00,7.933997986906078381e-01,-1.686517840048683547e-01,-1.269643594931099351e+00,0.000000000000000000e+00,-3.321355404848824744e-01,6.506888389778167081e-01,0.000000000000000000e+00,-2.780814468860626221e-01,-8.621458709239959717e-02,-1.520923972129821777e-01,-2.321343868970870972e-01,-6.596250832080841064e-02,-1.123433411121368408e-01
1.879999999999903748e+00,7.945627007830129429e-01,-1.774533201936381588e-01,-1.204977768079232403e+00,0.000000000000000000e+00,-3.163359381657633862e-01,6.820509330757422717e-01,0.000000000000000000e+00,-2.636080682277679443e-01,-5.680877342820167542e-02,-1.256593167781829834e-01,-2.157607525587081909e-01,-5.247874930500984192e-02,-1.205668523907661438e-01
1.899999999999901545e+00,7.963821135474634660e-01,-1.877606302276924877e-01,-1.110473975015749515e+00,0.000000000000000000e+00,-3.066614919297001030e-01,6.997227843764641797e-01,0.000000000000000000e+00,-2.363740205764770508e-01,-2.225081250071525574e-02,-9.183808416128158569e-02,-1.840030848979949951e-01,-2.997172810137271881e-02,-1.257769316434860229e-01
1.919999999999899343e+00,7.991721870330900090e-01,-1.986532124727396764e-01,-9.887167030957172420e-01,0.000000000000000000e+00,-3.123990543045562784e-01,6.808711918376894046e-01,0.000000000000000000e+00,-2.089620530605316162e-01,6.593121215701103210e-04,-6.278008222579956055e-02,-1.459142565727233887e-01,-5.863266065716743469e-03,-1.256515532732009888e-01
1.939999999999897140e+00,8.033297066773970041e-01,-2.084143016829014539e-01,-8.575044468188942615e-01,0.000000000000000000e+00,-3.371989233323373081e-01,6.248800180202943588e-01,0.000000000000000000e+00,-1.955402344465255737e-01,2.716286573559045792e-03,-4.870859533548355103e-02,-1.177382990717887878e-01,9.830299764871597290e-03,-1.222778707742691040e-01
1.959999999999894937e+00,8.090300981858802309e-01,-2.157878056993413896e-01,-7.414581396144406256e-01,0.000000000000000000e+00,-3.680119726963605453e-01,5.692032166444306318e-01,0.000000000000000000e+00,-1.949531584978103638e-01,-6.032235454767942429e-03,-4.654023796319961548e-02,-1.061232537031173706e-01,1.522207912057638168e-02,-1.182325929403305054e-01
1.979999999999892735e+00,8.160854494234286438e-01,-2.206812120520637022e-01,-6.571026561017668799e-01,0.000000000000000000e+00,-3.927634272751449052e-01,5.328546323410163765e-01,0.000000000000000000e+00,-2.019916623830795288e-01,-2.311636134982109070e-02,-5.291140452027320862e-02,-1.063811033964157104e-01,1.265503745526075363e-02,-1.114641577005386353e-01
1.999999999999890532e+00,8.241856850413820101e-01,-2.236324280350621418e-01,-6.107846454553030879e-01,0.000000000000000000e+00,-4.126754760869312810e-01,5.086427916252832526e-01,0.000000000000000000e+00,-2.184597551822662354e-01,-6.479410082101821899e-02,-7.776694744825363159e-02,-1.170883700251579285e-01,-3.864785539917647839e-04,-9.448615461587905884e-02
2.019999999999888551e+00,8.329557715792994532e-01,-2.249140742686071281e-01,-6.074167589565999670e-01,-3.619865601179648312e-02,-4.350364509565701199e-01,4.849172266617514659e-01,1.000000000000000000e+00,-2.379013895988464355e-01,-1.586440503597259521e-01,-1.434988975524902344e-01,-1.318913549184799194e-01,-3.113179281353950500e-02,-5.480510741472244263e-02
2.039999999999886349e+00,8.410640756596483580e-01,-2.248497494334543712e-01,-6.398534503645462168e-01,-6.892211623446846402e-02,-4.494196281797649406e-01,4.712824515689714722e-01,1.000000000000000000e+00,-2.259187251329421997e-01,-2.789182960987091064e-01,-2.331362217664718628e-01,-1.445074677467346191e-01,-6.834585219621658325e-02,1.324720308184623718e-02
2.059999999999884146e+00,8.470083532024554884e-01,-2.249872744674728531e-01,-6.707149276295928386e-01,-2.730057992692920196e-02,-4.344737634167277762e-01,4.886247583637794989e-01,1.000000000000000000e+00,-1.666544526815414429e-01,-2.856457233428955078e-01,-2.193527072668075562e-01,-1.099238172173500061e-01,-5.935908481478691101e-02,3.629715740680694580e-02
2.079999999999881943e+00,8.512063567827139465e-01,-2.270378994227761071e-01,-6.572885343501082556e-01,-5.446183022520605099e-02,-4.073551671638127036e-01,5.226924292605025224e-01,1.000000000000000000e+00,-1.720662713050842285e-01,-2.547990381717681885e-01,-1.923337727785110474e-01,-9.207610040903091431e-02,-2.259421534836292267e-02,1.194028556346893311e-02
2.099999999999879741e+00,8.550649876431568597e-01,-2.297488651850527752e-01,-6.027903345342198183e-01,-1.005221724985840837e-01,-3.938885797295924585e-01,5.418842385410767015e-01,1.000000000000000000e+00,-1.966689527034759521e-01,-1.217599958181381226e-01,-8.948925882577896118e-02,-8.211930841207504272e-02,5.765846464782953262e-03,-4.056484252214431763e-02
2.119999999999877538e+00,8.588715670270032909e-01,-2.314459691192228274e-01,-5.240521788208735154e-01,-1.428825090779237972e-01,-3.824180601140221847e-01,5.595343787824682558e-01,1.000000000000000000e+00,-1.913342326879501343e-01,-5.838605388998985291e-02,-4.981834068894386292e-02,-8.302975445985794067e-02,-4.722658544778823853e-03,-5.642426759004592896e-02
2.139999999999875335e+00,8.622206840518971127e-01,-2.314690016335854139e-01,-4.312828356299987509e-01,-1.789644449846536922e-01,-3.737150920119933217e-01,5.745685187436057051e-01,1.000000000000000000e+00,-2.015151530504226685e-01,-4.733397439122200012e-02,-6.032540276646614075e-02,-9.013057500123977661e-02,-1.012356579303741455e-02,-7.969588786363601685e-02
2.159999999999873133e+00,8.652529737986127678e-01,-2.298655776937243711e-01,-3.373381649300403740e-01,-2.087250140799828679e-01,-3.678172431893923511e-01,5.869687558666595306e-01,1.000000000000000000e+00,-1.983410120010375977e-01,-4.220917075872421265e-02,-6.627692282199859619e-02,-8.400416374206542969e-02,-7.175486069172620773e-03,-9.285530447959899902e-02
2.179999999999870930e+00,8.697229642150158258e-01,-2.271962205034763760e-01,-2.688233944399938680e-01,-2.334862972881217580e-01,-3.647797293413850839e-01,5.972859572033840658e-01,1.000000000000000000e+00,-1.885449290275573730e-01,-5.473111197352409363e-02,-6.765959411859512329e-02,-7.288326323032379150e-02,2.912432828452438116e-04,-8.846528083086013794e-02
2.199999999999868727e+00,8.766395813732673625e-01,-2.241341169800198652e-01,-2.385773323475124941e-01,-2.357189146009300573e-01,-3.688121606221166360e-01,5.982162144170541929e-01,1.000000000000000000e+00,-1.620253175497055054e-01,-1.472779363393783569e-01,-1.012409701943397522e-01,-5.223503708839416504e-02,6.208339706063270569e-03,-2.956656366586685181e-02
2.219999999999866525e+00,8.851255082561146903e-01,-2.213601111118463916e-01,-2.399566516111385495e-01,-2.068155699922875901e-01,-3.816763898736078020e-01,5.861731541634531695e-01,1.000000000000000000e+00,-1.122359037399291992e-01,-2.207687348127365112e-01,-1.499453932046890259e-01,-4.428172111511230469e-02,6.031136959791183472e-03,3.109635971486568451e-02
2.239999999999864322e+00,8.941450846343295122e-01,-2.187136911742672829e-01,-2.677506609600989740e-01,-1.741249893509966284e-01,-3.963490046286525237e-01,5.725520788962485952e-01,1.000000000000000000e+00,-9.605775028467178345e-02,-2.364051043987274170e-01,-1.630441397428512573e-01,-4.424341768026351929e-02,-9.276141645386815071e-04,4.921413585543632507e-02
2.259999999999862119e+00,9.032285223534533003e-01,-2.155271330278376585e-01,-3.223914113293682715e-01,-1.577051331963877645e-01,-4.070268792669555769e-01,5.657104721651615709e-01,1.000000000000000000e+00,-9.858790040016174316e-02,-2.450681477785110474e-01,-1.742207854986190796e-01,-4.452739655971527100e-02,-7.608112413436174393e-03,5.346127599477767944e-02
2.279999999999859916e+00,9.120869840463163847e-01,-2.117292470648597935e-01,-4.030303475282114301e-01,-1.416571191388658058e-01,-4.178916847947833912e-01,5.590237996411940857e-01,1.000000000000000000e+00,-1.072122156620025635e-01,-2.541912794113159180e-01,-1.849378347396850586e-01,-4.930196329951286316e-02,-2.856799401342868805e-02,6.016392633318901062e-02
2.299999999999857714e+00,9.203024045660483932e-01,-2.081296885021052256e-01,-4.983204740058818083e-01,-1.311476575940280220e-01,-4.268068553829511003e-01,5.546448573308450092e-01,1.000000000000000000e+00,-1.252061128616333008e-01,-2.588395774364471436e-01,-1.969292461872100830e-01,-7.517635077238082886e-02,-5.156066641211509705e-02,6.098495051264762878e-02
2.319999999999855511e+00,9.277815515753393694e-01,-2.054525033594419292e-01,-5.990510535295402450e-01,-1.307509709597932945e-01,-4.319461200804571854e-01,5.544795712332472037e-01,1.000000000000000000e+00,-1.514359116554260254e-01,-2.662477791309356689e-01,-2.122603803873062134e-01,-1.110591068863868713e-01,-7.324537634849548340e-02,5.887490883469581604e-02
2.339999999999853308e+00,9.344398004006195801e-01,-2.039186847509763811e-01,-7.020449587129882207e-01,-1.346233769358562427e-01,-4.348169732132668996e-01,5.560930737232734344e-01,1.000000000000000000e+00,-1.673797667026519775e-01,-2.785724103450775146e-01,-2.262337803840637207e-01,-1.385327279567718506e-01,-9.067358821630477905e-02,5.876095220446586609e-02
2.359999999999851106e+00,9.400391314632629003e-01,-2.035974633541156598e-01,-8.029323697764269019e-01,-1.366930040388525391e-01,-4.370609874150194751e-01,5.569554183495218913e-01,1.000000000000000000e+00,-1.695682704448699951e-01,-2.885259091854095459e-01,-2.354952692985534668e-01,-1.509075164794921875e-01,-9.594483673572540283e-02,5.977060273289680481e-02
2.379999999999848903e+00,9.444241027056403670e-01,-2.045061046829360352e-01,-8.941359663610649600e-01,-1.385833096666112263e-01,-4.381406144987126106e-01,5.577430456944213466e-01,1.000000000000000000e+00,-1.606195271015167236e-01,-2.885656058788299561e-01,-2.342424094676971436e-01,-1.458472013473510742e-01,-8.719200640916824341e-02,5.852019414305686951e-02
2.399999999999846700e+00,9.477996758622535545e-01,-2.064019530381978884e-01,-9.713391939804995046e-01,-1.374659133093722174e-01,-4.393254743872141987e-01,5.572774638789050883e-01,1.000000000000000000e+00,-1.565850675106048584e-01,-2.839156985282897949e-01,-2.283620983362197876e-01,-1.356974840164184570e-01,-7.349873334169387817e-02,5.409739166498184204e-02
2.419999999999844498e+00,9.505342802720088136e-01,-2.085544730235802946e-01,-1.041685522079728088e+00,-1.296665738591553929e-01,-4.422711080396276584e-01,5.540277391079814207e-01,1.000000000000000000e+00,-1.681717038154602051e-01,-2.817001640796661377e-01,-2.289587855339050293e-01,-1.383891254663467407e-01,-6.680921465158462524e-02,4.807057231664657593e-02
2.439999999999842295e+00,9.529674604201960886e-01,-2.102483822248550349e-01,-1.119719194240809346e+00,-1.156123916740983554e-01,-4.473122826236726746e-01,5.481718298642076492e-01,1.000000000000000000e+00,-1.878444850444793701e-01,-2.863504290580749512e-01,-2.412594258785247803e-01,-1.583729237318038940e-01,-7.830140739679336548e-02,4.482668265700340271e-02
2.459999999999840092e+00,9.549312703012533543e-01,-2.114257186548343659e-01,-1.214497502298645504e+00,-1.047236858012595834e-01,-4.512720944558211156e-01,5.436348690838581632e-01,1.000000000000000000e+00,-1.991529017686843872e-01,-2.922108769416809082e-01,-2.553038001060485840e-01,-1.836370825767517090e-01,-9.972774982452392578e-02,4.457141458988189697e-02
2.479999999999837890e+00,9.559153283447350269e-01,-2.129649620699113621e-01,-1.319677971811815231e+00,-1.018110073004878657e-01,-4.519102412649542710e-01,5.424212530418699441e-01,1.000000000000000000e+00,-1.955325901508331299e-01,-2.870597541332244873e-01,-2.572434842586517334e-01,-1.940916478633880615e-01,-1.127651482820510864e-01,4.363164305686950684e-02
2.499999999999835687e+00,9.557803557541975081e-01,-2.156278642843812987e-01,-1.421942362323014963e+00,-1.031118810427471971e-01,-4.500832713069174429e-01,5.429632837678113333e-01,1.000000000000000000e+00,-1.970374435186386108e-01,-2.814750969409942627e-01,-2.587161660194396973e-01,-1.985627114772796631e-01,-1.160842850804328918e-01,3.846419230103492737e-02
2.519999999999833484e+00,9.548333373147196435e-01,-2.193277501341127922e-01,-1.515377689625483137e+00,-9.805098900473004087e-02,-4.494758980006763882e-01,5.408545787519708492e-01,1.000000000000000000e+00,-2.073952406644821167e-01,-2.796809971332550049e-01,-2.628161907196044922e-01,-2.084970921277999878e-01,-1.172975674271583557e-01,3.480374440550804138e-02
2.539999999999831282e+00,9.534546073836545066e-01,-2.236390314516371602e-01,-1.601221753374894252e+00,-8.551104866183613373e-02,-4.507812389530947983e-01,5.356296036090983925e-01,1.000000000000000000e+00,-2.202079296112060547e-01,-2.792003154754638672e-01,-2.668361961841583252e-01,-2.210089564323425293e-01,-1.188621446490287781e-01,3.267255797982215881e-02
2.559999999999829079e+00,9.517411750048372365e-01,-2.282867018145854632e-01,-1.681521932753980986e+00,-7.003836707281534124e-02,-4.527991642791844851e-01,5.291826529470063933e-01,1.000000000000000000e+00,-2.310295552015304565e-01,-2.780443727970123291e-01,-2.701619267463684082e-01,-2.312285900115966797e-01,-1.209113225340843201e-01,2.967393025755882263e-02
2.579999999999826876e+00,9.496628141119590749e-01,-2.332712982812653602e-01,-1.756288389304335507e+00,-5.458366294193241902e-02,-4.546350877694280146e-01,5.227431928924718418e-01,1.000000000000000000e+00,-2.396592795848846436e-01,-2.740082740783691406e-01,-2.722782194614410400e-01,-2.388472110033035278e-01,-1.228738054633140564e-01,2.461380511522293091e-02
2.599999999999824674e+00,9.471969446469790110e-01,-2.387422927037970988e-01,-1.823346787430302651e+00,-3.914326919084238493e-02,-4.561940439207311515e-01,5.163096954961843288e-01,1.000000000000000000e+00,-2.474114745855331421e-01,-2.652181386947631836e-01,-2.720100283622741699e-01,-2.451871633529663086e-01,-1.237328052520751953e-01,1.678400672972202301e-02
2.619999999999822471e+00,9.443847573886676727e-01,-2.448322053051231739e-01,-1.879744354052714783e+00,-1.990314229879723909e-02,-4.587161885927345528e-01,5.082929759578321827e-01,1.000000000000000000e+00,-2.557863891124725342e-01,-2.503742873668670654e-01,-2.683051824569702148e-01,-2.512851953506469727e-01,-1.225262284278869629e-01,5.322256125509738922e-03
2.639999999999820268e+00,9.413381631084954959e-01,-2.515732633804207419e-01,-1.923220491618601535e+00,-6.809486329274294474e-03,-4.635364457844995401e-01,4.971627140294690439e-01,1.000000000000000000e+00,-2.658431231975555420e-01,-2.296054959297180176e-01,-2.607700824737548828e-01,-2.572695910930633545e-01,-1.191310659050941467e-01,-1.057350076735019684e-02
2.659999999999818066e+00,9.382377713024545596e-01,-2.589600667857983041e-01,-1.952602475662671866e+00,-4.042576303805058696e-02,-4.706749130802398984e-01,4.831559320674789215e-01,1.000000000000000000e+00,-2.757354974746704102e-01,-2.050018310546875000e-01,-2.489958107471466064e-01,-2.613101005554199219e-01,-1.140503585338592529e-01,-2.994204498827457428e-02
2.679999999999815863e+00,9.352020099339575232e-01,-2.670318878521178996e-01,-1.967360568136103494e+00,-7.734898329019719576e-02,-4.790908068628106364e-01,4.677712569624178363e-01,1.000000000000000000e+00,-2.834625244140625000e-01,-1.781897246837615967e-01,-2.320826500654220581e-01,-2.616639435291290283e-01,-1.065216064453125000e-01,-5.168819427490234375e-02
2.699999999999813660e+00,9.322112782365916672e-01,-2.758275694425970648e-01,-1.967234497498107082e+00,-1.126913569669175386e-01,-4.872636135419729508e-01,4.530452679304510233e-01,1.000000000000000000e+00,-2.883375883102416992e-01,-1.498683691024780273e-01,-2.110224366188049316e-01,-2.584149539470672607e-01,-9.595335274934768677e-02,-7.410755753517150879e-02
2.719999999999811457e+00,9.292251910019753147e-01,-2.851202348900194750e-01,-1.952646110071293073e+00,-1.378770209093858057e-01,-4.919029011477376034e-01,4.425512412877559143e-01,1.000000000000000000e+00,-2.900934815406799316e-01,-1.245891228318214417e-01,-1.918636262416839600e-01,-2.542046010494232178e-01,-8.466718345880508423e-02,-9.267050027847290039e-02
2.739999999999809255e+00,9.261986827223991359e-01,-2.945086347785697001e-01,-1.926088225952297783e+00,-1.464937639940816771e-01,-4.902805208312185914e-01,4.389609316691326368e-01,1.000000000000000000e+00,-2.892943024635314941e-01,-1.065022200345993042e-01,-1.782442778348922729e-01,-2.502208054065704346e-01,-7.507900148630142212e-02,-1.051531508564949036e-01
2.759999999999807052e+00,9.231200958675661594e-01,-3.035400987217423685e-01,-1.892065746229179446e+00,-1.366675230994342238e-01,-4.816815667527845068e-01,4.430551987085690757e-01,1.000000000000000000e+00,-2.877592742443084717e-01,-9.723453223705291748e-02,-1.707758307456970215e-01,-2.466670423746109009e-01,-6.849913299083709717e-02,-1.120482832193374634e-01
2.779999999999804849e+00,9.200899722714648288e-01,-3.118412437005663174e-01,-1.855654060408467032e+00,-1.112518115971563581e-01,-4.676973088910882925e-01,4.536450785011848508e-01,1.000000000000000000e+00,-2.879405319690704346e-01,-9.658064693212509155e-02,-1.694426238536834717e-01,-2.446219772100448608e-01,-6.547078490257263184e-02,-1.146434023976325989e-01
2.799999999999802647e+00,9.172685872843859833e-01,-3.192348103952631910e-01,-1.820884195109044201e+00,-8.254890433125602889e-02,-4.536218674773003778e-01,4.656046231953099857e-01,1.000000000000000000e+00,-2.908191084861755371e-01,-1.027356535196304321e-01,-1.732442677021026611e-01,-2.448958605527877808e-01,-6.582613289356231689e-02,-1.140173897147178650e-01
2.819999999999800444e+00,9.147842482251149487e-01,-3.258105822685228858e-01,-1.789408422964819945e+00,-6.787226547159397327e-02,-4.454811638552197417e-01,4.717198893868358445e-01,1.000000000000000000e+00,-2.957466244697570801e-01,-1.124895140528678894e-01,-1.799359619617462158e-01,-2.469864785671234131e-01,-6.836064904928207397e-02,-1.116564720869064331e-01
2.839999999999798241e+00,9.126581909681966698e-01,-3.319024696037101707e-01,-1.759741160825763817e+00,-8.081810045181873903e-02,-4.471638803991534461e-01,4.663257914784088576e-01,1.000000000000000000e+00,-3.011792600154876709e-01,-1.214818805456161499e-01,-1.859958469867706299e-01,-2.492524236440658569e-01,-7.100949436426162720e-02,-1.096046566963195801e-01
2.859999999999796039e+00,9.107711382180313509e-01,-3.380031517948036135e-01,-1.726996863405580118e+00,-1.272583963474364366e-01,-4.609833409404091586e-01,4.469756681885681537e-01,1.000000000000000000e+00,-3.049238920211791992e-01,-1.242868378758430481e-01,-1.868553310632705688e-01,-2.494670897722244263e-01,-7.109548151493072510e-02,-1.101232767105102539e-01
2.879999999999793836e+00,9.089269373735706647e-01,-3.447047005728854363e-01,-1.683897251770408499e+00,-2.030877054188956199e-01,-4.877783527987555323e-01,4.153801227421268227e-01,1.000000000000000000e+00,-3.031421601772308350e-01,-1.151769831776618958e-01,-1.776465326547622681e-01,-2.446030974388122559e-01,-6.606687605381011963e-02,-1.143246591091156006e-01
2.899999999999791633e+00,9.069422598031218197e-01,-3.526236830548958867e-01,-1.621566694357154947e+00,-2.884066203981448528e-01,-5.226088673467741419e-01,3.798305748341063159e-01,1.000000000000000000e+00,-2.897342145442962646e-01,-9.050101786851882935e-02,-1.545747816562652588e-01,-2.293378412723541260e-01,-5.387456342577934265e-02,-1.206495836377143860e-01
2.919999999999789431e+00,9.048510808997506372e-01,-3.621314682429740417e-01,-1.531101338672519185e+00,-3.484423296994892949e-01,-5.486275827085527190e-01,3.548156959585461179e-01,1.000000000000000000e+00,-2.622940838336944580e-01,-5.515325069427490234e-02,-1.195566281676292419e-01,-1.983793079853057861e-01,-3.308363258838653564e-02,-1.254747360944747925e-01
2.939999999999787228e+00,9.032371746351477437e-01,-3.727844923144373324e-01,-1.411316879195270158e+00,-3.553425096712103382e-01,-5.465450425510907095e-01,3.519406209703290211e-01,1.000000000000000000e+00,-2.315726876258850098e-01,-2.859922870993614197e-02,-8.675498515367507935e-02,-1.591537594795227051e-01,-9.518919512629508972e-03,-1.248151138424873352e-01
2.959999999999785025e+00,9.031872851949582781e-01,-3.832298860679804742e-01,-1.277196835820902265e+00,-3.071873839355113156e-01,-5.163906653531949997e-01,3.720052566935369565e-01,1.000000000000000000e+00,-2.135124951601028442e-01,-2.174317650496959686e-02,-6.925430148839950562e-02,-1.294285953044891357e-01,6.407726090401411057e-03,-1.208808645606040955e-01
2.979999999999782823e+00,9.055283765820270059e-01,-3.922494399316103775e-01,-1.154197940124843891e+00,-2.202950367963721623e-01,-4.739787574039471818e-01,4.082104013348449301e-01,1.000000000000000000e+00,-2.099060118198394775e-01,-2.662291377782821655e-02,-6.545270979404449463e-02,-1.169500350952148438e-01,1.208103261888027191e-02,-1.170690208673477173e-01
2.999999999999780620e+00,9.102975559240542580e-01,-3.995697434507454737e-01,-1.062768083745185388e+00,-1.074097482256242131e-01,-4.302741490056479212e-01,4.552459382393232445e-01,1.000000000000000000e+00,-2.162793576717376709e-01,-4.188874736428260803e-02,-7.145984470844268799e-02,-1.169175505638122559e-01,9.523008018732070923e-03,-1.106757149100303650e-01
3.019999999999778417e+00,9.170884053752839105e-01,-4.055656606279083309e-01,-1.013371781260517190e+00,-4.169412609574400796e-02,-3.851807548396256053e-01,5.173725525398933378e-01,1.000000000000000000e+00,-2.330553531646728516e-01,-8.526542037725448608e-02,-9.671022742986679077e-02,-1.265744268894195557e-01,-3.742788918316364288e-03,-9.162986278533935547e-02
3.039999999999776215e+00,9.253215283966808036e-01,-4.103651150804479841e-01,-1.011915146087655426e+00,-1.543564712653427706e-01,-3.610623328952093924e-01,5.643151963605594901e-01,1.000000000000000000e+00,-2.488163113594055176e-01,-1.892431676387786865e-01,-1.690654307603836060e-01,-1.381962597370147705e-01,-3.533269464969635010e-02,-4.377841204404830933e-02
3.059999999999774012e+00,9.331790830863189168e-01,-4.138658662927521270e-01,-1.043961446398374182e+00,-8.693322871723764556e-02,-3.871653368211327439e-01,5.362221786321823558e-01,1.000000000000000000e+00,-2.121185511350631714e-01,-2.879025340080261230e-01,-2.339547723531723022e-01,-1.314359754323959351e-01,-6.316028535366058350e-02,2.152638323605060577e-02
3.079999999999771809e+00,9.388026464446734831e-01,-4.169369160665913898e-01,-1.068452648590439757e+00,-3.777094310616093548e-02,-4.318498960366574657e-01,4.842621070390996096e-01,1.000000000000000000e+00,-1.674613207578659058e-01,-2.847609519958496094e-01,-2.181091904640197754e-01,-1.020221933722496033e-01,-4.720132797956466675e-02,3.222443908452987671e-02
3.099999999999769607e+00,9.422113331499099020e-01,-4.207351172096210346e-01,-1.049154590466496062e+00,-9.930422790815408851e-02,-4.577376352495012846e-01,4.586232383716024597e-01,1.000000000000000000e+00,-1.745232641696929932e-01,-2.453901320695877075e-01,-1.837039887905120850e-01,-8.618038147687911987e-02,-1.476649008691310883e-02,5.894685629755258560e-03
3.119999999999767404e+00,9.451596514414588590e-01,-4.243974298870141215e-01,-9.929322063184831126e-01,-1.384480863522590532e-01,-4.778665789676967979e-01,4.423132973532253875e-01,1.000000000000000000e+00,-1.995411366224288940e-01,-1.184985265135765076e-01,-8.754403889179229736e-02,-8.270505070686340332e-02,1.871292362920939922e-03,-4.086012020707130432e-02
3.139999999999765201e+00,9.484688843897070010e-01,-4.266833606068963780e-01,-9.182228086135019174e-01,-1.615800827187672262e-01,-4.932533213369773017e-01,4.326749655338469891e-01,1.000000000000000000e+00,-2.040836066007614136e-01,-7.000143080949783325e-02,-6.593295186758041382e-02,-9.058566391468048096e-02,-1.199692394584417343e-02,-6.226968765258789062e-02
3.159999999999762998e+00,9.518721292989715810e-01,-4.272127391775679128e-01,-8.340566289112120169e-01,-1.541589277943215541e-01,-4.945756212596782442e-01,4.357671134190326812e-01,1.000000000000000000e+00,-2.111832350492477417e-01,-5.917568504810333252e-02,-7.504640519618988037e-02,-9.428127855062484741e-02,-1.816369406878948212e-02,-8.260025084018707275e-02
3.179999999999760796e+00,9.559966265604525892e-01,-4.266826957733826919e-01,-7.602283076622183833e-01,-1.230903807409116923e-01,-4.843705502026351417e-01,4.487123413579534592e-01,1.000000000000000000e+00,-2.082530409097671509e-01,-5.982933938503265381e-02,-7.956163585186004639e-02,-9.119261056184768677e-02,-1.446255017071962357e-02,-8.846593648195266724e-02
3.199999999999758593e+00,9.624899029971560882e-01,-4.264378585909712194e-01,-7.240022875921217071e-01,-1.044786469626008962e-01,-4.814496099610618973e-01,4.564672304322496266e-01,1.000000000000000000e+00,-2.014502435922622681e-01,-1.147590205073356628e-01,-1.011620610952377319e-01,-7.880134135484695435e-02,-9.979155845940113068e-03,-6.359540671110153198e-02
3.219999999999756390e+00,9.706572332464429298e-01,-4.272093290029067014e-01,-7.224405217214411312e-01,-8.268273018747564207e-02,-4.788145927064113572e-01,4.655488624218851457e-01,1.000000000000000000e+00,-1.459378153085708618e-01,-2.310065776109695435e-01,-1.651088744401931763e-01,-6.192833185195922852e-02,-7.301342673599720001e-03,2.186946384608745575e-02
3.239999999999754188e+00,9.792475903816520999e-01,-4.286839816131734482e-01,-7.453995162120032880e-01,-4.822566974650177585e-02,-4.720948977685980319e-01,4.799059709389575934e-01,1.000000000000000000e+00,-1.166325807571411133e-01,-2.483496069908142090e-01,-1.746811717748641968e-01,-6.023315712809562683e-02,-8.347270078957080841e-03,4.430714249610900879e-02
3.259999999999751985e+00,9.880060547114928315e-01,-4.298642471822912148e-01,-7.906972256346058714e-01,-7.740749818170300229e-05,-4.610183653090536571e-01,4.999677468757576237e-01,1.000000000000000000e+00,-1.116360947489738464e-01,-2.534538507461547852e-01,-1.820410639047622681e-01,-5.860448256134986877e-02,-1.099782623350620270e-02,4.913061857223510742e-02
3.279999999999749782e+00,9.970135987739128236e-01,-4.302163499442651085e-01,-8.606844428011293235e-01,-4.227521892318088920e-02,-4.528703476031878394e-01,5.176146745513253711e-01,1.000000000000000000e+00,-1.201389506459236145e-01,-2.593048214912414551e-01,-1.921514719724655151e-01,-5.879729613661766052e-02,-2.218570001423358917e-02,5.174572020769119263e-02
3.299999999999747580e+00,1.005732235686158216e+00,-4.300924417861044513e-01,-9.489594365968730960e-01,-7.642096454503341518e-02,-4.471919451120502931e-01,5.318420685604305920e-01,1.000000000000000000e+00,-1.291882842779159546e-01,-2.634434103965759277e-01,-2.008106559514999390e-01,-7.269661128520965576e-02,-4.442987591028213501e-02,5.649672076106071472e-02
3.319999999999745377e+00,1.013653017360030884e+00,-4.302423552675161966e-01,-1.045680047775132904e+00,-9.853146761121908681e-02,-4.447485023124088110e-01,5.410547781713412885e-01,1.000000000000000000e+00,-1.562548875808715820e-01,-2.702094912528991699e-01,-2.173018455505371094e-01,-1.092204973101615906e-01,-6.699991226196289062e-02,5.467987060546875000e-02
3.339999999999743174e+00,1.020651403737207197e+00,-4.309918580184118331e-01,-1.149798593681180758e+00,-9.891128049770489539e-02,-4.487847890430003983e-01,5.412130335407103754e-01,1.000000000000000000e+00,-1.812207549810409546e-01,-2.830664813518524170e-01,-2.348892390727996826e-01,-1.463955789804458618e-01,-8.947656303644180298e-02,5.237983539700508118e-02
3.359999999999740972e+00,1.026323282201534237e+00,-4.324318489034628676e-01,-1.257435949715449697e+00,-8.350844981874096240e-02,-4.572986141211641264e-01,5.347951874244754045e-01,1.000000000000000000e+00,-1.872692704200744629e-01,-2.933999896049499512e-01,-2.453076243400573730e-01,-1.666895151138305664e-01,-1.020208671689033508e-01,5.406626686453819275e-02
3.379999999999738769e+00,1.030257267422774348e+00,-4.346302073589070059e-01,-1.358208547149473810e+00,-6.206917758437695276e-02,-4.670621907078816304e-01,5.258621573268237315e-01,1.000000000000000000e+00,-1.795554757118225098e-01,-2.956037819385528564e-01,-2.467350959777832031e-01,-1.668836474418640137e-01,-9.845653921365737915e-02,5.390967801213264465e-02
3.399999999999736566e+00,1.032585582299072158e+00,-4.375190939584965855e-01,-1.443828880643567958e+00,-4.727800164564586322e-02,-4.736939580586056464e-01,5.196991673523524424e-01,1.000000000000000000e+00,-1.728150993585586548e-01,-2.920957207679748535e-01,-2.420935183763504028e-01,-1.568388938903808594e-01,-8.523885905742645264e-02,4.985703900456428528e-02
3.419999999999734364e+00,1.033939415568585485e+00,-4.406526668432120264e-01,-1.517553330823910862e+00,-4.831508134477208866e-02,-4.741673113990676480e-01,5.201312838936550387e-01,1.000000000000000000e+00,-1.801643222570419312e-01,-2.896923124790191650e-01,-2.399914115667343140e-01,-1.538076847791671753e-01,-7.428537309169769287e-02,4.399688541889190674e-02
3.439999999999732161e+00,1.035000875430057699e+00,-4.434531397368689509e-01,-1.592154337009360709e+00,-6.872349070318825581e-02,-4.676429622104790185e-01,5.286347877929951089e-01,1.000000000000000000e+00,-1.968081742525100708e-01,-2.901108562946319580e-01,-2.460811287164688110e-01,-1.652044504880905151e-01,-7.733475416898727417e-02,3.998279199004173279e-02
3.459999999999729958e+00,1.035967879087260624e+00,-4.456229032581557892e-01,-1.679292945808910753e+00,-9.402282982330971428e-02,-4.596290045781076250e-01,5.391761790930457154e-01,1.000000000000000000e+00,-2.120113819837570190e-01,-2.950510084629058838e-01,-2.598327696323394775e-01,-1.877140700817108154e-01,-9.464129805564880371e-02,3.870930522680282593e-02
3.479999999999727756e+00,1.036209446983520577e+00,-4.474095932190181313e-01,-1.779062750733908738e+00,-1.014716809722141649e-01,-4.569841383386348821e-01,5.422798670717559055e-01,1.000000000000000000e+00,-2.125705927610397339e-01,-2.938357591629028320e-01,-2.658573985099792480e-01,-2.024483233690261841e-01,-1.107695922255516052e-01,3.889301046729087830e-02
3.499999999999725553e+00,1.035070060985457951e+00,-4.494911101107479934e-01,-1.880160368977965790e+00,-9.630893209147917133e-02,-4.571854837126379523e-01,5.401287217047829881e-01,1.000000000000000000e+00,-2.089268714189529419e-01,-2.869119942188262939e-01,-2.655977606773376465e-01,-2.059114873409271240e-01,-1.168342232704162598e-01,3.567295894026756287e-02
3.519999999999723350e+00,1.032609982205831445e+00,-4.521574212435585105e-01,-1.973765660894131191e+00,-8.830821924943225987e-02,-4.573007649719964540e-01,5.367950913539301094e-01,1.000000000000000000e+00,-2.155000567436218262e-01,-2.831297814846038818e-01,-2.686680555343627930e-01,-2.133601456880569458e-01,-1.179397851228713989e-01,3.096970729529857635e-02
3.539999999999721148e+00,1.029351987523769996e+00,-4.552515741417573758e-01,-2.059541772200224052e+00,-7.968439550171914354e-02,-4.571082626744049637e-01,5.332018314590496466e-01,1.000000000000000000e+00,-2.276212573051452637e-01,-2.815755605697631836e-01,-2.726492285728454590e-01,-2.259912192821502686e-01,-1.191294863820075989e-01,2.831923775374889374e-02
3.559999999999718945e+00,1.025646795385646293e+00,-4.585534524466435835e-01,-2.139592617706056465e+00,-7.037904446720934237e-02,-4.568772033734035398e-01,5.293246018613372295e-01,1.000000000000000000e+00,-2.383815199136734009e-01,-2.802259922027587891e-01,-2.755396664142608643e-01,-2.367946952581405640e-01,-1.209783330559730530e-01,2.601195871829986572e-02
3.579999999999716742e+00,1.021532117776440707e+00,-4.619951378365197980e-01,-2.214339949026561172e+00,-5.879999673886562167e-02,-4.571009259034390926e-01,5.244999986411940096e-01,1.000000000000000000e+00,-2.470043450593948364e-01,-2.770979106426239014e-01,-2.774523496627807617e-01,-2.443718165159225464e-01,-1.227045133709907532e-01,2.190408296883106232e-02
3.599999999999714539e+00,1.016931218743975407e+00,-4.656610963796624092e-01,-2.282154884691627750e+00,-4.311326411394924424e-02,-4.583178968033485012e-01,5.179638600474788523e-01,1.000000000000000000e+00,-2.549256980419158936e-01,-2.702868878841400146e-01,-2.777456045150756836e-01,-2.504976689815521240e-01,-1.236220002174377441e-01,1.512299384921789169e-02
3.619999999999712337e+00,1.011792736289976125e+00,-4.696753726342065560e-01,-2.340430087293538630e+00,-2.284278985862719935e-02,-4.606909247731246770e-01,5.095178291077613331e-01,1.000000000000000000e+00,-2.632685601711273193e-01,-2.583560049533843994e-01,-2.752427458763122559e-01,-2.563805878162384033e-01,-1.229294687509536743e-01,5.082424730062484741e-03
3.639999999999710134e+00,1.006147769760270538e+00,-4.741234404076226649e-01,-2.386785344323002711e+00,-6.920111680805973720e-04,-4.638572553989632197e-01,4.997116620132997511e-01,1.000000000000000000e+00,-2.728682756423950195e-01,-2.406296133995056152e-01,-2.691235840320587158e-01,-2.620995938777923584e-01,-1.201622560620307922e-01,-9.109535254538059235e-03
3.659999999999707931e+00,1.000125158589020513e+00,-4.791063130236649092e-01,-2.419508235121374362e+00,-2.521197063572748823e-02,-4.671747888033929152e-01,4.894950122351135469e-01,1.000000000000000000e+00,-2.826569676399230957e-01,-2.177788913249969482e-01,-2.587329447269439697e-01,-2.661839425563812256e-01,-1.154590025544166565e-01,-2.743906341493129730e-02
3.679999999999705729e+00,9.938310692021938841e-01,-4.847635609912128718e-01,-2.437414166122782611e+00,-4.863163489306336629e-02,-4.700225753548868957e-01,4.797368187945569296e-01,1.000000000000000000e+00,-2.904900610446929932e-01,-1.913043856620788574e-01,-2.430343329906463623e-01,-2.667128443717956543e-01,-1.083765700459480286e-01,-4.867012426257133484e-02
3.699999999999703526e+00,9.872489118162477428e-01,-4.911791412252237699e-01,-2.439919407339693702e+00,-7.074756980441122833e-02,-4.723975060107469814e-01,4.705218459148286514e-01,1.000000000000000000e+00,-2.956318259239196777e-01,-1.633848249912261963e-01,-2.231031358242034912e-01,-2.637453973293304443e-01,-9.854660928249359131e-02,-7.060215622186660767e-02
3.719999999999701323e+00,9.804415703122766335e-01,-4.981194275415142259e-01,-2.427697619494439962e+00,-9.237426754275065988e-02,-4.746807336707767333e-01,4.615107218571872227e-01,1.000000000000000000e+00,-2.981151640415191650e-01,-1.390578448772430420e-01,-2.050014138221740723e-01,-2.600362896919250488e-01,-8.815429359674453735e-02,-8.879271894693374634e-02
3.739999999999699121e+00,9.735743303435708818e-01,-5.051527678660695519e-01,-2.403630160195037835e+00,-1.142787466787075767e-01,-4.772628418986109566e-01,4.523838555505385051e-01,1.000000000000000000e+00,-2.985823750495910645e-01,-1.219901889562606812e-01,-1.924224346876144409e-01,-2.565145194530487061e-01,-7.926654815673828125e-02,-1.013940796256065369e-01
3.759999999999696918e+00,9.668436661930648324e-01,-5.118299048050154454e-01,-2.372492285039668136e+00,-1.364793790028596410e-01,-4.802829186316831533e-01,4.431335920821418140e-01,1.000000000000000000e+00,-2.985343635082244873e-01,-1.137043908238410950e-01,-1.859195381402969360e-01,-2.535477280616760254e-01,-7.318476587533950806e-02,-1.084725782275199890e-01
3.779999999999694715e+00,9.604834927026741909e-01,-5.178492890432836449e-01,-2.339240149925230217e+00,-1.577526747869527346e-01,-4.834111516013546717e-01,4.342697188387696916e-01,1.000000000000000000e+00,-2.997291088104248047e-01,-1.138824447989463806e-01,-1.852202415466308594e-01,-2.520176470279693604e-01,-7.042949646711349487e-02,-1.109556630253791809e-01
3.799999999999692513e+00,9.546711619603871490e-01,-5.231468401541563562e-01,-2.307313633663299779e+00,-1.759812743722190265e-01,-4.858831546126761158e-01,4.266744690115754080e-01,1.000000000000000000e+00,-3.026325404644012451e-01,-1.202227249741554260e-01,-1.889973431825637817e-01,-2.522713243961334229e-01,-7.071717083454132080e-02,-1.101360842585563660e-01
3.819999999999690310e+00,9.494290390440792704e-01,-5.279121825635804122e-01,-2.277430081769718839e+00,-1.887787916522240261e-01,-4.866580312803125974e-01,4.213421701449066581e-01,1.000000000000000000e+00,-3.065670132637023926e-01,-1.286888420581817627e-01,-1.944739967584609985e-01,-2.536259293556213379e-01,-7.262114435434341431e-02,-1.080773323774337769e-01
3.839999999999688107e+00,9.445858922021959092e-01,-5.325135529315648819e-01,-2.247080085660710491e+00,-1.944228847113767256e-01,-4.848221974921039235e-01,4.189904647035930241e-01,1.000000000000000000e+00,-3.103635311126708984e-01,-1.343102157115936279e-01,-1.977795660495758057e-01,-2.546576857566833496e-01,-7.394941151142120361e-02,-1.073078438639640808e-01
3.859999999999685905e+00,9.398070557701305727e-01,-5.373903531641938125e-01,-2.210831847977474229e+00,-1.930322362407973225e-01,-4.802305842609643216e-01,4.195699015663344467e-01,1.000000000000000000e+00,-3.118907809257507324e-01,-1.317683011293411255e-01,-1.945184916257858276e-01,-2.532851397991180420e-01,-7.226490974426269531e-02,-1.098644956946372986e-01
3.879999999999683702e+00,9.346758565138866270e-01,-5.430186288581375642e-01,-2.161427944156769865e+00,-1.851550930128785522e-01,-4.729279517178526238e-01,4.228520445779672676e-01,1.000000000000000000e+00,-3.064164817333221436e-01,-1.162700727581977844e-01,-1.802736967802047729e-01,-2.459063082933425903e-01,-6.542819738388061523e-02,-1.156329587101936340e-01
3.899999999999681499e+00,9.288231429751137025e-01,-5.498511317265875054e-01,-2.090203098603270693e+00,-1.719444316619529733e-01,-4.632531581855266478e-01,4.283564868075195875e-01,1.000000000000000000e+00,-2.880765795707702637e-01,-8.601429313421249390e-02,-1.522943675518035889e-01,-2.268670350313186646e-01,-5.123967677354812622e-02,-1.222980394959449768e-01
3.919999999999679297e+00,9.223042242826187120e-01,-5.581165337868223553e-01,-1.989940367988175529e+00,-1.597270874991549017e-01,-4.539439441748811532e-01,4.334470468753521266e-01,1.000000000000000000e+00,-2.577525377273559570e-01,-4.967686533927917480e-02,-1.153986155986785889e-01,-1.934181600809097290e-01,-2.900117821991443634e-02,-1.260479986667633057e-01
3.939999999999677094e+00,9.161001403637609730e-01,-5.674695297638177038e-01,-1.863623951920314825e+00,-1.601365323003952901e-01,-4.503118257102377564e-01,4.332764448748352981e-01,1.000000000000000000e+00,-2.294915616512298584e-01,-2.780805714428424835e-02,-8.563023060560226440e-02,-1.565319001674652100e-01,-6.794938351958990097e-03,-1.240371540188789368e-01
3.959999999999674891e+00,9.118224910344425727e-01,-5.770820529533208232e-01,-1.730315522398480965e+00,-1.761571185713971255e-01,-4.548613559512177384e-01,4.266012005952511954e-01,1.000000000000000000e+00,-2.162281870841979980e-01,-2.524829283356666565e-02,-7.241314649581909180e-02,-1.320112794637680054e-01,6.074327044188976288e-03,-1.199165135622024536e-01
3.979999999999672688e+00,9.104781695587575996e-01,-5.863122564782086155e-01,-1.615356961925603185e+00,-1.985146704183281263e-01,-4.652112431817761462e-01,4.172855539923632784e-01,1.000000000000000000e+00,-2.167365550994873047e-01,-3.334814682602882385e-02,-7.220096886157989502e-02,-1.243384405970573425e-01,8.838038891553878784e-03,-1.159592345356941223e-01
3.999999999999670486e+00,9.119677024526611220e-01,-5.950559618358246539e-01,-1.536236504499488342e+00,-2.187433436638384909e-01,-4.781461033269650551e-01,4.088569401400672931e-01,1.000000000000000000e+00,-2.272517979145050049e-01,-5.486203730106353760e-02,-8.337644487619400024e-02,-1.285702139139175415e-01,2.824714872986078262e-03,-1.074836775660514832e-01
4.019999999999677165e+00,9.157793470270743086e-01,-6.034456828936322070e-01,-1.502562158315987828e+00,-2.406141746796126024e-01,-4.950275819653910392e-01,3.997440938834947444e-01,1.000000000000000000e+00,-2.495621591806411743e-01,-1.156444847583770752e-01,-1.227290406823158264e-01,-1.430748105049133301e-01,-1.784218661487102509e-02,-8.199170976877212524e-02
4.039999999999683844e+00,9.211210574658172945e-01,-6.109821740377660015e-01,-1.515900455637094080e+00,-2.525953565982215765e-01,-5.083218363003532136e-01,3.947519347507409959e-01,1.000000000000000000e+00,-2.551142573356628418e-01,-2.434980571269989014e-01,-2.147329449653625488e-01,-1.535110026597976685e-01,-5.790788680315017700e-02,-1.967491023242473602e-02
4.059999999999690523e+00,9.259594882241615199e-01,-6.168615131896721948e-01,-1.550187167528222609e+00,-2.241495102020777952e-01,-4.995617468859857024e-01,4.066043707491342474e-01,1.000000000000000000e+00,-1.981426626443862915e-01,-2.952076196670532227e-01,-2.371022850275039673e-01,-1.309660077095031738e-01,-6.758786737918853760e-02,2.906470559537410736e-02
4.079999999999697202e+00,9.284853756898815424e-01,-6.218238392377972712e-01,-1.559379850850919569e+00,-1.744735807032363473e-01,-4.800965187203991569e-01,4.273026747069848530e-01,1.000000000000000000e+00,-1.752414256334304810e-01,-2.795028090476989746e-01,-2.173413634300231934e-01,-1.054205968976020813e-01,-3.897321969270706177e-02,2.339652180671691895e-02
4.099999999999703881e+00,9.290674153033835481e-01,-6.267920216171953829e-01,-1.520643804154306222e+00,-1.281010425846710044e-01,-4.623025816127114274e-01,4.466245655897204125e-01,1.000000000000000000e+00,-1.831959933042526245e-01,-1.998592913150787354e-01,-1.498258411884307861e-01,-8.375185728073120117e-02,-2.198696602135896683e-03,-1.846722327172756195e-02
4.119999999999710560e+00,9.299403551808259616e-01,-6.313716383666911902e-01,-1.450435944219132134e+00,-9.731849116682074474e-02,-4.516981724650288577e-01,4.594506286804913575e-01,1.000000000000000000e+00,-2.061550468206405640e-01,-9.682103991508483887e-02,-7.635658234357833862e-02,-9.282080084085464478e-02,-4.800718277692794800e-03,-4.801412299275398254e-02
4.139999999999717240e+00,9.321146465992885544e-01,-6.347738439911163599e-01,-1.368131735774025692e+00,-7.824317143969769517e-02,-4.465826699826925261e-01,4.673986785667926247e-01,1.000000000000000000e+00,-2.146436125040054321e-01,-7.097055017948150635e-02,-7.624656707048416138e-02,-1.010908782482147217e-01,-1.664593815803527832e-02,-7.172359526157379150e-02
4.159999999999723919e+00,9.352572685475764036e-01,-6.367078058342769964e-01,-1.280806476066667754e+00,-7.156553465901120681e-02,-4.469616516756427238e-01,4.701810272254119960e-01,1.000000000000000000e+00,-2.145429402589797974e-01,-6.006005778908729553e-02,-8.039698004722595215e-02,-9.679193794727325439e-02,-1.830997504293918610e-02,-8.841187506914138794e-02
4.179999999999730598e+00,9.397719344028203636e-01,-6.384569720222268430e-01,-1.211225048889003730e+00,-7.725050372399926146e-02,-4.540173135720719788e-01,4.678122901150003066e-01,1.000000000000000000e+00,-2.115672379732131958e-01,-6.727081537246704102e-02,-8.541382849216461182e-02,-9.260431677103042603e-02,-1.362438127398490906e-02,-8.961382508277893066e-02
4.199999999999737277e+00,9.462332332995597728e-01,-6.417163360250773829e-01,-1.181481489751364578e+00,-7.376930189709271501e-02,-4.600650575309150891e-01,4.692627908762113664e-01,1.000000000000000000e+00,-2.017830908298492432e-01,-1.474804282188415527e-01,-1.197926700115203857e-01,-7.907670736312866211e-02,-1.208485290408134460e-02,-4.767806828022003174e-02
4.219999999999743956e+00,9.534876111512948782e-01,-6.464820983820510625e-01,-1.185296007190573597e+00,-6.406629732185904758e-02,-4.646974472263925016e-01,4.733057094492253980e-01,1.000000000000000000e+00,-1.450537145137786865e-01,-2.441267669200897217e-01,-1.756261885166168213e-01,-6.646397709846496582e-02,-1.067183259874582291e-02,2.659070864319801331e-02
4.239999999999750635e+00,9.607495750976884352e-01,-6.518142370390744844e-01,-1.213494714063504842e+00,-5.738751503274710369e-02,-4.702816598167152140e-01,4.760885354030220395e-01,1.000000000000000000e+00,-1.255397796630859375e-01,-2.560583353042602539e-01,-1.835719347000122070e-01,-6.802365928888320923e-02,-1.321698166429996490e-02,4.337748885154724121e-02
4.259999999999757314e+00,9.683694490650112119e-01,-6.568212610260392159e-01,-1.265704702875985133e+00,-5.619098620850380282e-02,-4.779922223220557931e-01,4.765870890797900827e-01,1.000000000000000000e+00,-1.271978020668029785e-01,-2.631494402885437012e-01,-1.943219602108001709e-01,-6.882483512163162231e-02,-1.730642654001712799e-02,4.614445567131042480e-02
4.279999999999763993e+00,9.764530182161608174e-01,-6.611809219706820118e-01,-1.342918114493373283e+00,-4.996038603934884609e-02,-4.839024739336308945e-01,4.791831724836046469e-01,1.000000000000000000e+00,-1.342152357101440430e-01,-2.690997123718261719e-01,-2.033705860376358032e-01,-7.184511423110961914e-02,-3.461431339383125305e-02,5.116615816950798035e-02
4.299999999999770672e+00,9.841690059941070601e-01,-6.650492649468302542e-01,-1.435382089700596220e+00,-3.590532097679442064e-02,-4.864433899949646145e-01,4.850394495930023253e-01,1.000000000000000000e+00,-1.446229666471481323e-01,-2.700195014476776123e-01,-2.118755280971527100e-01,-9.323287755250930786e-02,-5.514166876673698425e-02,5.359433591365814209e-02
4.319999999999777351e+00,9.908367324201996507e-01,-6.688494303906098448e-01,-1.533531636291747491e+00,-1.868166759982496997e-02,-4.869721533314612660e-01,4.922159718334062628e-01,1.000000000000000000e+00,-1.727533638477325439e-01,-2.766042053699493408e-01,-2.286549061536788940e-01,-1.300096660852432251e-01,-7.565020769834518433e-02,5.066198483109474182e-02
4.339999999999784031e+00,9.963267819950698545e-01,-6.726941522723957068e-01,-1.636703877041971955e+00,-2.278473433913141572e-03,-4.849256793936164711e-01,5.009493639307971424e-01,1.000000000000000000e+00,-1.944896578788757324e-01,-2.894968986511230469e-01,-2.445431947708129883e-01,-1.606490612030029297e-01,-9.424821287393569946e-02,4.897013679146766663e-02
4.359999999999790710e+00,1.000304118805729781e+00,-6.764725947299292663e-01,-1.740162639388561194e+00,-2.895983148856053763e-02,-4.792811813660250442e-01,5.120665964535668913e-01,1.000000000000000000e+00,-1.961194276809692383e-01,-2.976308166980743408e-01,-2.511151134967803955e-01,-1.726437062025070190e-01,-1.013177931308746338e-01,5.059034004807472229e-02
4.379999999999797389e+00,1.002475479897425803e+00,-6.801248374683721565e-01,-1.833992836164929141e+00,-5.680995517561253372e-02,-4.717880147651218325e-01,5.236708146565052235e-01,1.000000000000000000e+00,-1.867593675851821899e-01,-2.975495457649230957e-01,-2.494416832923889160e-01,-1.673428863286972046e-01,-9.416333585977554321e-02,4.963329061865806580e-02
4.399999999999804068e+00,1.003139953407458318e+00,-6.836637054225258581e-01,-1.913410584500243372e+00,-7.338061962072410516e-02,-4.672279803858784830e-01,5.305752581753017116e-01,1.000000000000000000e+00,-1.832067072391510010e-01,-2.943888306617736816e-01,-2.452540546655654907e-01,-1.578581929206848145e-01,-8.079832792282104492e-02,4.472609609365463257e-02
4.419999999999810747e+00,1.003099183125341964e+00,-6.869096228878237564e-01,-1.985150585711608739e+00,-7.388789052933457391e-02,-4.675713109007293422e-01,5.307866210538894070e-01,1.000000000000000000e+00,-1.926014721393585205e-01,-2.922127246856689453e-01,-2.450976222753524780e-01,-1.592324227094650269e-01,-7.348072528839111328e-02,3.930429369211196899e-02
4.439999999999817426e+00,1.003082351622489821e+00,-6.896932253330804174e-01,-2.062052682084135391e+00,-6.402563884368506208e-02,-4.714464466370640316e-01,5.266773495182021092e-01,1.000000000000000000e+00,-2.078770846128463745e-01,-2.934579849243164062e-01,-2.538542151451110840e-01,-1.751211434602737427e-01,-8.126351237297058105e-02,3.628210350871086121e-02
4.459999999999824105e+00,1.003116519037664967e+00,-6.918613396823050099e-01,-2.152521940145847523e+00,-5.761470827818610668e-02,-4.740787437939080196e-01,5.240061284492442129e-01,1.000000000000000000e+00,-2.176871895790100098e-01,-2.964656054973602295e-01,-2.657323777675628662e-01,-1.963857114315032959e-01,-9.860555082559585571e-02,3.620965033769607544e-02
4.479999999999830784e+00,1.002406214329178979e+00,-6.934680215914820200e-01,-2.252556857569467219e+00,-6.223709874670326631e-02,-4.722463010041058062e-01,5.259321244777930282e-01,1.000000000000000000e+00,-2.146103829145431519e-01,-2.925954163074493408e-01,-2.680891156196594238e-01,-2.055913805961608887e-01,-1.112221404910087585e-01,3.642269968986511230e-02
4.499999999999837463e+00,1.000307205484822104e+00,-6.948184025081589610e-01,-2.351103711827267073e+00,-6.711918553807628973e-02,-4.693064417896213869e-01,5.279663273075317909e-01,1.000000000000000000e+00,-2.137369662523269653e-01,-2.870527207851409912e-01,-2.686126530170440674e-01,-2.088468670845031738e-01,-1.153563410043716431e-01,3.269039839506149292e-02
4.519999999999844142e+00,9.969597050409708672e-01,-6.961008024223438451e-01,-2.442441331752443823e+00,-6.475041927652762375e-02,-4.678259540782674919e-01,5.269793413652198444e-01,1.000000000000000000e+00,-2.221642732620239258e-01,-2.842185795307159424e-01,-2.719411551952362061e-01,-2.179962694644927979e-01,-1.163993477821350098e-01,2.885774523019790649e-02
4.539999999999850822e+00,9.928460077199988687e-01,-6.973671298327193124e-01,-2.527368290582221011e+00,-5.670269066871771318e-02,-4.676089472936961755e-01,5.236261211119657144e-01,1.000000000000000000e+00,-2.335446327924728394e-01,-2.826535701751708984e-01,-2.752287983894348145e-01,-2.300982475280761719e-01,-1.178701445460319519e-01,2.672362700104713440e-02
4.559999999999857501e+00,9.882304532780250561e-01,-6.985916407782062354e-01,-2.607387870447549716e+00,-4.651890041252047109e-02,-4.677413610433090452e-01,5.193828751718835290e-01,1.000000000000000000e+00,-2.428855001926422119e-01,-2.808792889118194580e-01,-2.776605784893035889e-01,-2.395942509174346924e-01,-1.198974251747131348e-01,2.431908808648586273e-02
4.579999999999864180e+00,9.831031167205903643e-01,-6.997495488786803497e-01,-2.682178910565664154e+00,-3.581379041663135254e-02,-4.677211212578923361e-01,5.149224126735963969e-01,1.000000000000000000e+00,-2.506723105907440186e-01,-2.773253619670867920e-01,-2.794089913368225098e-01,-2.465992122888565063e-01,-1.217052340507507324e-01,2.004926837980747223e-02
4.599999999999870859e+00,9.773729597858302753e-01,-7.008866712829078249e-01,-2.749935296220305858e+00,-2.409313456203108009e-02,-4.676676916932439587e-01,5.100388060675129509e-01,1.000000000000000000e+00,-2.582601904869079590e-01,-2.705678641796112061e-01,-2.796944677829742432e-01,-2.526872158050537109e-01,-1.225926056504249573e-01,1.336126588284969330e-02
4.619999999999877538e+00,9.709955772882372660e-01,-7.020863097350161786e-01,-2.808362902913394521e+00,-9.977752761242086182e-03,-4.680373935013770192e-01,5.041573969838508695e-01,1.000000000000000000e+00,-2.665406167507171631e-01,-2.596349418163299561e-01,-2.774651646614074707e-01,-2.586014866828918457e-01,-1.218722090125083923e-01,3.862196579575538635e-03
4.639999999999884217e+00,9.640114937659337579e-01,-7.034189412935611951e-01,-2.855588327761266143e+00,-7.813322707202053144e-03,-4.693256741375542718e-01,4.967444488719991447e-01,1.000000000000000000e+00,-2.761747837066650391e-01,-2.441786974668502808e-01,-2.721965312957763672e-01,-2.642295956611633301e-01,-1.193337365984916687e-01,-9.205393493175506592e-03
4.659999999999890896e+00,9.565119875043223141e-01,-7.050034397181665913e-01,-2.890253131995105029e+00,-2.949792141416942431e-02,-4.717334229394165579e-01,4.877091994107627393e-01,1.000000000000000000e+00,-2.861240506172180176e-01,-2.242732048034667969e-01,-2.633553743362426758e-01,-2.683365345001220703e-01,-1.150205284357070923e-01,-2.607170492410659790e-02
4.679999999999897575e+00,9.485252153455803192e-01,-7.070003563713080919e-01,-2.911093084734174496e+00,-5.388325131547131580e-02,-4.749419361591711852e-01,4.775486452852202857e-01,1.000000000000000000e+00,-2.941884696483612061e-01,-2.001895010471343994e-01,-2.497368007898330688e-01,-2.692664861679077148e-01,-1.084662973880767822e-01,-4.582650214433670044e-02
4.699999999999904254e+00,9.399608123349514344e-01,-7.095148048865762558e-01,-2.917038680493884595e+00,-7.937385382043235516e-02,-4.784423305044567809e-01,4.669275609081531830e-01,1.000000000000000000e+00,-2.994054853916168213e-01,-1.740558296442031860e-01,-2.319674044847488403e-01,-2.668790817260742188e-01,-9.963838756084442139e-02,-6.621463596820831299e-02
4.719999999999910933e+00,9.308902165354812075e-01,-7.124066652856049231e-01,-2.908354253349832774e+00,-1.044491225397181228e-01,-4.818216305505954589e-01,4.564795322751174500e-01,1.000000000000000000e+00,-3.022000193595886230e-01,-1.510781645774841309e-01,-2.152771651744842529e-01,-2.636261582374572754e-01,-9.037516266107559204e-02,-8.347462117671966553e-02
4.739999999999917613e+00,9.216491690882305798e-01,-7.154009199770936522e-01,-2.887466771617328121e+00,-1.276190149175275290e-01,-4.846753244026231200e-01,4.468254104510301916e-01,1.000000000000000000e+00,-3.034355342388153076e-01,-1.345915496349334717e-01,-2.032484561204910278e-01,-2.604076862335205078e-01,-8.217710256576538086e-02,-9.619480371475219727e-02
4.759999999999924292e+00,9.126173608364129830e-01,-7.182134914566025152e-01,-2.858772830503822249e+00,-1.476787808294221516e-01,-4.866694045683321868e-01,4.384671746544074322e-01,1.000000000000000000e+00,-3.041224777698516846e-01,-1.259075552225112915e-01,-1.965086013078689575e-01,-2.575528621673583984e-01,-7.626221328973770142e-02,-1.039451360702514648e-01
4.779999999999930971e+00,9.041270839146988703e-01,-7.206853783597659824e-01,-2.826870627745648346e+00,-1.634776931591393756e-01,-4.874445651786644129e-01,4.318842945170252579e-01,1.000000000000000000e+00,-3.054682016372680664e-01,-1.246933713555335999e-01,-1.947563588619232178e-01,-2.558947801589965820e-01,-7.318565249443054199e-02,-1.072074472904205322e-01
4.799999999999937650e+00,8.963521785589610991e-01,-7.228262411821095856e-01,-2.794871109848864332e+00,-1.742213931542127836e-01,-4.867051494294930558e-01,4.274077528524113379e-01,1.000000000000000000e+00,-3.078739941120147705e-01,-1.287532895803451538e-01,-1.967580467462539673e-01,-2.556369602680206299e-01,-7.266946136951446533e-02,-1.073915362358093262e-01
4.819999999999944329e+00,8.892324952051455789e-01,-7.247881173518129216e-01,-2.763320335708860487e+00,-1.799566408703270615e-01,-4.843868421204153840e-01,4.250180663040303841e-01,1.000000000000000000e+00,-3.109179437160491943e-01,-1.344488859176635742e-01,-2.000387310981750488e-01,-2.561932802200317383e-01,-7.347872853279113770e-02,-1.065365895628929138e-01
4.839999999999951008e+00,8.824820242190400954e-01,-7.267986043017540254e-01,-2.729924299456449877e+00,-1.822467866826929239e-01,-4.809878071872016325e-01,4.240638388822112748e-01,1.000000000000000000e+00,-3.135685026645660400e-01,-1.373826414346694946e-01,-2.011546939611434937e-01,-2.563291788101196289e-01,-7.373163104057312012e-02,-1.067984029650688171e-01
4.859999999999957687e+00,8.756590971986299987e-01,-7.290962905787650161e-01,-2.690014999968821208e+00,-1.837094481696013581e-01,-4.773919527316113909e-01,4.234543965959994272e-01,1.000000000000000000e+00,-3.136996328830718994e-01,-1.329620033502578735e-01,-1.962548494338989258e-01,-2.539996504783630371e-01,-7.135942578315734863e-02,-1.096996366977691650e-01
4.879999999999964366e+00,8.682443433372593056e-01,-7.319090659748122007e-01,-2.637262438122220942e+00,-1.872036374439925710e-01,-4.744844616880545818e-01,4.219984843983364264e-01,1.000000000000000000e+00,-3.070641160011291504e-01,-1.170476526021957397e-01,-1.814388632774353027e-01,-2.456354200839996338e-01,-6.435851752758026123e-02,-1.151128336787223816e-01
4.899999999999971045e+00,8.597839722762793402e-01,-7.354600254113701219e-01,-2.564022381152006425e+00,-1.959679238898385523e-01,-4.733705304580144158e-01,4.183466983792339389e-01,1.000000000000000000e+00,-2.888654172420501709e-01,-8.810693770647048950e-02,-1.542524397373199463e-01,-2.262258082628250122e-01,-5.041985213756561279e-02,-1.212341561913490295e-01
4.919999999999977724e+00,8.502662772544592462e-01,-7.399547568470690173e-01,-2.464062038459893689e+00,-2.116376960937871310e-01,-4.749380126594862084e-01,4.118176266275886954e-01,1.000000000000000000e+00,-2.601742148399353027e-01,-5.403515696525573730e-02,-1.189774051308631897e-01,-1.941185593605041504e-01,-2.898696064949035645e-02,-1.244793385267257690e-01
4.939999999999984404e+00,8.406535316579172301e-01,-7.455008867886540047e-01,-2.340483338315890283e+00,-2.301127155116242662e-01,-4.784673925586338528e-01,4.041197018701565558e-01,1.000000000000000000e+00,-2.333598285913467407e-01,-3.271438181400299072e-02,-8.998677134513854980e-02,-1.595635265111923218e-01,-7.865792140364646912e-03,-1.224999427795410156e-01
4.959999999999991083e+00,8.325868497188960715e-01,-7.520666468911352265e-01,-2.210588994000941110e+00,-2.425268625602926276e-01,-4.814879675097050171e-01,3.989471405998780695e-01,1.000000000000000000e+00,-2.199853658676147461e-01,-2.861025370657444000e-02,-7.620560377836227417e-02,-1.364185065031051636e-01,4.162474535405635834e-03,-1.185704693198204041e-01
4.979999999999997762e+00,8.271769644840617497e-01,-7.595385127738691899e-01,-2.097777507982443446e+00,-2.443275763005521295e-01,-4.827123472328092579e-01,3.981968432081032794e-01,1.000000000000000000e+00,-2.201340645551681519e-01,-3.585494682192802429e-02,-7.581233233213424683e-02,-1.294183433055877686e-01,6.417134311050176620e-03,-1.147330701351165771e-01
5.000000000000004441e+00,8.244404163575510536e-01,-7.678122198087526940e-01,-2.019229996224468859e+00,-2.371308989751948759e-01,-4.827173642867820802e-01,4.011954587603354661e-01,1.000000000000000000e+00,-2.309579700231552124e-01,-5.725463107228279114e-02,-8.769886195659637451e-02,-1.345994025468826294e-01,-3.024759644176810980e-04,-1.066901534795761108e-01
5.020000000000011120e+00,8.239361285395815360e-01,-7.768302801278395009e-01,-1.985399429295541029e+00,-2.239534237024462526e-01,-4.824545124828757969e-01,4.066860734573140568e-01,1.000000000000000000e+00,-2.538850307464599609e-01,-1.179363280534744263e-01,-1.280728131532669067e-01,-1.496201455593109131e-01,-2.220864221453666687e-02,-8.206073194742202759e-02
5.040000000000017799e+00,8.251816265749821744e-01,-7.858117512373721247e-01,-1.997834922931921664e+00,-2.049579020488432601e-01,-4.810012963807080433e-01,4.146008741463153013e-01,1.000000000000000000e+00,-2.573382556438446045e-01,-2.441602945327758789e-01,-2.175274938344955444e-01,-1.588425338268280029e-01,-6.149515509605407715e-02,-1.942066662013530731e-02
5.060000000000024478e+00,8.266957077704059076e-01,-7.931511931047829922e-01,-2.029915723392649252e+00,-1.844482113536704271e-01,-4.781203153627178737e-01,4.231465786026373244e-01,1.000000000000000000e+00,-1.995036005973815918e-01,-2.940236330032348633e-01,-2.378791719675064087e-01,-1.340022236108779907e-01,-6.815157830715179443e-02,2.848676405847072601e-02
5.080000000000031157e+00,8.265436083812860435e-01,-7.987094938230441254e-01,-2.035827468952058350e+00,-1.678081370783319759e-01,-4.746987603681692702e-01,4.300799428840283434e-01,1.000000000000000000e+00,-1.776300519704818726e-01,-2.771218717098236084e-01,-2.169460803270339966e-01,-1.066597029566764832e-01,-3.783220797777175903e-02,2.103371545672416687e-02
5.100000000000037836e+00,8.247034759310812868e-01,-8.034140295130408616e-01,-1.993443981093993900e+00,-1.545008631506076813e-01,-4.709365544807609383e-01,4.356246403539134615e-01,1.000000000000000000e+00,-1.817402690649032593e-01,-1.927583068609237671e-01,-1.444201171398162842e-01,-8.232676237821578979e-02,-1.388370175845921040e-03,-2.077905833721160889e-02
5.120000000000044516e+00,8.234061135217070060e-01,-8.079224411369514414e-01,-1.920442721118113427e+00,-1.450611234741775724e-01,-4.691148669828785756e-01,4.395578652190926805e-01,1.000000000000000000e+00,-2.077602893114089966e-01,-9.691900014877319336e-02,-7.838864624500274658e-02,-9.617436677217483521e-02,-6.285053212195634842e-03,-4.854173958301544189e-02
5.140000000000051195e+00,8.239236360231276812e-01,-8.120310757038124994e-01,-1.837732155455916949e+00,-1.398115550702474785e-01,-4.701049768099931359e-01,4.417451853873968770e-01,1.000000000000000000e+00,-2.194623202085494995e-01,-7.634499669075012207e-02,-8.327357470989227295e-02,-1.057744324207305908e-01,-1.871534436941146851e-02,-7.300113141536712646e-02
5.160000000000057874e+00,8.259852965467957553e-01,-8.153430341559637640e-01,-1.752405427463201715e+00,-1.377826857985393061e-01,-4.731372748156250641e-01,4.425905475839419512e-01,1.000000000000000000e+00,-2.175617665052413940e-01,-6.376929581165313721e-02,-8.421875536441802979e-02,-1.002707853913307190e-01,-2.048131078481674194e-02,-8.844604343175888062e-02
5.180000000000064553e+00,8.293165312063961458e-01,-8.192441946014359377e-01,-1.687203649741488398e+00,-1.369544091463307522e-01,-4.783074444518959911e-01,4.429356628556955222e-01,1.000000000000000000e+00,-2.164838612079620361e-01,-7.482627779245376587e-02,-9.147883206605911255e-02,-9.735395759344100952e-02,-1.652176305651664734e-02,-8.833325654268264771e-02
5.200000000000071232e+00,8.336103258762659340e-01,-8.253984750923519798e-01,-1.663039051588873107e+00,-1.317289911881368292e-01,-4.840571312113693403e-01,4.451129203382763189e-01,1.000000000000000000e+00,-2.073178887367248535e-01,-1.653603464365005493e-01,-1.345341056585311890e-01,-8.718800544738769531e-02,-1.869871653616428375e-02,-3.898147121071815491e-02
5.220000000000077911e+00,8.378303762470185045e-01,-8.330998862001511851e-01,-1.672074972388375436e+00,-1.214656349563982274e-01,-4.885548888909279630e-01,4.493893187681674006e-01,1.000000000000000000e+00,-1.511005610227584839e-01,-2.545823752880096436e-01,-1.860916614532470703e-01,-7.428523153066635132e-02,-1.863442361354827881e-02,3.023249655961990356e-02
5.240000000000084590e+00,8.417763930833950248e-01,-8.410961912281700315e-01,-1.703596404710819412e+00,-1.065384207499031621e-01,-4.906996281972504370e-01,4.556089913542070158e-01,1.000000000000000000e+00,-1.331370919942855835e-01,-2.615306079387664795e-01,-1.902330815792083740e-01,-7.482340931892395020e-02,-1.847760565578937531e-02,4.315885528922080994e-02
5.260000000000091269e+00,8.462318277159575075e-01,-8.488561728716754740e-01,-1.757342854165228507e+00,-8.914586100768055743e-02,-4.916976670327662946e-01,4.628558912467997666e-01,1.000000000000000000e+00,-1.374673545360565186e-01,-2.671728730201721191e-01,-2.006438225507736206e-01,-7.555235177278518677e-02,-2.161681093275547028e-02,4.374747723340988159e-02
5.280000000000097948e+00,8.513724288371783411e-01,-8.561894503048421701e-01,-1.834016090433390422e+00,-6.339978341296963193e-02,-4.891965485270718950e-01,4.735834235779293189e-01,1.000000000000000000e+00,-1.417789906263351440e-01,-2.697643935680389404e-01,-2.065563201904296875e-01,-7.794754952192306519e-02,-3.822813183069229126e-02,4.902140051126480103e-02
5.300000000000104627e+00,8.562884234672838435e-01,-8.628771327681460379e-01,-1.922471862343533511e+00,-3.251363773849664379e-02,-4.842438152265813311e-01,4.864526509422930634e-01,1.000000000000000000e+00,-1.517746001482009888e-01,-2.696313858032226562e-01,-2.149766385555267334e-01,-9.996278584003448486e-02,-5.707989633083343506e-02,5.124778673052787781e-02
5.320000000000111307e+00,8.603684463787157899e-01,-8.690873103573962810e-01,-2.016420286672801154e+00,-7.673959442626987308e-03,-4.810603907659505851e-01,4.968025168989054219e-01,1.000000000000000000e+00,-1.814403533935546875e-01,-2.784678339958190918e-01,-2.335445433855056763e-01,-1.371769011020660400e-01,-7.740587741136550903e-02,4.789839312434196472e-02
5.340000000000117986e+00,8.635538073019188854e-01,-8.748710565289183894e-01,-2.117814106928356033e+00,-7.775689160703613302e-03,-4.806382667620425764e-01,5.032398704836265058e-01,1.000000000000000000e+00,-2.029616087675094604e-01,-2.925066351890563965e-01,-2.500553429126739502e-01,-1.678881347179412842e-01,-9.593575447797775269e-02,4.602771997451782227e-02
5.360000000000124665e+00,8.654672534512927173e-01,-8.799181876540963509e-01,-2.220396072746065208e+00,-2.191801697690998196e-02,-4.793877641083462704e-01,5.091325070737124925e-01,1.000000000000000000e+00,-2.001429498195648193e-01,-2.976283133029937744e-01,-2.533444464206695557e-01,-1.769194304943084717e-01,-1.014656871557235718e-01,4.815328493714332581e-02
5.380000000000131344e+00,8.657878810497803279e-01,-8.840353668797107378e-01,-2.312334201506876408e+00,-3.498092304727355717e-02,-4.770637084859612465e-01,5.145753846030306500e-01,1.000000000000000000e+00,-1.899918168783187866e-01,-2.961407303810119629e-01,-2.506378293037414551e-01,-1.697952151298522949e-01,-9.317956864833831787e-02,4.679785296320915222e-02
5.400000000000138023e+00,8.648655180724896807e-01,-8.873946874648706018e-01,-2.389962139873433422e+00,-4.180906456596095860e-02,-4.758678321972119041e-01,5.174204435691504012e-01,1.000000000000000000e+00,-1.888723522424697876e-01,-2.934412956237792969e-01,-2.472285330295562744e-01,-1.613656878471374512e-01,-7.984180003404617310e-02,4.138561710715293884e-02
5.420000000000144702e+00,8.635347498309027259e-01,-8.902011483251309754e-01,-2.461216810834910174e+00,-4.327052119939373692e-02,-4.760117395818738717e-01,5.180293838330807255e-01,1.000000000000000000e+00,-1.987064629793167114e-01,-2.911861538887023926e-01,-2.472313195466995239e-01,-1.634515225887298584e-01,-7.386618852615356445e-02,3.637243062257766724e-02
5.440000000000151381e+00,8.624438287411959614e-01,-8.926220645500045903e-01,-2.538413158202178277e+00,-4.376349574748106264e-02,-4.764238006320731245e-01,5.182347898947837761e-01,1.000000000000000000e+00,-2.125977128744125366e-01,-2.920853197574615479e-01,-2.557991147041320801e-01,-1.791447103023529053e-01,-8.225842565298080444e-02,3.386813029646873474e-02
5.460000000000158060e+00,8.615942414489703438e-01,-8.945097942699568039e-01,-2.628629323403690599e+00,-4.728967242388648629e-02,-4.756051804392716909e-01,5.197040301766193693e-01,1.000000000000000000e+00,-2.200829982757568359e-01,-2.939809858798980713e-01,-2.663859426975250244e-01,-1.989041864871978760e-01,-9.840097278356552124e-02,3.425629809498786926e-02
5.480000000000164739e+00,8.602444831780726719e-01,-8.955740229778872408e-01,-2.727050652418483434e+00,-5.266772835463457564e-02,-4.734153652626922337e-01,5.219448868144310749e-01,1.000000000000000000e+00,-2.157075554132461548e-01,-2.893795073032379150e-01,-2.677107453346252441e-01,-2.066100537776947021e-01,-1.095736548304557800e-01,3.467120230197906494e-02
5.500000000000171418e+00,8.577816620394804747e-01,-8.958047141934830648e-01,-2.823460062428568396e+00,-5.417999819030283604e-02,-4.714959984102479740e-01,5.225749992459595150e-01,1.000000000000000000e+00,-2.153260409832000732e-01,-2.844807803630828857e-01,-2.685585618019104004e-01,-2.101990878582000732e-01,-1.133390441536903381e-01,3.116446547210216522e-02
5.520000000000178098e+00,8.543070564756933827e-01,-8.954178241176783404e-01,-2.913257354839811519e+00,-5.055846893823545685e-02,-4.703937594306579206e-01,5.210660287242647737e-01,1.000000000000000000e+00,-2.235166132450103760e-01,-2.816487848758697510e-01,-2.715235352516174316e-01,-2.195286154747009277e-01,-1.144240871071815491e-01,2.772520668804645538e-02
5.540000000000184777e+00,8.501987315044697846e-01,-8.946605059820046391e-01,-2.997316261183842645e+00,-4.374776603892031879e-02,-4.697935994014927896e-01,5.182282358495501340e-01,1.000000000000000000e+00,-2.341694086790084839e-01,-2.796459496021270752e-01,-2.742265462875366211e-01,-2.309519052505493164e-01,-1.159840449690818787e-01,2.558961510658264160e-02
5.560000000000191456e+00,8.456592549640894463e-01,-8.936308784704017905e-01,-3.076842627708835209e+00,-3.519824873181524871e-02,-4.694158020899138473e-01,5.146659369715896881e-01,1.000000000000000000e+00,-2.430606931447982788e-01,-2.774534523487091064e-01,-2.762832939624786377e-01,-2.398597896099090576e-01,-1.181144341826438904e-01,2.305621467530727386e-02
5.580000000000198135e+00,8.406736423532717994e-01,-8.923012761402489001e-01,-3.151317438427122752e+00,-2.514594407038073243e-02,-4.691770711277324923e-01,5.104774766959919718e-01,1.000000000000000000e+00,-2.506220042705535889e-01,-2.738231718540191650e-01,-2.778428196907043457e-01,-2.465790063142776489e-01,-1.200133264064788818e-01,1.884993351995944977e-02
5.600000000000204814e+00,8.351484828930871851e-01,-8.906652586900850599e-01,-3.218979845875984402e+00,-1.302721599204765754e-02,-4.692212720755410960e-01,5.054280066633531909e-01,1.000000000000000000e+00,-2.581126391887664795e-01,-2.675545513629913330e-01,-2.782135903835296631e-01,-2.525028884410858154e-01,-1.209270954132080078e-01,1.240843348205089569e-02
5.620000000000211493e+00,8.290233254961356657e-01,-8.887764180198342023e-01,-3.277672143685296025e+00,-1.517493647793655056e-03,-4.696752423098746743e-01,4.993677109800859770e-01,1.000000000000000000e+00,-2.662238776683807373e-01,-2.577342391014099121e-01,-2.763184607028961182e-01,-2.581560015678405762e-01,-1.202268600463867188e-01,3.440354252234101295e-03
5.640000000000218172e+00,8.223135723666679109e-01,-8.867150882121197508e-01,-3.325609742634067612e+00,-1.840286145978562229e-02,-4.705773142936516273e-01,4.923321410584226565e-01,1.000000000000000000e+00,-2.754754722118377686e-01,-2.439899444580078125e-01,-2.716177105903625488e-01,-2.633423805236816406e-01,-1.177521944046020508e-01,-8.698905818164348602e-03
5.660000000000224851e+00,8.150561387603432184e-01,-8.846237947248346556e-01,-3.361467818055059897e+00,-3.734724018379238092e-02,-4.719553126641249929e-01,4.844386499234198395e-01,1.000000000000000000e+00,-2.852686047554016113e-01,-2.261050194501876831e-01,-2.637059986591339111e-01,-2.672220170497894287e-01,-1.135079562664031982e-01,-2.453202567994594574e-02
5.680000000000231530e+00,8.072121220689849608e-01,-8.826624104174531915e-01,-3.383970655664334970e+00,-5.792251330780109203e-02,-4.737628216132146464e-01,4.758656194550828777e-01,1.000000000000000000e+00,-2.936150133609771729e-01,-2.036029994487762451e-01,-2.513737678527832031e-01,-2.685317695140838623e-01,-1.071429848670959473e-01,-4.349386319518089294e-02
5.700000000000238209e+00,7.986378706513639347e-01,-8.809021374430221485e-01,-3.391833531665453982e+00,-7.923834532980507384e-02,-4.756889226500511381e-01,4.669840227792478871e-01,1.000000000000000000e+00,-2.989947497844696045e-01,-1.782917976379394531e-01,-2.348399609327316284e-01,-2.668203711509704590e-01,-9.884890913963317871e-02,-6.307408958673477173e-02
5.720000000000244889e+00,7.893906595559732065e-01,-8.792491712720240660e-01,-3.385046343414412906e+00,-1.003514868632860296e-01,-4.774601194564349615e-01,4.581868804736308198e-01,1.000000000000000000e+00,-3.018222749233245850e-01,-1.557699143886566162e-01,-2.188380807638168335e-01,-2.639909088611602783e-01,-9.022189676761627197e-02,-7.967200130224227905e-02
5.740000000000251568e+00,7.798810187397200444e-01,-8.776163620488380834e-01,-3.365787043515929167e+00,-1.203244539098715093e-01,-4.788873777691403655e-01,4.498648108708868665e-01,1.000000000000000000e+00,-3.033541440963745117e-01,-1.396818161010742188e-01,-2.071516513824462891e-01,-2.609301507472991943e-01,-8.242467790842056274e-02,-9.223273396492004395e-02
5.760000000000258247e+00,7.705885813539943285e-01,-8.759389479324369843e-01,-3.338364396488923802e+00,-1.387031546953370054e-01,-4.799757834967928183e-01,4.422070188769429144e-01,1.000000000000000000e+00,-3.045364022254943848e-01,-1.311769336462020874e-01,-2.005635648965835571e-01,-2.580842971801757812e-01,-7.666624337434768677e-02,-1.002099141478538513e-01
5.780000000000264926e+00,7.618891947537737019e-01,-8.742266705490572276e-01,-3.307341598585709530e+00,-1.549174228789111929e-01,-4.806513181975867743e-01,4.354510738004536696e-01,1.000000000000000000e+00,-3.061454892158508301e-01,-1.296382844448089600e-01,-1.986244320869445801e-01,-2.564092576503753662e-01,-7.362780719995498657e-02,-1.037381291389465332e-01
5.800000000000271605e+00,7.539304785228979622e-01,-8.725555073968584985e-01,-3.275693345280343394e+00,-1.683353382063381976e-01,-4.807295645228916725e-01,4.298602757473590774e-01,1.000000000000000000e+00,-3.084503710269927979e-01,-1.328040063381195068e-01,-2.000405192375183105e-01,-2.560353577136993408e-01,-7.297325134277343750e-02,-1.043029427528381348e-01
5.820000000000278284e+00,7.465868475374923818e-01,-8.710207567589062227e-01,-3.243804542233218680e+00,-1.787546634514672050e-01,-4.800810185449476686e-01,4.255188902285553243e-01,1.000000000000000000e+00,-3.111166656017303467e-01,-1.372583061456680298e-01,-2.024364173412322998e-01,-2.563298642635345459e-01,-7.346053421497344971e-02,-1.039465963840484619e-01
5.840000000000284963e+00,7.395065021890090406e-01,-8.696914418565040439e-01,-3.209366444608791724e+00,-1.867728325776479015e-01,-4.788015257633500554e-01,4.221779864259800341e-01,1.000000000000000000e+00,-3.132190108299255371e-01,-1.388750672340393066e-01,-2.025436311960220337e-01,-2.561129331588745117e-01,-7.329609245061874390e-02,-1.046745032072067261e-01
5.860000000000291642e+00,7.322044702713866871e-01,-8.685871732779784082e-01,-3.167933189817215389e+00,-1.936488014940153379e-01,-4.771908332137084763e-01,4.193129993774936115e-01,1.000000000000000000e+00,-3.126997351646423340e-01,-1.333894133567810059e-01,-1.967535614967346191e-01,-2.533311843872070312e-01,-7.055073976516723633e-02,-1.078194603323936462e-01
5.880000000000298321e+00,7.241431349439487741e-01,-8.676888966197295883e-01,-3.113541271191750504e+00,-2.009544047040923154e-01,-4.756377122310180283e-01,4.162689980399615353e-01,1.000000000000000000e+00,-3.055194616317749023e-01,-1.170199811458587646e-01,-1.814511418342590332e-01,-2.443083971738815308e-01,-6.330132484436035156e-02,-1.132297068834304810e-01
5.900000000000305000e+00,7.148592412566645571e-01,-8.670072162498790869e-01,-3.039065397312754158e+00,-2.105545169980288789e-01,-4.747480723656831714e-01,4.122689512508213028e-01,1.000000000000000000e+00,-2.874405980110168457e-01,-8.861804753541946411e-02,-1.545269042253494263e-01,-2.242624908685684204e-01,-4.928409308195114136e-02,-1.192335709929466248e-01
5.920000000000311680e+00,7.042975004814032713e-01,-8.667279934958210807e-01,-2.939017633324434886e+00,-2.238721212876141620e-01,-4.753511124365873419e-01,4.067199494634941015e-01,1.000000000000000000e+00,-2.599904537200927734e-01,-5.606590211391448975e-02,-1.203217804431915283e-01,-1.927488446235656738e-01,-2.826903574168682098e-02,-1.222680285573005676e-01
5.940000000000318359e+00,6.932659451580006627e-01,-8.673494467971105681e-01,-2.816813323745832154e+00,-2.383805267618031021e-01,-4.772780868233356122e-01,4.006747805159153741e-01,1.000000000000000000e+00,-2.344338148832321167e-01,-3.499146550893783569e-02,-9.201841801404953003e-02,-1.602142304182052612e-01,-8.059179410338401794e-03,-1.205610781908035278e-01
5.960000000000325038e+00,6.831618634625742370e-01,-8.695167133490753208e-01,-2.688772540390891308e+00,-2.475171965171520383e-01,-4.788969422561485945e-01,3.968678347845199794e-01,1.000000000000000000e+00,-2.209076285362243652e-01,-2.931836992502212524e-02,-7.776539027690887451e-02,-1.383752524852752686e-01,3.325537312775850296e-03,-1.170240193605422974e-01
5.980000000000331717e+00,6.749655574005870573e-01,-8.736045871200962543e-01,-2.576933914946271109e+00,-2.474173611368387371e-01,-4.792246515604909329e-01,3.969094328596505239e-01,1.000000000000000000e+00,-2.205023616552352905e-01,-3.553628921508789062e-02,-7.699145376682281494e-02,-1.319174617528915405e-01,5.255721975117921829e-03,-1.133468225598335266e-01
6.000000000000338396e+00,6.687512732848003294e-01,-8.795678625493369429e-01,-2.498192587386006469e+00,-2.389834062237885526e-01,-4.786097644235610682e-01,4.004235807400881031e-01,1.000000000000000000e+00,-2.312654256820678711e-01,-5.642562359571456909e-02,-8.917615562677383423e-02,-1.377221047878265381e-01,-1.937545021064579487e-03,-1.057816073298454285e-01
6.020000000000345075e+00,6.641718484199896633e-01,-8.872133373036524828e-01,-2.463448265894005118e+00,-2.239988172003075095e-01,-4.775113093444324774e-01,4.066671594998718664e-01,1.000000000000000000e+00,-2.543178498744964600e-01,-1.159559786319732666e-01,-1.295301616191864014e-01,-1.530146151781082153e-01,-2.445234730839729309e-02,-8.222151547670364380e-02
6.040000000000351754e+00,6.611257961635151892e-01,-8.956568872016966720e-01,-2.474163906094450471e+00,-2.030184101259815688e-01,-4.752766968107185463e-01,4.154089957808410061e-01,1.000000000000000000e+00,-2.561116516590118408e-01,-2.387365698814392090e-01,-2.148984372615814209e-01,-1.610314100980758667e-01,-6.242838874459266663e-02,-2.003630250692367554e-02
6.060000000000358433e+00,6.590136338672099026e-01,-9.028364518106345438e-01,-2.503995985953697101e+00,-1.834678416208317675e-01,-4.730671607232529441e-01,4.235550659913200899e-01,1.000000000000000000e+00,-1.990813910961151123e-01,-2.901116013526916504e-01,-2.360920459032058716e-01,-1.353369355201721191e-01,-6.775012612342834473e-02,2.808971516788005829e-02
6.080000000000365112e+00,6.562222528738734795e-01,-9.077235223012666276e-01,-2.507516987060293356e+00,-1.687842545141004236e-01,-4.706395673729764639e-01,4.296732272857914925e-01,1.000000000000000000e+00,-1.766296923160552979e-01,-2.723772227764129639e-01,-2.138560265302658081e-01,-1.056146696209907532e-01,-3.680390864610671997e-02,1.963829249143600464e-02
6.100000000000371791e+00,6.523633478415111764e-01,-9.110721928190167462e-01,-2.462304440584197174e+00,-1.569074928011804648e-01,-4.675394044626542400e-01,4.346218779995081327e-01,1.000000000000000000e+00,-1.774010062217712402e-01,-1.861688941717147827e-01,-1.389637291431427002e-01,-7.901410758495330811e-02,-5.434453487396240234e-04,-2.154355123639106750e-02
6.120000000000378471e+00,6.491658819481643805e-01,-9.145326483561145858e-01,-2.387073186704395056e+00,-1.483744216861204168e-01,-4.661764465614471886e-01,4.381773242974498217e-01,1.000000000000000000e+00,-2.069095075130462646e-01,-9.502903372049331665e-02,-7.857923954725265503e-02,-9.734845906496047974e-02,-6.772154476493597031e-03,-4.887122288346290588e-02
6.140000000000385150e+00,6.478448864439547705e-01,-9.185579155806741225e-01,-2.304311369658484043e+00,-1.435497356833779214e-01,-4.675171824690492750e-01,4.401876101319258661e-01,1.000000000000000000e+00,-2.214476019144058228e-01,-7.956650108098983765e-02,-8.775369822978973389e-02,-1.086815670132637024e-01,-2.001069858670234680e-02,-7.321778684854507446e-02
6.160000000000391829e+00,6.482394041490519010e-01,-9.226630191151440341e-01,-2.221626975927713854e+00,-1.429558624726878779e-01,-4.714255127329367578e-01,4.404350573030467175e-01,1.000000000000000000e+00,-2.187835425138473511e-01,-6.645653396844863892e-02,-8.657873421907424927e-02,-1.029739007353782654e-01,-2.220656163990497589e-02,-8.763812482357025146e-02
6.180000000000398508e+00,6.493909454676162207e-01,-9.279845256672843989e-01,-2.161715004596264311e+00,-1.432549723006624198e-01,-4.774641248850612918e-01,4.403104282080573251e-01,1.000000000000000000e+00,-2.192682921886444092e-01,-8.161368966102600098e-02,-9.627601504325866699e-02,-1.013304889202117920e-01,-1.931865327060222626e-02,-8.584330976009368896e-02
6.200000000000405187e+00,6.502725110266476261e-01,-9.356997029614738670e-01,-2.143656858104658891e+00,-1.378152390453322995e-01,-4.834425508219154510e-01,4.425769837311115396e-01,1.000000000000000000e+00,-2.099143564701080322e-01,-1.813837438821792603e-01,-1.475197970867156982e-01,-9.394435584545135498e-02,-2.464216202497482300e-02,-2.935876883566379547e-02
6.220000000000411866e+00,6.503707432893893747e-01,-9.445432904069944735e-01,-2.157847154789389155e+00,-1.264011286431607206e-01,-4.875212225477942307e-01,4.473328630653496951e-01,1.000000000000000000e+00,-1.540869921445846558e-01,-2.611193060874938965e-01,-1.930551379919052124e-01,-7.995013147592544556e-02,-2.536710351705551147e-02,3.413842990994453430e-02
6.240000000000418545e+00,6.501697973271129971e-01,-9.533181442255602711e-01,-2.191951469440988287e+00,-1.095584675311138678e-01,-4.887226929805256748e-01,4.543506385287025551e-01,1.000000000000000000e+00,-1.372151821851730347e-01,-2.633100748062133789e-01,-1.936097741127014160e-01,-7.862710952758789062e-02,-2.234596386551856995e-02,4.336586594581604004e-02
6.260000000000425224e+00,6.506179345795324309e-01,-9.620474920646430173e-01,-2.246057168768729184e+00,-8.950402254952813386e-02,-4.884355207232153884e-01,4.627066572710299419e-01,1.000000000000000000e+00,-1.434375196695327759e-01,-2.668466567993164062e-01,-2.026975899934768677e-01,-7.869056612253189087e-02,-2.421999536454677582e-02,4.199825972318649292e-02
6.280000000000431903e+00,6.518657107309431264e-01,-9.706408113060885912e-01,-2.320363908633022554e+00,-5.874166850947384194e-02,-4.836859913021088753e-01,4.755243047877192319e-01,1.000000000000000000e+00,-1.452220082283020020e-01,-2.659426331520080566e-01,-2.054713219404220581e-01,-8.063588291406631470e-02,-3.938568383455276489e-02,4.738827794790267944e-02
6.300000000000438583e+00,6.531289211251370963e-01,-9.785043037876988148e-01,-2.403146844313817088e+00,-2.556385878856133262e-02,-4.776951092362581863e-01,4.893483921714327778e-01,1.000000000000000000e+00,-1.560509204864501953e-01,-2.662531435489654541e-01,-2.149285078048706055e-01,-1.033508628606796265e-01,-5.743375420570373535e-02,4.964067041873931885e-02
6.320000000000445262e+00,6.539453073214295253e-01,-9.857184282242590356e-01,-2.492775787030991896e+00,-2.517698868676898714e-03,-4.751839846439724901e-01,4.989509588047179589e-01,1.000000000000000000e+00,-1.878826320171356201e-01,-2.783781588077545166e-01,-2.362010627985000610e-01,-1.416649073362350464e-01,-7.846884429454803467e-02,4.547015950083732605e-02
6.340000000000451941e+00,6.542713528692947200e-01,-9.922972818174107257e-01,-2.592998096320404677e+00,-1.189484245499468004e-02,-4.752395152827935676e-01,5.049561843562477836e-01,1.000000000000000000e+00,-2.071997970342636108e-01,-2.925764024257659912e-01,-2.522795498371124268e-01,-1.723270863294601440e-01,-9.700780361890792847e-02,4.402742907404899597e-02
6.360000000000458620e+00,6.537801463617494147e-01,-9.976321726205602536e-01,-2.694792575463752282e+00,-2.713654014002661943e-02,-4.737170819379261655e-01,5.113068917250110923e-01,1.000000000000000000e+00,-1.991452723741531372e-01,-2.944153547286987305e-01,-2.522037923336029053e-01,-1.780722886323928833e-01,-1.009311303496360779e-01,4.682429879903793335e-02
6.380000000000465299e+00,6.522386396705700529e-01,-1.001381071689829927e+00,-2.784528803730012214e+00,-4.143180495210927600e-02,-4.710683675891035316e-01,5.172632520633788644e-01,1.000000000000000000e+00,-1.889841109514236450e-01,-2.917592823505401611e-01,-2.489829361438751221e-01,-1.696031987667083740e-01,-9.129296988248825073e-02,4.474592953920364380e-02
6.400000000000471978e+00,6.499907419075915405e-01,-1.003944252646643776e+00,-2.860198104618356663e+00,-4.866765457093959885e-02,-4.698415258376579251e-01,5.202781894045581668e-01,1.000000000000000000e+00,-1.909674704074859619e-01,-2.896048128604888916e-01,-2.462908029556274414e-01,-1.625915765762329102e-01,-7.803663611412048340e-02,3.885320201516151428e-02
6.420000000000478657e+00,6.477144315415045428e-01,-1.005904357669153537e+00,-2.930952805775482339e+00,-5.052582194954356037e-02,-4.699696614522275162e-01,5.210524258123098162e-01,1.000000000000000000e+00,-2.011434137821197510e-01,-2.870782911777496338e-01,-2.462053447961807251e-01,-1.650797724723815918e-01,-7.359140366315841675e-02,3.435782343149185181e-02
6.440000000000485336e+00,6.458289119482998331e-01,-1.007651723496947760e+00,-3.008447926408023054e+00,-5.137886550262082963e-02,-4.703857109944335479e-01,5.214078606260920123e-01,1.000000000000000000e+00,-2.138472050428390503e-01,-2.876999974250793457e-01,-2.545541524887084961e-01,-1.806518286466598511e-01,-8.270828425884246826e-02,3.236548230051994324e-02
6.460000000000492015e+00,6.443217796806087749e-01,-1.008990150597326441e+00,-3.098457686883899331e+00,-5.502764778616322378e-02,-4.696384895993837016e-01,5.229281865775680105e-01,1.000000000000000000e+00,-2.191241979598999023e-01,-2.885981500148773193e-01,-2.639311552047729492e-01,-1.993560940027236938e-01,-9.793391078710556030e-02,3.311559185385704041e-02
6.480000000000498694e+00,6.426457328281873771e-01,-1.009331837700122136e+00,-3.195411074913176108e+00,-6.014295967217950234e-02,-4.676428191636028409e-01,5.250595665300747950e-01,1.000000000000000000e+00,-2.136016041040420532e-01,-2.833594679832458496e-01,-2.644377052783966064e-01,-2.060894817113876343e-01,-1.077770292758941650e-01,3.364438191056251526e-02
6.500000000000505374e+00,6.403446256245370893e-01,-1.008437920320445436e+00,-3.289874613234886169e+00,-6.146873234987149104e-02,-4.658907059589135757e-01,5.256119718124464546e-01,1.000000000000000000e+00,-2.137267142534255981e-01,-2.790665924549102783e-01,-2.655783295631408691e-01,-2.101572602987289429e-01,-1.111036539077758789e-01,3.036803938448429108e-02
6.520000000000512053e+00,6.374707483513193385e-01,-1.006567335761438864e+00,-3.378197091233248184e+00,-5.828990017205466084e-02,-4.647528870023089898e-01,5.242874584050227771e-01,1.000000000000000000e+00,-2.215696424245834351e-01,-2.761915326118469238e-01,-2.680284678936004639e-01,-2.193797081708908081e-01,-1.121917292475700378e-01,2.729551866650581360e-02
6.540000000000518732e+00,6.342317656510979562e-01,-1.004097795989876696e+00,-3.461259764902407721e+00,-5.248629933945760800e-02,-4.639323800892395933e-01,5.218692913914406706e-01,1.000000000000000000e+00,-2.315705120563507080e-01,-2.737232744693756104e-01,-2.701209485530853271e-01,-2.299208790063858032e-01,-1.137887462973594666e-01,2.503711171448230743e-02
6.560000000000525411e+00,6.307327665333187783e-01,-1.001191804613430492e+00,-3.540040712941854739e+00,-4.505686877092367204e-02,-4.632825871519125616e-01,5.187736953212181978e-01,1.000000000000000000e+00,-2.402185052633285522e-01,-2.711079120635986328e-01,-2.718590497970581055e-01,-2.382362782955169678e-01,-1.159778088331222534e-01,2.225730195641517639e-02
6.580000000000532090e+00,6.269640642985574441e-01,-9.978043656509415493e-01,-3.613942479933247132e+00,-3.594589935847629369e-02,-4.628030534584550715e-01,5.149774580660317902e-01,1.000000000000000000e+00,-2.476564347743988037e-01,-2.674121856689453125e-01,-2.732850611209869385e-01,-2.446342110633850098e-01,-1.179426908493041992e-01,1.803416013717651367e-02
6.600000000000538769e+00,6.228553200279431934e-01,-9.938777988283100662e-01,-3.681277821357871183e+00,-2.460333379822356864e-02,-4.626218008417409822e-01,5.102513890825931542e-01,1.000000000000000000e+00,-2.550601661205291748e-01,-2.615681886672973633e-01,-2.737540006637573242e-01,-2.503027617931365967e-01,-1.188553050160408020e-01,1.171796489506959915e-02
6.620000000000545448e+00,6.183364439262889478e-01,-9.894361957065694879e-01,-3.739951593898208415e+00,-1.103023296636225156e-02,-4.627426916447332506e-01,5.045959304026509384e-01,1.000000000000000000e+00,-2.629321515560150146e-01,-2.525400221347808838e-01,-2.720863223075866699e-01,-2.555772960186004639e-01,-1.181089282035827637e-01,3.060173941776156425e-03
6.640000000000552127e+00,6.133828336945604809e-01,-9.845640313367455265e-01,-3.788125370811213255e+00,-4.254899861566352470e-03,-4.630591400861612250e-01,4.982271250576806865e-01,1.000000000000000000e+00,-2.716744244098663330e-01,-2.398459017276763916e-01,-2.676590681076049805e-01,-2.601899206638336182e-01,-1.155613064765930176e-01,-8.493229746818542480e-03
6.660000000000558806e+00,6.079630418085691934e-01,-9.794099772179168939e-01,-3.824398136032870266e+00,-2.076076303435074946e-02,-4.635277046183151617e-01,4.913496820690205213e-01,1.000000000000000000e+00,-2.811018228530883789e-01,-2.232162803411483765e-01,-2.601764202117919922e-01,-2.636203467845916748e-01,-1.112303286790847778e-01,-2.362279780209064484e-02
6.680000000000565485e+00,6.019801074351182057e-01,-9.741103245147838541e-01,-3.847553895934467061e+00,-3.857303948964525137e-02,-4.642923089453177554e-01,4.839279002126478102e-01,1.000000000000000000e+00,-2.896381616592407227e-01,-2.019761204719543457e-01,-2.486523091793060303e-01,-2.651033401489257812e-01,-1.049205139279365540e-01,-4.197635501623153687e-02
6.700000000000572165e+00,5.952837384247180452e-01,-9.686755026683911973e-01,-3.856386127045730028e+00,-5.775156696112828530e-02,-4.653732962091972625e-01,4.759368470995298805e-01,1.000000000000000000e+00,-2.953796088695526123e-01,-1.776131689548492432e-01,-2.331990748643875122e-01,-2.640977501869201660e-01,-9.698113054037094116e-02,-6.088585406541824341e-02
6.720000000000578844e+00,5.879346626302254242e-01,-9.630266533994745748e-01,-3.850822321678462945e+00,-7.787736867740280289e-02,-4.666474820579034621e-01,4.675510963844154988e-01,1.000000000000000000e+00,-2.983849644660949707e-01,-1.556417942047119141e-01,-2.179470360279083252e-01,-2.618012428283691406e-01,-8.876087516546249390e-02,-7.688248157501220703e-02
6.740000000000585523e+00,5.803164831790408318e-01,-9.572540758118625037e-01,-3.832822684755167408e+00,-9.767961712664487151e-02,-4.678156331802261203e-01,4.593001595305646334e-01,1.000000000000000000e+00,-3.000843524932861328e-01,-1.399711072444915771e-01,-2.066464871168136597e-01,-2.589460313320159912e-01,-8.123747259378433228e-02,-8.912383019924163818e-02
6.760000000000592202e+00,5.728719917232030223e-01,-9.515278646888859493e-01,-3.806444276874411781e+00,-1.161047069768997159e-01,-4.686943745544517870e-01,4.516230387596251172e-01,1.000000000000000000e+00,-3.015339076519012451e-01,-1.316490322351455688e-01,-2.002653330564498901e-01,-2.561390399932861328e-01,-7.561376690864562988e-02,-9.714274108409881592e-02
6.780000000000598881e+00,5.659222542869302153e-01,-9.460295914176262144e-01,-3.776073958206733305e+00,-1.322674787829250242e-01,-4.691224663418407936e-01,4.448885505071145663e-01,1.000000000000000000e+00,-3.032693862915039062e-01,-1.297853142023086548e-01,-1.982477158308029175e-01,-2.544527649879455566e-01,-7.264419645071029663e-02,-1.009043529629707336e-01
6.800000000000605560e+00,5.595606704606712611e-01,-9.408883665442232536e-01,-3.744538088339666615e+00,-1.456110057172163297e-01,-4.689689822748120962e-01,4.393287476178265316e-01,1.000000000000000000e+00,-3.054936528205871582e-01,-1.321548819541931152e-01,-1.992389708757400513e-01,-2.540125846862792969e-01,-7.192157208919525146e-02,-1.018495932221412659e-01
6.820000000000612239e+00,5.536388490580902433e-01,-9.361289718791367953e-01,-3.712154549210545440e+00,-1.562107746969108035e-01,-4.682254637475323222e-01,4.349121772096204985e-01,1.000000000000000000e+00,-3.079239130020141602e-01,-1.356117129325866699e-01,-2.009817957878112793e-01,-2.541555762290954590e-01,-7.218576967716217041e-02,-1.019220501184463501e-01
6.840000000000618918e+00,5.478280741699782519e-01,-9.316598880781170600e-01,-3.676703604143567450e+00,-1.648671667608438141e-01,-4.670624659884746177e-01,4.313053471829817465e-01,1.000000000000000000e+00,-3.096793889999389648e-01,-1.362877339124679565e-01,-2.004051655530929565e-01,-2.537211477756500244e-01,-7.171468436717987061e-02,-1.029760539531707764e-01
6.860000000000625597e+00,5.417072477420772358e-01,-9.272940308976049817e-01,-3.633984659293091113e+00,-1.728373089613029212e-01,-4.657601928275407754e-01,4.279844545994571092e-01,1.000000000000000000e+00,-3.087327778339385986e-01,-1.301902532577514648e-01,-1.941098719835281372e-01,-2.506207525730133057e-01,-6.868053972721099854e-02,-1.062022075057029724e-01
6.880000000000632276e+00,5.348304395068722572e-01,-9.227943324130373215e-01,-3.578380665318132703e+00,-1.816806628620686592e-01,-4.646944771650529105e-01,4.242997238074713851e-01,1.000000000000000000e+00,-3.013173341751098633e-01,-1.139239072799682617e-01,-1.788052469491958618e-01,-2.411329746246337891e-01,-6.124405190348625183e-02,-1.114709898829460144e-01
6.900000000000638956e+00,5.268163304284160242e-01,-9.179967323080842068e-01,-3.503357645539245890e+00,-1.935750940080007976e-01,-4.646151333925759852e-01,4.193437108299996607e-01,1.000000000000000000e+00,-2.839296162128448486e-01,-8.694043755531311035e-02,-1.529290825128555298e-01,-2.208747714757919312e-01,-4.738567024469375610e-02,-1.172084882855415344e-01
6.920000000000645635e+00,5.175799851586226907e-01,-9.130754065452858503e-01,-3.404404519706119014e+00,-2.105562760655903531e-01,-4.666470927153670289e-01,4.122682183060040195e-01,1.000000000000000000e+00,-2.587181031703948975e-01,-5.703137069940567017e-02,-1.209778264164924622e-01,-1.907906383275985718e-01,-2.746401540935039520e-02,-1.200094744563102722e-01
6.940000000000652314e+00,5.076250429688889954e-01,-9.087955501615363474e-01,-3.285364085792703115e+00,-2.298628443145838418e-01,-4.705592660058297572e-01,4.042238148689233923e-01,1.000000000000000000e+00,-2.353701889514923096e-01,-3.698745742440223694e-02,-9.437737613916397095e-02,-1.611803770065307617e-01,-8.763578720390796661e-03,-1.187070310115814209e-01
6.960000000000658993e+00,4.978383587203416560e-01,-9.062290105712850208e-01,-3.161189702606651331e+00,-2.435666136855571540e-01,-4.740733815741692836e-01,3.985139109643511812e-01,1.000000000000000000e+00,-2.220588475465774536e-01,-3.009448572993278503e-02,-8.000061661005020142e-02,-1.409221440553665161e-01,2.034522825852036476e-03,-1.156681105494499207e-01
6.980000000000665672e+00,4.888595704880985826e-01,-9.060721406865330785e-01,-3.051751583177902738e+00,-2.461258492075690252e-01,-4.753252472650169591e-01,3.974475628301795682e-01,1.000000000000000000e+00,-2.207484841346740723e-01,-3.510471433401107788e-02,-7.846390455961227417e-02,-1.343553066253662109e-01,3.961855545639991760e-03,-1.120157912373542786e-01
7.000000000000672351e+00,4.807723556589411085e-01,-9.083605852023087790e-01,-2.972985474106777382e+00,-2.376145700724823229e-01,-4.742496331000325416e-01,4.009939291364656988e-01,1.000000000000000000e+00,-2.305730581283569336e-01,-5.505665019154548645e-02,-9.024947136640548706e-02,-1.394948363304138184e-01,-3.197305137291550636e-03,-1.046437472105026245e-01
7.020000000000679030e+00,4.733479976809246148e-01,-9.128265007949041276e-01,-2.935697467771596791e+00,-2.182642805370414163e-01,-4.706809602968817785e-01,4.090565497762327363e-01,1.000000000000000000e+00,-2.520800232887268066e-01,-1.109037101268768311e-01,-1.281036138534545898e-01,-1.534372270107269287e-01,-2.471572533249855042e-02,-8.252263814210891724e-02
7.040000000000685709e+00,4.667882527974528406e-01,-9.187286924092611384e-01,-2.941927191004270803e+00,-1.906443467861037855e-01,-4.653320271482357939e-01,4.205648555057900917e-01,1.000000000000000000e+00,-2.535514235496520996e-01,-2.240735888481140137e-01,-2.045900225639343262e-01,-1.594506204128265381e-01,-5.898851156234741211e-02,-2.465217001736164093e-02
7.060000000000692388e+00,4.614663421446098535e-01,-9.240897258285142302e-01,-2.967680873627391414e+00,-1.688963875561622363e-01,-4.624651291477115400e-01,4.296265051849323946e-01,1.000000000000000000e+00,-2.000911533832550049e-01,-2.825129628181457520e-01,-2.312887161970138550e-01,-1.350211948156356812e-01,-6.531898677349090576e-02,2.535510994493961334e-02
7.080000000000699067e+00,4.565936514199356311e-01,-9.272144515882617677e-01,-2.968905352779025897e+00,-1.552354243836250869e-01,-4.607610717405326017e-01,4.353185731734895425e-01,1.000000000000000000e+00,-1.743248403072357178e-01,-2.655485868453979492e-01,-2.083698660135269165e-01,-1.030169203877449036e-01,-3.568163514137268066e-02,1.836640387773513794e-02
7.100000000000705747e+00,4.515671958114430007e-01,-9.284667062875403554e-01,-2.921453279933991620e+00,-1.441772266086236709e-01,-4.581409057187421086e-01,4.399261555797401302e-01,1.000000000000000000e+00,-1.716545224189758301e-01,-1.814599633216857910e-01,-1.348633766174316406e-01,-7.497373223304748535e-02,-3.473460765235358849e-06,-2.111851796507835388e-02
7.120000000000712426e+00,4.471601472908176556e-01,-9.301529758920149549e-01,-2.844270047745955488e+00,-1.356592800321614334e-01,-4.568659506899312994e-01,4.434752999865994028e-01,1.000000000000000000e+00,-2.044202983379364014e-01,-9.232755005359649658e-02,-7.842804491519927979e-02,-9.677102416753768921e-02,-6.133809685707092285e-03,-4.982744902372360229e-02
7.140000000000719105e+00,4.442003309955888657e-01,-9.332990295827214844e-01,-2.761554031598276282e+00,-1.311629675303115639e-01,-4.584662714427359953e-01,4.453487635290368507e-01,1.000000000000000000e+00,-2.218061238527297974e-01,-8.104313164949417114e-02,-9.060313552618026733e-02,-1.105811893939971924e-01,-2.039325796067714691e-02,-7.345794141292572021e-02
7.160000000000725784e+00,4.426453682373210352e-01,-9.374033408758680741e-01,-2.682532857823173966e+00,-1.339364288244409007e-01,-4.640363529772691953e-01,4.441931546564829580e-01,1.000000000000000000e+00,-2.192278802394866943e-01,-6.896249949932098389e-02,-8.838533610105514526e-02,-1.059114038944244385e-01,-2.382699958980083466e-02,-8.610129356384277344e-02
7.180000000000732463e+00,4.410195196654435046e-01,-9.430415536305528645e-01,-2.630137977476148858e+00,-1.391109012907492948e-01,-4.726180682204615402e-01,4.420371244621877915e-01,1.000000000000000000e+00,-2.214634716510772705e-01,-8.997027575969696045e-02,-1.014623120427131653e-01,-1.059199497103691101e-01,-2.282049879431724548e-02,-8.139720559120178223e-02
7.200000000000739142e+00,4.380350096161580997e-01,-9.505366236200248897e-01,-2.619747718928352231e+00,-1.355464262391184171e-01,-4.796950730227282356e-01,4.435223224003673193e-01,1.000000000000000000e+00,-2.102464437484741211e-01,-2.005342990159988403e-01,-1.625801771879196167e-01,-1.000354588031768799e-01,-3.101461566984653473e-02,-1.688162051141262054e-02
7.220000000000745821e+00,4.339613840762847063e-01,-9.584194947487377769e-01,-2.639599022001637874e+00,-1.240104436538348592e-01,-4.836934125603231660e-01,4.483289818109021385e-01,1.000000000000000000e+00,-1.545842438936233521e-01,-2.647536098957061768e-01,-1.974322497844696045e-01,-8.342056721448898315e-02,-3.056128509342670441e-02,3.778915107250213623e-02
7.240000000000752500e+00,4.298305440983128389e-01,-9.659367768862302528e-01,-2.675774509988475547e+00,-1.058684416963705244e-01,-4.841106019355111423e-01,4.558881492931789459e-01,1.000000000000000000e+00,-1.385029852390289307e-01,-2.620806097984313965e-01,-1.941050291061401367e-01,-7.962026447057723999e-02,-2.464857697486877441e-02,4.350186139345169067e-02
7.260000000000759179e+00,4.264105147546096708e-01,-9.736867911695864519e-01,-2.729134655215414540e+00,-8.313235172343595714e-02,-4.824406892591839857e-01,4.653615201152350167e-01,1.000000000000000000e+00,-1.454833000898361206e-01,-2.624412775039672852e-01,-2.005754709243774414e-01,-7.866958528757095337e-02,-2.487282827496528625e-02,4.061549901962280273e-02
7.280000000000765858e+00,4.237791329826415265e-01,-9.815706478460383133e-01,-2.798646512489813443e+00,-4.651450217293846140e-02,-4.751129792252886674e-01,4.806189574279423060e-01,1.000000000000000000e+00,-1.461606472730636597e-01,-2.589079737663269043e-01,-2.014650404453277588e-01,-8.151353895664215088e-02,-3.867933899164199829e-02,4.574224352836608887e-02
7.300000000000772538e+00,4.214405353879876470e-01,-9.888266804414609368e-01,-2.874362800678504026e+00,-1.287283988953658032e-02,-4.688661336174639871e-01,4.946363167126930915e-01,1.000000000000000000e+00,-1.600827574729919434e-01,-2.616422176361083984e-01,-2.137814015150070190e-01,-1.056966558098793030e-01,-5.714416131377220154e-02,4.789935052394866943e-02
7.320000000000779217e+00,4.190124303819773299e-01,-9.955966795525666990e-01,-2.960581635388292110e+00,-5.335894679533569919e-03,-4.681990385321198045e-01,5.022232894498056543e-01,1.000000000000000000e+00,-1.945410072803497314e-01,-2.779321968555450439e-01,-2.385094910860061646e-01,-1.459753513336181641e-01,-7.998182624578475952e-02,4.261297360062599182e-02
7.340000000000785896e+00,4.164386358863135795e-01,-1.001715582768263335e+00,-3.060693895271695997e+00,-1.924861998653177794e-02,-4.685229080296218207e-01,5.080202583277215744e-01,1.000000000000000000e+00,-2.075509577989578247e-01,-2.901282310485839844e-01,-2.515556216239929199e-01,-1.750205010175704956e-01,-9.804317355155944824e-02,4.301234707236289978e-02
7.360000000000792575e+00,4.136438693114795062e-01,-1.006234007830121735e+00,-3.161270041873864844e+00,-3.756203164501927677e-02,-4.659941720388562358e-01,5.156508465187580326e-01,1.000000000000000000e+00,-1.941535621881484985e-01,-2.887976169586181641e-01,-2.485299557447433472e-01,-1.765629351139068604e-01,-9.953732788562774658e-02,4.609746858477592468e-02
7.380000000000799254e+00,4.105950430991197608e-01,-1.008803553888333759e+00,-3.247774915557228415e+00,-5.489259171280957972e-02,-4.623647981187357092e-01,5.228719132136706582e-01,1.000000000000000000e+00,-1.852174401283264160e-01,-2.852270007133483887e-01,-2.450519204139709473e-01,-1.671893000602722168e-01,-8.806699514389038086e-02,4.289645701646804810e-02
7.400000000000805933e+00,4.075088780626783258e-01,-1.010120848237402003e+00,-3.320871605037396534e+00,-6.315850906335836179e-02,-4.608647590216713996e-01,5.263160454430659829e-01,1.000000000000000000e+00,-1.911355853080749512e-01,-2.837132215499877930e-01,-2.429721653461456299e-01,-1.620100140571594238e-01,-7.517985999584197998e-02,3.656354546546936035e-02
7.420000000000812612e+00,4.047264854876694851e-01,-1.011029960876153933e+00,-3.391047974868171444e+00,-6.511134455730864523e-02,-4.610667688417354748e-01,5.271297268988786033e-01,1.000000000000000000e+00,-2.013482600450515747e-01,-2.805889844894409180e-01,-2.427182793617248535e-01,-1.651099771261215210e-01,-7.292903959751129150e-02,3.284550830721855164e-02
7.440000000000819291e+00,4.023796737081031250e-01,-1.011952350837617809e+00,-3.469107650105522467e+00,-6.518044306427768497e-02,-4.618861559340448064e-01,5.271585179434490342e-01,1.000000000000000000e+00,-2.129760235548019409e-01,-2.811609506607055664e-01,-2.511657774448394775e-01,-1.812077760696411133e-01,-8.323069661855697632e-02,3.139135986566543579e-02
7.460000000000825970e+00,4.004960144630279051e-01,-1.012586003285996572e+00,-3.559288765204939420e+00,-6.824405413554721078e-02,-4.614612365254418536e-01,5.284350225564780068e-01,1.000000000000000000e+00,-2.156922668218612671e-01,-2.810216844081878662e-01,-2.591708898544311523e-01,-1.989577263593673706e-01,-9.779883921146392822e-02,3.251003101468086243e-02
7.480000000000832650e+00,3.988303570579870838e-01,-1.012152202687762959e+00,-3.655060625353769410e+00,-7.300788297835722473e-02,-4.596955433466164975e-01,5.304199512409821793e-01,1.000000000000000000e+00,-2.092087417840957642e-01,-2.753307819366455078e-01,-2.589627504348754883e-01,-2.047382742166519165e-01,-1.062985882163047791e-01,3.300154209136962891e-02
7.500000000000839329e+00,3.971425897268495708e-01,-1.010330114604805818e+00,-3.747736336395576018e+00,-7.439145043499770238e-02,-4.580245355406705743e-01,5.309964376812490450e-01,1.000000000000000000e+00,-2.099957913160324097e-01,-2.716057598590850830e-01,-2.603076398372650146e-01,-2.092864215373992920e-01,-1.089993566274642944e-01,2.989603765308856964e-02
7.520000000000846008e+00,3.954046123696856041e-01,-1.007435052035289047e+00,-3.834601346694736179e+00,-7.168778949305600057e-02,-4.568436244088326936e-01,5.298699122887733370e-01,1.000000000000000000e+00,-2.176058292388916016e-01,-2.687325179576873779e-01,-2.622284293174743652e-01,-2.182149589061737061e-01,-1.099829152226448059e-01,2.714668400585651398e-02
7.540000000000852687e+00,3.936234556047667477e-01,-1.003883946514775749e+00,-3.916626254255635153e+00,-6.642543284041647900e-02,-4.559764493166305055e-01,5.276772636835068697e-01,1.000000000000000000e+00,-2.271110117435455322e-01,-2.659929990768432617e-01,-2.638608813285827637e-01,-2.277686297893524170e-01,-1.115834638476371765e-01,2.473643608391284943e-02
7.560000000000859366e+00,3.918088165027909797e-01,-9.998330940606504624e-01,-3.994634700218506751e+00,-5.941749843880925197e-02,-4.553110884614223197e-01,5.247572910161705240e-01,1.000000000000000000e+00,-2.355467975139617920e-01,-2.631554007530212402e-01,-2.654240131378173828e-01,-2.353940159082412720e-01,-1.138044670224189758e-01,2.173904515802860260e-02
7.580000000000866045e+00,3.899754320288733589e-01,-9.952127336957405923e-01,-4.067961843310311743e+00,-5.058241879529674218e-02,-4.548334579091390384e-01,5.210760078313736443e-01,1.000000000000000000e+00,-2.428485602140426636e-01,-2.595432102680206299e-01,-2.668407559394836426e-01,-2.413728088140487671e-01,-1.158033832907676697e-01,1.747604645788669586e-02
7.600000000000872724e+00,3.880979581242299803e-01,-9.899318227237821066e-01,-4.134963957818542646e+00,-3.944655852042559807e-02,-4.546361852801354964e-01,5.164360660501773337e-01,1.000000000000000000e+00,-2.501546442508697510e-01,-2.541367709636688232e-01,-2.674602568149566650e-01,-2.467229217290878296e-01,-1.166974604129791260e-01,1.119343563914299011e-02
7.620000000000879403e+00,3.861007903979052358e-01,-9.839886321600603836e-01,-4.193558949425402638e+00,-2.624929083519162917e-02,-4.546537902837388678e-01,5.109372045146631791e-01,1.000000000000000000e+00,-2.577927708625793457e-01,-2.457131147384643555e-01,-2.659812569618225098e-01,-2.516041994094848633e-01,-1.158933639526367188e-01,2.687474479898810387e-03
7.640000000000886082e+00,3.839123539271413477e-01,-9.774538281334043122e-01,-4.241795327578619101e+00,-1.166541879092308776e-02,-4.547406018959491703e-01,5.048605911628846199e-01,1.000000000000000000e+00,-2.660958468914031982e-01,-2.336703985929489136e-01,-2.617048621177673340e-01,-2.556941211223602295e-01,-1.132516190409660339e-01,-8.540499024093151093e-03
7.660000000000892761e+00,3.814304070155644100e-01,-9.704511816257462842e-01,-4.278148558138373581e+00,-3.642069803386016515e-03,-4.547997727481936092e-01,4.984824709152558264e-01,1.000000000000000000e+00,-2.751460373401641846e-01,-2.177438884973526001e-01,-2.543798089027404785e-01,-2.586393058300018311e-01,-1.088015064597129822e-01,-2.323522046208381653e-02
7.680000000000899441e+00,3.785097695231294246e-01,-9.630727075868493747e-01,-4.301440406076280532e+00,-1.977349911010528594e-02,-4.549826785544868746e-01,4.917610420374561309e-01,1.000000000000000000e+00,-2.837460935115814209e-01,-1.973710656166076660e-01,-2.433216720819473267e-01,-2.600774765014648438e-01,-1.024786680936813354e-01,-4.111491516232490540e-02
7.700000000000906120e+00,3.750286814698436388e-01,-9.552809726473463492e-01,-4.310663715975966426e+00,-3.736540061716282085e-02,-4.555074486559409497e-01,4.844310830761821562e-01,1.000000000000000000e+00,-2.899206578731536865e-01,-1.739342510700225830e-01,-2.288129180669784546e-01,-2.596446871757507324e-01,-9.475872665643692017e-02,-5.947535112500190735e-02
7.720000000000912799e+00,3.710753675171463706e-01,-9.470200479595013432e-01,-4.305865100462509254e+00,-5.661907837688726075e-02,-4.564341850173438964e-01,4.764087173429636390e-01,1.000000000000000000e+00,-2.933247983455657959e-01,-1.525857150554656982e-01,-2.144014537334442139e-01,-2.579707801342010498e-01,-8.677858859300613403e-02,-7.503656297922134399e-02
7.740000000000919478e+00,3.669466776603061420e-01,-9.385117562023590487e-01,-4.288905167080369729e+00,-7.635833619462037425e-02,-4.574939993757565215e-01,4.681840265855748418e-01,1.000000000000000000e+00,-2.952847778797149658e-01,-1.373435407876968384e-01,-2.035997062921524048e-01,-2.554696202278137207e-01,-7.944634556770324707e-02,-8.699551224708557129e-02
7.760000000000926157e+00,3.629419268056006675e-01,-9.300997564772059967e-01,-4.263548957652655069e+00,-9.520732213691762702e-02,-4.584118198786036880e-01,4.603302824429509887e-01,1.000000000000000000e+00,-2.969838976860046387e-01,-1.292799711227416992e-01,-1.975673139095306396e-01,-2.528561353683471680e-01,-7.397557795047760010e-02,-9.496171027421951294e-02
7.780000000000932836e+00,3.592497796108978236e-01,-9.220828666283443775e-01,-4.233928797745218908e+00,-1.120560557150501874e-01,-4.589688942090872081e-01,4.533099767853957518e-01,1.000000000000000000e+00,-2.988482415676116943e-01,-1.273520141839981079e-01,-1.956989616155624390e-01,-2.512406706809997559e-01,-7.111501693725585938e-02,-9.883698076009750366e-02
7.800000000000939515e+00,3.558869428443521277e-01,-9.146109778007304181e-01,-4.202679184396263423e+00,-1.262282500320344170e-01,-4.590067064377960637e-01,4.474048958199856596e-01,1.000000000000000000e+00,-3.010075092315673828e-01,-1.293050199747085571e-01,-1.965162456035614014e-01,-2.507347762584686279e-01,-7.036545872688293457e-02,-9.999490529298782349e-02
7.820000000000946194e+00,3.527094284924594536e-01,-9.076389803748130536e-01,-4.170010701705129108e+00,-1.376467029218254867e-01,-4.584671018356498706e-01,4.426472071159060495e-01,1.000000000000000000e+00,-3.032119274139404297e-01,-1.320696622133255005e-01,-1.977919489145278931e-01,-2.506857216358184814e-01,-7.042162120342254639e-02,-1.003436818718910217e-01
7.840000000000952873e+00,3.494708469148833929e-01,-9.009473886552994415e-01,-4.133722935266717080e+00,-1.468917218805402825e-01,-4.574363110407467237e-01,4.387951158831082110e-01,1.000000000000000000e+00,-3.046395182609558105e-01,-1.319096833467483521e-01,-1.966089904308319092e-01,-2.499845921993255615e-01,-6.960766762495040894e-02,-1.016807109117507935e-01
7.860000000000959552e+00,3.458884447136706397e-01,-8.941985277084999462e-01,-4.089768125468084214e+00,-1.549958738469323638e-01,-4.561035254654975390e-01,4.354183858971115151e-01,1.000000000000000000e+00,-3.032692670822143555e-01,-1.250709444284439087e-01,-1.897610872983932495e-01,-2.465145438909530640e-01,-6.618802994489669800e-02,-1.050770133733749390e-01
7.880000000000966232e+00,3.416836428905559164e-01,-8.870123207411245714e-01,-4.032816918275970330e+00,-1.634538313993142700e-01,-4.548180391497607666e-01,4.318942369169523898e-01,1.000000000000000000e+00,-2.955738902091979980e-01,-1.086997613310813904e-01,-1.743749380111694336e-01,-2.365394830703735352e-01,-5.845676735043525696e-02,-1.103197634220123291e-01
7.900000000000972911e+00,3.366135569074876210e-01,-8.791314295637789877e-01,-3.957013863918714680e+00,-1.749007229208830727e-01,-4.545112053640477101e-01,4.271246987829653841e-01,1.000000000000000000e+00,-2.789254784584045410e-01,-8.320453017950057983e-02,-1.496973335742950439e-01,-2.163034677505493164e-01,-4.480898380279541016e-02,-1.157782375812530518e-01
7.920000000000979590e+00,3.305653436842385107e-01,-8.707478344666181869e-01,-3.859126536712290445e+00,-1.923558458417846950e-01,-4.566966553520960259e-01,4.198517308992563701e-01,1.000000000000000000e+00,-2.562886178493499756e-01,-5.636562034487724304e-02,-1.205723658204078674e-01,-1.882895082235336304e-01,-2.635022997856140137e-02,-1.183055266737937927e-01
7.940000000000986269e+00,3.236798166715804670e-01,-8.627512477721717143e-01,-3.743849713651936639e+00,-2.140242950928283316e-01,-4.615622217694763108e-01,4.108232103779881905e-01,1.000000000000000000e+00,-2.358555048704147339e-01,-3.830264136195182800e-02,-9.664790332317352295e-02,-1.622439324855804443e-01,-9.620528668165206909e-03,-1.173186972737312317e-01
7.960000000000992948e+00,3.162618819263319225e-01,-8.563353197598009281e-01,-3.625029615907366498e+00,-2.320985261535445932e-01,-4.669235356316148722e-01,4.032922807693564149e-01,1.000000000000000000e+00,-2.236862629652023315e-01,-3.135651350021362305e-02,-8.315036445856094360e-02,-1.441914439201354980e-01,2.644654305186122656e-04,-1.147108599543571472e-01
7.980000000000999627e+00,3.085421158374299089e-01,-8.522681302652819202e-01,-3.520073442767825078e+00,-2.397426738775031152e-01,-4.703076177830368687e-01,4.001072192177070330e-01,1.000000000000000000e+00,-2.220109999179840088e-01,-3.586705029010772705e-02,-8.140071481466293335e-02,-1.376465559005737305e-01,2.034615492448210716e-03,-1.109409183263778687e-01
8.000000000001005418e+00,3.005577581946087817e-01,-8.506230881121951137e-01,-3.443294230823749302e+00,-2.357291601495190569e-01,-4.709989571203869740e-01,4.017795166043670596e-01,1.000000000000000000e+00,-2.310164123773574829e-01,-5.580839514732360840e-02,-9.321258962154388428e-02,-1.417202651500701904e-01,-5.203510168939828873e-03,-1.031949445605278015e-01
8.020000000000994334e+00,2.922070173438838236e-01,-8.511090919293826662e-01,-3.404906873286498215e+00,-2.197152492390859191e-01,-4.685162384547474912e-01,4.084519794837142004e-01,1.000000000000000000e+00,-2.504101991653442383e-01,-1.093959957361221313e-01,-1.289575845003128052e-01,-1.537248641252517700e-01,-2.550609037280082703e-02,-8.133458346128463745e-02
8.040000000000983249e+00,2.838880528589507457e-01,-8.531619725476696781e-01,-3.406652592365547960e+00,-1.903893067983934984e-01,-4.618748120397559442e-01,4.206711221673360424e-01,1.000000000000000000e+00,-2.493521422147750854e-01,-2.106845676898956299e-01,-1.946019232273101807e-01,-1.558676511049270630e-01,-5.488856881856918335e-02,-2.837128192186355591e-02
8.060000000000972165e+00,2.766825262556105725e-01,-8.552540493147923195e-01,-3.425816511685891630e+00,-1.601962005819077828e-01,-4.551368593375721416e-01,4.332515830908717502e-01,1.000000000000000000e+00,-1.991604715585708618e-01,-2.702915668487548828e-01,-2.217376977205276489e-01,-1.305785775184631348e-01,-6.007216125726699829e-02,2.009552344679832458e-02
8.080000000000961080e+00,2.707807219174742097e-01,-8.556138452364714375e-01,-3.420125685799586090e+00,-1.345106593648008053e-01,-4.485394632722776165e-01,4.439538919313330001e-01,1.000000000000000000e+00,-1.707072556018829346e-01,-2.526879012584686279e-01,-1.966453790664672852e-01,-9.616328030824661255e-02,-3.116654977202415466e-02,1.398910116404294968e-02
8.100000000000949996e+00,2.656503092469482685e-01,-8.544427618807675096e-01,-3.367160450654131054e+00,-1.185196209058110295e-01,-4.440836218146740344e-01,4.506168246225787377e-01,1.000000000000000000e+00,-1.684748232364654541e-01,-1.672134846448898315e-01,-1.243188008666038513e-01,-7.151556760072708130e-02,2.241998910903930664e-03,-2.541519142687320709e-02
8.120000000000938911e+00,2.609512047343282570e-01,-8.541467521516014072e-01,-3.287037803985157769e+00,-1.089871412364790820e-01,-4.424299116257482956e-01,4.545886911514670503e-01,1.000000000000000000e+00,-2.032404839992523193e-01,-8.754872530698776245e-02,-7.884296029806137085e-02,-9.788285195827484131e-02,-5.805022548884153366e-03,-5.320789292454719543e-02
8.140000000000927827e+00,2.568935157101654432e-01,-8.558929776178934024e-01,-3.204318699397676440e+00,-1.063758841796858395e-01,-4.447693011394891482e-01,4.556767149251308990e-01,1.000000000000000000e+00,-2.216517031192779541e-01,-7.974005490541458130e-02,-9.246832132339477539e-02,-1.121377497911453247e-01,-2.049187757074832916e-02,-7.583874464035034180e-02
8.160000000000916742e+00,2.533677560365505399e-01,-8.591932079134630973e-01,-3.131814743628511977e+00,-1.188016923124228241e-01,-4.546056176620218992e-01,4.504992948698238187e-01,1.000000000000000000e+00,-2.201252430677413940e-01,-7.298072427511215210e-02,-9.117151051759719849e-02,-1.103033646941184998e-01,-2.560999058187007904e-02,-8.398397266864776611e-02
8.180000000000905658e+00,2.486524465614727286e-01,-8.638804135235168546e-01,-3.093131146675985654e+00,-1.391507073863943178e-01,-4.706075731478902013e-01,4.420205385890023653e-01,1.000000000000000000e+00,-2.253143340349197388e-01,-1.080210581421852112e-01,-1.124895140528678894e-01,-1.130787283182144165e-01,-2.820547111332416534e-02,-7.160064578056335449e-02
8.200000000000894573e+00,2.420682519688763246e-01,-8.692805100625591308e-01,-3.095008326288138267e+00,-1.390645606738572237e-01,-4.799049243958434241e-01,4.420564330525594832e-01,1.000000000000000000e+00,-2.016526460647583008e-01,-2.332679778337478638e-01,-1.862732619047164917e-01,-1.029347479343414307e-01,-3.838952630758285522e-02,5.014884751290082932e-03
8.220000000000883489e+00,2.348073307971096924e-01,-8.742481567319386748e-01,-3.121588800878848158e+00,-1.274762630250587114e-01,-4.838178679995546183e-01,4.468848904062255323e-01,1.000000000000000000e+00,-1.512949615716934204e-01,-2.648018002510070801e-01,-1.982520967721939087e-01,-8.403670787811279297e-02,-3.277860209345817566e-02,4.051247984170913696e-02
8.240000000000872404e+00,2.279677543743706125e-01,-8.789058475952291616e-01,-3.159679669470364161e+00,-1.104799208942767869e-01,-4.842312419376689769e-01,4.539666996273846733e-01,1.000000000000000000e+00,-1.382480114698410034e-01,-2.578793168067932129e-01,-1.920931786298751831e-01,-7.737310975790023804e-02,-2.428402565419673920e-02,4.230657219886779785e-02
8.260000000000861320e+00,2.217836753359878066e-01,-8.841490518966994561e-01,-3.211452166095019045e+00,-8.031530476029850873e-02,-4.787607655602381662e-01,4.665352896832089535e-01,1.000000000000000000e+00,-1.451868116855621338e-01,-2.539800405502319336e-01,-1.945694386959075928e-01,-7.616566121578216553e-02,-2.415283396840095520e-02,3.908327966928482056e-02
8.280000000000850235e+00,2.163112710656046045e-01,-8.896168409154714407e-01,-3.272142209841353289e+00,-3.576466278459981829e-02,-4.678077385597560478e-01,4.850980571730834079e-01,1.000000000000000000e+00,-1.477714031934738159e-01,-2.511287927627563477e-01,-1.970363259315490723e-01,-8.263091742992401123e-02,-3.819780796766281128e-02,4.424823448061943054e-02
8.300000000000839151e+00,2.112028704404566581e-01,-8.948190115803215106e-01,-3.339793693650726425e+00,-6.091747248469036799e-03,-4.629467749113941877e-01,4.974617719798045679e-01,1.000000000000000000e+00,-1.706175059080123901e-01,-2.590306401252746582e-01,-2.156222313642501831e-01,-1.118376180529594421e-01,-5.916726216673851013e-02,4.395815357565879822e-02
8.320000000000828067e+00,2.060533259914685278e-01,-8.999342061472053178e-01,-3.424920834692171123e+00,-4.245352150281433978e-03,-4.652710431288944459e-01,5.017688967292839308e-01,1.000000000000000000e+00,-2.046376764774322510e-01,-2.787888050079345703e-01,-2.421793788671493530e-01,-1.543406397104263306e-01,-8.414831757545471191e-02,3.890781849622726440e-02
8.340000000000816982e+00,2.010509977833865314e-01,-9.043356354147424891e-01,-3.525645739461340078e+00,-2.202109475094093938e-02,-4.642373703204287771e-01,5.091754561462253914e-01,1.000000000000000000e+00,-2.030954360961914062e-01,-2.856505513191223145e-01,-2.480033040046691895e-01,-1.765484511852264404e-01,-9.929018467664718628e-02,4.322682693600654602e-02
8.360000000000805898e+00,1.966172111259133493e-01,-9.069187245174260559e-01,-3.622311988564650864e+00,-5.041439868439016869e-02,-4.580974560590136968e-01,5.210059994518292381e-01,1.000000000000000000e+00,-1.851797252893447876e-01,-2.813290059566497803e-01,-2.427745610475540161e-01,-1.717217713594436646e-01,-9.568794071674346924e-02,4.532496258616447449e-02
8.380000000000794813e+00,1.928283664317695378e-01,-9.076866300391198683e-01,-3.702601026218738767e+00,-7.403870005143131650e-02,-4.522898252002511277e-01,5.308494583547630485e-01,1.000000000000000000e+00,-1.810813993215560913e-01,-2.779588103294372559e-01,-2.394820153713226318e-01,-1.624843031167984009e-01,-8.159121125936508179e-02,4.019839689135551453e-02
8.400000000000783729e+00,1.895619011337558169e-01,-9.076256217824605343e-01,-3.771709546367991273e+00,-8.422504438467015575e-02,-4.500980697760981197e-01,5.350937684936125649e-01,1.000000000000000000e+00,-1.909790933132171631e-01,-2.762686610221862793e-01,-2.372907549142837524e-01,-1.590802967548370361e-01,-7.061757147312164307e-02,3.404290974140167236e-02
8.420000000000772644e+00,1.867096255688015516e-01,-9.075602459260910804e-01,-3.841220594599144444e+00,-8.514459371524533970e-02,-4.506713889674885953e-01,5.354769140480188927e-01,1.000000000000000000e+00,-2.009045481681823730e-01,-2.722265124320983887e-01,-2.374142110347747803e-01,-1.641506850719451904e-01,-7.228370010852813721e-02,3.153434395790100098e-02
8.440000000000761560e+00,1.842143100884502394e-01,-9.077252026910126448e-01,-3.920893089220561567e+00,-8.089018367231649853e-02,-4.530296339827868390e-01,5.337042431967985445e-01,1.000000000000000000e+00,-2.116880267858505249e-01,-2.738946676254272461e-01,-2.473668307065963745e-01,-1.825820952653884888e-01,-8.489596098661422729e-02,3.064225986599922180e-02
8.460000000000750475e+00,1.822682188121187430e-01,-9.076520641180194637e-01,-4.012490924506844969e+00,-8.150333512642378431e-02,-4.534904260611445359e-01,5.339597229693432423e-01,1.000000000000000000e+00,-2.100841701030731201e-01,-2.722796201705932617e-01,-2.530448734760284424e-01,-1.985129863023757935e-01,-9.881398081779479980e-02,3.250937908887863159e-02
8.480000000000739391e+00,1.809722781150073234e-01,-9.065118798136758693e-01,-4.107607381418313608e+00,-8.589917690954419760e-02,-4.518920639839892339e-01,5.357913237123100858e-01,1.000000000000000000e+00,-2.029552608728408813e-01,-2.665092349052429199e-01,-2.521945238113403320e-01,-2.026564180850982666e-01,-1.053285151720046997e-01,3.257669508457183838e-02
8.500000000000728306e+00,1.802463507526213538e-01,-9.041003224658258342e-01,-4.198479414150642519e+00,-8.791856552993264351e-02,-4.500535196344298550e-01,5.366327356374719360e-01,1.000000000000000000e+00,-2.050588130950927734e-01,-2.634488642215728760e-01,-2.537478208541870117e-01,-2.078397274017333984e-01,-1.068958118557929993e-01,2.951263077557086945e-02
8.520000000000717222e+00,1.799195230057129558e-01,-9.008015293812460245e-01,-4.283771146006603026e+00,-8.566997577991149193e-02,-4.488101644255553246e-01,5.356958232416297871e-01,1.000000000000000000e+00,-2.130588889122009277e-01,-2.607896327972412109e-01,-2.553333938121795654e-01,-2.166102379560470581e-01,-1.076978892087936401e-01,2.703097090125083923e-02
8.540000000000706137e+00,1.798234255823576988e-01,-8.969717560891714569e-01,-4.364863230890558832e+00,-8.006763361317741079e-02,-4.481784668424442786e-01,5.333615140054905890e-01,1.000000000000000000e+00,-2.224409431219100952e-01,-2.581196129322052002e-01,-2.568456232547760010e-01,-2.252687513828277588e-01,-1.094971001148223877e-01,2.449102513492107391e-02
8.560000000000695053e+00,1.799335697452967842e-01,-8.926874191085882870e-01,-4.442410450146937251e+00,-7.232472512578454193e-02,-4.478600879298004767e-01,5.301353021357435580e-01,1.000000000000000000e+00,-2.305495291948318481e-01,-2.553092837333679199e-01,-2.584348022937774658e-01,-2.320726662874221802e-01,-1.119222864508628845e-01,2.139938436448574066e-02
8.580000000000683968e+00,1.803192383744970373e-01,-8.878480488864879394e-01,-4.515485828648867717e+00,-6.282955947425018783e-02,-4.476577008628141452e-01,5.261789831142709151e-01,1.000000000000000000e+00,-2.376085370779037476e-01,-2.519134283065795898e-01,-2.599826455116271973e-01,-2.375273257493972778e-01,-1.139925345778465271e-01,1.703569851815700531e-02
8.600000000000672884e+00,1.810021415060549810e-01,-8.823580427966855044e-01,-4.582360702920576401e+00,-5.129782662497612417e-02,-4.476025390117021052e-01,5.213740944270733868e-01,1.000000000000000000e+00,-2.448272258043289185e-01,-2.469035536050796509e-01,-2.607922554016113281e-01,-2.425793558359146118e-01,-1.148174852132797241e-01,1.062575820833444595e-02
8.620000000000661800e+00,1.818914551247886036e-01,-8.761994812055144966e-01,-4.640955766642846037e+00,-3.801810457671574855e-02,-4.476402479695123504e-01,5.158408769069648958e-01,1.000000000000000000e+00,-2.523098289966583252e-01,-2.389421612024307251e-01,-2.594683766365051270e-01,-2.471776753664016724e-01,-1.139121353626251221e-01,2.158113289624452591e-03
8.640000000000650715e+00,1.828708523894641558e-01,-8.694169042903916456e-01,-4.689269344107609427e+00,-2.337682753019496365e-02,-4.477408942993019725e-01,5.097403448042479024e-01,1.000000000000000000e+00,-2.603962123394012451e-01,-2.274643182754516602e-01,-2.553701400756835938e-01,-2.509439587593078613e-01,-1.112045869231224060e-01,-8.858165703713893890e-03
8.660000000000639631e+00,1.837867182463726601e-01,-8.620860716224332254e-01,-4.725766500919391433e+00,-7.766256352563959825e-03,-4.479050487549068316e-01,5.032359401469016502e-01,1.000000000000000000e+00,-2.692807614803314209e-01,-2.122573256492614746e-01,-2.482800036668777466e-01,-2.535574734210968018e-01,-1.067375764250755310e-01,-2.317349240183830261e-02
8.680000000000628546e+00,1.844716466136272492e-01,-8.542374307586918514e-01,-4.749326281246760040e+00,-8.781603974475605048e-03,-4.482337042021806162e-01,4.963409983439684980e-01,1.000000000000000000e+00,-2.778828740119934082e-01,-1.928968131542205811e-01,-2.377485334873199463e-01,-2.548131048679351807e-01,-1.005004867911338806e-01,-4.044288396835327148e-02
8.700000000000617462e+00,1.848445611474610617e-01,-8.458064913987509703e-01,-4.759091151204867920e+00,-2.676782265860993063e-02,-4.488967324084975896e-01,4.888467405589125292e-01,1.000000000000000000e+00,-2.844228446483612061e-01,-1.706187725067138672e-01,-2.242910116910934448e-01,-2.546737790107727051e-01,-9.297689795494079590e-02,-5.820050835609436035e-02
8.720000000000606377e+00,1.850089212097128510e-01,-8.367738448208870139e-01,-4.755215700247661381e+00,-4.652342796551765108e-02,-4.499964825970524385e-01,4.806152383477009793e-01,1.000000000000000000e+00,-2.884506583213806152e-01,-1.500085890293121338e-01,-2.109050452709197998e-01,-2.536389529705047607e-01,-8.516552299261093140e-02,-7.351839542388916016e-02
8.740000000000595293e+00,1.851421381044733860e-01,-8.274294411368239288e-01,-4.739484524903262219e+00,-6.684989706620707295e-02,-4.512469483784423696e-01,4.721458762224137184e-01,1.000000000000000000e+00,-2.908452153205871582e-01,-1.350673288106918335e-01,-2.006490826606750488e-01,-2.517006993293762207e-01,-7.799826562404632568e-02,-8.534371852874755859e-02
8.760000000000584208e+00,1.853453618919594370e-01,-8.181892949791891301e-01,-4.715284114834560114e+00,-8.599830470160618745e-02,-4.522408306829009406e-01,4.641673730409974219e-01,1.000000000000000000e+00,-2.927612364292144775e-01,-1.270120292901992798e-01,-1.948292255401611328e-01,-2.494107633829116821e-01,-7.262854278087615967e-02,-9.332162141799926758e-02
8.780000000000573124e+00,1.856407631371428946e-01,-8.093859115422595840e-01,-4.686392789727059416e+00,-1.026839007861856806e-01,-4.526971298058489745e-01,4.572150413390893009e-01,1.000000000000000000e+00,-2.946501374244689941e-01,-1.248250752687454224e-01,-1.929305195808410645e-01,-2.478270828723907471e-01,-6.974142044782638550e-02,-9.738049656152725220e-02
8.800000000000562039e+00,1.859691770568100977e-01,-8.011538737577899028e-01,-4.655243201112834406e+00,-1.163222950953903823e-01,-4.524921563510491129e-01,4.515323770435873407e-01,1.000000000000000000e+00,-2.966296076774597168e-01,-1.262293606996536255e-01,-1.934148669242858887e-01,-2.471180707216262817e-01,-6.879968941211700439e-02,-9.880533069372177124e-02
8.820000000000550955e+00,1.862203401199082897e-01,-7.933966076392924283e-01,-4.622004953479449618e+00,-1.270637390665743383e-01,-4.516555331700770060e-01,4.470567753889273521e-01,1.000000000000000000e+00,-2.985078990459442139e-01,-1.281981319189071655e-01,-1.941073983907699585e-01,-2.467270940542221069e-01,-6.850921362638473511e-02,-9.946390986442565918e-02
8.840000000000539870e+00,1.862733724622883669e-01,-7.858290271378526315e-01,-4.584596394536839092e+00,-1.357434270040097368e-01,-4.503739399822875300e-01,4.434402387483292740e-01,1.000000000000000000e+00,-2.995327711105346680e-01,-1.271635442972183228e-01,-1.922866255044937134e-01,-2.456340193748474121e-01,-6.727603077888488770e-02,-1.010894179344177246e-01
8.860000000000528786e+00,1.860283992125495445e-01,-7.780532257745977898e-01,-4.539228977286058786e+00,-1.436541939125162981e-01,-4.489393257242610402e-01,4.401440858697848735e-01,1.000000000000000000e+00,-2.977411746978759766e-01,-1.196887195110321045e-01,-1.850116997957229614e-01,-2.417605221271514893e-01,-6.348212808370590210e-02,-1.046317964792251587e-01
8.880000000000517701e+00,1.854064340656880749e-01,-7.696522047581451087e-01,-4.481004454528964231e+00,-1.527211494673847147e-01,-4.478758439182992657e-01,4.363661877219230378e-01,1.000000000000000000e+00,-2.899869680404663086e-01,-1.035974994301795959e-01,-1.699389666318893433e-01,-2.315678596496582031e-01,-5.562364310026168823e-02,-1.097751259803771973e-01
8.900000000000506617e+00,1.843054313448119208e-01,-7.603627846403282486e-01,-4.404927514539081379e+00,-1.659907438276179426e-01,-4.482941761172067885e-01,4.308371900718258596e-01,1.000000000000000000e+00,-2.745208740234375000e-01,-8.011886477470397949e-02,-1.470415741205215454e-01,-2.121414393186569214e-01,-4.258716106414794922e-02,-1.148566454648971558e-01
8.920000000000495533e+00,1.825521659792692653e-01,-7.503739763562327081e-01,-4.308982471193052000e+00,-1.857201463923612295e-01,-4.514304081981653227e-01,4.226166056698494877e-01,1.000000000000000000e+00,-2.546038627624511719e-01,-5.631981790065765381e-02,-1.210036873817443848e-01,-1.868173032999038696e-01,-2.591264806687831879e-02,-1.171757653355598450e-01
8.940000000000484448e+00,1.799165401224813721e-01,-7.405037918325936275e-01,-4.198339672398119227e+00,-2.090217861334069394e-01,-4.570326949009700934e-01,4.129075891110804419e-01,1.000000000000000000e+00,-2.369876652956008911e-01,-4.021806269884109497e-02,-9.981671720743179321e-02,-1.641950607299804688e-01,-1.114420965313911438e-02,-1.164622232317924500e-01
8.960000000000473364e+00,1.761918727447527311e-01,-7.318005319494835792e-01,-4.085548912527110943e+00,-2.284136582533771165e-01,-4.629773794528470043e-01,4.048276423944262015e-01,1.000000000000000000e+00,-2.262061983346939087e-01,-3.374753519892692566e-02,-8.755960315465927124e-02,-1.483132392168045044e-01,-2.221459988504648209e-03,-1.141595691442489624e-01
8.980000000000462279e+00,1.712701625021649243e-01,-7.249292228173012109e-01,-3.985654495912826167e+00,-2.375532444737896431e-01,-4.669097778634793139e-01,4.010194814692543130e-01,1.000000000000000000e+00,-2.244397848844528198e-01,-3.818217292428016663e-02,-8.594270795583724976e-02,-1.417449116706848145e-01,-6.239940412342548370e-04,-1.102248504757881165e-01
9.000000000000451195e+00,1.651364487906252787e-01,-7.199703698333930202e-01,-3.911334285808843791e+00,-2.349857681849806812e-01,-4.679880308786364407e-01,4.020892632562580449e-01,1.000000000000000000e+00,-2.325507402420043945e-01,-5.837473645806312561e-02,-9.774641692638397217e-02,-1.444705575704574585e-01,-7.735195569694042206e-03,-1.019180044531822205e-01
9.020000000000440110e+00,1.578028030765303291e-01,-7.166578343134291096e-01,-3.872062520950286135e+00,-2.200016848780143308e-01,-4.655751602132147116e-01,4.083326313008273645e-01,1.000000000000000000e+00,-2.494234889745712280e-01,-1.099748983979225159e-01,-1.310945153236389160e-01,-1.541630625724792480e-01,-2.634974569082260132e-02,-7.996946573257446289e-02
9.040000000000429026e+00,1.497943052489824067e-01,-7.146173825152932757e-01,-3.868919780948623099e+00,-1.896712691128177308e-01,-4.580135531748082411e-01,4.209703045363259455e-01,1.000000000000000000e+00,-2.453515380620956421e-01,-1.991122364997863770e-01,-1.858137696981430054e-01,-1.518683135509490967e-01,-5.062571540474891663e-02,-3.208294510841369629e-02
9.060000000000417941e+00,1.426158037289448899e-01,-7.129179352071824960e-01,-3.879292713737933163e+00,-1.525577029828975861e-01,-4.480256821013611779e-01,4.364342904237926701e-01,1.000000000000000000e+00,-1.971903890371322632e-01,-2.537614107131958008e-01,-2.080572694540023804e-01,-1.234733313322067261e-01,-5.302071198821067810e-02,1.220870483666658401e-02
9.080000000000406857e+00,1.372458748332090472e-01,-7.102380735093271058e-01,-3.862900402193040872e+00,-1.169987143451503842e-01,-4.374448880779219229e-01,4.512505356895206710e-01,1.000000000000000000e+00,-1.663935333490371704e-01,-2.334599047899246216e-01,-1.792727559804916382e-01,-8.636502921581268311e-02,-2.384397014975547791e-02,6.094335578382015228e-03
9.100000000000395772e+00,1.331214713736275090e-01,-7.068889934465396596e-01,-3.801975874387276022e+00,-9.787226669130578982e-02,-4.318912939071078982e-01,4.592198888786225841e-01,1.000000000000000000e+00,-1.689967215061187744e-01,-1.460454016923904419e-01,-1.101949065923690796e-01,-7.075365632772445679e-02,4.752525594085454941e-03,-3.359732031822204590e-02
9.120000000000384688e+00,1.289165949452119042e-01,-7.048296633454179672e-01,-3.718538567664035899e+00,-8.838986113876408368e-02,-4.303393802614542962e-01,4.631708911921816330e-01,1.000000000000000000e+00,-2.049503475427627563e-01,-8.284382522106170654e-02,-8.151862025260925293e-02,-1.016489490866661072e-01,-6.292102392762899399e-03,-5.926226824522018433e-02
9.140000000000373603e+00,1.243333148351951634e-01,-7.049181681278714473e-01,-3.636899335353043217e+00,-9.176759507999733556e-02,-4.350970139482235877e-01,4.617635020500011067e-01,1.000000000000000000e+00,-2.211964279413223267e-01,-7.682164758443832397e-02,-9.324151277542114258e-02,-1.136038675904273987e-01,-2.055439725518226624e-02,-7.949522137641906738e-02
9.160000000000362519e+00,1.190239082116764102e-01,-7.064760572612416301e-01,-3.575313937401990216e+00,-1.161514597486592026e-01,-4.503908836251602765e-01,4.516035584380586609e-01,1.000000000000000000e+00,-2.227778583765029907e-01,-8.197852224111557007e-02,-9.687260538339614868e-02,-1.173133924603462219e-01,-2.836139127612113953e-02,-7.965735346078872681e-02
9.180000000000351434e+00,1.115738419627013700e-01,-7.085579877359170498e-01,-3.556479033903575004e+00,-1.455789130930323083e-01,-4.715250311424064034e-01,4.393421195445698646e-01,1.000000000000000000e+00,-2.321737855672836304e-01,-1.439368575811386108e-01,-1.361772567033767700e-01,-1.242279261350631714e-01,-3.719145059585571289e-02,-5.198976397514343262e-02
9.200000000000340350e+00,1.028468756521209171e-01,-7.101286231116540337e-01,-3.572735682460025153e+00,-1.423176893975168222e-01,-4.798081658888016521e-01,4.407009627510346528e-01,1.000000000000000000e+00,-1.823083013296127319e-01,-2.599131166934967041e-01,-2.032761424779891968e-01,-9.963038563728332520e-02,-4.365435242652893066e-02,2.641029469668865204e-02
9.220000000000329266e+00,9.449221226673676366e-02,-7.109952619594339662e-01,-3.602717964015074159e+00,-1.217488808926186772e-01,-4.791467974944595976e-01,4.492712996280755489e-01,1.000000000000000000e+00,-1.440647244453430176e-01,-2.596611082553863525e-01,-1.939529329538345337e-01,-8.081592619419097900e-02,-3.121697157621383667e-02,4.119161888957023621e-02
9.240000000000318181e+00,8.678159902271131987e-02,-7.121282545020835020e-01,-3.638821215937935172e+00,-9.814756342974674530e-02,-4.759559322417963867e-01,4.591051819042721860e-01,1.000000000000000000e+00,-1.376955807209014893e-01,-2.486330121755599976e-01,-1.860840320587158203e-01,-7.139822840690612793e-02,-1.943571493029594421e-02,3.761875256896018982e-02
9.260000000000307097e+00,7.952603995034701612e-02,-7.141246412392558973e-01,-3.682561923806523918e+00,-5.235165501774700914e-02,-4.636010818689890733e-01,4.781868104092720784e-01,1.000000000000000000e+00,-1.451328247785568237e-01,-2.418836504220962524e-01,-1.851978302001953125e-01,-7.394753396511077881e-02,-2.226368524134159088e-02,3.565313667058944702e-02
9.280000000000296012e+00,7.273448540895144365e-02,-7.165374527475389943e-01,-3.731722860306350142e+00,-1.064256285130973402e-02,-4.537834197214937193e-01,4.955655988119542776e-01,1.000000000000000000e+00,-1.544179618358612061e-01,-2.424432635307312012e-01,-1.936358213424682617e-01,-8.747709542512893677e-02,-3.966738656163215637e-02,4.061478003859519958e-02
9.300000000000284928e+00,6.587768693181172974e-02,-7.191059972030272585e-01,-3.796078451805734666e+00,-1.983641543638680910e-03,-4.568010371219289323e-01,4.991734826901505495e-01,1.000000000000000000e+00,-1.892330795526504517e-01,-2.586104571819305420e-01,-2.210993766784667969e-01,-1.260313242673873901e-01,-6.627867370843887329e-02,3.708304092288017273e-02
9.320000000000273843e+00,5.877828564510090281e-02,-7.216685891859553337e-01,-3.885457275793624987e+00,-1.894201499013359151e-03,-4.617365748380046764e-01,5.007892506245888997e-01,1.000000000000000000e+00,-2.073045670986175537e-01,-2.778723835945129395e-01,-2.425668686628341675e-01,-1.637625992298126221e-01,-8.957866579294204712e-02,3.816033154726028442e-02
9.340000000000262759e+00,5.243276989510148312e-02,-7.232732623565272245e-01,-3.986135817293871231e+00,-2.957156646849758846e-02,-4.572236767247605527e-01,5.123214860285406624e-01,1.000000000000000000e+00,-1.895814836025238037e-01,-2.792873382568359375e-01,-2.409228831529617310e-01,-1.720065921545028687e-01,-9.745709598064422607e-02,4.463605955243110657e-02
9.360000000000251674e+00,4.761907757823347076e-02,-7.232854240910819854e-01,-4.074983738277939693e+00,-6.914513816080240793e-02,-4.471877241486258425e-01,5.288104742336676711e-01,1.000000000000000000e+00,-1.734080910682678223e-01,-2.724359333515167236e-01,-2.342416495084762573e-01,-1.616684645414352417e-01,-8.719777315855026245e-02,4.372483119368553162e-02
9.380000000000240590e+00,4.402714271192365025e-02,-7.222606092417777068e-01,-4.147443634397831147e+00,-9.122373665558781985e-02,-4.419046187671403225e-01,5.380098902731615951e-01,1.000000000000000000e+00,-1.807232201099395752e-01,-2.719237506389617920e-01,-2.329335957765579224e-01,-1.561681926250457764e-01,-7.248805463314056396e-02,3.662974759936332703e-02
9.400000000000229505e+00,4.103924012578730185e-02,-7.211217175490298725e-01,-4.213524343245112824e+00,-9.769359431506527414e-02,-4.409368354772467136e-01,5.407056642979438665e-01,1.000000000000000000e+00,-1.907156705856323242e-01,-2.669716775417327881e-01,-2.295665591955184937e-01,-1.549700349569320679e-01,-6.716915965080261230e-02,3.245836123824119568e-02
9.420000000000218421e+00,3.827491523436310494e-02,-7.202822328486022663e-01,-4.284369638002451630e+00,-9.153971700332820538e-02,-4.440624310553540899e-01,5.381415487513867557e-01,1.000000000000000000e+00,-2.016391903162002563e-01,-2.638534009456634521e-01,-2.331357002258300781e-01,-1.657272726297378540e-01,-7.406410574913024902e-02,3.046760149300098419e-02
9.440000000000207336e+00,3.576386380468665749e-02,-7.197395888548471232e-01,-4.368212103068425556e+00,-8.089948710702739298e-02,-4.488092516702994472e-01,5.337081196279280793e-01,1.000000000000000000e+00,-2.098192870616912842e-01,-2.676035463809967041e-01,-2.448663413524627686e-01,-1.869007050991058350e-01,-8.903757482767105103e-02,3.047055564820766449e-02
9.460000000000196252e+00,3.402986322891710103e-02,-7.189182658311957796e-01,-4.462342119827733100e+00,-8.228185555140266061e-02,-4.491799368331774733e-01,5.342841064797511086e-01,1.000000000000000000e+00,-2.017641514539718628e-01,-2.633551955223083496e-01,-2.459694743156433105e-01,-1.975894868373870850e-01,-1.005405932664871216e-01,3.326906636357307434e-02
9.480000000000185167e+00,3.343306378406463164e-02,-7.171968712012077862e-01,-4.556358050620962885e+00,-8.901976881399810415e-02,-4.468821765246256961e-01,5.370915703391658802e-01,1.000000000000000000e+00,-1.962773799896240234e-01,-2.586160004138946533e-01,-2.454465329647064209e-01,-2.001072019338607788e-01,-1.039392724633216858e-01,3.202861547470092773e-02
9.500000000000174083e+00,3.382500642719177275e-02,-7.146367091901548729e-01,-4.644921572989338721e+00,-9.210868205198038949e-02,-4.447588986648882692e-01,5.383786175216584979e-01,1.000000000000000000e+00,-2.009039074182510376e-01,-2.564710378646850586e-01,-2.472822219133377075e-01,-2.065004855394363403e-01,-1.043323501944541931e-01,2.906391955912113190e-02
9.520000000000162999e+00,3.483513158955198197e-02,-7.115903632302059689e-01,-4.728695618310762683e+00,-8.924874532475372824e-02,-4.438549631599966183e-01,5.371869772186473879e-01,1.000000000000000000e+00,-2.098190337419509888e-01,-2.541755437850952148e-01,-2.488474249839782715e-01,-2.151537239551544189e-01,-1.054694503545761108e-01,2.675220370292663574e-02
9.540000000000151914e+00,3.624412124798825907e-02,-7.082456613325026629e-01,-4.809383318313378730e+00,-8.218328835001749433e-02,-4.438692299829549159e-01,5.342430368125072881e-01,1.000000000000000000e+00,-2.190195918083190918e-01,-2.516640126705169678e-01,-2.505702078342437744e-01,-2.229758352041244507e-01,-1.079460382461547852e-01,2.418445050716400146e-02
9.560000000000140830e+00,3.810817228032514770e-02,-7.045811720589085780e-01,-4.887060323630961989e+00,-7.326370766378964561e-02,-4.440512802977267803e-01,5.305265448599123523e-01,1.000000000000000000e+00,-2.263941764831542969e-01,-2.489246279001235962e-01,-2.523052096366882324e-01,-2.288775444030761719e-01,-1.107399538159370422e-01,2.106891199946403503e-02
9.580000000000129745e+00,4.056839660245081802e-02,-7.005000455168624018e-01,-4.960278541897499949e+00,-6.302152908155775335e-02,-4.441343749231191351e-01,5.262589704506490662e-01,1.000000000000000000e+00,-2.331902980804443359e-01,-2.457978874444961548e-01,-2.541114389896392822e-01,-2.339225560426712036e-01,-1.127872392535209656e-01,1.638782583177089691e-02
9.600000000000118661e+00,4.365294270869490845e-02,-6.959376003980572989e-01,-5.027225142074563280e+00,-5.105835530943982764e-02,-4.442081101416120448e-01,5.212743147122665954e-01,1.000000000000000000e+00,-2.404258549213409424e-01,-2.411144971847534180e-01,-2.551144361495971680e-01,-2.388741821050643921e-01,-1.133865937590599060e-01,9.736042469739913940e-03
9.620000000000107576e+00,4.722753025496506663e-02,-6.908555283569766114e-01,-5.085946627567405010e+00,-3.734205066002793671e-02,-4.443716301932120194e-01,5.155591877750116403e-01,1.000000000000000000e+00,-2.479272931814193726e-01,-2.336200028657913208e-01,-2.539552152156829834e-01,-2.433994859457015991e-01,-1.123408228158950806e-01,1.369278179481625557e-03
9.640000000000096492e+00,5.113644054193577926e-02,-6.852573841513891484e-01,-5.134565420792576163e+00,-2.176691604491089865e-02,-4.447838055716865635e-01,5.090695483520462084e-01,1.000000000000000000e+00,-2.561271786689758301e-01,-2.229712605476379395e-01,-2.502141594886779785e-01,-2.470642477273941040e-01,-1.096827089786529541e-01,-9.358603507280349731e-03
9.660000000000085407e+00,5.520814155120890021e-02,-6.791572421578679908e-01,-5.171682709670800904e+00,-4.448603751961854522e-03,-4.455413572000399003e-01,5.018535848966507729e-01,1.000000000000000000e+00,-2.651306986808776855e-01,-2.089793682098388672e-01,-2.436966300010681152e-01,-2.495092153549194336e-01,-1.054307743906974792e-01,-2.315082959830760956e-02
9.680000000000074323e+00,5.929525091903509182e-02,-6.725204486620582900e-01,-5.196217379870540221e+00,-1.427992400656821065e-02,-4.466319737740531148e-01,4.940500316639299117e-01,1.000000000000000000e+00,-2.737263143062591553e-01,-1.912437528371810913e-01,-2.340861111879348755e-01,-2.505058646202087402e-01,-9.953783452510833740e-02,-3.952678292989730835e-02
9.700000000000063238e+00,6.336104910243134380e-02,-6.652690367357404488e-01,-5.207283936851395900e+00,-3.428139541776515503e-02,-4.480090137290240193e-01,4.857160852425978503e-01,1.000000000000000000e+00,-2.804714441299438477e-01,-1.706324368715286255e-01,-2.219523191452026367e-01,-2.503137886524200439e-01,-9.232109785079956055e-02,-5.649838969111442566e-02
9.720000000000052154e+00,6.749654847448471884e-02,-6.574071377704435726e-01,-5.204948915679278976e+00,-5.539610695615926339e-02,-4.496223971260249752e-01,4.769182887682669736e-01,1.000000000000000000e+00,-2.851791977882385254e-01,-1.509240269660949707e-01,-2.097348123788833618e-01,-2.497485429048538208e-01,-8.467300236225128174e-02,-7.165727019309997559e-02
9.740000000000041069e+00,7.175864492900652092e-02,-6.492162643252109566e-01,-5.190836344400652891e+00,-7.632185632278067067e-02,-4.511421669703928883e-01,4.681992265321747171e-01,1.000000000000000000e+00,-2.881549894809722900e-01,-1.359457671642303467e-01,-1.998974531888961792e-01,-2.485202848911285400e-01,-7.759555429220199585e-02,-8.357691764831542969e-02
9.760000000000029985e+00,7.605545259639090450e-02,-6.410774917643706772e-01,-5.167853386114461323e+00,-9.501822838258408566e-02,-4.520272687192523065e-01,4.604090715072566287e-01,1.000000000000000000e+00,-2.902178764343261719e-01,-1.272096633911132812e-01,-1.938155591487884521e-01,-2.466557472944259644e-01,-7.213937491178512573e-02,-9.180977940559387207e-02
9.780000000000018900e+00,8.025543296062198628e-02,-6.332782763803179726e-01,-5.139354803713900743e+00,-1.102482302774282219e-01,-4.519887962112866253e-01,4.540632373844049052e-01,1.000000000000000000e+00,-2.919723093509674072e-01,-1.240196600556373596e-01,-1.913178116083145142e-01,-2.450330257415771484e-01,-6.892633438110351562e-02,-9.637220948934555054e-02
9.800000000000007816e+00,8.423968230868850160e-02,-6.259201673078471639e-01,-5.107665845807984439e+00,-1.219310401247830633e-01,-4.510780065594684474e-01,4.491953999480070570e-01,1.000000000000000000e+00,-2.936345040798187256e-01,-1.242861673235893250e-01,-1.910313218832015991e-01,-2.439829856157302856e-01,-6.751325726509094238e-02,-9.835932403802871704e-02
9.819999999999996732e+00,8.794262584245937653e-02,-6.188992888094839717e-01,-5.073153807824321682e+00,-1.309459057148344707e-01,-4.495997981766181595e-01,4.454392059521523062e-01,1.000000000000000000e+00,-2.950774431228637695e-01,-1.251831948757171631e-01,-1.909449994564056396e-01,-2.431187182664871216e-01,-6.673017144203186035e-02,-9.946227818727493286e-02
9.839999999999985647e+00,9.137014589896297334e-02,-6.119501933220559131e-01,-5.034140617810709095e+00,-1.388157941310592947e-01,-4.480098591124206386e-01,4.421600857787252870e-01,1.000000000000000000e+00,-2.956306636333465576e-01,-1.234459057450294495e-01,-1.886131018400192261e-01,-2.415384501218795776e-01,-6.511580944061279297e-02,-1.012818887829780579e-01
9.859999999999974563e+00,9.459434906493824347e-02,-6.047188216634067359e-01,-4.987357495533088603e+00,-1.474156610836664660e-01,-4.468360757854066834e-01,4.385768078818056415e-01,1.000000000000000000e+00,-2.935629487037658691e-01,-1.160053759813308716e-01,-1.814449727535247803e-01,-2.373777478933334351e-01,-6.119223684072494507e-02,-1.047102063894271851e-01
9.879999999999963478e+00,9.770802736886097239e-02,-5.968508315160558908e-01,-4.928559484679301050e+00,-1.591135403887149746e-01,-4.468075635974100845e-01,4.337026915047020870e-01,1.000000000000000000e+00,-2.862966656684875488e-01,-1.011888235807418823e-01,-1.675600409507751465e-01,-2.276225090026855469e-01,-5.368063598871231079e-02,-1.094658598303794861e-01
9.899999999999952394e+00,1.007178988343137016e-01,-5.881230171057965084e-01,-4.853632580379430017e+00,-1.764183266626208335e-01,-4.488962228067181481e-01,4.264923638905746550e-01,1.000000000000000000e+00,-2.726140022277832031e-01,-8.036337047815322876e-02,-1.471643000841140747e-01,-2.100538462400436401e-01,-4.184041917324066162e-02,-1.140457168221473694e-01
9.919999999999941309e+00,1.034048540595058352e-01,-5.786413896715144611e-01,-4.761205737851957664e+00,-1.990945792593474262e-01,-4.534140381492152150e-01,4.170439253086052345e-01,1.000000000000000000e+00,-2.552376389503479004e-01,-5.911525338888168335e-02,-1.240483596920967102e-01,-1.875954717397689819e-01,-2.707168273627758026e-02,-1.163003221154212952e-01
9.939999999999930225e+00,1.052810230578691275e-01,-5.689567640198676113e-01,-4.655946263309577837e+00,-2.221456102645786856e-01,-4.591598409475236564e-01,4.074393290564255476e-01,1.000000000000000000e+00,-2.396756559610366821e-01,-4.413121938705444336e-02,-1.048299372196197510e-01,-1.674915999174118042e-01,-1.382571086287498474e-02,-1.159059107303619385e-01
9.959999999999919140e+00,1.057892140134785164e-01,-5.597997776667268388e-01,-4.548669432069647911e+00,-2.388522329524158938e-01,-4.640740001215963306e-01,4.004782362698267040e-01,1.000000000000000000e+00,-2.297386676073074341e-01,-3.774793446063995361e-02,-9.329065680503845215e-02,-1.530330330133438110e-01,-5.475599318742752075e-03,-1.138533577322959900e-01
9.979999999999908056e+00,1.045745582724182388e-01,-5.516585336456167887e-01,-4.452446521634899845e+00,-2.446783653903773503e-01,-4.664324882278343409e-01,3.980506810873427614e-01,1.000000000000000000e+00,-2.275049388408660889e-01,-4.170413315296173096e-02,-9.138116240501403809e-02,-1.459859460592269897e-01,-3.648091806098818779e-03,-1.098726764321327209e-01
9.999999999999896971e+00,1.015592681985175716e-01,-5.446199642426876597e-01,-4.378789067865409557e+00,-2.387345623843395437e-01,-4.656869003574659605e-01,4.005272656731918568e-01,1.000000000000000000e+00,-2.340895682573318481e-01,-6.105118617415428162e-02,-1.021273583173751831e-01,-1.469073891639709473e-01,-9.864123538136482239e-03,-1.013533994555473328e-01
