time,x,y,yaw,reward,yaw_rate,turn_radius,steady_state,action_0,action_1,action_2,action_3,action_4,action_5
2.000000000000001082e-02,5.998780018363076838e-01,1.497932494184450736e-03,-2.930543508126470797e-02,0.000000000000000000e+00,-2.566528598984123999e+00,inf,0.000000000000000000e+00,-1.751560270786285400e-01,-1.181725636124610901e-01,-7.205908000469207764e-02,-7.342458516359329224e-02,-2.684311568737030029e-02,-2.072650939226150513e-02
4.000000000000002859e-02,5.990883644703258737e-01,1.624555019776985354e-03,-6.777744865639642735e-02,0.000000000000000000e+00,-1.862220647259121620e+00,inf,0.000000000000000000e+00,-6.054326891899108887e-02,-8.179388940334320068e-02,-9.327256679534912109e-02,-9.495113790035247803e-02,-2.146274410188198090e-02,-2.405175752937793732e-02
6.000000000000004635e-02,5.980636339562414028e-01,-1.807620054082359484e-03,-7.055868209331535301e-02,0.000000000000000000e+00,-9.853714000562806552e-01,inf,0.000000000000000000e+00,-4.978086054325103760e-02,-7.181090116500854492e-02,-6.930607557296752930e-02,-1.034102663397789001e-01,-2.659224718809127808e-02,-4.193514212965965271e-02
8.000000000000005718e-02,5.974475945952075762e-01,-6.302624490303221361e-03,-4.435612461030043197e-02,0.000000000000000000e+00,-3.124784857850572695e-01,inf,0.000000000000000000e+00,-7.925059646368026733e-02,-6.356351822614669800e-02,-3.886388987302780151e-02,-1.003823876380920410e-01,-3.804910555481910706e-02,-5.078446865081787109e-02
1.000000000000000749e-01,5.972689538813389376e-01,-9.001736284267314314e-03,-1.515648481701037734e-02,0.000000000000000000e+00,-1.036944668737000905e-02,inf,0.000000000000000000e+00,-1.441028863191604614e-01,-6.999508291482925415e-02,-1.942978240549564362e-02,-5.652452632784843445e-02,-4.951920360326766968e-02,-3.910519927740097046e-02
1.200000000000000927e-01,5.970147544506886339e-01,-8.921468289729006518e-03,1.470809352569608930e-03,0.000000000000000000e+00,8.323424889533430349e-02,inf,0.000000000000000000e+00,-1.700561493635177612e-01,-6.838561594486236572e-02,-2.663841284811496735e-02,-1.644082926213741302e-02,-3.359224647283554077e-02,-1.204811315983533859e-02
1.400000000000000966e-01,5.964439750977916788e-01,-7.217881119461033723e-03,6.615034184824224173e-03,0.000000000000000000e+00,8.121680577376615140e-02,inf,0.000000000000000000e+00,-1.789224594831466675e-01,-7.727063447237014771e-02,-4.633547365665435791e-02,-9.358560666441917419e-03,-1.581409573554992676e-02,3.048976883292198181e-03
1.600000000000001144e-01,5.959521537286460724e-01,-4.655880476807983115e-03,-5.151516146858612158e-03,0.000000000000000000e+00,-5.729028748338362009e-02,inf,0.000000000000000000e+00,-2.182901054620742798e-01,-1.192236244678497314e-01,-6.820580363273620605e-02,-1.957295648753643036e-02,-9.255994111299514771e-03,8.948743343353271484e-03
1.800000000000001321e-01,5.957091913776310088e-01,-1.783284578036503643e-03,-3.382704559784496107e-02,0.000000000000000000e+00,-2.303192621689114927e-01,inf,0.000000000000000000e+00,-2.221507579088211060e-01,-1.536564379930496216e-01,-8.618901669979095459e-02,-4.098345711827278137e-02,-8.660081773996353149e-03,9.723898954689502716e-03
2.000000000000001499e-01,5.954439312885841940e-01,1.378244952371376897e-05,-6.047010373566932134e-02,0.000000000000000000e+00,-3.037675226235584947e-01,inf,0.000000000000000000e+00,-1.814708858728408813e-01,-1.665748804807662964e-01,-9.416523575782775879e-02,-8.166047185659408569e-02,-1.226045656949281693e-02,-5.904789082705974579e-03
2.200000000000001676e-01,5.950212989085953419e-01,1.443764274167147477e-04,-6.886754641647185871e-02,0.000000000000000000e+00,-2.711647502896732953e-01,inf,0.000000000000000000e+00,-1.557335406541824341e-01,-1.713923811912536621e-01,-8.418954908847808838e-02,-1.070317104458808899e-01,-2.710101194679737091e-02,-2.874989062547683716e-02
2.400000000000001854e-01,5.944644740084593648e-01,-3.638101411512772998e-04,-6.069960438761162064e-02,0.000000000000000000e+00,-1.974091346335906383e-01,inf,0.000000000000000000e+00,-1.574542224407196045e-01,-1.601442396640777588e-01,-6.829788535833358765e-02,-1.091701686382293701e-01,-4.005664959549903870e-02,-4.037300497293472290e-02
2.600000000000001754e-01,5.936042243513179884e-01,2.109377676864365725e-04,-4.998379981999041127e-02,0.000000000000000000e+00,-1.548978914387477979e-01,inf,0.000000000000000000e+00,-1.932635754346847534e-01,-1.376975923776626587e-01,-5.497206375002861023e-02,-7.170112431049346924e-02,-4.561325162649154663e-02,-2.709827199578285217e-02
2.800000000000001932e-01,5.920758012660376490e-01,2.604932205120091826e-03,-4.408634297270207225e-02,0.000000000000000000e+00,-1.307353201044066937e-01,inf,0.000000000000000000e+00,-2.001650631427764893e-01,-1.013965755701065063e-01,-5.751088261604309082e-02,-1.601778715848922729e-02,-2.351270057260990143e-02,5.503638647496700287e-03
3.000000000000002109e-01,5.898829826709043322e-01,6.693331440301986124e-03,-4.706001207055026531e-02,0.000000000000000000e+00,-1.556233161706864210e-01,inf,0.000000000000000000e+00,-2.066718339920043945e-01,-1.094970107078552246e-01,-6.654404848814010620e-02,-7.077750284224748611e-03,-9.876643307507038116e-03,1.562757603824138641e-02
3.200000000000002287e-01,5.878028220862546727e-01,1.225713475758916093e-02,-7.176487017786971345e-02,0.000000000000000000e+00,-2.625815735763939451e-01,inf,0.000000000000000000e+00,-2.232006341218948364e-01,-1.388971954584121704e-01,-8.228775113821029663e-02,-1.682986319065093994e-02,-2.197936875745654106e-03,1.824016124010086060e-02
3.400000000000002465e-01,5.864678050555655053e-01,1.840078026901031949e-02,-1.201521872967919596e-01,0.000000000000000000e+00,-4.141678536709842984e-01,inf,0.000000000000000000e+00,-2.128117531538009644e-01,-1.601975858211517334e-01,-9.419624507427215576e-02,-3.621362894773483276e-02,-7.550488226115703583e-04,1.542806439101696014e-02
3.600000000000002642e-01,5.860285195359413724e-01,2.361472537675857186e-02,-1.774215255077210285e-01,0.000000000000000000e+00,-5.483543522013929472e-01,inf,0.000000000000000000e+00,-1.692214757204055786e-01,-1.689438521862030029e-01,-1.027612686157226562e-01,-7.878466695547103882e-02,2.007375936955213547e-03,1.467287307605147362e-03
3.800000000000002820e-01,5.861841274045437311e-01,2.715951349611978038e-02,-2.294410885254916099e-01,0.000000000000000000e+00,-6.458614684605299416e-01,inf,0.000000000000000000e+00,-1.410361081361770630e-01,-1.719399243593215942e-01,-1.024811938405036926e-01,-1.027757823467254639e-01,-7.534236181527376175e-03,-1.310994755476713181e-02
4.000000000000002998e-01,5.864448880212685955e-01,2.976800613402669216e-02,-2.756030442040131034e-01,0.000000000000000000e+00,-7.269458203023434484e-01,inf,0.000000000000000000e+00,-1.376052498817443848e-01,-1.710772812366485596e-01,-1.056258082389831543e-01,-1.140002906322479248e-01,-1.280675921589136124e-02,-2.165244333446025848e-02
4.200000000000003175e-01,5.864625878145228732e-01,3.261114117587776695e-02,-3.238662219856803248e-01,0.000000000000000000e+00,-8.147818397382725619e-01,inf,0.000000000000000000e+00,-1.482628434896469116e-01,-1.671135574579238892e-01,-1.160224005579948425e-01,-1.119840517640113831e-01,-1.006133947521448135e-02,-1.801661401987075806e-02
4.400000000000003353e-01,5.860906356010264773e-01,3.614377936836538074e-02,-3.789742634952109057e-01,0.000000000000000000e+00,-9.100426724799617340e-01,inf,0.000000000000000000e+00,-1.653181463479995728e-01,-1.554349213838577271e-01,-1.221514120697975159e-01,-9.304097294807434082e-02,-2.456081565469503403e-04,-4.975337535142898560e-03
4.600000000000003531e-01,5.854568316938797423e-01,3.988385950205325381e-02,-4.372938377391994424e-01,0.000000000000000000e+00,-9.964327617666218773e-01,inf,0.000000000000000000e+00,-1.756673008203506470e-01,-1.418679058551788330e-01,-1.183156222105026245e-01,-6.928952038288116455e-02,6.843790411949157715e-03,6.933477241545915604e-03
4.800000000000003708e-01,5.848641977974897710e-01,4.304272187100743885e-02,-4.942369287533571742e-01,0.000000000000000000e+00,-1.071015007250313733e+00,inf,0.000000000000000000e+00,-1.776114106178283691e-01,-1.401757597923278809e-01,-1.179445981979370117e-01,-6.947581470012664795e-02,9.330329485237598419e-03,6.411002483218908310e-03
5.000000000000003331e-01,5.845325452024410229e-01,4.500475377340096284e-02,-5.497530430567703075e-01,0.000000000000000000e+00,-1.138747705985821090e+00,inf,0.000000000000000000e+00,-1.641867905855178833e-01,-1.511249393224716187e-01,-1.228921264410018921e-01,-9.842102974653244019e-02,6.141116376966238022e-03,-7.416376844048500061e-03
5.200000000000003508e-01,5.845920132567098415e-01,4.506626137822172806e-02,-6.008103248050971068e-01,0.000000000000000000e+00,-1.186996591369354759e+00,inf,0.000000000000000000e+00,-1.289018839597702026e-01,-1.526941508054733276e-01,-1.180212125182151794e-01,-1.255773603916168213e-01,-3.790210932493209839e-03,-2.641131170094013214e-02
5.400000000000003686e-01,5.851311640147190962e-01,4.298592411709839523e-02,-6.416181477006375200e-01,0.000000000000000000e+00,-1.209184006437034498e+00,inf,0.000000000000000000e+00,-1.044355928897857666e-01,-1.403476446866989136e-01,-1.017264798283576965e-01,-1.373726874589920044e-01,-9.522048756480216980e-03,-4.271775484085083008e-02
5.600000000000003864e-01,5.861726806899210107e-01,3.956892564737296558e-02,-6.715178051279092619e-01,0.000000000000000000e+00,-1.213059221753643557e+00,inf,0.000000000000000000e+00,-9.156922996044158936e-02,-1.253377795219421387e-01,-9.138591587543487549e-02,-1.395806968212127686e-01,-1.396271120756864548e-02,-4.938920587301254272e-02
5.800000000000004041e-01,5.874651766217047211e-01,3.601592697749400607e-02,-6.981688125815508350e-01,0.000000000000000000e+00,-1.219646693129160742e+00,inf,0.000000000000000000e+00,-9.742911159992218018e-02,-1.164345815777778625e-01,-9.283746778964996338e-02,-1.431391239166259766e-01,-1.610963419079780579e-02,-5.422627553343772888e-02
6.000000000000004219e-01,5.884951357496732705e-01,3.310219111646589552e-02,-7.321054053418614149e-01,0.000000000000000000e+00,-1.243758413105879868e+00,inf,0.000000000000000000e+00,-1.152069494128227234e-01,-1.174297854304313660e-01,-1.036763936281204224e-01,-1.418567001819610596e-01,-1.454914640635251999e-02,-5.154000222682952881e-02
6.200000000000004396e-01,5.889391187080965651e-01,3.066364377921043660e-02,-7.756128633757262136e-01,0.000000000000000000e+00,-1.277738416866919247e+00,inf,0.000000000000000000e+00,-1.252881288528442383e-01,-1.226003766059875488e-01,-1.149594932794570923e-01,-1.362991333007812500e-01,-8.522407151758670807e-03,-4.390322417020797729e-02
6.400000000000004574e-01,5.889085377836100754e-01,2.778590538466746418e-02,-8.200384922532220067e-01,0.000000000000000000e+00,-1.301823604853940664e+00,inf,0.000000000000000000e+00,-1.249236688017845154e-01,-1.251222193241119385e-01,-1.175167262554168701e-01,-1.371766775846481323e-01,-3.613059408962726593e-03,-4.241145402193069458e-02
6.600000000000004752e-01,5.889218554301091091e-01,2.352277355336812592e-02,-8.527309458523666397e-01,0.000000000000000000e+00,-1.298631780505324684e+00,inf,0.000000000000000000e+00,-1.155675053596496582e-01,-1.223550587892532349e-01,-1.091639921069145203e-01,-1.447926163673400879e-01,-5.204797722399234772e-03,-5.046662315726280212e-02
6.800000000000004929e-01,5.897512599380507758e-01,1.725174774965720914e-02,-8.607043296293359624e-01,0.000000000000000000e+00,-1.251631155371716542e+00,inf,0.000000000000000000e+00,-9.148112684488296509e-02,-9.995795041322708130e-02,-8.766629546880722046e-02,-1.474005579948425293e-01,-1.467581186443567276e-02,-6.057658419013023376e-02
7.000000000000005107e-01,5.920339460565448020e-01,9.096288389589812784e-03,-8.361140283245002136e-01,0.000000000000000000e+00,-1.160191998245864831e+00,inf,0.000000000000000000e+00,-6.864407658576965332e-02,-6.548176705837249756e-02,-5.948636680841445923e-02,-1.396161764860153198e-01,-2.717467211186885834e-02,-6.726984679698944092e-02
7.200000000000005285e-01,5.957370109555177873e-01,1.884347072137471102e-04,-7.861111811241079383e-01,0.000000000000000000e+00,-1.049561082470863660e+00,inf,0.000000000000000000e+00,-6.489103287458419800e-02,-4.235346615314483643e-02,-4.150899127125740051e-02,-1.240957006812095642e-01,-3.385506570339202881e-02,-6.580101698637008667e-02
7.400000000000005462e-01,6.001415244884348299e-01,-7.972504189238505123e-03,-7.295572612244600741e-01,0.000000000000000000e+00,-9.482875807366003551e-01,inf,0.000000000000000000e+00,-7.337608188390731812e-02,-3.078250214457511902e-02,-3.618434071540832520e-02,-1.067453324794769287e-01,-3.660155460238456726e-02,-6.056496500968933105e-02
7.600000000000005640e-01,6.043729220984580541e-01,-1.415797821787079247e-02,-6.861215360955222886e-01,0.000000000000000000e+00,-8.790501233333596343e-01,inf,0.000000000000000000e+00,-9.805008023977279663e-02,-3.784880414605140686e-02,-4.452739655971527100e-02,-1.024957671761512756e-01,-3.625474497675895691e-02,-5.676075816154479980e-02
7.800000000000005818e-01,6.077390899298809046e-01,-1.803381963184375048e-02,-6.677421880450865599e-01,0.000000000000000000e+00,-8.470948704032915666e-01,inf,0.000000000000000000e+00,-1.263562589883804321e-01,-6.380765140056610107e-02,-6.294057518243789673e-02,-1.158697158098220825e-01,-3.388504311442375183e-02,-5.625342577695846558e-02
8.000000000000005995e-01,6.098882751439570482e-01,-2.066823756947477886e-02,-6.680918528039863080e-01,0.000000000000000000e+00,-8.296180731340261350e-01,inf,0.000000000000000000e+00,-1.292142570018768311e-01,-9.317133575677871704e-02,-7.929623872041702271e-02,-1.334565132856369019e-01,-3.070516325533390045e-02,-5.770792812108993530e-02
8.200000000000006173e-01,6.111557534976899131e-01,-2.405365568725553738e-02,-6.637894022135245597e-01,0.000000000000000000e+00,-7.921000519043235322e-01,inf,0.000000000000000000e+00,-1.113153621554374695e-01,-1.016773134469985962e-01,-8.012134581804275513e-02,-1.401548981666564941e-01,-2.754849940538406372e-02,-5.970375239849090576e-02
8.400000000000006350e-01,6.127299852961636262e-01,-2.952202883511545473e-02,-6.317243886359262817e-01,0.000000000000000000e+00,-7.149023186651366490e-01,inf,0.000000000000000000e+00,-9.911738336086273193e-02,-8.294942229986190796e-02,-5.934955179691314697e-02,-1.365209221839904785e-01,-3.143423423171043396e-02,-6.619613617658615112e-02
8.600000000000006528e-01,6.158565653999845679e-01,-3.690249844750392860e-02,-5.638032715841726494e-01,0.000000000000000000e+00,-6.010340366888802244e-01,inf,0.000000000000000000e+00,-9.731535613536834717e-02,-5.277058109641075134e-02,-3.356278687715530396e-02,-1.088860109448432922e-01,-4.169125109910964966e-02,-6.529968231916427612e-02
8.800000000000006706e-01,6.211156343027249838e-01,-4.480104878775204025e-02,-4.675991141861993161e-01,0.000000000000000000e+00,-4.673668210006304835e-01,inf,0.000000000000000000e+00,-1.058119386434555054e-01,-2.569821663200855255e-02,-1.090095564723014832e-02,-5.901416391134262085e-02,-4.456403106451034546e-02,-4.927808418869972229e-02
9.000000000000006883e-01,6.279530492645143402e-01,-5.125883892102350847e-02,-3.604639700481702125e-01,0.000000000000000000e+00,-3.400218839442344931e-01,inf,0.000000000000000000e+00,-1.243570446968078613e-01,-1.895037665963172913e-02,-1.750561874359846115e-03,-2.829404361546039581e-02,-3.739082440733909607e-02,-3.375818952918052673e-02
9.200000000000007061e-01,6.352589691173431419e-01,-5.486053741820584584e-02,-2.681988351214434352e-01,0.000000000000000000e+00,-2.465095922814749541e-01,inf,0.000000000000000000e+00,-1.507158577442169189e-01,-3.446817770600318909e-02,-7.620821706950664520e-03,-2.473204955458641052e-02,-3.642844408750534058e-02,-2.872937731444835663e-02
9.400000000000007239e-01,6.424490294313851546e-01,-5.551900246402147188e-02,-2.112778146839694171e-01,0.000000000000000000e+00,-1.995391535158163032e-01,inf,0.000000000000000000e+00,-1.896707117557525635e-01,-6.670807301998138428e-02,-2.484718151390552521e-02,-3.588723391294479370e-02,-4.235938563942909241e-02,-2.825701795518398285e-02
9.600000000000007416e-01,6.492892783761750053e-01,-5.418491391271096358e-02,-1.910778037184513445e-01,0.000000000000000000e+00,-1.866587974290847274e-01,inf,0.000000000000000000e+00,-2.156113833189010620e-01,-1.083155497908592224e-01,-4.748938232660293579e-02,-5.447632819414138794e-02,-4.750729352235794067e-02,-2.770556695759296417e-02
9.800000000000007594e-01,6.551050606867508952e-01,-5.273659165507571522e-02,-1.851313225475247903e-01,0.000000000000000000e+00,-1.736930137304532051e-01,inf,0.000000000000000000e+00,-1.937799453735351562e-01,-1.390483528375625610e-01,-7.114996016025543213e-02,-8.313265442848205566e-02,-4.248094186186790466e-02,-2.712578698992729187e-02
1.000000000000000666e+00,6.598825497820091091e-01,-5.263214029634794011e-02,-1.664940682728846544e-01,0.000000000000000000e+00,-1.401292253885761119e-01,inf,0.000000000000000000e+00,-1.852188408374786377e-01,-1.503083109855651855e-01,-7.059787958860397339e-02,-9.978141635656356812e-02,-4.045028984546661377e-02,-3.647237643599510193e-02
1.019999999999998463e+00,6.643778483142497304e-01,-5.378713940674939575e-02,-1.226970652638531417e-01,0.000000000000000000e+00,-3.267784370595672866e-02,inf,0.000000000000000000e+00,-1.983948796987533569e-01,-1.355854868888854980e-01,-4.828499257564544678e-02,-8.422883599996566772e-02,-4.733403772115707397e-02,-4.049602895975112915e-02
1.039999999999996261e+00,6.688897200950331134e-01,-5.527136083142863976e-02,-5.121665541406401900e-02,0.000000000000000000e+00,7.410803294961039456e-02,inf,0.000000000000000000e+00,-2.038247734308242798e-01,-9.445435553789138794e-02,-2.316361665725708008e-02,-3.579631820321083069e-02,-5.108312889933586121e-02,-2.747298777103424072e-02
1.059999999999994058e+00,6.732303768839354996e-01,-5.580892198630788004e-02,4.219978681937214260e-02,0.000000000000000000e+00,1.575703923055148115e-01,inf,0.000000000000000000e+00,-1.953407078981399536e-01,-7.167429476976394653e-02,-1.602031476795673370e-02,-1.188722066581249237e-02,-4.601442068815231323e-02,-1.607094332575798035e-02
1.079999999999991855e+00,6.774827936688296859e-01,-5.426776421307416554e-02,1.380336719550478153e-01,0.000000000000000000e+00,2.124280558011891473e-01,inf,0.000000000000000000e+00,-1.954384893178939819e-01,-7.127632200717926025e-02,-1.595048606395721436e-02,-6.051478441804647446e-03,-4.167050495743751526e-02,-1.107912696897983551e-02
1.099999999999989653e+00,6.823705259269959855e-01,-5.019180849028664904e-02,2.081901504185512397e-01,0.000000000000000000e+00,2.398757414402770127e-01,inf,0.000000000000000000e+00,-2.149694114923477173e-01,-9.350173175334930420e-02,-2.542423829436302185e-02,-1.207868196070194244e-02,-3.917494043707847595e-02,-8.636907674372196198e-03
1.119999999999987450e+00,6.885422591094042533e-01,-4.386143585885726726e-02,2.324897170218189202e-01,0.000000000000000000e+00,2.303321358556144061e-01,inf,0.000000000000000000e+00,-2.397838830947875977e-01,-1.357861757278442383e-01,-4.848942160606384277e-02,-2.401260659098625183e-02,-3.204892948269844055e-02,-2.466731006279587746e-03
1.139999999999985247e+00,6.953718933363181032e-01,-3.665037603899834462e-02,2.164855618409840254e-01,0.000000000000000000e+00,2.008716943312754133e-01,inf,0.000000000000000000e+00,-2.283576577901840210e-01,-1.647305786609649658e-01,-7.728970795869827271e-02,-3.634724020957946777e-02,-1.580949313938617706e-02,7.901787757873535156e-03
1.159999999999983045e+00,7.016900529022598310e-01,-3.029888928889251654e-02,1.866609244093078157e-01,0.000000000000000000e+00,1.933515930985356679e-01,inf,0.000000000000000000e+00,-2.104973345994949341e-01,-1.704033762216567993e-01,-8.826733380556106567e-02,-5.103294923901557922e-02,-9.186234325170516968e-03,7.205890491604804993e-03
1.179999999999980842e+00,7.070400689577691633e-01,-2.525245248767904460e-02,1.627028155090097239e-01,0.000000000000000000e+00,2.068083041072377171e-01,inf,0.000000000000000000e+00,-2.162140756845474243e-01,-1.753905117511749268e-01,-8.971124142408370972e-02,-5.440219119191169739e-02,-1.078459993004798889e-02,5.814627744257450104e-03
1.199999999999978639e+00,7.114073667021084679e-01,-2.083957612772491252e-02,1.476326107919608277e-01,0.000000000000000000e+00,2.142774971740514234e-01,inf,0.000000000000000000e+00,-2.302552461624145508e-01,-1.722198128700256348e-01,-8.829721808433532715e-02,-4.339209944009780884e-02,-1.445683930069208145e-02,8.565195836126804352e-03
1.219999999999976437e+00,7.148566796897574127e-01,-1.654761194333076446e-02,1.395157906330205533e-01,0.000000000000000000e+00,2.071123671970565572e-01,inf,0.000000000000000000e+00,-2.325860559940338135e-01,-1.546070873737335205e-01,-8.684342354536056519e-02,-3.193282335996627808e-02,-1.468408666551113129e-02,1.138871628791093826e-02
1.239999999999974234e+00,7.176279894716351970e-01,-1.213043093362148328e-02,1.336713685053440015e-01,0.000000000000000000e+00,1.872830192552713824e-01,inf,0.000000000000000000e+00,-2.322821170091629028e-01,-1.444340646266937256e-01,-8.430586010217666626e-02,-2.710597962141036987e-02,-1.424864772707223892e-02,1.198177132755517960e-02
1.259999999999972031e+00,7.202951519066853603e-01,-7.263447514594401078e-03,1.196861670629377622e-01,0.000000000000000000e+00,1.588322504385551170e-01,inf,0.000000000000000000e+00,-2.345317155122756958e-01,-1.518147587776184082e-01,-8.673004060983657837e-02,-2.909827046096324921e-02,-1.253493875265121460e-02,1.232450641691684723e-02
1.279999999999969829e+00,7.233667678376669574e-01,-1.855635446253167675e-03,8.834858635013717598e-02,0.000000000000000000e+00,1.143176859720553967e-01,inf,0.000000000000000000e+00,-2.281176894903182983e-01,-1.673207581043243408e-01,-9.439695626497268677e-02,-4.083699360489845276e-02,-9.351207874715328217e-03,1.100349333137273788e-02
1.299999999999967626e+00,7.270135113159313933e-01,3.536488312887720031e-03,4.058455578711843426e-02,0.000000000000000000e+00,7.051834291642636310e-02,inf,0.000000000000000000e+00,-2.047479450702667236e-01,-1.759733259677886963e-01,-1.035749986767768860e-01,-6.418442726135253906e-02,-4.986615385860204697e-03,5.330016370862722397e-03
1.319999999999965423e+00,7.310226351389416122e-01,8.222821598616203431e-03,-1.543094511363087874e-02,0.000000000000000000e+00,4.998813116707036958e-02,inf,0.000000000000000000e+00,-1.809024065732955933e-01,-1.776657402515411377e-01,-1.075679436326026917e-01,-8.493086695671081543e-02,-2.837741747498512268e-03,-1.420526416040956974e-03
1.339999999999963221e+00,7.350029922894144585e-01,1.209281200044198812e-02,-7.369418233287197695e-02,0.000000000000000000e+00,4.788939289270403854e-02,inf,0.000000000000000000e+00,-1.698266714811325073e-01,-1.769860535860061646e-01,-1.098899990320205688e-01,-9.344599395990371704e-02,-4.111053422093391418e-03,-4.849807824939489365e-03
1.359999999999961018e+00,7.386607766976178713e-01,1.551889090060204479e-02,-1.337008110932297045e-01,0.000000000000000000e+00,4.306695960564519560e-02,inf,0.000000000000000000e+00,-1.691410094499588013e-01,-1.732731014490127563e-01,-1.150623187422752380e-01,-9.449896961450576782e-02,-3.197596874088048935e-03,-4.378895740956068039e-03
1.379999999999958815e+00,7.419016422791543386e-01,1.878282131213687700e-02,-1.966306508380303020e-01,0.000000000000000000e+00,2.648420474970612087e-02,inf,0.000000000000000000e+00,-1.721578687429428101e-01,-1.654270738363265991e-01,-1.201338842511177063e-01,-8.960492908954620361e-02,3.546251391526311636e-04,-8.739621262066066265e-04
1.399999999999956612e+00,7.447997120192670906e-01,2.181581906794688441e-02,-2.622315343935667786e-01,0.000000000000000000e+00,5.141177221853166293e-03,inf,0.000000000000000000e+00,-1.742978245019912720e-01,-1.574931293725967407e-01,-1.219689622521400452e-01,-8.333046734333038330e-02,3.552295034751296043e-03,2.546472009271383286e-03
1.419999999999954410e+00,7.475351706451850431e-01,2.433747664065100125e-02,-3.295399543247290453e-01,0.000000000000000000e+00,-1.144943359204215333e-02,inf,0.000000000000000000e+00,-1.716812103986740112e-01,-1.548202484846115112e-01,-1.228873580694198608e-01,-8.508341759443283081e-02,4.871045704931020737e-03,1.825991203077137470e-03
1.439999999999952207e+00,7.502823706743988463e-01,2.600908863827461337e-02,-3.977034058512499137e-01,0.000000000000000000e+00,-2.174818827971053761e-02,inf,0.000000000000000000e+00,-1.604874432086944580e-01,-1.573248803615570068e-01,-1.239490136504173279e-01,-9.744321554899215698e-02,3.189951414242386818e-03,-4.261797759681940079e-03
1.459999999999950004e+00,7.531094092741992263e-01,2.651188053003716849e-02,-4.649174274471531976e-01,0.000000000000000000e+00,-3.024184216281952317e-02,inf,0.000000000000000000e+00,-1.427420377731323242e-01,-1.580522209405899048e-01,-1.229605153203010559e-01,-1.115969642996788025e-01,-1.354769105091691017e-03,-1.337950956076383591e-02
1.479999999999947802e+00,7.559449105438081906e-01,2.578961154318692994e-02,-5.294006184185399144e-01,0.000000000000000000e+00,-3.776190166846457585e-02,inf,0.000000000000000000e+00,-1.299452781677246094e-01,-1.544467508792877197e-01,-1.202663779258728027e-01,-1.222122311592102051e-01,-4.489843733608722687e-03,-2.305152267217636108e-02
1.499999999999945599e+00,7.586414092371599471e-01,2.416110367283641480e-02,-5.915169694466750894e-01,0.000000000000000000e+00,-4.401146150298027721e-02,inf,0.000000000000000000e+00,-1.247168481349945068e-01,-1.506661325693130493e-01,-1.185205057263374329e-01,-1.285932064056396484e-01,-6.346484646201133728e-03,-2.968607284128665924e-02
1.519999999999943396e+00,7.610933264121539921e-01,2.202645818155285484e-02,-6.529064298103900432e-01,0.000000000000000000e+00,-5.749038822836028545e-02,inf,0.000000000000000000e+00,-1.245684996247291565e-01,-1.471326053142547607e-01,-1.197900623083114624e-01,-1.308357566595077515e-01,-6.839433219283819199e-03,-3.196251392364501953e-02
1.539999999999941194e+00,7.632753463548004325e-01,1.954557761196040744e-02,-7.139962669357847735e-01,0.000000000000000000e+00,-8.229439433900012646e-02,inf,0.000000000000000000e+00,-1.263547092676162720e-01,-1.431762427091598511e-01,-1.224401593208312988e-01,-1.310583949089050293e-01,-5.794544704258441925e-03,-3.223754093050956726e-02
1.559999999999938991e+00,7.652295732256240157e-01,1.659327383124747923e-02,-7.730498717918068419e-01,0.000000000000000000e+00,-1.130705078974384714e-01,inf,0.000000000000000000e+00,-1.276378929615020752e-01,-1.397983878850936890e-01,-1.234536543488502502e-01,-1.318887472152709961e-01,-4.780632443726062775e-03,-3.340746089816093445e-02
1.579999999999936788e+00,7.670367599933256564e-01,1.292173434719151581e-02,-8.270814377696079633e-01,0.000000000000000000e+00,-1.356240461033491329e-01,inf,0.000000000000000000e+00,-1.266741454601287842e-01,-1.376859545707702637e-01,-1.215237081050872803e-01,-1.357361376285552979e-01,-5.430805962532758713e-03,-3.763410821557044983e-02
1.599999999999934586e+00,7.688173140497016611e-01,8.308544397899186862e-03,-8.725742778982795711e-01,0.000000000000000000e+00,-1.372468757573374887e-01,inf,0.000000000000000000e+00,-1.212803572416305542e-01,-1.340232640504837036e-01,-1.156472638249397278e-01,-1.419044733047485352e-01,-8.428211323916912079e-03,-4.492112994194030762e-02
1.619999999999932383e+00,7.707218216196307647e-01,2.592634002784532932e-03,-9.052236069037160604e-01,0.000000000000000000e+00,-1.171000654257005613e-01,inf,0.000000000000000000e+00,-1.100067347288131714e-01,-1.232296824455261230e-01,-1.053613871335983276e-01,-1.468187868595123291e-01,-1.340061426162719727e-02,-5.292106419801712036e-02
1.639999999999930180e+00,7.729469444659465838e-01,-4.170689064333765739e-03,-9.213370953272947972e-01,0.000000000000000000e+00,-8.443818237736631926e-02,inf,0.000000000000000000e+00,-9.754973649978637695e-02,-1.045082733035087585e-01,-9.123205393552780151e-02,-1.476000249385833740e-01,-1.996890641748905182e-02,-5.939843505620956421e-02
1.659999999999927978e+00,7.755645355596958446e-01,-1.153898558268562358e-02,-9.217904083768339030e-01,0.000000000000000000e+00,-5.525077683337262235e-02,inf,0.000000000000000000e+00,-9.218900650739669800e-02,-8.734674751758575439e-02,-7.949174195528030396e-02,-1.453742235898971558e-01,-2.592192590236663818e-02,-6.325274705886840820e-02
1.679999999999925775e+00,7.783522688469561857e-01,-1.880205454617733807e-02,-9.137298599410195177e-01,0.000000000000000000e+00,-5.172737453347005937e-02,inf,0.000000000000000000e+00,-9.641031175851821899e-02,-7.942122220993041992e-02,-7.508786767721176147e-02,-1.428082734346389771e-01,-2.940637618303298950e-02,-6.390020996332168579e-02
1.699999999999923572e+00,7.809453139765240026e-01,-2.538787014320031954e-02,-9.057508095658235447e-01,0.000000000000000000e+00,-8.418927612519686021e-02,inf,0.000000000000000000e+00,-1.052241027355194092e-01,-7.966168224811553955e-02,-7.663984596729278564e-02,-1.418182253837585449e-01,-3.013015352189540863e-02,-6.307713687419891357e-02
1.719999999999921370e+00,7.830778768109429855e-01,-3.121640397798153277e-02,-9.016045234790880381e-01,0.000000000000000000e+00,-1.376598205082634196e-01,inf,0.000000000000000000e+00,-1.122425794601440430e-01,-8.500439673662185669e-02,-8.043603599071502686e-02,-1.434151977300643921e-01,-2.888917736709117889e-02,-6.256102770566940308e-02
1.739999999999919167e+00,7.847895591585382080e-01,-3.673078652697525648e-02,-8.978963849815743137e-01,0.000000000000000000e+00,-1.857553339765819767e-01,inf,0.000000000000000000e+00,-1.130171269178390503e-01,-8.948870003223419189e-02,-8.144941926002502441e-02,-1.456859707832336426e-01,-2.755185030400753021e-02,-6.315041333436965942e-02
1.759999999999916964e+00,7.863866906170455806e-01,-4.260780493166860250e-02,-8.861258737347180725e-01,0.000000000000000000e+00,-2.010934399058853239e-01,inf,0.000000000000000000e+00,-1.086940765380859375e-01,-8.694427460432052612e-02,-7.619447261095046997e-02,-1.457105875015258789e-01,-2.846324443817138672e-02,-6.487044692039489746e-02
1.779999999999914762e+00,7.883165575912433054e-01,-4.930347058567030594e-02,-8.581245604532020677e-01,0.000000000000000000e+00,-1.714828951617576869e-01,inf,0.000000000000000000e+00,-1.043680012226104736e-01,-7.609301060438156128e-02,-6.519352644681930542e-02,-1.403615474700927734e-01,-3.241990506649017334e-02,-6.645742803812026978e-02
1.799999999999912559e+00,7.910228647546406755e-01,-5.679028863134921723e-02,-8.112071211862360576e-01,0.000000000000000000e+00,-1.134656638581676563e-01,inf,0.000000000000000000e+00,-1.031928434967994690e-01,-6.141019985079765320e-02,-5.281642079353332520e-02,-1.265402287244796753e-01,-3.730606287717819214e-02,-6.535292416810989380e-02
1.819999999999910356e+00,7.946476364875250109e-01,-6.457083702765803457e-02,-7.493727825007462373e-01,0.000000000000000000e+00,-6.102051939892461779e-02,inf,0.000000000000000000e+00,-1.077903285622596741e-01,-4.849620908498764038e-02,-4.241527989506721497e-02,-1.061326935887336731e-01,-4.046295210719108582e-02,-6.065090373158454895e-02
1.839999999999908153e+00,7.990501391739917025e-01,-7.176994373095491042e-02,-6.818581002433417027e-01,0.000000000000000000e+00,-4.274227870023428882e-02,inf,0.000000000000000000e+00,-1.227080821990966797e-01,-4.365309327840805054e-02,-3.592934831976890564e-02,-8.615733683109283447e-02,-4.121091589331626892e-02,-5.375574156641960144e-02
1.859999999999905951e+00,8.038772941653953286e-01,-7.759547819735190810e-02,-6.200333214529646364e-01,0.000000000000000000e+00,-6.937499834585805769e-02,inf,0.000000000000000000e+00,-1.457194089889526367e-01,-5.077662691473960876e-02,-3.623927384614944458e-02,-7.566121220588684082e-02,-4.079585149884223938e-02,-4.809486493468284607e-02
1.879999999999903748e+00,8.087044162875776099e-01,-8.180809956223211721e-02,-5.715511221188700475e-01,0.000000000000000000e+00,-1.325487759700882950e-01,inf,0.000000000000000000e+00,-1.674231886863708496e-01,-6.725530326366424561e-02,-4.310031607747077942e-02,-7.758559286594390869e-02,-4.168400168418884277e-02,-4.640841856598854065e-02
1.899999999999901545e+00,8.131855878321366804e-01,-8.487188355136343620e-02,-5.350982295759176832e-01,0.000000000000000000e+00,-2.040925247520069818e-01,inf,0.000000000000000000e+00,-1.776730418205261230e-01,-8.722665160894393921e-02,-5.132582783699035645e-02,-8.766847848892211914e-02,-4.423115402460098267e-02,-4.811112210154533386e-02
1.919999999999899343e+00,8.171289844284954640e-01,-8.768310273202623017e-02,-5.006193059142007851e-01,0.000000000000000000e+00,-2.458273880287130675e-01,inf,0.000000000000000000e+00,-1.738594174385070801e-01,-1.016701310873031616e-01,-5.567396432161331177e-02,-9.961828589439392090e-02,-4.624574258923530579e-02,-5.207042023539543152e-02
1.939999999999897140e+00,8.206811757346035296e-01,-9.098265037578867620e-02,-4.563257589657314650e-01,0.000000000000000000e+00,-2.335677704316477532e-01,inf,0.000000000000000000e+00,-1.683226525783538818e-01,-1.025357991456985474e-01,-5.118601769208908081e-02,-1.011277735233306885e-01,-4.772948473691940308e-02,-5.526464805006980896e-02
1.959999999999894937e+00,8.243457014949303607e-01,-9.482652232104160639e-02,-3.959380451658513489e-01,0.000000000000000000e+00,-1.738884134861452546e-01,inf,0.000000000000000000e+00,-1.735468059778213501e-01,-9.093436598777770996e-02,-3.847222402691841125e-02,-8.230219781398773193e-02,-4.906420037150382996e-02,-5.142371356487274170e-02
1.979999999999892735e+00,8.286643432680217414e-01,-9.848925165700278539e-02,-3.209815715574758643e-01,0.000000000000000000e+00,-1.029876381153992104e-01,inf,0.000000000000000000e+00,-1.869879662990570068e-01,-7.591454684734344482e-02,-2.514408715069293976e-02,-4.834904894232749939e-02,-4.703949764370918274e-02,-3.672853112220764160e-02
1.999999999999890532e+00,8.337150483578327220e-01,-1.009232750693224434e-01,-2.401578481467366577e-01,0.000000000000000000e+00,-5.311636803837133103e-02,inf,0.000000000000000000e+00,-1.968908309936523438e-01,-7.281271368265151978e-02,-2.167988941073417664e-02,-2.927535213530063629e-02,-4.309409856796264648e-02,-2.506763674318790436e-02
2.019999999999888551e+00,8.392540027693857763e-01,-1.015326259844215318e-01,-1.669847760113105373e-01,-3.081428299076468535e-01,-4.321430841029427067e-02,inf,1.000000000000000000e+00,-2.085702121257781982e-01,-8.219735324382781982e-02,-2.551528811454772949e-02,-2.478587813675403595e-02,-4.226382076740264893e-02,-1.952057704329490662e-02
2.039999999999886349e+00,8.454162736078488782e-01,-1.001237632617102691e-01,-1.200224804967310044e-01,-2.451109769180183084e-01,-9.574085256831804669e-02,inf,1.000000000000000000e+00,-2.431652098894119263e-01,-1.200105771422386169e-01,-4.479647055268287659e-02,-4.133855924010276794e-02,-4.621306061744689941e-02,-1.987140811979770660e-02
2.059999999999884146e+00,8.521877928971757221e-01,-9.720768206817603785e-02,-1.067949398969136182e-01,-1.273730377904173372e-01,-1.938558018413188699e-01,inf,1.000000000000000000e+00,-2.613644897937774658e-01,-1.558502465486526489e-01,-6.622043997049331665e-02,-5.393727868795394897e-02,-4.229026660323143005e-02,-1.405783835798501968e-02
2.079999999999881943e+00,8.587749246659887037e-01,-9.399433601622542156e-02,-1.123749423911632739e-01,-1.182262120283787861e-02,-2.901478156643017559e-01,inf,1.000000000000000000e+00,-2.529408633708953857e-01,-1.798648685216903687e-01,-8.745078742504119873e-02,-6.499192118644714355e-02,-3.032403066754341125e-02,-6.528133526444435120e-03
2.099999999999879741e+00,8.645642873883037094e-01,-9.142236175595352954e-02,-1.157320017107161259e-01,-4.667780265422705188e-02,-3.388981688785225321e-01,inf,1.000000000000000000e+00,-2.508741319179534912e-01,-1.888055503368377686e-01,-8.923619985580444336e-02,-6.870524585247039795e-02,-2.448922581970691681e-02,-5.699976347386837006e-03
2.119999999999877538e+00,8.695230507141580301e-01,-8.940097588135953455e-02,-1.064792645330278065e-01,-2.966666299227964376e-02,-3.247222191602330277e-01,inf,1.000000000000000000e+00,-2.627819180488586426e-01,-1.872717738151550293e-01,-8.250715583562850952e-02,-6.200115755200386047e-02,-2.623339556157588959e-02,-5.766731686890125275e-03
2.139999999999875335e+00,8.736707959029709203e-01,-8.741000407954074847e-02,-8.318818400979331729e-02,-3.869164539919082990e-02,-2.677569621673409617e-01,inf,1.000000000000000000e+00,-2.648081779479980469e-01,-1.687251925468444824e-01,-7.417289167642593384e-02,-4.950542375445365906e-02,-3.082953393459320068e-02,-5.053567700088024139e-03
2.159999999999873133e+00,8.770319956596502875e-01,-8.509458679232473344e-02,-4.862636726614621985e-02,-1.167194034381360546e-01,-2.027338304682199388e-01,inf,1.000000000000000000e+00,-2.567571401596069336e-01,-1.481972932815551758e-01,-6.680268794298171997e-02,-3.916206583380699158e-02,-3.374355286359786987e-02,-4.805866628885269165e-03
2.179999999999870930e+00,8.800673395058521420e-01,-8.202368326867409687e-02,-1.446047156188377814e-02,-1.737878153722654528e-01,-1.551768205231121023e-01,inf,1.000000000000000000e+00,-2.555657327175140381e-01,-1.445688307285308838e-01,-6.535775959491729736e-02,-3.662110865116119385e-02,-3.351702541112899780e-02,-4.415454808622598648e-03
2.199999999999868727e+00,8.836311705100832192e-01,-7.773342441008396220e-02,1.533476968147091989e-03,-1.915259142231675593e-01,-1.403950714806936895e-01,inf,1.000000000000000000e+00,-2.612821459770202637e-01,-1.597800403833389282e-01,-7.434636354446411133e-02,-4.192605242133140564e-02,-2.822654694318771362e-02,-1.996025908738374710e-03
2.219999999999866525e+00,8.881684918560942554e-01,-7.227010004412021127e-02,-1.089088957460180793e-02,-1.675333309866572362e-01,-1.603888908444522921e-01,inf,1.000000000000000000e+00,-2.584878206253051758e-01,-1.805439740419387817e-01,-9.006305038928985596e-02,-4.859257861971855164e-02,-1.783101633191108704e-02,3.574816277250647545e-03
2.239999999999864322e+00,8.932956310184250182e-01,-6.650449888804921272e-02,-4.566505024873072915e-02,-1.267940712680446502e-01,-1.943382739432961137e-01,inf,1.000000000000000000e+00,-2.397421151399612427e-01,-1.888110488653182983e-01,-1.005496159195899963e-01,-6.011180952191352844e-02,-1.167519856244325638e-02,4.592018667608499527e-03
2.259999999999862119e+00,8.983768184188448691e-01,-6.132176277263362563e-02,-8.941371040061882325e-02,-9.850297577373773317e-02,-2.179141868552185446e-01,inf,1.000000000000000000e+00,-2.247114330530166626e-01,-1.909674108028411865e-01,-1.071466356515884399e-01,-7.319004833698272705e-02,-8.850432932376861572e-03,2.126706764101982117e-03
2.279999999999859916e+00,9.030892449188083759e-01,-5.683122351279468187e-02,-1.350745360910900472e-01,-9.215241479237100408e-02,-2.232063210063574832e-01,inf,1.000000000000000000e+00,-2.226099818944931030e-01,-1.933879405260086060e-01,-1.122465208172798157e-01,-8.052783459424972534e-02,-9.015782736241817474e-03,6.327086884994059801e-05
2.299999999999857714e+00,9.073614155088803868e-01,-5.271640378331243770e-02,-1.822511691551641499e-01,-9.875325642607793442e-02,-2.177056196449350389e-01,inf,1.000000000000000000e+00,-2.238787114620208740e-01,-1.917738914489746094e-01,-1.173614859580993652e-01,-8.125367015600204468e-02,-9.070605039596557617e-03,5.667345831170678139e-04
2.319999999999855511e+00,9.112247815208068813e-01,-4.879841400458234668e-02,-2.317249343136909834e-01,-1.070202694626401635e-01,-2.108164421144665124e-01,inf,1.000000000000000000e+00,-2.235624194145202637e-01,-1.857837885618209839e-01,-1.208574548363685608e-01,-7.813034951686859131e-02,-7.433920167386531830e-03,2.670397982001304626e-03
2.339999999999853308e+00,9.147786469092973327e-01,-4.508370580219928092e-02,-2.843793400852600572e-01,-1.119639990550771041e-01,-2.066966674541023952e-01,inf,1.000000000000000000e+00,-2.222988903522491455e-01,-1.814909279346466064e-01,-1.227275803685188293e-01,-7.704399526119232178e-02,-5.294850561767816544e-03,3.604645840823650360e-03
2.359999999999851106e+00,9.181738877597842574e-01,-4.167055926449991787e-02,-3.417719708616524521e-01,-1.133339153011190537e-01,-2.055550705824007729e-01,inf,1.000000000000000000e+00,-2.176638543605804443e-01,-1.822665631771087646e-01,-1.248585283756256104e-01,-8.315280079841613770e-02,-3.683129558339715004e-03,1.654681400395929813e-03
2.379999999999848903e+00,9.215386102780475097e-01,-3.877193422523561583e-02,-4.044618673285827470e-01,-1.125695526029913129e-01,-2.061920394975072235e-01,inf,1.000000000000000000e+00,-2.058936059474945068e-01,-1.855591088533401489e-01,-1.267367303371429443e-01,-9.599638730287551880e-02,-3.281392157077789307e-03,-3.097572363913059235e-03
2.399999999999846700e+00,9.248658877929881728e-01,-3.664316929919231303e-02,-4.706146740981081988e-01,-1.117675643037639027e-01,-2.068603630801967297e-01,inf,1.000000000000000000e+00,-1.897436380386352539e-01,-1.868276596069335938e-01,-1.269090473651885986e-01,-1.086203902959823608e-01,-5.351529456675052643e-03,-9.162729606032371521e-03
2.419999999999844498e+00,9.280521183127055096e-01,-3.539479291872277278e-02,-5.378462260693975816e-01,-1.122967749451790898e-01,-2.064193542123507474e-01,inf,1.000000000000000000e+00,-1.763013005256652832e-01,-1.845576018095016479e-01,-1.275881379842758179e-01,-1.183218136429786682e-01,-8.261756971478462219e-03,-1.545519195497035980e-02
2.439999999999842295e+00,9.309989725665082094e-01,-3.489678254731193308e-02,-6.053521404649589988e-01,-1.130461772783872415e-01,-2.057948522680106140e-01,inf,1.000000000000000000e+00,-1.688739359378814697e-01,-1.800878793001174927e-01,-1.296960860490798950e-01,-1.247393190860748291e-01,-9.606244973838329315e-03,-1.997734233736991882e-02
2.459999999999840092e+00,9.336463914003740872e-01,-3.492953202279958091e-02,-6.735958739421027408e-01,-1.101877646354758739e-01,-2.081768628037700963e-01,inf,1.000000000000000000e+00,-1.663319915533065796e-01,-1.753183305263519287e-01,-1.323680877685546875e-01,-1.274456083774566650e-01,-9.495935402810573578e-03,-2.176221087574958801e-02
2.479999999999837890e+00,9.359687121464141946e-01,-3.540141595940116126e-02,-7.426441853210498101e-01,-1.029974222073743867e-01,-2.141688148271879977e-01,inf,1.000000000000000000e+00,-1.656304597854614258e-01,-1.709376722574234009e-01,-1.343654990196228027e-01,-1.281708180904388428e-01,-8.592740632593631744e-03,-2.227277122437953949e-02
2.499999999999835687e+00,9.379659328555239872e-01,-3.641592738634941151e-02,-8.113624666798725515e-01,-9.519659021846794966e-02,-2.206695081512766998e-01,inf,1.000000000000000000e+00,-1.642225235700607300e-01,-1.679062694311141968e-01,-1.351659744977951050e-01,-1.299698948860168457e-01,-7.981700822710990906e-03,-2.377458475530147552e-02
2.519999999999833484e+00,9.396409612862437477e-01,-3.818380589794256874e-02,-8.778907543933625046e-01,-9.092429280298179595e-02,-2.242297559975151566e-01,inf,1.000000000000000000e+00,-1.607139110565185547e-01,-1.667046695947647095e-01,-1.347522437572479248e-01,-1.348244547843933105e-01,-8.576015941798686981e-03,-2.769106253981590271e-02
2.539999999999831282e+00,9.409926684748832759e-01,-4.088897307725891661e-02,-9.403654880579244146e-01,-9.146357572588866003e-02,-2.237803535617594319e-01,inf,1.000000000000000000e+00,-1.555265635251998901e-01,-1.664234697818756104e-01,-1.325340569019317627e-01,-1.420221775770187378e-01,-1.049282308667898178e-02,-3.393633291125297546e-02
2.559999999999829079e+00,9.420574731882895847e-01,-4.459815797736965681e-02,-9.971372698811006297e-01,-9.559935398792775152e-02,-2.203338716767268557e-01,inf,1.000000000000000000e+00,-1.497745960950851440e-01,-1.650497317314147949e-01,-1.280711293220520020e-01,-1.490082442760467529e-01,-1.323787868022918701e-02,-4.105255007743835449e-02
2.579999999999826876e+00,9.429526980034643735e-01,-4.923825740882148416e-02,-1.046642044148047290e+00,-1.014850708402008778e-01,-2.154291076331659172e-01,inf,1.000000000000000000e+00,-1.441678255796432495e-01,-1.605446785688400269e-01,-1.226850077509880066e-01,-1.540335416793823242e-01,-1.596339792013168335e-02,-4.740360006690025330e-02
2.599999999999824674e+00,9.438002259176810904e-01,-5.463557978124289338e-02,-1.087788332840431416e+00,-1.054933147896003065e-01,-2.120889043419997289e-01,inf,1.000000000000000000e+00,-1.405906230211257935e-01,-1.532388478517532349e-01,-1.177681535482406616e-01,-1.571831405162811279e-01,-1.856401376426219940e-02,-5.248495563864707947e-02
2.619999999999822471e+00,9.446236201899637086e-01,-6.057228044954060531e-02,-1.120579213414509834e+00,-1.016527557317573466e-01,-2.152893702235355311e-01,inf,1.000000000000000000e+00,-1.397881060838699341e-01,-1.446537375450134277e-01,-1.134110465645790100e-01,-1.586659848690032959e-01,-2.134416997432708740e-02,-5.613992735743522644e-02
2.639999999999820268e+00,9.454150705476251915e-01,-6.685113993998031967e-02,-1.145511002439286496e+00,-8.604517930771701795e-02,-2.282956839102358026e-01,inf,1.000000000000000000e+00,-1.401664018630981445e-01,-1.363439708948135376e-01,-1.096150949597358704e-01,-1.587689220905303955e-01,-2.396754175424575806e-02,-5.834369361400604248e-02
2.659999999999818066e+00,9.461296226768960427e-01,-7.337496609567423222e-02,-1.162755879454760999e+00,-6.350942996484781888e-02,-2.470754750292934732e-01,inf,1.000000000000000000e+00,-1.399875432252883911e-01,-1.291768550872802734e-01,-1.060429066419601440e-01,-1.585895419120788574e-01,-2.605197206139564514e-02,-5.996892973780632019e-02
2.679999999999815863e+00,9.467396147578859278e-01,-8.014578278729533878e-02,-1.171682573323002519e+00,-4.645441609164564084e-02,-2.612879865902952847e-01,inf,1.000000000000000000e+00,-1.379033774137496948e-01,-1.224850490689277649e-01,-1.015891283750534058e-01,-1.588025540113449097e-01,-2.787444554269313812e-02,-6.192694976925849915e-02
2.699999999999813660e+00,9.472869438899900185e-01,-8.722320486729218114e-02,-1.170862182030059984e+00,-4.556132997394308354e-02,-2.620322250217140825e-01,inf,1.000000000000000000e+00,-1.335540264844894409e-01,-1.149684414267539978e-01,-9.541106224060058594e-02,-1.588133275508880615e-01,-2.993319183588027954e-02,-6.428387016057968140e-02
2.719999999999811457e+00,9.478928726028225116e-01,-9.464024658485353791e-02,-1.158976294755102110e+00,-6.255996911853228815e-02,-2.478666924012230821e-01,inf,1.000000000000000000e+00,-1.287552267313003540e-01,-1.063059344887733459e-01,-8.790561556816101074e-02,-1.575541794300079346e-01,-3.235991671681404114e-02,-6.643202900886535645e-02
2.739999999999809255e+00,9.487149161938810416e-01,-1.023101090218265785e-01,-1.136276083636713841e+00,-8.827442425312768959e-02,-2.264379797890602453e-01,inf,1.000000000000000000e+00,-1.266183257102966309e-01,-9.797172248363494873e-02,-8.066598325967788696e-02,-1.542235165834426880e-01,-3.487763553857803345e-02,-6.751398742198944092e-02
2.759999999999807052e+00,9.498691868715312125e-01,-1.100082383992908308e-01,-1.105204929237185274e+00,-1.072165168631138976e-01,-2.106529026140717409e-01,inf,1.000000000000000000e+00,-1.289906799793243408e-01,-9.214230626821517944e-02,-7.551230490207672119e-02,-1.489328742027282715e-01,-3.710526600480079651e-02,-6.712385267019271851e-02
2.779999999999804849e+00,9.513600324738451519e-01,-1.174599325560979346e-01,-1.069560051965630754e+00,-1.072680016628698996e-01,-2.106099986142750680e-01,inf,1.000000000000000000e+00,-1.357910186052322388e-01,-9.005114436149597168e-02,-7.322826236486434937e-02,-1.431275159120559692e-01,-3.872402757406234741e-02,-6.563325971364974976e-02
2.799999999999802647e+00,9.531185870681320171e-01,-1.244473878484851082e-01,-1.032576088895752475e+00,-8.615561159682579018e-02,-2.282036570026451661e-01,inf,1.000000000000000000e+00,-1.455337405204772949e-01,-9.162624180316925049e-02,-7.304394245147705078e-02,-1.381480097770690918e-01,-3.969368711113929749e-02,-6.369506567716598511e-02
2.819999999999800444e+00,9.550740314960142197e-01,-1.309289496118418994e-01,-9.953007299998248847e-01,-5.187636270763897745e-02,-2.567696977436341732e-01,inf,1.000000000000000000e+00,-1.558554917573928833e-01,-9.552089869976043701e-02,-7.328115403652191162e-02,-1.341336965560913086e-01,-4.048684611916542053e-02,-6.193765625357627869e-02
2.839999999999798241e+00,9.571777015784044274e-01,-1.370610414762445661e-01,-9.562360749259152248e-01,-2.044806891626342951e-02,-2.829599425697804649e-01,inf,1.000000000000000000e+00,-1.646758168935775757e-01,-9.938332438468933105e-02,-7.221116870641708374e-02,-1.299673318862915039e-01,-4.168219119310379028e-02,-6.064215302467346191e-02
2.859999999999796039e+00,9.594398134545523149e-01,-1.430870089504973075e-01,-9.123589434854424418e-01,-8.816906260048806496e-03,-2.926525781166259832e-01,inf,1.000000000000000000e+00,-1.719203442335128784e-01,-1.009441912174224854e-01,-6.873349845409393311e-02,-1.235628947615623474e-01,-4.345863312482833862e-02,-5.937793850898742676e-02
2.879999999999793836e+00,9.619554296615856481e-01,-1.491662685454044623e-01,-8.611252327431767606e-01,-2.421484038869039374e-02,-2.798209663427579930e-01,inf,1.000000000000000000e+00,-1.797136217355728149e-01,-9.934673458337783813e-02,-6.287327408790588379e-02,-1.126906648278236389e-01,-4.540741443634033203e-02,-5.693446844816207886e-02
2.899999999999791633e+00,9.648827706169043061e-01,-1.552371338957942160e-01,-8.021380089322823759e-01,-5.864210160164057967e-02,-2.511315819986328357e-01,inf,1.000000000000000000e+00,-1.901604086160659790e-01,-9.561128169298171997e-02,-5.577396228909492493e-02,-9.673020243644714355e-02,-4.661322757601737976e-02,-5.204845219850540161e-02
2.919999999999789431e+00,9.683370224974265916e-01,-1.610247010748697416e-01,-7.373447397245390666e-01,-9.373547968739147362e-02,-2.218871002605070919e-01,inf,1.000000000000000000e+00,-2.016990184783935547e-01,-9.237640351057052612e-02,-4.920735582709312439e-02,-7.902234792709350586e-02,-4.647353291511535645e-02,-4.517301917076110840e-02
2.939999999999787228e+00,9.722811846478626174e-01,-1.661787147225128880e-01,-6.703263267011190241e-01,-1.123690863540999785e-01,-2.063590947049166735e-01,inf,1.000000000000000000e+00,-2.116364538669586182e-01,-9.304112941026687622e-02,-4.519426450133323669e-02,-6.592079997062683105e-02,-4.605740681290626526e-02,-3.904103487730026245e-02
2.959999999999785025e+00,9.765817857966943016e-01,-1.704262644585863851e-01,-6.056333412714064446e-01,-1.057737956872263629e-01,-2.118551702606446818e-01,inf,1.000000000000000000e+00,-2.208470702171325684e-01,-9.908315539360046387e-02,-4.452113807201385498e-02,-5.998831987380981445e-02,-4.662403836846351624e-02,-3.526006266474723816e-02
2.979999999999782823e+00,9.811438341181009104e-01,-1.736538016788335970e-01,-5.477189553887374940e-01,-7.493082144450788351e-02,-2.375576487962434147e-01,inf,1.000000000000000000e+00,-2.307567596435546875e-01,-1.101005077362060547e-01,-4.694620892405509949e-02,-5.977906659245491028e-02,-4.801115393638610840e-02,-3.328455612063407898e-02
2.999999999999780620e+00,9.859443810768986349e-01,-1.759015438018140254e-01,-4.993656203851906117e-01,-3.189871938537820056e-02,-2.734177338455181516e-01,inf,1.000000000000000000e+00,-2.412517815828323364e-01,-1.246979907155036926e-01,-5.168547108769416809e-02,-6.286754459142684937e-02,-4.925275593996047974e-02,-3.187208995223045349e-02
3.019999999999778417e+00,9.909832796922963816e-01,-1.773350651919278764e-01,-4.605791228066851706e-01,-4.896459141960218461e-03,-3.040803826183001712e-01,inf,1.000000000000000000e+00,-2.510496079921722412e-01,-1.397791504859924316e-01,-5.709226056933403015e-02,-6.587756425142288208e-02,-4.934040084481239319e-02,-2.948899753391742706e-02
3.039999999999776215e+00,9.961748871925355520e-01,-1.781691517754944720e-01,-4.284264944736853598e-01,-5.456964395626395271e-03,-3.045474703296886521e-01,inf,1.000000000000000000e+00,-2.589375674724578857e-01,-1.512946188449859619e-01,-6.160399317741394043e-02,-6.560028344392776489e-02,-4.745643958449363708e-02,-2.526403963565826416e-02
3.059999999999774012e+00,1.001370921384926227e+00,-1.785604686161945398e-01,-3.984117888233950633e-01,-3.016039428899859251e-02,-2.748663380925011612e-01,inf,1.000000000000000000e+00,-2.644618749618530273e-01,-1.572816818952560425e-01,-6.454914063215255737e-02,-6.145974248647689819e-02,-4.380748420953750610e-02,-2.001827396452426910e-02
3.079999999999771809e+00,1.006435884638284151e+00,-1.785370931609329137e-01,-3.670134097750950564e-01,-7.796189486594741480e-02,-2.350317542783771363e-01,inf,1.000000000000000000e+00,-2.673138082027435303e-01,-1.590396910905838013e-01,-6.566776335239410400e-02,-5.563473328948020935e-02,-4.007713496685028076e-02,-1.535246428102254868e-02
3.099999999999769607e+00,1.011335203815832751e+00,-1.780136703624507211e-01,-3.337823020168603771e-01,-1.148269800066828439e-01,-2.043108499944309431e-01,inf,1.000000000000000000e+00,-2.680543959140777588e-01,-1.595856398344039917e-01,-6.576872617006301880e-02,-5.104945227503776550e-02,-3.747972473502159119e-02,-1.218996383249759674e-02
3.119999999999767404e+00,1.016169964445074569e+00,-1.768594596636370031e-01,-3.019642869913873318e-01,-1.314733490296946250e-01,-1.904388758085877875e-01,inf,1.000000000000000000e+00,-2.683797776699066162e-01,-1.618581265211105347e-01,-6.675554066896438599e-02,-4.916281625628471375e-02,-3.566588461399078369e-02,-1.012270152568817139e-02
3.139999999999765201e+00,1.021158101865671020e+00,-1.749939073581883442e-01,-2.771896943376100375e-01,-1.204644708581571466e-01,-1.996129409515357001e-01,inf,1.000000000000000000e+00,-2.693113088607788086e-01,-1.675561815500259399e-01,-7.078295201063156128e-02,-4.994875937700271606e-02,-3.316750749945640564e-02,-8.003216236829757690e-03
3.159999999999762998e+00,1.026465498037106183e+00,-1.724230521709258501e-01,-2.644489713144628773e-01,-8.347369279948349541e-02,-2.304385893337637381e-01,inf,1.000000000000000000e+00,-2.696513533592224121e-01,-1.759652048349380493e-01,-7.878423482179641724e-02,-5.207184329628944397e-02,-2.843971550464630127e-02,-4.739431664347648621e-03
3.179999999999760796e+00,1.032060476378910518e+00,-1.693178924042964273e-01,-2.648669185846411200e-01,-4.151450467592649601e-02,-2.654045794367279054e-01,inf,1.000000000000000000e+00,-2.663139402866363525e-01,-1.831567436456680298e-01,-8.774045109748840332e-02,-5.317564681172370911e-02,-2.211278863251209259e-02,-5.656527355313301086e-04
3.199999999999758593e+00,1.037716176652752509e+00,-1.659290075514991691e-01,-2.755799750767126688e-01,-2.047163645836562809e-02,-2.829403029513619661e-01,inf,1.000000000000000000e+00,-2.613240480422973633e-01,-1.865752339363098145e-01,-9.379065781831741333e-02,-5.396881699562072754e-02,-1.745272986590862274e-02,2.264139242470264435e-03
3.219999999999756390e+00,1.043220961097611754e+00,-1.624339125769715120e-01,-2.931787296586943481e-01,-2.731121216727094847e-02,-2.772406565272741985e-01,inf,1.000000000000000000e+00,-2.579817771911621094e-01,-1.879617869853973389e-01,-9.806935489177703857e-02,-5.565942823886871338e-02,-1.515235286206007004e-02,3.278588876128196716e-03
3.239999999999754188e+00,1.048498481659627668e+00,-1.589072224237767783e-01,-3.162002463355193527e-01,-4.623916664305052077e-02,-2.614673611307912204e-01,inf,1.000000000000000000e+00,-2.551319003105163574e-01,-1.886142492294311523e-01,-1.022285968065261841e-01,-5.817172676324844360e-02,-1.404924783855676651e-02,3.399869427084922791e-03
3.259999999999751985e+00,1.053579754976863514e+00,-1.553936535860925561e-01,-3.449119686548035024e-01,-6.188516746811192210e-02,-2.484290271099067193e-01,inf,1.000000000000000000e+00,-2.512402832508087158e-01,-1.892820596694946289e-01,-1.068282127380371094e-01,-6.207225471735000610e-02,-1.314940862357616425e-02,2.992070280015468597e-03
3.279999999999749782e+00,1.058529459650264126e+00,-1.519553379075853916e-01,-3.802539247772364073e-01,-7.046746077675203335e-02,-2.412771160193732944e-01,inf,1.000000000000000000e+00,-2.454594969749450684e-01,-1.905705779790878296e-01,-1.118083000183105469e-01,-6.809928268194198608e-02,-1.192544680088758469e-02,1.994290854781866074e-03
3.299999999999747580e+00,1.063384363388399256e+00,-1.486744422562162049e-01,-4.228728992640167217e-01,-7.287977403358185391e-02,-2.392668549720151083e-01,inf,1.000000000000000000e+00,-2.375354766845703125e-01,-1.923977583646774292e-01,-1.167093813419342041e-01,-7.646765559911727905e-02,-1.032853219658136368e-02,2.204756019636988640e-04
3.319999999999745377e+00,1.068125218059341242e+00,-1.456503836117526429e-01,-4.724633362696269989e-01,-7.056822465031932501e-02,-2.411931461247338870e-01,inf,1.000000000000000000e+00,-2.278289198875427246e-01,-1.938184648752212524e-01,-1.207467243075370789e-01,-8.595767617225646973e-02,-8.648995310068130493e-03,-2.152584260329604149e-03
3.339999999999743174e+00,1.072686499139295258e+00,-1.429697754521853381e-01,-5.277985560419765632e-01,-6.679743482085070960e-02,-2.443354709826243976e-01,inf,1.000000000000000000e+00,-2.179568558931350708e-01,-1.939210742712020874e-01,-1.234927922487258911e-01,-9.430051594972610474e-02,-7.299220655113458633e-03,-4.521684255450963974e-03
3.359999999999740972e+00,1.076995969959817723e+00,-1.406752442090221100e-01,-5.874638491131592977e-01,-6.515477204169188574e-02,-2.457043566319234151e-01,inf,1.000000000000000000e+00,-2.096457630395889282e-01,-1.925187557935714722e-01,-1.256611049175262451e-01,-1.005928739905357361e-01,-6.330312229692935944e-03,-6.554882042109966278e-03
3.379999999999738769e+00,1.081005543060645557e+00,-1.387785658134977063e-01,-6.504265555522162900e-01,-6.598959491652808818e-02,-2.450086709028932441e-01,inf,1.000000000000000000e+00,-2.029145807027816772e-01,-1.897971332073211670e-01,-1.279916912317276001e-01,-1.054422780871391296e-01,-5.520001053810119629e-03,-8.289353922009468079e-03
3.399999999999736566e+00,1.084685152893905657e+00,-1.373021303795894654e-01,-7.159651203449685086e-01,-6.666474728822881224e-02,-2.444460439264759810e-01,inf,1.000000000000000000e+00,-1.968788653612136841e-01,-1.863586157560348511e-01,-1.303742080926895142e-01,-1.097215637564659119e-01,-5.024890415370464325e-03,-1.004459522664546967e-02
3.419999999999734364e+00,1.088012656497082453e+00,-1.363184373872590172e-01,-7.834144847327919603e-01,-6.573231566475823406e-02,-2.452230702793681272e-01,inf,1.000000000000000000e+00,-1.906456947326660156e-01,-1.830153316259384155e-01,-1.324023306369781494e-01,-1.143164187669754028e-01,-5.273879505693912506e-03,-1.237518806010484695e-02
3.439999999999732161e+00,1.090959268021806761e+00,-1.359312354033107850e-01,-8.519943142145234294e-01,-6.432213219745980259e-02,-2.463982231687834867e-01,inf,1.000000000000000000e+00,-1.836058944463729858e-01,-1.801460385322570801e-01,-1.338626444339752197e-01,-1.198348924517631531e-01,-6.431499496102333069e-03,-1.573415473103523254e-02
3.459999999999729958e+00,1.093485670954073896e+00,-1.362358192245631261e-01,-9.208045761459906497e-01,-6.431431584903458953e-02,-2.464047367924711573e-01,inf,1.000000000000000000e+00,-1.760477572679519653e-01,-1.776444464921951294e-01,-1.346332281827926636e-01,-1.260999590158462524e-01,-8.141353726387023926e-03,-2.009005285799503326e-02
3.479999999999727756e+00,1.095551828623227753e+00,-1.372760539868291829e-01,-9.889851179245763291e-01,-6.606872059880448955e-02,-2.449427328343295740e-01,inf,1.000000000000000000e+00,-1.691740155220031738e-01,-1.754065901041030884e-01,-1.346175670623779297e-01,-1.323680877685546875e-01,-9.794323705136775970e-03,-2.493158541619777679e-02
3.499999999999725553e+00,1.097129918804103266e+00,-1.390298268107986457e-01,-1.055868210538041030e+00,-6.831885198082088273e-02,-2.430676233493159200e-01,inf,1.000000000000000000e+00,-1.639492362737655640e-01,-1.734843552112579346e-01,-1.339433193206787109e-01,-1.379996538162231445e-01,-1.111061405390501022e-02,-2.964948676526546478e-02
3.519999999999723350e+00,1.098216933857426358e+00,-1.414425757379597914e-01,-1.120883372628845409e+00,-6.948156684643121139e-02,-2.420986942946406484e-01,inf,1.000000000000000000e+00,-1.603980958461761475e-01,-1.717424094676971436e-01,-1.329315900802612305e-01,-1.427388340234756470e-01,-1.214271131902933121e-02,-3.390073776245117188e-02
3.539999999999721148e+00,1.098833628316755240e+00,-1.444788328885899809e-01,-1.183243161760358486e+00,-6.866435168469076089e-02,-2.427797069294243548e-01,inf,1.000000000000000000e+00,-1.580461710691452026e-01,-1.698925346136093140e-01,-1.317250430583953857e-01,-1.467195749282836914e-01,-1.302267797291278839e-02,-3.777501359581947327e-02
3.559999999999718945e+00,1.099019892451298164e+00,-1.481439959349335200e-01,-1.241776237676730288e+00,-6.559078224831356441e-02,-2.453410147930720209e-01,inf,1.000000000000000000e+00,-1.563348174095153809e-01,-1.676939427852630615e-01,-1.300850957632064819e-01,-1.502421647310256958e-01,-1.397457625716924667e-02,-4.160862043499946594e-02
3.579999999999716742e+00,1.098839126781888442e+00,-1.524633066393050185e-01,-1.294958708223384436e+00,-6.033595952662326733e-02,-2.497200337278139282e-01,inf,1.000000000000000000e+00,-1.546569168567657471e-01,-1.647447645664215088e-01,-1.276383399963378906e-01,-1.535462141036987305e-01,-1.525582280009984970e-02,-4.566935449838638306e-02
3.599999999999714539e+00,1.098368331535552134e+00,-1.574639720521212316e-01,-1.340982557302959455e+00,-5.441948898125934658e-02,-2.546504258489505346e-01,inf,1.000000000000000000e+00,-1.524151414632797241e-01,-1.602409034967422485e-01,-1.241277456283569336e-01,-1.567297577857971191e-01,-1.706714555621147156e-02,-5.000842362642288208e-02
3.619999999999712337e+00,1.097640445246629293e+00,-1.631567500301552009e-01,-1.377945534540921058e+00,-5.050876726434061492e-02,-2.579093606130494765e-01,inf,1.000000000000000000e+00,-1.492199897766113281e-01,-1.531197279691696167e-01,-1.192383989691734314e-01,-1.595940142869949341e-01,-1.964287646114826202e-02,-5.445095524191856384e-02
3.639999999999710134e+00,1.096725178365312026e+00,-1.695164327051997266e-01,-1.404112432194761118e+00,-5.111728038938671836e-02,-2.574022663421777213e-01,inf,1.000000000000000000e+00,-1.448981612920761108e-01,-1.427816599607467651e-01,-1.126579344272613525e-01,-1.613077074289321899e-01,-2.312938868999481201e-02,-5.849359557032585144e-02
3.659999999999707931e+00,1.095724650276843182e+00,-1.764518650129777988e-01,-1.418436844076568670e+00,-5.670921036146359118e-02,-2.527423246987803296e-01,inf,1.000000000000000000e+00,-1.403378397226333618e-01,-1.308359354734420776e-01,-1.053888201713562012e-01,-1.612723767757415771e-01,-2.696125023066997528e-02,-6.160294637084007263e-02
3.679999999999705729e+00,1.094720896759000306e+00,-1.837639377780502514e-01,-1.421623494510174224e+00,-6.406300935745597169e-02,-2.466141588687866815e-01,inf,1.000000000000000000e+00,-1.375253796577453613e-01,-1.205274909734725952e-01,-9.922944754362106323e-02,-1.601953953504562378e-01,-3.012338466942310333e-02,-6.365372240543365479e-02
3.699999999999703526e+00,1.093755932981793189e+00,-1.911757192466553290e-01,-1.416123911186720763e+00,-6.767689820873047657e-02,-2.436025848260579274e-01,inf,1.000000000000000000e+00,-1.372169107198715210e-01,-1.135779917240142822e-01,-9.473368525505065918e-02,-1.590828597545623779e-01,-3.216965496540069580e-02,-6.485515087842941284e-02
3.719999999999701323e+00,1.092843081769640179e+00,-1.984571420401900210e-01,-1.404661277061612257e+00,-6.366432777716894698e-02,-2.469463935190258641e-01,inf,1.000000000000000000e+00,-1.385251581668853760e-01,-1.099232509732246399e-01,-9.155735373497009277e-02,-1.581417918205261230e-01,-3.337964415550231934e-02,-6.550946831703186035e-02
3.739999999999699121e+00,1.091988026389618449e+00,-2.055268093469503343e-01,-1.388636514766447450e+00,-5.288038123678124452e-02,-2.559330156360156150e-01,inf,1.000000000000000000e+00,-1.403269767761230469e-01,-1.083297729492187500e-01,-8.900539577007293701e-02,-1.571954637765884399e-01,-3.425605222582817078e-02,-6.596104055643081665e-02
3.759999999999696918e+00,1.091214864968242937e+00,-2.124670201288114957e-01,-1.367597027535794707e+00,-4.075008688008336516e-02,-2.660415942665971811e-01,inf,1.000000000000000000e+00,-1.421359777450561523e-01,-1.069790422916412354e-01,-8.620329201221466064e-02,-1.556096524000167847e-01,-3.525155782699584961e-02,-6.631033867597579956e-02
3.779999999999694715e+00,1.090587943124589954e+00,-2.194534311247579861e-01,-1.339947193704737805e+00,-3.405571677908542788e-02,-2.716202360174287955e-01,inf,1.000000000000000000e+00,-1.444459855556488037e-01,-1.045710593461990356e-01,-8.257670700550079346e-02,-1.523259431123733521e-01,-3.667178004980087280e-02,-6.632715463638305664e-02
3.799999999999692513e+00,1.090199029109474527e+00,-2.266338785256655219e-01,-1.304393770238708727e+00,-3.661138662717598052e-02,-2.694905111440200063e-01,inf,1.000000000000000000e+00,-1.483556628227233887e-01,-1.010567620396614075e-01,-7.820076495409011841e-02,-1.463473737239837646e-01,-3.851940110325813293e-02,-6.559760868549346924e-02
3.819999999999690310e+00,1.090160856752220964e+00,-2.340047461946862528e-01,-1.261013612389668470e+00,-4.731929697028580684e-02,-2.605672525247618165e-01,inf,1.000000000000000000e+00,-1.549633890390396118e-01,-9.743615984916687012e-02,-7.357513159513473511e-02,-1.373218595981597900e-01,-4.046441614627838135e-02,-6.371616572141647339e-02
3.839999999999688107e+00,1.090607796820618924e+00,-2.413983081030929290e-01,-1.211463137115541766e+00,-6.042906418050091044e-02,-2.496424465162492279e-01,inf,1.000000000000000000e+00,-1.651303172111511230e-01,-9.518742561340332031e-02,-6.920612603425979614e-02,-1.259465217590332031e-01,-4.210427403450012207e-02,-6.056272983551025391e-02
3.859999999999685905e+00,1.091616392614067843e+00,-2.485722822347373184e-01,-1.158535125961051016e+00,-6.853201908631155470e-02,-2.428899840947403577e-01,inf,1.000000000000000000e+00,-1.785248219966888428e-01,-9.560231119394302368e-02,-6.560435146093368530e-02,-1.140425503253936768e-01,-4.324261099100112915e-02,-5.652738735079765320e-02
3.879999999999683702e+00,1.093161143942229518e+00,-2.553194688134034496e-01,-1.104816255548198622e+00,-6.699103606147889522e-02,-2.441741366154342452e-01,inf,1.000000000000000000e+00,-1.926760375499725342e-01,-9.872373938560485840e-02,-6.304907798767089844e-02,-1.035645902156829834e-01,-4.403331130743026733e-02,-5.236391723155975342e-02
3.899999999999681499e+00,1.095119655410531356e+00,-2.615559234075836570e-01,-1.051436834293369094e+00,-5.642911941122687874e-02,-2.529757338239775888e-01,inf,1.000000000000000000e+00,-2.047779262065887451e-01,-1.035254523158073425e-01,-6.129975244402885437e-02,-9.553533792495727539e-02,-4.486183077096939087e-02,-4.880725592374801636e-02
3.919999999999679297e+00,1.097341304552089225e+00,-2.673169720210558653e-01,-9.979168104968862973e-01,-4.141671793720941991e-02,-2.654860683856588022e-01,inf,1.000000000000000000e+00,-2.139843106269836426e-01,-1.087393239140510559e-01,-5.980492010712623596e-02,-8.964606374502182007e-02,-4.592328146100044250e-02,-4.610966891050338745e-02
3.939999999999677094e+00,1.099742198470385679e+00,-2.726766969963027032e-01,-9.431078353518893564e-01,-2.813757988294966761e-02,-2.765520167642085969e-01,inf,1.000000000000000000e+00,-2.211000025272369385e-01,-1.131789684295654297e-01,-5.804976448416709900e-02,-8.443775027990341187e-02,-4.704282432794570923e-02,-4.379142448306083679e-02
3.959999999999674891e+00,1.102352663032836411e+00,-2.776621075674656214e-01,-8.863146812244767636e-01,-2.254020128114733040e-02,-2.812164989323772124e-01,inf,1.000000000000000000e+00,-2.275116592645645142e-01,-1.162611544132232666e-01,-5.578701570630073547e-02,-7.814310491085052490e-02,-4.792464151978492737e-02,-4.088939726352691650e-02
3.979999999999672688e+00,1.105289111996546891e+00,-2.822087252492517240e-01,-8.279713399327698342e-01,-2.811885181753559504e-02,-2.765676234853869930e-01,inf,1.000000000000000000e+00,-2.340385019779205322e-01,-1.185854375362396240e-01,-5.336382985115051270e-02,-7.042054831981658936e-02,-4.832389578223228455e-02,-3.688712790608406067e-02
3.999999999999670486e+00,1.108678823358633103e+00,-2.861707722923346187e-01,-7.698392700552625367e-01,-4.411778714619433994e-02,-2.632351773781713700e-01,inf,1.000000000000000000e+00,-2.406563907861709595e-01,-1.218754127621650696e-01,-5.182649567723274231e-02,-6.320956349372863770e-02,-4.817278310656547546e-02,-3.238579258322715759e-02
4.019999999999677165e+00,1.112601841931572189e+00,-2.893824381439162319e-01,-7.148307948671277501e-01,-6.503070100552794941e-02,-2.458077491620600241e-01,inf,1.000000000000000000e+00,-2.475717514753341675e-01,-1.279120743274688721e-01,-5.223581567406654358e-02,-5.863671004772186279e-02,-4.759361967444419861e-02,-2.824333123862743378e-02
4.039999999999683844e+00,1.117090279901270078e+00,-2.917496217611260656e-01,-6.663434130118656151e-01,-8.204614375370546109e-02,-2.316282135385787644e-01,inf,1.000000000000000000e+00,-2.552059888839721680e-01,-1.375017911195755005e-01,-5.496584996581077576e-02,-5.702755227684974670e-02,-4.655186831951141357e-02,-2.454446442425251007e-02
4.059999999999690523e+00,1.122128854194821113e+00,-2.933031093174967574e-01,-6.271069674433482621e-01,-8.726998227231179406e-02,-2.272750147730734915e-01,inf,1.000000000000000000e+00,-2.630091905593872070e-01,-1.499703526496887207e-01,-5.990096554160118103e-02,-5.758970230817794800e-02,-4.449433833360671997e-02,-2.090985141694545746e-02
4.079999999999697202e+00,1.127615828626037375e+00,-2.941662140977943651e-01,-5.979668265511477454e-01,-7.818042827420763896e-02,-2.348496431048269495e-01,inf,1.000000000000000000e+00,-2.694150805473327637e-01,-1.630543321371078491e-01,-6.675490736961364746e-02,-5.919152125716209412e-02,-4.072318226099014282e-02,-1.700086146593093872e-02
4.099999999999703881e+00,1.133361126551240439e+00,-2.944727202261185894e-01,-5.773321059474337824e-01,-5.927402155976526504e-02,-2.506049820335289335e-01,inf,1.000000000000000000e+00,-2.733255624771118164e-01,-1.738781183958053589e-01,-7.422663271427154541e-02,-6.027502194046974182e-02,-3.569295257329940796e-02,-1.281773857772350311e-02
4.119999999999710560e+00,1.139157938303213324e+00,-2.943478706376401188e-01,-5.621412620374941493e-01,-4.013663947833543549e-02,-2.665528004347204605e-01,inf,1.000000000000000000e+00,-2.748498916625976562e-01,-1.803705543279647827e-01,-7.992219179868698120e-02,-5.955521017313003540e-02,-3.104121424257755280e-02,-8.976574055850505829e-03
4.139999999999717240e+00,1.144852437624200636e+00,-2.938439767283309578e-01,-5.496297026824668031e-01,-3.041392495691319642e-02,-2.746550625359056585e-01,inf,1.000000000000000000e+00,-2.748759388923645020e-01,-1.825702935457229614e-01,-8.314885199069976807e-02,-5.767209082841873169e-02,-2.777392789721488953e-02,-6.197039037942886353e-03
4.159999999999723919e+00,1.150410656201324766e+00,-2.929451428381181222e-01,-5.390600273166983314e-01,-3.404696085585503379e-02,-2.716275326201207929e-01,inf,1.000000000000000000e+00,-2.741025388240814209e-01,-1.824759989976882935e-01,-8.513315767049789429e-02,-5.594474077224731445e-02,-2.571526542305946350e-02,-4.432971123605966568e-03
4.179999999999730598e+00,1.155916806830435295e+00,-2.916228322978395848e-01,-5.321371381979720372e-01,-4.647500612070298853e-02,-2.612708282327474985e-01,inf,1.000000000000000000e+00,-2.726053595542907715e-01,-1.824315190315246582e-01,-8.742634952068328857e-02,-5.506973341107368469e-02,-2.395088225603103638e-02,-3.048796905204653740e-03
4.199999999999737277e+00,1.161502884724889828e+00,-2.898874879816963346e-01,-5.319681372839053513e-01,-5.892428325799672212e-02,-2.508964306183360526e-01,inf,1.000000000000000000e+00,-2.702236771583557129e-01,-1.840383857488632202e-01,-9.104134142398834229e-02,-5.532639101147651672e-02,-2.157973498106002808e-02,-1.531359972432255745e-03
4.219999999999743956e+00,1.167259678677579959e+00,-2.878097144709707012e-01,-5.413507008850793056e-01,-6.574875173062562361e-02,-2.452093735578119715e-01,inf,1.000000000000000000e+00,-2.664183676242828369e-01,-1.873250454664230347e-01,-9.591639041900634766e-02,-5.703808739781379700e-02,-1.857122220098972321e-02,-6.333524652291089296e-05
4.239999999999750635e+00,1.173180031644304400e+00,-2.855230313116579044e-01,-5.614526578108786081e-01,-6.617331631939812886e-02,-2.448555697338348769e-01,inf,1.000000000000000000e+00,-2.609517872333526611e-01,-1.910656243562698364e-01,-1.015372648835182190e-01,-6.107702851295471191e-02,-1.577456295490264893e-02,5.195508128963410854e-04
4.259999999999757314e+00,1.179157540002040649e+00,-2.832021728267415384e-01,-5.915896464017710299e-01,-6.284164911669178066e-02,-2.476319590694235073e-01,inf,1.000000000000000000e+00,-2.535958588123321533e-01,-1.939629614353179932e-01,-1.076611950993537903e-01,-6.774146109819412231e-02,-1.353109907358884811e-02,-7.397092122118920088e-05
4.279999999999763993e+00,1.185035656267244164e+00,-2.810022791615381377e-01,-6.299628976313401685e-01,-5.929472652856093706e-02,-2.505877278928658747e-01,inf,1.000000000000000000e+00,-2.451042383909225464e-01,-1.956005245447158813e-01,-1.134724095463752747e-01,-7.581178098917007446e-02,-1.168938726186752319e-02,-1.432079006917774677e-03
4.299999999999770672e+00,1.190690926337496514e+00,-2.790064733922986151e-01,-6.747716602265336761e-01,-5.770230143797176747e-02,-2.519147488016901804e-01,inf,1.000000000000000000e+00,-2.369933873414993286e-01,-1.961519718170166016e-01,-1.182985603809356689e-01,-8.358715474605560303e-02,-1.016103196889162064e-02,-3.051299834623932838e-03
4.319999999999777351e+00,1.196055446804229927e+00,-2.772321861090603634e-01,-7.248078889540348069e-01,-5.813705235530053361e-02,-2.515524563705828776e-01,inf,1.000000000000000000e+00,-2.296408712863922119e-01,-1.955652087926864624e-01,-1.221206635236740112e-01,-9.007512032985687256e-02,-8.790988475084304810e-03,-4.539001267403364182e-03
4.339999999999784031e+00,1.201098992388138553e+00,-2.756787086431339850e-01,-7.793956272509828809e-01,-5.936972819218819253e-02,-2.505252265065098238e-01,inf,1.000000000000000000e+00,-2.228924781084060669e-01,-1.939963400363922119e-01,-1.251813173294067383e-01,-9.541390091180801392e-02,-7.408313918858766556e-03,-5.868613719940185547e-03
4.359999999999790710e+00,1.205804637809170909e+00,-2.743699924981202187e-01,-8.381178864948749530e-01,-6.033387332679451820e-02,-2.497217722276712237e-01,inf,1.000000000000000000e+00,-2.163668870925903320e-01,-1.919195950031280518e-01,-1.276721656322479248e-01,-1.003183349967002869e-01,-6.084462627768516541e-03,-7.266653701663017273e-03
4.379999999999797389e+00,1.210148068765538598e+00,-2.733670156473423374e-01,-9.005369512564874723e-01,-6.066684654251760372e-02,-2.494442945479019846e-01,inf,1.000000000000000000e+00,-2.095532566308975220e-01,-1.898015737533569336e-01,-1.296819299459457397e-01,-1.054506450891494751e-01,-5.179679021239280701e-03,-9.036030620336532593e-03
4.399999999999804068e+00,1.214084131861711491e+00,-2.727444413895832587e-01,-9.660019280772180750e-01,-6.051387416925363416e-02,-2.495717715256219604e-01,inf,1.000000000000000000e+00,-2.020503282546997070e-01,-1.877714395523071289e-01,-1.313031613826751709e-01,-1.111411899328231812e-01,-5.118791479617357254e-03,-1.145997829735279083e-02
4.419999999999810747e+00,1.217549204572755173e+00,-2.725881840211286100e-01,-1.033635797075532547e+00,-6.020292178928584453e-02,-2.498308985089284506e-01,inf,1.000000000000000000e+00,-1.938552856445312500e-01,-1.856072247028350830e-01,-1.326860189437866211e-01,-1.173746436834335327e-01,-6.081523839384317398e-03,-1.470661070197820663e-02
4.439999999999817426e+00,1.220479869680336726e+00,-2.729702470517562096e-01,-1.102460617830600231e+00,-5.988458829088216806e-02,-2.500961764242648488e-01,inf,1.000000000000000000e+00,-1.856069415807723999e-01,-1.830593049526214600e-01,-1.338874548673629761e-01,-1.238146796822547913e-01,-7.756130769848823547e-03,-1.866790093481540680e-02
4.459999999999824105e+00,1.222828793744339393e+00,-2.739180416129433082e-01,-1.171615784916484548e+00,-5.936250695157491847e-02,-2.505312442070208867e-01,inf,1.000000000000000000e+00,-1.783787310123443604e-01,-1.802331209182739258e-01,-1.347321122884750366e-01,-1.298579126596450806e-01,-9.489363990724086761e-03,-2.290013246238231659e-02
4.479999999999830784e+00,1.224569926275665299e+00,-2.754113376010782765e-01,-1.240445598438733033e+00,-5.837623158939539425e-02,-2.513531403421704891e-01,inf,1.000000000000000000e+00,-1.728508323431015015e-01,-1.775770783424377441e-01,-1.350441277027130127e-01,-1.350748240947723389e-01,-1.084251701831817627e-02,-2.694213017821311951e-02
4.499999999999837463e+00,1.225690590777555489e+00,-2.774118992296841779e-01,-1.308364745018736564e+00,-5.697323768772557390e-02,-2.525223019268953428e-01,inf,1.000000000000000000e+00,-1.688928604125976562e-01,-1.754092425107955933e-01,-1.348317563533782959e-01,-1.395460963249206543e-01,-1.180755347013473511e-02,-3.068341687321662903e-02
4.519999999999844142e+00,1.226184908524552419e+00,-2.799025880060959093e-01,-1.374616941485911958e+00,-5.549712814144484863e-02,-2.537523932154626127e-01,inf,1.000000000000000000e+00,-1.659304499626159668e-01,-1.736896038055419922e-01,-1.341125369071960449e-01,-1.436550617218017578e-01,-1.259561814367771149e-02,-3.435790166258811951e-02
4.539999999999850822e+00,1.226051631271595443e+00,-2.829041384823833827e-01,-1.438096418510394159e+00,-5.432081283197580379e-02,-2.547326559733534834e-01,inf,1.000000000000000000e+00,-1.634225249290466309e-01,-1.721526980400085449e-01,-1.327562332153320312e-01,-1.476774513721466064e-01,-1.346082147210836411e-02,-3.825794905424118042e-02
4.559999999999857501e+00,1.225307232544916580e+00,-2.864648662124373857e-01,-1.497370129705938746e+00,-5.368004578903171758e-02,-2.552666285091402254e-01,inf,1.000000000000000000e+00,-1.609791964292526245e-01,-1.702859103679656982e-01,-1.306207478046417236e-01,-1.516010016202926636e-01,-1.456384267657995224e-02,-4.247703030705451965e-02
4.579999999999864180e+00,1.224011146540885608e+00,-2.906294667234977647e-01,-1.550818157842924983e+00,-5.358549735110496037e-02,-2.553454188740791886e-01,inf,1.000000000000000000e+00,-1.583787500858306885e-01,-1.673302948474884033e-01,-1.277623474597930908e-01,-1.552676558494567871e-01,-1.594118401408195496e-02,-4.686809703707695007e-02
4.599999999999870859e+00,1.222255262429969402e+00,-2.954164150338804418e-01,-1.596785998714149724e+00,-5.370311451839113875e-02,-2.552474045680073744e-01,inf,1.000000000000000000e+00,-1.556420773267745972e-01,-1.625406593084335327e-01,-1.242832615971565247e-01,-1.585176438093185425e-01,-1.766979880630970001e-02,-5.118285492062568665e-02
4.619999999999877538e+00,1.220094736036217320e+00,-3.007933258305304225e-01,-1.633838121214304495e+00,-5.334090644091631084e-02,-2.555492446325697276e-01,inf,1.000000000000000000e+00,-1.528910398483276367e-01,-1.554116159677505493e-01,-1.199680939316749573e-01,-1.611139774322509766e-01,-1.999881304800510406e-02,-5.519161000847816467e-02
4.639999999999884217e+00,1.217618482895996612e+00,-3.066994274783127472e-01,-1.660878321522031298e+00,-5.172357837173575251e-02,-2.568970180235535250e-01,inf,1.000000000000000000e+00,-1.499122530221939087e-01,-1.459371894598007202e-01,-1.145675331354141235e-01,-1.625218540430068970e-01,-2.304517105221748352e-02,-5.857417359948158264e-02
4.659999999999890896e+00,1.214932781920877058e+00,-3.130467076288095396e-01,-1.677292899585551833e+00,-4.859075123860723266e-02,-2.595077073011606283e-01,inf,1.000000000000000000e+00,-1.468893736600875854e-01,-1.355685293674468994e-01,-1.087836250662803650e-01,-1.625427454710006714e-01,-2.632826939225196838e-02,-6.111731380224227905e-02
4.679999999999897575e+00,1.212131415624158048e+00,-3.196986293812278945e-01,-1.683491170756351130e+00,-4.479196639572245037e-02,-2.626733613368979481e-01,inf,1.000000000000000000e+00,-1.447114795446395874e-01,-1.265017539262771606e-01,-1.036206334829330444e-01,-1.618205308914184570e-01,-2.911299653351306915e-02,-6.293953210115432739e-02
4.699999999999904254e+00,1.209291935897081505e+00,-3.264862761076381403e-01,-1.680844416754904813e+00,-4.190094916357684635e-02,-2.650825423636859468e-01,inf,1.000000000000000000e+00,-1.437198668718338013e-01,-1.197431012988090515e-01,-9.919728338718414307e-02,-1.610529124736785889e-01,-3.111781552433967590e-02,-6.429930031299591064e-02
4.719999999999910933e+00,1.206478473607510260e+00,-3.332795553772412434e-01,-1.670861305918568851e+00,-4.115060392212883250e-02,-2.657078300648926250e-01,inf,1.000000000000000000e+00,-1.436110734939575195e-01,-1.151115521788597107e-01,-9.521250426769256592e-02,-1.602156609296798706e-01,-3.258665651082992554e-02,-6.532775610685348511e-02
4.739999999999917613e+00,1.203747704403466789e+00,-3.400370675104734119e-01,-1.654416939966837141e+00,-4.261213951048081761e-02,-2.644898837412659742e-01,inf,1.000000000000000000e+00,-1.442241966724395752e-01,-1.118591576814651489e-01,-9.143199026584625244e-02,-1.588840484619140625e-01,-3.387554734945297241e-02,-6.605299562215805054e-02
4.759999999999924292e+00,1.201157309206583257e+00,-3.468003342036439229e-01,-1.631606271976154821e+00,-4.506902747289751737e-02,-2.624424771059187256e-01,inf,1.000000000000000000e+00,-1.458437889814376831e-01,-1.091733723878860474e-01,-8.772506564855575562e-02,-1.565437763929367065e-01,-3.520793467760086060e-02,-6.639262288808822632e-02
4.779999999999930971e+00,1.198767400828394170e+00,-3.536513120166296376e-01,-1.602195258521533772e+00,-4.665809750817331153e-02,-2.611182520765222281e-01,inf,1.000000000000000000e+00,-1.490201801061630249e-01,-1.066492423415184021e-01,-8.408002555370330811e-02,-1.526598185300827026e-01,-3.666255995631217957e-02,-6.616397202014923096e-02
4.799999999999937650e+00,1.196631043769470271e+00,-3.606408630589881259e-01,-1.566275222709050396e+00,-4.606727070767844406e-02,-2.616106077436012867e-01,inf,1.000000000000000000e+00,-1.542588472366333008e-01,-1.044038236141204834e-01,-8.057326078414916992e-02,-1.468708068132400513e-01,-3.818838298320770264e-02,-6.518106162548065186e-02
4.819999999999944329e+00,1.194832645329227283e+00,-3.677386884403321954e-01,-1.524460913853882271e+00,-4.322589566136800926e-02,-2.639784202821933157e-01,inf,1.000000000000000000e+00,-1.618667244911193848e-01,-1.028577238321304321e-01,-7.721988856792449951e-02,-1.391712129116058350e-01,-3.965779766440391541e-02,-6.333963572978973389e-02
4.839999999999951008e+00,1.193472751285994171e+00,-3.748586637589516046e-01,-1.477854361926002058e+00,-3.937417573906005358e-02,-2.671881868841166074e-01,inf,1.000000000000000000e+00,-1.718082278966903687e-01,-1.024859100580215454e-01,-7.394994795322418213e-02,-1.299890875816345215e-01,-4.097882658243179321e-02,-6.070644780993461609e-02
4.859999999999957687e+00,1.192608463995445067e+00,-3.818957727609185171e-01,-1.427790610731398901e+00,-3.654035472674455054e-02,-2.695497043943795301e-01,inf,1.000000000000000000e+00,-1.833319813013076782e-01,-1.035548746585845947e-01,-7.078120112419128418e-02,-1.201990842819213867e-01,-4.213105514645576477e-02,-5.753659829497337341e-02
4.879999999999964366e+00,1.192238910569135113e+00,-3.887584827783203689e-01,-1.375308431466166992e+00,-3.629196364211551007e-02,-2.697566969649037305e-01,inf,1.000000000000000000e+00,-1.950617730617523193e-01,-1.057875752449035645e-01,-6.775344908237457275e-02,-1.105814501643180847e-01,-4.317177459597587585e-02,-5.411209538578987122e-02
4.899999999999971045e+00,1.192321655236342703e+00,-3.953865215679336909e-01,-1.320847876195392567e+00,-3.877178871893609269e-02,-2.676901760675532427e-01,inf,1.000000000000000000e+00,-2.057718783617019653e-01,-1.085445731878280640e-01,-6.484358012676239014e-02,-1.014836207032203674e-01,-4.415892809629440308e-02,-5.060808733105659485e-02
4.919999999999977724e+00,1.192810631327208437e+00,-4.017447409076659870e-01,-1.264413671495217661e+00,-4.285138410553972210e-02,-2.642905132453835515e-01,inf,1.000000000000000000e+00,-2.150823622941970825e-01,-1.113256886601448059e-01,-6.202369928359985352e-02,-9.290755540132522583e-02,-4.508485272526741028e-02,-4.705695807933807373e-02
4.939999999999984404e+00,1.193699406853292899e+00,-4.077972580822070148e-01,-1.206106365137529002e+00,-4.685128657299417881e-02,-2.609572611891715077e-01,inf,1.000000000000000000e+00,-2.232897430658340454e-01,-1.140630319714546204e-01,-5.936310067772865295e-02,-8.474968373775482178e-02,-4.589414224028587341e-02,-4.337273910641670227e-02
4.959999999999991083e+00,1.195037524149757058e+00,-4.134845148205138488e-01,-1.146628694109444346e+00,-4.921685779992310966e-02,-2.589859518333973987e-01,inf,1.000000000000000000e+00,-2.308395653963088989e-01,-1.171932518482208252e-01,-5.710760131478309631e-02,-7.717026025056838989e-02,-4.652463644742965698e-02,-3.951441869139671326e-02
4.979999999999997762e+00,1.196910909052142813e+00,-4.187207110400649190e-01,-1.087491995716010074e+00,-4.894985047350441931e-02,-2.592084579387463061e-01,inf,1.000000000000000000e+00,-2.380781024694442749e-01,-1.214959174394607544e-01,-5.570720136165618896e-02,-7.082039117813110352e-02,-4.692337661981582642e-02,-3.566071763634681702e-02
5.000000000000004441e+00,1.199402623754383779e+00,-4.234089689888115848e-01,-1.030869121328946925e+00,-4.602359913894066984e-02,-2.616470007175494272e-01,inf,1.000000000000000000e+00,-2.453171163797378540e-01,-1.276948004961013794e-01,-5.563992261886596680e-02,-6.641059368848800659e-02,-4.703332111239433289e-02,-3.205576911568641663e-02
5.020000000000011120e+00,1.202560186872371428e+00,-4.274772967749115304e-01,-9.790891735686692021e-01,-4.168701385469177761e-02,-2.652608217877568397e-01,inf,1.000000000000000000e+00,-2.527644634246826172e-01,-1.360470056533813477e-01,-5.712402984499931335e-02,-6.404507160186767578e-02,-4.672286659479141235e-02,-2.869693748652935028e-02
5.040000000000017799e+00,1.206381858474852686e+00,-4.309134750011840431e-01,-9.339958881348230380e-01,-3.818973155392322433e-02,-2.681752237050639698e-01,inf,1.000000000000000000e+00,-2.601942718029022217e-01,-1.461087912321090698e-01,-6.004337966442108154e-02,-6.317250430583953857e-02,-4.568883776664733887e-02,-2.534932643175125122e-02
5.060000000000024478e+00,1.210798268438065151e+00,-4.337624868754196839e-01,-8.963756283730016650e-01,-3.775672839957739529e-02,-2.685360596670188227e-01,inf,1.000000000000000000e+00,-2.668385207653045654e-01,-1.566972583532333374e-01,-6.415851414203643799e-02,-6.301695853471755981e-02,-4.349074512720108032e-02,-2.182601951062679291e-02
5.080000000000031157e+00,1.215682148247788863e+00,-4.360914053951579494e-01,-8.658207243193569713e-01,-4.109931099480956807e-02,-2.657505741709920155e-01,inf,1.000000000000000000e+00,-2.719279229640960693e-01,-1.663253456354141235e-01,-6.914442777633666992e-02,-6.292776763439178467e-02,-4.000052064657211304e-02,-1.817374676465988159e-02
5.100000000000037836e+00,1.220888606515708075e+00,-4.379398063535543395e-01,-8.411003664045971773e-01,-4.694023586239796930e-02,-2.608831367813350122e-01,inf,1.000000000000000000e+00,-2.752771973609924316e-01,-1.738791316747665405e-01,-7.414881885051727295e-02,-6.238123774528503418e-02,-3.596299514174461365e-02,-1.461372897028923035e-02
5.120000000000044516e+00,1.226299034308833802e+00,-4.393244525297809178e-01,-8.209283506240455663e-01,-5.256486639282198503e-02,-2.561959446726483347e-01,inf,1.000000000000000000e+00,-2.770236432552337646e-01,-1.789642870426177979e-01,-7.830923050642013550e-02,-6.127890199422836304e-02,-3.234894573688507080e-02,-1.146287098526954651e-02
5.140000000000051195e+00,1.231852501231748054e+00,-4.402546057376345856e-01,-8.047962897182394659e-01,-5.549903117924013390e-02,-2.537508073506332118e-01,inf,1.000000000000000000e+00,-2.773947119712829590e-01,-1.820357888936996460e-01,-8.166015148162841797e-02,-6.009507924318313599e-02,-2.942656166851520538e-02,-8.922049775719642639e-03
5.160000000000057874e+00,1.237548209631599505e+00,-4.407446771260729590e-01,-7.933336029789992416e-01,-5.494570894116388576e-02,-2.542119092156967519e-01,inf,1.000000000000000000e+00,-2.767189145088195801e-01,-1.841758340597152710e-01,-8.485306799411773682e-02,-5.932175740599632263e-02,-2.689532190561294556e-02,-6.852361373603343964e-03
5.180000000000064553e+00,1.243417382478003042e+00,-4.408333090728561166e-01,-7.880614229614331112e-01,-5.196344275041842042e-02,-2.566971310413179719e-01,inf,1.000000000000000000e+00,-2.750803828239440918e-01,-1.863323748111724854e-01,-8.849629014730453491e-02,-5.912918969988822937e-02,-2.428939938545227051e-02,-4.949218593537807465e-03
5.200000000000071232e+00,1.249474682810739923e+00,-4.405848372826925985e-01,-7.906133280450178269e-01,-4.877435097909077477e-02,-2.593547075174243433e-01,inf,1.000000000000000000e+00,-2.722370028495788574e-01,-1.887662112712860107e-01,-9.273279458284378052e-02,-5.960161238908767700e-02,-2.139776200056076050e-02,-3.151837736368179321e-03
5.220000000000077911e+00,1.255691419368992756e+00,-4.400839280712294799e-01,-8.020155702407407716e-01,-4.723312523658811102e-02,-2.606390623028432274e-01,inf,1.000000000000000000e+00,-2.682363688945770264e-01,-1.912607550621032715e-01,-9.740662574768066406e-02,-6.124087050557136536e-02,-1.853872835636138916e-02,-1.860266318544745445e-03
5.240000000000084590e+00,1.261998161637066351e+00,-4.394311252640561438e-01,-8.225260243310016373e-01,-4.768973891711349861e-02,-2.602585509024054056e-01,inf,1.000000000000000000e+00,-2.633520364761352539e-01,-1.935882866382598877e-01,-1.026022285223007202e-01,-6.479431688785552979e-02,-1.612312719225883484e-02,-1.509013352915644646e-03
5.260000000000091269e+00,1.268295622168658543e+00,-4.387366164147102343e-01,-8.517395121228940047e-01,-4.926410303494797166e-02,-2.589465808042100137e-01,inf,1.000000000000000000e+00,-2.571582198143005371e-01,-1.953967809677124023e-01,-1.083206310868263245e-01,-7.044405490159988403e-02,-1.411209441721439362e-02,-2.083518076688051224e-03
5.280000000000097948e+00,1.274463363740760080e+00,-4.380971838625462578e-01,-8.887285428194867665e-01,-5.086167122008664748e-02,-2.576152739832611172e-01,inf,1.000000000000000000e+00,-2.495714873075485229e-01,-1.964617520570755005e-01,-1.139016598463058472e-01,-7.757975906133651733e-02,-1.230082567781209946e-02,-3.324300283566117287e-03
5.300000000000104627e+00,1.280398234495988774e+00,-4.375750460773143447e-01,-9.323937719106453192e-01,-5.192976600309082841e-02,-2.567251949974242997e-01,inf,1.000000000000000000e+00,-2.413769513368606567e-01,-1.968435794115066528e-01,-1.186645328998565674e-01,-8.514736592769622803e-02,-1.063161902129650116e-02,-4.941387102007865906e-03
5.320000000000111307e+00,1.286030025106532193e+00,-4.371966124456629910e-01,-9.817842454552622167e-01,-5.238927100195995418e-02,-2.563422741650333569e-01,inf,1.000000000000000000e+00,-2.332699149847030640e-01,-1.964908540248870850e-01,-1.224178373813629150e-01,-9.217412024736404419e-02,-9.120579808950424194e-03,-6.637720856815576553e-03
5.340000000000117986e+00,1.291314410739373253e+00,-4.369691253045873136e-01,-1.036174533365632699e+00,-5.240950318561319460e-02,-2.563254140119889946e-01,inf,1.000000000000000000e+00,-2.256255596876144409e-01,-1.953238993883132935e-01,-1.253401935100555420e-01,-9.823982417583465576e-02,-7.741930428892374039e-03,-8.244650438427925110e-03
5.360000000000124665e+00,1.296215430990701911e+00,-4.369067611297470233e-01,-1.094971201514220560e+00,-5.222133727115165630e-02,-2.564822189407069408e-01,inf,1.000000000000000000e+00,-2.185030430555343628e-01,-1.934551149606704712e-01,-1.277237981557846069e-01,-1.035121232271194458e-01,-6.519153714179992676e-03,-9.784184396266937256e-03
5.380000000000131344e+00,1.300689069015489530e+00,-4.370443295639124259e-01,-1.157577724905622940e+00,-5.196614966280026227e-02,-2.566948752809997680e-01,inf,1.000000000000000000e+00,-2.116655111312866211e-01,-1.911734491586685181e-01,-1.297544240951538086e-01,-1.084341928362846375e-01,-5.653320811688899994e-03,-1.143725588917732239e-02
5.400000000000138023e+00,1.304676316575213768e+00,-4.374254716206207871e-01,-1.223293979267407128e+00,-5.163206694304709604e-02,-2.569732775474607434e-01,inf,1.000000000000000000e+00,-2.047401070594787598e-01,-1.887766420841217041e-01,-1.315037757158279419e-01,-1.134794130921363831e-01,-5.473030731081962585e-03,-1.349839754402637482e-02
5.420000000000144702e+00,1.308100255205575380e+00,-4.381101097056878668e-01,-1.291295733815918334e+00,-5.111617772754235151e-02,-2.574031852270480258e-01,inf,1.000000000000000000e+00,-1.974381953477859497e-01,-1.863897442817687988e-01,-1.330024749040603638e-01,-1.189855113625526428e-01,-6.212341133505105972e-03,-1.625832356512546539e-02
5.440000000000151381e+00,1.310880583483523543e+00,-4.391595293229364483e-01,-1.360658411354780828e+00,-5.038860922382961544e-02,-2.580094923134753082e-01,inf,1.000000000000000000e+00,-1.898583024740219116e-01,-1.839639693498611450e-01,-1.342084258794784546e-01,-1.249753311276435852e-01,-7.765368558466434479e-03,-1.982027851045131683e-02
5.460000000000158060e+00,1.312951622044812527e+00,-4.406094687871765503e-01,-1.430471404115768452e+00,-4.957475944415239144e-02,-2.586877004632063271e-01,inf,1.000000000000000000e+00,-1.826880574226379395e-01,-1.815101653337478638e-01,-1.349317431449890137e-01,-1.310390532016754150e-01,-9.640578180551528931e-03,-2.395589463412761688e-02
5.480000000000164739e+00,1.314275924181826927e+00,-4.424563873447522333e-01,-1.499941085098615678e+00,-4.885912728962238383e-02,-2.592840605919813357e-01,inf,1.000000000000000000e+00,-1.767361462116241455e-01,-1.792356669902801514e-01,-1.349848508834838867e-01,-1.366139650344848633e-01,-1.131193619221448898e-02,-2.822670713067054749e-02
5.500000000000171418e+00,1.314842675377158931e+00,-4.446688140322532790e-01,-1.568364934382857623e+00,-4.833458430413064416e-02,-2.597211797465577843e-01,inf,1.000000000000000000e+00,-1.722639203071594238e-01,-1.773063838481903076e-01,-1.344111561775207520e-01,-1.414275169372558594e-01,-1.258299686014652252e-02,-3.230077028274536133e-02
5.520000000000178098e+00,1.314658544703220855e+00,-4.472198551629138485e-01,-1.634975554391722152e+00,-4.795264606112092931e-02,-2.600394616157325478e-01,inf,1.000000000000000000e+00,-1.689765155315399170e-01,-1.756184250116348267e-01,-1.333899199962615967e-01,-1.455762684345245361e-01,-1.353045552968978882e-02,-3.613236546516418457e-02
5.540000000000184777e+00,1.313735720187351852e+00,-4.501121535921460692e-01,-1.698751248640450573e+00,-4.758316738852687994e-02,-2.603473605095609211e-01,inf,1.000000000000000000e+00,-1.664159148931503296e-01,-1.739028245210647583e-01,-1.319929510354995728e-01,-1.492872238159179688e-01,-1.433064229786396027e-02,-3.987362235784530640e-02
5.560000000000191456e+00,1.312094210235823510e+00,-4.533806381090175752e-01,-1.758388257866713822e+00,-4.706562523470305542e-02,-2.607786456377474416e-01,inf,1.000000000000000000e+00,-1.641623228788375854e-01,-1.717918664216995239e-01,-1.301791965961456299e-01,-1.527248471975326538e-01,-1.515142340213060379e-02,-4.366639256477355957e-02
5.580000000000198135e+00,1.309783619328912074e+00,-4.570717583810029461e-01,-1.812403899385779171e+00,-4.624305112039976684e-02,-2.614641240663335142e-01,inf,1.000000000000000000e+00,-1.619041115045547485e-01,-1.687898486852645874e-01,-1.279122829437255859e-01,-1.559634804725646973e-01,-1.612578146159648895e-02,-4.752588644623756409e-02
5.600000000000204814e+00,1.306878408102380540e+00,-4.612217338900461150e-01,-1.859240504621738399e+00,-4.504622863956075918e-02,-2.624614761336993563e-01,inf,1.000000000000000000e+00,-1.594920158386230469e-01,-1.643159389495849609e-01,-1.250944286584854126e-01,-1.589781641960144043e-01,-1.743218116462230682e-02,-5.136601999402046204e-02
5.620000000000211493e+00,1.303426667625994906e+00,-4.658190825613326425e-01,-1.897448168953055125e+00,-4.355070623385679657e-02,-2.637077448051193262e-01,inf,1.000000000000000000e+00,-1.568868756294250488e-01,-1.577958762645721436e-01,-1.214045211672782898e-01,-1.615963727235794067e-01,-1.935972832143306732e-02,-5.507069081068038940e-02
5.640000000000218172e+00,1.299512801447077592e+00,-4.708402304483833567e-01,-1.925800075622499552e+00,-4.197464379796173733e-02,-2.650211301683652043e-01,inf,1.000000000000000000e+00,-1.538282483816146851e-01,-1.488999724388122559e-01,-1.164819523692131042e-01,-1.632711291313171387e-01,-2.209262549877166748e-02,-5.838080123066902161e-02
5.660000000000224851e+00,1.295256778562364985e+00,-4.762491114039242301e-01,-1.943409564563510772e+00,-4.071480530204711623e-02,-2.660709955816273897e-01,inf,1.000000000000000000e+00,-1.504549831151962280e-01,-1.386225521564483643e-01,-1.108237579464912415e-01,-1.635640412569046021e-01,-2.530265599489212036e-02,-6.100903823971748352e-02
5.680000000000231530e+00,1.290790507743734494e+00,-4.819610549349473416e-01,-1.950379395491664392e+00,-4.008756604670746931e-02,-2.665936949610770990e-01,inf,1.000000000000000000e+00,-1.478145122528076172e-01,-1.291624754667282104e-01,-1.055338978767395020e-01,-1.628568619489669800e-01,-2.824605628848075867e-02,-6.291264295578002930e-02
5.700000000000238209e+00,1.286248448564261349e+00,-4.878368143052318473e-01,-1.948009398581373341e+00,-3.997681025889820994e-02,-2.666859914509181473e-01,inf,1.000000000000000000e+00,-1.466633230447769165e-01,-1.219636425375938416e-01,-1.010248810052871704e-01,-1.619156450033187866e-01,-3.044662252068519592e-02,-6.426478177309036255e-02
5.720000000000244889e+00,1.281746141184785692e+00,-4.937444695684412022e-01,-1.938094882183869050e+00,-3.987345915338347258e-02,-2.667721173721804284e-01,inf,1.000000000000000000e+00,-1.468936055898666382e-01,-1.172236055135726929e-01,-9.714516252279281616e-02,-1.609185189008712769e-01,-3.200815245509147644e-02,-6.519533693790435791e-02
5.740000000000251568e+00,1.277362175434392899e+00,-4.996230592411309290e-01,-1.921962942113213835e+00,-3.925342479742999213e-02,-2.672888126688083288e-01,inf,1.000000000000000000e+00,-1.481403857469558716e-01,-1.143637225031852722e-01,-9.366460889577865601e-02,-1.595753878355026245e-01,-3.327623754739761353e-02,-6.579529494047164917e-02
5.760000000000258247e+00,1.273136856942968187e+00,-5.055025617238910751e-01,-1.899989065453217885e+00,-3.796649495488899767e-02,-2.683612542042591587e-01,inf,1.000000000000000000e+00,-1.502837985754013062e-01,-1.124164760112762451e-01,-9.032648056745529175e-02,-1.574741750955581665e-01,-3.451009467244148254e-02,-6.609009951353073120e-02
5.780000000000264926e+00,1.269085024187822874e+00,-5.114794453807147701e-01,-1.871835795244640721e+00,-3.636133773476135644e-02,-2.696988852210321919e-01,inf,1.000000000000000000e+00,-1.535770893096923828e-01,-1.105954274535179138e-01,-8.690787106752395630e-02,-1.540544778108596802e-01,-3.584696352481842041e-02,-6.595723330974578857e-02
5.800000000000271605e+00,1.265217758394356906e+00,-5.176450068895147583e-01,-1.837164169976394756e+00,-3.504579587434046573e-02,-2.707951701047162651e-01,inf,1.000000000000000000e+00,-1.584977805614471436e-01,-1.087026894092559814e-01,-8.335204422473907471e-02,-1.487679183483123779e-01,-3.730748593807220459e-02,-6.518560647964477539e-02
5.820000000000278284e+00,1.261604902313703924e+00,-5.240280458033679256e-01,-1.796112817002697870e+00,-3.451802220105677083e-02,-2.712349814991193431e-01,inf,1.000000000000000000e+00,-1.655101031064987183e-01,-1.070609539747238159e-01,-7.972457259893417358e-02,-1.413642317056655884e-01,-3.879323974251747131e-02,-6.357397139072418213e-02
5.840000000000284963e+00,1.258368600369743628e+00,-5.305947752136689344e-01,-1.749507201581439020e+00,-3.494125058155293090e-02,-2.708822911820392143e-01,inf,1.000000000000000000e+00,-1.747867912054061890e-01,-1.061915755271911621e-01,-7.609193772077560425e-02,-1.321099847555160522e-01,-4.014864936470985413e-02,-6.105738878250122070e-02
5.860000000000291642e+00,1.255613294774602373e+00,-5.372599621881888332e-01,-1.698725726606465702e+00,-3.609106311139707174e-02,-2.699241140738357636e-01,inf,1.000000000000000000e+00,-1.857726126909255981e-01,-1.065642088651657104e-01,-7.260641455650329590e-02,-1.219730153679847717e-01,-4.125731065869331360e-02,-5.783601850271224976e-02
5.880000000000298321e+00,1.253392319672553157e+00,-5.439134324624136374e-01,-1.645146370492440946e+00,-3.743955682439439187e-02,-2.688003693130046612e-01,inf,1.000000000000000000e+00,-1.972326040267944336e-01,-1.082851886749267578e-01,-6.944009661674499512e-02,-1.120639368891716003e-01,-4.217612743377685547e-02,-5.426869168877601624e-02
5.900000000000305000e+00,1.251705912630010742e+00,-5.504531013766598146e-01,-1.589715502365455446e+00,-3.835950013290732180e-02,-2.680337498892438886e-01,inf,1.000000000000000000e+00,-2.079343497753143311e-01,-1.110519617795944214e-01,-6.666009873151779175e-02,-1.030425280332565308e-01,-4.306362569332122803e-02,-5.066196620464324951e-02
5.920000000000311680e+00,1.250527792513031589e+00,-5.568055301820156178e-01,-1.532904003510527913e+00,-3.839097530745876063e-02,-2.680075205771176861e-01,inf,1.000000000000000000e+00,-2.173702269792556763e-01,-1.144606024026870728e-01,-6.427003443241119385e-02,-9.510421007871627808e-02,-4.397365078330039978e-02,-4.717256501317024231e-02
5.940000000000318359e+00,1.249850383058318526e+00,-5.629254013337567919e-01,-1.475049812660363946e+00,-3.741607096191212900e-02,-2.688199408650732147e-01,inf,1.000000000000000000e+00,-2.257878780364990234e-01,-1.182445287704467773e-01,-6.225895136594772339e-02,-8.804265409708023071e-02,-4.484104737639427185e-02,-4.373295605182647705e-02
5.960000000000325038e+00,1.249713254784315719e+00,-5.687812729135330869e-01,-1.416760085046541384e+00,-3.573663412560059566e-02,-2.702194715619994914e-01,inf,1.000000000000000000e+00,-2.336742579936981201e-01,-1.223788633942604065e-01,-6.063265725970268250e-02,-8.149243891239166260e-02,-4.555040597915649414e-02,-4.012498632073402405e-02
5.980000000000331717e+00,1.250192903184026205e+00,-5.743386311933494914e-01,-1.359075433202921568e+00,-3.410009572617116180e-02,-2.715832535615240184e-01,inf,1.000000000000000000e+00,-2.412261664867401123e-01,-1.270801424980163574e-01,-5.950821936130523682e-02,-7.547152787446975708e-02,-4.595908895134925842e-02,-3.628537803888320923e-02
6.000000000000338396e+00,1.251366354429878536e+00,-5.795464080138215124e-01,-1.303392797202092890e+00,-3.352072624161848285e-02,-2.720660614653179210e-01,inf,1.000000000000000000e+00,-2.483548820018768311e-01,-1.327335983514785767e-01,-5.916432663798332214e-02,-7.054063677787780762e-02,-4.594505950808525085e-02,-3.244780749082565308e-02
6.020000000000345075e+00,1.253280352554120292e+00,-5.843495459747132248e-01,-1.251276197831386883e+00,-3.475987012437151830e-02,-2.710334415630237248e-01,inf,1.000000000000000000e+00,-2.550691068172454834e-01,-1.397127658128738403e-01,-5.990074574947357178e-02,-6.721603870391845703e-02,-4.544235765933990479e-02,-2.886752411723136902e-02
6.040000000000351754e+00,1.255943007009542978e+00,-5.887174743205499938e-01,-1.204265072204414588e+00,-3.781479754204199878e-02,-2.684876687149649888e-01,inf,1.000000000000000000e+00,-2.614234089851379395e-01,-1.480490267276763916e-01,-6.183603778481483459e-02,-6.546302139759063721e-02,-4.434837773442268372e-02,-2.557271532714366913e-02
6.060000000000358433e+00,1.259317796847222448e+00,-5.926545257206992101e-01,-1.163559187509661141e+00,-4.181367000073803186e-02,-2.651552749993849600e-01,inf,1.000000000000000000e+00,-2.672084569931030273e-01,-1.571910083293914795e-01,-6.493170559406280518e-02,-6.482769548892974854e-02,-4.244873300194740295e-02,-2.244023233652114868e-02
6.080000000000365112e+00,1.263320721821509451e+00,-5.961870621009752735e-01,-1.129741070639248113e+00,-4.538150544339001474e-02,-2.621820787971749778e-01,inf,1.000000000000000000e+00,-2.720357179641723633e-01,-1.661753803491592407e-01,-6.909576058387756348e-02,-6.476370990276336670e-02,-3.957968205213546753e-02,-1.935514435172080994e-02
6.100000000000371791e+00,1.267848608808916033e+00,-5.993347224912201066e-01,-1.102721313601208619e+00,-4.729440100423436266e-02,-2.605879991631380177e-01,inf,1.000000000000000000e+00,-2.756207883358001709e-01,-1.740366667509078979e-01,-7.393430173397064209e-02,-6.474317610263824463e-02,-3.600182384252548218e-02,-1.627453416585922241e-02
6.120000000000378471e+00,1.272790438310102967e+00,-6.020886601875852229e-01,-1.081861150060624999e+00,-4.719294314126156603e-02,-2.606725473822820160e-01,inf,1.000000000000000000e+00,-2.778187394142150879e-01,-1.801004409790039062e-01,-7.863508164882659912e-02,-6.433843076229095459e-02,-3.240950405597686768e-02,-1.326805260032415390e-02
6.140000000000385150e+00,1.278049657350840640e+00,-6.044530930501864630e-01,-1.066500268059395351e+00,-4.570700065245009852e-02,-2.619108327896249033e-01,inf,1.000000000000000000e+00,-2.785579860210418701e-01,-1.841727793216705322e-01,-8.263430744409561157e-02,-6.353671848773956299e-02,-2.928033284842967987e-02,-1.055638585239648819e-02
6.160000000000391829e+00,1.283558444800190212e+00,-6.064446118608368685e-01,-1.056420456098767335e+00,-4.409518040613200768e-02,-2.632540163282233170e-01,inf,1.000000000000000000e+00,-2.780148386955261230e-01,-1.867378354072570801e-01,-8.603649586439132690e-02,-6.273809820413589478e-02,-2.661848254501819611e-02,-8.302634581923484802e-03
6.180000000000398508e+00,1.289280847546928843e+00,-6.080966724473648721e-01,-1.052143781805411349e+00,-4.339971771660681987e-02,-2.638335685694943034e-01,inf,1.000000000000000000e+00,-2.764813303947448730e-01,-1.886727958917617798e-01,-8.931167423725128174e-02,-6.237876787781715393e-02,-2.420045807957649231e-02,-6.475072354078292847e-03
6.200000000000405187e+00,1.295202513993490179e+00,-6.094596819772659657e-01,-1.054794320877193270e+00,-4.381187906161160966e-02,-2.634901007819903107e-01,inf,1.000000000000000000e+00,-2.740153670310974121e-01,-1.906448006629943848e-01,-9.292402118444442749e-02,-6.279452145099639893e-02,-2.179265581071376801e-02,-4.999907687306404114e-03
6.220000000000411866e+00,1.301300726628843218e+00,-6.106028041807280982e-01,-1.065564492050157908e+00,-4.481788281290974979e-02,-2.626517643225751986e-01,inf,1.000000000000000000e+00,-2.704942226409912109e-01,-1.928227990865707397e-01,-9.719353914260864258e-02,-6.444480270147323608e-02,-1.933506317436695099e-02,-4.006932489573955536e-03
6.240000000000418545e+00,1.307519007408590950e+00,-6.116106384300814547e-01,-1.085196327840665553e+00,-4.583499397108840856e-02,-2.618041716907596461e-01,inf,1.000000000000000000e+00,-2.657820880413055420e-01,-1.949917525053024292e-01,-1.023217290639877319e-01,-6.796881556510925293e-02,-1.695768721401691437e-02,-3.784869564697146416e-03
6.260000000000425224e+00,1.313755928643026261e+00,-6.125732399966912212e-01,-1.113670059983143945e+00,-4.654699317555530819e-02,-2.612108390203705666e-01,inf,1.000000000000000000e+00,-2.594803571701049805e-01,-1.966713070869445801e-01,-1.081233620643615723e-01,-7.360112667083740234e-02,-1.473719719797372818e-02,-4.410957451909780502e-03
6.280000000000431903e+00,1.319872716711928184e+00,-6.135576635108257459e-01,-1.150178425050047082e+00,-4.696851005708783944e-02,-2.608595749524267871e-01,inf,1.000000000000000000e+00,-2.516322731971740723e-01,-1.975312381982803345e-01,-1.137182936072349548e-01,-8.063244819641113281e-02,-1.268560998141765594e-02,-5.647262092679738998e-03
6.300000000000438583e+00,1.325745670816927735e+00,-6.145941111690464975e-01,-1.193546208546601095e+00,-4.724887549607221376e-02,-2.606259370866064740e-01,inf,1.000000000000000000e+00,-2.432588487863540649e-01,-1.976574808359146118e-01,-1.183717325329780579e-01,-8.789211511611938477e-02,-1.086330413818359375e-02,-7.179809268563985825e-03
6.320000000000445262e+00,1.331294439136143204e+00,-6.156847009454662345e-01,-1.242719610160400556e+00,-4.747694426940080731e-02,-2.604358797754993127e-01,inf,1.000000000000000000e+00,-2.351691573858261108e-01,-1.970384716987609863e-01,-1.220320388674736023e-01,-9.451185166835784912e-02,-9.267284534871578217e-03,-8.749988861382007599e-03
6.340000000000451941e+00,1.336473587283562914e+00,-6.168232615942250696e-01,-1.296935950142463101e+00,-4.765359865696037339e-02,-2.602886677858663456e-01,inf,1.000000000000000000e+00,-2.276400327682495117e-01,-1.956282705068588257e-01,-1.249608993530273438e-01,-1.002291068434715271e-01,-7.826415821909904480e-03,-1.022978872060775757e-02
6.360000000000458620e+00,1.341245908634381312e+00,-6.180169598632513361e-01,-1.355623806106796225e+00,-4.773050595897652265e-02,-2.602245783675195545e-01,inf,1.000000000000000000e+00,-2.206368744373321533e-01,-1.936138719320297241e-01,-1.274000257253646851e-01,-1.052708700299263000e-01,-6.567580159753561020e-03,-1.165429130196571350e-02
6.380000000000465299e+00,1.345559797065115193e+00,-6.192919161340486589e-01,-1.418230873339908937e+00,-4.765323639394338645e-02,-2.602889696717138324e-01,inf,1.000000000000000000e+00,-2.138976752758026123e-01,-1.913366615772247314e-01,-1.294499784708023071e-01,-1.100618913769721985e-01,-5.703982897102832794e-03,-1.320944819599390030e-02
6.400000000000471978e+00,1.349344913189264750e+00,-6.206769813596493268e-01,-1.484092737495662506e+00,-4.739221062203473334e-02,-2.605064911483043755e-01,inf,1.000000000000000000e+00,-2.070651054382324219e-01,-1.890805810689926147e-01,-1.311429142951965332e-01,-1.150328293442726135e-01,-5.551840644329786301e-03,-1.518844999372959137e-02
6.420000000000478657e+00,1.352508483329940780e+00,-6.222089448727373684e-01,-1.552395917065573672e+00,-4.694982203018353839e-02,-2.608751483081803713e-01,inf,1.000000000000000000e+00,-1.998777538537979126e-01,-1.869173496961593628e-01,-1.325212419033050537e-01,-1.204788684844970703e-01,-6.328667514026165009e-03,-1.786880753934383392e-02
6.440000000000485336e+00,1.354954212415307779e+00,-6.239253195462501900e-01,-1.622199736041387563e+00,-4.635833437299010512e-02,-2.613680546891749001e-01,inf,1.000000000000000000e+00,-1.924331635236740112e-01,-1.847433000802993774e-01,-1.335752904415130615e-01,-1.264018267393112183e-01,-7.940730080008506775e-03,-2.134511433541774750e-02
6.460000000000492015e+00,1.356606756431439909e+00,-6.258450083424575983e-01,-1.692548400101854922e+00,-4.568647607363971602e-02,-2.619279366053002267e-01,inf,1.000000000000000000e+00,-1.853624731302261353e-01,-1.824992597103118896e-01,-1.341433674097061157e-01,-1.323877424001693726e-01,-9.921525605022907257e-03,-2.540260180830955505e-02
6.480000000000498694e+00,1.357427684343122554e+00,-6.279591243820883406e-01,-1.762568901309691460e+00,-4.504555552576711835e-02,-2.624620370618607201e-01,inf,1.000000000000000000e+00,-1.794100850820541382e-01,-1.803033351898193359e-01,-1.340542137622833252e-01,-1.378442049026489258e-01,-1.171474438160657883e-02,-2.961005270481109619e-02
6.500000000000505374e+00,1.357411979558387216e+00,-6.302388952357591556e-01,-1.831468104040532285e+00,-4.453439011493620647e-02,-2.628880082375531502e-01,inf,1.000000000000000000e+00,-1.748533397912979126e-01,-1.783042997121810913e-01,-1.333731710910797119e-01,-1.424729079008102417e-01,-1.305351313203573227e-02,-3.361477702856063843e-02
6.520000000000512053e+00,1.356573386040326179e+00,-6.326610032560107122e-01,-1.898431687162040360e+00,-4.417033185368792608e-02,-2.631913901219267160e-01,inf,1.000000000000000000e+00,-1.714548021554946899e-01,-1.764652729034423828e-01,-1.323170065879821777e-01,-1.463928818702697754e-01,-1.397857628762722015e-02,-3.734239935874938965e-02
6.540000000000518732e+00,1.354926505701385064e+00,-6.352277254071179158e-01,-1.962461040417545100e+00,-4.389101814566134102e-02,-2.634241515452822036e-01,inf,1.000000000000000000e+00,-1.687702387571334839e-01,-1.745760738849639893e-01,-1.310051977634429932e-01,-1.498800069093704224e-01,-1.465823221951723099e-02,-4.092431813478469849e-02
6.560000000000525411e+00,1.352485667578826156e+00,-6.379720301323184017e-01,-2.022322082670011234e+00,-4.360279360857519798e-02,-2.636643386595206584e-01,inf,1.000000000000000000e+00,-1.663663089275360107e-01,-1.723080724477767944e-01,-1.294247508049011230e-01,-1.531457602977752686e-01,-1.526157744228839874e-02,-4.450074210762977600e-02
6.580000000000532090e+00,1.349288956417405982e+00,-6.409449162251101839e-01,-2.076609827648780104e+00,-4.321990461498934760e-02,-2.639834128208422004e-01,inf,1.000000000000000000e+00,-1.639425009489059448e-01,-1.692218482494354248e-01,-1.275023967027664185e-01,-1.562781780958175659e-01,-1.594608463346958160e-02,-4.810779169201850891e-02
6.600000000000538769e+00,1.345400195438324786e+00,-6.441960262883148491e-01,-2.123835101796271552e+00,-4.267435716567675313e-02,-2.644380356952693578e-01,inf,1.000000000000000000e+00,-1.614013463258743286e-01,-1.648053228855133057e-01,-1.250765323638916016e-01,-1.592388153076171875e-01,-1.693115010857582092e-02,-5.169571191072463989e-02
6.620000000000545448e+00,1.340871274911104472e+00,-6.477255264274109914e-01,-2.162597690274040030e+00,-4.191046538792370796e-02,-2.650746121767302288e-01,inf,1.000000000000000000e+00,-1.587647944688796997e-01,-1.585272997617721558e-01,-1.218180805444717407e-01,-1.618592739105224609e-01,-1.853160932660102844e-02,-5.518928542733192444e-02
6.640000000000552127e+00,1.335788254245796391e+00,-6.515307211695059442e-01,-2.191709519267352579e+00,-4.089658114242171461e-02,-2.659195157146485577e-01,inf,1.000000000000000000e+00,-1.557826101779937744e-01,-1.500127613544464111e-01,-1.173602491617202759e-01,-1.636072099208831787e-01,-2.096146345138549805e-02,-5.836344510316848755e-02
6.660000000000558806e+00,1.330273185386194879e+00,-6.556111126492083496e-01,-2.210251844689858469e+00,-3.972864866559990688e-02,-2.668927927786667320e-01,inf,1.000000000000000000e+00,-1.524878442287445068e-01,-1.400680392980575562e-01,-1.120942384004592896e-01,-1.640021950006484985e-01,-2.398253791034221649e-02,-6.092655658721923828e-02
6.680000000000565485e+00,1.324468960472161339e+00,-6.599298994405851104e-01,-2.218178553385131924e+00,-3.864246959838999601e-02,-2.677979420013416600e-01,inf,1.000000000000000000e+00,-1.498075574636459351e-01,-1.307182312011718750e-01,-1.070338338613510132e-01,-1.633315235376358032e-01,-2.690361998975276947e-02,-6.280548870563507080e-02
6.700000000000572165e+00,1.318535878601294620e+00,-6.643998145518010823e-01,-2.216598590650627809e+00,-3.784423399964052109e-02,-2.684631383336328891e-01,inf,1.000000000000000000e+00,-1.485533863306045532e-01,-1.234570667147636414e-01,-1.026162058115005493e-01,-1.623420417308807373e-01,-2.919112704694271088e-02,-6.415550410747528076e-02
6.720000000000578844e+00,1.312620711509550286e+00,-6.689286229252200400e-01,-2.207217573339676164e+00,-3.734808463177145821e-02,-2.688765961401904381e-01,inf,1.000000000000000000e+00,-1.487753093242645264e-01,-1.186320334672927856e-01,-9.873870015144348145e-02,-1.612955331802368164e-01,-3.087776899337768555e-02,-6.510211527347564697e-02
6.740000000000585523e+00,1.306823315853012257e+00,-6.734736690498499545e-01,-2.191433938067993914e+00,-3.699168568416697639e-02,-2.691735952631941764e-01,inf,1.000000000000000000e+00,-1.501601636409759521e-01,-1.157903894782066345e-01,-9.521935135126113892e-02,-1.599372029304504395e-01,-3.227062523365020752e-02,-6.571938097476959229e-02
6.760000000000592202e+00,1.301184338097071791e+00,-6.780646928419373776e-01,-2.169781822300388185e+00,-3.657772683339494818e-02,-2.695185609721708619e-01,inf,1.000000000000000000e+00,-1.525193303823471069e-01,-1.140209063887596130e-01,-9.184886515140533447e-02,-1.578683257102966309e-01,-3.359754011034965515e-02,-6.603063642978668213e-02
6.780000000000598881e+00,1.295696948328907361e+00,-6.827895184264960449e-01,-2.142052004219543893e+00,-3.600258598805578664e-02,-2.699978450099534966e-01,inf,1.000000000000000000e+00,-1.560123264789581299e-01,-1.125047057867050171e-01,-8.841825276613235474e-02,-1.545614898204803467e-01,-3.497149795293807983e-02,-6.592711806297302246e-02
6.800000000000605560e+00,1.290344542633815372e+00,-6.877351266171556343e-01,-2.107925874655974141e+00,-3.531211713538971037e-02,-2.705732357205085648e-01,inf,1.000000000000000000e+00,-1.610419452190399170e-01,-1.109599322080612183e-01,-8.485322445631027222e-02,-1.494781672954559326e-01,-3.642208874225616455e-02,-6.520877778530120850e-02
6.820000000000612239e+00,1.285177817448236670e+00,-6.929504870339523448e-01,-2.067448888425206910e+00,-3.466288828753851664e-02,-2.711142597603845572e-01,inf,1.000000000000000000e+00,-1.680113375186920166e-01,-1.096113026142120361e-01,-8.120691031217575073e-02,-1.423394829034805298e-01,-3.788387402892112732e-02,-6.367772072553634644e-02
6.840000000000618918e+00,1.280311547444233700e+00,-6.984421094726818158e-01,-2.021283684194224328e+00,-3.426705808616694465e-02,-2.714441182615275339e-01,inf,1.000000000000000000e+00,-1.770258992910385132e-01,-1.088620051741600037e-01,-7.753638923168182373e-02,-1.333477646112442017e-01,-3.921676799654960632e-02,-6.125164031982421875e-02
6.860000000000625597e+00,1.275859318833688860e+00,-7.041633681051153726e-01,-1.970630771332729569e+00,-3.432251438116429298e-02,-2.713979046823630781e-01,inf,1.000000000000000000e+00,-1.875040680170059204e-01,-1.090951189398765564e-01,-7.397664338350296021e-02,-1.234089806675910950e-01,-4.029120132327079773e-02,-5.810359492897987366e-02
6.880000000000632276e+00,1.271900901803207695e+00,-7.100269096889793019e-01,-1.916766632710526386e+00,-3.487728899027324470e-02,-2.709355925081056160e-01,inf,1.000000000000000000e+00,-1.983488500118255615e-01,-1.105126440525054932e-01,-7.071982324123382568e-02,-1.136533319950103760e-01,-4.115390777587890625e-02,-5.459041148424148560e-02
6.900000000000638956e+00,1.268476794492536808e+00,-7.159332305600520918e-01,-1.860718419248854172e+00,-3.571887760483165308e-02,-2.702342686626402757e-01,inf,1.000000000000000000e+00,-2.085866481065750122e-01,-1.130383834242820740e-01,-6.789849698543548584e-02,-1.047969982028007507e-01,-4.198290780186653137e-02,-5.102312564849853516e-02
6.920000000000645635e+00,1.265604364958125894e+00,-7.217988308646399176e-01,-1.803229184781347083e+00,-3.645115822478785933e-02,-2.696240348126767716e-01,inf,1.000000000000000000e+00,-2.178703248500823975e-01,-1.164468303322792053e-01,-6.558890640735626221e-02,-9.708034992218017578e-02,-4.284930601716041565e-02,-4.754827171564102173e-02
6.940000000000652314e+00,1.263308333681142592e+00,-7.275715048447195521e-01,-1.744969670559507247e+00,-3.670521879018089073e-02,-2.694123176748492443e-01,inf,1.000000000000000000e+00,-2.264376133680343628e-01,-1.205293387174606323e-01,-6.381556391716003418e-02,-9.033852815628051758e-02,-4.368123412132263184e-02,-4.409891739487648010e-02
6.960000000000658993e+00,1.261639920445473351e+00,-7.332276062627206548e-01,-1.686762347402624318e+00,-3.633694620504574618e-02,-2.697192114957951969e-01,inf,1.000000000000000000e+00,-2.346709221601486206e-01,-1.251732110977172852e-01,-6.254184246063232422e-02,-8.418736606836318970e-02,-4.434920847415924072e-02,-4.046662151813507080e-02
6.980000000000665672e+00,1.260668154776910299e+00,-7.387537242767349133e-01,-1.629616073729603487e+00,-3.553522421356775790e-02,-2.703873131553601872e-01,inf,1.000000000000000000e+00,-2.426026612520217896e-01,-1.303626745939254761e-01,-6.174958869814872742e-02,-7.850578427314758301e-02,-4.469830170273780823e-02,-3.657822683453559875e-02
7.000000000000672351e+00,1.260453968675768088e+00,-7.441217542502598370e-01,-1.574613329034852516e+00,-3.480626699368755822e-02,-2.709947775052603536e-01,inf,1.000000000000000000e+00,-2.499240487813949585e-01,-1.361931860446929932e-01,-6.154473870992660522e-02,-7.367730885744094849e-02,-4.459730908274650574e-02,-3.266115486621856689e-02
7.020000000000679030e+00,1.261029391422495483e+00,-7.492906096208000744e-01,-1.522827082945317878e+00,-3.475931815795454266e-02,-2.710339015350378689e-01,inf,1.000000000000000000e+00,-2.564595937728881836e-01,-1.428536921739578247e-01,-6.213032826781272888e-02,-7.018516957759857178e-02,-4.399510473012924194e-02,-2.903230860829353333e-02
7.040000000000685709e+00,1.262396212372505655e+00,-7.542277908976315892e-01,-1.475360533597634083e+00,-3.580161656565505890e-02,-2.701653195286207731e-01,inf,1.000000000000000000e+00,-2.622688710689544678e-01,-1.503851711750030518e-01,-6.363768875598907471e-02,-6.811432540416717529e-02,-4.286102950572967529e-02,-2.582094445824623108e-02
7.060000000000692388e+00,1.264527637522893322e+00,-7.589213588832941504e-01,-1.433268272440707980e+00,-3.789732983436076147e-02,-2.684188918046993555e-01,inf,1.000000000000000000e+00,-2.673819065093994141e-01,-1.584484428167343140e-01,-6.609682738780975342e-02,-6.714950501918792725e-02,-4.110052809119224548e-02,-2.294477820396423340e-02
7.080000000000699067e+00,1.267365205785919713e+00,-7.633728267145496460e-01,-1.397384234083304033e+00,-4.055031958458745617e-02,-2.662080670128437743e-01,inf,1.000000000000000000e+00,-2.717220187187194824e-01,-1.664310991764068604e-01,-6.952464580535888672e-02,-6.684387475252151489e-02,-3.860516846179962158e-02,-2.023899555206298828e-02
7.100000000000705747e+00,1.270838438843588936e+00,-7.675890525189081881e-01,-1.368199126633342866e+00,-4.292728103091231900e-02,-2.642272658075730529e-01,inf,1.000000000000000000e+00,-2.751587331295013428e-01,-1.737065464258193970e-01,-7.377573847770690918e-02,-6.677494198083877563e-02,-3.546746075153350830e-02,-1.756221242249011993e-02
7.120000000000712426e+00,1.274868952684075740e+00,-7.715448508568605313e-01,-1.345728060214323341e+00,-4.437583228021322462e-02,-2.630201397664889695e-01,inf,1.000000000000000000e+00,-2.774971127510070801e-01,-1.797614097595214844e-01,-7.828706502914428711e-02,-6.656684726476669312e-02,-3.213980048894882202e-02,-1.485512126237154007e-02
7.140000000000719105e+00,1.279366622089699090e+00,-7.752237720702948032e-01,-1.329674943031312617e+00,-4.466499142966973146e-02,-2.627791738086085460e-01,inf,1.000000000000000000e+00,-2.785177826881408691e-01,-1.842902302742004395e-01,-8.240151405334472656e-02,-6.605985760688781738e-02,-2.910825051367282867e-02,-1.223814953118562698e-02
7.160000000000725784e+00,1.284238638160378532e+00,-7.786261311418214426e-01,-1.319756343494452366e+00,-4.412793806907280153e-02,-2.632267182757726531e-01,inf,1.000000000000000000e+00,-2.781912088394165039e-01,-1.874020248651504517e-01,-8.593758195638656616e-02,-6.546483933925628662e-02,-2.648906037211418152e-02,-9.943723678588867188e-03
7.180000000000732463e+00,1.289404809032684618e+00,-7.817660912308994625e-01,-1.316057498960307770e+00,-4.340326998110424078e-02,-2.638306083490797871e-01,inf,1.000000000000000000e+00,-2.767706215381622314e-01,-1.896671354770660400e-01,-8.918743580579757690e-02,-6.522595137357711792e-02,-2.415655180811882019e-02,-8.116959594190120697e-03
7.200000000000739142e+00,1.294811261400821145e+00,-7.846762894060697047e-01,-1.319211969447194877e+00,-4.298457084453419924e-02,-2.641795242962214907e-01,inf,1.000000000000000000e+00,-2.744623720645904541e-01,-1.917209476232528687e-01,-9.262037277221679688e-02,-6.578733772039413452e-02,-2.193924412131309509e-02,-6.786750163882970810e-03
7.220000000000745821e+00,1.300411159769718772e+00,-7.874104231087295513e-01,-1.330152182329870980e+00,-4.300087293710273123e-02,-2.641659392190810474e-01,inf,1.000000000000000000e+00,-2.711774706840515137e-01,-1.938396990299224854e-01,-9.669496864080429077e-02,-6.761368364095687866e-02,-1.970719546079635620e-02,-6.019952706992626190e-03
7.240000000000752500e+00,1.306136548703008327e+00,-7.900347768922268976e-01,-1.349614204910172699e+00,-4.335823496379189596e-02,-2.638681375301734078e-01,inf,1.000000000000000000e+00,-2.666052281856536865e-01,-1.958391815423965454e-01,-1.017125770449638367e-01,-7.121276855468750000e-02,-1.742653921246528625e-02,-5.966780707240104675e-03
7.260000000000759179e+00,1.311879889177934189e+00,-7.926123057495904067e-01,-1.377690014022829645e+00,-4.390479402737616776e-02,-2.634126716438531801e-01,inf,1.000000000000000000e+00,-2.603486776351928711e-01,-1.972465515136718750e-01,-1.074287220835685730e-01,-7.667872309684753418e-02,-1.514089480042457581e-02,-6.631652824580669403e-03
7.280000000000765858e+00,1.317503753355569573e+00,-7.951726622999990557e-01,-1.413710719751156031e+00,-4.447961010691028200e-02,-2.629336582442414194e-01,inf,1.000000000000000000e+00,-2.526148557662963867e-01,-1.978015899658203125e-01,-1.128858998417854309e-01,-8.325044065713882446e-02,-1.296767406165599823e-02,-7.771449629217386246e-03
7.300000000000772538e+00,1.322891057888146538e+00,-7.977118233024735883e-01,-1.456622562038974111e+00,-4.496389290574120956e-02,-2.625300892452156476e-01,inf,1.000000000000000000e+00,-2.444080710411071777e-01,-1.976363807916641235e-01,-1.173967719078063965e-01,-8.991762995719909668e-02,-1.102819759398698807e-02,-9.132577106356620789e-03
7.320000000000779217e+00,1.327966256921540467e+00,-8.002123923117948623e-01,-1.505445038228911070e+00,-4.530171577696977259e-02,-2.622485701858585094e-01,inf,1.000000000000000000e+00,-2.364302426576614380e-01,-1.967834532260894775e-01,-1.209867894649505615e-01,-9.607571363449096680e-02,-9.318124502897262573e-03,-1.055287569761276245e-02
7.340000000000785896e+00,1.332683379051241790e+00,-8.026615187555177222e-01,-1.559445735015494439e+00,-4.547330268524474306e-02,-2.621055810956293697e-01,inf,1.000000000000000000e+00,-2.289162725210189819e-01,-1.952636241912841797e-01,-1.239127665758132935e-01,-1.015759333968162537e-01,-7.797515019774436951e-03,-1.194881647825241089e-02
7.360000000000792575e+00,1.336999419422722823e+00,-8.050615929530360315e-01,-1.618059514058602044e+00,-4.548061562680359021e-02,-2.620994869776636649e-01,inf,1.000000000000000000e+00,-2.218484282493591309e-01,-1.932778656482696533e-01,-1.263629943132400513e-01,-1.065858975052833557e-01,-6.527340505272150040e-03,-1.334204524755477905e-02
7.380000000000799254e+00,1.340853726966966697e+00,-8.074259372383891797e-01,-1.680723980687922614e+00,-4.534151438746409496e-02,-2.622154046771132396e-01,inf,1.000000000000000000e+00,-2.150300592184066772e-01,-1.911137253046035767e-01,-1.283990442752838135e-01,-1.114044114947319031e-01,-5.705977790057659149e-03,-1.488278061151504517e-02
7.400000000000805933e+00,1.344169146485330479e+00,-8.097613932364264855e-01,-1.746759516925541433e+00,-4.507395916730783103e-02,-2.624383673605767964e-01,inf,1.000000000000000000e+00,-2.081994861364364624e-01,-1.889896839857101440e-01,-1.300403773784637451e-01,-1.163489893078804016e-01,-5.599647760391235352e-03,-1.682366803288459778e-02
7.420000000000812612e+00,1.346847614452889808e+00,-8.120744863861991680e-01,-1.815342520975432139e+00,-4.468541254269171176e-02,-2.627621562144235590e-01,inf,1.000000000000000000e+00,-2.011631280183792114e-01,-1.869514733552932739e-01,-1.313274949789047241e-01,-1.216553747653961182e-01,-6.384679581969976425e-03,-1.940817013382911682e-02
7.440000000000819291e+00,1.348788165635225855e+00,-8.143734197320384727e-01,-1.885522509269764946e+00,-4.419138592364104529e-02,-2.631738450636324500e-01,inf,1.000000000000000000e+00,-1.939764618873596191e-01,-1.848988980054855347e-01,-1.322523802518844604e-01,-1.273376345634460449e-01,-7.975351065397262573e-03,-2.272763475775718689e-02
7.460000000000825970e+00,1.349911718823011419e+00,-8.166579970482159556e-01,-1.956307120022976243e+00,-4.365651058699910464e-02,-2.636195745108340649e-01,inf,1.000000000000000000e+00,-1.871026456356048584e-01,-1.827466934919357300e-01,-1.326788812875747681e-01,-1.330571472644805908e-01,-9.958320297300815582e-03,-2.661582082509994507e-02
7.480000000000832650e+00,1.350176818829175396e+00,-8.189146135992915188e-01,-2.026742686591719966e+00,-4.319687021615561257e-02,-2.640026081532036439e-01,inf,1.000000000000000000e+00,-1.811452955007553101e-01,-1.805433928966522217e-01,-1.324798911809921265e-01,-1.382941305637359619e-01,-1.178949419409036636e-02,-3.070219233632087708e-02
7.500000000000839329e+00,1.349578117462478355e+00,-8.211190118905142832e-01,-2.095947245960638750e+00,-4.290191017851110317e-02,-2.642484081845740684e-01,inf,1.000000000000000000e+00,-1.764110177755355835e-01,-1.784188300371170044e-01,-1.317526549100875854e-01,-1.427674293518066406e-01,-1.314743235707283020e-02,-3.464252129197120667e-02
7.520000000000846008e+00,1.348132258813109496e+00,-8.232528577696123229e-01,-2.163074436696984293e+00,-4.276447970232104268e-02,-2.643629335813991177e-01,inf,1.000000000000000000e+00,-1.727672815322875977e-01,-1.763869225978851318e-01,-1.307366639375686646e-01,-1.465729176998138428e-01,-1.402476243674755096e-02,-3.831213712692260742e-02
7.540000000000852687e+00,1.345857311981570215e+00,-8.253184451735002813e-01,-2.227170487018689027e+00,-4.269715721424682808e-02,-2.644190356547942988e-01,inf,1.000000000000000000e+00,-1.698296368122100830e-01,-1.742812991142272949e-01,-1.295762658119201660e-01,-1.499629765748977661e-01,-1.456922572106122971e-02,-4.178503155708312988e-02
7.560000000000859366e+00,1.342766700716900630e+00,-8.273459908335218937e-01,-2.287085674254389467e+00,-4.259746215758575261e-02,-2.645021148686785284e-01,inf,1.000000000000000000e+00,-1.671812236309051514e-01,-1.718022674322128296e-01,-1.282543390989303589e-01,-1.531412154436111450e-01,-1.495051383972167969e-02,-4.518385231494903564e-02
7.580000000000866045e+00,1.338890833098612898e+00,-8.293895986637198625e-01,-2.341491449425146865e+00,-4.239038140682418326e-02,-2.646746821609798350e-01,inf,1.000000000000000000e+00,-1.645394563674926758e-01,-1.685603260993957520e-01,-1.266469508409500122e-01,-1.561966985464096069e-01,-1.535241957753896713e-02,-4.857328534126281738e-02
7.600000000000872724e+00,1.334281948771862902e+00,-8.315114855127544446e-01,-2.388953213694820388e+00,-4.202777790415503784e-02,-2.649768517465374562e-01,inf,1.000000000000000000e+00,-1.618416309356689453e-01,-1.641099452972412109e-01,-1.245472654700279236e-01,-1.591048687696456909e-01,-1.603111810982227325e-02,-5.195401236414909363e-02
7.620000000000879403e+00,1.328991213137846739e+00,-8.337258707113931466e-01,-2.428097664473516826e+00,-4.148674665452021376e-02,-2.654277111212331453e-01,inf,1.000000000000000000e+00,-1.591252684593200684e-01,-1.579547822475433350e-01,-1.216272413730621338e-01,-1.617131531238555908e-01,-1.732306554913520813e-02,-5.528977140784263611e-02
7.640000000000886082e+00,1.323098830870894638e+00,-8.360511991152520528e-01,-2.457748364163407029e+00,-4.076424517565830491e-02,-2.660297956869513980e-01,inf,1.000000000000000000e+00,-1.561270058155059814e-01,-1.496965140104293823e-01,-1.175262629985809326e-01,-1.634903848171234131e-01,-1.946919225156307220e-02,-5.837194994091987610e-02
7.660000000000892761e+00,1.316718028970418786e+00,-8.385195714807091028e-01,-2.476959518814739081e+00,-3.992032391263251184e-02,-2.667330634061395589e-01,inf,1.000000000000000000e+00,-1.528357565402984619e-01,-1.400295495986938477e-01,-1.125843971967697144e-01,-1.639423519372940063e-01,-2.230473607778549194e-02,-6.090212613344192505e-02
7.680000000000899441e+00,1.309990073487473872e+00,-8.411377475777354062e-01,-2.485592525875938819e+00,-3.910099753681123974e-02,-2.674158353859906190e-01,inf,1.000000000000000000e+00,-1.501074135303497314e-01,-1.308234632015228271e-01,-1.077428907155990601e-01,-1.633033901453018188e-01,-2.518925070762634277e-02,-6.278406083583831787e-02
7.700000000000906120e+00,1.303087346440755079e+00,-8.438707510892476948e-01,-2.484631937519678591e+00,-3.844765573429426847e-02,-2.679602868880880950e-01,inf,1.000000000000000000e+00,-1.487776488065719604e-01,-1.235797405242919922e-01,-1.034373864531517029e-01,-1.622791290283203125e-01,-2.755600400269031525e-02,-6.414949148893356323e-02
7.720000000000912799e+00,1.296176436309971702e+00,-8.466725232512750665e-01,-2.475722572603091809e+00,-3.796878008399346555e-02,-2.683593499300054308e-01,inf,1.000000000000000000e+00,-1.490263342857360840e-01,-1.187733262777328491e-01,-9.960419684648513794e-02,-1.611942499876022339e-01,-2.938194572925567627e-02,-6.512092053890228271e-02
7.740000000000919478e+00,1.289372120083684958e+00,-8.495273087735550899e-01,-2.460316201658965696e+00,-3.754463179313409504e-02,-2.687128068390549074e-01,inf,1.000000000000000000e+00,-1.505865007638931274e-01,-1.160480082035064697e-01,-9.609469771385192871e-02,-1.598476171493530273e-01,-3.093230910599231720e-02,-6.576588749885559082e-02
7.760000000000926157e+00,1.282714171985898766e+00,-8.524699885974313940e-01,-2.439055435757315760e+00,-3.704852770263162426e-02,-2.691262269144736319e-01,inf,1.000000000000000000e+00,-1.531918793916702271e-01,-1.145139262080192566e-01,-9.271737933158874512e-02,-1.578412353992462158e-01,-3.240044042468070984e-02,-6.610310822725296021e-02
7.780000000000932836e+00,1.276176063255329396e+00,-8.555794216931034146e-01,-2.411796132112326685e+00,-3.645144918099905290e-02,-2.696237923491674460e-01,inf,1.000000000000000000e+00,-1.569061726331710815e-01,-1.133004724979400635e-01,-8.925469219684600830e-02,-1.546478867530822754e-01,-3.387198224663734436e-02,-6.603059917688369751e-02
7.800000000000939515e+00,1.269713947011585020e+00,-8.589343928981680865e-01,-2.378191988555862224e+00,-3.583435458185268985e-02,-2.701380378484560807e-01,inf,1.000000000000000000e+00,-1.620629578828811646e-01,-1.120447367429733276e-01,-8.561079204082489014e-02,-1.497142016887664795e-01,-3.537653014063835144e-02,-6.535355746746063232e-02
7.820000000000946194e+00,1.263352882341353567e+00,-8.625968886169183003e-01,-2.338185805187038113e+00,-3.534819528229702496e-02,-2.705431705980858026e-01,inf,1.000000000000000000e+00,-1.690120846033096313e-01,-1.109011545777320862e-01,-8.184502273797988892e-02,-1.427311748266220093e-01,-3.686967492103576660e-02,-6.387350708246231079e-02
7.840000000000952873e+00,1.257191774237284898e+00,-8.666066854535756647e-01,-2.292304475401672370e+00,-3.515158991744082861e-02,-2.707070084021326317e-01,inf,1.000000000000000000e+00,-1.778313815593719482e-01,-1.102033704519271851e-01,-7.803807407617568970e-02,-1.338575482368469238e-01,-3.821818903088569641e-02,-6.148849055171012878e-02
7.860000000000959552e+00,1.251346974254926359e+00,-8.709524365592822281e-01,-2.241635225221273675e+00,-3.535120676569520476e-02,-2.705406610285873148e-01,inf,1.000000000000000000e+00,-1.879542917013168335e-01,-1.102886795997619629e-01,-7.434090226888656616e-02,-1.239690557122230530e-01,-3.927505016326904297e-02,-5.834154039621353149e-02
7.880000000000966232e+00,1.245921529567697750e+00,-8.755728914750064984e-01,-2.187423463339260632e+00,-3.592284534184504025e-02,-2.700642955484624519e-01,inf,1.000000000000000000e+00,-1.983830034732818604e-01,-1.114566698670387268e-01,-7.098168879747390747e-02,-1.142541691660881042e-01,-4.007788747549057007e-02,-5.479710176587104797e-02
7.900000000000972911e+00,1.240993958744251557e+00,-8.803820712137411242e-01,-2.130804286988926322e+00,-3.665728425086518111e-02,-2.694522631242790012e-01,inf,1.000000000000000000e+00,-2.082955539226531982e-01,-1.138338148593902588e-01,-6.814788281917572021e-02,-1.055365353822708130e-01,-4.083003848791122437e-02,-5.120828747749328613e-02
7.920000000000979590e+00,1.236621568106966773e+00,-8.853015926717987538e-01,-2.072754972657474770e+00,-3.723503142582760411e-02,-2.689708071451436533e-01,inf,1.000000000000000000e+00,-2.174396216869354248e-01,-1.173365190625190735e-01,-6.595588475465774536e-02,-9.812166541814804077e-02,-4.163217172026634216e-02,-4.774893447756767273e-02
7.940000000000986269e+00,1.232855551232478364e+00,-8.902851789384693681e-01,-2.014199378016575004e+00,-3.739028512766268825e-02,-2.688414290602810786e-01,inf,1.000000000000000000e+00,-2.260454595088958740e-01,-1.217682957649230957e-01,-6.443741917610168457e-02,-9.185268729925155640e-02,-4.241091012954711914e-02,-4.435529932379722595e-02
7.960000000000992948e+00,1.229752385423218186e+00,-8.953222238475333494e-01,-1.956101289416195765e+00,-3.704830958610225849e-02,-2.691264086782481080e-01,inf,1.000000000000000000e+00,-2.344448268413543701e-01,-1.269065141677856445e-01,-6.351192295551300049e-02,-8.626949042081832886e-02,-4.301912710070610046e-02,-4.079620167613029480e-02
7.980000000000999627e+00,1.227370346821717195e+00,-9.004174426987002766e-01,-1.899420113006695221e+00,-3.637747440778216212e-02,-2.696854379935148538e-01,inf,1.000000000000000000e+00,-2.426150888204574585e-01,-1.325362771749496460e-01,-6.305523216724395752e-02,-8.105908334255218506e-02,-4.329393804073333740e-02,-3.693952783942222595e-02
8.000000000001005418e+00,1.225756826165014912e+00,-9.055585702159609784e-01,-1.844986659241455440e+00,-3.576853319003549941e-02,-2.701928890083037382e-01,inf,1.000000000000000000e+00,-2.501327395439147949e-01,-1.385225057601928711e-01,-6.303166598081588745e-02,-7.638903707265853882e-02,-4.310493916273117065e-02,-3.296387195587158203e-02
8.020000000000994334e+00,1.224935403518726318e+00,-9.107110445080220940e-01,-1.793488110913787015e+00,-3.570797931612257337e-02,-2.702433505698978444e-01,inf,1.000000000000000000e+00,-2.566316127777099609e-01,-1.448936760425567627e-01,-6.355170905590057373e-02,-7.270736992359161377e-02,-4.240645468235015869e-02,-2.923802658915519714e-02
8.040000000000983249e+00,1.224907506530024559e+00,-9.158367029992551256e-01,-1.745664101904463861e+00,-3.655346334103872635e-02,-2.695387805491343824e-01,inf,1.000000000000000000e+00,-2.620903253555297852e-01,-1.517117470502853394e-01,-6.475374102592468262e-02,-7.026670873165130615e-02,-4.121520370244979858e-02,-2.601795271039009094e-02
8.060000000000972165e+00,1.225657658146268147e+00,-9.209114671292419896e-01,-1.702427826172808745e+00,-3.830182425229546744e-02,-2.680818131230870982e-01,inf,1.000000000000000000e+00,-2.666954696178436279e-01,-1.588582694530487061e-01,-6.673457473516464233e-02,-6.894759833812713623e-02,-3.953361883759498596e-02,-2.329544536769390106e-02
8.080000000000961080e+00,1.227150657506010489e+00,-9.259247358094391256e-01,-1.664804470544069659e+00,-4.055029147336517564e-02,-2.662080904388623437e-01,inf,1.000000000000000000e+00,-2.706118822097778320e-01,-1.660184413194656372e-01,-6.960210949182510376e-02,-6.842263042926788330e-02,-3.730790317058563232e-02,-2.088038623332977295e-02
8.100000000000949996e+00,1.229339276134852499e+00,-9.308791837028403959e-01,-1.633744964936910904e+00,-4.264503957347463153e-02,-2.644624670221044638e-01,inf,1.000000000000000000e+00,-2.738549113273620605e-01,-1.728004664182662964e-01,-7.337393611669540405e-02,-6.832517683506011963e-02,-3.452905640006065369e-02,-1.855053566396236420e-02
8.120000000000938911e+00,1.232170515438837821e+00,-9.357497547563941032e-01,-1.609802728449413634e+00,-4.403470433442195631e-02,-2.633044130546483563e-01,inf,1.000000000000000000e+00,-2.762295603752136230e-01,-1.787827163934707642e-01,-7.767181843519210815e-02,-6.828739494085311890e-02,-3.145804256200790405e-02,-1.614575833082199097e-02
8.140000000000927827e+00,1.235566209194207232e+00,-9.405008732082400513e-01,-1.592991414442417097e+00,-4.451036661963161251e-02,-2.629080278169736440e-01,inf,1.000000000000000000e+00,-2.774281501770019531e-01,-1.835742592811584473e-01,-8.180189877748489380e-02,-6.804645806550979614e-02,-2.855747751891613007e-02,-1.368880178779363632e-02
8.160000000000916742e+00,1.239421592442810915e+00,-9.451058880736855627e-01,-1.583008374760503267e+00,-4.428992012075803203e-02,-2.630917332327016300e-01,inf,1.000000000000000000e+00,-2.772849500179290771e-01,-1.870390921831130981e-01,-8.537415415048599243e-02,-6.765690445899963379e-02,-2.603807114064693451e-02,-1.142872776836156845e-02
8.180000000000905658e+00,1.243631261571673363e+00,-9.495438383023693252e-01,-1.579625242048234846e+00,-4.384994532765351671e-02,-2.634583788936220583e-01,inf,1.000000000000000000e+00,-2.759813964366912842e-01,-1.895255744457244873e-01,-8.855874836444854736e-02,-6.754362583160400391e-02,-2.382889203727245331e-02,-9.632200002670288086e-03
8.200000000000894573e+00,1.248115594008964768e+00,-9.538174694767899142e-01,-1.583093504231618542e+00,-4.359228062230819517e-02,-2.636730994814098228e-01,inf,1.000000000000000000e+00,-2.737958431243896484e-01,-1.916346400976181030e-01,-9.182953834533691406e-02,-6.824088096618652344e-02,-2.178139612078666687e-02,-8.420394733548164368e-03
8.220000000000883489e+00,1.252809091981331946e+00,-9.579592673617207677e-01,-1.594121790957266027e+00,-4.364738109867331850e-02,-2.636271824177722212e-01,inf,1.000000000000000000e+00,-2.706789076328277588e-01,-1.937304884195327759e-01,-9.571199864149093628e-02,-7.023884356021881104e-02,-1.974118128418922424e-02,-7.838263176381587982e-03
8.240000000000872404e+00,1.257633792068414191e+00,-9.620162905399041176e-01,-1.613422580658480543e+00,-4.395622767713380785e-02,-2.633698102690551490e-01,inf,1.000000000000000000e+00,-2.662120163440704346e-01,-1.956612765789031982e-01,-1.005619317293167114e-01,-7.394046336412429810e-02,-1.758670248091220856e-02,-7.938347756862640381e-03
8.260000000000861320e+00,1.262479000055139799e+00,-9.660252244573797054e-01,-1.641165026924539028e+00,-4.440955730011422048e-02,-2.629920355832381373e-01,inf,1.000000000000000000e+00,-2.599886655807495117e-01,-1.969325840473175049e-01,-1.061192303895950317e-01,-7.927557080984115601e-02,-1.531607005745172501e-02,-8.637407794594764709e-03
8.280000000000850235e+00,1.267215410265584818e+00,-9.699816255615574256e-01,-1.676783245720544491e+00,-4.488505935700006638e-02,-2.625957838691665991e-01,inf,1.000000000000000000e+00,-2.523684799671173096e-01,-1.973009258508682251e-01,-1.114035248756408691e-01,-8.541350811719894409e-02,-1.309034414589405060e-02,-9.671868756413459778e-03
8.300000000000839151e+00,1.271740377243759657e+00,-9.738517778227726573e-01,-1.719318881423596235e+00,-4.528624346347602525e-02,-2.622614637804366322e-01,inf,1.000000000000000000e+00,-2.443592995405197144e-01,-1.969141364097595215e-01,-1.157727837562561035e-01,-9.149953722953796387e-02,-1.106594223529100418e-02,-1.085584145039319992e-02
8.320000000000828067e+00,1.275988262874100609e+00,-9.776006672114113671e-01,-1.767853010469895958e+00,-4.556348816986106193e-02,-2.620304265251157672e-01,inf,1.000000000000000000e+00,-2.365613430738449097e-01,-1.958603560924530029e-01,-1.192974373698234558e-01,-9.716695547103881836e-02,-9.255880489945411682e-03,-1.211438886821269989e-02
8.340000000000816982e+00,1.279914339301158055e+00,-9.812073349635397346e-01,-1.821683281060292758e+00,-4.569247014961454884e-02,-2.619229415419878637e-01,inf,1.000000000000000000e+00,-2.291497141122817993e-01,-1.942517161369323730e-01,-1.222216412425041199e-01,-1.023939400911331177e-01,-7.662136107683181763e-03,-1.340817101299762726e-02
8.360000000000805898e+00,1.283470578732111900e+00,-9.846666438425873968e-01,-1.880255250100626885e+00,-4.566951787953475034e-02,-2.619420684337210314e-01,inf,1.000000000000000000e+00,-2.220880091190338135e-01,-1.923173964023590088e-01,-1.246859729290008545e-01,-1.073331609368324280e-01,-6.377016194164752960e-03,-1.476130262017250061e-02
8.380000000000794813e+00,1.286590066730305404e+00,-9.879768008160819681e-01,-1.942997316196492408e+00,-4.551562895544353921e-02,-2.620703092037970361e-01,inf,1.000000000000000000e+00,-2.152158319950103760e-01,-1.902952194213867188e-01,-1.267097741365432739e-01,-1.121792271733283997e-01,-5.590914282947778702e-03,-1.629862561821937561e-02
8.400000000000783729e+00,1.289194260864195307e+00,-9.911218352769343154e-01,-2.009205649772281888e+00,-4.526489493930043601e-02,-2.622792542172496244e-01,inf,1.000000000000000000e+00,-2.083528637886047363e-01,-1.883251965045928955e-01,-1.282932162284851074e-01,-1.171224638819694519e-01,-5.530142690986394882e-03,-1.822960563004016876e-02
8.420000000000772644e+00,1.291187863897346411e+00,-9.940783616052695226e-01,-2.078028656301494248e+00,-4.494933780034060522e-02,-2.625422184997161512e-01,inf,1.000000000000000000e+00,-2.013835161924362183e-01,-1.864002943038940430e-01,-1.294754892587661743e-01,-1.223084032535552979e-01,-6.324754562228918076e-03,-2.075311355292797089e-02
8.440000000000761560e+00,1.292473913622373516e+00,-9.968255672857222471e-01,-2.148489755909011478e+00,-4.459874719541154914e-02,-2.628343773371570324e-01,inf,1.000000000000000000e+00,-1.943633258342742920e-01,-1.844053119421005249e-01,-1.302630305290222168e-01,-1.277367025613784790e-01,-7.871328853070735931e-03,-2.394087985157966614e-02
8.460000000000750475e+00,1.292976936360286544e+00,-9.993430531173911335e-01,-2.219563705909604945e+00,-4.425843593876212928e-02,-2.631179700510315467e-01,inf,1.000000000000000000e+00,-1.876398026943206787e-01,-1.822466850280761719e-01,-1.305706351995468140e-01,-1.331442892551422119e-01,-9.787424467504024506e-03,-2.765653841197490692e-02
8.480000000000739391e+00,1.292656813249806191e+00,-1.001609063286420298e+00,-2.290250865965301141e+00,-4.398694959548816313e-02,-2.633442086704265162e-01,inf,1.000000000000000000e+00,-1.816914528608322144e-01,-1.799521148204803467e-01,-1.303430348634719849e-01,-1.381250917911529541e-01,-1.156098768115043640e-02,-3.158777207136154175e-02
8.500000000000728306e+00,1.291508666885231138e+00,-1.003600145293084278e+00,-2.359629720612468340e+00,-4.381780150484110986e-02,-2.634851654126323939e-01,inf,1.000000000000000000e+00,-1.768143326044082642e-01,-1.776541024446487427e-01,-1.297013759613037109e-01,-1.424524784088134766e-01,-1.285580825060606003e-02,-3.541916981339454651e-02
8.520000000000717222e+00,1.289549808361267980e+00,-1.005301872290941922e+00,-2.426846152590125705e+00,-4.373926141502399584e-02,-2.635506154874799889e-01,inf,1.000000000000000000e+00,-1.729291677474975586e-01,-1.754001826047897339e-01,-1.288505792617797852e-01,-1.461954414844512939e-01,-1.363230030983686447e-02,-3.900437802076339722e-02
8.540000000000706137e+00,1.286798537850889046e+00,-1.006718744748129390e+00,-2.490970533135633769e+00,-4.371130766224586711e-02,-2.635739102814617651e-01,inf,1.000000000000000000e+00,-1.696945577859878540e-01,-1.730523407459259033e-01,-1.278951764106750488e-01,-1.495611518621444702e-01,-1.401985995471477509e-02,-4.238325357437133789e-02
8.560000000000695053e+00,1.283265080282557591e+00,-1.007881723835265086e+00,-2.550888940600698707e+00,-4.369403390674315296e-02,-2.635883050777140246e-01,inf,1.000000000000000000e+00,-1.667243987321853638e-01,-1.703272312879562378e-01,-1.267905533313751221e-01,-1.527256369590759277e-01,-1.418821886181831360e-02,-4.566556587815284729e-02
8.580000000000683968e+00,1.278970773339267453e+00,-1.008850471780263769e+00,-2.605305497597890874e+00,-4.365275427824239635e-02,-2.636227047681313218e-01,inf,1.000000000000000000e+00,-1.637793481349945068e-01,-1.668662428855895996e-01,-1.253920793533325195e-01,-1.557660549879074097e-01,-1.434002816677093506e-02,-4.892785474658012390e-02
8.600000000000672884e+00,1.273954465042160367e+00,-1.009698965370787294e+00,-2.652819391641854541e+00,-4.354676277585498717e-02,-2.637110310201208341e-01,inf,1.000000000000000000e+00,-1.608475744724273682e-01,-1.622718274593353271e-01,-1.234888061881065369e-01,-1.586554348468780518e-01,-1.475712563842535019e-02,-5.219333618879318237e-02
8.620000000000661800e+00,1.268264551198194034e+00,-1.010454363908946274e+00,-2.692090731690755412e+00,-4.333838714802411285e-02,-2.638846773766465592e-01,inf,1.000000000000000000e+00,-1.579752415418624878e-01,-1.560812145471572876e-01,-1.207679510116577148e-01,-1.612298190593719482e-01,-1.578734628856182098e-02,-5.543761700391769409e-02
8.640000000000650715e+00,1.261973754349026811e+00,-1.011153490000637589e+00,-2.721976127332080164e+00,-4.298941777871307518e-02,-2.641754851844057561e-01,inf,1.000000000000000000e+00,-1.548929363489151001e-01,-1.479404121637344360e-01,-1.169058829545974731e-01,-1.629514247179031372e-01,-1.768512651324272156e-02,-5.845038965344429016e-02
8.660000000000639631e+00,1.255182646220825760e+00,-1.011853812478257453e+00,-2.741565172497567371e+00,-4.245626210856827398e-02,-2.646197815761930916e-01,inf,1.000000000000000000e+00,-1.516146212816238403e-01,-1.385507583618164062e-01,-1.122626066207885742e-01,-1.633811891078948975e-01,-2.033114247024059296e-02,-6.094176694750785828e-02
8.680000000000628546e+00,1.248023495578477471e+00,-1.012597065311230615e+00,-2.750722209679361541e+00,-4.176967786996334947e-02,-2.651919351083638632e-01,inf,1.000000000000000000e+00,-1.489305347204208374e-01,-1.296319067478179932e-01,-1.077013164758682251e-01,-1.627696156501770020e-01,-2.313362807035446167e-02,-6.282135099172592163e-02
8.700000000000617462e+00,1.240665944814554500e+00,-1.013396794689046088e+00,-2.750360978223864272e+00,-4.105520101258301746e-02,-2.657873324895141387e-01,inf,1.000000000000000000e+00,-1.476055085659027100e-01,-1.225896999239921570e-01,-1.035870537161827087e-01,-1.617580950260162354e-01,-2.553893998265266418e-02,-6.420660018920898438e-02
8.720000000000606377e+00,1.233277130132958144e+00,-1.014256898944934537e+00,-2.742023492704607879e+00,-4.042426604600552614e-02,-2.663131116283287136e-01,inf,1.000000000000000000e+00,-1.478798687458038330e-01,-1.179375499486923218e-01,-9.985221177339553833e-02,-1.606782525777816772e-01,-2.750344388186931610e-02,-6.521920859813690186e-02
8.740000000000595293e+00,1.225970389423146401e+00,-1.015196779993415177e+00,-2.727104636441180396e+00,-3.990279285797602299e-02,-2.667476726183533042e-01,inf,1.000000000000000000e+00,-1.495463699102401733e-01,-1.153601557016372681e-01,-9.636042267084121704e-02,-1.593707352876663208e-01,-2.924910932779312134e-02,-6.592056155204772949e-02
8.760000000000584208e+00,1.218777608606621987e+00,-1.016263398079286784e+00,-2.706252253398896634e+00,-3.945977604383430620e-02,-2.671168532968047349e-01,inf,1.000000000000000000e+00,-1.523246169090270996e-01,-1.139878630638122559e-01,-9.293254464864730835e-02,-1.574221551418304443e-01,-3.092153742909431458e-02,-6.630724668502807617e-02
8.780000000000573124e+00,1.211655953522729590e+00,-1.017527764670203450e+00,-2.679349146597778564e+00,-3.906625039186490539e-02,-2.674447913401125643e-01,inf,1.000000000000000000e+00,-1.562383621931076050e-01,-1.129543781280517578e-01,-8.936142176389694214e-02,-1.542837023735046387e-01,-3.256309032440185547e-02,-6.626556813716888428e-02
8.800000000000562039e+00,1.204542294817519288e+00,-1.019055020000642298e+00,-2.646062452031643808e+00,-3.871474067497750887e-02,-2.677377161041853970e-01,inf,1.000000000000000000e+00,-1.615670919418334961e-01,-1.118838414549827576e-01,-8.555982261896133423e-02,-1.493947058916091919e-01,-3.418251499533653259e-02,-6.560190767049789429e-02
8.820000000000550955e+00,1.197440284224148055e+00,-1.020908509980866796e+00,-2.606317810478822050e+00,-3.845276201571303648e-02,-2.679560316535724573e-01,inf,1.000000000000000000e+00,-1.685804575681686401e-01,-1.108981594443321228e-01,-8.161414414644241333e-02,-1.424528658390045166e-01,-3.574006259441375732e-02,-6.412591785192489624e-02
8.840000000000539870e+00,1.190430015490195892e+00,-1.023149903229016333e+00,-2.560580751804507393e+00,-3.836836348593850726e-02,-2.680263637617179007e-01,inf,1.000000000000000000e+00,-1.773089915513992310e-01,-1.102736219763755798e-01,-7.763729989528656006e-02,-1.336176395416259766e-01,-3.711047768592834473e-02,-6.173249334096908569e-02
8.860000000000528786e+00,1.183622640841540452e+00,-1.025797357662202369e+00,-2.509865204187392784e+00,-3.854266137295690037e-02,-2.678811155225359064e-01,inf,1.000000000000000000e+00,-1.872024834156036377e-01,-1.102971062064170837e-01,-7.379753887653350830e-02,-1.237503290176391602e-01,-3.814741224050521851e-02,-5.854472145438194275e-02
8.880000000000517701e+00,1.177134483347355598e+00,-1.028819278094764922e+00,-2.455384134941651642e+00,-3.897524199946293677e-02,-2.675206316671142059e-01,inf,1.000000000000000000e+00,-1.973488926887512207e-01,-1.113246008753776550e-01,-7.034743577241897583e-02,-1.140694990754127502e-01,-3.889643028378486633e-02,-5.493127927184104919e-02
8.900000000000506617e+00,1.171071886660801420e+00,-1.032155342509920803e+00,-2.398335247122445946e+00,-3.953282330183129772e-02,-2.670559805818072396e-01,inf,1.000000000000000000e+00,-2.070329189300537109e-01,-1.136268898844718933e-01,-6.751047074794769287e-02,-1.054813861846923828e-01,-3.958004340529441833e-02,-5.128739401698112488e-02
8.920000000000495533e+00,1.165523025833330006e+00,-1.035747413244222592e+00,-2.339850887484335118e+00,-3.999922703154980969e-02,-2.666673108070418130e-01,inf,1.000000000000000000e+00,-2.160623520612716675e-01,-1.172205582261085510e-01,-6.542061269283294678e-02,-9.834240376949310303e-02,-4.031615331768989563e-02,-4.781921207904815674e-02
8.940000000000484448e+00,1.160558657599580545e+00,-1.039565790847571503e+00,-2.281025841718237857e+00,-4.019537680692479575e-02,-2.665038526608959901e-01,inf,1.000000000000000000e+00,-2.246559113264083862e-01,-1.219107285141944885e-01,-6.410219520330429077e-02,-9.249157458543777466e-02,-4.102860018610954285e-02,-4.446543008089065552e-02
8.960000000000473364e+00,1.156236620773127832e+00,-1.043614708100949029e+00,-2.222917708717679020e+00,-4.007381871778496751e-02,-2.666051510685125137e-01,inf,1.000000000000000000e+00,-2.331048399209976196e-01,-1.273980438709259033e-01,-6.344734877347946167e-02,-8.741869032382965088e-02,-4.155617952346801758e-02,-4.097788408398628235e-02
8.980000000000462279e+00,1.152604574116663283e+00,-1.047911827393018580e+00,-2.166458753321025554e+00,-3.973216067047935507e-02,-2.668898661079338597e-01,inf,1.000000000000000000e+00,-2.413790076971054077e-01,-1.333531439304351807e-01,-6.328053027391433716e-02,-8.268687874078750610e-02,-4.173773899674415588e-02,-3.718220070004463196e-02
9.000000000000451195e+00,1.149700833223811447e+00,-1.052454920180976083e+00,-2.112340222506868148e+00,-3.938280544322851628e-02,-2.671809954639762230e-01,inf,1.000000000000000000e+00,-2.490429580211639404e-01,-1.395104825496673584e-01,-6.348515301942825317e-02,-7.828652113676071167e-02,-4.146022349596023560e-02,-3.320508450269699097e-02
9.020000000000440110e+00,1.147547500394524356e+00,-1.057213461472411353e+00,-2.061028739113969444e+00,-3.931400196629775134e-02,-2.672383316947518628e-01,inf,1.000000000000000000e+00,-2.556128799915313721e-01,-1.457666903734207153e-01,-6.408536434173583984e-02,-7.457565516233444214e-02,-4.068444296717643738e-02,-2.942238375544548035e-02
9.040000000000429026e+00,1.146150879655216670e+00,-1.062145235445592917e+00,-2.013017894184665924e+00,-3.980340972076714529e-02,-2.668304918993607000e-01,inf,1.000000000000000000e+00,-2.609367370605468750e-01,-1.521382033824920654e-01,-6.518243998289108276e-02,-7.189412415027618408e-02,-3.944131731986999512e-02,-2.617551200091838837e-02
9.060000000000417941e+00,1.145505038087512695e+00,-1.067218081232534921e+00,-1.969064180579900736e+00,-4.094775546795492716e-02,-2.658768704433708829e-01,inf,1.000000000000000000e+00,-2.652404308319091797e-01,-1.586293131113052368e-01,-6.689648330211639404e-02,-7.028715312480926514e-02,-3.779041767120361328e-02,-2.353286556899547577e-02
9.080000000000406857e+00,1.145589463627543214e+00,-1.072414883663804774e+00,-1.930236539484431413e+00,-4.257152860601820521e-02,-2.645237261616514846e-01,inf,1.000000000000000000e+00,-2.688370048999786377e-01,-1.651323884725570679e-01,-6.938782334327697754e-02,-6.954768300056457520e-02,-3.573014587163925171e-02,-2.131110243499279022e-02
9.100000000000395772e+00,1.146369674606409816e+00,-1.077735749859480396e+00,-1.897734107707664153e+00,-4.428283132243175657e-02,-2.630976405646401894e-01,inf,1.000000000000000000e+00,-2.718653380870819092e-01,-1.714287698268890381e-01,-7.276587188243865967e-02,-6.936366111040115356e-02,-3.321895748376846313e-02,-1.924524083733558655e-02
9.120000000000384688e+00,1.147807951082235878e+00,-1.083160761373782366e+00,-1.872478521838890853e+00,-4.566000498351236586e-02,-2.619499958470730139e-01,inf,1.000000000000000000e+00,-2.741775810718536377e-01,-1.771853119134902954e-01,-7.678622752428054810e-02,-6.938559561967849731e-02,-3.039798513054847717e-02,-1.711228862404823303e-02
9.140000000000373603e+00,1.149844780185734994e+00,-1.088640852793882230e+00,-1.854759106758715914e+00,-4.645957565635198960e-02,-2.612836869530399952e-01,inf,1.000000000000000000e+00,-2.754414975643157959e-01,-1.819999068975448608e-01,-8.080205321311950684e-02,-6.932288408279418945e-02,-2.766795456409454346e-02,-1.485827285796403885e-02
9.160000000000362519e+00,1.152381204657056735e+00,-1.094123226946573713e+00,-1.844367417088724981e+00,-4.668947838055541311e-02,-2.610921013495371423e-01,inf,1.000000000000000000e+00,-2.754313051700592041e-01,-1.856329143047332764e-01,-8.433283865451812744e-02,-6.913974136114120483e-02,-2.528169564902782440e-02,-1.270460058003664017e-02
9.180000000000351434e+00,1.155309347091600269e+00,-1.099551035235063257e+00,-1.840961607583058823e+00,-4.658131578075001833e-02,-2.611822368493749713e-01,inf,1.000000000000000000e+00,-2.742501199245452881e-01,-1.882903128862380981e-01,-8.746410906314849854e-02,-6.919887661933898926e-02,-2.320036850869655609e-02,-1.096912194043397903e-02
9.200000000000340350e+00,1.158539466299279841e+00,-1.104892946018195987e+00,-1.844557535843394547e+00,-4.643573725370966215e-02,-2.613035522885752693e-01,inf,1.000000000000000000e+00,-2.721441090106964111e-01,-1.904796212911605835e-01,-9.064070880413055420e-02,-7.005389779806137085e-02,-2.128170616924762726e-02,-9.841505438089370728e-03
9.220000000000329266e+00,1.161992008887370753e+00,-1.110153579083104081e+00,-1.855646829402950670e+00,-4.645523292638735480e-02,-2.612873058946771909e-01,inf,1.000000000000000000e+00,-2.690830826759338379e-01,-1.925677806138992310e-01,-9.438333660364151001e-02,-7.220701873302459717e-02,-1.937479339540004730e-02,-9.380850009620189667e-03
9.240000000000318181e+00,1.165578699948625285e+00,-1.115354919713912096e+00,-1.874832812120945658e+00,-4.669959685905809149e-02,-2.610836692841182471e-01,inf,1.000000000000000000e+00,-2.646426260471343994e-01,-1.944371312856674194e-01,-9.903666377067565918e-02,-7.597225904464721680e-02,-1.734341494739055634e-02,-9.582253172993659973e-03
9.260000000000307097e+00,1.169189038996546026e+00,-1.120505389104952343e+00,-1.902286216285226095e+00,-4.711741326519851281e-02,-2.607354889456678926e-01,inf,1.000000000000000000e+00,-2.584619820117950439e-01,-1.956206262111663818e-01,-1.043369472026824951e-01,-8.113621175289154053e-02,-1.515993755310773849e-02,-1.028729323297739029e-02
9.280000000000296012e+00,1.172709524120381097e+00,-1.125571451279941959e+00,-1.937523069135718812e+00,-4.758127990837150711e-02,-2.603489334096903973e-01,inf,1.000000000000000000e+00,-2.509909570217132568e-01,-1.958888769149780273e-01,-1.093714982271194458e-01,-8.685681223869323730e-02,-1.296780258417129517e-02,-1.122348941862583160e-02
9.300000000000284928e+00,1.176058561936424329e+00,-1.130498337270822828e+00,-1.979693908933312985e+00,-4.797003855124850474e-02,-2.600249678739595671e-01,inf,1.000000000000000000e+00,-2.431877404451370239e-01,-1.953762620687484741e-01,-1.135773658752441406e-01,-9.244216978549957275e-02,-1.091746892780065536e-02,-1.226573251187801361e-02
9.320000000000273843e+00,1.179183954828673553e+00,-1.135238695915790297e+00,-2.027961126643890388e+00,-4.821359027828235611e-02,-2.598220081014313565e-01,inf,1.000000000000000000e+00,-2.355742305517196655e-01,-1.942185014486312866e-01,-1.170329079031944275e-01,-9.769701957702636719e-02,-9.051038883626461029e-03,-1.339634414762258530e-02
9.340000000000262759e+00,1.182043930622203032e+00,-1.139763063014699540e+00,-2.081660801343946154e+00,-4.828804134363364614e-02,-2.597599655469719493e-01,inf,1.000000000000000000e+00,-2.282823026180267334e-01,-1.925974935293197632e-01,-1.199494227766990662e-01,-1.026838496327400208e-01,-7.414323277771472931e-03,-1.460483856499195099e-02
9.360000000000251674e+00,1.184587423875708367e+00,-1.144055104623922681e+00,-2.140240983781084516e+00,-4.820701586749052275e-02,-2.598274867770912211e-01,inf,1.000000000000000000e+00,-2.212615460157394409e-01,-1.907550394535064697e-01,-1.224251985549926758e-01,-1.075445190072059631e-01,-6.123350001871585846e-03,-1.592196896672248840e-02
9.380000000000240590e+00,1.186745554467439900e+00,-1.148094721703141641e+00,-2.203104173393390930e+00,-4.801254579921260951e-02,-2.599895451673228108e-01,inf,1.000000000000000000e+00,-2.143781334161758423e-01,-1.888815909624099731e-01,-1.244451329112052917e-01,-1.123907789587974548e-01,-5.363073665648698807e-03,-1.745407655835151672e-02
9.400000000000229505e+00,1.188444679183223496e+00,-1.151842996557823184e+00,-2.269503843150674882e+00,-4.775993244078104855e-02,-2.602000562993491140e-01,inf,1.000000000000000000e+00,-2.075048089027404785e-01,-1.870452910661697388e-01,-1.259888708591461182e-01,-1.173028349876403809e-01,-5.328990519046783447e-03,-1.937167346477508545e-02
9.420000000000218421e+00,1.189599877009171358e+00,-1.155249366548445122e+00,-2.338543139769806434e+00,-4.749979427809172122e-02,-2.604168381015902201e-01,inf,1.000000000000000000e+00,-2.005808353424072266e-01,-1.851899027824401855e-01,-1.270910948514938354e-01,-1.223484352231025696e-01,-6.108709145337343216e-03,-2.183528430759906769e-02
9.440000000000207336e+00,1.190125468507568174e+00,-1.158267475467990915e+00,-2.409211530405515500e+00,-4.726267497934675405e-02,-2.606144375172110284e-01,inf,1.000000000000000000e+00,-1.936727464199066162e-01,-1.831943988800048828e-01,-1.277805268764495850e-01,-1.275260597467422485e-01,-7.575281430035829544e-03,-2.490293979644775391e-02
9.460000000000196252e+00,1.189955649189689879e+00,-1.160858783232849634e+00,-2.480466480011286112e+00,-4.706005951401006498e-02,-2.607832837383249336e-01,inf,1.000000000000000000e+00,-1.870557516813278198e-01,-1.809805333614349365e-01,-1.280361711978912354e-01,-1.326580941677093506e-01,-9.370152838528156281e-03,-2.846373058855533600e-02
9.480000000000185167e+00,1.189056127896203741e+00,-1.162992512822855318e+00,-2.551302835780465461e+00,-4.689314565547353375e-02,-2.609223786204387108e-01,inf,1.000000000000000000e+00,-1.811129599809646606e-01,-1.785798817873001099e-01,-1.278708577156066895e-01,-1.374482363462448120e-01,-1.102469768375158310e-02,-3.225166723132133484e-02
9.500000000000174083e+00,1.187424562805973416e+00,-1.164643726725617556e+00,-2.620797587129886974e+00,-4.676376814980069685e-02,-2.610301932084994059e-01,inf,1.000000000000000000e+00,-1.761065870523452759e-01,-1.761150360107421875e-01,-1.274006068706512451e-01,-1.417026072740554810e-01,-1.220923475921154022e-02,-3.597653657197952271e-02
9.520000000000162999e+00,1.185077991177487577e+00,-1.165800715134765353e+00,-2.688090547000101971e+00,-4.668367378549093810e-02,-2.610969385120908703e-01,inf,1.000000000000000000e+00,-1.719786077737808228e-01,-1.736345291137695312e-01,-1.267606616020202637e-01,-1.454425156116485596e-01,-1.285790652036666870e-02,-3.948287293314933777e-02
9.540000000000151914e+00,1.182032314973834319e+00,-1.166471128190636586e+00,-2.752240943107290949e+00,-4.666776664693330495e-02,-2.611101944608889003e-01,inf,1.000000000000000000e+00,-1.684284657239913940e-01,-1.710167229175567627e-01,-1.259974390268325806e-01,-1.488259583711624146e-01,-1.307919993996620178e-02,-4.279257729649543762e-02
9.560000000000140830e+00,1.178292055354958956e+00,-1.166688486810494307e+00,-2.812127730930512381e+00,-4.672039686112800655e-02,-2.610663359490599800e-01,inf,1.000000000000000000e+00,-1.651153266429901123e-01,-1.679996252059936523e-01,-1.250455826520919800e-01,-1.520055085420608521e-01,-1.304281875491142273e-02,-4.600648209452629089e-02
9.580000000000129745e+00,1.173867198220873709e+00,-1.166518703959403158e+00,-2.866463977618283643e+00,-4.682047412817156445e-02,-2.609829382265236863e-01,inf,1.000000000000000000e+00,-1.618521660566329956e-01,-1.642575711011886597e-01,-1.237614899873733521e-01,-1.550473421812057495e-01,-1.296956557780504227e-02,-4.920392856001853943e-02
9.600000000000118661e+00,1.168780942431856928e+00,-1.166044490592739624e+00,-2.913877195647160079e+00,-4.692368022156405416e-02,-2.608969331486966081e-01,inf,1.000000000000000000e+00,-1.586650758981704712e-01,-1.594327986240386963e-01,-1.219432130455970764e-01,-1.579118967056274414e-01,-1.316153351217508316e-02,-5.241591483354568481e-02
9.620000000000107576e+00,1.163076537623326523e+00,-1.165303583724452086e+00,-2.953069526527084321e+00,-4.698324097257600140e-02,-2.608472991895199877e-01,inf,1.000000000000000000e+00,-1.555825173854827881e-01,-1.530974358320236206e-01,-1.192957684397697449e-01,-1.604063212871551514e-01,-1.397085841745138168e-02,-5.561402812600135803e-02
9.640000000000096492e+00,1.156816906661289446e+00,-1.164349203828590529e+00,-2.982944430046730933e+00,-4.693632971073824489e-02,-2.608863919077181182e-01,inf,1.000000000000000000e+00,-1.523482650518417358e-01,-1.449986249208450317e-01,-1.155645623803138733e-01,-1.619940847158432007e-01,-1.565733365714550018e-02,-5.857527628540992737e-02
9.660000000000085407e+00,1.150088215334505115e+00,-1.163259155664908118e+00,-3.002673401620765237e+00,-4.666073761895523503e-02,-2.611160519842039562e-01,inf,1.000000000000000000e+00,-1.490717381238937378e-01,-1.359084695577621460e-01,-1.111789047718048096e-01,-1.623461842536926270e-01,-1.812307164072990417e-02,-6.103140488266944885e-02
9.680000000000074323e+00,1.143009903343409350e+00,-1.162104192887203569e+00,-3.012192801491109684e+00,-4.610711679368888205e-02,-2.615774026719259182e-01,inf,1.000000000000000000e+00,-1.464795768260955811e-01,-1.273826956748962402e-01,-1.069149374961853027e-01,-1.617550104856491089e-01,-2.081743255257606506e-02,-6.290884315967559814e-02
9.700000000000063238e+00,1.135737406355782353e+00,-1.160940710588568958e+00,-3.012385018054487773e+00,-4.538520685208975031e-02,-2.621789942899251935e-01,inf,1.000000000000000000e+00,-1.452153325080871582e-01,-1.206712126731872559e-01,-1.030344441533088684e-01,-1.607780754566192627e-01,-2.323147840797901154e-02,-6.431081891059875488e-02
9.720000000000052154e+00,1.128420994726442306e+00,-1.159818575695778620e+00,-3.004664298815080237e+00,-4.467318451790491807e-02,-2.627723462350792238e-01,inf,1.000000000000000000e+00,-1.455276757478713989e-01,-1.162620708346366882e-01,-9.944127500057220459e-02,-1.597141325473785400e-01,-2.532342448830604553e-02,-6.535962969064712524e-02
9.740000000000041069e+00,1.121155922422713225e+00,-1.158790526070449634e+00,-2.990292671345931019e+00,-4.410099189091227362e-02,-2.632491734242397574e-01,inf,1.000000000000000000e+00,-1.472619622945785522e-01,-1.138453930616378784e-01,-9.599078446626663208e-02,-1.584359407424926758e-01,-2.727521210908889771e-02,-6.611764430999755859e-02
9.760000000000029985e+00,1.113956994206842577e+00,-1.157915186234066418e+00,-2.969847584505942883e+00,-4.370958519317329205e-02,-2.635753456723555765e-01,inf,1.000000000000000000e+00,-1.501612514257431030e-01,-1.125770956277847290e-01,-9.250259399414062500e-02,-1.565250903367996216e-01,-2.918380312621593475e-02,-6.655975431203842163e-02
9.780000000000018900e+00,1.106765576302335852e+00,-1.157254986075984871e+00,-2.943205721969399669e+00,-4.347984932894464333e-02,-2.637667922258794539e-01,inf,1.000000000000000000e+00,-1.542386412620544434e-01,-1.116299107670783997e-01,-8.877997845411300659e-02,-1.534064263105392456e-01,-3.104280121624469757e-02,-6.655263900756835938e-02
9.800000000000007816e+00,1.099505302194986989e+00,-1.156859309829585847e+00,-2.910064060692905574e+00,-4.335939427088488646e-02,-2.638671714409292490e-01,inf,1.000000000000000000e+00,-1.597225964069366455e-01,-1.106499582529067993e-01,-8.475552499294281006e-02,-1.485055238008499146e-01,-3.282382339239120483e-02,-6.589671224355697632e-02
9.819999999999996732e+00,1.092163616554946426e+00,-1.156786540632061877e+00,-2.870378435394060013e+00,-4.333616400993982321e-02,-2.638865299917168006e-01,inf,1.000000000000000000e+00,-1.667924672365188599e-01,-1.097458600997924805e-01,-8.055891096591949463e-02,-1.415306031703948975e-01,-3.447416424751281738e-02,-6.440612673759460449e-02
9.839999999999985647e+00,1.084802012340767341e+00,-1.157112972764045455e+00,-2.824601165009621884e+00,-4.344628740865125877e-02,-2.637947604927906031e-01,inf,1.000000000000000000e+00,-1.754438579082489014e-01,-1.091533228754997253e-01,-7.635396718978881836e-02,-1.326599717140197754e-01,-3.587176278233528137e-02,-6.197429448366165161e-02
9.859999999999974563e+00,1.077522971305638677e+00,-1.157882150933096543e+00,-2.773715321427741465e+00,-4.372466907796277585e-02,-2.635627757683643435e-01,inf,1.000000000000000000e+00,-1.851768195629119873e-01,-1.091286167502403259e-01,-7.234157621860504150e-02,-1.227565109729766846e-01,-3.688148036599159241e-02,-5.870738998055458069e-02
9.879999999999963478e+00,1.070449537021898490e+00,-1.159094031141528092e+00,-2.718933332842548012e+00,-4.414181609678662077e-02,-2.632151532526778026e-01,inf,1.000000000000000000e+00,-1.951699107885360718e-01,-1.100788488984107971e-01,-6.880116462707519531e-02,-1.130689978599548340e-01,-3.757260739803314209e-02,-5.497974902391433716e-02
9.899999999999952394e+00,1.063706327608433977e+00,-1.160721018264105897e+00,-2.661519261845629369e+00,-4.458108435097436067e-02,-2.628490963741880182e-01,inf,1.000000000000000000e+00,-2.047669887542724609e-01,-1.123833283782005310e-01,-6.597995758056640625e-02,-1.045806556940078735e-01,-3.819124028086662292e-02,-5.123388767242431641e-02
9.919999999999941309e+00,1.057400992126292349e+00,-1.162733155663238094e+00,-2.602720814134666938e+00,-4.489614066171183221e-02,-2.625865494485734586e-01,inf,1.000000000000000000e+00,-2.137752771377563477e-01,-1.161163300275802612e-01,-6.400850415229797363e-02,-9.769718348979949951e-02,-3.886548057198524475e-02,-4.772069677710533142e-02
9.939999999999930225e+00,1.051613135512592834e+00,-1.165121128517589977e+00,-2.543731446622346848e+00,-4.500149948096963254e-02,-2.624987504325252963e-01,inf,1.000000000000000000e+00,-2.223728299140930176e-01,-1.210545077919960022e-01,-6.288401037454605103e-02,-9.224598109722137451e-02,-3.951232507824897766e-02,-4.439026862382888794e-02
9.959999999999919140e+00,1.046394770416540609e+00,-1.167902018661384878e+00,-2.485632515895926709e+00,-4.491858010052345029e-02,-2.625678499162304447e-01,inf,1.000000000000000000e+00,-2.308167219161987305e-01,-1.268208473920822144e-01,-6.246791034936904907e-02,-8.766203373670578003e-02,-3.995830193161964417e-02,-4.097867757081985474e-02
9.979999999999908056e+00,1.041780787247961415e+00,-1.171101804330307417e+00,-2.429300985330066887e+00,-4.474616345963054048e-02,-2.627115304503078730e-01,inf,1.000000000000000000e+00,-2.391020804643630981e-01,-1.330082118511199951e-01,-6.255650520324707031e-02,-8.340232074260711670e-02,-4.004697874188423157e-02,-3.726990520954132080e-02
9.999999999999896971e+00,1.037802394971795161e+00,-1.174726231461286741e+00,-2.375328685225497782e+00,-4.461047585985806335e-02,-2.628246034501182660e-01,inf,1.000000000000000000e+00,-2.468404322862625122e-01,-1.392851024866104126e-01,-6.299329549074172974e-02,-7.930932193994522095e-02,-3.968580812215805054e-02,-3.333458304405212402e-02
