time,x,y,yaw,reward,yaw_rate,turn_radius,steady_state,action_0,action_1,action_2,action_3,action_4,action_5
2.000000000000001082e-02,5.997693036090079310e-01,-2.281146516269316749e-03,4.466904537281556065e-02,0.000000000000000000e+00,4.244577899262739429e+00,inf,0.000000000000000000e+00,2.731177210807800293e-01,3.499999940395355225e-01,3.499999940395355225e-01,2.286221534013748169e-01,3.321235179901123047e-01,3.499999940395355225e-01
4.000000000000002859e-02,5.991111574263431327e-01,-2.494208032530087493e-03,7.257316560690511842e-02,0.000000000000000000e+00,1.569205241042725518e+00,inf,0.000000000000000000e+00,-3.499999940395355225e-01,-2.454448640346527100e-01,-9.179321676492691040e-02,-1.194870248436927795e-01,-3.499999940395355225e-01,6.279349327087402344e-05
6.000000000000004635e-02,5.983196503305658887e-01,-2.693115020542147242e-03,9.969361723023759114e-02,0.000000000000000000e+00,2.216932483325785963e+00,inf,0.000000000000000000e+00,3.499999940395355225e-01,3.499999940395355225e-01,3.499999940395355225e-01,2.976511716842651367e-01,3.499999940395355225e-01,3.499999940395355225e-01
8.000000000000005718e-02,5.973286619336550807e-01,-2.055320825324391532e-03,1.228342046691220796e-01,0.000000000000000000e+00,1.431271900290446375e+00,inf,0.000000000000000000e+00,-3.499999940395355225e-01,-1.725745648145675659e-01,-2.734054345637559891e-03,-5.566781759262084961e-02,-2.836267650127410889e-01,8.026775717735290527e-02
1.000000000000000749e-01,5.960794287247581646e-01,-1.864237903105192551e-03,1.530769278785483190e-01,0.000000000000000000e+00,1.873570428018801026e+00,inf,0.000000000000000000e+00,3.499999940395355225e-01,3.499999940395355225e-01,3.499999940395355225e-01,2.192853242158889771e-01,3.499999940395355225e-01,3.499999940395355225e-01
1.200000000000000927e-01,5.946793004097794544e-01,-8.983323191697478727e-04,1.771463946074097739e-01,0.000000000000000000e+00,1.407869682040962855e+00,inf,0.000000000000000000e+00,-3.499999940395355225e-01,-1.699328124523162842e-01,5.302037112414836884e-03,-5.180812999606132507e-02,-2.727512717247009277e-01,1.109631136059761047e-01
1.400000000000000966e-01,5.930400048731538920e-01,-4.418062302076197767e-04,2.074349671595752675e-01,0.000000000000000000e+00,1.726698718144941802e+00,inf,0.000000000000000000e+00,3.499999940395355225e-01,3.499999940395355225e-01,3.499999940395355225e-01,2.843008637428283691e-01,3.499999940395355225e-01,3.499999940395355225e-01
1.600000000000001144e-01,5.911885832250908246e-01,5.593601896237698767e-04,2.358813843200864568e-01,0.000000000000000000e+00,1.444642413475172971e+00,inf,0.000000000000000000e+00,-3.368319272994995117e-01,-1.465316563844680786e-01,2.753877826035022736e-02,-3.221570700407028198e-02,-2.501360774040222168e-01,1.291272342205047607e-01
1.800000000000001321e-01,5.890219013779134372e-01,1.002156170744505914e-03,2.725642112701145980e-01,0.000000000000000000e+00,1.716781303329385500e+00,inf,0.000000000000000000e+00,3.499999940395355225e-01,3.499999940395355225e-01,3.499999940395355225e-01,2.781608700752258301e-01,3.499999940395355225e-01,3.499999940395355225e-01
2.000000000000001499e-01,5.869418697298144361e-01,2.387116136182865223e-03,2.985886015303626517e-01,0.000000000000000000e+00,1.446678097767649440e+00,inf,0.000000000000000000e+00,-3.457305133342742920e-01,-1.508894264698028564e-01,1.416968554258346558e-02,-3.838778659701347351e-02,-2.536544501781463623e-01,1.191394180059432983e-01
2.200000000000001676e-01,5.847269295861423632e-01,3.340233601854147860e-03,3.274376649742499756e-01,0.000000000000000000e+00,1.638548712477625680e+00,inf,0.000000000000000000e+00,3.499999940395355225e-01,3.499999940395355225e-01,3.499999940395355225e-01,3.499999940395355225e-01,3.499999940395355225e-01,3.499999940395355225e-01
2.400000000000001854e-01,5.818032230502940827e-01,4.485637826358024327e-03,3.636561966532034784e-01,0.000000000000000000e+00,1.519164345182081322e+00,inf,0.000000000000000000e+00,-2.702560722827911377e-01,-7.152251154184341431e-02,9.954490512609481812e-02,3.030478209257125854e-02,-1.830690056085586548e-01,1.786729842424392700e-01
2.600000000000001754e-01,5.782007699978241044e-01,5.011130048926337732e-03,4.120582348722140464e-01,0.000000000000000000e+00,1.736574170248173621e+00,inf,0.000000000000000000e+00,3.499999940395355225e-01,3.499999940395355225e-01,3.499999940395355225e-01,3.499999940395355225e-01,3.499999940395355225e-01,3.499999940395355225e-01
2.800000000000001932e-01,5.746815933465309056e-01,6.727504461415956261e-03,4.504160431549732446e-01,0.000000000000000000e+00,1.594644173725195291e+00,inf,0.000000000000000000e+00,-2.618712782859802246e-01,-5.614226311445236206e-02,1.132750213146209717e-01,2.760178036987781525e-02,-1.902165263891220093e-01,1.877603530883789062e-01
3.000000000000002109e-01,5.711548319393786599e-01,8.128490989601111494e-03,4.910463199051909866e-01,0.000000000000000000e+00,1.755403593834194309e+00,inf,0.000000000000000000e+00,3.499999940395355225e-01,3.499999940395355225e-01,3.499999940395355225e-01,3.499999940395355225e-01,3.499999940395355225e-01,3.499999940395355225e-01
3.200000000000002287e-01,5.663112728779815530e-01,1.012658360007578917e-02,5.404167860880185748e-01,0.000000000000000000e+00,1.707475069032155401e+00,inf,0.000000000000000000e+00,-1.433136463165283203e-01,5.794914066791534424e-02,2.418046146631240845e-01,1.251626461744308472e-01,-9.103263169527053833e-02,2.733374238014221191e-01
3.400000000000002465e-01,5.607640398865193498e-01,1.207039347516009054e-02,5.990472886553996901e-01,0.000000000000000000e+00,1.873664826667770678e+00,inf,0.000000000000000000e+00,3.499999940395355225e-01,3.499999940395355225e-01,3.499999940395355225e-01,3.499999940395355225e-01,3.499999940395355225e-01,3.499999940395355225e-01
3.600000000000002642e-01,5.551208294645382235e-01,1.562697676706514827e-02,6.506339794338606985e-01,0.000000000000000000e+00,1.814957907445400309e+00,inf,0.000000000000000000e+00,-8.490655571222305298e-02,8.785265684127807617e-02,3.160395622253417969e-01,1.846844255924224854e-01,-4.416327551007270813e-02,2.933641970157623291e-01
3.800000000000002820e-01,5.500877270909039218e-01,1.955208302284988653e-02,6.951949425963742657e-01,0.000000000000000000e+00,1.891608992179508952e+00,inf,0.000000000000000000e+00,3.499999940395355225e-01,3.499999940395355225e-01,3.499999940395355225e-01,3.499999940395355225e-01,3.499999940395355225e-01,3.499999940395355225e-01
4.000000000000002998e-01,5.445940678748645292e-01,2.452335764940422047e-02,7.333571419402998837e-01,0.000000000000000000e+00,1.825978902699479933e+00,inf,0.000000000000000000e+00,1.309593766927719116e-01,2.325240373611450195e-01,3.499999940395355225e-01,3.499999940395355225e-01,1.301804333925247192e-01,3.499999940395355225e-01
4.200000000000003175e-01,5.400935568675114817e-01,3.069851356899555572e-02,7.529198403651103932e-01,0.000000000000000000e+00,1.796447643447592224e+00,inf,0.000000000000000000e+00,3.499999940395355225e-01,3.499999940395355225e-01,3.499999940395355225e-01,3.499999940395355225e-01,3.499999940395355225e-01,3.499999940395355225e-01
4.400000000000003353e-01,5.369646016436803171e-01,3.601459241245097420e-02,7.750834578268636088e-01,0.000000000000000000e+00,1.754573808975125937e+00,inf,0.000000000000000000e+00,3.499999940395355225e-01,3.499999940395355225e-01,3.499999940395355225e-01,3.499999940395355225e-01,3.499999940395355225e-01,3.499999940395355225e-01
4.600000000000003531e-01,5.351259240979864273e-01,4.180825767173929064e-02,7.843506000962737756e-01,0.000000000000000000e+00,1.678614571600999250e+00,inf,0.000000000000000000e+00,3.499999940395355225e-01,3.499999940395355225e-01,3.499999940395355225e-01,3.499999940395355225e-01,3.499999940395355225e-01,3.499999940395355225e-01
4.800000000000003708e-01,5.348680454456216093e-01,4.834106976782859277e-02,7.747751076455599017e-01,0.000000000000000000e+00,1.569350538752029678e+00,inf,0.000000000000000000e+00,3.499999940395355225e-01,3.499999940395355225e-01,3.499999940395355225e-01,3.499999940395355225e-01,3.499999940395355225e-01,3.499999940395355225e-01
5.000000000000003331e-01,5.364288346792027706e-01,5.499531879181818184e-02,7.484796156283964885e-01,0.000000000000000000e+00,1.441828229698506991e+00,inf,0.000000000000000000e+00,3.499999940395355225e-01,3.499999940395355225e-01,3.499999940395355225e-01,3.499999940395355225e-01,3.499999940395355225e-01,3.499999940395355225e-01
5.200000000000003508e-01,5.396132797561647987e-01,6.095041188218613959e-02,7.130080562962184398e-01,0.000000000000000000e+00,1.315147190232289764e+00,inf,0.000000000000000000e+00,3.499999940395355225e-01,3.499999940395355225e-01,3.499999940395355225e-01,3.499999940395355225e-01,3.499999940395355225e-01,3.499999940395355225e-01
5.400000000000003686e-01,5.439058536118995812e-01,6.572063101694897158e-02,6.769489818615558319e-01,0.000000000000000000e+00,1.203293620996161994e+00,inf,0.000000000000000000e+00,3.499999940395355225e-01,3.499999940395355225e-01,3.499999940395355225e-01,3.499999940395355225e-01,3.499999940395355225e-01,3.499999940395355225e-01
5.600000000000003864e-01,5.488422736911577893e-01,6.915483680585071680e-02,6.460957800530572337e-01,0.000000000000000000e+00,1.111598032242665512e+00,inf,0.000000000000000000e+00,3.499999940395355225e-01,3.499999940395355225e-01,3.499999940395355225e-01,3.499999940395355225e-01,3.499999940395355225e-01,3.499999940395355225e-01
5.800000000000004041e-01,5.541253863141094582e-01,7.139415597204734620e-02,6.225160790945931666e-01,0.000000000000000000e+00,1.038805001818218443e+00,inf,0.000000000000000000e+00,3.499999940395355225e-01,3.499999940395355225e-01,3.499999940395355225e-01,3.499999940395355225e-01,3.499999940395355225e-01,3.499999940395355225e-01
6.000000000000004219e-01,5.595539626652841214e-01,7.267208570642530452e-02,6.057071351213924038e-01,0.000000000000000000e+00,9.810690226571233685e-01,inf,0.000000000000000000e+00,3.499999940395355225e-01,3.499999940395355225e-01,3.499999940395355225e-01,3.499999940395355225e-01,3.499999940395355225e-01,3.499999940395355225e-01
6.200000000000004396e-01,5.652056234910177723e-01,7.324800735086489656e-02,5.919359132753523323e-01,0.000000000000000000e+00,9.276947350526882907e-01,inf,0.000000000000000000e+00,3.499999940395355225e-01,3.499999940395355225e-01,3.499999940395355225e-01,2.912848293781280518e-01,3.499999940395355225e-01,3.499999940395355225e-01
6.400000000000004574e-01,5.710678844086931605e-01,7.315796403554220007e-02,5.778661333056941407e-01,0.000000000000000000e+00,8.757980227183431721e-01,inf,0.000000000000000000e+00,3.499999940395355225e-01,3.499999940395355225e-01,3.499999940395355225e-01,1.619892716407775879e-01,3.499999940395355225e-01,3.499999940395355225e-01
6.600000000000004752e-01,5.767437507324654211e-01,7.319325600723919356e-02,5.470424703921554777e-01,0.000000000000000000e+00,7.818308464665854052e-01,inf,0.000000000000000000e+00,2.951519787311553955e-01,3.499999940395355225e-01,2.259062230587005615e-01,6.027894094586372375e-02,3.499999940395355225e-01,3.499999940395355225e-01
6.800000000000004929e-01,5.823717809068289508e-01,7.202502217928269390e-02,5.173549750633473776e-01,0.000000000000000000e+00,7.388715250850578231e-01,inf,0.000000000000000000e+00,3.499999940395355225e-01,3.499999940395355225e-01,3.499999940395355225e-01,2.102796584367752075e-01,3.499999940395355225e-01,3.499999940395355225e-01
7.000000000000005107e-01,5.873238663615850674e-01,7.107533877888172480e-02,4.758805155292144540e-01,0.000000000000000000e+00,6.266284463930410498e-01,inf,0.000000000000000000e+00,2.000486105680465698e-01,3.334391713142395020e-01,1.090465784072875977e-01,-5.281372368335723877e-02,3.340368866920471191e-01,3.178305029869079590e-01
7.200000000000005285e-01,5.924753174802696032e-01,6.854611189755954737e-02,4.495138855927000576e-01,0.000000000000000000e+00,6.207797416412921265e-01,inf,0.000000000000000000e+00,3.499999940395355225e-01,3.499999940395355225e-01,3.499999940395355225e-01,2.220322489738464355e-01,3.499999940395355225e-01,3.499999940395355225e-01
7.400000000000005462e-01,5.968945858719916231e-01,6.700291474857761331e-02,4.086168386733241564e-01,0.000000000000000000e+00,4.892183657297706212e-01,inf,0.000000000000000000e+00,-6.617761403322219849e-02,4.769592359662055969e-02,-1.127007901668548584e-01,-2.345231473445892334e-01,7.393597066402435303e-02,1.421477496623992920e-01
7.600000000000005640e-01,6.014806842175249857e-01,6.440237230703693694e-02,3.755295825175279933e-01,0.000000000000000000e+00,4.947777185629153585e-01,inf,0.000000000000000000e+00,3.499999940395355225e-01,3.499999940395355225e-01,3.499999940395355225e-01,3.499999940395355225e-01,3.499999940395355225e-01,3.499999940395355225e-01
7.800000000000005818e-01,6.055648002429500076e-01,6.231269086392782208e-02,3.395309923401934604e-01,0.000000000000000000e+00,3.788449774952390436e-01,inf,0.000000000000000000e+00,-1.404957622289657593e-01,-3.122628107666969299e-02,-1.152500510215759277e-01,-2.370647490024566650e-01,-3.196585178375244141e-02,8.785069733858108521e-02
8.000000000000005995e-01,6.097391486535790328e-01,5.939115261261124212e-02,3.119948282489873881e-01,0.000000000000000000e+00,3.941756420969195207e-01,inf,0.000000000000000000e+00,3.499999940395355225e-01,3.499999940395355225e-01,3.499999940395355225e-01,3.499999940395355225e-01,3.499999940395355225e-01,3.499999940395355225e-01
8.200000000000006173e-01,6.134343386661043063e-01,5.711385413435982050e-02,2.812579069272777010e-01,0.000000000000000000e+00,2.923237606731133864e-01,inf,0.000000000000000000e+00,-1.935234069824218750e-01,-6.467442959547042847e-02,-4.618433117866516113e-02,-1.645848602056503296e-01,-1.171429753303527832e-01,9.490118175745010376e-02
8.400000000000006350e-01,6.171691493710875775e-01,5.415607179908060731e-02,2.585842799321653729e-01,0.000000000000000000e+00,3.146011866875510488e-01,inf,0.000000000000000000e+00,3.499999940395355225e-01,3.499999940395355225e-01,3.499999940395355225e-01,3.499999940395355225e-01,3.499999940395355225e-01,3.499999940395355225e-01
8.600000000000006528e-01,6.204970344003061244e-01,5.189426683083542269e-02,2.322002088636028472e-01,0.000000000000000000e+00,2.241329387005647766e-01,inf,0.000000000000000000e+00,-2.372379899024963379e-01,-9.789071977138519287e-02,-1.077800802886486053e-02,-1.139245480298995972e-01,-1.672936081886291504e-01,1.014996320009231567e-01
8.800000000000006706e-01,6.238353230480940814e-01,4.900081285696261668e-02,2.135310503606279164e-01,0.000000000000000000e+00,2.513003761543596837e-01,inf,0.000000000000000000e+00,3.499999940395355225e-01,3.499999940395355225e-01,3.499999940395355225e-01,3.499999940395355225e-01,3.499999940395355225e-01,3.499999940395355225e-01
9.000000000000006883e-01,6.270585409551326928e-01,4.644596813263007773e-02,2.001598549714767583e-01,0.000000000000000000e+00,1.944909077000354369e-01,inf,0.000000000000000000e+00,-2.615384161472320557e-01,-1.174575015902519226e-01,1.115997321903705597e-02,-7.913597673177719116e-02,-1.886346191167831421e-01,1.081437543034553528e-01
9.200000000000007061e-01,6.303530129006730265e-01,4.300630645526998252e-02,2.017918853796835388e-01,0.000000000000000000e+00,2.391001004355439441e-01,inf,0.000000000000000000e+00,3.499999940395355225e-01,3.499999940395355225e-01,3.499999940395355225e-01,1.553724706172943115e-01,3.499999940395355225e-01,3.499999940395355225e-01
9.400000000000007239e-01,6.332526301495314813e-01,4.072145134149324219e-02,1.933590101307365583e-01,0.000000000000000000e+00,1.749449435074199588e-01,inf,0.000000000000000000e+00,-3.499999940395355225e-01,-2.529618740081787109e-01,-1.009469851851463318e-01,-1.562321782112121582e-01,-3.027681708335876465e-01,4.935086145997047424e-02
9.600000000000007416e-01,6.360684162309807599e-01,3.807721554340137704e-02,1.895807165622184765e-01,0.000000000000000000e+00,2.152644506497788379e-01,inf,0.000000000000000000e+00,3.499999940395355225e-01,3.499999940395355225e-01,3.499999940395355225e-01,2.919468879699707031e-01,3.499999940395355225e-01,3.499999940395355225e-01
9.800000000000007594e-01,6.392202244566036473e-01,3.445867306954691900e-02,2.222050866713593253e-01,0.000000000000000000e+00,2.356069075270438018e-01,inf,0.000000000000000000e+00,-3.065706491470336914e-01,-1.400415748357772827e-01,4.435199499130249023e-02,-3.223735094070434570e-02,-2.214383780956268311e-01,1.344275027513504028e-01
1.000000000000000666e+00,6.415206947539636717e-01,3.297256213966470728e-02,2.139050611003674163e-01,0.000000000000000000e+00,1.953317074670685438e-01,inf,0.000000000000000000e+00,-2.803093194961547852e-01,-2.456988245248794556e-01,-2.561238408088684082e-01,-3.331880569458007812e-01,-1.652794182300567627e-01,-6.356336642056703568e-03
1.019999999999998463e+00,6.436941156192100832e-01,2.931863318615973713e-02,2.256909263008301803e-01,0.000000000000000000e+00,1.650835465038934247e-01,inf,0.000000000000000000e+00,2.159315049648284912e-01,2.656576633453369141e-01,6.937476992607116699e-02,-3.554055467247962952e-02,3.499999940395355225e-01,2.815180718898773193e-01
1.039999999999996261e+00,6.461016963228239929e-01,2.645622863839636185e-02,2.455716698276430021e-01,0.000000000000000000e+00,1.772558150765657925e-01,inf,0.000000000000000000e+00,-3.499999940395355225e-01,-2.328477203845977783e-01,-9.979882836341857910e-02,-1.379168182611465454e-01,-3.058788180351257324e-01,4.529852792620658875e-02
1.059999999999994058e+00,6.484691950960848050e-01,2.340462861363978853e-02,2.812786229245326508e-01,0.000000000000000000e+00,1.842289365032608039e-01,inf,0.000000000000000000e+00,1.719703227281570435e-01,2.499068230390548706e-01,1.216149404644966125e-01,-1.739113964140415192e-02,2.981242537498474121e-01,2.488357871770858765e-01
1.079999999999991855e+00,6.506679318387228461e-01,2.160236593565795227e-02,3.262062313831938787e-01,0.000000000000000000e+00,2.172564493643701633e-01,inf,0.000000000000000000e+00,-3.499999940395355225e-01,-2.168831825256347656e-01,-6.711586564779281616e-02,-1.022910103201866150e-01,-3.104186356067657471e-01,6.003053858876228333e-02
1.099999999999989653e+00,6.523101870472407526e-01,1.990989824390548835e-02,3.843610219445192655e-01,0.000000000000000000e+00,2.424199218485556251e-01,inf,0.000000000000000000e+00,1.168942824006080627e-01,1.943664550781250000e-01,2.294535934925079346e-01,8.123297244310379028e-02,1.519204378128051758e-01,2.221542000770568848e-01
1.119999999999987450e+00,6.535913464577448595e-01,2.002190424765720733e-02,4.410379041528353361e-01,0.000000000000000000e+00,2.785856366005206031e-01,inf,0.000000000000000000e+00,-3.499999940395355225e-01,-1.992331594228744507e-01,-4.518697038292884827e-02,-8.272128552198410034e-02,-3.046981692314147949e-01,7.443391531705856323e-02
1.139999999999985247e+00,6.543851658715726938e-01,2.030657510394734411e-02,5.028408706629513558e-01,0.000000000000000000e+00,3.072680279757440402e-01,inf,0.000000000000000000e+00,3.499999940395355225e-01,3.499999940395355225e-01,3.499999940395355225e-01,3.302883803844451904e-01,3.499999940395355225e-01,3.499999940395355225e-01
1.159999999999983045e+00,6.541958144374212525e-01,2.182013362795781619e-02,5.748799540299563970e-01,0.000000000000000000e+00,3.607849705966150733e-01,inf,0.000000000000000000e+00,-3.168765902519226074e-01,-1.131936386227607727e-01,5.909753218293190002e-02,-1.226984709501266479e-02,-2.374055683612823486e-01,1.501231044530868530e-01
1.179999999999980842e+00,6.529700707558576678e-01,2.362805220848729348e-02,6.593035280335686199e-01,0.000000000000000000e+00,4.049568808535536357e-01,inf,0.000000000000000000e+00,3.499999940395355225e-01,3.499999940395355225e-01,3.499999940395355225e-01,3.499999940395355225e-01,3.248112201690673828e-01,3.499999940395355225e-01
1.199999999999978639e+00,6.513859516249265180e-01,2.753343188792778395e-02,7.380202129267131594e-01,0.000000000000000000e+00,4.627567575312457882e-01,inf,0.000000000000000000e+00,-2.924730777740478516e-01,-9.830169379711151123e-02,9.552668780088424683e-02,7.460564374923706055e-03,-2.155004292726516724e-01,1.757912784814834595e-01
1.219999999999976437e+00,6.495047400461029241e-01,3.164311422367815929e-02,8.179853015572227104e-01,0.000000000000000000e+00,5.091658852779997746e-01,inf,0.000000000000000000e+00,3.499999940395355225e-01,3.499999940395355225e-01,3.499999940395355225e-01,3.499999940395355225e-01,3.499999940395355225e-01,3.499999940395355225e-01
1.239999999999974234e+00,6.458919791338874061e-01,3.698546369599259309e-02,9.027920482063984675e-01,0.000000000000000000e+00,5.575342237800612333e-01,inf,0.000000000000000000e+00,-1.864447891712188721e-01,-7.259326986968517303e-03,2.194358408451080322e-01,1.057316511869430542e-01,-1.161028966307640076e-01,2.590988576412200928e-01
1.259999999999972031e+00,6.411608599656473118e-01,4.236791186962696187e-02,9.936345727115818427e-01,0.000000000000000000e+00,5.939676381574051645e-01,inf,0.000000000000000000e+00,3.499999940395355225e-01,3.499999940395355225e-01,3.499999940395355225e-01,3.499999940395355225e-01,3.499999940395355225e-01,3.499999940395355225e-01
1.279999999999969829e+00,6.351517386476909222e-01,4.889660609101709188e-02,1.081472529172817776e+00,0.000000000000000000e+00,6.522625504886322423e-01,inf,0.000000000000000000e+00,-1.055306121706962585e-01,5.916088819503784180e-02,3.086881637573242188e-01,1.778852492570877075e-01,-5.099458992481231689e-02,3.030746579170227051e-01
1.299999999999967626e+00,6.295364909652052532e-01,5.527204596063362008e-02,1.163716560028726255e+00,0.000000000000000000e+00,6.786891587574238605e-01,inf,0.000000000000000000e+00,3.499999940395355225e-01,3.499999940395355225e-01,3.499999940395355225e-01,3.499999940395355225e-01,3.499999940395355225e-01,3.499999940395355225e-01
1.319999999999965423e+00,6.249031582957369491e-01,6.271337076426580781e-02,1.229743968650978347e+00,0.000000000000000000e+00,6.878846805160976352e-01,inf,0.000000000000000000e+00,-6.952930241823196411e-02,6.262613087892532349e-02,3.123885393142700195e-01,2.185136824846267700e-01,-1.791397295892238617e-02,2.731477320194244385e-01
1.339999999999963221e+00,6.216923887359581125e-01,7.066006855466999692e-02,1.274468645607919060e+00,0.000000000000000000e+00,6.525241434446019673e-01,inf,0.000000000000000000e+00,3.499999940395355225e-01,3.499999940395355225e-01,3.499999940395355225e-01,3.499999940395355225e-01,3.499999940395355225e-01,3.499999940395355225e-01
1.359999999999961018e+00,6.178764789074436825e-01,7.676639402264290313e-02,1.329469060588175600e+00,0.000000000000000000e+00,6.861276182722562123e-01,inf,0.000000000000000000e+00,3.499999940395355225e-01,3.499999940395355225e-01,3.499999940395355225e-01,3.499999940395355225e-01,3.499999940395355225e-01,3.499999940395355225e-01
1.379999999999958815e+00,6.137031281222723456e-01,8.389058953989159129e-02,1.367298532935835143e+00,0.000000000000000000e+00,6.442690828045449791e-01,inf,0.000000000000000000e+00,3.499999940395355225e-01,3.499999940395355225e-01,3.499999940395355225e-01,3.499999940395355225e-01,3.499999940395355225e-01,3.499999940395355225e-01
1.399999999999956612e+00,6.095745445913686167e-01,9.275512463241808447e-02,1.374932196456016831e+00,0.000000000000000000e+00,6.247862437600606444e-01,inf,0.000000000000000000e+00,3.499999940395355225e-01,3.499999940395355225e-01,3.499999940395355225e-01,3.499999940395355225e-01,3.499999940395355225e-01,3.499999940395355225e-01
1.419999999999954410e+00,6.063709504196184152e-01,1.026562244585208505e-01,1.354618594793163711e+00,0.000000000000000000e+00,5.705012857808823279e-01,inf,0.000000000000000000e+00,3.499999940395355225e-01,3.499999940395355225e-01,3.499999940395355225e-01,3.499999940395355225e-01,3.499999940395355225e-01,3.499999940395355225e-01
1.439999999999952207e+00,6.049924919079711083e-01,1.125446652933170810e-01,1.318621496019980910e+00,0.000000000000000000e+00,5.127514227624613286e-01,inf,0.000000000000000000e+00,3.499999940395355225e-01,3.499999940395355225e-01,3.499999940395355225e-01,3.499999940395355225e-01,3.499999940395355225e-01,3.499999940395355225e-01
1.459999999999950004e+00,6.058685239546005574e-01,1.218749752328821545e-01,1.277190748590834035e+00,0.000000000000000000e+00,4.711225590639365191e-01,inf,0.000000000000000000e+00,3.499999940395355225e-01,3.499999940395355225e-01,3.499999940395355225e-01,3.499999940395355225e-01,3.499999940395355225e-01,3.499999940395355225e-01
1.479999999999947802e+00,6.084735543639350208e-01,1.302345273708385154e-01,1.237168572199256911e+00,0.000000000000000000e+00,4.518563469494374374e-01,inf,0.000000000000000000e+00,3.499999940395355225e-01,3.499999940395355225e-01,3.499999940395355225e-01,3.499999940395355225e-01,3.499999940395355225e-01,3.499999940395355225e-01
1.499999999999945599e+00,6.120542887366305917e-01,1.375875135454807663e-01,1.201166755211767745e+00,0.000000000000000000e+00,4.502951833767514511e-01,inf,0.000000000000000000e+00,3.499999940395355225e-01,3.499999940395355225e-01,3.499999940395355225e-01,3.499999940395355225e-01,3.499999940395355225e-01,3.499999940395355225e-01
1.519999999999943396e+00,6.160631070756911187e-01,1.441004228272785848e-01,1.168933572284934108e+00,0.000000000000000000e+00,4.566035182688431004e-01,inf,0.000000000000000000e+00,3.499999940395355225e-01,3.499999940395355225e-01,3.499999940395355225e-01,3.499999940395355225e-01,3.499999940395355225e-01,3.499999940395355225e-01
1.539999999999941194e+00,6.202833024893585900e-01,1.499502984876417977e-01,1.139391465709533868e+00,0.000000000000000000e+00,4.622744712449124993e-01,inf,0.000000000000000000e+00,3.499999940395355225e-01,3.499999940395355225e-01,3.499999940395355225e-01,3.499999940395355225e-01,3.499999940395355225e-01,3.499999940395355225e-01
1.559999999999938991e+00,6.247215097586482635e-01,1.552347049966781301e-01,1.112102605649820664e+00,0.000000000000000000e+00,4.635121195093609980e-01,inf,0.000000000000000000e+00,3.499999940395355225e-01,3.499999940395355225e-01,3.499999940395355225e-01,3.499999940395355225e-01,3.499999940395355225e-01,3.499999940395355225e-01
1.579999999999936788e+00,6.294579315169457345e-01,1.599486992923682127e-01,1.087629506015175496e+00,0.000000000000000000e+00,4.608163291611950818e-01,inf,0.000000000000000000e+00,3.499999940395355225e-01,3.499999940395355225e-01,3.499999940395355225e-01,3.499999940395355225e-01,3.499999940395355225e-01,3.499999940395355225e-01
1.599999999999934586e+00,6.345415450945441904e-01,1.640202916796074106e-01,1.067197698425406127e+00,0.000000000000000000e+00,4.567356701078714720e-01,inf,0.000000000000000000e+00,3.499999940395355225e-01,3.499999940395355225e-01,3.499999940395355225e-01,3.499999940395355225e-01,3.499999940395355225e-01,3.499999940395355225e-01
1.619999999999932383e+00,6.399500338043092595e-01,1.673720402123061168e-01,1.052163765336046275e+00,0.000000000000000000e+00,4.582681457106631551e-01,inf,0.000000000000000000e+00,3.499999940395355225e-01,3.499999940395355225e-01,3.499999940395355225e-01,3.499999940395355225e-01,3.499999940395355225e-01,3.499999940395355225e-01
1.639999999999930180e+00,6.457584701022323070e-01,1.701240240558067329e-01,1.040604399281116699e+00,0.000000000000000000e+00,4.619054349525604231e-01,inf,0.000000000000000000e+00,3.499999940395355225e-01,3.499999940395355225e-01,3.499999940395355225e-01,2.324945926666259766e-01,3.499999940395355225e-01,3.499999940395355225e-01
1.659999999999927978e+00,6.517916752039445427e-01,1.725200821611129198e-01,1.022483977182251369e+00,0.000000000000000000e+00,4.827049491233688094e-01,inf,0.000000000000000000e+00,3.362948298454284668e-01,3.499999940395355225e-01,2.783119082450866699e-01,1.117242798209190369e-01,3.499999940395355225e-01,3.499999940395355225e-01
1.679999999999925775e+00,6.581154064299022943e-01,1.740735726576833065e-01,9.990238665688496722e-01,0.000000000000000000e+00,4.742782603934413976e-01,inf,0.000000000000000000e+00,3.499999940395355225e-01,3.499999940395355225e-01,2.808312475681304932e-01,1.169974952936172485e-01,3.499999940395355225e-01,3.499999940395355225e-01
1.699999999999923572e+00,6.637037376611666373e-01,1.753005399913455387e-01,9.572195380960196731e-01,0.000000000000000000e+00,4.807369523633118757e-01,inf,0.000000000000000000e+00,2.549527585506439209e-01,3.499999940395355225e-01,1.663874089717864990e-01,2.722391486167907715e-02,3.499999940395355225e-01,3.499999940395355225e-01
1.719999999999921370e+00,6.700045753867104326e-01,1.752433481324684461e-01,9.325235829718918623e-01,0.000000000000000000e+00,4.791928131305478455e-01,inf,0.000000000000000000e+00,3.499999940395355225e-01,3.499999940395355225e-01,3.499999940395355225e-01,2.211970537900924683e-01,3.499999940395355225e-01,3.499999940395355225e-01
1.739999999999919167e+00,6.749511456822193667e-01,1.759722491699605706e-01,8.903011365861036586e-01,0.000000000000000000e+00,4.779371350255860462e-01,inf,0.000000000000000000e+00,3.987985197454690933e-03,1.396760493516921997e-01,-3.859971463680267334e-02,-1.720345765352249146e-01,1.595130711793899536e-01,2.302943915128707886e-01
1.759999999999916964e+00,6.805267488141213406e-01,1.758456605304660192e-01,8.547597320944316790e-01,0.000000000000000000e+00,4.752143448111149637e-01,inf,0.000000000000000000e+00,3.499999940395355225e-01,3.499999940395355225e-01,3.499999940395355225e-01,3.499999940395355225e-01,3.499999940395355225e-01,3.499999940395355225e-01
1.779999999999914762e+00,6.854424827007717935e-01,1.759306361639774163e-01,8.164207767375682989e-01,0.000000000000000000e+00,4.730807462241762296e-01,inf,0.000000000000000000e+00,-8.598050475120544434e-02,3.110034950077533722e-02,-7.641039043664932251e-02,-2.069496065378189087e-01,4.091508314013481140e-02,1.513592153787612915e-01
1.799999999999912559e+00,6.908497771386736819e-01,1.752699905818418946e-01,7.867317415862937757e-01,0.000000000000000000e+00,4.710676351386878236e-01,inf,0.000000000000000000e+00,3.499999940395355225e-01,3.499999940395355225e-01,3.499999940395355225e-01,3.499999940395355225e-01,3.499999940395355225e-01,3.499999940395355225e-01
1.819999999999910356e+00,6.955213844319710903e-01,1.749723965880403131e-01,7.544877892451468115e-01,0.000000000000000000e+00,4.710248754022064444e-01,inf,0.000000000000000000e+00,-1.219334378838539124e-01,2.219283208250999451e-02,2.209036424756050110e-02,-1.087805181741714478e-01,-3.444212302565574646e-02,1.785051524639129639e-01
1.839999999999908153e+00,7.005667563860633607e-01,1.740644680677858602e-01,7.315767892183858701e-01,0.000000000000000000e+00,4.707581011729046749e-01,inf,0.000000000000000000e+00,3.499999940395355225e-01,3.499999940395355225e-01,3.499999940395355225e-01,3.499999940395355225e-01,3.499999940395355225e-01,3.499999940395355225e-01
1.859999999999905951e+00,7.054390060258949324e-01,1.734193458458551662e-01,7.190291347990981352e-01,0.000000000000000000e+00,4.988094223813041017e-01,inf,0.000000000000000000e+00,-1.716645956039428711e-01,-6.155092269182205200e-03,7.758050411939620972e-02,-3.557339683175086975e-02,-9.595387428998947144e-02,2.012044489383697510e-01
1.879999999999903748e+00,7.106785170002597463e-01,1.721564951030896129e-01,7.219698692706809640e-01,0.000000000000000000e+00,5.154478318472058840e-01,inf,0.000000000000000000e+00,3.499999940395355225e-01,3.499999940395355225e-01,3.499999940395355225e-01,1.505627185106277466e-01,3.499999940395355225e-01,3.499999940395355225e-01
1.899999999999901545e+00,7.148452364767829970e-01,1.716867422661915166e-01,7.134970717017937725e-01,0.000000000000000000e+00,5.056865148046175706e-01,inf,0.000000000000000000e+00,-3.499999940395355225e-01,-2.049687951803207397e-01,-7.710665464401245117e-02,-1.480502337217330933e-01,-2.569121420383453369e-01,1.125712692737579346e-01
1.919999999999899343e+00,7.190612002853404849e-01,1.708392877974554969e-01,7.089552036433338644e-01,0.000000000000000000e+00,5.019265617677869384e-01,inf,0.000000000000000000e+00,3.499999940395355225e-01,3.499999940395355225e-01,3.499999940395355225e-01,3.020816147327423096e-01,3.499999940395355225e-01,3.499999940395355225e-01
1.939999999999897140e+00,7.234363341157953320e-01,1.700954959334257666e-01,7.230724559006423968e-01,0.000000000000000000e+00,5.504328045488218191e-01,inf,0.000000000000000000e+00,-2.728402316570281982e-01,-9.768195450305938721e-02,6.137421354651451111e-02,-1.477766223251819611e-02,-1.779018342494964600e-01,1.933999359607696533e-01
1.959999999999894937e+00,7.277803080264770852e-01,1.684629061344555812e-01,7.472256690175559379e-01,0.000000000000000000e+00,5.607857622895171534e-01,inf,0.000000000000000000e+00,1.344937235116958618e-01,2.014102190732955933e-01,8.930551260709762573e-02,-6.814374029636383057e-02,2.582480013370513916e-01,2.905867993831634521e-01
1.979999999999892735e+00,7.309681549938921163e-01,1.677929471764251224e-01,7.452047416936397051e-01,0.000000000000000000e+00,4.864735731154574139e-01,inf,0.000000000000000000e+00,-3.499999940395355225e-01,-3.370355963706970215e-01,-2.753007411956787109e-01,-3.080328404903411865e-01,-3.233042657375335693e-01,-1.863108016550540924e-02
1.999999999999890532e+00,7.342235359800914907e-01,1.666615505392373686e-01,7.461203132955214201e-01,0.000000000000000000e+00,5.681716269283263454e-01,inf,0.000000000000000000e+00,3.499999940395355225e-01,3.499999940395355225e-01,3.499999940395355225e-01,2.008467763662338257e-01,3.499999940395355225e-01,3.499999940395355225e-01
2.019999999999888551e+00,7.383582964334099996e-01,1.645276519177759633e-01,7.964731773951280180e-01,-1.603921855556056653e-01,5.663398453703285540e-01,inf,1.000000000000000000e+00,-2.603006958961486816e-01,-4.697494208812713623e-02,1.156604811549186707e-01,1.962622441351413727e-02,-1.586477607488632202e-01,2.232310622930526733e-01
2.039999999999886349e+00,7.420971671395613090e-01,1.613822485408156204e-01,8.818596055592550220e-01,-1.028075955981990787e-02,6.914327003668166993e-01,inf,1.000000000000000000e+00,-9.171657264232635498e-02,8.355552703142166138e-02,1.726857423782348633e-01,2.235233969986438751e-02,-3.833889588713645935e-02,2.379299104213714600e-01
2.059999999999884146e+00,7.445118812236196648e-01,1.606917439982402662e-01,9.363045353685397476e-01,-1.018737303981124415e-01,6.151052246682395808e-01,inf,1.000000000000000000e+00,-3.499999940395355225e-01,-2.888362705707550049e-01,-2.458081096410751343e-01,-2.285489141941070557e-01,-3.418140411376953125e-01,-1.174877956509590149e-02
2.079999999999881943e+00,7.466189651145956896e-01,1.603879920873306775e-01,9.822175194487854366e-01,-1.627656120640805573e-02,6.864361989946599074e-01,inf,1.000000000000000000e+00,3.499999940395355225e-01,3.499999940395355225e-01,3.078116774559020996e-01,1.436550766229629517e-01,3.499999940395355225e-01,3.499999940395355225e-01
2.099999999999879741e+00,7.477304940720266302e-01,1.606992677107350609e-01,1.048491188913754701e+00,-7.615574580681494510e-02,6.365368784943208347e-01,inf,1.000000000000000000e+00,-2.687387168407440186e-01,-3.147385641932487488e-02,1.073003932833671570e-01,4.148787632584571838e-02,-1.535118520259857178e-01,2.350866198539733887e-01
2.119999999999877538e+00,7.472778592052962132e-01,1.613165846310703477e-01,1.138284685881797431e+00,-5.622040999273836270e-02,7.468503416606152578e-01,inf,1.000000000000000000e+00,3.499999940395355225e-01,3.499999940395355225e-01,3.499999940395355225e-01,3.499999940395355225e-01,3.499999940395355225e-01,3.499999940395355225e-01
2.139999999999875335e+00,7.438499313422658465e-01,1.632986470787629596e-01,1.247878258287179687e+00,-4.296744392930529344e-02,7.358062032744210335e-01,inf,1.000000000000000000e+00,-1.865573823451995850e-01,1.814496144652366638e-02,2.353072464466094971e-01,1.162577942013740540e-01,-1.054230704903602600e-01,2.882441580295562744e-01
2.159999999999873133e+00,7.378506400587592218e-01,1.654452443396573491e-01,1.375484140242671849e+00,-1.845547268999311874e-01,8.537956057499426210e-01,inf,1.000000000000000000e+00,2.663043141365051270e-01,3.499999940395355225e-01,3.499999940395355225e-01,3.499999940395355225e-01,2.376257181167602539e-01,3.499999940395355225e-01
2.179999999999870930e+00,7.310959518995298057e-01,1.699172811083294876e-01,1.485992116915711980e+00,-1.142281872191395209e-01,7.951901560159495563e-01,inf,1.000000000000000000e+00,-2.357259392738342285e-01,-5.414994433522224426e-02,1.635819822549819946e-01,8.162487298250198364e-02,-1.413080245256423950e-01,2.504937648773193359e-01
2.199999999999868727e+00,7.252315361182184450e-01,1.746869878361314576e-01,1.583339318147074071e+00,-2.219024990510985174e-01,8.849187492092487339e-01,inf,1.000000000000000000e+00,3.499999940395355225e-01,3.499999940395355225e-01,3.499999940395355225e-01,3.499999940395355225e-01,3.499999940395355225e-01,3.499999940395355225e-01
2.219999999999866525e+00,7.187805678646042029e-01,1.800831923378980459e-01,1.668948254797542496e+00,-1.368382725687291579e-01,8.140318938072742538e-01,inf,1.000000000000000000e+00,-1.680467873811721802e-01,1.746092550456523895e-02,2.320484071969985962e-01,1.611623317003250122e-01,-6.211942806839942932e-02,2.911083400249481201e-01
2.239999999999864322e+00,7.127127968779076728e-01,1.848441918795916683e-01,1.750205095398636113e+00,-2.085671408327501031e-01,8.738059506939583887e-01,inf,1.000000000000000000e+00,3.499999940395355225e-01,3.499999940395355225e-01,3.499999940395355225e-01,3.499999940395355225e-01,3.499999940395355225e-01,3.499999940395355225e-01
2.259999999999862119e+00,7.042578801483009299e-01,1.880611338385563824e-01,1.836957844132871775e+00,-1.343729103941370684e-01,8.119774253284475218e-01,inf,1.000000000000000000e+00,-3.009015694260597229e-03,1.800298243761062622e-01,3.499999940395355225e-01,2.921184599399566650e-01,7.465963810682296753e-02,3.499999940395355225e-01
2.279999999999859916e+00,6.953517904139892014e-01,1.907017402644486381e-01,1.922536674127653500e+00,-1.940821024815597151e-01,8.617350854012997274e-01,inf,1.000000000000000000e+00,3.499999940395355225e-01,3.499999940395355225e-01,3.499999940395355225e-01,3.499999940395355225e-01,3.499999940395355225e-01,3.499999940395355225e-01
2.299999999999857714e+00,6.860123082038573905e-01,1.941069924412673897e-01,1.996832062698326693e+00,-1.218171954022723713e-01,8.015143295018936076e-01,inf,1.000000000000000000e+00,1.149880737066268921e-01,2.633189558982849121e-01,3.499999940395355225e-01,3.499999940395355225e-01,1.616653800010681152e-01,3.499999940395355225e-01
2.319999999999855511e+00,6.770967868010204782e-01,1.992268858026643441e-01,2.044559186935119399e+00,-1.421873479403350515e-01,8.184894566169458319e-01,inf,1.000000000000000000e+00,3.499999940395355225e-01,3.499999940395355225e-01,3.499999940395355225e-01,3.499999940395355225e-01,3.499999940395355225e-01,3.499999940395355225e-01
2.339999999999853308e+00,6.694586086862767127e-01,2.046832906325429802e-01,2.082849041311252147e+00,-1.098326991514171347e-01,7.915272492928475678e-01,inf,1.000000000000000000e+00,3.499999940395355225e-01,3.499999940395355225e-01,3.499999940395355225e-01,3.499999940395355225e-01,3.499999940395355225e-01,3.499999940395355225e-01
2.359999999999851106e+00,6.618541890460616361e-01,2.109879113426414987e-01,2.098542183335241784e+00,-5.340926419323439173e-02,7.445077201610286188e-01,inf,1.000000000000000000e+00,3.499999940395355225e-01,3.499999940395355225e-01,3.499999940395355225e-01,3.499999940395355225e-01,3.499999940395355225e-01,3.499999940395355225e-01
2.379999999999848903e+00,6.542703459619805262e-01,2.180253729532500850e-01,2.090171903728168523e+00,-2.674946675807143848e-03,7.022291222298392421e-01,inf,1.000000000000000000e+00,3.499999940395355225e-01,3.499999940395355225e-01,3.499999940395355225e-01,3.499999940395355225e-01,3.499999940395355225e-01,3.499999940395355225e-01
2.399999999999846700e+00,6.473382990783675961e-01,2.256754715017902369e-01,2.063585001661294438e+00,-2.729920596445460992e-02,6.772506616962877812e-01,inf,1.000000000000000000e+00,3.499999940395355225e-01,3.499999940395355225e-01,3.499999940395355225e-01,3.499999940395355225e-01,3.499999940395355225e-01,3.499999940395355225e-01
2.419999999999844498e+00,6.415256164111993176e-01,2.337201618860776930e-01,2.027467358904460060e+00,-3.679858942073721551e-02,6.693345088160522760e-01,inf,1.000000000000000000e+00,3.499999940395355225e-01,3.499999940395355225e-01,3.499999940395355225e-01,3.499999940395355225e-01,3.499999940395355225e-01,3.499999940395355225e-01
2.439999999999842295e+00,6.370505158451125194e-01,2.417884417536908526e-01,1.989309499625755429e+00,-3.360680594404330535e-02,6.719943283799638678e-01,inf,1.000000000000000000e+00,3.499999940395355225e-01,3.499999940395355225e-01,3.499999940395355225e-01,3.499999940395355225e-01,3.499999940395355225e-01,3.499999940395355225e-01
2.459999999999840092e+00,6.338113612578539779e-01,2.496817880705771708e-01,1.952957575844606275e+00,-2.586589818692841547e-02,6.784450848442262760e-01,inf,1.000000000000000000e+00,3.499999940395355225e-01,3.499999940395355225e-01,3.499999940395355225e-01,3.499999940395355225e-01,3.499999940395355225e-01,3.499999940395355225e-01
2.479999999999837890e+00,6.315319127631198182e-01,2.573468600227183378e-01,1.919071968244831394e+00,-1.960208375429947983e-02,6.836649302047503873e-01,inf,1.000000000000000000e+00,3.499999940395355225e-01,3.499999940395355225e-01,3.499999940395355225e-01,3.499999940395355225e-01,3.499999940395355225e-01,3.499999940395355225e-01
2.499999999999835687e+00,6.299571288450064310e-01,2.648069895097520110e-01,1.886711092830246184e+00,-1.722504199698882132e-02,6.856457983358426045e-01,inf,1.000000000000000000e+00,3.499999940395355225e-01,3.499999940395355225e-01,3.499999940395355225e-01,3.499999940395355225e-01,3.499999940395355225e-01,3.499999940395355225e-01
2.519999999999833484e+00,6.289526203760661405e-01,2.721086125735370231e-01,1.854996059242537632e+00,-1.809439979628777243e-02,6.849213335030934768e-01,inf,1.000000000000000000e+00,3.499999940395355225e-01,3.499999940395355225e-01,3.499999940395355225e-01,3.499999940395355225e-01,3.499999940395355225e-01,3.499999940395355225e-01
2.539999999999831282e+00,6.285093133278912836e-01,2.792723710790040448e-01,1.824009223371781729e+00,-2.037966472565240147e-02,6.830169460619562871e-01,inf,1.000000000000000000e+00,3.499999940395355225e-01,3.499999940395355225e-01,3.499999940395355225e-01,3.499999940395355225e-01,3.499999940395355225e-01,3.499999940395355225e-01
2.559999999999829079e+00,6.286869274059619928e-01,2.862692413642300426e-01,1.794792312913795262e+00,-2.252646403507125791e-02,6.812279466374405734e-01,inf,1.000000000000000000e+00,3.499999940395355225e-01,3.499999940395355225e-01,3.499999940395355225e-01,3.499999940395355225e-01,3.499999940395355225e-01,3.499999940395355225e-01
2.579999999999826876e+00,6.295492950710155355e-01,2.930306348926137172e-01,1.768873806669406523e+00,-2.379490070213301570e-02,6.801709160815557764e-01,inf,1.000000000000000000e+00,3.499999940395355225e-01,3.499999940395355225e-01,3.499999940395355225e-01,3.499999940395355225e-01,3.499999940395355225e-01,3.499999940395355225e-01
2.599999999999824674e+00,6.311220687361337456e-01,2.994725932380911670e-01,1.747767797108744414e+00,-2.419233438370213887e-02,6.798397213469148381e-01,inf,1.000000000000000000e+00,3.499999940395355225e-01,3.499999940395355225e-01,3.499999940395355225e-01,3.499999940395355225e-01,3.499999940395355225e-01,3.499999940395355225e-01
2.619999999999822471e+00,6.333794372156976715e-01,3.055227775071631680e-01,1.732625591408347931e+00,-2.413724140770461338e-02,6.798856321602461117e-01,inf,1.000000000000000000e+00,3.499999940395355225e-01,3.499999940395355225e-01,3.499999940395355225e-01,3.499999940395355225e-01,3.499999940395355225e-01,3.499999940395355225e-01
2.639999999999820268e+00,6.362562625205153699e-01,3.111346803637881075e-01,1.724153569856882617e+00,-1.690464484029652326e-02,6.859127959664195195e-01,inf,1.000000000000000000e+00,3.499999940395355225e-01,3.499999940395355225e-01,3.499999940395355225e-01,3.499999940395355225e-01,3.499999940395355225e-01,3.499999940395355225e-01
2.659999999999818066e+00,6.396860678316912407e-01,3.164415125959720854e-01,1.720049359293434721e+00,-8.216403390804094542e-03,7.068470028256700344e-01,inf,1.000000000000000000e+00,3.499999940395355225e-01,3.499999940395355225e-01,3.499999940395355225e-01,2.887389361858367920e-01,3.499999940395355225e-01,3.499999940395355225e-01
2.679999999999815863e+00,6.436773619090724319e-01,3.214216274666256146e-01,1.717766235370501882e+00,-3.249181372515042021e-02,7.270765114376253058e-01,inf,1.000000000000000000e+00,3.499999940395355225e-01,3.499999940395355225e-01,3.499999940395355225e-01,1.989512592554092407e-01,3.499999940395355225e-01,3.499999940395355225e-01
2.699999999999813660e+00,6.476490524945710536e-01,3.259905074007629633e-01,1.705457815282936940e+00,-7.658566876322092654e-02,7.638213906360173944e-01,inf,1.000000000000000000e+00,3.164847493171691895e-01,3.499999940395355225e-01,2.772055268287658691e-01,1.302886307239532471e-01,3.499999940395355225e-01,3.499999940395355225e-01
2.719999999999811457e+00,6.523618029768446513e-01,3.298856676941268606e-01,1.697345432175709101e+00,-7.489785744034165027e-02,7.624148812002846665e-01,inf,1.000000000000000000e+00,3.499999940395355225e-01,3.499999940395355225e-01,3.499999940395355225e-01,2.040186822414398193e-01,3.499999940395355225e-01,3.499999940395355225e-01
2.739999999999809255e+00,6.560225095642927551e-01,3.333676384355839240e-01,1.675369236326376576e+00,-1.255316603095242289e-01,8.046097169246034797e-01,inf,1.000000000000000000e+00,2.089334726333618164e-01,3.499999940395355225e-01,1.711015999317169189e-01,2.797638997435569763e-02,3.499999940395355225e-01,3.499999940395355225e-01
2.759999999999807052e+00,6.606758722648449211e-01,3.364522319186119548e-01,1.667109191539346114e+00,-1.412567974163544127e-01,8.177139978469619708e-01,inf,1.000000000000000000e+00,3.499999940395355225e-01,3.499999940395355225e-01,3.499999940395355225e-01,3.254586458206176758e-01,3.499999940395355225e-01,3.499999940395355225e-01
2.779999999999804849e+00,6.638080998116568932e-01,3.394973385201295324e-01,1.640236467480659321e+00,-1.541850494501144919e-01,8.284875412084287127e-01,inf,1.000000000000000000e+00,2.194204926490783691e-02,1.936138421297073364e-01,5.308445170521736145e-02,-7.102135568857192993e-02,2.003778815269470215e-01,3.265976309776306152e-01
2.799999999999802647e+00,6.676656271376676388e-01,3.422328172676498692e-01,1.618296276408665912e+00,-1.610511687016834836e-01,8.342093072514028540e-01,inf,1.000000000000000000e+00,3.499999940395355225e-01,3.499999940395355225e-01,3.499999940395355225e-01,3.499999940395355225e-01,3.499999940395355225e-01,3.499999940395355225e-01
2.819999999999800444e+00,6.713213570190896817e-01,3.447608208496897308e-01,1.600333271674254210e+00,-1.906877779220136904e-01,8.589064816016780401e-01,inf,1.000000000000000000e+00,2.031368389725685120e-02,1.910593658685684204e-01,1.038787662982940674e-01,-3.196826577186584473e-02,1.676425933837890625e-01,3.232129514217376709e-01
2.839999999999798241e+00,6.759448127824237984e-01,3.469545015747345085e-01,1.598239535877384654e+00,-2.115788097089794650e-01,8.763156747574828431e-01,inf,1.000000000000000000e+00,3.499999940395355225e-01,3.499999940395355225e-01,3.499999940395355225e-01,3.499999940395355225e-01,3.499999940395355225e-01,3.499999940395355225e-01
2.859999999999796039e+00,6.794152032870963698e-01,3.491757029012731994e-01,1.586552523814525495e+00,-1.938570947438491010e-01,8.615475789532075490e-01,inf,1.000000000000000000e+00,-1.884300410747528076e-01,2.613408956676721573e-03,4.366857931017875671e-02,-2.667902596294879913e-02,-5.599179863929748535e-02,2.626119256019592285e-01
2.879999999999793836e+00,6.832736204229115096e-01,3.511617167014688956e-01,1.579473548381597592e+00,-1.860393308820708358e-01,8.550327757350589808e-01,inf,1.000000000000000000e+00,3.499999940395355225e-01,3.499999940395355225e-01,3.499999940395355225e-01,3.499999940395355225e-01,3.499999940395355225e-01,3.499999940395355225e-01
2.899999999999791633e+00,6.876612768964879274e-01,3.532041544563282454e-01,1.604502685782166038e+00,-2.718693486116949276e-01,9.265577905097457379e-01,inf,1.000000000000000000e+00,-1.068464592099189758e-01,9.460921585559844971e-02,1.978399902582168579e-01,1.173873245716094971e-01,4.462907556444406509e-03,3.499999940395355225e-01
2.919999999999789431e+00,6.925698656636125605e-01,3.545097970769638396e-01,1.661932118938618919e+00,-3.372789576880104723e-01,9.810657980733420436e-01,inf,1.000000000000000000e+00,3.334987163543701172e-01,3.499999940395355225e-01,3.499999940395355225e-01,2.785263955593109131e-01,3.499999940395355225e-01,3.499999940395355225e-01
2.939999999999787228e+00,6.950242934940429329e-01,3.561340927961723635e-01,1.698211278056890317e+00,-3.260157187763270126e-01,9.716797656469391420e-01,inf,1.000000000000000000e+00,-3.499999940395355225e-01,-1.629392057657241821e-01,-5.165623128414154053e-02,-6.210274249315261841e-02,-2.432557344436645508e-01,1.724869608879089355e-01
2.959999999999785025e+00,6.972406144863638744e-01,3.576143960739733840e-01,1.729230179694180247e+00,-3.504173458521561146e-01,9.920144548767967363e-01,inf,1.000000000000000000e+00,3.499999940395355225e-01,3.499999940395355225e-01,3.499999940395355225e-01,3.416656255722045898e-01,3.499999940395355225e-01,3.499999940395355225e-01
2.979999999999782823e+00,6.984687798882454057e-01,3.593546411639798599e-01,1.753593295305782895e+00,-3.913196075597064616e-01,1.026099672966422016e+00,inf,1.000000000000000000e+00,-2.572161555290222168e-01,-5.823133140802383423e-02,8.037660270929336548e-02,5.807000398635864258e-02,-1.237072795629501343e-01,2.764979600906372070e-01
2.999999999999780620e+00,6.998787773017661751e-01,3.606545196732722225e-01,1.785531397616729299e+00,-4.251579754952799495e-01,1.054298312912733238e+00,inf,1.000000000000000000e+00,3.499999940395355225e-01,3.499999940395355225e-01,3.499999940395355225e-01,3.499999940395355225e-01,3.499999940395355225e-01,3.499999940395355225e-01
3.019999999999778417e+00,7.013627450343146164e-01,3.605891952597360950e-01,1.847615950284372532e+00,-4.216922396277248408e-01,1.051410199689770675e+00,inf,1.000000000000000000e+00,-1.948349773883819580e-01,2.815718203783035278e-02,1.951002180576324463e-01,1.224696859717369080e-01,-7.585512846708297729e-02,3.301749825477600098e-01
3.039999999999776215e+00,7.028749523910923225e-01,3.588887094908432829e-01,1.935160233518030015e+00,-4.298368886037013392e-01,1.058197407169751081e+00,inf,1.000000000000000000e+00,1.704356372356414795e-01,3.499999940395355225e-01,3.499999940395355225e-01,2.810327112674713135e-01,2.137944251298904419e-01,3.499999940395355225e-01
3.059999999999774012e+00,7.024039605021270560e-01,3.585783830580184794e-01,1.997589458839128085e+00,-4.400323513024910760e-01,1.066693626085409186e+00,inf,1.000000000000000000e+00,-3.499999940395355225e-01,-1.890135258436203003e-01,-6.242562085390090942e-02,-7.036229223012924194e-02,-2.692690491676330566e-01,1.503580212593078613e-01
3.079999999999771809e+00,7.018047762928035782e-01,3.585459629801627246e-01,2.050980904374437142e+00,-4.479734253460798676e-01,1.073311187788399845e+00,inf,1.000000000000000000e+00,3.499999940395355225e-01,3.499999940395355225e-01,3.499999940395355225e-01,3.456169962882995605e-01,3.499999940395355225e-01,3.499999940395355225e-01
3.099999999999769607e+00,7.002062115493478123e-01,3.589146987276655709e-01,2.096119388040531550e+00,-3.947550245045450823e-01,1.028962520420454219e+00,inf,1.000000000000000000e+00,-2.704365551471710205e-01,-4.587976261973381042e-02,1.058172509074211121e-01,6.571333110332489014e-02,-1.308158189058303833e-01,2.786393165588378906e-01
3.119999999999767404e+00,6.986482476151555376e-01,3.588487571448466529e-01,2.145013933884075019e+00,-3.479950469310111871e-01,9.899958724425093060e-01,inf,1.000000000000000000e+00,3.499999940395355225e-01,3.499999940395355225e-01,3.499999940395355225e-01,3.499999940395355225e-01,3.499999940395355225e-01,3.499999940395355225e-01
3.139999999999765201e+00,6.968210867760743499e-01,3.548962481475788078e-01,2.238742640237115555e+00,-3.536700923718080758e-01,9.947250769765066947e-01,inf,1.000000000000000000e+00,-5.828439816832542419e-02,1.841109544038772583e-01,3.499999940395355225e-01,2.315140962600708008e-01,3.091357089579105377e-02,3.499999940395355225e-01
3.159999999999762998e+00,6.924468652362015808e-01,3.480633638139219999e-01,2.349986889768418852e+00,-3.064524900561381160e-01,9.553770750467817097e-01,inf,1.000000000000000000e+00,5.036239326000213623e-02,2.131114602088928223e-01,3.499999940395355225e-01,3.125165402889251709e-01,9.532085806131362915e-02,3.499999940395355225e-01
3.179999999999760796e+00,6.848155837052285477e-01,3.419575932001346352e-01,2.439058154855419769e+00,-2.994541040330728210e-01,9.495450866942273249e-01,inf,1.000000000000000000e+00,-8.847345411777496338e-02,6.865878403186798096e-02,3.277937471866607666e-01,2.076655924320220947e-01,-1.131671108305454254e-02,3.499999940395355225e-01
3.199999999999758593e+00,6.778748755302357321e-01,3.367180426315514730e-01,2.526353811905019953e+00,-2.808600985876777423e-01,9.340500821563980649e-01,inf,1.000000000000000000e+00,3.499999940395355225e-01,3.499999940395355225e-01,3.499999940395355225e-01,3.499999940395355225e-01,3.499999940395355225e-01,3.499999940395355225e-01
3.219999999999756390e+00,6.704331107795682421e-01,3.334366460366239293e-01,2.599188966461120742e+00,-2.690288338711466776e-01,9.241906948926221776e-01,inf,1.000000000000000000e+00,-9.141577780246734619e-02,7.949367165565490723e-02,3.109844624996185303e-01,2.294731438159942627e-01,1.475183572620153427e-02,3.499999940395355225e-01
3.239999999999754188e+00,6.634744540042911698e-01,3.322308301007238507e-01,2.659733675136669362e+00,-2.315186041316177334e-01,8.929321701096814001e-01,inf,1.000000000000000000e+00,3.499999940395355225e-01,3.499999940395355225e-01,3.499999940395355225e-01,3.499999940395355225e-01,3.499999940395355225e-01,3.499999940395355225e-01
3.259999999999751985e+00,6.583449872790506641e-01,3.295003823983880809e-01,2.742134128393240999e+00,-2.511455005315357814e-01,9.092879171096130975e-01,inf,1.000000000000000000e+00,2.115461826324462891e-01,3.499999940395355225e-01,3.499999940395355225e-01,3.499999940395355225e-01,2.763108015060424805e-01,3.499999940395355225e-01
3.279999999999749782e+00,6.519964383311304124e-01,3.262453000282651283e-01,2.815643542491284901e+00,-2.049591655188466865e-01,8.707993045990388703e-01,inf,1.000000000000000000e+00,2.783658802509307861e-01,3.499999940395355225e-01,3.499999940395355225e-01,3.499999940395355225e-01,3.158499896526336670e-01,3.499999940395355225e-01
3.299999999999747580e+00,6.443873228900370842e-01,3.235158994836434543e-01,2.874514253726502933e+00,-2.088656235469057709e-01,8.740546862890881119e-01,inf,1.000000000000000000e+00,3.499999940395355225e-01,3.499999940395355225e-01,3.499999940395355225e-01,3.499999940395355225e-01,3.499999940395355225e-01,3.499999940395355225e-01
3.319999999999745377e+00,6.352361738319108886e-01,3.214642397895014492e-01,2.909830850866672147e+00,-1.774986359161220550e-01,8.479155299301016635e-01,inf,1.000000000000000000e+00,3.499999940395355225e-01,3.499999940395355225e-01,3.499999940395355225e-01,3.499999940395355225e-01,3.499999940395355225e-01,3.499999940395355225e-01
3.339999999999743174e+00,6.247118376966326325e-01,3.201250151242772679e-01,2.914525076070126453e+00,-1.328695774750776881e-01,8.107246478958980429e-01,inf,1.000000000000000000e+00,3.499999940395355225e-01,3.499999940395355225e-01,3.499999940395355225e-01,3.499999940395355225e-01,3.499999940395355225e-01,3.499999940395355225e-01
3.359999999999740972e+00,6.138053094376240137e-01,3.197912070610089419e-01,2.895186342391645962e+00,-9.561066412143430504e-02,7.796755534345285454e-01,inf,1.000000000000000000e+00,3.499999940395355225e-01,3.499999940395355225e-01,3.499999940395355225e-01,3.499999940395355225e-01,3.499999940395355225e-01,3.499999940395355225e-01
3.379999999999738769e+00,6.032466595820688005e-01,3.207955922199311471e-01,2.861975413685754699e+00,-7.413851740902877019e-02,7.617820978408572641e-01,inf,1.000000000000000000e+00,3.499999940395355225e-01,3.499999940395355225e-01,3.499999940395355225e-01,3.499999940395355225e-01,3.499999940395355225e-01,3.499999940395355225e-01
3.399999999999736566e+00,5.935871713214713186e-01,3.229454668389624139e-01,2.824454844888478089e+00,-6.850345612400969564e-02,7.570862134366747043e-01,inf,1.000000000000000000e+00,3.499999940395355225e-01,3.499999940395355225e-01,3.499999940395355225e-01,3.499999940395355225e-01,3.499999940395355225e-01,3.499999940395355225e-01
3.419999999999734364e+00,5.850092617283642049e-01,3.258833998720390701e-01,2.787759509932352220e+00,-7.141897242164226001e-02,7.595158103513685033e-01,inf,1.000000000000000000e+00,3.499999940395355225e-01,3.499999940395355225e-01,3.499999940395355225e-01,3.499999940395355225e-01,3.499999940395355225e-01,3.499999940395355225e-01
3.439999999999732161e+00,5.773494290010877661e-01,3.292644390304485524e-01,2.752977996088832313e+00,-7.557325687006777315e-02,7.629777140583897665e-01,inf,1.000000000000000000e+00,3.499999940395355225e-01,3.499999940395355225e-01,3.499999940395355225e-01,3.499999940395355225e-01,3.499999940395355225e-01,3.499999940395355225e-01
3.459999999999729958e+00,5.703583635765913096e-01,3.328860303794972664e-01,2.718958794842886828e+00,-7.661163507813636975e-02,7.638430292317802683e-01,inf,1.000000000000000000e+00,3.499999940395355225e-01,3.499999940395355225e-01,3.499999940395355225e-01,3.499999940395355225e-01,3.499999940395355225e-01,3.499999940395355225e-01
3.479999999999727756e+00,5.638393270346780950e-01,3.367170357749496024e-01,2.684280428920448713e+00,-7.380040713846200418e-02,7.615003392820516304e-01,inf,1.000000000000000000e+00,3.499999940395355225e-01,3.499999940395355225e-01,3.499999940395355225e-01,3.499999940395355225e-01,3.499999940395355225e-01,3.499999940395355225e-01
3.499999999999725553e+00,5.577121955255526231e-01,3.408384597920034453e-01,2.648495863598153033e+00,-6.876139964985550357e-02,7.573011663748795419e-01,inf,1.000000000000000000e+00,3.499999940395355225e-01,3.499999940395355225e-01,3.499999940395355225e-01,3.499999940395355225e-01,3.499999940395355225e-01,3.499999940395355225e-01
3.519999999999723350e+00,5.520103268773302041e-01,3.453467215215649810e-01,2.612412228978359341e+00,-6.363311963751283606e-02,7.530275996979273190e-01,inf,1.000000000000000000e+00,3.499999940395355225e-01,3.499999940395355225e-01,3.499999940395355225e-01,3.499999940395355225e-01,3.499999940395355225e-01,3.499999940395355225e-01
3.539999999999721148e+00,5.468309545897062085e-01,3.502809514463265383e-01,2.577633458749070350e+00,-5.979730172157124435e-02,7.498310847679759972e-01,inf,1.000000000000000000e+00,3.499999940395355225e-01,3.499999940395355225e-01,3.499999940395355225e-01,3.499999940395355225e-01,3.499999940395355225e-01,3.499999940395355225e-01
3.559999999999718945e+00,5.422832298728504918e-01,3.556066325292656094e-01,2.545887969493485503e+00,-5.752979678346159531e-02,7.479414973195512850e-01,inf,1.000000000000000000e+00,3.499999940395355225e-01,3.499999940395355225e-01,3.499999940395355225e-01,3.499999940395355225e-01,3.499999940395355225e-01,3.499999940395355225e-01
3.579999999999716742e+00,5.384469245217078370e-01,3.612465551292564081e-01,2.518577169266199789e+00,-5.633977886975247151e-02,7.469498157247936865e-01,inf,1.000000000000000000e+00,3.499999940395355225e-01,3.499999940395355225e-01,3.499999940395355225e-01,3.499999940395355225e-01,3.499999940395355225e-01,3.499999940395355225e-01
3.599999999999714539e+00,5.353570604311435055e-01,3.671105782661800987e-01,2.496678596917479620e+00,-5.551700582358187752e-02,7.462641715196515202e-01,inf,1.000000000000000000e+00,3.499999940395355225e-01,3.499999940395355225e-01,3.499999940395355225e-01,3.499999940395355225e-01,3.499999940395355225e-01,3.499999940395355225e-01
3.619999999999712337e+00,5.330108494415504161e-01,3.731147662460582159e-01,2.480814514857959896e+00,-5.455119125590037615e-02,7.454593260465836035e-01,inf,1.000000000000000000e+00,3.499999940395355225e-01,3.499999940395355225e-01,3.499999940395355225e-01,3.499999940395355225e-01,3.499999940395355225e-01,3.499999940395355225e-01
3.639999999999710134e+00,5.313835767973675850e-01,3.791899464231938133e-01,2.471410841632807109e+00,-5.328149290032215685e-02,7.444012440836017541e-01,inf,1.000000000000000000e+00,3.499999940395355225e-01,3.499999940395355225e-01,3.499999940395355225e-01,3.499999940395355225e-01,3.499999940395355225e-01,3.499999940395355225e-01
3.659999999999707931e+00,5.304066210835142181e-01,3.853214115452735511e-01,2.467927465870889403e+00,-5.574619958678112691e-02,7.464551663223175648e-01,inf,1.000000000000000000e+00,3.499999940395355225e-01,3.499999940395355225e-01,3.499999940395355225e-01,3.293007314205169678e-01,3.499999940395355225e-01,3.499999940395355225e-01
3.679999999999705729e+00,5.300026363089244130e-01,3.915620562487495127e-01,2.467555760716353408e+00,-5.799557286438576653e-02,7.483296440536547633e-01,inf,1.000000000000000000e+00,3.499999940395355225e-01,3.499999940395355225e-01,3.499999940395355225e-01,2.422921806573867798e-01,3.499999940395355225e-01,3.499999940395355225e-01
3.699999999999703526e+00,5.301681194231362415e-01,3.978239682791153697e-01,2.464975190051214682e+00,-7.716763186216066273e-02,7.643063598851338458e-01,inf,1.000000000000000000e+00,3.463872671127319336e-01,3.499999940395355225e-01,3.161836862564086914e-01,1.762363016605377197e-01,3.499999940395355225e-01,3.499999940395355225e-01
3.719999999999701323e+00,5.308153238327668610e-01,4.037589012794263743e-01,2.454000587284766777e+00,-5.358612617514686011e-02,7.446551051459556758e-01,inf,1.000000000000000000e+00,3.240605294704437256e-01,3.499999940395355225e-01,2.823116481304168701e-01,1.504678726196289062e-01,3.499999940395355225e-01,3.499999940395355225e-01
3.739999999999699121e+00,5.324679903228404232e-01,4.097257187079622609e-01,2.453470936223708598e+00,-1.229978532613599795e-01,8.024982110511332811e-01,inf,1.000000000000000000e+00,3.499999940395355225e-01,3.499999940395355225e-01,3.391888141632080078e-01,1.893679648637771606e-01,3.499999940395355225e-01,3.499999940395355225e-01
3.759999999999696918e+00,5.330033297129339598e-01,4.143840488867818195e-01,2.433908337614331785e+00,-3.511002902131501319e-02,7.292583575177624677e-01,inf,1.000000000000000000e+00,1.527959257364273071e-01,3.400274217128753662e-01,1.345198452472686768e-01,1.318350061774253845e-02,3.499999940395355225e-01,3.499999940395355225e-01
3.779999999999694715e+00,5.341346005212236348e-01,4.192333707581354929e-01,2.423453132398212695e+00,-1.501301424474385526e-01,8.251084520395320920e-01,inf,1.000000000000000000e+00,3.499999940395355225e-01,3.499999940395355225e-01,3.499999940395355225e-01,3.499999940395355225e-01,3.499999940395355225e-01,3.499999940395355225e-01
3.799999999999692513e+00,5.344960687539435096e-01,4.233275238130695950e-01,2.400091784127996508e+00,-4.546889225351571223e-02,7.378907435445963836e-01,inf,1.000000000000000000e+00,4.745661094784736633e-02,2.318039685487747192e-01,1.078825294971466064e-01,-1.653812266886234283e-02,2.251684367656707764e-01,3.499999940395355225e-01
3.819999999999690310e+00,5.356587342129077722e-01,4.277099858706902014e-01,2.384849618971601082e+00,-1.415608056850333474e-01,8.179673380708610830e-01,inf,1.000000000000000000e+00,3.499999940395355225e-01,3.499999940395355225e-01,3.499999940395355225e-01,3.499999940395355225e-01,3.499999940395355225e-01,3.499999940395355225e-01
3.839999999999688107e+00,5.365236100469452651e-01,4.317352879405091937e-01,2.370253459514318095e+00,-3.195717829618374001e-02,7.266309819134864068e-01,inf,1.000000000000000000e+00,-1.373154204338788986e-02,1.748685985803604126e-01,1.038189232349395752e-01,-6.906876340508460999e-03,1.457797288894653320e-01,3.480304479598999023e-01
3.859999999999685905e+00,5.381406899117447962e-01,4.360858110447460856e-01,2.369845532699907498e+00,-1.541268988506513671e-01,8.284390823755427569e-01,inf,1.000000000000000000e+00,3.499999940395355225e-01,3.499999940395355225e-01,3.499999940395355225e-01,3.499999940395355225e-01,3.499999940395355225e-01,3.499999940395355225e-01
3.879999999999683702e+00,5.389443370836112246e-01,4.400215949743998545e-01,2.369480842930339115e+00,-6.138488981443952081e-02,7.511540748453662264e-01,inf,1.000000000000000000e+00,-1.474669873714447021e-01,5.258661881089210510e-02,1.042514443397521973e-01,4.662602022290229797e-02,-1.535828318446874619e-02,3.268058896064758301e-01
3.899999999999681499e+00,5.400196227975786467e-01,4.440250341284671665e-01,2.380001701020363569e+00,-1.080527157626866158e-01,7.900439298022388090e-01,inf,1.000000000000000000e+00,3.499999940395355225e-01,3.499999940395355225e-01,3.499999940395355225e-01,3.499999940395355225e-01,3.499999940395355225e-01,3.499999940395355225e-01
3.919999999999679297e+00,5.411471659731594830e-01,4.477386035857482405e-01,2.408687235547005479e+00,-2.948993820666423286e-03,7.024574948505553085e-01,inf,1.000000000000000000e+00,-1.404112726449966431e-01,5.843707919120788574e-02,1.699179559946060181e-01,1.196652054786682129e-01,-3.053030557930469513e-02,3.499999940395355225e-01
3.939999999999677094e+00,5.431298059027931391e-01,4.511606013779224655e-01,2.459837947958435578e+00,-1.308640561050954942e-01,8.090533800875795434e-01,inf,1.000000000000000000e+00,3.499999940395355225e-01,3.499999940395355225e-01,3.499999940395355225e-01,3.499999940395355225e-01,3.499999940395355225e-01,3.499999940395355225e-01
3.959999999999674891e+00,5.434104071404874947e-01,4.535977421699621814e-01,2.491763618883958031e+00,-1.973923386175551256e-02,7.164493615514628821e-01,inf,1.000000000000000000e+00,-3.095969259738922119e-01,-1.040928140282630920e-01,4.770198371261358261e-03,-3.462741617113351822e-03,-1.816725283861160278e-01,2.349446266889572144e-01
3.979999999999672688e+00,5.437829123827286892e-01,4.558588157777303529e-01,2.520093215866203717e+00,-1.238624115904524703e-01,8.032186763253770234e-01,inf,1.000000000000000000e+00,3.499999940395355225e-01,3.499999940395355225e-01,3.499999940395355225e-01,3.499999940395355225e-01,3.499999940395355225e-01,3.499999940395355225e-01
3.999999999999670486e+00,5.444122592040504527e-01,4.575403187102706770e-01,2.562216218049565786e+00,-5.599061527120667570e-02,7.466588460593388543e-01,inf,1.000000000000000000e+00,-2.060505300760269165e-01,6.220289971679449081e-03,1.392646729946136475e-01,1.049609705805778503e-01,-7.116530835628509521e-02,3.300576210021972656e-01
4.019999999999677165e+00,5.458810105426677994e-01,4.586810396475509144e-01,2.622486278670748128e+00,-1.142711092506863702e-01,7.952259243755719353e-01,inf,1.000000000000000000e+00,3.499999940395355225e-01,3.499999940395355225e-01,3.499999940395355225e-01,3.499999940395355225e-01,3.499999940395355225e-01,3.499999940395355225e-01
4.039999999999683844e+00,5.455840014673849492e-01,4.593058456910997789e-01,2.666010638820332623e+00,-3.743494838407963182e-02,6.688042096799335923e-01,inf,1.000000000000000000e+00,-3.001020252704620361e-01,-7.354838401079177856e-02,6.519299000501632690e-02,2.813409082591533661e-02,-1.655630469322204590e-01,2.577466666698455811e-01
4.059999999999690523e+00,5.453247872606076241e-01,4.597986343868273318e-01,2.707710682473741581e+00,-5.038085240387552705e-02,7.419840436698962316e-01,inf,1.000000000000000000e+00,3.499999940395355225e-01,3.499999940395355225e-01,3.499999940395355225e-01,3.499999940395355225e-01,3.499999940395355225e-01,3.499999940395355225e-01
4.079999999999697202e+00,5.456210531550058640e-01,4.588943178782488586e-01,2.767257293155760411e+00,-1.507756682022094383e-02,6.874353609831491685e-01,inf,1.000000000000000000e+00,-2.014955133199691772e-01,2.804194763302803040e-02,1.795295625925064087e-01,1.211523860692977905e-01,-6.750322133302688599e-02,3.399637937545776367e-01
4.099999999999703881e+00,5.469115886636332080e-01,4.567727640259271471e-01,2.845297781278735005e+00,-1.173961927418285950e-01,7.978301606181904537e-01,inf,1.000000000000000000e+00,3.499999940395355225e-01,3.499999940395355225e-01,3.499999940395355225e-01,3.499999940395355225e-01,3.499999940395355225e-01,3.499999940395355225e-01
4.119999999999710560e+00,5.461982315524325227e-01,4.547000090370920677e-01,2.905146350958537127e+00,-2.411466510617410464e-02,7.200955542551450428e-01,inf,1.000000000000000000e+00,-2.893521785736083984e-01,-6.539829075336456299e-02,8.369462937116622925e-02,3.580147027969360352e-02,-1.640380322933197021e-01,2.614025473594665527e-01
4.139999999999717240e+00,5.453212743563881082e-01,4.529532390540064180e-01,2.959732742292012109e+00,-2.155830968398126865e-02,7.179652580699843467e-01,inf,1.000000000000000000e+00,3.499999940395355225e-01,3.499999940395355225e-01,3.499999940395355225e-01,3.499999940395355225e-01,3.499999940395355225e-01,3.499999940395355225e-01
4.159999999999723919e+00,5.447130557975849996e-01,4.492851025040133228e-01,3.025917935167871775e+00,-7.490693501934679588e-02,6.375775541505442900e-01,inf,1.000000000000000000e+00,-1.615667641162872314e-01,7.143932580947875977e-02,2.307094037532806396e-01,1.546573638916015625e-01,-3.559725731611251831e-02,3.499999940395355225e-01
4.179999999999730598e+00,5.447473421498650881e-01,4.439972959992529722e-01,3.107236454710928797e+00,-4.022081557424117548e-03,6.966482653688131910e-01,inf,1.000000000000000000e+00,3.499999940395355225e-01,3.499999940395355225e-01,3.499999940395355225e-01,3.499999940395355225e-01,3.499999940395355225e-01,3.499999940395355225e-01
4.199999999999737277e+00,5.438811225317251585e-01,4.368755844693538171e-01,3.189555846391078919e+00,-7.851867598942842419e-02,6.345677700088095952e-01,inf,1.000000000000000000e+00,-1.231481283903121948e-01,7.502918690443038940e-02,2.944412529468536377e-01,1.879207044839859009e-01,-2.379956282675266266e-02,3.499999940395355225e-01
4.219999999999743956e+00,5.427870428381028622e-01,4.296908152438783102e-01,3.271859991826921998e+00,-8.719348874003251745e-03,7.072661240616693323e-01,inf,1.000000000000000000e+00,3.499999940395355225e-01,3.499999940395355225e-01,3.499999940395355225e-01,3.499999940395355225e-01,3.499999940395355225e-01,3.499999940395355225e-01
4.239999999999750635e+00,5.404414645260067207e-01,4.222040225770946620e-01,3.345140511082087542e+00,-4.016823246475000747e-02,6.665264729460416149e-01,inf,1.000000000000000000e+00,-8.337468653917312622e-02,9.829455614089965820e-02,3.247385025024414062e-01,2.333817034959793091e-01,2.134597674012184143e-02,3.499999940395355225e-01
4.259999999999757314e+00,5.376226705148710039e-01,4.156388347612872680e-01,3.411757220149830516e+00,-3.000360089393398766e-02,6.749969992550549636e-01,inf,1.000000000000000000e+00,3.499999940395355225e-01,3.499999940395355225e-01,3.499999940395355225e-01,3.499999940395355225e-01,3.499999940395355225e-01,3.499999940395355225e-01
4.279999999999763993e+00,5.353062499932799145e-01,4.079526861469028320e-01,3.478881826437157709e+00,-4.999869212664220797e-02,6.583344232277981156e-01,inf,1.000000000000000000e+00,1.451384276151657104e-01,3.107066750526428223e-01,3.499999940395355225e-01,3.499999940395355225e-01,2.197915017604827881e-01,3.499999940395355225e-01
4.299999999999770672e+00,5.316559000628310327e-01,3.996475041286390306e-01,3.527499786487300781e+00,-5.443047136524703511e-02,6.546412738622940930e-01,inf,1.000000000000000000e+00,3.499999940395355225e-01,3.499999940395355225e-01,3.499999940395355225e-01,3.499999940395355225e-01,3.499999940395355225e-01,3.499999940395355225e-01
4.319999999999777351e+00,5.270281452497465047e-01,3.919575738136976684e-01,3.564856314409219795e+00,-4.613622294110086841e-02,6.615531475490825652e-01,inf,1.000000000000000000e+00,3.499999940395355225e-01,3.499999940395355225e-01,3.499999940395355225e-01,3.499999940395355225e-01,3.499999940395355225e-01,3.499999940395355225e-01
4.339999999999784031e+00,5.208634836015537672e-01,3.843632209990122117e-01,3.578572329669229557e+00,-3.462093026451520256e-02,6.711492247795706190e-01,inf,1.000000000000000000e+00,3.499999940395355225e-01,3.499999940395355225e-01,3.499999940395355225e-01,3.499999940395355225e-01,3.499999940395355225e-01,3.499999940395355225e-01
4.359999999999790710e+00,5.134926603539902157e-01,3.772017319871655561e-01,3.568250582222086464e+00,-2.528463166308680954e-02,6.789294736140942810e-01,inf,1.000000000000000000e+00,3.499999940395355225e-01,3.499999940395355225e-01,3.499999940395355225e-01,3.499999940395355225e-01,3.499999940395355225e-01,3.499999940395355225e-01
4.379999999999797389e+00,5.052598879894603101e-01,3.710654595668888556e-01,3.540394449119689924e+00,-2.194076844365602103e-02,6.817160262969532702e-01,inf,1.000000000000000000e+00,3.499999940395355225e-01,3.499999940395355225e-01,3.499999940395355225e-01,3.499999940395355225e-01,3.499999940395355225e-01,3.499999940395355225e-01
4.399999999999804068e+00,4.966142783880053146e-01,3.662215532247976579e-01,3.503392290551358368e+00,-2.372900986040820184e-02,6.802258251163264546e-01,inf,1.000000000000000000e+00,3.499999940395355225e-01,3.499999940395355225e-01,3.499999940395355225e-01,3.499999940395355225e-01,3.499999940395355225e-01,3.499999940395355225e-01
4.419999999999810747e+00,4.880785297384128141e-01,3.626794194220973599e-01,3.463910122423010218e+00,-2.815501631607548669e-02,6.765374864032703828e-01,inf,1.000000000000000000e+00,3.499999940395355225e-01,3.499999940395355225e-01,3.499999940395355225e-01,3.499999940395355225e-01,3.499999940395355225e-01,3.499999940395355225e-01
4.439999999999817426e+00,4.798787525404720200e-01,3.602104453362015013e-01,3.425256509321353615e+00,-3.267295443474038663e-02,6.727725379710496334e-01,inf,1.000000000000000000e+00,3.499999940395355225e-01,3.499999940395355225e-01,3.499999940395355225e-01,3.499999940395355225e-01,3.499999940395355225e-01,3.499999940395355225e-01
4.459999999999824105e+00,4.720288130162966223e-01,3.585405572170246025e-01,3.387979502138080523e+00,-3.584515276370509734e-02,6.701290393635790377e-01,inf,1.000000000000000000e+00,3.499999940395355225e-01,3.499999940395355225e-01,3.499999940395355225e-01,3.499999940395355225e-01,3.499999940395355225e-01,3.499999940395355225e-01
4.479999999999830784e+00,4.644457612904953070e-01,3.574812916787188932e-01,3.351322146537563551e+00,-3.747395224094152155e-02,6.687717064658820210e-01,inf,1.000000000000000000e+00,3.499999940395355225e-01,3.499999940395355225e-01,3.499999940395355225e-01,3.499999940395355225e-01,3.499999940395355225e-01,3.499999940395355225e-01
4.499999999999837463e+00,4.570369551955136278e-01,3.569646114174979123e-01,3.314631977055325862e+00,-3.814843918437484799e-02,6.682096340130209144e-01,inf,1.000000000000000000e+00,3.499999940395355225e-01,3.499999940395355225e-01,3.499999940395355225e-01,3.499999940395355225e-01,3.499999940395355225e-01,3.499999940395355225e-01
4.519999999999844142e+00,4.497615848910649916e-01,3.570159997225803572e-01,3.278115425619215539e+00,-3.862522711107185813e-02,6.678123107407734071e-01,inf,1.000000000000000000e+00,3.499999940395355225e-01,3.499999940395355225e-01,3.499999940395355225e-01,3.499999940395355225e-01,3.499999940395355225e-01,3.499999940395355225e-01
4.539999999999850822e+00,4.426525049458261418e-01,3.576942137190944893e-01,3.242836610871339786e+00,-3.939854082478872616e-02,6.671678826460093470e-01,inf,1.000000000000000000e+00,3.499999940395355225e-01,3.499999940395355225e-01,3.499999940395355225e-01,3.499999940395355225e-01,3.499999940395355225e-01,3.499999940395355225e-01
4.559999999999857501e+00,4.357989642710995426e-01,3.590418086219704374e-01,3.210275217346000520e+00,-4.057016278524207958e-02,6.661915310122982214e-01,inf,1.000000000000000000e+00,3.499999940395355225e-01,3.499999940395355225e-01,3.499999940395355225e-01,3.499999940395355225e-01,3.499999940395355225e-01,3.499999940395355225e-01
4.579999999999864180e+00,4.293048638606728473e-01,3.610667627486761067e-01,3.181877803159734341e+00,-4.196651678997222884e-02,6.650279026750230971e-01,inf,1.000000000000000000e+00,3.499999940395355225e-01,3.499999940395355225e-01,3.499999940395355225e-01,3.499999940395355225e-01,3.499999940395355225e-01,3.499999940395355225e-01
4.599999999999870859e+00,4.232575918507047175e-01,3.637397842848000273e-01,3.158805629577308594e+00,-4.335067169371460000e-02,6.638744402552377855e-01,inf,1.000000000000000000e+00,3.499999940395355225e-01,3.499999940395355225e-01,3.499999940395355225e-01,3.499999940395355225e-01,3.499999940395355225e-01,3.499999940395355225e-01
4.619999999999877538e+00,4.177137359353967350e-01,3.670030929081088411e-01,3.141853288067349315e+00,-4.456144823489455870e-02,6.628654598042544865e-01,inf,1.000000000000000000e+00,3.499999940395355225e-01,3.499999940395355225e-01,3.499999940395355225e-01,3.499999940395355225e-01,3.499999940395355225e-01,3.499999940395355225e-01
4.639999999999884217e+00,4.127001974035284793e-01,3.707860965530459518e-01,3.131530955319537846e+00,-4.555746943378852915e-02,6.620354421385095112e-01,inf,1.000000000000000000e+00,3.499999940395355225e-01,3.499999940395355225e-01,3.499999940395355225e-01,3.499999940395355225e-01,3.499999940395355225e-01,3.499999940395355225e-01
4.659999999999890896e+00,4.082166568006534990e-01,3.750155627806920355e-01,3.128104419594319285e+00,-4.459859911927459286e-02,6.628345007339377926e-01,inf,1.000000000000000000e+00,3.499999940395355225e-01,3.499999940395355225e-01,3.499999940395355225e-01,3.480377197265625000e-01,3.499999940395355225e-01,3.499999940395355225e-01
4.679999999999897575e+00,4.041135952757902716e-01,3.796651815666368668e-01,3.128500865656146601e+00,-4.356962636572547787e-02,6.636919780285620574e-01,inf,1.000000000000000000e+00,3.499999940395355225e-01,3.499999940395355225e-01,3.499999940395355225e-01,2.617416083812713623e-01,3.499999940395355225e-01,3.499999940395355225e-01
4.699999999999904254e+00,4.004363423731805982e-01,3.847439168231231443e-01,3.128706008123861793e+00,-3.828915932672964650e-02,6.680923672277252479e-01,inf,1.000000000000000000e+00,3.499999940395355225e-01,3.499999940395355225e-01,3.334145843982696533e-01,2.023981362581253052e-01,3.499999940395355225e-01,3.499999940395355225e-01
4.719999999999910933e+00,3.972551177763158914e-01,3.897114173248610314e-01,3.119524538496874833e+00,-3.920502945232216124e-02,6.673291421230648224e-01,inf,1.000000000000000000e+00,3.164675831794738770e-01,3.499999940395355225e-01,2.825876474380493164e-01,1.622093766927719116e-01,3.499999940395355225e-01,3.499999940395355225e-01
4.739999999999917613e+00,3.948167896825188206e-01,3.952314839766376542e-01,3.119872824308913994e+00,-3.640047413427596051e-02,6.696662715547699873e-01,inf,1.000000000000000000e+00,3.499999940395355225e-01,3.499999940395355225e-01,3.499999940395355225e-01,2.316853702068328857e-01,3.499999940395355225e-01,3.499999940395355225e-01
4.759999999999924292e+00,3.922877221324513330e-01,3.990824286805351173e-01,3.102540297513864953e+00,-3.388897864476114741e-02,6.717591844626989994e-01,inf,1.000000000000000000e+00,1.436121910810470581e-01,3.409557640552520752e-01,1.417553424835205078e-01,3.439332172274589539e-02,3.499999940395355225e-01,3.499999940395355225e-01
4.779999999999930971e+00,3.901294003437282276e-01,4.034232772827278657e-01,3.093744245550845484e+00,-3.214882448772980045e-02,6.732093129268917897e-01,inf,1.000000000000000000e+00,3.499999940395355225e-01,3.499999940395355225e-01,3.499999940395355225e-01,3.499999940395355225e-01,3.499999940395355225e-01,3.499999940395355225e-01
4.799999999999937650e+00,3.878344865488124737e-01,4.067262591011000517e-01,3.072059518757324970e+00,-3.003045150996377227e-02,6.749746237416968109e-01,inf,1.000000000000000000e+00,4.200936108827590942e-02,2.355801314115524292e-01,1.140863671898841858e-01,7.134100887924432755e-03,2.270629554986953735e-01,3.499999940395355225e-01
4.819999999999944329e+00,3.860085344437911292e-01,4.107475153689376102e-01,3.058249453416422181e+00,-2.863019656847334143e-02,6.761415028596055032e-01,inf,1.000000000000000000e+00,3.499999940395355225e-01,3.499999940395355225e-01,3.499999940395355225e-01,3.499999940395355225e-01,3.499999940395355225e-01,3.499999940395355225e-01
4.839999999999951008e+00,3.842344329188042140e-01,4.143522328106045149e-01,3.044924883513426384e+00,-2.668939719719798376e-02,6.777588356690016358e-01,inf,1.000000000000000000e+00,-1.342336833477020264e-02,1.847923398017883301e-01,1.104197427630424500e-01,1.625733263790607452e-02,1.555363535881042480e-01,3.499999940395355225e-01
4.859999999999957687e+00,3.829293313284228284e-01,4.187336210086973765e-01,3.045922560468798945e+00,-2.525645379721486172e-02,6.789529551689875708e-01,inf,1.000000000000000000e+00,3.499999940395355225e-01,3.499999940395355225e-01,3.499999940395355225e-01,3.499999940395355225e-01,3.499999940395355225e-01,3.499999940395355225e-01
4.879999999999964366e+00,3.812780786495524876e-01,4.222092971752107182e-01,3.043863847338388773e+00,-2.989966560878878216e-02,6.750836119926759693e-01,inf,1.000000000000000000e+00,-1.484821140766143799e-01,5.696892738342285156e-02,9.416502714157104492e-02,4.998411610722541809e-02,-3.077834378927946091e-03,3.418864011764526367e-01
4.899999999999971045e+00,3.798068210652774113e-01,4.259056237860031624e-01,3.051028367904204064e+00,-3.356322092400434304e-02,6.720306492299963352e-01,inf,1.000000000000000000e+00,3.499999940395355225e-01,3.499999940395355225e-01,3.499999940395355225e-01,3.499999940395355225e-01,3.499999940395355225e-01,3.499999940395355225e-01
4.919999999999977724e+00,3.787507098654152582e-01,4.298717771978970426e-01,3.083191010575116131e+00,-2.298389263376252392e-02,6.808467561385311839e-01,inf,1.000000000000000000e+00,-1.210847049951553345e-01,8.283694088459014893e-02,1.775132864713668823e-01,1.322914808988571167e-01,-8.459910750389099121e-04,3.499999940395355225e-01
4.939999999999984404e+00,3.786542533045111347e-01,4.342441677755120022e-01,3.141605180163386191e+00,-1.575351619333695621e-02,6.868720698388858237e-01,inf,1.000000000000000000e+00,3.493344485759735107e-01,3.499999940395355225e-01,3.499999940395355225e-01,2.994677126407623291e-01,3.499999940395355225e-01,3.499999940395355225e-01
4.959999999999991083e+00,3.776810276055658777e-01,4.365629287166282735e-01,3.178602976352248088e+00,-1.068570386149207858e-02,6.910952467820898892e-01,inf,1.000000000000000000e+00,-3.249232769012451172e-01,-1.193222850561141968e-01,-2.494424767792224884e-02,-1.740195788443088531e-02,-1.885196268558502197e-01,2.268227785825729370e-01
4.979999999999997762e+00,3.767963818033019385e-01,4.386750134129605572e-01,3.210468785791392055e+00,-7.136190802179909025e-03,6.940531743315166979e-01,inf,1.000000000000000000e+00,3.499999940395355225e-01,3.499999940395355225e-01,3.499999940395355225e-01,3.499999940395355225e-01,3.499999940395355225e-01,3.499999940395355225e-01
5.000000000000004441e+00,3.760719623569260261e-01,4.401141754070052592e-01,3.247848060526292269e+00,-2.068878576629367208e-02,6.827593451947552294e-01,inf,1.000000000000000000e+00,-2.105649560689926147e-01,4.058624152094125748e-03,1.191081926226615906e-01,9.622476994991302490e-02,-6.895656883716583252e-02,3.318062424659729004e-01
5.020000000000011120e+00,3.760960177949927430e-01,4.415450186325995396e-01,3.298741463830230813e+00,-3.020519521877664676e-02,6.748290039843527488e-01,inf,1.000000000000000000e+00,3.499999940395355225e-01,3.499999940395355225e-01,3.499999940395355225e-01,3.499999940395355225e-01,3.499999940395355225e-01,3.499999940395355225e-01
5.040000000000017799e+00,3.760669791381690552e-01,4.418181700282738378e-01,3.350050953999970993e+00,-5.160697726237550680e-03,6.956994185614686632e-01,inf,1.000000000000000000e+00,-2.406753450632095337e-01,-1.016159914433956146e-02,1.277180463075637817e-01,7.749448716640472412e-02,-1.071727871894836426e-01,3.117927610874176025e-01
5.060000000000024478e+00,3.766794507671966108e-01,4.419606580222456005e-01,3.409443145809327280e+00,-1.296975886658113808e-02,7.108081323888175707e-01,inf,1.000000000000000000e+00,3.499999940395355225e-01,3.499999940395355225e-01,3.499999940395355225e-01,3.499999940395355225e-01,3.499999940395355225e-01,3.499999940395355225e-01
5.080000000000031157e+00,3.763844818076826360e-01,4.410214528415112856e-01,3.456290694752309989e+00,-3.000640992746776703e-02,6.749946583937768141e-01,inf,1.000000000000000000e+00,-2.682404518127441406e-01,-4.776740819215774536e-02,8.410031348466873169e-02,5.549571663141250610e-02,-1.293711811304092407e-01,2.905347347259521484e-01
5.100000000000037836e+00,3.762660556195103201e-01,4.400989404365013291e-01,3.503502266250742903e+00,-6.234106507738687575e-02,6.480491124355108878e-01,inf,1.000000000000000000e+00,3.499999940395355225e-01,3.499999940395355225e-01,3.499999940395355225e-01,3.499999940395355225e-01,3.499999940395355225e-01,3.499999940395355225e-01
5.120000000000044516e+00,3.782292193859339013e-01,4.381698625743674080e-01,3.573631120035784203e+00,-1.210677736008554037e-02,6.899110188665953380e-01,inf,1.000000000000000000e+00,-1.496656537055969238e-01,8.059287071228027344e-02,2.279713749885559082e-01,1.590322256088256836e-01,-2.241713181138038635e-02,3.499999940395355225e-01
5.140000000000051195e+00,3.822416425200050316e-01,4.354676217752906364e-01,3.665332079286443889e+00,-2.760876338961826271e-02,7.230073028246818412e-01,inf,1.000000000000000000e+00,3.499999940395355225e-01,3.499999940395355225e-01,3.499999940395355225e-01,3.499999940395355225e-01,3.499999940395355225e-01,3.499999940395355225e-01
5.160000000000057874e+00,3.841900250403750272e-01,4.316074893757043673e-01,3.738380610807041204e+00,-8.889347213966791034e-03,7.074077893449722820e-01,inf,1.000000000000000000e+00,-2.635027766227722168e-01,-5.243642255663871765e-02,1.134770959615707397e-01,6.209605932235717773e-02,-1.380048841238021851e-01,2.834601700305938721e-01
5.180000000000064553e+00,3.852890537351912892e-01,4.281381135431815421e-01,3.803904095190919765e+00,-1.015727701145383542e-02,6.915356024904550925e-01,inf,1.000000000000000000e+00,3.499999940395355225e-01,3.499999940395355225e-01,3.499999940395355225e-01,3.499999940395355225e-01,3.499999940395355225e-01,3.499999940395355225e-01
5.200000000000071232e+00,3.869211997484883758e-01,4.233331550369431318e-01,3.869243219223332808e+00,-3.018845635330653573e-02,6.748429530389111752e-01,inf,1.000000000000000000e+00,-1.412125378847122192e-01,8.262263238430023193e-02,2.442410886287689209e-01,1.704946607351303101e-01,-1.538325939327478409e-02,3.499999940395355225e-01
5.220000000000077911e+00,3.891482500677174716e-01,4.181388315688598922e-01,3.939715781225440416e+00,-3.874915198055299548e-02,6.677090400162057904e-01,inf,1.000000000000000000e+00,3.499999940395355225e-01,3.499999940395355225e-01,3.499999940395355225e-01,3.499999940395355225e-01,3.499999940395355225e-01,3.499999940395355225e-01
5.240000000000084590e+00,3.930084581704194613e-01,4.109806157013141670e-01,4.015631953598659543e+00,-2.636212632102860956e-02,6.780315613991427792e-01,inf,1.000000000000000000e+00,-1.038110721856355667e-02,1.833017766475677490e-01,3.499999940395355225e-01,2.844455242156982422e-01,8.040264993906021118e-02,3.499999940395355225e-01
5.260000000000091269e+00,3.970317397766573997e-01,4.030450799642426585e-01,4.090307906882788558e+00,-1.995222237294780321e-02,6.833731480225434529e-01,inf,1.000000000000000000e+00,3.499999940395355225e-01,3.499999940395355225e-01,3.499999940395355225e-01,3.499999940395355225e-01,3.499999940395355225e-01,3.499999940395355225e-01
5.280000000000097948e+00,4.008717193581829985e-01,3.941932078272506468e-01,4.159891541197786147e+00,-2.001309287751942140e-02,6.833224226020671033e-01,inf,1.000000000000000000e+00,1.587438583374023438e-01,3.056052327156066895e-01,3.499999940395355225e-01,3.499999940395355225e-01,2.125698328018188477e-01,3.499999940395355225e-01
5.300000000000104627e+00,4.029787336973615353e-01,3.844655309251039377e-01,4.207533152332300297e+00,-2.179381881218680345e-02,6.818384843231776182e-01,inf,1.000000000000000000e+00,3.499999940395355225e-01,3.499999940395355225e-01,3.499999940395355225e-01,3.499999940395355225e-01,3.499999940395355225e-01,3.499999940395355225e-01
5.320000000000111307e+00,4.035198418751957394e-01,3.751359189346775702e-01,4.243402411853542056e+00,-2.340372247436750541e-02,6.804968979380270344e-01,inf,1.000000000000000000e+00,3.499999940395355225e-01,3.499999940395355225e-01,3.499999940395355225e-01,3.499999940395355225e-01,3.499999940395355225e-01,3.499999940395355225e-01
5.340000000000117986e+00,4.026996387523224530e-01,3.653573221143530114e-01,4.256635322804538824e+00,-2.286230799391453239e-02,6.809480766717378453e-01,inf,1.000000000000000000e+00,3.499999940395355225e-01,3.499999940395355225e-01,3.499999940395355225e-01,3.499999940395355225e-01,3.499999940395355225e-01,3.499999940395355225e-01
5.360000000000124665e+00,4.007111683572490701e-01,3.552813332708703031e-01,4.246582508430793546e+00,-2.281301265577946255e-02,6.809891561201837362e-01,inf,1.000000000000000000e+00,3.499999940395355225e-01,3.499999940395355225e-01,3.499999940395355225e-01,3.499999940395355225e-01,3.499999940395355225e-01,3.499999940395355225e-01
5.380000000000131344e+00,3.976476373540880904e-01,3.453658665394785388e-01,4.218782597544192825e+00,-2.266123420972192617e-02,6.811156381585650177e-01,inf,1.000000000000000000e+00,3.499999940395355225e-01,3.499999940395355225e-01,3.499999940395355225e-01,3.499999940395355225e-01,3.499999940395355225e-01,3.499999940395355225e-01
5.400000000000138023e+00,3.938122338381185861e-01,3.361356689451215907e-01,4.181974596257047594e+00,-2.229551344437199351e-02,6.814204054630232932e-01,inf,1.000000000000000000e+00,3.499999940395355225e-01,3.499999940395355225e-01,3.499999940395355225e-01,3.499999940395355225e-01,3.499999940395355225e-01,3.499999940395355225e-01
5.420000000000144702e+00,3.894557670592017073e-01,3.279654276941080804e-01,4.142974401121358952e+00,-2.148703782722516387e-02,6.820941351439789857e-01,inf,1.000000000000000000e+00,3.499999940395355225e-01,3.499999940395355225e-01,3.499999940395355225e-01,3.499999940395355225e-01,3.499999940395355225e-01,3.499999940395355225e-01
5.440000000000151381e+00,3.847314392933406935e-01,3.208560168840192128e-01,4.105168448347918719e+00,-2.029923530000057180e-02,6.830839705833328113e-01,inf,1.000000000000000000e+00,3.499999940395355225e-01,3.499999940395355225e-01,3.499999940395355225e-01,3.499999940395355225e-01,3.499999940395355225e-01,3.499999940395355225e-01
5.460000000000158060e+00,3.797304415566353786e-01,3.146105077278448237e-01,4.068928795033438739e+00,-1.906243609049562693e-02,6.841146365912535998e-01,inf,1.000000000000000000e+00,3.499999940395355225e-01,3.499999940395355225e-01,3.499999940395355225e-01,3.499999940395355225e-01,3.499999940395355225e-01,3.499999940395355225e-01
5.480000000000164739e+00,3.744924968028421342e-01,3.090126437394845604e-01,4.033198102443702915e+00,-1.812002404740020722e-02,6.848999799604997829e-01,inf,1.000000000000000000e+00,3.499999940395355225e-01,3.499999940395355225e-01,3.499999940395355225e-01,3.499999940395355225e-01,3.499999940395355225e-01,3.499999940395355225e-01
5.500000000000171418e+00,3.690170502093642058e-01,3.039360428109815215e-01,3.997105467825049718e+00,-1.763958283240531916e-02,6.853003476396621885e-01,inf,1.000000000000000000e+00,3.499999940395355225e-01,3.499999940395355225e-01,3.499999940395355225e-01,3.499999940395355225e-01,3.499999940395355225e-01,3.499999940395355225e-01
5.520000000000178098e+00,3.632886084636897106e-01,2.993703760825745519e-01,3.960797328574689580e+00,-1.760408499170602534e-02,6.853299291735782672e-01,inf,1.000000000000000000e+00,3.499999940395355225e-01,3.499999940395355225e-01,3.499999940395355225e-01,3.499999940395355225e-01,3.499999940395355225e-01,3.499999940395355225e-01
5.540000000000184777e+00,3.573094768681849276e-01,2.953852157217884411e-01,3.925409437895759357e+00,-1.787176868606383737e-02,6.851068594282800905e-01,inf,1.000000000000000000e+00,3.499999940395355225e-01,3.499999940395355225e-01,3.499999940395355225e-01,3.499999940395355225e-01,3.499999940395355225e-01,3.499999940395355225e-01
5.560000000000191456e+00,3.511183019989071452e-01,2.920760970205875662e-01,3.892559052824200005e+00,-1.827223928993619920e-02,6.847731339250531235e-01,inf,1.000000000000000000e+00,3.499999940395355225e-01,3.499999940395355225e-01,3.499999940395355225e-01,3.499999940395355225e-01,3.499999940395355225e-01,3.499999940395355225e-01
5.580000000000198135e+00,3.447805601662947694e-01,2.895200651576894657e-01,3.863816213754117879e+00,-1.868679566648028326e-02,6.844276702779330535e-01,inf,1.000000000000000000e+00,3.499999940395355225e-01,3.499999940395355225e-01,3.499999940395355225e-01,3.499999940395355225e-01,3.499999940395355225e-01,3.499999940395355225e-01
5.600000000000204814e+00,3.383756029655859421e-01,2.877529859727919748e-01,3.840411607797214799e+00,-1.906745132702303280e-02,6.841104572274807616e-01,inf,1.000000000000000000e+00,3.499999940395355225e-01,3.499999940395355225e-01,3.499999940395355225e-01,3.499999940395355225e-01,3.499999940395355225e-01,3.499999940395355225e-01
5.620000000000211493e+00,3.319831477718645507e-01,2.867666754292848008e-01,3.823155200839776668e+00,-1.942002184167099590e-02,6.838166484652741239e-01,inf,1.000000000000000000e+00,3.499999940395355225e-01,3.499999940395355225e-01,3.499999940395355225e-01,3.499999940395355225e-01,3.499999940395355225e-01,3.499999940395355225e-01
5.640000000000218172e+00,3.256718911943945471e-01,2.865221064406118234e-01,3.812542468906547022e+00,-1.976781750143761021e-02,6.835268187488019453e-01,inf,1.000000000000000000e+00,3.499999940395355225e-01,3.499999940395355225e-01,3.499999940395355225e-01,3.499999940395355225e-01,3.499999940395355225e-01,3.499999940395355225e-01
5.660000000000224851e+00,3.194957141475089912e-01,2.869621450355130943e-01,3.808908124262568418e+00,-1.993647837561969213e-02,6.833862680203168782e-01,inf,1.000000000000000000e+00,3.499999940395355225e-01,3.499999940395355225e-01,3.499999940395355225e-01,3.499999940395355225e-01,3.499999940395355225e-01,3.499999940395355225e-01
5.680000000000231530e+00,3.133552232341182409e-01,2.879673417450938633e-01,3.809198350600095928e+00,-1.982269943672623075e-02,6.834810838027280955e-01,inf,1.000000000000000000e+00,3.499999940395355225e-01,3.499999940395355225e-01,3.499999940395355225e-01,2.704519629478454590e-01,3.499999940395355225e-01,3.499999940395355225e-01
5.700000000000238209e+00,3.072801397299865789e-01,2.895805908406209328e-01,3.810006158255856423e+00,-1.831691689590462038e-02,6.847359025867461035e-01,inf,1.000000000000000000e+00,3.499999940395355225e-01,3.499999940395355225e-01,3.395225703716278076e-01,2.179150730371475220e-01,3.499999940395355225e-01,3.499999940395355225e-01
5.720000000000244889e+00,3.016590745109077321e-01,2.914021195191032199e-01,3.802664583095968442e+00,-1.528729281419525209e-02,6.872605893215039119e-01,inf,1.000000000000000000e+00,3.159749805927276611e-01,3.499999940395355225e-01,2.911630868911743164e-01,1.794242560863494873e-01,3.499999940395355225e-01,3.499999940395355225e-01
5.740000000000251568e+00,2.962739526544068691e-01,2.940659335238831051e-01,3.804935523545023290e+00,-1.379029265186888439e-02,6.885080894567758847e-01,inf,1.000000000000000000e+00,3.499999940395355225e-01,3.499999940395355225e-01,3.499999940395355225e-01,2.435536831617355347e-01,3.499999940395355225e-01,3.499999940395355225e-01
5.760000000000258247e+00,2.918954624999632874e-01,2.952892945801146585e-01,3.787349630932248967e+00,-1.554740192689343242e-02,6.870438317275887607e-01,inf,1.000000000000000000e+00,1.254863440990447998e-01,3.297132849693298340e-01,1.354773789644241333e-01,4.635551199316978455e-02,3.453412353992462158e-01,3.499999940395355225e-01
5.780000000000264926e+00,2.875011326783022958e-01,2.971481450853934447e-01,3.777741994690069660e+00,-1.543540071985396306e-02,6.871371660667883186e-01,inf,1.000000000000000000e+00,3.499999940395355225e-01,3.499999940395355225e-01,3.499999940395355225e-01,3.499999940395355225e-01,3.499999940395355225e-01,3.499999940395355225e-01
5.800000000000271605e+00,2.836262606950534226e-01,2.982232827876497572e-01,3.756944860925934826e+00,-1.367124050649648481e-02,6.886072995779195516e-01,inf,1.000000000000000000e+00,3.542597964406013489e-02,2.364981323480606079e-01,1.126325428485870361e-01,2.234308235347270966e-02,2.287626266479492188e-01,3.499999940395355225e-01
5.820000000000278284e+00,2.796554646695177393e-01,3.001849812771082426e-01,3.744803872638225339e+00,-1.166056133597801435e-02,6.902828655533516100e-01,inf,1.000000000000000000e+00,3.499999940395355225e-01,3.499999940395355225e-01,3.499999940395355225e-01,3.499999940395355225e-01,3.499999940395355225e-01,3.499999940395355225e-01
5.840000000000284963e+00,2.760528286785596808e-01,3.017008458674670379e-01,3.729831464006331032e+00,-1.862143057512417529e-02,6.844821411873964756e-01,inf,1.000000000000000000e+00,-3.214389830827713013e-02,1.730981469154357910e-01,9.640996158123016357e-02,2.159155532717704773e-02,1.476178169250488281e-01,3.499999940395355225e-01
5.860000000000291642e+00,2.723686578239625788e-01,3.039745055893838810e-01,3.726055531978458291e+00,-2.337038737183156842e-02,6.805246771901403147e-01,inf,1.000000000000000000e+00,3.499999940395355225e-01,3.499999940395355225e-01,3.499999940395355225e-01,3.499999940395355225e-01,3.499999940395355225e-01,3.499999940395355225e-01
5.880000000000298321e+00,2.688810780214924701e-01,3.056417248742274717e-01,3.725652037554562757e+00,-1.242975659032081667e-02,6.896418695080659411e-01,inf,1.000000000000000000e+00,-1.078743264079093933e-01,1.030172407627105713e-01,1.179951056838035583e-01,7.493284344673156738e-02,4.736504331231117249e-02,3.499999940395355225e-01
5.900000000000305000e+00,2.653693831728560770e-01,3.078623739291769246e-01,3.740473635645058970e+00,-4.561557508961033847e-03,6.961987020758657607e-01,inf,1.000000000000000000e+00,3.499999940395355225e-01,3.499999940395355225e-01,3.499999940395355225e-01,3.499999940395355225e-01,3.499999940395355225e-01,3.499999940395355225e-01
5.920000000000311680e+00,2.622578206005869994e-01,3.093752658454085314e-01,3.757922872968976424e+00,-4.270364466355997674e-02,6.644136294470333048e-01,inf,1.000000000000000000e+00,-1.655201315879821777e-01,3.950700163841247559e-02,1.210150793194770813e-01,9.471829235553741455e-02,-3.500364720821380615e-02,3.487348556518554688e-01
5.940000000000318359e+00,2.593705948268121841e-01,3.114494404692382812e-01,3.789390100012901552e+00,-7.067079128855095760e-02,6.411076739262074886e-01,inf,1.000000000000000000e+00,3.499999940395355225e-01,3.499999940395355225e-01,3.499999940395355225e-01,3.499999940395355225e-01,3.499999940395355225e-01,3.499999940395355225e-01
5.960000000000325038e+00,2.569695484313300748e-01,3.126879823208650322e-01,3.818107806672099258e+00,-6.134298017303504991e-02,6.488808498558040760e-01,inf,1.000000000000000000e+00,-2.100919932126998901e-01,-3.347255755215883255e-03,9.291148185729980469e-02,7.703126966953277588e-02,-7.648134231567382812e-02,3.240306675434112549e-01
5.980000000000331717e+00,2.548552757149341597e-01,3.143890021681925440e-01,3.856190641210797576e+00,-5.527205168195457180e-02,6.539399569317044802e-01,inf,1.000000000000000000e+00,3.499999940395355225e-01,3.499999940395355225e-01,3.499999940395355225e-01,3.499999940395355225e-01,3.499999940395355225e-01,3.499999940395355225e-01
6.000000000000338396e+00,2.531858945204331079e-01,3.151999986040882051e-01,3.891289290635369991e+00,-6.526959051837692705e-02,6.456086745680191807e-01,inf,1.000000000000000000e+00,-2.365272343158721924e-01,-2.284988388419151306e-02,7.866360247135162354e-02,6.711573898792266846e-02,-9.181965142488479614e-02,3.138908445835113525e-01
6.020000000000345075e+00,2.518976241377205993e-01,3.163576269649125416e-01,3.934832411610496017e+00,-7.329879730347088618e-02,6.389176689137742171e-01,inf,1.000000000000000000e+00,3.499999940395355225e-01,3.499999940395355225e-01,3.499999940395355225e-01,3.499999940395355225e-01,3.499999940395355225e-01,3.499999940395355225e-01
6.040000000000351754e+00,2.513078179099107468e-01,3.168837575308036669e-01,3.982127912587150931e+00,-7.520041917194299208e-02,6.373329840233807886e-01,inf,1.000000000000000000e+00,-2.337277233600616455e-01,-1.193689182400703430e-02,1.030034348368644714e-01,7.738754153251647949e-02,-8.874429017305374146e-02,3.204270303249359131e-01
6.060000000000358433e+00,2.513790515250294844e-01,3.177767640660073001e-01,4.040080383544238707e+00,-7.660453873090053434e-02,6.361628843909161724e-01,inf,1.000000000000000000e+00,3.499999940395355225e-01,3.499999940395355225e-01,3.499999940395355225e-01,3.499999940395355225e-01,3.499999940395355225e-01,3.499999940395355225e-01
6.080000000000365112e+00,2.519006406977450374e-01,3.174532274591217451e-01,4.092176663294583072e+00,-6.423300894516494053e-02,6.464724925456958315e-01,inf,1.000000000000000000e+00,-2.490914016962051392e-01,-2.672765403985977173e-02,9.808323532342910767e-02,6.699393689632415771e-02,-1.086987182497978210e-01,3.070708513259887695e-01
6.100000000000371791e+00,2.528048935287187660e-01,3.172804112905296403e-01,4.148240859906493938e+00,-5.508383597235182172e-02,6.540968033563734352e-01,inf,1.000000000000000000e+00,3.499999940395355225e-01,3.499999940395355225e-01,3.499999940395355225e-01,3.499999940395355225e-01,3.499999940395355225e-01,3.499999940395355225e-01
6.120000000000378471e+00,2.551056896145743047e-01,3.167905244823333577e-01,4.213688433550463408e+00,-7.331658453524889096e-02,6.389028462206258752e-01,inf,1.000000000000000000e+00,-1.839717924594879150e-01,4.141680523753166199e-02,1.772505044937133789e-01,1.241111904382705688e-01,-5.271207541227340698e-02,3.499999940395355225e-01
6.140000000000385150e+00,2.586077566039631237e-01,3.167144496718167224e-01,4.291830435366674301e+00,-8.794384058378464097e-02,6.267134661801794238e-01,inf,1.000000000000000000e+00,3.499999940395355225e-01,3.499999940395355225e-01,3.499999940395355225e-01,3.499999940395355225e-01,3.499999940395355225e-01,3.499999940395355225e-01
6.160000000000391829e+00,2.621093048517013635e-01,3.149658371157183501e-01,4.359182968972383776e+00,-8.813022475917815790e-02,6.265581460340181597e-01,inf,1.000000000000000000e+00,-2.169816792011260986e-01,-2.100781304761767387e-03,1.553693413734436035e-01,1.011896282434463501e-01,-9.054801613092422485e-02,3.234360218048095703e-01
6.180000000000398508e+00,2.654675307771887649e-01,3.131964851655884008e-01,4.425507945798818454e+00,-8.599420371827966314e-02,6.283381635681002386e-01,inf,1.000000000000000000e+00,3.499999940395355225e-01,3.499999940395355225e-01,3.499999940395355225e-01,3.499999940395355225e-01,3.499999940395355225e-01,3.499999940395355225e-01
6.200000000000405187e+00,2.702598267326413173e-01,3.107304440309007765e-01,4.493004417245824555e+00,-8.360248332083268508e-02,6.303312638993060490e-01,inf,1.000000000000000000e+00,-1.306178122758865356e-01,8.258351683616638184e-02,2.507103085517883301e-01,1.794057190418243408e-01,-1.076819840818643570e-02,3.499999940395355225e-01
6.220000000000411866e+00,2.756657192600333595e-01,3.083676611774979204e-01,4.564921537211588110e+00,-8.267005097321807050e-02,6.311082908556515658e-01,inf,1.000000000000000000e+00,3.499999940395355225e-01,3.499999940395355225e-01,3.499999940395355225e-01,3.499999940395355225e-01,3.499999940395355225e-01,3.499999940395355225e-01
6.240000000000418545e+00,2.826944013973262115e-01,3.053337586916057278e-01,4.637683478294494677e+00,-9.051521012978928915e-02,6.245706582251755457e-01,inf,1.000000000000000000e+00,-5.396796017885208130e-02,1.439955979585647583e-01,3.449991047382354736e-01,2.475353032350540161e-01,4.915889352560043335e-02,3.499999940395355225e-01
6.260000000000425224e+00,2.897050975955712815e-01,3.021991053758822376e-01,4.709752948892288238e+00,-8.761587482734846388e-02,6.269867709772095621e-01,inf,1.000000000000000000e+00,3.499999940395355225e-01,3.499999940395355225e-01,3.499999940395355225e-01,3.499999940395355225e-01,3.499999940395355225e-01,3.499999940395355225e-01
6.280000000000431903e+00,2.969695551354030738e-01,2.980993212789395663e-01,4.775764540332724906e+00,-9.822025603396319915e-02,6.181497866383639517e-01,inf,1.000000000000000000e+00,6.259045004844665527e-02,2.411017864942550659e-01,3.499999940395355225e-01,3.262066841125488281e-01,1.537521481513977051e-01,3.499999940395355225e-01
6.300000000000438583e+00,3.034563366964487807e-01,2.923766682127575400e-01,4.821524994032792222e+00,-9.338209420982898634e-02,6.221815881584757957e-01,inf,1.000000000000000000e+00,3.499999940395355225e-01,3.499999940395355225e-01,3.499999940395355225e-01,3.499999940395355225e-01,3.499999940395355225e-01,3.499999940395355225e-01
6.320000000000445262e+00,3.090498969123275930e-01,2.867646581042182508e-01,4.864889340275606600e+00,-8.171261066682097840e-02,6.319061577776491356e-01,inf,1.000000000000000000e+00,3.499999940395355225e-01,3.499999940395355225e-01,3.499999940395355225e-01,3.499999940395355225e-01,3.499999940395355225e-01,3.499999940395355225e-01
6.340000000000451941e+00,3.145876882822439824e-01,2.798403703278050658e-01,4.887274748077806485e+00,-7.271996198809156653e-02,6.394000316765903191e-01,inf,1.000000000000000000e+00,3.499999940395355225e-01,3.499999940395355225e-01,3.499999940395355225e-01,3.499999940395355225e-01,3.499999940395355225e-01,3.499999940395355225e-01
6.360000000000458620e+00,3.199011630654912119e-01,2.715454385895298417e-01,4.882924634833439193e+00,-6.794444352714208712e-02,6.433796303940482186e-01,inf,1.000000000000000000e+00,3.499999940395355225e-01,3.499999940395355225e-01,3.499999940395355225e-01,3.499999940395355225e-01,3.499999940395355225e-01,3.499999940395355225e-01
6.380000000000465299e+00,3.243082904379032683e-01,2.623715944727432747e-01,4.857045118287312668e+00,-6.810951573551324301e-02,6.432420702204055818e-01,inf,1.000000000000000000e+00,3.499999940395355225e-01,3.499999940395355225e-01,3.499999940395355225e-01,3.499999940395355225e-01,3.499999940395355225e-01,3.499999940395355225e-01
6.400000000000471978e+00,3.273095531642705724e-01,2.528239940588044021e-01,4.818689677514568892e+00,-7.125515096656775960e-02,6.406207075278601559e-01,inf,1.000000000000000000e+00,3.499999940395355225e-01,3.499999940395355225e-01,3.499999940395355225e-01,3.499999940395355225e-01,3.499999940395355225e-01,3.499999940395355225e-01
6.420000000000478657e+00,3.288656441402375008e-01,2.435272761999515145e-01,4.776569500478871966e+00,-7.529437533839641872e-02,6.372546872180029354e-01,inf,1.000000000000000000e+00,3.499999940395355225e-01,3.499999940395355225e-01,3.499999940395355225e-01,3.499999940395355225e-01,3.499999940395355225e-01,3.499999940395355225e-01
6.440000000000485336e+00,3.292263136925430156e-01,2.348016256382586819e-01,4.735542474821175851e+00,-7.882583898122542954e-02,6.343118008489787574e-01,inf,1.000000000000000000e+00,3.499999940395355225e-01,3.499999940395355225e-01,3.499999940395355225e-01,3.499999940395355225e-01,3.499999940395355225e-01,3.499999940395355225e-01
6.460000000000492015e+00,3.287481359812176041e-01,2.266626165022470607e-01,4.696786458900708894e+00,-8.130737080728209221e-02,6.322438576605982075e-01,inf,1.000000000000000000e+00,3.499999940395355225e-01,3.499999940395355225e-01,3.499999940395355225e-01,3.499999940395355225e-01,3.499999940395355225e-01,3.499999940395355225e-01
6.480000000000498694e+00,3.277004333738994246e-01,2.189963330008272147e-01,4.659400486459511548e+00,-8.285554891266734556e-02,6.309537092394438274e-01,inf,1.000000000000000000e+00,3.499999940395355225e-01,3.499999940395355225e-01,3.499999940395355225e-01,3.499999940395355225e-01,3.499999940395355225e-01,3.499999940395355225e-01
6.500000000000505374e+00,3.261995123036985356e-01,2.116793012296853682e-01,4.622260516835609678e+00,-8.389818555960161517e-02,6.300848453669986027e-01,inf,1.000000000000000000e+00,3.499999940395355225e-01,3.499999940395355225e-01,3.499999940395355225e-01,3.499999940395355225e-01,3.499999940395355225e-01,3.499999940395355225e-01
6.520000000000512053e+00,3.242335933346405796e-01,2.046530568466191635e-01,4.585148783891541235e+00,-8.483741881654872918e-02,6.293021509862093410e-01,inf,1.000000000000000000e+00,3.499999940395355225e-01,3.499999940395355225e-01,3.499999940395355225e-01,3.499999940395355225e-01,3.499999940395355225e-01,3.499999940395355225e-01
6.540000000000518732e+00,3.217394695181466924e-01,1.979461391108831014e-01,4.548938993107531026e+00,-8.588944096009476503e-02,6.284254658665876514e-01,inf,1.000000000000000000e+00,3.499999940395355225e-01,3.499999940395355225e-01,3.499999940395355225e-01,3.499999940395355225e-01,3.499999940395355225e-01,3.499999940395355225e-01
6.560000000000525411e+00,3.186724942849650799e-01,1.916498385673333082e-01,4.515152586276218294e+00,-8.707382426015475296e-02,6.274384797832043281e-01,inf,1.000000000000000000e+00,3.499999940395355225e-01,3.499999940395355225e-01,3.499999940395355225e-01,3.499999940395355225e-01,3.499999940395355225e-01,3.499999940395355225e-01
6.580000000000532090e+00,3.150331032215200611e-01,1.858725555441589350e-01,4.485398574935657301e+00,-8.829726943432682218e-02,6.264189421380609302e-01,inf,1.000000000000000000e+00,3.499999940395355225e-01,3.499999940395355225e-01,3.499999940395355225e-01,3.499999940395355225e-01,3.499999940395355225e-01,3.499999940395355225e-01
6.600000000000538769e+00,3.108660876188837352e-01,1.807015490031517180e-01,4.460995798862631645e+00,-8.945425965122022482e-02,6.254547836239831016e-01,inf,1.000000000000000000e+00,3.499999940395355225e-01,3.499999940395355225e-01,3.499999940395355225e-01,3.499999940395355225e-01,3.499999940395355225e-01,3.499999940395355225e-01
6.620000000000545448e+00,3.062456714888476261e-01,1.761832534331595479e-01,4.442826906795022346e+00,-9.048131858051679244e-02,6.245989011829026216e-01,inf,1.000000000000000000e+00,3.499999940395355225e-01,3.499999940395355225e-01,3.499999940395355225e-01,3.499999940395355225e-01,3.499999940395355225e-01,3.499999940395355225e-01
6.640000000000552127e+00,3.012542778951916023e-01,1.723256800441758108e-01,4.431417066003287886e+00,-9.136965067608060487e-02,6.238586244365994515e-01,inf,1.000000000000000000e+00,3.499999940395355225e-01,3.499999940395355225e-01,3.499999940395355225e-01,3.499999940395355225e-01,3.499999940395355225e-01,3.499999940395355225e-01
6.660000000000558806e+00,2.959699265316766414e-01,1.691090456206072457e-01,4.427079458820887936e+00,-9.217258780522508133e-02,6.231895101623123878e-01,inf,1.000000000000000000e+00,3.499999940395355225e-01,3.499999940395355225e-01,3.499999940395355225e-01,3.497336506843566895e-01,3.499999940395355225e-01,3.499999940395355225e-01
6.680000000000565485e+00,2.903832033271672164e-01,1.663770658060311769e-01,4.426763476507576733e+00,-9.276479161349655833e-02,6.226960069887528260e-01,inf,1.000000000000000000e+00,3.499999940395355225e-01,3.499999940395355225e-01,3.499999940395355225e-01,2.725058794021606445e-01,3.499999940395355225e-01,3.499999940395355225e-01
6.700000000000572165e+00,2.845012703036408075e-01,1.641786999917700385e-01,4.427046275509111339e+00,-9.325032007656183786e-02,6.222913999361984194e-01,inf,1.000000000000000000e+00,3.497134149074554443e-01,3.499999940395355225e-01,3.388808965682983398e-01,2.239306271076202393e-01,3.499999940395355225e-01,3.499999940395355225e-01
6.720000000000578844e+00,2.788931647318332319e-01,1.624032400100861029e-01,4.419808698362940547e+00,-9.242218874864360778e-02,6.229815093761302824e-01,inf,1.000000000000000000e+00,3.137164711952209473e-01,3.499999940395355225e-01,2.966546416282653809e-01,1.906332075595855713e-01,3.499999940395355225e-01,3.499999940395355225e-01
6.740000000000585523e+00,2.729921103754629486e-01,1.614304263177047671e-01,4.422886534464186781e+00,-9.143756993822357848e-02,6.238020250514803022e-01,inf,1.000000000000000000e+00,3.499999940395355225e-01,3.499999940395355225e-01,3.499999940395355225e-01,2.515048682689666748e-01,3.499999940395355225e-01,3.499999940395355225e-01
6.760000000000592202e+00,2.688030535441902069e-01,1.598128635634963324e-01,4.403920326994885670e+00,-9.522965652730915054e-02,6.206419528939089991e-01,inf,1.000000000000000000e+00,1.057652533054351807e-01,3.142665028572082520e-01,1.281414926052093506e-01,5.250940471887588501e-02,3.302907645702362061e-01,3.499999940395355225e-01
6.780000000000598881e+00,2.642000857733595720e-01,1.587336158584703449e-01,4.392370120365796993e+00,-9.585661028247116633e-02,6.201194914312739837e-01,inf,1.000000000000000000e+00,3.499999940395355225e-01,3.499999940395355225e-01,3.499999940395355225e-01,3.499999940395355225e-01,3.499999940395355225e-01,3.499999940395355225e-01
6.800000000000605560e+00,2.603596643315440051e-01,1.574159628528859489e-01,4.372365012900386816e+00,-9.365447576100383031e-02,6.219546035324967637e-01,inf,1.000000000000000000e+00,3.205569833517074585e-02,2.390682399272918701e-01,1.134350895881652832e-01,3.393288329243659973e-02,2.302995324134826660e-01,3.499999940395355225e-01
6.820000000000612239e+00,2.559032202961079583e-01,1.567806699682340321e-01,4.362338412208290883e+00,-9.110780602275893314e-02,6.240768283143675044e-01,inf,1.000000000000000000e+00,3.499999940395355225e-01,3.499999940395355225e-01,3.499999940395355225e-01,3.499999940395355225e-01,3.499999940395355225e-01,3.499999940395355225e-01
6.840000000000618918e+00,2.521658606922815848e-01,1.558837230763034931e-01,4.346156611116837709e+00,-9.642037891367953584e-02,6.196496842386003401e-01,inf,1.000000000000000000e+00,-5.443768203258514404e-02,1.570141911506652832e-01,8.392971754074096680e-02,2.561757527291774750e-02,1.324547529220581055e-01,3.499999940395355225e-01
6.860000000000625597e+00,2.480016250671589484e-01,1.554966564958079056e-01,4.338758267807813596e+00,-1.000098667688679860e-01,6.166584443592766362e-01,inf,1.000000000000000000e+00,3.499999940395355225e-01,3.499999940395355225e-01,3.499999940395355225e-01,3.499999940395355225e-01,3.499999940395355225e-01,3.499999940395355225e-01
6.880000000000632276e+00,2.437577495946748884e-01,1.552462172310484778e-01,4.347133690357314784e+00,-7.641574868904456308e-02,6.363202094257961461e-01,inf,1.000000000000000000e+00,-7.492363452911376953e-02,1.404788047075271606e-01,1.368326395750045776e-01,9.425584971904754639e-02,8.785093575716018677e-02,3.499999940395355225e-01
6.900000000000638956e+00,2.389712587718120229e-01,1.557370878747392773e-01,4.378333133076560024e+00,-5.983402900617322551e-02,6.501383091615222654e-01,inf,1.000000000000000000e+00,3.499999940395355225e-01,3.499999940395355225e-01,3.499999940395355225e-01,3.499999940395355225e-01,3.499999940395355225e-01,3.499999940395355225e-01
6.920000000000645635e+00,2.355949915253411353e-01,1.552974800591369053e-01,4.393338558641061375e+00,-8.401687329572644913e-02,6.299859389202279170e-01,inf,1.000000000000000000e+00,-2.505654692649841309e-01,-4.456510394811630249e-02,2.688735537230968475e-02,2.843894436955451965e-02,-1.039474084973335266e-01,2.939358353614807129e-01
6.940000000000652314e+00,2.323064328867102679e-01,1.550359820766618046e-01,4.407728205125366117e+00,-1.017780218572879453e-01,6.151849817855933322e-01,inf,1.000000000000000000e+00,3.499999940395355225e-01,3.499999940395355225e-01,3.499999940395355225e-01,3.499999940395355225e-01,3.499999940395355225e-01,3.499999940395355225e-01
6.960000000000658993e+00,2.287455559476787026e-01,1.556563592267798946e-01,4.451234938737293589e+00,-5.484571503399972986e-02,6.542952374716668462e-01,inf,1.000000000000000000e+00,-1.392502933740615845e-01,7.368787378072738647e-02,1.457984745502471924e-01,1.237785741686820984e-01,8.299552835524082184e-03,3.499999940395355225e-01
6.980000000000665672e+00,2.252287659035296929e-01,1.574459555057045046e-01,4.522368860295636672e+00,-2.050789611086503011e-02,6.829100865742790960e-01,inf,1.000000000000000000e+00,2.893243134021759033e-01,3.499999940395355225e-01,3.499999940395355225e-01,3.144002258777618408e-01,3.499999940395355225e-01,3.499999940395355225e-01
7.000000000000672351e+00,2.234755628119000082e-01,1.574255402876411081e-01,4.569812816263601363e+00,-2.516445839046257266e-02,6.790296180079478106e-01,inf,1.000000000000000000e+00,-3.194745481014251709e-01,-1.075496077537536621e-01,-1.459066290408372879e-02,-7.993932813405990601e-03,-1.722908765077590942e-01,2.439977973699569702e-01
7.020000000000679030e+00,2.220029475202829339e-01,1.572568116365836710e-01,4.610286616994965669e+00,-2.820482782894124726e-02,6.764959768092155823e-01,inf,1.000000000000000000e+00,3.499999940395355225e-01,3.499999940395355225e-01,3.499999940395355225e-01,3.499999940395355225e-01,3.499999940395355225e-01,3.499999940395355225e-01
7.040000000000685709e+00,2.214471365072058773e-01,1.571560090028533141e-01,4.658118380823421667e+00,-2.353208477346653213e-02,6.803899293554445116e-01,inf,1.000000000000000000e+00,-2.042389810085296631e-01,1.329256594181060791e-02,1.075705438852310181e-01,9.386229515075683594e-02,-5.065072327852249146e-02,3.422590494155883789e-01
7.060000000000692388e+00,2.213522646637697822e-01,1.578507592408517901e-01,4.719822217163311961e+00,-1.903664225907566315e-02,6.841361314507702351e-01,inf,1.000000000000000000e+00,3.499999940395355225e-01,3.499999940395355225e-01,3.499999940395355225e-01,3.499999940395355225e-01,3.499999940395355225e-01,3.499999940395355225e-01
7.080000000000699067e+00,2.225818375213842182e-01,1.582887534698437237e-01,4.783526205619080152e+00,-2.133590081142333617e-03,7.017779917342852336e-01,inf,1.000000000000000000e+00,-2.110048085451126099e-01,1.348475180566310883e-02,1.389201283454895020e-01,9.297956526279449463e-02,-7.663060724735260010e-02,3.339466750621795654e-01
7.100000000000705747e+00,2.242440450152084486e-01,1.593709546510847508e-01,4.854758463616808406e+00,-1.787513411669161556e-02,7.148959450972429686e-01,inf,1.000000000000000000e+00,3.499999940395355225e-01,3.499999940395355225e-01,3.499999940395355225e-01,3.499999940395355225e-01,3.499999940395355225e-01,3.499999940395355225e-01
7.120000000000712426e+00,2.266188882272420768e-01,1.591289970400642240e-01,4.913071648533979818e+00,-1.062142035366657640e-02,6.911488163719444744e-01,inf,1.000000000000000000e+00,-2.333339899778366089e-01,-1.757213845849037170e-02,1.037845611572265625e-01,7.585132122039794922e-02,-9.523749351501464844e-02,3.165357112884521484e-01
7.140000000000719105e+00,2.289261848878106909e-01,1.588849290456070262e-01,4.970409062471493833e+00,-3.261198498490597980e-02,6.728233458459116356e-01,inf,1.000000000000000000e+00,3.499999940395355225e-01,3.499999940395355225e-01,3.499999940395355225e-01,3.499999940395355225e-01,3.499999940395355225e-01,3.499999940395355225e-01
7.160000000000725784e+00,2.329278450412676782e-01,1.598303866424500841e-01,5.041129177590588206e+00,-6.594110561825061549e-03,6.945049078651457375e-01,inf,1.000000000000000000e+00,-1.307129859924316406e-01,8.967753499746322632e-02,2.241851836442947388e-01,1.687552779912948608e-01,7.591193425469100475e-04,3.499999940395355225e-01
7.180000000000732463e+00,2.381678713168708938e-01,1.621516758974433925e-01,5.127263721196759327e+00,-1.490094852110934731e-02,7.124174571009244117e-01,inf,1.000000000000000000e+00,3.499999940395355225e-01,3.499999940395355225e-01,3.499999940395355225e-01,3.499999940395355225e-01,3.499999940395355225e-01,3.499999940395355225e-01
7.200000000000739142e+00,2.445738947962989851e-01,1.631111175498975996e-01,5.204379504015828495e+00,-1.713819190317717941e-02,7.142818265859809390e-01,inf,1.000000000000000000e+00,-1.687752604484558105e-01,3.594450280070304871e-02,2.120015919208526611e-01,1.463225483894348145e-01,-4.915273934602737427e-02,3.499999940395355225e-01
7.220000000000745821e+00,2.504682441155861583e-01,1.634823743757011227e-01,5.277025381492325806e+00,-1.743807240614541135e-02,7.145317270051211311e-01,inf,1.000000000000000000e+00,3.499999940395355225e-01,3.499999940395355225e-01,3.499999940395355225e-01,3.499999940395355225e-01,3.499999940395355225e-01,3.499999940395355225e-01
7.240000000000752500e+00,2.576950108702076858e-01,1.640438885645502110e-01,5.347185045749293764e+00,-1.257143181931299515e-02,7.104761931827607846e-01,inf,1.000000000000000000e+00,-6.249621510505676270e-02,1.474911123514175415e-01,3.099029064178466797e-01,2.315472364425659180e-01,5.849380418658256531e-02,3.499999940395355225e-01
7.260000000000759179e+00,2.653573019146350798e-01,1.644247431648263591e-01,5.410612053587054326e+00,-4.586518256740790452e-03,6.961779014527159637e-01,inf,1.000000000000000000e+00,3.499999940395355225e-01,3.499999940395355225e-01,3.499999940395355225e-01,3.499999940395355225e-01,3.499999940395355225e-01,3.499999940395355225e-01
7.280000000000765858e+00,2.739445675310697714e-01,1.661776480405949830e-01,5.479861861330066475e+00,-1.508362823487674476e-02,7.125696901957305762e-01,inf,1.000000000000000000e+00,2.564539611339569092e-01,3.499999940395355225e-01,3.499999940395355225e-01,3.499999940395355225e-01,3.104574680328369141e-01,3.499999940395355225e-01
7.300000000000772538e+00,2.836877309094220090e-01,1.666204806480228173e-01,5.530548746665354898e+00,-8.689717180557643070e-03,7.072414309837979918e-01,inf,1.000000000000000000e+00,3.499999940395355225e-01,3.499999940395355225e-01,3.499999940395355225e-01,3.499999940395355225e-01,3.499999940395355225e-01,3.499999940395355225e-01
7.320000000000779217e+00,2.934717711411335972e-01,1.650154731319909418e-01,5.561878925462910850e+00,-1.143387157492599046e-02,6.904717736875616296e-01,inf,1.000000000000000000e+00,3.499999940395355225e-01,3.499999940395355225e-01,3.499999940395355225e-01,3.499999940395355225e-01,3.499999940395355225e-01,3.499999940395355225e-01
7.340000000000785896e+00,3.034002368724716958e-01,1.614665364366137945e-01,5.566988944926913874e+00,-3.024751439345174653e-02,6.747937380054568335e-01,inf,1.000000000000000000e+00,3.499999940395355225e-01,3.499999940395355225e-01,3.499999940395355225e-01,3.499999940395355225e-01,3.499999940395355225e-01,3.499999940395355225e-01
7.360000000000792575e+00,3.129251104822018403e-01,1.564650203158129971e-01,5.550065811274352612e+00,-4.133982002952545087e-02,6.655501499753954109e-01,inf,1.000000000000000000e+00,3.499999940395355225e-01,3.499999940395355225e-01,3.499999940395355225e-01,3.499999940395355225e-01,3.499999940395355225e-01,3.499999940395355225e-01
7.380000000000799254e+00,3.216099386080322198e-01,1.503866065256287410e-01,5.518861661216399206e+00,-4.326797601121552123e-02,6.639433533239870178e-01,inf,1.000000000000000000e+00,3.499999940395355225e-01,3.499999940395355225e-01,3.499999940395355225e-01,3.499999940395355225e-01,3.499999940395355225e-01,3.499999940395355225e-01
7.400000000000805933e+00,3.291333079082647828e-01,1.438477769201733647e-01,5.481432308179578605e+00,-3.986536231174104411e-02,6.667788647402157487e-01,inf,1.000000000000000000e+00,3.499999940395355225e-01,3.499999940395355225e-01,3.499999940395355225e-01,3.499999940395355225e-01,3.499999940395355225e-01,3.499999940395355225e-01
7.420000000000812612e+00,3.354593762883326113e-01,1.372411273806271037e-01,5.442908659657033965e+00,-3.523848239609717048e-02,6.706345980032523135e-01,inf,1.000000000000000000e+00,3.499999940395355225e-01,3.499999940395355225e-01,3.499999940395355225e-01,3.499999940395355225e-01,3.499999940395355225e-01,3.499999940395355225e-01
7.440000000000819291e+00,3.407976316696630370e-01,1.306951441876144648e-01,5.405252807378480462e+00,-3.204937146291934880e-02,6.732921904475671626e-01,inf,1.000000000000000000e+00,3.499999940395355225e-01,3.499999940395355225e-01,3.499999940395355225e-01,3.499999940395355225e-01,3.499999940395355225e-01,3.499999940395355225e-01
7.460000000000825970e+00,3.453824322585711815e-01,1.241894447656017864e-01,5.368242984724336253e+00,-3.103496287776578988e-02,6.741375309351951284e-01,inf,1.000000000000000000e+00,3.499999940395355225e-01,3.499999940395355225e-01,3.499999940395355225e-01,3.499999940395355225e-01,3.499999940395355225e-01,3.499999940395355225e-01
7.480000000000832650e+00,3.493722508330199261e-01,1.176435646739285579e-01,5.330968434475075846e+00,-3.162344343709424382e-02,6.736471304690880846e-01,inf,1.000000000000000000e+00,3.499999940395355225e-01,3.499999940395355225e-01,3.499999940395355225e-01,3.499999940395355225e-01,3.499999940395355225e-01,3.499999940395355225e-01
7.500000000000839329e+00,3.528149871557273443e-01,1.109824569955640272e-01,5.293028286383050229e+00,-3.278736836565401130e-02,6.726771930286216117e-01,inf,1.000000000000000000e+00,3.499999940395355225e-01,3.499999940395355225e-01,3.499999940395355225e-01,3.499999940395355225e-01,3.499999940395355225e-01,3.499999940395355225e-01
7.520000000000846008e+00,3.556694742406577570e-01,1.041798370255008210e-01,5.255002005204955751e+00,-3.372480893815863606e-02,6.718959925515344267e-01,inf,1.000000000000000000e+00,3.499999940395355225e-01,3.499999940395355225e-01,3.499999940395355225e-01,3.499999940395355225e-01,3.499999940395355225e-01,3.499999940395355225e-01
7.540000000000852687e+00,3.578590410670457467e-01,9.727251886997312358e-02,5.218226816074621688e+00,-3.413550020624662312e-02,6.715537498281277662e-01,inf,1.000000000000000000e+00,3.499999940395355225e-01,3.499999940395355225e-01,3.499999940395355225e-01,3.499999940395355225e-01,3.499999940395355225e-01,3.499999940395355225e-01
7.560000000000859366e+00,3.593153916407901272e-01,9.034646223390663256e-02,5.184283360951222441e+00,-3.414512754202094630e-02,6.715457270483158325e-01,inf,1.000000000000000000e+00,3.499999940395355225e-01,3.499999940395355225e-01,3.499999940395355225e-01,3.499999940395355225e-01,3.499999940395355225e-01,3.499999940395355225e-01
7.580000000000866045e+00,3.600007195040721975e-01,8.349968451732708852e-02,5.154587451598170667e+00,-3.404465162119754001e-02,6.716294569823353378e-01,inf,1.000000000000000000e+00,3.499999940395355225e-01,3.499999940395355225e-01,3.499999940395355225e-01,3.499999940395355225e-01,3.499999940395355225e-01,3.499999940395355225e-01
7.600000000000872724e+00,3.599146993822200935e-01,7.682047468716213245e-02,5.130227667681969805e+00,-3.406956250139683146e-02,6.716086979155025949e-01,inf,1.000000000000000000e+00,3.499999940395355225e-01,3.499999940395355225e-01,3.499999940395355225e-01,3.499999940395355225e-01,3.499999940395355225e-01,3.499999940395355225e-01
7.620000000000879403e+00,3.590896772692813710e-01,7.037864776509356046e-02,5.111950711248253398e+00,-3.430518837925191494e-02,6.714123430172900253e-01,inf,1.000000000000000000e+00,3.499999940395355225e-01,3.499999940395355225e-01,3.499999940395355225e-01,3.499999940395355225e-01,3.499999940395355225e-01,3.499999940395355225e-01
7.640000000000886082e+00,3.575775376290779017e-01,6.422383513981821945e-02,5.100270540519890261e+00,-3.470232868682807809e-02,6.710813927609765583e-01,inf,1.000000000000000000e+00,3.499999940395355225e-01,3.499999940395355225e-01,3.499999940395355225e-01,3.499999940395355225e-01,3.499999940395355225e-01,3.499999940395355225e-01
7.660000000000892761e+00,3.554428808144102780e-01,5.837737737742587640e-02,5.095402955439787718e+00,-3.552359063014023238e-02,6.703970078082164274e-01,inf,1.000000000000000000e+00,3.499999940395355225e-01,3.499999940395355225e-01,3.499999940395355225e-01,3.458076417446136475e-01,3.499999940395355225e-01,3.499999940395355225e-01
7.680000000000899441e+00,3.527614307299169472e-01,5.272485621255695865e-02,5.094509693231845660e+00,-3.598912976881019077e-02,6.700090585259914633e-01,inf,1.000000000000000000e+00,3.499999940395355225e-01,3.499999940395355225e-01,3.499999940395355225e-01,2.741845846176147461e-01,3.499999940395355225e-01,3.499999940395355225e-01
7.700000000000906120e+00,3.496174121550884584e-01,4.733834000165576539e-02,5.093211042539993905e+00,-3.883037463675953482e-02,6.676413544693670099e-01,inf,1.000000000000000000e+00,3.420597016811370850e-01,3.499999940395355225e-01,3.378329873085021973e-01,2.268098890781402588e-01,3.499999940395355225e-01,3.499999940395355225e-01
7.720000000000912799e+00,3.461398515439358947e-01,4.241970831357444460e-02,5.090066937928910740e+00,-2.745749752526394083e-02,6.771187520622800049e-01,inf,1.000000000000000000e+00,3.302091062068939209e-01,3.499999940395355225e-01,3.202950358390808105e-01,2.118728011846542358e-01,3.499999940395355225e-01,3.499999940395355225e-01
7.740000000000919478e+00,3.424174461130268798e-01,3.798048339399029416e-02,5.089138619513381201e+00,-4.604773198098000009e-02,6.616268900158499555e-01,inf,1.000000000000000000e+00,3.172881901264190674e-01,3.499999940395355225e-01,3.093240559101104736e-01,2.025633454322814941e-01,3.499999940395355225e-01,3.499999940395355225e-01
7.760000000000926157e+00,3.392526701524949395e-01,3.396968336740419092e-02,5.083105161416121121e+00,-3.340286441366923948e-03,7.027835720344723924e-01,inf,1.000000000000000000e+00,2.525656819343566895e-01,3.499999940395355225e-01,2.585707902908325195e-01,1.633934676647186279e-01,3.499999940395355225e-01,3.499999940395355225e-01
7.780000000000932836e+00,3.347775153967231798e-01,3.007999522975085549e-02,5.102664339977648567e+00,-2.917742219907566367e-02,7.243145184992296759e-01,inf,1.000000000000000000e+00,3.499999940395355225e-01,3.499999940395355225e-01,3.499999940395355225e-01,2.486289590597152710e-01,3.499999940395355225e-01,3.499999940395355225e-01
7.800000000000939515e+00,3.323655133322725996e-01,2.659976771255306849e-02,5.094777288668707271e+00,-3.210588100963973623e-02,7.267549008413664025e-01,inf,1.000000000000000000e+00,-1.278671771287918091e-01,7.715021073818206787e-02,-1.202191039919853210e-02,-3.474501520395278931e-02,8.107189089059829712e-02,3.369917869567871094e-01
7.820000000000946194e+00,3.295802123537519002e-01,2.334613846376826229e-02,5.087303733321721921e+00,-3.503306927467262494e-02,7.291942243955604752e-01,inf,1.000000000000000000e+00,3.499999940395355225e-01,3.499999940395355225e-01,3.499999940395355225e-01,3.499999940395355225e-01,3.499999940395355225e-01,3.499999940395355225e-01
7.840000000000952873e+00,3.272829418912722166e-01,2.035089788114108345e-02,5.076856460131295101e+00,-4.444687043184840369e-02,7.370390586932069610e-01,inf,1.000000000000000000e+00,-4.822501540184020996e-02,1.646857410669326782e-01,8.537143468856811523e-02,3.474386408925056458e-02,1.398712098598480225e-01,3.499999940395355225e-01
7.860000000000959552e+00,3.242754246756840431e-01,1.756016423302864116e-02,5.076246955976854380e+00,-5.145919430687517782e-02,7.428826619223959371e-01,inf,1.000000000000000000e+00,3.499999940395355225e-01,3.499999940395355225e-01,3.499999940395355225e-01,3.499999940395355225e-01,3.499999940395355225e-01,3.499999940395355225e-01
7.880000000000966232e+00,3.217637114601556436e-01,1.493156836785269892e-02,5.077083039969798151e+00,-2.633925750258794135e-02,7.219493812521565745e-01,inf,1.000000000000000000e+00,-1.022562906146049500e-01,1.187415570020675659e-01,1.002179384231567383e-01,7.014001160860061646e-02,7.275456190109252930e-02,3.499999940395355225e-01
7.900000000000972911e+00,3.186986553257727950e-01,1.248335164767711003e-02,5.090733007717638259e+00,-8.268622914436373622e-03,7.068905190953636009e-01,inf,1.000000000000000000e+00,3.499999940395355225e-01,3.499999940395355225e-01,3.499999940395355225e-01,3.499999940395355225e-01,3.499999940395355225e-01,3.499999940395355225e-01
7.920000000000979590e+00,3.165969311386107043e-01,1.007501967258539466e-02,5.101490084513394585e+00,-1.705221236778942107e-02,7.142101769731578065e-01,inf,1.000000000000000000e+00,-1.729826629161834717e-01,3.926859423518180847e-02,8.580387383699417114e-02,7.343477010726928711e-02,-1.653384417295455933e-02,3.499999940395355225e-01
7.940000000000986269e+00,3.142037535746640686e-01,7.885435054623746165e-03,5.122092289134653420e+00,-2.355440659712279908e-02,7.196286721642689566e-01,inf,1.000000000000000000e+00,3.499999940395355225e-01,3.499999940395355225e-01,3.499999940395355225e-01,3.499999940395355225e-01,3.499999940395355225e-01,3.499999940395355225e-01
7.960000000000992948e+00,3.119496045825158603e-01,6.168516986336247676e-03,5.157758821216444467e+00,-1.178895853227590476e-03,7.009824132110229478e-01,inf,1.000000000000000000e+00,-1.474313139915466309e-01,6.154346466064453125e-02,1.276380121707916260e-01,1.091326326131820679e-01,-4.755672067403793335e-03,3.499999940395355225e-01
7.980000000000999627e+00,3.091430499804232457e-01,5.221780061975933585e-03,5.213110538378390224e+00,-1.510520742733554266e-02,6.874123271438870031e-01,inf,1.000000000000000000e+00,3.499999940395355225e-01,3.499999940395355225e-01,3.499999940395355225e-01,3.499999940395355225e-01,3.499999940395355225e-01,3.499999940395355225e-01
8.000000000001005418e+00,3.081855133260323898e-01,3.971600260415653061e-03,5.249120760089073912e+00,-2.609502000343360065e-02,6.782541499971386223e-01,inf,1.000000000000000000e+00,-2.738490700721740723e-01,-6.442782282829284668e-02,2.062261104583740234e-02,2.295487560331821442e-02,-1.242329180240631104e-01,2.841105461120605469e-01
8.020000000000994334e+00,3.072793003887150376e-01,2.816032814784708016e-03,5.281746648121377952e+00,-3.416925770940730522e-02,6.715256185754938656e-01,inf,1.000000000000000000e+00,3.499999940395355225e-01,3.499999940395355225e-01,3.499999940395355225e-01,3.499999940395355225e-01,3.499999940395355225e-01,3.499999940395355225e-01
8.040000000000983249e+00,3.059318942269915742e-01,2.990489438228771668e-03,5.341067775369910287e+00,-3.213680293705500901e-03,6.973219330885787048e-01,inf,1.000000000000000000e+00,-1.487362384796142578e-01,7.033330947160720825e-02,1.495527029037475586e-01,1.277961730957031250e-01,3.365836804732680321e-03,3.499999940395355225e-01
8.060000000000972165e+00,3.041760515217267202e-01,4.691472943295305065e-03,5.424367303720042166e+00,-1.869907575284632598e-02,7.155825631273718956e-01,inf,1.000000000000000000e+00,3.499999940395355225e-01,3.499999940395355225e-01,3.499999940395355225e-01,3.499999940395355225e-01,3.499999940395355225e-01,3.499999940395355225e-01
8.080000000000961080e+00,3.046219616595113866e-01,5.446480235725303931e-03,5.485224707181565407e+00,-5.750486365474793624e-03,6.952079280287709606e-01,inf,1.000000000000000000e+00,-2.926823198795318604e-01,-7.750263810157775879e-02,2.713154256343841553e-02,1.821630820631980896e-02,-1.453672051429748535e-01,2.695489823818206787e-01
8.100000000000949996e+00,3.053019997441301370e-01,5.930102085959620961e-03,5.538735244720284889e+00,-2.439512247199995126e-02,6.796707312733333284e-01,inf,1.000000000000000000e+00,3.499999940395355225e-01,3.499999940395355225e-01,3.499999940395355225e-01,3.499999940395355225e-01,3.499999940395355225e-01,3.499999940395355225e-01
8.120000000000938911e+00,3.068176577624733281e-01,7.695564296255674730e-03,5.601180746631530205e+00,-9.174404271246493952e-04,7.007645336892704968e-01,inf,1.000000000000000000e+00,-1.606872081756591797e-01,6.237377226352691650e-02,1.633034050464630127e-01,1.323365718126296997e-01,-9.738979861140251160e-03,3.499999940395355225e-01
8.140000000000927827e+00,3.085030911410397425e-01,1.086233593029983791e-02,5.677679807891672148e+00,-2.215735965618370606e-02,7.184644663801530440e-01,inf,1.000000000000000000e+00,3.499999940395355225e-01,3.499999940395355225e-01,3.499999940395355225e-01,3.499999940395355225e-01,3.499999940395355225e-01,3.499999940395355225e-01
8.160000000000916742e+00,3.117764516207770509e-01,1.503796275064656074e-02,5.755773833727594102e+00,-1.962402494071975242e-02,7.163533541172664165e-01,inf,1.000000000000000000e+00,-1.469419002532958984e-01,6.751813739538192749e-02,2.215054184198379517e-01,1.547566056251525879e-01,-2.651300281286239624e-02,3.499999940395355225e-01
8.180000000000905658e+00,3.151478338993733974e-01,2.003179376805652723e-02,5.839381206866789853e+00,-1.529439009223545337e-02,7.127453250768628346e-01,inf,1.000000000000000000e+00,3.499999940395355225e-01,3.499999940395355225e-01,3.499999940395355225e-01,3.499999940395355225e-01,3.499999940395355225e-01,3.499999940395355225e-01
8.200000000000894573e+00,3.198753103317968915e-01,2.467110567201108440e-02,5.914167724525353442e+00,-1.393084240312418738e-02,7.116090353359367793e-01,inf,1.000000000000000000e+00,-1.329188197851181030e-01,7.501160353422164917e-02,2.294684797525405884e-01,1.684726625680923462e-01,-1.528051868081092834e-02,3.499999940395355225e-01
8.220000000000883489e+00,3.244984243801498636e-01,2.849962810014400327e-02,5.984392464785196708e+00,-9.845369381194579023e-03,7.082044744843287720e-01,inf,1.000000000000000000e+00,3.499999940395355225e-01,3.499999940395355225e-01,3.499999940395355225e-01,3.499999940395355225e-01,3.499999940395355225e-01,3.499999940395355225e-01
8.240000000000872404e+00,3.295847602000229748e-01,3.392819994891527191e-02,6.057871053761115121e+00,-1.940466442191177490e-02,7.161705536849264364e-01,inf,1.000000000000000000e+00,-1.492347568273544312e-02,1.935552209615707397e-01,3.342804610729217529e-01,2.622218728065490723e-01,1.108240783214569092e-01,3.499999940395355225e-01
8.260000000000861320e+00,3.353489830829226026e-01,3.976430084643384211e-02,6.124656288002531035e+00,-1.840816335746850788e-02,7.153401361312237139e-01,inf,1.000000000000000000e+00,3.499999940395355225e-01,3.499999940395355225e-01,3.499999940395355225e-01,3.499999940395355225e-01,3.499999940395355225e-01,3.499999940395355225e-01
8.280000000000850235e+00,3.411931786136823130e-01,4.643483326958230961e-02,6.194358946153545098e+00,-2.034348346602472477e-02,7.169529028883538935e-01,inf,1.000000000000000000e+00,2.855851054191589355e-01,3.499999940395355225e-01,3.499999940395355225e-01,3.499999940395355225e-01,3.429714441299438477e-01,3.499999940395355225e-01
8.300000000000839151e+00,3.489167660079365296e-01,5.254173390857985737e-02,6.243367391348483508e+00,-1.500037651542851513e-02,7.125003137628570515e-01,inf,1.000000000000000000e+00,3.499999940395355225e-01,3.499999940395355225e-01,3.499999940395355225e-01,3.499999940395355225e-01,3.499999940395355225e-01,3.499999940395355225e-01
8.320000000000828067e+00,3.581597595135441181e-01,5.721961100492911623e-02,6.268605375767536181e+00,-6.633822181112546991e-03,7.055281851509270785e-01,inf,1.000000000000000000e+00,3.499999940395355225e-01,3.499999940395355225e-01,3.499999940395355225e-01,3.499999940395355225e-01,3.499999940395355225e-01,3.499999940395355225e-01
8.340000000000816982e+00,3.684974773044040197e-01,6.040376715330114665e-02,6.267589073604979966e+00,-2.952207043511290261e-04,7.002460172536258964e-01,inf,1.000000000000000000e+00,3.499999940395355225e-01,3.499999940395355225e-01,3.499999940395355225e-01,3.499999940395355225e-01,3.499999940395355225e-01,3.499999940395355225e-01
8.360000000000805898e+00,3.792660399808018834e-01,6.206308201343030406e-02,6.246444424208442037e+00,-3.148263896334091254e-03,6.973764467530548794e-01,inf,1.000000000000000000e+00,3.499999940395355225e-01,3.499999940395355225e-01,3.499999940395355225e-01,3.499999940395355225e-01,3.499999940395355225e-01,3.499999940395355225e-01
8.380000000000794813e+00,3.898573028220775338e-01,6.243601653455166378e-02,6.213619636680068226e+00,-3.805978352706196072e-03,6.968283513727447920e-01,inf,1.000000000000000000e+00,3.499999940395355225e-01,3.499999940395355225e-01,3.499999940395355225e-01,3.499999940395355225e-01,3.499999940395355225e-01,3.499999940395355225e-01
8.400000000000783729e+00,3.996864040909148263e-01,6.188089347476061208e-02,6.176401585176745535e+00,-2.852767935929012653e-03,6.976226933867257785e-01,inf,1.000000000000000000e+00,3.499999940395355225e-01,3.499999940395355225e-01,3.499999940395355225e-01,3.499999940395355225e-01,3.499999940395355225e-01,3.499999940395355225e-01
8.420000000000772644e+00,4.086181544689707623e-01,6.069460891492534094e-02,6.138918424936916196e+00,-1.479804900906156462e-03,6.987668292492448252e-01,inf,1.000000000000000000e+00,3.499999940395355225e-01,3.499999940395355225e-01,3.499999940395355225e-01,3.499999940395355225e-01,3.499999940395355225e-01,3.499999940395355225e-01
8.440000000000761560e+00,4.167836490892544710e-01,5.905432301087665259e-02,6.102296156338367084e+00,-4.583412499890027192e-04,6.996180489583424533e-01,inf,1.000000000000000000e+00,3.499999940395355225e-01,3.499999940395355225e-01,3.499999940395355225e-01,3.499999940395355225e-01,3.499999940395355225e-01,3.499999940395355225e-01
8.460000000000750475e+00,4.243922574723478780e-01,5.702224655090387673e-02,6.065877941235425119e+00,-7.010428303586556961e-05,6.999415797641367343e-01,inf,1.000000000000000000e+00,3.499999940395355225e-01,3.499999940395355225e-01,3.499999940395355225e-01,3.499999940395355225e-01,3.499999940395355225e-01,3.499999940395355225e-01
8.480000000000739391e+00,4.316162484750381001e-01,5.457979799916429231e-02,6.028688311735439953e+00,-2.161179013185243638e-04,6.998199017489011853e-01,inf,1.000000000000000000e+00,3.499999940395355225e-01,3.499999940395355225e-01,3.499999940395355225e-01,3.499999940395355225e-01,3.499999940395355225e-01,3.499999940395355225e-01
8.500000000000728306e+00,4.385250862919319870e-01,5.167245484832749813e-02,5.990496403277116855e+00,-6.285103679915859725e-04,6.994762413600069673e-01,inf,1.000000000000000000e+00,3.499999940395355225e-01,3.499999940395355225e-01,3.499999940395355225e-01,3.499999940395355225e-01,3.499999940395355225e-01,3.499999940395355225e-01
8.520000000000717222e+00,4.450854298549611343e-01,4.825514407850800547e-02,5.952098164299958860e+00,-1.080407347875578196e-03,6.990996605434369737e-01,inf,1.000000000000000000e+00,3.499999940395355225e-01,3.499999940395355225e-01,3.499999940395355225e-01,3.499999940395355225e-01,3.499999940395355225e-01,3.499999940395355225e-01
8.540000000000706137e+00,4.512031210484780397e-01,4.432138586611084063e-02,5.914971428495358730e+00,-1.463898974859478884e-03,6.987800841876170566e-01,inf,1.000000000000000000e+00,3.499999940395355225e-01,3.499999940395355225e-01,3.499999940395355225e-01,3.499999940395355225e-01,3.499999940395355225e-01,3.499999940395355225e-01
8.560000000000695053e+00,4.567671025793015316e-01,3.990565014763408636e-02,5.880740194034800972e+00,-1.777432939060519246e-03,6.985188058841161896e-01,inf,1.000000000000000000e+00,3.499999940395355225e-01,3.499999940395355225e-01,3.499999940395355225e-01,3.499999940395355225e-01,3.499999940395355225e-01,3.499999940395355225e-01
8.580000000000683968e+00,4.616877893653303921e-01,3.506398879540972846e-02,5.850794664344321383e+00,-2.072271445209361660e-03,6.982731071289921543e-01,inf,1.000000000000000000e+00,3.499999940395355225e-01,3.499999940395355225e-01,3.499999940395355225e-01,3.499999940395355225e-01,3.499999940395355225e-01,3.499999940395355225e-01
8.600000000000672884e+00,4.659117234911823724e-01,2.986321323656854210e-02,5.826179847412500834e+00,-2.395081142895438830e-03,6.980040990475870899e-01,inf,1.000000000000000000e+00,3.499999940395355225e-01,3.499999940395355225e-01,3.499999940395355225e-01,3.499999940395355225e-01,3.499999940395355225e-01,3.499999940395355225e-01
8.620000000000661800e+00,4.694199611966598518e-01,2.437458243649182066e-02,5.807615164983271683e+00,-2.762721428578984468e-03,6.976977321428508017e-01,inf,1.000000000000000000e+00,3.499999940395355225e-01,3.499999940395355225e-01,3.499999940395355225e-01,3.499999940395355225e-01,3.499999940395355225e-01,3.499999940395355225e-01
8.640000000000650715e+00,4.722190432723162301e-01,1.866674895583447791e-02,5.795613868484611686e+00,-3.161507913510774870e-03,6.973654100720743099e-01,inf,1.000000000000000000e+00,3.499999940395355225e-01,3.499999940395355225e-01,3.499999940395355225e-01,3.499999940395355225e-01,3.499999940395355225e-01,3.499999940395355225e-01
8.660000000000639631e+00,4.743438375595256384e-01,1.279500157235463620e-02,5.790385780611475575e+00,-3.617487378134631639e-03,6.969854271848877625e-01,inf,1.000000000000000000e+00,3.499999940395355225e-01,3.499999940395355225e-01,3.499999940395355225e-01,3.452217280864715576e-01,3.499999940395355225e-01,3.499999940395355225e-01
8.680000000000628546e+00,4.759172204420408225e-01,6.725877262413304525e-03,5.789302794314039602e+00,-3.588313591982172576e-03,6.970097386733481448e-01,inf,1.000000000000000000e+00,3.499999940395355225e-01,3.499999940395355225e-01,3.499999940395355225e-01,2.789358198642730713e-01,3.499999940395355225e-01,3.499999940395355225e-01
8.700000000000617462e+00,4.769841366155924689e-01,5.956229047252570297e-04,5.787958255159741050e+00,-3.616673115225932031e-03,6.969861057373116786e-01,inf,1.000000000000000000e+00,3.393994569778442383e-01,3.499999940395355225e-01,3.416969180107116699e-01,2.311919182538986206e-01,3.499999940395355225e-01,3.499999940395355225e-01
8.720000000000606377e+00,4.774729821556099596e-01,-5.426930514198680111e-03,5.786227092813806649e+00,-5.560451821593925164e-04,6.995366290148671284e-01,inf,1.000000000000000000e+00,3.326661586761474609e-01,3.499999940395355225e-01,3.293297290802001953e-01,2.196397483348846436e-01,3.499999940395355225e-01,3.499999940395355225e-01
8.740000000000595293e+00,4.776941558070627591e-01,-1.101378224429211405e-02,5.782226226980673900e+00,-9.786831755686885639e-03,6.918443068702608834e-01,inf,1.000000000000000000e+00,2.952770888805389404e-01,3.499999940395355225e-01,2.976197004318237305e-01,1.969438493251800537e-01,3.499999940395355225e-01,3.499999940395355225e-01
8.760000000000584208e+00,4.772226855351910935e-01,-1.680773934044893503e-02,5.791855502729107208e+00,-3.182735691316955495e-02,7.265227974276412537e-01,inf,1.000000000000000000e+00,3.282146751880645752e-01,3.499999940395355225e-01,3.366754651069641113e-01,2.255745232105255127e-01,3.499999940395355225e-01,3.499999940395355225e-01
8.780000000000573124e+00,4.780029392831459667e-01,-2.093615892375272347e-02,5.771630926498710679e+00,-9.454624461774448207e-02,6.212114628185462228e-01,inf,1.000000000000000000e+00,4.347373917698860168e-02,2.623422145843505859e-01,1.028902456164360046e-01,4.907806590199470520e-02,2.726576924324035645e-01,3.499999940395355225e-01
8.800000000000562039e+00,4.780492421757865373e-01,-2.544612556003433834e-02,5.757979512862455351e+00,-6.145765894106158984e-03,7.051214715784217546e-01,inf,1.000000000000000000e+00,3.499999940395355225e-01,3.499999940395355225e-01,3.499999940395355225e-01,3.499999940395355225e-01,3.499999940395355225e-01,3.499999940395355225e-01
8.820000000000550955e+00,4.781616116692120055e-01,-2.955631427909372055e-02,5.744472769722460015e+00,-9.537966450739578106e-02,6.205169462438367978e-01,inf,1.000000000000000000e+00,2.133861929178237915e-02,2.423429489135742188e-01,1.262366026639938354e-01,5.987823754549026489e-02,2.187514156103134155e-01,3.499999940395355225e-01
8.840000000000539870e+00,4.774692004619722763e-01,-3.412150665638080671e-02,5.745121601218536433e+00,-1.809115795198410273e-02,7.150759649599867096e-01,inf,1.000000000000000000e+00,3.499999940395355225e-01,3.499999940395355225e-01,3.499999940395355225e-01,3.499999940395355225e-01,3.499999940395355225e-01,3.499999940395355225e-01
8.860000000000528786e+00,4.774663187780874285e-01,-3.786911615750621074e-02,5.736234844055784876e+00,-9.980376673072632876e-02,6.168301943910613483e-01,inf,1.000000000000000000e+00,-1.062962338328361511e-01,1.163124889135360718e-01,7.222501188516616821e-02,4.005246609449386597e-02,8.018197119235992432e-02,3.499999940395355225e-01
8.880000000000517701e+00,4.771033132478734728e-01,-4.175101697868754957e-02,5.732675089916403621e+00,-8.036003584417717241e-03,6.933033303463185248e-01,inf,1.000000000000000000e+00,3.499999940395355225e-01,3.499999940395355225e-01,3.499999940395355225e-01,3.499999940395355225e-01,3.499999940395355225e-01,3.499999940395355225e-01
8.900000000000506617e+00,4.758933224167597453e-01,-4.614528902850895120e-02,5.759152553652078232e+00,-5.789815369029249759e-02,6.517515385914228743e-01,inf,1.000000000000000000e+00,-5.491281673312187195e-02,1.651975363492965698e-01,1.555834412574768066e-01,1.190226227045059204e-01,1.097899302840232849e-01,3.499999940395355225e-01
8.920000000000495533e+00,4.735446868939481857e-01,-5.078623721107738964e-02,5.815451034048709111e+00,-8.787476153067959317e-02,7.732289679422329476e-01,inf,1.000000000000000000e+00,3.127939701080322266e-01,3.499999940395355225e-01,3.499999940395355225e-01,2.478956729173660278e-01,3.499999940395355225e-01,3.499999940395355225e-01
8.940000000000484448e+00,4.729725655545959917e-01,-5.389181913436019711e-02,5.849669160007400670e+00,-1.054175527506560038e-02,6.912152039374452883e-01,inf,1.000000000000000000e+00,-2.825387716293334961e-01,-7.508805394172668457e-02,-1.177930273115634918e-02,2.295711776241660118e-03,-1.282942146062850952e-01,2.692211568355560303e-01
8.960000000000473364e+00,4.725045392962542445e-01,-5.670411528720847860e-02,5.878612136422025181e+00,-5.926220117605302679e-02,7.493851676467108147e-01,inf,1.000000000000000000e+00,3.499999940395355225e-01,3.499999940395355225e-01,3.499999940395355225e-01,3.499999940395355225e-01,3.499999940395355225e-01,3.499999940395355225e-01
8.980000000000462279e+00,4.722204962626766478e-01,-5.889122004660019005e-02,5.916056679930906448e+00,-4.156378831862554690e-02,6.653635097344786642e-01,inf,1.000000000000000000e+00,-1.536848992109298706e-01,6.162796542048454285e-02,1.116500422358512878e-01,1.028171181678771973e-01,5.668378900736570358e-03,3.499999940395355225e-01
9.000000000000451195e+00,4.712572727655097160e-01,-6.072479509294559374e-02,5.969578161008393558e+00,-8.760613127791758159e-02,7.730051093982646115e-01,inf,1.000000000000000000e+00,3.499999940395355225e-01,3.499999940395355225e-01,3.499999940395355225e-01,3.499999940395355225e-01,3.499999940395355225e-01,3.499999940395355225e-01
9.020000000000440110e+00,4.712763962517888539e-01,-6.144659874396857235e-02,6.019063719321799510e+00,-1.194068547302835556e-02,7.099505712275235858e-01,inf,1.000000000000000000e+00,-2.017598301172256470e-01,1.463423762470483780e-02,1.042633876204490662e-01,8.143560588359832764e-02,-5.791372433304786682e-02,3.400232493877410889e-01
9.040000000000429026e+00,4.709710822124191232e-01,-6.176884801399051828e-02,6.074450089991150215e+00,-7.175267896887316255e-02,7.597938991407275910e-01,inf,1.000000000000000000e+00,3.499999940395355225e-01,3.499999940395355225e-01,3.499999940395355225e-01,3.499999940395355225e-01,3.499999940395355225e-01,3.499999940395355225e-01
9.060000000000417941e+00,4.712270979864005560e-01,-6.126241462653048142e-02,6.127698114248042671e+00,-5.025753227323073030e-02,6.581187231056410125e-01,inf,1.000000000000000000e+00,-1.885148286819458008e-01,2.310833893716335297e-02,1.075910404324531555e-01,9.365998208522796631e-02,-4.135448485612869263e-02,3.485592603683471680e-01
9.080000000000406857e+00,4.709813959738702316e-01,-6.042615697085251814e-02,6.187511541572503049e+00,-5.574583617083565812e-02,7.464548634756963397e-01,inf,1.000000000000000000e+00,3.499999940395355225e-01,3.499999940395355225e-01,3.499999940395355225e-01,3.499999940395355225e-01,3.499999940395355225e-01,3.499999940395355225e-01
9.100000000000395772e+00,4.712164757998204001e-01,-5.868641932167112385e-02,6.246269617886863301e+00,-2.687964854484685764e-02,6.776002928792942415e-01,inf,1.000000000000000000e+00,-1.773182302713394165e-01,3.665279969573020935e-02,1.279295384883880615e-01,1.096835359930992126e-01,-2.929450012743473053e-02,3.499999940395355225e-01
9.120000000000384688e+00,4.709527003173440418e-01,-5.651787357815796220e-02,6.311781827317498816e+00,-5.414589046133953115e-02,7.451215753844495637e-01,inf,1.000000000000000000e+00,3.499999940395355225e-01,3.499999940395355225e-01,3.499999940395355225e-01,3.499999940395355225e-01,3.499999940395355225e-01,3.499999940395355225e-01
9.140000000000373603e+00,4.709491434228752493e-01,-5.297404670671934657e-02,6.379702250995680224e+00,-3.908223190574364875e-02,6.674314734118802495e-01,inf,1.000000000000000000e+00,-1.486560106277465820e-01,6.586718559265136719e-02,1.806945204734802246e-01,1.439872533082962036e-01,-9.660305455327033997e-03,3.499999940395355225e-01
9.160000000000362519e+00,4.703635265497985163e-01,-4.869877256792937148e-02,6.455459480743687806e+00,-4.062551536537459956e-02,7.338545961378121207e-01,inf,1.000000000000000000e+00,3.499999940395355225e-01,3.499999940395355225e-01,3.499999940395355225e-01,3.499999940395355225e-01,3.499999940395355225e-01,3.499999940395355225e-01
9.180000000000351434e+00,4.705623273547431262e-01,-4.318988665954232031e-02,6.527382811943549967e+00,-5.655242246775329246e-02,6.528729812768722107e-01,inf,1.000000000000000000e+00,-1.328989267349243164e-01,7.664658129215240479e-02,2.158687114715576172e-01,1.656102687120437622e-01,-5.442501977086067200e-03,3.499999940395355225e-01
9.200000000000340350e+00,4.706044020179609433e-01,-3.755643163416094721e-02,6.600720203502281613e+00,-2.668828577824271589e-02,7.222402381485355516e-01,inf,1.000000000000000000e+00,3.499999940395355225e-01,3.499999940395355225e-01,3.499999940395355225e-01,3.499999940395355225e-01,3.499999940395355225e-01,3.499999940395355225e-01
9.220000000000329266e+00,4.705277219277514966e-01,-3.042026865593966400e-02,6.675508422336504211e+00,-3.874050464214832956e-02,6.677162461315430120e-01,inf,1.000000000000000000e+00,-5.110527575016021729e-02,1.595357805490493774e-01,2.977179884910583496e-01,2.333831936120986938e-01,7.048950344324111938e-02,3.499999940395355225e-01
9.240000000000318181e+00,4.703483837781287091e-01,-2.315201198406002803e-02,6.751038857171036689e+00,-2.274887059670906847e-02,7.189573921639241805e-01,inf,1.000000000000000000e+00,3.499999940395355225e-01,3.499999940395355225e-01,3.499999940395355225e-01,3.499999940395355225e-01,3.499999940395355225e-01,3.499999940395355225e-01
9.260000000000307097e+00,4.703589133458048188e-01,-1.463909386956191439e-02,6.824489458880404591e+00,-1.392123672097862405e-02,6.883989693991844350e-01,inf,1.000000000000000000e+00,5.667318776249885559e-02,2.548819482326507568e-01,3.499999940395355225e-01,3.103555738925933838e-01,1.724011898040771484e-01,3.499999940395355225e-01
9.280000000000296012e+00,4.720709203896888972e-01,-5.739867273935495007e-03,6.878704015706773589e+00,-1.524304576372168506e-02,6.872974618635652178e-01,inf,1.000000000000000000e+00,3.499999940395355225e-01,3.499999940395355225e-01,3.499999940395355225e-01,3.499999940395355225e-01,3.499999940395355225e-01,3.499999940395355225e-01
9.300000000000284928e+00,4.743260664226831569e-01,2.555426881925726423e-03,6.928765553881586214e+00,-1.221960963818511346e-02,6.898169919681790274e-01,inf,1.000000000000000000e+00,3.499999940395355225e-01,3.499999940395355225e-01,3.499999940395355225e-01,3.499999940395355225e-01,3.499999940395355225e-01,3.499999940395355225e-01
9.320000000000273843e+00,4.781386210167696271e-01,1.121396732901380755e-02,6.956823734759264077e+00,-9.032041479977203149e-03,6.924732987666856188e-01,inf,1.000000000000000000e+00,3.499999940395355225e-01,3.499999940395355225e-01,3.499999940395355225e-01,3.499999940395355225e-01,3.499999940395355225e-01,3.499999940395355225e-01
9.340000000000262759e+00,4.835053153189580177e-01,2.001848057746852261e-02,6.957587804343410731e+00,-7.996596872725270436e-03,6.933361692727288972e-01,inf,1.000000000000000000e+00,3.499999940395355225e-01,3.499999940395355225e-01,3.499999940395355225e-01,3.499999940395355225e-01,3.499999940395355225e-01,3.499999940395355225e-01
9.360000000000251674e+00,4.901349766538060093e-01,2.828076631435516575e-02,6.936391446182233800e+00,-9.109849080088893575e-03,6.924084590999258770e-01,inf,1.000000000000000000e+00,3.499999940395355225e-01,3.499999940395355225e-01,3.499999940395355225e-01,3.499999940395355225e-01,3.499999940395355225e-01,3.499999940395355225e-01
9.380000000000240590e+00,4.976378353668904353e-01,3.551571851082052644e-02,6.902180453680213823e+00,-1.109044858703489567e-02,6.907579595108042092e-01,inf,1.000000000000000000e+00,3.499999940395355225e-01,3.499999940395355225e-01,3.499999940395355225e-01,3.499999940395355225e-01,3.499999940395355225e-01,3.499999940395355225e-01
9.400000000000229505e+00,5.053942225630009277e-01,4.147451644324456899e-02,6.863336713598826577e+00,-1.288769954773130201e-02,6.892602503768905375e-01,inf,1.000000000000000000e+00,3.499999940395355225e-01,3.499999940395355225e-01,3.499999940395355225e-01,3.499999940395355225e-01,3.499999940395355225e-01,3.499999940395355225e-01
9.420000000000218421e+00,5.130326876761227561e-01,4.623826664892233262e-02,6.824589312938476482e+00,-1.411782765367734956e-02,6.882351436219354968e-01,inf,1.000000000000000000e+00,3.499999940395355225e-01,3.499999940395355225e-01,3.499999940395355225e-01,3.499999940395355225e-01,3.499999940395355225e-01,3.499999940395355225e-01
9.440000000000207336e+00,5.204429031382131754e-01,5.007580710154752035e-02,6.787131121650864962e+00,-1.494454763721742019e-02,6.875462103023187721e-01,inf,1.000000000000000000e+00,3.499999940395355225e-01,3.499999940395355225e-01,3.499999940395355225e-01,3.499999940395355225e-01,3.499999940395355225e-01,3.499999940395355225e-01
9.460000000000196252e+00,5.276732942719810637e-01,5.323801251909626719e-02,6.750084121234880996e+00,-1.567135099148648722e-02,6.869405408404278823e-01,inf,1.000000000000000000e+00,3.499999940395355225e-01,3.499999940395355225e-01,3.499999940395355225e-01,3.499999940395355225e-01,3.499999940395355225e-01,3.499999940395355225e-01
9.480000000000185167e+00,5.348353983888127772e-01,5.586262193189206471e-02,6.712259932346904989e+00,-1.648565283966281145e-02,6.862619559669476121e-01,inf,1.000000000000000000e+00,3.499999940395355225e-01,3.499999940395355225e-01,3.499999940395355225e-01,3.499999940395355225e-01,3.499999940395355225e-01,3.499999940395355225e-01
9.500000000000174083e+00,5.420190762711608601e-01,5.795912214368736937e-02,6.673333898290481514e+00,-1.742979888429379079e-02,6.854751675964217972e-01,inf,1.000000000000000000e+00,3.499999940395355225e-01,3.499999940395355225e-01,3.499999940395355225e-01,3.499999940395355225e-01,3.499999940395355225e-01,3.499999940395355225e-01
9.520000000000162999e+00,5.492448723119098819e-01,5.945685603893424709e-02,6.634114512528134888e+00,-1.844020223196980376e-02,6.846331648066917852e-01,inf,1.000000000000000000e+00,3.499999940395355225e-01,3.499999940395355225e-01,3.499999940395355225e-01,3.499999940395355225e-01,3.499999940395355225e-01,3.499999940395355225e-01
9.540000000000151914e+00,5.564585058782982596e-01,6.027262939527544550e-02,6.596153337467437261e+00,-1.941686977783665252e-02,6.838192751851360773e-01,inf,1.000000000000000000e+00,3.499999940395355225e-01,3.499999940395355225e-01,3.499999940395355225e-01,3.499999940395355225e-01,3.499999940395355225e-01,3.499999940395355225e-01
9.560000000000140830e+00,5.635557518483529371e-01,6.035304120419449081e-02,6.561148687461571427e+00,-2.028879427153422801e-02,6.830926714403880995e-01,inf,1.000000000000000000e+00,3.499999940395355225e-01,3.499999940395355225e-01,3.499999940395355225e-01,3.499999940395355225e-01,3.499999940395355225e-01,3.499999940395355225e-01
9.580000000000129745e+00,5.704270356872258585e-01,5.968424694042284706e-02,6.530527346373352415e+00,-2.104083074598714700e-02,6.824659743783439980e-01,inf,1.000000000000000000e+00,3.499999940395355225e-01,3.499999940395355225e-01,3.499999940395355225e-01,3.499999940395355225e-01,3.499999940395355225e-01,3.499999940395355225e-01
9.600000000000118661e+00,5.769823133903747570e-01,5.828896709994146885e-02,6.505326609833158358e+00,-2.170156006156367251e-02,6.819153666153635607e-01,inf,1.000000000000000000e+00,3.499999940395355225e-01,3.499999940395355225e-01,3.499999940395355225e-01,3.499999940395355225e-01,3.499999940395355225e-01,3.499999940395355225e-01
9.620000000000107576e+00,5.831582775887622638e-01,5.621621269398419107e-02,6.486235429172142020e+00,-2.231029041303309382e-02,6.814080913224723757e-01,inf,1.000000000000000000e+00,3.499999940395355225e-01,3.499999940395355225e-01,3.499999940395355225e-01,3.499999940395355225e-01,3.499999940395355225e-01,3.499999940395355225e-01
9.640000000000096492e+00,5.889165061798782297e-01,5.352679126057807713e-02,6.473738648097039139e+00,-2.289336410161362315e-02,6.809221965819886035e-01,inf,1.000000000000000000e+00,3.499999940395355225e-01,3.499999940395355225e-01,3.499999940395355225e-01,3.499999940395355225e-01,3.499999940395355225e-01,3.499999940395355225e-01
9.660000000000085407e+00,5.942391688194350596e-01,5.028670430900195054e-02,6.468239608592585732e+00,-2.300168472199817099e-02,6.808319293983348119e-01,inf,1.000000000000000000e+00,3.499999940395355225e-01,3.499999940395355225e-01,3.499999940395355225e-01,3.499999940395355225e-01,3.499999940395355225e-01,3.499999940395355225e-01
9.680000000000074323e+00,5.992398281305224561e-01,4.655426437117271554e-02,6.467432908750135212e+00,-2.232693583445670774e-02,6.813942201379526997e-01,inf,1.000000000000000000e+00,3.499999940395355225e-01,3.499999940395355225e-01,3.499999940395355225e-01,2.896388173103332520e-01,3.499999940395355225e-01,3.499999940395355225e-01
9.700000000000063238e+00,6.038913776801330124e-01,4.238974027786829302e-02,6.468066794419068621e+00,-1.860416755547946582e-02,6.844965270371003996e-01,inf,1.000000000000000000e+00,3.443130254745483398e-01,3.499999940395355225e-01,3.499999940395355225e-01,2.403407841920852661e-01,3.499999940395355225e-01,3.499999940395355225e-01
9.720000000000052154e+00,6.080691686584290823e-01,3.819256542116256092e-02,6.464833074814963609e+00,-2.508969936759766067e-02,6.790919171936685705e-01,inf,1.000000000000000000e+00,3.184736073017120361e-01,3.499999940395355225e-01,3.211588561534881592e-01,2.141861468553543091e-01,3.499999940395355225e-01,3.499999940395355225e-01
9.740000000000041069e+00,6.116967476821451033e-01,3.335846316376661624e-02,6.471181436823020938e+00,-2.734598871312865585e-03,7.022788323927606768e-01,inf,1.000000000000000000e+00,3.499999940395355225e-01,3.499999940395355225e-01,3.499999940395355225e-01,2.402133196592330933e-01,3.499999940395355225e-01,3.499999940395355225e-01
9.760000000000029985e+00,6.150815337397452787e-01,3.025478227302619283e-02,6.455808328254718731e+00,-7.997468377121279282e-02,6.333544301906559593e-01,inf,1.000000000000000000e+00,1.239420548081398010e-01,3.401153087615966797e-01,1.626124978065490723e-01,1.007219329476356506e-01,3.499999940395355225e-01,3.499999940395355225e-01
9.780000000000018900e+00,6.181634295311269067e-01,2.666054874410911379e-02,6.447473925664397143e+00,-2.046111797250431755e-02,7.170509316437535530e-01,inf,1.000000000000000000e+00,3.499999940395355225e-01,3.499999940395355225e-01,3.499999940395355225e-01,3.499999940395355225e-01,3.499999940395355225e-01,3.499999940395355225e-01
9.800000000000007816e+00,6.211147328644494037e-01,2.371737997194794945e-02,6.433878058961228774e+00,-6.710160994422399716e-02,6.440819917131466177e-01,inf,1.000000000000000000e+00,6.653410941362380981e-02,2.943586409091949463e-01,1.567244082689285278e-01,8.701091259717941284e-02,2.693216800689697266e-01,3.499999940395355225e-01
9.819999999999996732e+00,6.237804293927722288e-01,2.004047153358967659e-02,6.431273364300190920e+00,-3.385552273890399949e-02,7.282129356157532873e-01,inf,1.000000000000000000e+00,3.499999940395355225e-01,3.499999940395355225e-01,3.499999940395355225e-01,3.499999940395355225e-01,3.499999940395355225e-01,3.499999940395355225e-01
9.839999999999985647e+00,6.263446382326880446e-01,1.704909574756791057e-02,6.424076290145722901e+00,-6.844953956757739155e-02,6.429587170270187890e-01,inf,1.000000000000000000e+00,-5.130971781909465790e-03,2.208055853843688965e-01,1.266500055789947510e-01,6.621365994215011597e-02,1.811830103397369385e-01,3.499999940395355225e-01
9.859999999999974563e+00,6.285293651968890671e-01,1.317964728727366586e-02,6.431175040081339667e+00,-5.718949752766441796e-02,7.476579146063869752e-01,inf,1.000000000000000000e+00,3.499999940395355225e-01,3.499999940395355225e-01,3.499999940395355225e-01,3.499999940395355225e-01,3.499999940395355225e-01,3.499999940395355225e-01
9.879999999999963478e+00,6.307856361807495649e-01,1.034948382625078267e-02,6.430573702683723525e+00,-4.332344776862834951e-02,6.638971268594763275e-01,inf,1.000000000000000000e+00,-9.686945378780364990e-02,1.232657134532928467e-01,9.211172163486480713e-02,6.202232092618942261e-02,7.932241261005401611e-02,3.499999940395355225e-01
9.899999999999952394e+00,6.327998649959120092e-01,7.131500108063959509e-03,6.438206196353188027e+00,-4.685020577537723943e-04,7.003904183814614326e-01,inf,1.000000000000000000e+00,3.499999940395355225e-01,3.499999940395355225e-01,3.499999940395355225e-01,3.499999940395355225e-01,3.499999940395355225e-01,3.499999940395355225e-01
9.919999999999941309e+00,6.342501672731546414e-01,2.916807960016976065e-03,6.474982738527533144e+00,-8.216026263808529073e-02,6.315331144682622133e-01,inf,1.000000000000000000e+00,-7.188003510236740112e-02,1.447951346635818481e-01,1.497277766466140747e-01,1.209356784820556641e-01,8.633220940828323364e-02,3.499999940395355225e-01
9.939999999999930225e+00,6.348404474402097319e-01,-2.150875976656085875e-03,6.539109047528545382e+00,-5.970129122120244186e-02,7.497510760176686606e-01,inf,1.000000000000000000e+00,2.415900975465774536e-01,3.499999940395355225e-01,3.397475779056549072e-01,2.177843302488327026e-01,3.499999940395355225e-01,3.499999940395355225e-01
9.959999999999919140e+00,6.360621307158614846e-01,-4.790894125599909348e-03,6.578771822208890896e+00,-4.152977141530404814e-02,6.653918571539132465e-01,inf,1.000000000000000000e+00,-2.721329033374786377e-01,-6.195871904492378235e-02,-3.007192863151431084e-03,1.151596289128065109e-02,-1.127491146326065063e-01,2.794075310230255127e-01
9.979999999999908056e+00,6.372420809231461591e-01,-7.021294677389988692e-03,6.612158102097296819e+00,-3.645211104514247541e-02,7.303767592042853529e-01,inf,1.000000000000000000e+00,3.499999940395355225e-01,3.499999940395355225e-01,3.499999940395355225e-01,3.499999940395355225e-01,3.499999940395355225e-01,3.499999940395355225e-01
9.999999999999896971e+00,6.377880369438916341e-01,-8.897626998118579600e-03,6.661346241544714886e+00,-4.231657768777705858e-02,6.647361852601857413e-01,inf,1.000000000000000000e+00,-1.322350502014160156e-01,8.623921871185302734e-02,1.238053292036056519e-01,1.138991788029670715e-01,3.094169683754444122e-02,3.499999940395355225e-01
