time,x,y,yaw,reward,yaw_rate,turn_radius,steady_state,action_0,action_1,action_2,action_3,action_4,action_5
2.000000000000001082e-02,5.997876489780147313e-01,2.145893408970478422e-03,-4.216674756315245964e-02,0.000000000000000000e+00,-3.902487865717782167e+00,2.762820396839292883e-02,0.000000000000000000e+00,-2.095470577478408813e-01,-1.577610969543457031e-01,-1.579760909080505371e-01,-9.034098684787750244e-02,-9.088435024023056030e-02,-7.311601191759109497e-02
4.000000000000002859e-02,5.983666164491017181e-01,3.819621516631788172e-03,-1.152378535501098200e-01,0.000000000000000000e+00,-3.489839046525083255e+00,2.975931480330323148e-02,0.000000000000000000e+00,-1.183802634477615356e-01,-1.323416084051132202e-01,-1.328644603490829468e-01,-5.049963667988777161e-02,-4.713717103004455566e-02,-7.181415706872940063e-02
6.000000000000004635e-02,5.965258126397428029e-01,2.134641874427911645e-03,-1.614378419629171058e-01,0.000000000000000000e+00,-2.809332420217833359e+00,2.419069278402332865e-02,0.000000000000000000e+00,-1.143369972705841064e-01,-1.614368408918380737e-01,-1.405044645071029663e-01,-6.463102996349334717e-02,-3.236242383718490601e-02,-7.563906908035278320e-02
8.000000000000005718e-02,5.951895292879991750e-01,-1.092981585664676292e-03,-1.803631327840711784e-01,0.000000000000000000e+00,-2.214956513929827508e+00,2.783957498930596242e-02,0.000000000000000000e+00,-1.342383623123168945e-01,-1.797562390565872192e-01,-1.523299515247344971e-01,-8.324152976274490356e-02,-4.201795533299446106e-02,-9.319923073053359985e-02
1.000000000000000749e-01,5.944050189153655683e-01,-4.049941667307377369e-03,-1.889136818884757096e-01,0.000000000000000000e+00,-1.847958187475290615e+00,3.737607021647830485e-02,0.000000000000000000e+00,-1.767938435077667236e-01,-1.852730512619018555e-01,-1.543740928173065186e-01,-1.111321523785591125e-01,-6.704593449831008911e-02,-9.005960822105407715e-02
1.200000000000000927e-01,5.939179289097058501e-01,-6.036755837227014698e-03,-1.971662792065375647e-01,0.000000000000000000e+00,-1.604704154697196961e+00,4.450126929921129071e-02,0.000000000000000000e+00,-2.097602635622024536e-01,-1.644437909126281738e-01,-1.461658775806427002e-01,-1.269179433584213257e-01,-8.749146014451980591e-02,-4.789040610194206238e-02
1.400000000000000966e-01,5.934943357992507051e-01,-8.229500168457359877e-03,-1.873660229256452481e-01,0.000000000000000000e+00,-1.196756495225131278e+00,6.261204929412997333e-02,0.000000000000000000e+00,-1.868904978036880493e-01,-1.085876598954200745e-01,-1.082257255911827087e-01,-9.294185787439346313e-02,-8.254705369472503662e-02,-4.742672666907310486e-03
1.600000000000001144e-01,5.926334370051690170e-01,-1.152085554311571558e-02,-1.395373774981296111e-01,0.000000000000000000e+00,-6.449271073605256088e-01,1.325213848330493716e-01,0.000000000000000000e+00,-1.537342369556427002e-01,-7.411396503448486328e-02,-7.006675004959106445e-02,-7.238133251667022705e-02,-6.870389729738235474e-02,1.879841834306716919e-02
1.800000000000001321e-01,5.908567453761481847e-01,-1.515393047824858952e-02,-6.006139712104725109e-02,0.000000000000000000e+00,-9.330666797293821202e-02,6.555039884051503396e-01,0.000000000000000000e+00,-1.144880056381225586e-01,-6.217270717024803162e-02,-3.422044962644577026e-02,-6.122508645057678223e-02,-4.982593283057212830e-02,2.028319984674453735e-02
2.000000000000001499e-01,5.884538556016560840e-01,-1.769737281937416862e-02,2.338508751647526765e-02,0.000000000000000000e+00,2.879110209591225766e-01,3.669674389693157734e-01,0.000000000000000000e+00,-8.999340236186981201e-02,-7.081110030412673950e-02,-1.909909211099147797e-02,-6.350070983171463013e-02,-3.356487303972244263e-02,7.250766269862651825e-03
2.200000000000001676e-01,5.865357815958134324e-01,-1.743962348474475954e-02,7.061292961337665985e-02,0.000000000000000000e+00,3.557222221774236082e-01,2.815319448426841786e-01,0.000000000000000000e+00,-1.098958924412727356e-01,-1.015372127294540405e-01,-4.583792388439178467e-02,-9.026593714952468872e-02,-3.880449384450912476e-02,-2.199611440300941467e-02
2.400000000000001854e-01,5.857930978245953213e-01,-1.321635089858885781e-02,5.108392901211857018e-02,0.000000000000000000e+00,1.012637697795338437e-01,5.389948353014111238e-01,0.000000000000000000e+00,-1.808236539363861084e-01,-1.610730886459350586e-01,-1.151485368609428406e-01,-1.219534873962402344e-01,-6.613462418317794800e-02,-7.102953642606735229e-02
2.600000000000001754e-01,5.849272230512234660e-01,-6.473179918239535535e-03,-2.313768350562977333e-02,0.000000000000000000e+00,-2.446675494394570383e-01,2.578692721247096697e-01,0.000000000000000000e+00,-1.767648458480834961e-01,-1.538481414318084717e-01,-1.483676731586456299e-01,-8.281075209379196167e-02,-6.586480885744094849e-02,-8.345419168472290039e-02
2.800000000000001932e-01,5.830768462677992092e-01,6.197293214724175492e-04,-1.132581245055979680e-01,0.000000000000000000e+00,-5.414631083672262202e-01,1.116980018416610237e-01,0.000000000000000000e+00,-1.991441845893859863e-01,-1.428487151861190796e-01,-1.643473654985427856e-01,-7.326057553291320801e-02,-6.820045411586761475e-02,-7.029533386230468750e-02
3.000000000000002109e-01,5.806962998222416905e-01,6.771111500221138613e-03,-1.898707565719450485e-01,0.000000000000000000e+00,-7.145947130936882719e-01,9.542380077717804721e-02,0.000000000000000000e+00,-2.112212628126144409e-01,-1.270126551389694214e-01,-1.582373529672622681e-01,-6.805743277072906494e-02,-7.107886672019958496e-02,-4.993425682187080383e-02
3.200000000000002287e-01,5.782748114131331940e-01,1.113153567229208107e-02,-2.375997907882973492e-01,0.000000000000000000e+00,-7.765981645701407476e-01,9.822872300718492322e-02,0.000000000000000000e+00,-2.266626507043838501e-01,-1.091222018003463745e-01,-1.425456851720809937e-01,-7.510278373956680298e-02,-8.070388436317443848e-02,-3.097866661846637726e-02
3.400000000000002465e-01,5.759410296003348861e-01,1.408006684211537962e-02,-2.637453434009358610e-01,0.000000000000000000e+00,-7.929478594780148271e-01,1.033974840332672063e-01,0.000000000000000000e+00,-2.360929548740386963e-01,-9.911905974149703979e-02,-1.369525641202926636e-01,-8.402714133262634277e-02,-9.947889298200607300e-02,-2.656804211437702179e-02
3.600000000000002642e-01,5.737752459814384753e-01,1.654500113276402562e-02,-2.875564727702183410e-01,0.000000000000000000e+00,-8.280203238335404059e-01,1.040220605354730404e-01,0.000000000000000000e+00,-2.396799027919769287e-01,-1.017745658755302429e-01,-1.466951072216033936e-01,-8.670071512460708618e-02,-1.133354529738426208e-01,-3.529709577560424805e-02
3.800000000000002820e-01,5.716944726082375805e-01,1.987575795789486843e-02,-3.330034951909796592e-01,0.000000000000000000e+00,-9.442895390572312309e-01,9.638777440120176176e-02,0.000000000000000000e+00,-2.630781829357147217e-01,-1.234234273433685303e-01,-1.876623630523681641e-01,-8.961100131273269653e-02,-1.248894259333610535e-01,-6.449228525161743164e-02
4.000000000000002998e-01,5.694593554206930364e-01,2.390346879839022609e-02,-4.002680469122671392e-01,0.000000000000000000e+00,-1.076684165096334800e+00,9.005151402628025492e-02,0.000000000000000000e+00,-2.328144907951354980e-01,-1.339399218559265137e-01,-1.955753415822982788e-01,-7.052365690469741821e-02,-1.055678650736808777e-01,-9.060510993003845215e-02
4.200000000000003175e-01,5.671137480826355937e-01,2.733874471306829701e-02,-4.681702899085123382e-01,0.000000000000000000e+00,-1.176609141405459580e+00,8.653961499821871683e-02,0.000000000000000000e+00,-2.105020880699157715e-01,-1.351221799850463867e-01,-1.833962649106979370e-01,-6.468678265810012817e-02,-8.904816210269927979e-02,-9.885600209236145020e-02
4.400000000000003353e-01,5.649180567192269020e-01,3.012048048890958452e-02,-5.295615207220866205e-01,0.000000000000000000e+00,-1.257909513205640373e+00,8.354113272339896978e-02,0.000000000000000000e+00,-2.222258746623992920e-01,-1.314445734024047852e-01,-1.873801499605178833e-01,-6.852345913648605347e-02,-9.800560027360916138e-02,-1.017683818936347961e-01
4.600000000000003531e-01,5.629237547099745775e-01,3.287245211450384730e-02,-5.924571279863536377e-01,0.000000000000000000e+00,-1.345773977271200961e+00,8.004193048555198475e-02,0.000000000000000000e+00,-2.457459419965744019e-01,-1.303472071886062622e-01,-2.041660696268081665e-01,-7.024841010570526123e-02,-1.185942217707633972e-01,-9.788923710584640503e-02
4.800000000000003708e-01,5.611108827349839956e-01,3.540484905644158964e-02,-6.574572053582828923e-01,0.000000000000000000e+00,-1.422546883840357212e+00,7.702076057510051643e-02,0.000000000000000000e+00,-2.412546426057815552e-01,-1.261478960514068604e-01,-2.094341367483139038e-01,-5.780106782913208008e-02,-1.209593266248703003e-01,-9.017597138881683350e-02
5.000000000000003331e-01,5.595090104700797262e-01,3.704304666030278081e-02,-7.174377105017785139e-01,0.000000000000000000e+00,-1.478166116043549527e+00,7.425285400307914119e-02,0.000000000000000000e+00,-2.336160391569137573e-01,-1.253545582294464111e-01,-2.107409089803695679e-01,-4.923662915825843811e-02,-1.178241372108459473e-01,-9.079005569219589233e-02
5.200000000000003508e-01,5.579594597751301732e-01,3.769554429772342674e-02,-7.727513984927519841e-01,0.000000000000000000e+00,-1.525753367431492924e+00,7.116985302091852206e-02,0.000000000000000000e+00,-2.356584668159484863e-01,-1.350623965263366699e-01,-2.185379564762115479e-01,-5.149856582283973694e-02,-1.188630014657974243e-01,-1.015156954526901245e-01
5.400000000000003686e-01,5.563157909154559100e-01,3.742349697951413701e-02,-8.259316687211297747e-01,0.000000000000000000e+00,-1.565480490020887183e+00,6.804491769477574725e-02,0.000000000000000000e+00,-2.270952314138412476e-01,-1.440772861242294312e-01,-2.198092490434646606e-01,-5.728397890925407410e-02,-1.135953590273857117e-01,-1.117879897356033325e-01
5.600000000000003864e-01,5.547813186851097145e-01,3.599213780914845007e-02,-8.727591607900169191e-01,0.000000000000000000e+00,-1.585125146685365083e+00,6.510768531759841826e-02,0.000000000000000000e+00,-2.069218158721923828e-01,-1.455265730619430542e-01,-2.107310891151428223e-01,-5.931210517883300781e-02,-1.040444076061248779e-01,-1.159611120820045471e-01
5.800000000000004041e-01,5.536483909510256929e-01,3.339991708455608554e-02,-9.093243779515954861e-01,0.000000000000000000e+00,-1.585507614758291162e+00,6.212701492993954328e-02,0.000000000000000000e+00,-1.941756159067153931e-01,-1.458529084920883179e-01,-2.035220414400100708e-01,-5.906833708286285400e-02,-9.940697997808456421e-02,-1.168662533164024353e-01
6.000000000000004219e-01,5.528962271901628478e-01,3.008597005109264755e-02,-9.385303879710826802e-01,0.000000000000000000e+00,-1.578068460762473979e+00,5.903011460303177887e-02,0.000000000000000000e+00,-1.921606510877609253e-01,-1.487590521574020386e-01,-2.024741619825363159e-01,-5.984978750348091125e-02,-9.913056343793869019e-02,-1.142597496509552002e-01
6.200000000000004396e-01,5.522750715984255931e-01,2.648815324203646071e-02,-9.655780807443112845e-01,0.000000000000000000e+00,-1.570433352781920977e+00,5.605898968626714385e-02,0.000000000000000000e+00,-1.943389773368835449e-01,-1.529560387134552002e-01,-2.037267088890075684e-01,-5.970286577939987183e-02,-9.853553771972656250e-02,-1.081706285476684570e-01
6.400000000000004574e-01,5.516438649295640761e-01,2.269250145983792155e-02,-9.919149946452600064e-01,0.000000000000000000e+00,-1.560885204510994884e+00,5.347122684023401795e-02,0.000000000000000000e+00,-1.948266178369522095e-01,-1.561384499073028564e-01,-2.037475258111953735e-01,-5.891371518373489380e-02,-9.537374228239059448e-02,-1.021229028701782227e-01
6.600000000000004752e-01,5.510292116365669290e-01,1.848440501041287432e-02,-1.014824891869919865e+00,0.000000000000000000e+00,-1.543756519639290170e+00,5.137331483972137208e-02,0.000000000000000000e+00,-1.922186464071273804e-01,-1.605149954557418823e-01,-2.017462551593780518e-01,-6.051132082939147949e-02,-9.035638719797134399e-02,-9.935045987367630005e-02
6.800000000000004929e-01,5.505391674117129375e-01,1.357510046799703662e-02,-1.029886678353389762e+00,0.000000000000000000e+00,-1.513066146751787633e+00,4.985001710083027809e-02,0.000000000000000000e+00,-1.848360300064086914e-01,-1.658974736928939819e-01,-1.962103247642517090e-01,-6.509482860565185547e-02,-8.439788967370986938e-02,-9.941691905260086060e-02
7.000000000000005107e-01,5.503956786804978796e-01,7.753860594143180407e-03,-1.032234693981494145e+00,0.000000000000000000e+00,-1.463108813212806725e+00,4.902153047925590645e-02,0.000000000000000000e+00,-1.710520982742309570e-01,-1.677228659391403198e-01,-1.848550885915756226e-01,-7.105159759521484375e-02,-7.860101759433746338e-02,-9.794577956199645996e-02
7.200000000000005285e-01,5.509246232859925652e-01,9.500263972319622496e-04,-1.017287624128573764e+00,0.000000000000000000e+00,-1.389831513886462311e+00,4.905128078892947996e-02,0.000000000000000000e+00,-1.518426090478897095e-01,-1.624963730573654175e-01,-1.665924787521362305e-01,-7.466579973697662354e-02,-7.338400930166244507e-02,-9.084714204072952271e-02
7.400000000000005462e-01,5.525104647453326079e-01,-6.845509674137939538e-03,-9.813327020764117670e-01,0.000000000000000000e+00,-1.290879135023077495e+00,5.022805849949260604e-02,0.000000000000000000e+00,-1.268212199211120605e-01,-1.489426195621490479e-01,-1.389307975769042969e-01,-7.308872789144515991e-02,-6.518068164587020874e-02,-7.494101673364639282e-02
7.600000000000005640e-01,5.554114275568273751e-01,-1.565201505487257005e-02,-9.220119370661553626e-01,0.000000000000000000e+00,-1.166023783744261078e+00,5.332558746036314412e-02,0.000000000000000000e+00,-9.612994641065597534e-02,-1.281582713127136230e-01,-1.019170507788658142e-01,-6.548265367746353149e-02,-5.123327299952507019e-02,-5.227264761924743652e-02
7.800000000000005818e-01,5.594259670977127508e-01,-2.489410006555337063e-02,-8.430909275217295384e-01,0.000000000000000000e+00,-1.028047506495695318e+00,5.936345022806209515e-02,0.000000000000000000e+00,-7.470759749412536621e-02,-1.132202893495559692e-01,-7.040302455425262451e-02,-5.937962234020233154e-02,-3.787350282073020935e-02,-3.450813516974449158e-02
8.000000000000005995e-01,5.639315190341953610e-01,-3.340809704551050974e-02,-7.582854665822984508e-01,0.000000000000000000e+00,-8.996541975046223882e-01,6.830869460246767610e-02,0.000000000000000000e+00,-6.727065145969390869e-02,-1.113598570227622986e-01,-5.532268062233924866e-02,-5.946294590830802917e-02,-2.967850305140018463e-02,-2.642744220793247223e-02
8.200000000000006173e-01,5.682819250921241627e-01,-4.011815791087819383e-02,-6.852182181423657203e-01,0.000000000000000000e+00,-7.999375215668190764e-01,7.796643559479410346e-02,0.000000000000000000e+00,-7.210291922092437744e-02,-1.233427748084068298e-01,-5.862906947731971741e-02,-6.610120087862014771e-02,-2.737732976675033569e-02,-2.792254835367202759e-02
8.400000000000006350e-01,5.720820415377269041e-01,-4.437850800233755777e-02,-6.382111760872958284e-01,0.000000000000000000e+00,-7.406181649072427486e-01,8.427582466515845527e-02,0.000000000000000000e+00,-9.545719623565673828e-02,-1.512475013732910156e-01,-8.386348187923431396e-02,-8.202533423900604248e-02,-3.318649530410766602e-02,-3.912805393338203430e-02
8.600000000000006528e-01,5.751079790917112966e-01,-4.605969719536945339e-02,-6.260662203331541775e-01,0.000000000000000000e+00,-7.257308225201666296e-01,8.388592280749412877e-02,0.000000000000000000e+00,-1.410112231969833374e-01,-1.953934431076049805e-01,-1.358672678470611572e-01,-1.032291054725646973e-01,-4.618867114186286926e-02,-6.491589546203613281e-02
8.800000000000006706e-01,5.772753155664950286e-01,-4.653842371279837131e-02,-6.368613301640221325e-01,0.000000000000000000e+00,-7.228902156810188551e-01,8.141294932875572932e-02,0.000000000000000000e+00,-1.644894331693649292e-01,-2.183514386415481567e-01,-1.679288744926452637e-01,-1.069423481822013855e-01,-4.663054272532463074e-02,-8.671495318412780762e-02
9.000000000000006883e-01,5.792633936270054074e-01,-4.798821792140423037e-02,-6.411231577956969518e-01,0.000000000000000000e+00,-6.982087397100945614e-01,8.319211499108571106e-02,0.000000000000000000e+00,-1.742217689752578735e-01,-2.253298163414001465e-01,-1.709342300891876221e-01,-1.128830686211585999e-01,-4.596192017197608948e-02,-8.840753138065338135e-02
9.200000000000007061e-01,5.818707979498363159e-01,-5.159639014461103734e-02,-6.168577205508550820e-01,0.000000000000000000e+00,-6.383340061211455474e-01,9.312406015835167361e-02,0.000000000000000000e+00,-1.787874698638916016e-01,-2.208594679832458496e-01,-1.620997488498687744e-01,-1.216545403003692627e-01,-5.056808516383171082e-02,-7.588198035955429077e-02
9.400000000000007239e-01,5.853856119483534792e-01,-5.780071010803589093e-02,-5.499677914704931281e-01,0.000000000000000000e+00,-5.289049438222228616e-01,1.199178759490456964e-01,0.000000000000000000e+00,-1.499681174755096436e-01,-1.723126620054244995e-01,-1.076434925198554993e-01,-1.150327548384666443e-01,-4.793931171298027039e-02,-3.122635744512081146e-02
9.600000000000007416e-01,5.902172951156481329e-01,-6.573598049082735040e-02,-4.324908852490515487e-01,0.000000000000000000e+00,-3.701094007069960501e-01,1.870503130218624244e-01,0.000000000000000000e+00,-9.004336595535278320e-02,-9.556124359369277954e-02,-3.932842612266540527e-02,-7.113128155469894409e-02,-3.437139093875885010e-02,4.085892345756292343e-03
9.800000000000007594e-01,5.963375212487730392e-01,-7.330747050388869424e-02,-2.696838410448436640e-01,0.000000000000000000e+00,-1.809390075634238204e-01,4.139341811820326233e-01,0.000000000000000000e+00,-5.469790473580360413e-02,-6.273954361677169800e-02,-3.827550215646624565e-03,-4.760780557990074158e-02,-1.633418537676334381e-02,1.651491038501262665e-02
1.000000000000000666e+00,6.034592388724855372e-01,-7.800419058291796492e-02,-8.737337728533098313e-02,0.000000000000000000e+00,1.329041965570389909e-03,5.205390403577641045e-01,0.000000000000000000e+00,-3.943952545523643494e-02,-6.221249327063560486e-02,1.471913792192935944e-02,-4.411929845809936523e-02,-3.954607527703046799e-03,2.232184819877147675e-02
1.019999999999998463e+00,6.113811635222372587e-01,-7.839926604712277314e-02,7.607206628217924593e-02,0.000000000000000000e+00,2.223976610962113687e-01,3.658997833547023015e-01,0.000000000000000000e+00,-3.017161414027214050e-02,-6.142850592732429504e-02,2.592974342405796051e-02,-4.770058020949363708e-02,-1.909211045131087303e-03,2.722337655723094940e-02
1.039999999999996261e+00,6.202880627075891828e-01,-7.491379766222511227e-02,1.876684212295146592e-01,0.000000000000000000e+00,3.654887720039681764e-01,2.236134762671811715e-01,0.000000000000000000e+00,-4.670348390936851501e-02,-7.346057891845703125e-02,1.079697720706462860e-02,-6.274753808975219727e-02,-1.263775397092103958e-02,2.224602736532688141e-02
1.059999999999994058e+00,6.305195715605225182e-01,-6.847043674020186765e-02,2.217717434641813257e-01,0.000000000000000000e+00,3.884411219794696168e-01,2.017353798563669975e-01,0.000000000000000000e+00,-1.378449797630310059e-01,-1.384136974811553955e-01,-6.787364184856414795e-02,-1.103976890444755554e-01,-4.727318510413169861e-02,-9.595124982297420502e-03
1.079999999999991855e+00,6.402253979551213448e-01,-6.041200761769577321e-02,1.809395570383464935e-01,0.000000000000000000e+00,3.275254946020737523e-01,2.273961171057559683e-01,0.000000000000000000e+00,-2.226319760084152222e-01,-1.866346597671508789e-01,-1.651019454002380371e-01,-1.170481070876121521e-01,-7.537236064672470093e-02,-7.030121982097625732e-02
1.099999999999989653e+00,6.475303715522994219e-01,-5.241201976368159432e-02,1.009758026945707793e-01,0.000000000000000000e+00,2.528892516099687793e-01,2.840826481159821060e-01,0.000000000000000000e+00,-2.011910229921340942e-01,-1.758441179990768433e-01,-1.701137721538543701e-01,-9.350788593292236328e-02,-6.273604929447174072e-02,-7.931858301162719727e-02
1.119999999999987450e+00,6.528394160442974048e-01,-4.559425495585173183e-02,2.640042020615483709e-02,0.000000000000000000e+00,2.001734765686066786e-01,3.545353129475676268e-01,0.000000000000000000e+00,-2.270117104053497314e-01,-1.858938634395599365e-01,-1.734086722135543823e-01,-1.068424955010414124e-01,-6.236157938838005066e-02,-6.821091473102569580e-02
1.139999999999985247e+00,6.568933037634280270e-01,-4.097538091868235810e-02,-1.582098468044518952e-02,0.000000000000000000e+00,1.523712451858137140e-01,4.683055650195842579e-01,0.000000000000000000e+00,-2.503270804882049561e-01,-1.773737818002700806e-01,-1.629336178302764893e-01,-1.213684603571891785e-01,-7.696928828954696655e-02,-5.712765827775001526e-02
1.159999999999983045e+00,6.597979821076742635e-01,-3.875351322468384430e-02,-1.432543792536761576e-02,0.000000000000000000e+00,1.101344978991421475e-01,4.831698005292462961e-01,0.000000000000000000e+00,-2.451408058404922485e-01,-1.430904716253280640e-01,-1.379643231630325317e-01,-1.238363534212112427e-01,-9.231320768594741821e-02,-3.260531276464462280e-02
1.179999999999980842e+00,6.614504366216920062e-01,-3.837414205152228641e-02,3.354603071650012064e-02,0.000000000000000000e+00,8.909767057448034211e-02,4.954301147792458671e-01,0.000000000000000000e+00,-2.043725848197937012e-01,-1.037043631076812744e-01,-1.041160151362419128e-01,-1.042871922254562378e-01,-9.615963697433471680e-02,-6.176283583045005798e-03
1.199999999999978639e+00,6.619537873536383010e-01,-3.843572370933734383e-02,1.152786862367057574e-01,0.000000000000000000e+00,1.027831734497951510e-01,5.091308133664463886e-01,0.000000000000000000e+00,-1.615845412015914917e-01,-6.690043210983276367e-02,-7.578991353511810303e-02,-7.303211838006973267e-02,-8.635918051004409790e-02,2.557145664468407631e-03
1.219999999999976437e+00,6.620971569214012531e-01,-3.693267632567076575e-02,1.990552199004356759e-01,0.000000000000000000e+00,1.542573727751981871e-01,5.058769676089992506e-01,0.000000000000000000e+00,-1.409754306077957153e-01,-6.076823174953460693e-02,-5.667246133089065552e-02,-6.282764673233032227e-02,-6.870898604393005371e-02,-6.243878160603344440e-04
1.239999999999974234e+00,6.635021885739331715e-01,-3.187270953183723998e-02,2.397264098477306093e-01,0.000000000000000000e+00,2.170985642816861405e-01,3.681149301006087504e-01,0.000000000000000000e+00,-1.687914431095123291e-01,-9.103187173604965210e-02,-7.384133338928222656e-02,-8.282560110092163086e-02,-7.101277261972427368e-02,-1.769220083951950073e-02
1.259999999999972031e+00,6.671962801316644320e-01,-2.342451319607530280e-02,2.126681520059546804e-01,0.000000000000000000e+00,2.448360540720542766e-01,3.430756741963258416e-01,0.000000000000000000e+00,-2.387600094079971313e-01,-1.409798264503479004e-01,-1.374909877777099609e-01,-1.108350455760955811e-01,-8.667536079883575439e-02,-5.802092328667640686e-02
1.279999999999969829e+00,6.720173181538410256e-01,-1.366811013960622656e-02,1.288539182589119036e-01,0.000000000000000000e+00,2.309552814829657075e-01,3.900356636524751064e-01,0.000000000000000000e+00,-2.123634666204452515e-01,-1.239188313484191895e-01,-1.514600366353988647e-01,-7.514400035142898560e-02,-8.538956195116043091e-02,-7.508767396211624146e-02
1.299999999999967626e+00,6.763636325846071884e-01,-4.618730499165335512e-03,2.137506325472207994e-02,0.000000000000000000e+00,1.867647064493122844e-01,5.158520987665078383e-01,0.000000000000000000e+00,-2.039055079221725464e-01,-1.151347160339355469e-01,-1.636410951614379883e-01,-6.262553483247756958e-02,-8.392024040222167969e-02,-7.222144305706024170e-02
1.319999999999965423e+00,6.801336785879650293e-01,2.381813883829519973e-03,-7.890955970179903967e-02,0.000000000000000000e+00,1.299627950827414169e-01,6.815598597177656703e-01,0.000000000000000000e+00,-2.157265245914459229e-01,-1.124723330140113831e-01,-1.726076602935791016e-01,-6.195762008428573608e-02,-9.024416655302047729e-02,-6.691554933786392212e-02
1.339999999999963221e+00,6.836862987632020827e-01,7.195551517112819262e-03,-1.621142912806589342e-01,0.000000000000000000e+00,7.583019124954211432e-02,7.197666158242548295e-01,0.000000000000000000e+00,-2.339629083871841431e-01,-1.092374995350837708e-01,-1.821616888046264648e-01,-6.268648803234100342e-02,-1.021772474050521851e-01,-6.559075415134429932e-02
1.359999999999961018e+00,6.871946259721183337e-01,1.056365777677525930e-02,-2.356098820969166063e-01,0.000000000000000000e+00,3.231954583133329895e-02,7.571799206650799974e-01,0.000000000000000000e+00,-2.534007728099822998e-01,-1.136793196201324463e-01,-1.928941011428833008e-01,-6.780808418989181519e-02,-1.156911402940750122e-01,-6.844560801982879639e-02
1.379999999999958815e+00,6.906679797058489223e-01,1.309118142436122012e-02,-3.088837628189466944e-01,0.000000000000000000e+00,1.845501054124476167e-02,7.944453234761675864e-01,0.000000000000000000e+00,-2.568124234676361084e-01,-1.182685941457748413e-01,-2.017426788806915283e-01,-6.799596548080444336e-02,-1.229488179087638855e-01,-7.652568817138671875e-02
1.399999999999956612e+00,6.940080738619012202e-01,1.491442943911880370e-02,-3.850364775917854976e-01,0.000000000000000000e+00,1.269662112244286135e-02,8.324845302253368606e-01,0.000000000000000000e+00,-2.514144778251647949e-01,-1.230941042304039001e-01,-2.078039944171905518e-01,-6.579025834798812866e-02,-1.247190907597541809e-01,-8.950460702180862427e-02
1.419999999999954410e+00,6.971019558995599219e-01,1.594630330602297974e-02,-4.625818637865268257e-01,0.000000000000000000e+00,-1.319416410824505396e-03,8.699098776481372086e-01,0.000000000000000000e+00,-2.402146458625793457e-01,-1.287593990564346313e-01,-2.083188742399215698e-01,-6.337042152881622314e-02,-1.203927472233772278e-01,-1.013384833931922913e-01
1.439999999999952207e+00,6.999018239174448208e-01,1.619567719914227766e-02,-5.395038664311665455e-01,0.000000000000000000e+00,-1.844560354998116616e-02,9.046673434947893888e-01,0.000000000000000000e+00,-2.342559248208999634e-01,-1.321852207183837891e-01,-2.081000357866287231e-01,-6.272291392087936401e-02,-1.171132028102874756e-01,-1.071799099445343018e-01
1.459999999999950004e+00,7.024116898270353904e-01,1.586756244518761072e-02,-6.163445287332559586e-01,0.000000000000000000e+00,-2.997506079543395263e-02,9.368042678498708087e-01,0.000000000000000000e+00,-2.361419796943664551e-01,-1.337063908576965332e-01,-2.109063565731048584e-01,-6.240246444940567017e-02,-1.193309500813484192e-01,-1.092671975493431091e-01
1.479999999999947802e+00,7.046378274091933402e-01,1.509062460432436525e-02,-6.943164155387150371e-01,0.000000000000000000e+00,-4.454602290120766861e-02,9.663827528493795782e-01,0.000000000000000000e+00,-2.393250912427902222e-01,-1.354469507932662964e-01,-2.151148766279220581e-01,-6.100901216268539429e-02,-1.222914829850196838e-01,-1.089916452765464783e-01
1.499999999999945599e+00,7.065896358918941633e-01,1.372523969437455804e-02,-7.721210083145462200e-01,0.000000000000000000e+00,-6.498963184881341448e-02,9.927835278464912649e-01,0.000000000000000000e+00,-2.384616434574127197e-01,-1.374047398567199707e-01,-2.175479680299758911e-01,-5.860498920083045959e-02,-1.219924688339233398e-01,-1.080461740493774414e-01
1.519999999999943396e+00,7.082759381433025858e-01,1.153523466731837255e-02,-8.468507739734310036e-01,0.000000000000000000e+00,-8.302290775507423226e-02,1.017172671214360946e+00,0.000000000000000000e+00,-2.360701709985733032e-01,-1.408222764730453491e-01,-2.192467302083969116e-01,-5.791733786463737488e-02,-1.203235238790512085e-01,-1.089740693569183350e-01
1.539999999999941194e+00,7.096876593359193741e-01,8.400104473153258144e-03,-9.164757326600163623e-01,0.000000000000000000e+00,-9.773375327983499505e-02,1.040625609597208401e+00,0.000000000000000000e+00,-2.326648235321044922e-01,-1.459184139966964722e-01,-2.209344059228897095e-01,-5.980452150106430054e-02,-1.181565225124359131e-01,-1.118994578719139099e-01
1.559999999999938991e+00,7.108518158389769415e-01,4.305536442843482803e-03,-9.794110209327839822e-01,0.000000000000000000e+00,-1.146410908216470709e-01,1.061697608926498893e+00,0.000000000000000000e+00,-2.256244122982025146e-01,-1.506077796220779419e-01,-2.208289206027984619e-01,-6.234022229909896851e-02,-1.141715869307518005e-01,-1.148405447602272034e-01
1.579999999999936788e+00,7.118720646790503981e-01,-6.653343694353885951e-04,-1.034020331862220532e+00,0.000000000000000000e+00,-1.330098716854450080e-01,1.078994846751558212e+00,0.000000000000000000e+00,-2.167969197034835815e-01,-1.545474529266357422e-01,-2.189981639385223389e-01,-6.417812407016754150e-02,-1.090019419789314270e-01,-1.165988668799400330e-01
1.599999999999934586e+00,7.128532025900460312e-01,-6.306039368242977172e-03,-1.079767309328685032e+00,0.000000000000000000e+00,-1.473680405382969405e-01,1.093630291555187428e+00,0.000000000000000000e+00,-2.099728435277938843e-01,-1.585682779550552368e-01,-2.168469130992889404e-01,-6.573675572872161865e-02,-1.043863520026206970e-01,-1.168161109089851379e-01
1.619999999999932383e+00,7.137824378099124623e-01,-1.237255733438580307e-02,-1.117552735318579238e+00,0.000000000000000000e+00,-1.547893499495645864e-01,1.073179639028037702e+00,0.000000000000000000e+00,-2.057805806398391724e-01,-1.626623421907424927e-01,-2.147363275289535522e-01,-6.756725907325744629e-02,-1.007542163133621216e-01,-1.150067001581192017e-01
1.639999999999930180e+00,7.146455306662962137e-01,-1.868732219537116990e-02,-1.148299994501774002e+00,0.000000000000000000e+00,-1.568324411908236793e-01,1.072303868924777914e+00,0.000000000000000000e+00,-2.025642096996307373e-01,-1.662170141935348511e-01,-2.120441347360610962e-01,-6.935418397188186646e-02,-9.750932455062866211e-02,-1.113281995058059692e-01
1.659999999999927978e+00,7.154569199741188656e-01,-2.521734241929701748e-02,-1.171517107198025709e+00,0.000000000000000000e+00,-1.560680481288616028e-01,1.090140904234414121e+00,0.000000000000000000e+00,-1.981423646211624146e-01,-1.687994599342346191e-01,-2.077416777610778809e-01,-7.086491584777832031e-02,-9.376645833253860474e-02,-1.066692993044853210e-01
1.679999999999925775e+00,7.162731002211314424e-01,-3.204209400016161391e-02,-1.185334757183997390e+00,0.000000000000000000e+00,-1.547997665002176504e-01,1.110449033146738262e+00,0.000000000000000000e+00,-1.913287639617919922e-01,-1.706899404525756836e-01,-2.010024487972259521e-01,-7.277290523052215576e-02,-8.925662189722061157e-02,-1.017715930938720703e-01
1.699999999999923572e+00,7.171937266962550295e-01,-3.926130033517194473e-02,-1.187488104728431360e+00,0.000000000000000000e+00,-1.557230047715252030e-01,1.112857238680943883e+00,0.000000000000000000e+00,-1.815542876720428467e-01,-1.715942323207855225e-01,-1.910898238420486450e-01,-7.574021816253662109e-02,-8.435845375061035156e-02,-9.645701944828033447e-02
1.719999999999921370e+00,7.183605154766807832e-01,-4.696062279469803702e-02,-1.175988293311442057e+00,0.000000000000000000e+00,-1.612001431679818964e-01,1.080369396019285499e+00,0.000000000000000000e+00,-1.682811677455902100e-01,-1.700240373611450195e-01,-1.770939230918884277e-01,-7.913497090339660645e-02,-7.912127673625946045e-02,-8.956844359636306763e-02
1.739999999999919167e+00,7.199489758785428961e-01,-5.525207861705061507e-02,-1.149125907041315342e+00,0.000000000000000000e+00,-1.728469656559439016e-01,1.008379275869245362e+00,0.000000000000000000e+00,-1.507375091314315796e-01,-1.640365272760391235e-01,-1.575629562139511108e-01,-8.112420886754989624e-02,-7.247719913721084595e-02,-7.942016422748565674e-02
1.759999999999916964e+00,7.220967251619382354e-01,-6.423846966583723894e-02,-1.105221889453334994e+00,0.000000000000000000e+00,-1.905582366986562359e-01,9.111235410391916867e-01,0.000000000000000000e+00,-1.280580908060073853e-01,-1.524212360382080078e-01,-1.315267235040664673e-01,-7.940565049648284912e-02,-6.279159337282180786e-02,-6.528984755277633667e-02
1.779999999999914762e+00,7.248922939547888245e-01,-7.377277666458581518e-02,-1.043935871490401013e+00,0.000000000000000000e+00,-2.069582463008842466e-01,8.336692315499667494e-01,0.000000000000000000e+00,-1.049269288778305054e-01,-1.389844119548797607e-01,-1.032124757766723633e-01,-7.475640624761581421e-02,-5.088542029261589050e-02,-5.009318515658378601e-02
1.799999999999912559e+00,7.282546343683383716e-01,-8.328911928031174083e-02,-9.704051496311333347e-01,0.000000000000000000e+00,-2.130634018410288155e-01,8.059906826916387601e-01,0.000000000000000000e+00,-9.075081348419189453e-02,-1.313135772943496704e-01,-8.205325156450271606e-02,-7.194256037473678589e-02,-4.090166091918945312e-02,-3.905517980456352234e-02
1.819999999999910356e+00,7.319303021559493416e-01,-9.189242959089238827e-02,-8.958144291032196227e-01,0.000000000000000000e+00,-2.054045227045612765e-01,8.356346533629541717e-01,0.000000000000000000e+00,-8.789797872304916382e-02,-1.332884132862091064e-01,-7.402334362268447876e-02,-7.363768666982650757e-02,-3.532382845878601074e-02,-3.443225845694541931e-02
1.839999999999908153e+00,7.356380194732086153e-01,-9.877669517330806004e-02,-8.328851024387458057e-01,0.000000000000000000e+00,-1.840679549813534210e-01,9.364208977965193803e-01,0.000000000000000000e+00,-9.753894805908203125e-02,-1.463458836078643799e-01,-8.123007416725158691e-02,-8.142454177141189575e-02,-3.535720333456993103e-02,-3.657802939414978027e-02
1.859999999999905951e+00,7.392192643251727091e-01,-1.034452704345995289e-01,-7.923450833468204113e-01,0.000000000000000000e+00,-1.522473346912545100e-01,1.141925828038790058e+00,0.000000000000000000e+00,-1.248069703578948975e-01,-1.728121042251586914e-01,-1.072450578212738037e-01,-9.745664149522781372e-02,-4.256520420312881470e-02,-4.637295380234718323e-02
1.879999999999903748e+00,7.425823450036066475e-01,-1.059686142233646489e-01,-7.786908297980577043e-01,0.000000000000000000e+00,-1.361405222430315254e-01,1.171103212558336493e+00,0.000000000000000000e+00,-1.630637198686599731e-01,-2.075071930885314941e-01,-1.497774273157119751e-01,-1.141355112195014954e-01,-5.301067978143692017e-02,-6.669241935014724731e-02
1.899999999999901545e+00,7.456349632393751703e-01,-1.075814217854823562e-01,-7.796770872944359665e-01,0.000000000000000000e+00,-1.438281783790083257e-01,1.178150134218430178e+00,0.000000000000000000e+00,-1.831183433532714844e-01,-2.271080166101455688e-01,-1.763733476400375366e-01,-1.168084889650344849e-01,-5.396535992622375488e-02,-8.536373078823089600e-02
1.919999999999899343e+00,7.485842258263744053e-01,-1.100387754588125766e-01,-7.718174855762780506e-01,0.000000000000000000e+00,-1.661292918294502152e-01,1.063390739498578652e+00,0.000000000000000000e+00,-1.916579902172088623e-01,-2.330602556467056274e-01,-1.785141676664352417e-01,-1.224615722894668579e-01,-5.344576388597488403e-02,-8.724833279848098755e-02
1.939999999999897140e+00,7.516882318508668614e-01,-1.143870007590043758e-01,-7.371480629061654133e-01,0.000000000000000000e+00,-2.060198526829777332e-01,8.526657604020582149e-01,0.000000000000000000e+00,-1.940114349126815796e-01,-2.211494892835617065e-01,-1.595274806022644043e-01,-1.339951306581497192e-01,-5.730592459440231323e-02,-6.746467947959899902e-02
1.959999999999894937e+00,7.551060970085456958e-01,-1.209861507124851410e-01,-6.618947978469997828e-01,0.000000000000000000e+00,-2.503264323894729415e-01,6.946893387595732827e-01,0.000000000000000000e+00,-1.617424041032791138e-01,-1.684380173683166504e-01,-1.062549427151679993e-01,-1.197073906660079956e-01,-5.437988415360450745e-02,-2.614346519112586975e-02
1.979999999999892735e+00,7.592869405177661291e-01,-1.290540525105702274e-01,-5.367996689390337473e-01,0.000000000000000000e+00,-2.793182695172130581e-01,6.165774760308192493e-01,0.000000000000000000e+00,-9.831688553094863892e-02,-9.576111286878585815e-02,-4.073543101549148560e-02,-7.430186122655868530e-02,-3.822983056306838989e-02,5.848725792020559311e-03
1.999999999999890532e+00,7.645177973019635642e-01,-1.365410026710744407e-01,-3.674585096756651792e-01,0.000000000000000000e+00,-2.747733537791100522e-01,6.236642797690036266e-01,0.000000000000000000e+00,-6.114828214049339294e-02,-6.515602022409439087e-02,-4.763658158481121063e-03,-5.042638257145881653e-02,-1.830914244055747986e-02,1.717613078653812408e-02
2.019999999999888551e+00,7.711169703357544369e-01,-1.408905228604673265e-01,-1.839712072176070412e-01,-4.983800852598952447e-01,-2.423833279986902511e-01,7.076583688582896992e-01,1.000000000000000000e+00,-4.721006751060485840e-02,-6.536358594894409180e-02,1.204757485538721085e-02,-4.721404612064361572e-02,-7.266941480338573456e-03,2.247237041592597961e-02
2.039999999999886349e+00,7.795175188876606320e-01,-1.407999302770210071e-01,-3.465180214326291086e-02,-8.317945298471762783e-01,-2.035509509961353491e-01,8.465810541029901160e-01,1.000000000000000000e+00,-5.888325348496437073e-02,-7.788145542144775391e-02,4.184363409876823425e-03,-5.971771106123924255e-02,-1.220572274178266525e-02,1.834554970264434814e-02
2.059999999999884146e+00,7.902366266115914417e-01,-1.369513404766800890e-01,3.832319740996380231e-02,-1.309552279229367899e+00,-1.661929171925394799e-01,1.045646783012236680e+00,1.000000000000000000e+00,-1.214622780680656433e-01,-1.250835359096527100e-01,-4.743267595767974854e-02,-9.947177767753601074e-02,-4.026800394058227539e-02,-3.480463754385709763e-03
2.079999999999881943e+00,8.017942988941466620e-01,-1.309198716815735963e-01,2.671761723274897193e-02,-1.659684121550504932e+00,-1.463763568262539672e-01,1.175223262864487639e+00,1.000000000000000000e+00,-2.472888678312301636e-01,-2.030221670866012573e-01,-1.681591868400573730e-01,-1.479560732841491699e-01,-8.566647022962570190e-02,-6.227686628699302673e-02
2.099999999999879741e+00,8.114326758974668152e-01,-1.240106043072528863e-01,-4.616126430798363905e-02,-1.614945948907055007e+00,-1.524932048838861520e-01,1.172894145377939568e+00,1.000000000000000000e+00,-2.302286922931671143e-01,-1.986422240734100342e-01,-1.947352439165115356e-01,-1.082961931824684143e-01,-8.154690265655517578e-02,-9.236966818571090698e-02
2.119999999999877538e+00,8.185320417543047178e-01,-1.174395671287574161e-01,-1.332367327512482824e-01,-1.341369477657228471e+00,-1.705522358235520008e-01,1.058903949023845215e+00,1.000000000000000000e+00,-2.345024496316909790e-01,-1.950724869966506958e-01,-1.903765201568603516e-01,-1.058349683880805969e-01,-6.745384633541107178e-02,-7.992984354496002197e-02
2.139999999999875335e+00,8.238623065660062306e-01,-1.123563514505863115e-01,-1.970425790687309886e-01,-1.055973140335650928e+00,-1.931801127008698493e-01,9.399888084731878868e-01,1.000000000000000000e+00,-2.622776925563812256e-01,-1.965577006340026855e-01,-1.866874694824218750e-01,-1.225095540285110474e-01,-7.621034234762191772e-02,-7.107318192720413208e-02
2.159999999999873133e+00,8.278639150468494190e-01,-1.091268178889180929e-01,-2.263040576683262028e-01,-7.115858353868681485e-01,-2.287584050950918213e-01,7.964940980778617563e-01,1.000000000000000000e+00,-2.920163571834564209e-01,-1.854747235774993896e-01,-1.815283745527267456e-01,-1.407166570425033569e-01,-9.949577599763870239e-02,-5.678276345133781433e-02
2.179999999999870930e+00,8.306198528226139688e-01,-1.075899026498312594e-01,-2.191393534553722489e-01,-4.191158101878898479e-01,-2.709354294343608305e-01,6.746315875782874505e-01,1.000000000000000000e+00,-2.732160687446594238e-01,-1.542411595582962036e-01,-1.630707383155822754e-01,-1.323944926261901855e-01,-1.095520406961441040e-01,-3.838961198925971985e-02
2.199999999999868727e+00,8.323858059277420285e-01,-1.070859827307646950e-01,-1.816120328975555642e-01,-2.044419378075470750e-01,-3.139845131385803900e-01,5.851841407531446215e-01,1.000000000000000000e+00,-2.489044815301895142e-01,-1.312780231237411499e-01,-1.453133225440979004e-01,-1.164201274514198303e-01,-1.138132140040397644e-01,-2.565665170550346375e-02
2.219999999999866525e+00,8.339795887897706317e-01,-1.060365703482099020e-01,-1.383774073412494254e-01,-6.995240492694421164e-02,-3.500987772015948796e-01,5.291468353862267548e-01,1.000000000000000000e+00,-2.400772124528884888e-01,-1.245530620217323303e-01,-1.415751725435256958e-01,-1.060615405440330505e-01,-1.094649583101272583e-01,-3.102197311818599701e-02
2.239999999999864322e+00,8.366819830932112900e-01,-1.026168839367992414e-01,-1.266124690998158275e-01,-8.836226859126217192e-03,-3.714093660932873964e-01,5.036817611913025905e-01,1.000000000000000000e+00,-2.657416462898254395e-01,-1.531349122524261475e-01,-1.626918017864227295e-01,-1.187750101089477539e-01,-1.063741892576217651e-01,-5.160223692655563354e-02
2.259999999999862119e+00,8.409748272698953642e-01,-9.636810066229384297e-02,-1.686736210130146130e-01,-6.112017205115405534e-03,-3.788633661243370199e-01,4.974533261645352478e-01,1.000000000000000000e+00,-2.964776158332824707e-01,-1.822667568922042847e-01,-1.954932957887649536e-01,-1.283118873834609985e-01,-1.064563840627670288e-01,-8.158776164054870605e-02
2.279999999999859916e+00,8.454865689626444025e-01,-8.936802613522526473e-02,-2.408281710594576130e-01,-9.790100381436976640e-02,-3.499813816485508600e-01,5.407920849226540705e-01,1.000000000000000000e+00,-2.549477219581604004e-01,-1.552826762199401855e-01,-1.825063079595565796e-01,-1.028920188546180725e-01,-9.643192589282989502e-02,-8.351380378007888794e-02
2.299999999999857714e+00,8.494080329081572511e-01,-8.338834504247627510e-02,-3.122794056554977771e-01,-2.664923047018560309e-01,-3.111570871652436510e-01,6.110384602924400221e-01,1.000000000000000000e+00,-2.661375999450683594e-01,-1.539771705865859985e-01,-1.935424953699111938e-01,-1.004466190934181213e-01,-1.042459905147552490e-01,-8.421133458614349365e-02
2.319999999999855511e+00,8.529468068760429622e-01,-7.837306901812318705e-02,-3.805499870623363923e-01,-3.913551913058257448e-01,-2.876799889196439142e-01,6.630646630440940603e-01,1.000000000000000000e+00,-2.868947684764862061e-01,-1.540440618991851807e-01,-2.130505889654159546e-01,-9.740365296602249146e-02,-1.178255453705787659e-01,-8.397885411977767944e-02
2.339999999999853308e+00,8.562627349227386331e-01,-7.415804748016557868e-02,-4.474568531112816383e-01,-4.436603930169555343e-01,-2.785839000408414368e-01,6.848584970903981439e-01,1.000000000000000000e+00,-2.917421460151672363e-01,-1.513106822967529297e-01,-2.243303805589675903e-01,-8.978609740734100342e-02,-1.237137913703918457e-01,-8.229997754096984863e-02
2.359999999999851106e+00,8.593874288565278574e-01,-7.071921207362585893e-02,-5.136565637919952021e-01,-4.740065476098468400e-01,-2.729930668784442127e-01,6.975027281707695259e-01,1.000000000000000000e+00,-2.937107384204864502e-01,-1.507905870676040649e-01,-2.308548986911773682e-01,-8.625160902738571167e-02,-1.272490918636322021e-01,-8.515545725822448730e-02
2.379999999999848903e+00,8.623014225547938061e-01,-6.790644215478652823e-02,-5.818675863349567212e-01,-4.969925659216586911e-01,-2.684077428962267087e-01,7.070802358006911259e-01,1.000000000000000000e+00,-2.950265407562255859e-01,-1.538347154855728149e-01,-2.364868670701980591e-01,-8.652260154485702515e-02,-1.311466842889785767e-01,-9.295572340488433838e-02
2.399999999999846700e+00,8.649467526610971069e-01,-6.566266632221284816e-02,-6.535191146935586115e-01,-5.178898988691261751e-01,-2.640141842296463981e-01,7.157874578621359341e-01,1.000000000000000000e+00,-2.901245951652526855e-01,-1.572182774543762207e-01,-2.386901080608367920e-01,-8.658470958471298218e-02,-1.329315602779388428e-01,-1.024518832564353943e-01
2.419999999999844498e+00,8.672708164597645597e-01,-6.410854094673634762e-02,-7.269384495241029143e-01,-5.346499306450508415e-01,-2.601918660232028224e-01,7.227708044354378414e-01,1.000000000000000000e+00,-2.816374003887176514e-01,-1.594674885272979736e-01,-2.385086119174957275e-01,-8.512929826974868774e-02,-1.324418485164642334e-01,-1.103591918945312500e-01
2.439999999999842295e+00,8.692559486826438864e-01,-6.328120497422029533e-02,-8.006026087181509210e-01,-5.436962509786190667e-01,-2.574887527962568257e-01,7.265401045744246389e-01,1.000000000000000000e+00,-2.768898606300354004e-01,-1.617269217967987061e-01,-2.399938106536865234e-01,-8.330723643302917480e-02,-1.321380138397216797e-01,-1.152742579579353333e-01
2.459999999999840092e+00,8.708881943102190215e-01,-6.305918154161449518e-02,-8.750891160622540355e-01,-5.477346789756031287e-01,-2.554819068112066383e-01,7.282227829065013314e-01,1.000000000000000000e+00,-2.767688035964965820e-01,-1.647911071777343750e-01,-2.437832802534103394e-01,-8.155544102191925049e-02,-1.327450424432754517e-01,-1.179767623543739319e-01
2.479999999999837890e+00,8.721407181309975831e-01,-6.337337214306931754e-02,-9.509480826276287546e-01,-5.522094292424785111e-01,-2.533529665412898590e-01,7.300872621843660371e-01,1.000000000000000000e+00,-2.769057750701904297e-01,-1.678824871778488159e-01,-2.473184317350387573e-01,-7.978255301713943481e-02,-1.326512098312377930e-01,-1.192907467484474182e-01
2.499999999999835687e+00,8.729972215057959506e-01,-6.431659493564950703e-02,-1.026933700974502317e+00,-5.510897758144033265e-01,-2.519101047938059890e-01,7.296207399226680712e-01,1.000000000000000000e+00,-2.757782638072967529e-01,-1.709249019622802734e-01,-2.494973242282867432e-01,-7.888612151145935059e-02,-1.317236721515655518e-01,-1.204360499978065491e-01
2.519999999999833484e+00,8.734546629090197412e-01,-6.603953840689719135e-02,-1.100920699178192352e+00,-5.391499801514419987e-01,-2.518305583152468108e-01,7.246458250631008235e-01,1.000000000000000000e+00,-2.740785479545593262e-01,-1.747960597276687622e-01,-2.511162459850311279e-01,-7.980953156948089600e-02,-1.307459324598312378e-01,-1.222810745239257812e-01
2.539999999999831282e+00,8.735145877375379841e-01,-6.864716837724094134e-02,-1.171021707796926048e+00,-5.189436461384319133e-01,-2.527694374273231070e-01,7.162265192243466583e-01,1.000000000000000000e+00,-2.713044881820678711e-01,-1.793029457330703735e-01,-2.523273229598999023e-01,-8.215729892253875732e-02,-1.295122355222702026e-01,-1.245632842183113098e-01
2.559999999999829079e+00,8.732052239888720147e-01,-7.217217084759947054e-02,-1.235659672977789336e+00,-4.887569864195622227e-01,-2.550482692160226383e-01,7.036487443414842780e-01,1.000000000000000000e+00,-2.670624852180480957e-01,-1.837341934442520142e-01,-2.528137266635894775e-01,-8.482769876718521118e-02,-1.274386048316955566e-01,-1.264632940292358398e-01
2.579999999999826876e+00,8.725993950112275188e-01,-7.655095460701283328e-02,-1.293603240285495781e+00,-4.461447370429874604e-01,-2.591380050986091810e-01,6.858936404345781224e-01,1.000000000000000000e+00,-2.623236179351806641e-01,-1.880231052637100220e-01,-2.525286078453063965e-01,-8.710668236017227173e-02,-1.244523003697395325e-01,-1.273204237222671509e-01
2.599999999999824674e+00,8.718218763720742004e-01,-8.164014297580379775e-02,-1.344166032930625088e+00,-3.974046621109015298e-01,-2.643019845385475852e-01,6.655852758795423041e-01,1.000000000000000000e+00,-2.579106688499450684e-01,-1.921774446964263916e-01,-2.514143288135528564e-01,-8.890270441770553589e-02,-1.208248734474182129e-01,-1.269271969795227051e-01
2.619999999999822471e+00,8.709667653134856025e-01,-8.729421059424047336e-02,-1.386762938396327360e+00,-3.559551643923579145e-01,-2.685838886249321544e-01,6.483146518301491357e-01,1.000000000000000000e+00,-2.534926831722259521e-01,-1.958970725536346436e-01,-2.491866052150726318e-01,-9.037344902753829956e-02,-1.167155727744102478e-01,-1.253259479999542236e-01
2.639999999999820268e+00,8.700691680201178002e-01,-9.343088001937238651e-02,-1.420529758729662584e+00,-3.304466321220020930e-01,-2.704495198083761154e-01,6.376860967175008721e-01,1.000000000000000000e+00,-2.478821724653244019e-01,-1.988006383180618286e-01,-2.451530843973159790e-01,-9.163880348205566406e-02,-1.120009124279022217e-01,-1.225315853953361511e-01
2.659999999999818066e+00,8.691916174628125935e-01,-1.000349097706585699e-01,-1.443943766716340393e+00,-3.233075998269274720e-01,-2.693723952682072764e-01,6.347114999278864467e-01,1.000000000000000000e+00,-2.396651208400726318e-01,-2.003176659345626831e-01,-2.383835464715957642e-01,-9.274568408727645874e-02,-1.065742820501327515e-01,-1.185433939099311829e-01
2.679999999999815863e+00,8.684253523956102505e-01,-1.071586041378252419e-01,-1.454944510847332673e+00,-3.342013843225365433e-01,-2.654427121922201538e-01,6.392505768010569023e-01,1.000000000000000000e+00,-2.277813255786895752e-01,-1.998498737812042236e-01,-2.279498726129531860e-01,-9.387274831533432007e-02,-1.005510091781616211e-01,-1.131330206990242004e-01
2.699999999999813660e+00,8.678880338017029850e-01,-1.148994057859371309e-01,-1.451462282384457847e+00,-3.629438953355323960e-01,-2.589139782581607041e-01,6.512266230564718317e-01,1.000000000000000000e+00,-2.117304950952529907e-01,-1.967670023441314697e-01,-2.131480127573013306e-01,-9.493325650691986084e-02,-9.402253478765487671e-02,-1.058822497725486755e-01
2.719999999999811457e+00,8.676878964673037098e-01,-1.233792219079900276e-01,-1.432104840564399462e+00,-4.060760509019685216e-01,-2.506659635046945556e-01,6.691983545424868840e-01,1.000000000000000000e+00,-1.919315308332443237e-01,-1.907349675893783569e-01,-1.938235014677047729e-01,-9.532145410776138306e-02,-8.669214695692062378e-02,-9.649382531642913818e-02
2.739999999999809255e+00,8.678605278516595689e-01,-1.325957791437602507e-01,-1.396648366976717792e+00,-4.525877159464258837e-01,-2.424020592667884832e-01,6.885782149776774608e-01,1.000000000000000000e+00,-1.698003858327865601e-01,-1.816027611494064331e-01,-1.706867069005966187e-01,-9.430540353059768677e-02,-7.806622982025146484e-02,-8.487970381975173950e-02
2.759999999999807052e+00,8.684695515880725969e-01,-1.423328615817021636e-01,-1.346021870339501270e+00,-4.761600981137441013e-01,-2.375469476374884314e-01,6.984000408807267135e-01,1.000000000000000000e+00,-1.474509686231613159e-01,-1.701176911592483521e-01,-1.455532461404800415e-01,-9.130788594484329224e-02,-6.787347793579101562e-02,-7.161024957895278931e-02
2.779999999999804849e+00,8.695351251882070809e-01,-1.522087806150211331e-01,-1.283839717226778587e+00,-4.442548696618032755e-01,-2.401686710594590490e-01,6.851061956924180407e-01,1.000000000000000000e+00,-1.301431953907012939e-01,-1.606535911560058594e-01,-1.235449910163879395e-01,-8.826120197772979736e-02,-5.796559154987335205e-02,-5.952812731266021729e-02
2.799999999999802647e+00,8.709998946171244594e-01,-1.615814579563729925e-01,-1.217725127700273635e+00,-3.557497660500913983e-01,-2.511555455109990009e-01,6.482290691875380872e-01,1.000000000000000000e+00,-1.232643052935600281e-01,-1.587108373641967773e-01,-1.113989502191543579e-01,-8.840833604335784912e-02,-5.137601494789123535e-02,-5.229494348168373108e-02
2.819999999999800444e+00,8.727580531654135498e-01,-1.696831564725595765e-01,-1.158069937195183474e+00,-2.392057419276277797e-01,-2.682889699322443811e-01,5.996690591365115841e-01,1.000000000000000000e+00,-1.290039569139480591e-01,-1.674145311117172241e-01,-1.133644506335258484e-01,-9.390188753604888916e-02,-4.991866648197174072e-02,-5.179691687226295471e-02
2.839999999999798241e+00,8.747182124428968253e-01,-1.758440847742654134e-01,-1.115565083351488296e+00,-1.160685287694707968e-01,-2.899641549343875968e-01,5.483618869872795010e-01,1.000000000000000000e+00,-1.516025066375732422e-01,-1.899133920669555664e-01,-1.336316913366317749e-01,-1.069965064525604248e-01,-5.526557564735412598e-02,-5.958841368556022644e-02
2.859999999999796039e+00,8.767981956855116499e-01,-1.798165855953464121e-01,-1.097403330532132681e+00,-1.322360330905860727e-02,-3.112794481894219367e-01,5.055098347121077529e-01,1.000000000000000000e+00,-1.886863559484481812e-01,-2.228877097368240356e-01,-1.716435402631759644e-01,-1.236427351832389832e-01,-6.572932004928588867e-02,-7.685944437980651855e-02
2.879999999999793836e+00,8.788007714866081788e-01,-1.825741974531898959e-01,-1.095537135669849782e+00,-6.598947688379164407e-03,-3.142911198511660897e-01,4.972504384631753482e-01,1.000000000000000000e+00,-2.102295756340026855e-01,-2.427413016557693481e-01,-1.993581950664520264e-01,-1.259122341871261597e-01,-6.768349558115005493e-02,-9.431362897157669067e-02
2.899999999999791633e+00,8.806299320116354190e-01,-1.858986240162426584e-01,-1.088412370911756799e+00,-5.763408409132270843e-02,-2.978316540729381012e-01,5.240142017047177969e-01,1.000000000000000000e+00,-2.177089154720306396e-01,-2.492603212594985962e-01,-2.028394788503646851e-01,-1.295869499444961548e-01,-6.594795733690261841e-02,-9.789685159921646118e-02
2.919999999999789431e+00,8.823631555471302956e-01,-1.909578596009077756e-01,-1.058474328007658949e+00,-1.744979251935654396e-01,-2.729980285925200367e-01,5.727074688306522665e-01,1.000000000000000000e+00,-2.220506817102432251e-01,-2.436396479606628418e-01,-1.902659535408020020e-01,-1.411365419626235962e-01,-7.008804380893707275e-02,-8.511224389076232910e-02
2.939999999999787228e+00,8.841338566799776810e-01,-1.983787433929529165e-01,-9.919533552969092005e-01,-3.895860704234285765e-01,-2.367900583463405373e-01,6.623275293430952448e-01,1.000000000000000000e+00,-1.980996578931808472e-01,-2.048583477735519409e-01,-1.469838619232177734e-01,-1.359477341175079346e-01,-6.664375960826873779e-02,-5.000013858079910278e-02
2.959999999999785025e+00,8.864504786258091684e-01,-2.078379852829381202e-01,-8.789809392284729794e-01,-7.064447403094334943e-01,-1.982282131397299363e-01,7.943519751289306319e-01,1.000000000000000000e+00,-1.392805427312850952e-01,-1.357080042362213135e-01,-8.300586789846420288e-02,-9.857753664255142212e-02,-5.199709534645080566e-02,-1.475177612155675888e-02
2.979999999999782823e+00,8.899577447495234939e-01,-2.177437802054925375e-01,-7.209495791059473691e-01,-9.983367686862663071e-01,-1.724136202825944097e-01,9.159736536192776279e-01,1.000000000000000000e+00,-9.279192984104156494e-02,-9.411784261465072632e-02,-3.652903437614440918e-02,-6.879644095897674561e-02,-3.060481511056423187e-02,1.830824767239391804e-03
2.999999999999780620e+00,8.952727612343480690e-01,-2.257475565125523775e-01,-5.390302451826533003e-01,-9.676049140996823006e-01,-1.752570337360828123e-01,9.031687142082009956e-01,1.000000000000000000e+00,-7.092833518981933594e-02,-8.538823574781417847e-02,-1.161614153534173965e-02,-5.963285639882087708e-02,-1.548285875469446182e-02,9.657317772507667542e-03
3.019999999999778417e+00,9.029369342788420294e-01,-2.300471638560321885e-01,-3.749487314615985167e-01,-6.349585606479974942e-01,-2.081436754892121155e-01,7.645660669366656226e-01,1.000000000000000000e+00,-6.805473566055297852e-02,-8.776538819074630737e-02,-6.039085797965526581e-03,-6.343877315521240234e-02,-1.427752431482076645e-02,1.215158682316541672e-02
3.039999999999776215e+00,9.132154997739457825e-01,-2.307293761609729987e-01,-2.702968835843359008e-01,-2.931932430057070382e-01,-2.589811212966580678e-01,6.221638512523779418e-01,1.000000000000000000e+00,-1.019565537571907043e-01,-1.114918738603591919e-01,-3.265127539634704590e-02,-8.650635927915573120e-02,-3.070691972970962524e-02,1.303206197917461395e-03
3.059999999999774012e+00,9.255030579969657500e-01,-2.288546286173688826e-01,-2.489626009349334423e-01,-6.023193886745428077e-02,-3.114351468430797132e-01,5.250966411947726176e-01,1.000000000000000000e+00,-2.164592295885086060e-01,-1.919163614511489868e-01,-1.335528492927551270e-01,-1.450747996568679810e-01,-7.361973822116851807e-02,-4.031156748533248901e-02
3.079999999999771809e+00,9.370627416392549591e-01,-2.250609390682667688e-01,-3.021227533893262041e-01,-3.785138534056429332e-02,-3.403417225463274964e-01,4.842285894414315450e-01,1.000000000000000000e+00,-2.689023613929748535e-01,-2.236759364604949951e-01,-2.156785279512405396e-01,-1.287227869033813477e-01,-9.545875340700149536e-02,-9.765344858169555664e-02
3.099999999999769607e+00,9.459705485613822962e-01,-2.205285399469594509e-01,-3.845793014164837209e-01,-4.939821675110067298e-03,-3.297988421290694028e-01,5.020582590312958615e-01,1.000000000000000000e+00,-2.369039505720138550e-01,-2.040276974439620972e-01,-2.012459039688110352e-01,-1.083370819687843323e-01,-7.322490215301513672e-02,-9.016342461109161377e-02
3.119999999999767404e+00,9.527021062993510370e-01,-2.168203455718218375e-01,-4.496740751509596956e-01,-1.417563025187066894e-01,-2.986548258641707476e-01,5.590651260494611252e-01,1.000000000000000000e+00,-2.647185921669006348e-01,-2.117720544338226318e-01,-1.992055177688598633e-01,-1.267080307006835938e-01,-7.557471841573715210e-02,-7.693891972303390503e-02
3.139999999999765201e+00,9.577587926659142381e-01,-2.146602435861076352e-01,-4.810561253830499817e-01,-3.092049593577548827e-01,-2.679655872485731116e-01,6.288353997323978817e-01,1.000000000000000000e+00,-3.010050654411315918e-01,-2.028654217720031738e-01,-1.942200809717178345e-01,-1.477512419223785400e-01,-9.932825714349746704e-02,-6.549172103404998779e-02
3.159999999999762998e+00,9.611866069107450894e-01,-2.139736968744253565e-01,-4.737891745153323120e-01,-5.760425271032457717e-01,-2.291982346690655814e-01,7.400177196263524326e-01,1.000000000000000000e+00,-2.879965007305145264e-01,-1.713226139545440674e-01,-1.743846088647842407e-01,-1.436636149883270264e-01,-1.109699532389640808e-01,-4.424075782299041748e-02
3.179999999999760796e+00,9.631612616607700961e-01,-2.142954825836013710e-01,-4.280966892058798989e-01,-9.074144324715913701e-01,-1.937806332329689574e-01,8.780893468631630894e-01,1.000000000000000000e+00,-2.555228769779205322e-01,-1.392182409763336182e-01,-1.481065154075622559e-01,-1.248046010732650757e-01,-1.145865470170974731e-01,-2.497907727956771851e-02
3.199999999999758593e+00,9.645187247556603616e-01,-2.143818843296248500e-01,-3.614333976671031401e-01,-1.175935423661983448e+00,-1.719341873256026443e-01,9.899730931924931587e-01,1.000000000000000000e+00,-2.290926873683929443e-01,-1.168028339743614197e-01,-1.306610554456710815e-01,-1.042825207114219666e-01,-1.065904349088668823e-01,-2.294339612126350403e-02
3.219999999999756390e+00,9.668203023255489414e-01,-2.127196603913922845e-01,-3.084296906971735197e-01,-1.168268582451113646e+00,-1.726586627844361732e-01,9.867785760212973711e-01,1.000000000000000000e+00,-2.311885952949523926e-01,-1.279037594795227051e-01,-1.297224164009094238e-01,-1.073947399854660034e-01,-9.685869514942169189e-02,-3.364993259310722351e-02
3.239999999999754188e+00,9.717747498725123334e-01,-2.083061228367736606e-01,-3.094037173222473625e-01,-9.233871783118733356e-01,-1.938676671790949269e-01,8.847446576299472509e-01,1.000000000000000000e+00,-2.807793319225311279e-01,-1.747354865074157715e-01,-1.726394593715667725e-01,-1.343219429254531860e-01,-1.044257134199142456e-01,-6.367110460996627808e-02
3.259999999999751985e+00,9.786857665388769556e-01,-2.019254650662878903e-01,-3.694129359974212545e-01,-8.049270730929759532e-01,-2.077035647503678861e-01,8.353862804554066379e-01,1.000000000000000000e+00,-2.866001427173614502e-01,-1.789645403623580933e-01,-1.954927295446395874e-01,-1.237689256668090820e-01,-1.063596010208129883e-01,-8.825359493494033813e-02
3.279999999999749782e+00,9.852391236070998648e-01,-1.955013164456137487e-01,-4.533858650887391262e-01,-7.440672779402107695e-01,-2.166408849719378138e-01,8.100280324750878114e-01,1.000000000000000000e+00,-2.553580999374389648e-01,-1.555299013853073120e-01,-1.933083981275558472e-01,-9.776358306407928467e-02,-9.960166364908218384e-02,-8.466600626707077026e-02
3.299999999999747580e+00,9.907126000293646761e-01,-1.902514319631966044e-01,-5.328774555916804267e-01,-7.035797259793233893e-01,-2.233639079718789666e-01,7.931582191580514030e-01,1.000000000000000000e+00,-2.749086320400238037e-01,-1.604891866445541382e-01,-2.094032019376754761e-01,-9.801451861858367920e-02,-1.081954017281532288e-01,-8.439154177904129028e-02
3.319999999999745377e+00,9.954519211753334318e-01,-1.861369117803401141e-01,-6.055069270543378401e-01,-7.016507532549081105e-01,-2.254846843552305580e-01,7.923544805228783794e-01,1.000000000000000000e+00,-2.941046655178070068e-01,-1.592189669609069824e-01,-2.251367717981338501e-01,-9.698634594678878784e-02,-1.204938888549804688e-01,-8.381514251232147217e-02
3.339999999999743174e+00,9.997129391871801829e-01,-1.829633244353065791e-01,-6.740215211606058743e-01,-7.059352603200654830e-01,-2.267182544041072834e-01,7.941396918000273031e-01,1.000000000000000000e+00,-3.035943508148193359e-01,-1.582537442445755005e-01,-2.347972393035888672e-01,-9.564889222383499146e-02,-1.290743201971054077e-01,-8.445931971073150635e-02
3.359999999999740972e+00,1.003610042132510038e+00,-1.805204545726376841e-01,-7.424480755694378153e-01,-6.929316413142772024e-01,-2.298194576368353115e-01,7.887215172142821862e-01,1.000000000000000000e+00,-3.082040846347808838e-01,-1.606432944536209106e-01,-2.428671270608901978e-01,-9.542106837034225464e-02,-1.353784799575805664e-01,-9.002077579498291016e-02
3.379999999999738769e+00,1.007135284576259338e+00,-1.786437888209129188e-01,-8.137769302275431604e-01,-6.789434224056409839e-01,-2.328764018828833882e-01,7.828930926690170766e-01,1.000000000000000000e+00,-3.065057694911956787e-01,-1.640712767839431763e-01,-2.481551468372344971e-01,-9.470898658037185669e-02,-1.381931304931640625e-01,-9.889477491378784180e-02
3.399999999999736566e+00,1.010199940414234998e+00,-1.773509076880581126e-01,-8.873173348485055012e-01,-6.812169025638867836e-01,-2.337576537149516909e-01,7.838403760682861598e-01,1.000000000000000000e+00,-2.984651029109954834e-01,-1.660553663969039917e-01,-2.481825202703475952e-01,-9.272929280996322632e-02,-1.372281163930892944e-01,-1.078469380736351013e-01
3.419999999999734364e+00,1.012756378491042053e+00,-1.766871294103382894e-01,-9.610716432640610263e-01,-6.888610111667787805e-01,-2.337363917450164807e-01,7.870254213194911586e-01,1.000000000000000000e+00,-2.913196086883544922e-01,-1.679163575172424316e-01,-2.474120110273361206e-01,-9.078997373580932617e-02,-1.355488300323486328e-01,-1.142577081918716431e-01
3.439999999999732161e+00,1.014832245233331376e+00,-1.765375607196336127e-01,-1.035306464378070945e+00,-6.844912944246704933e-01,-2.348988093860126802e-01,7.852047060102793630e-01,1.000000000000000000e+00,-2.897195518016815186e-01,-1.704030781984329224e-01,-2.496891915798187256e-01,-8.946137875318527222e-02,-1.359129548072814941e-01,-1.178464815020561218e-01
3.459999999999729958e+00,1.016444732695068742e+00,-1.767704549759269161e-01,-1.111445040545554708e+00,-6.708690808548571916e-01,-2.369479766497308848e-01,7.795287836895238298e-01,1.000000000000000000e+00,-2.899648249149322510e-01,-1.730297654867172241e-01,-2.535074353218078613e-01,-8.762244880199432373e-02,-1.368447244167327881e-01,-1.196607500314712524e-01
3.479999999999727756e+00,1.017559140273797347e+00,-1.774340963346417721e-01,-1.189081885891351664e+00,-6.601408631230912816e-01,-2.384521483394388131e-01,7.750586929679547099e-01,1.000000000000000000e+00,-2.883800864219665527e-01,-1.753211021423339844e-01,-2.561396360397338867e-01,-8.535826951265335083e-02,-1.363794207572937012e-01,-1.208968684077262878e-01
3.499999999999725553e+00,1.018126428953864515e+00,-1.786987861917938569e-01,-1.266037948291471871e+00,-6.556187837179956457e-01,-2.389961764930416122e-01,7.731744932158315375e-01,1.000000000000000000e+00,-2.858250439167022705e-01,-1.781788468360900879e-01,-2.575807571411132812e-01,-8.438681066036224365e-02,-1.350883394479751587e-01,-1.226220875978469849e-01
3.519999999999723350e+00,1.018112841309988914e+00,-1.806941032584336582e-01,-1.340234298657756895e+00,-6.534265950554380975e-01,-2.390190324152569323e-01,7.722610812730992258e-01,1.000000000000000000e+00,-2.832518517971038818e-01,-1.822263598442077637e-01,-2.586784660816192627e-01,-8.554920554161071777e-02,-1.337798237800598145e-01,-1.249869018793106079e-01
3.539999999999721148e+00,1.017511096627215839e+00,-1.834641382956630762e-01,-1.410286735226221388e+00,-6.492040523390977258e-01,-2.390237647001435262e-01,7.705016884746240802e-01,1.000000000000000000e+00,-2.798855304718017578e-01,-1.867357343435287476e-01,-2.592655122280120850e-01,-8.800889551639556885e-02,-1.321684122085571289e-01,-1.273283660411834717e-01
3.559999999999718945e+00,1.016359935877846343e+00,-1.869927001624779872e-01,-1.475130497844211463e+00,-6.390928944954140656e-01,-2.394828611221954395e-01,7.662887060397558514e-01,1.000000000000000000e+00,-2.757584452629089355e-01,-1.911176890134811401e-01,-2.592994570732116699e-01,-9.065315127372741699e-02,-1.299668550491333008e-01,-1.289572566747665405e-01
3.579999999999716742e+00,1.014745327389317220e+00,-1.912015189567690954e-01,-1.533957576000678058e+00,-6.205396473232249743e-01,-2.407467532689398226e-01,7.585581863846770911e-01,1.000000000000000000e+00,-2.718825042247772217e-01,-1.954130828380584717e-01,-2.590150833129882812e-01,-9.294508397579193115e-02,-1.272685527801513672e-01,-1.294949799776077271e-01
3.599999999999714539e+00,1.012796232071685676e+00,-1.959848437485934847e-01,-1.586241411768978482e+00,-5.938581481211433477e-01,-2.428515240634639971e-01,7.474408950504763949e-01,1.000000000000000000e+00,-2.684920430183410645e-01,-1.995300650596618652e-01,-2.582765817642211914e-01,-9.480153769254684448e-02,-1.241123899817466736e-01,-1.288794875144958496e-01
3.619999999999712337e+00,1.010641118518444959e+00,-2.012653977643273917e-01,-1.631194567195365375e+00,-5.636103733944367589e-01,-2.453235812752041500e-01,7.348376555810153254e-01,1.000000000000000000e+00,-2.647084593772888184e-01,-2.031284570693969727e-01,-2.565038800239562988e-01,-9.627322107553482056e-02,-1.203090250492095947e-01,-1.272187978029251099e-01
3.639999999999710134e+00,1.008329456742230068e+00,-2.070236288075815445e-01,-1.667350733690126097e+00,-5.348287709660636269e-01,-2.475483294328202077e-01,7.228453212358598723e-01,1.000000000000000000e+00,-2.591657042503356934e-01,-2.058871388435363770e-01,-2.528007924556732178e-01,-9.741901606321334839e-02,-1.155988499522209167e-01,-1.246329322457313538e-01
3.659999999999707931e+00,1.005912717609134699e+00,-2.132873895441682321e-01,-1.692708173213866241e+00,-5.098290058607877206e-01,-2.491972723353901020e-01,7.124287524419948836e-01,1.000000000000000000e+00,-2.506977915763854980e-01,-2.074560523033142090e-01,-2.461962699890136719e-01,-9.849341958761215210e-02,-1.099618449807167053e-01,-1.210706532001495361e-01
3.679999999999705729e+00,1.003477938146593029e+00,-2.201235846899185500e-01,-1.705105046180623196e+00,-4.877633162363123054e-01,-2.503701566308034754e-01,7.032347150984634698e-01,1.000000000000000000e+00,-2.385928481817245483e-01,-2.072161138057708740e-01,-2.358689457178115845e-01,-9.979255497455596924e-02,-1.038137152791023254e-01,-1.161801666021347046e-01
3.699999999999703526e+00,1.001130675473619558e+00,-2.276315358099814112e-01,-1.702715003189526843e+00,-4.661467502925253914e-01,-2.514074588842484803e-01,6.942278126218855983e-01,1.000000000000000000e+00,-2.225337922573089600e-01,-2.043963670730590820e-01,-2.212700396776199341e-01,-1.010753065347671509e-01,-9.737797826528549194e-02,-1.093822717666625977e-01
3.719999999999701323e+00,9.989514172778140022e-01,-2.359319651369969351e-01,-1.684497594731853898e+00,-4.426494734575336376e-01,-2.526324279810858719e-01,6.844372806073056870e-01,1.000000000000000000e+00,-2.029896229505538940e-01,-1.985957324504852295e-01,-2.023087888956069946e-01,-1.015052646398544312e-01,-9.027647227048873901e-02,-1.002496853470802307e-01
3.739999999999699121e+00,9.969796708002127694e-01,-2.450060224441061030e-01,-1.650450046609461152e+00,-4.165553300594576625e-01,-2.541630392389747084e-01,6.735647208581073686e-01,1.000000000000000000e+00,-1.813889741897583008e-01,-1.896760016679763794e-01,-1.796438395977020264e-01,-1.004010513424873352e-01,-8.195119351148605347e-02,-8.861760795116424561e-02
3.759999999999696918e+00,9.953286298788051045e-01,-2.546621341387698134e-01,-1.601507275835813537e+00,-3.890864418745434428e-01,-2.559107731769749150e-01,6.621193507810597678e-01,1.000000000000000000e+00,-1.596377789974212646e-01,-1.782598197460174561e-01,-1.549068093299865723e-01,-9.729038923978805542e-02,-7.211920619010925293e-02,-7.508110255002975464e-02
3.779999999999694715e+00,9.940919980149220958e-01,-2.645687640581562139e-01,-1.540980414861354619e+00,-3.640284219347389438e-01,-2.574081676147338404e-01,6.516785091394745599e-01,1.000000000000000000e+00,-1.424873173236846924e-01,-1.684169471263885498e-01,-1.328535228967666626e-01,-9.401721507310867310e-02,-6.244749948382377625e-02,-6.248085573315620422e-02
3.799999999999692513e+00,9.933429118760987997e-01,-2.741244275809793240e-01,-1.476005128264824107e+00,-3.451836858599763858e-01,-2.581968342055133148e-01,6.438265357749901607e-01,1.000000000000000000e+00,-1.354606747627258301e-01,-1.658346354961395264e-01,-1.202517896890640259e-01,-9.393891692161560059e-02,-5.592949315905570984e-02,-5.469985678791999817e-02
3.819999999999690310e+00,9.931445001964019914e-01,-2.825574448549917350e-01,-1.416765082555232258e+00,-3.332772616803397203e-01,-2.583106362680215318e-01,6.388655257001415455e-01,1.000000000000000000e+00,-1.411906629800796509e-01,-1.740855574607849121e-01,-1.217622458934783936e-01,-9.937253594398498535e-02,-5.452605709433555603e-02,-5.393485352396965027e-02
3.839999999999688107e+00,9.935662554594972828e-01,-2.891566393871317087e-01,-1.374162995298748635e+00,-3.269280353128859451e-01,-2.581009495075162752e-01,6.362200147137024864e-01,1.000000000000000000e+00,-1.638723015785217285e-01,-1.963688582181930542e-01,-1.417689472436904907e-01,-1.124754026532173157e-01,-5.995663627982139587e-02,-6.192822754383087158e-02
3.859999999999685905e+00,9.945958485302519581e-01,-2.936346297350029277e-01,-1.355605884126967142e+00,-3.259387925645725326e-01,-2.576269046475291313e-01,6.358078302352385691e-01,1.000000000000000000e+00,-2.004537284374237061e-01,-2.288900464773178101e-01,-1.793706715106964111e-01,-1.287337243556976318e-01,-7.040564715862274170e-02,-7.986283302307128906e-02
3.879999999999683702e+00,9.958266633064029039e-01,-2.969188467578522950e-01,-1.352917336073286902e+00,-3.302122324527511088e-01,-2.566148567991842766e-01,6.375884301886463046e-01,1.000000000000000000e+00,-2.205756902694702148e-01,-2.477611154317855835e-01,-2.061196267604827881e-01,-1.302409470081329346e-01,-7.211303710937500000e-02,-9.744960069656372070e-02
3.899999999999681499e+00,9.967726892863775223e-01,-3.007273027363496221e-01,-1.344745748961563514e+00,-3.332742073515889691e-01,-2.556475982258681334e-01,6.388642530631620797e-01,1.000000000000000000e+00,-2.277632653713226318e-01,-2.539763450622558594e-01,-2.094845175743103027e-01,-1.334964931011199951e-01,-7.034076005220413208e-02,-1.008985042572021484e-01
3.919999999999679297e+00,9.972666964024923253e-01,-3.061664605124715388e-01,-1.314385882072408140e+00,-3.270387028444782795e-01,-2.557326127604128141e-01,6.362661261851992878e-01,1.000000000000000000e+00,-2.334825247526168823e-01,-2.489088326692581177e-01,-1.974513828754425049e-01,-1.454258859157562256e-01,-7.472539693117141724e-02,-8.796779066324234009e-02
3.939999999999677094e+00,9.973290416986919649e-01,-3.138371112972897503e-01,-1.249065870031675685e+00,-3.046483134367752865e-01,-2.579054191182106326e-01,6.269367972653230314e-01,1.000000000000000000e+00,-2.127572447061538696e-01,-2.119232565164566040e-01,-1.569262742996215820e-01,-1.417690217494964600e-01,-7.223542779684066772e-02,-5.299542844295501709e-02
3.959999999999674891e+00,9.974365825897244520e-01,-3.236025557567240862e-01,-1.138458959536118309e+00,-2.767634077407006843e-01,-2.606335517064045648e-01,6.153180865586252990e-01,1.000000000000000000e+00,-1.551380455493927002e-01,-1.444073170423507690e-01,-9.615782648324966431e-02,-1.061003580689430237e-01,-5.907084047794342041e-02,-1.828453131020069122e-02
3.979999999999672688e+00,9.985302628019705473e-01,-3.341840183411310949e-01,-9.827237042663434785e-01,-2.572243044382999666e-01,-2.622058028201195712e-01,6.071767935159583240e-01,1.000000000000000000e+00,-1.046729236841201782e-01,-1.012367010116577148e-01,-4.749370366334915161e-02,-7.449349761009216309e-02,-3.644768521189689636e-02,-1.294384943321347237e-03
3.999999999999670486e+00,1.001713156908635938e+00,-3.435019750723115606e-01,-8.011070021108832595e-01,-2.569480765980299286e-01,-2.614749236098687923e-01,6.070616985825124656e-01,1.000000000000000000e+00,-8.049012720584869385e-02,-9.154868125915527344e-02,-2.024138905107975006e-02,-6.434492021799087524e-02,-1.973384246230125427e-02,6.389549002051353455e-03
4.019999999999677165e+00,1.008059234536363702e+00,-3.498047351367168933e-01,-6.365772723507284736e-01,-2.632841124805825328e-01,-2.613580895169561047e-01,6.097017135335760507e-01,1.000000000000000000e+00,-7.988271862268447876e-02,-9.629578143358230591e-02,-1.620361022651195526e-02,-6.897820532321929932e-02,-1.871243119239807129e-02,7.485464680939912796e-03
4.039999999999683844e+00,1.017923501512919549e+00,-3.531139105071747775e-01,-5.335238421027282962e-01,-2.624961534645692818e-01,-2.643114999632903417e-01,6.093733972769038720e-01,1.000000000000000000e+00,-1.182643994688987732e-01,-1.229673326015472412e-01,-4.546587541699409485e-02,-9.419144690036773682e-02,-3.630204126238822937e-02,-5.010623950511217117e-03
4.059999999999690523e+00,1.030296902386342417e+00,-3.542880867610747053e-01,-5.148892545327486969e-01,-2.701692665983604358e-01,-2.668234209419318992e-01,6.125705277493168621e-01,1.000000000000000000e+00,-2.349140942096710205e-01,-2.036832123994827271e-01,-1.484697759151458740e-01,-1.527791470289230347e-01,-7.986689358949661255e-02,-4.763330146670341492e-02
4.079999999999697202e+00,1.042256272606202350e+00,-3.533190109825763980e-01,-5.698258921988742509e-01,-2.874671131940680913e-01,-2.676424739597971780e-01,6.197779638308617001e-01,1.000000000000000000e+00,-2.808570563793182373e-01,-2.317156642675399780e-01,-2.273240685462951660e-01,-1.326013803482055664e-01,-1.009668558835983276e-01,-1.027762144804000854e-01
4.099999999999703881e+00,1.051771560735432987e+00,-3.510114758273368829e-01,-6.519288599835515452e-01,-3.147217818802481304e-01,-2.661669868574298436e-01,6.311340757834367210e-01,1.000000000000000000e+00,-2.497461438179016113e-01,-2.114432752132415771e-01,-2.118918448686599731e-01,-1.130933836102485657e-01,-7.842461764812469482e-02,-9.280839562416076660e-02
4.119999999999710560e+00,1.058966979693056754e+00,-3.491301949760477474e-01,-7.138035976379984993e-01,-3.562002055307837978e-01,-2.617145323769428100e-01,6.484167523044932491e-01,1.000000000000000000e+00,-2.743126153945922852e-01,-2.167179286479949951e-01,-2.070702612400054932e-01,-1.305287480354309082e-01,-8.000149577856063843e-02,-7.886502146720886230e-02
4.139999999999717240e+00,1.064176969365124625e+00,-3.484227316454981405e-01,-7.400912138142753394e-01,-3.998704218255202392e-01,-2.564164974307761025e-01,6.666126757606334330e-01,1.000000000000000000e+00,-3.103516697883605957e-01,-2.059259861707687378e-01,-2.007321715354919434e-01,-1.523943692445755005e-01,-1.041201874613761902e-01,-6.632663309574127197e-02
4.159999999999723919e+00,1.067507914592135565e+00,-3.487116162775620309e-01,-7.272505136682737570e-01,-4.411393370894335919e-01,-2.509986021579843074e-01,6.838080571205973346e-01,1.000000000000000000e+00,-2.940895259380340576e-01,-1.740498840808868408e-01,-1.789502352476119995e-01,-1.471735686063766479e-01,-1.147603541612625122e-01,-4.509811848402023315e-02
4.179999999999730598e+00,1.069295880481565320e+00,-3.495267400476652075e-01,-6.771351813138145603e-01,-4.653847488848592562e-01,-2.477367678732023404e-01,6.939103120353580234e-01,1.000000000000000000e+00,-2.619074285030364990e-01,-1.428776383399963379e-01,-1.531873792409896851e-01,-1.279183477163314819e-01,-1.179510876536369324e-01,-2.705508470535278320e-02
4.199999999999737277e+00,1.070730548798708881e+00,-3.498480724032034805e-01,-6.094112610406487995e-01,-4.619314783339313335e-01,-2.485872793053581775e-01,6.924714493058047315e-01,1.000000000000000000e+00,-2.381407320499420166e-01,-1.227636709809303284e-01,-1.382463723421096802e-01,-1.091898083686828613e-01,-1.095464751124382019e-01,-2.659903652966022491e-02
4.219999999999743956e+00,1.073758762549251067e+00,-3.486062487512465724e-01,-5.606243830932491345e-01,-4.255553297007638736e-01,-2.553008941407273191e-01,6.773147207086516186e-01,1.000000000000000000e+00,-2.464022785425186157e-01,-1.393606364727020264e-01,-1.426191776990890503e-01,-1.155686303973197937e-01,-1.015280261635780334e-01,-3.975777700543403625e-02
4.239999999999750635e+00,1.080019672893651084e+00,-3.453784220967601737e-01,-5.682100106456805522e-01,-4.014860520992974413e-01,-2.617454482232391411e-01,6.672858550413739431e-01,1.000000000000000000e+00,-2.992483377456665039e-01,-1.879680305719375610e-01,-1.904794275760650635e-01,-1.411444693803787231e-01,-1.097514927387237549e-01,-7.216601818799972534e-02
4.259999999999757314e+00,1.088324668007523144e+00,-3.407472635907194958e-01,-6.324064625762620961e-01,-4.103676318755939967e-01,-2.636356408411966168e-01,6.709865132814974986e-01,1.000000000000000000e+00,-2.921488881111145020e-01,-1.848352104425430298e-01,-2.037420868873596191e-01,-1.248551532626152039e-01,-1.086004525423049927e-01,-9.160808473825454712e-02
4.279999999999763993e+00,1.096065573687125427e+00,-3.360633897445379215e-01,-7.163783663451677164e-01,-4.392150041782268977e-01,-2.620733861041896762e-01,6.830062517409278833e-01,1.000000000000000000e+00,-2.662077248096466064e-01,-1.633300483226776123e-01,-2.032276540994644165e-01,-1.034164056181907654e-01,-1.042568087577819824e-01,-8.667927980422973633e-02
4.299999999999770672e+00,1.102469897653349129e+00,-3.323249834545565773e-01,-7.941634421395679100e-01,-4.656467526814525026e-01,-2.604554183960299807e-01,6.940194802839385613e-01,1.000000000000000000e+00,-2.889380753040313721e-01,-1.673814356327056885e-01,-2.214290499687194824e-01,-1.043648794293403625e-01,-1.153703704476356506e-01,-8.733300864696502686e-02
4.319999999999777351e+00,1.107947202591670122e+00,-3.294908868188997086e-01,-8.654650613945823467e-01,-4.851286817816553021e-01,-2.595275778003305334e-01,7.021369507423563805e-01,1.000000000000000000e+00,-3.070433437824249268e-01,-1.668498814105987549e-01,-2.370726615190505981e-01,-1.030199751257896423e-01,-1.269724369049072266e-01,-8.687527477741241455e-02
4.339999999999784031e+00,1.112766216858920076e+00,-3.274229668971639917e-01,-9.332572387229965960e-01,-4.993797606646447340e-01,-2.590663217334311375e-01,7.080749002769353151e-01,1.000000000000000000e+00,-3.149300813674926758e-01,-1.664436012506484985e-01,-2.458229809999465942e-01,-1.014103516936302185e-01,-1.342954039573669434e-01,-8.814834058284759521e-02
4.359999999999790710e+00,1.117066118700898558e+00,-3.259359967084374254e-01,-1.001487616132912040e+00,-5.082009706439857277e-01,-2.591352048712205480e-01,7.117504044349940440e-01,1.000000000000000000e+00,-3.191408216953277588e-01,-1.693635582923889160e-01,-2.533648908138275146e-01,-1.015039160847663879e-01,-1.398672461509704590e-01,-9.422304481267929077e-02
4.379999999999797389e+00,1.120862689140581070e+00,-3.248823188477037993e-01,-1.072748380860162998e+00,-5.168348968710750890e-01,-2.589727146757082044e-01,7.153478736962812778e-01,1.000000000000000000e+00,-3.163647949695587158e-01,-1.722817569971084595e-01,-2.572243809700012207e-01,-1.007696539163589478e-01,-1.418245434761047363e-01,-1.026543006300926208e-01
4.399999999999804068e+00,1.124066548490388673e+00,-3.242779979730187612e-01,-1.145944093153963728e+00,-5.256942567863835958e-01,-2.585183428713389020e-01,7.190392736609931834e-01,1.000000000000000000e+00,-3.083033263683319092e-01,-1.735708564519882202e-01,-2.562994956970214844e-01,-9.876326471567153931e-02,-1.405834555625915527e-01,-1.104791462421417236e-01
4.419999999999810747e+00,1.126642542509477485e+00,-3.241378572308057371e-01,-1.219432338773705604e+00,-5.300336115885039279e-01,-2.584610563537780292e-01,7.208473381618766274e-01,1.000000000000000000e+00,-3.022411465644836426e-01,-1.751898229122161865e-01,-2.557711005210876465e-01,-9.677087515592575073e-02,-1.392998546361923218e-01,-1.159940212965011597e-01
4.439999999999817426e+00,1.128644548697886663e+00,-3.243518679310345432e-01,-1.293810353894698117e+00,-5.300741897132159597e-01,-2.587918225648826454e-01,7.208642457138400017e-01,1.000000000000000000e+00,-3.007008731365203857e-01,-1.775774508714675903e-01,-2.582439482212066650e-01,-9.501159191131591797e-02,-1.395809501409530640e-01,-1.192441061139106750e-01
4.459999999999824105e+00,1.130097138370770748e+00,-3.248307789015047464e-01,-1.370165201379047293e+00,-5.301073192927754363e-01,-2.589222358092341247e-01,7.208780497053230985e-01,1.000000000000000000e+00,-2.998901307582855225e-01,-1.799896061420440674e-01,-2.616403400897979736e-01,-9.268783032894134521e-02,-1.398416459560394287e-01,-1.211840286850929260e-01
4.479999999999830784e+00,1.130943653646823144e+00,-3.256407015261597593e-01,-1.447694866358794297e+00,-5.314391855100661921e-01,-2.586581406384367843e-01,7.214329939625275800e-01,1.000000000000000000e+00,-2.973647713661193848e-01,-1.821728348731994629e-01,-2.636531293392181396e-01,-9.034435451030731201e-02,-1.388627588748931885e-01,-1.228013262152671814e-01
4.499999999999837463e+00,1.131104846437586131e+00,-3.269276365529064088e-01,-1.524270953750004987e+00,-5.320129678432413689e-01,-2.582554370171248892e-01,7.216720699346839130e-01,1.000000000000000000e+00,-2.942738533020019531e-01,-1.850543171167373657e-01,-2.645389735698699951e-01,-8.956548571586608887e-02,-1.373769491910934448e-01,-1.247764155268669128e-01
4.519999999999844142e+00,1.130530981967372561e+00,-3.287901086692989749e-01,-1.598048275702290244e+00,-5.302421188333220625e-01,-2.579025981842095749e-01,7.209342161805508686e-01,1.000000000000000000e+00,-2.911872863769531250e-01,-1.889864206314086914e-01,-2.649597823619842529e-01,-9.078956395387649536e-02,-1.359148323535919189e-01,-1.270384341478347778e-01
4.539999999999850822e+00,1.129214260514022294e+00,-3.312553665160211658e-01,-1.667818986852199314e+00,-5.249985645443350224e-01,-2.577479121368631554e-01,7.187494018934729167e-01,1.000000000000000000e+00,-2.875618338584899902e-01,-1.933350563049316406e-01,-2.649128139019012451e-01,-9.315928816795349121e-02,-1.342142224311828613e-01,-1.290623098611831665e-01
4.559999999999857501e+00,1.127198062359340724e+00,-3.343058991881824316e-01,-1.732686214908172762e+00,-5.151510529147295125e-01,-2.579648966129939325e-01,7.146462720478039543e-01,1.000000000000000000e+00,-2.836101353168487549e-01,-1.976203620433807373e-01,-2.645682096481323242e-01,-9.570174664258956909e-02,-1.320602148771286011e-01,-1.303718984127044678e-01
4.579999999999864180e+00,1.124574898784969745e+00,-3.378841200537891498e-01,-1.791934362354005161e+00,-5.008411463211484005e-01,-2.585693068831526609e-01,7.086838109671451669e-01,1.000000000000000000e+00,-2.800196111202239990e-01,-2.017991393804550171e-01,-2.641127407550811768e-01,-9.792781621217727661e-02,-1.294345259666442871e-01,-1.307028084993362427e-01
4.599999999999870859e+00,1.121476748950459346e+00,-3.419288274400614225e-01,-1.844947468843349814e+00,-4.835110747114501617e-01,-2.594072297769552948e-01,7.014629477964375859e-01,1.000000000000000000e+00,-2.767509818077087402e-01,-2.057725042104721069e-01,-2.633086442947387695e-01,-9.974782913923263550e-02,-1.262757778167724609e-01,-1.300287246704101562e-01
4.619999999999877538e+00,1.118044179624078094e+00,-3.464161191311873611e-01,-1.890782184538713384e+00,-4.648451306765049029e-01,-2.602998027776246004e-01,6.936854711152103947e-01,1.000000000000000000e+00,-2.729010581970214844e-01,-2.092348039150238037e-01,-2.615140080451965332e-01,-1.012048870325088501e-01,-1.224111616611480713e-01,-1.284472644329071045e-01
4.639999999999884217e+00,1.114337430229621173e+00,-3.513547878157470827e-01,-1.927783545805590748e+00,-4.460937544704742241e-01,-2.610962058886828752e-01,6.858723976960309221e-01,1.000000000000000000e+00,-2.672248780727386475e-01,-2.118620127439498901e-01,-2.578510940074920654e-01,-1.023605614900588989e-01,-1.176740601658821106e-01,-1.260438561439514160e-01
4.659999999999890896e+00,1.110399665933422320e+00,-3.567808574718689951e-01,-1.953918474883930001e+00,-4.268764015604295525e-01,-2.618583310202987624e-01,6.778651673168456515e-01,1.000000000000000000e+00,-2.587779462337493896e-01,-2.133926302194595337e-01,-2.514362931251525879e-01,-1.035198643803596497e-01,-1.121210157871246338e-01,-1.226972863078117371e-01
4.679999999999897575e+00,1.106306299653412761e+00,-3.627612550553689919e-01,-1.967204388779081992e+00,-4.055217858049277591e-01,-2.628506171131079761e-01,6.689674107520532376e-01,1.000000000000000000e+00,-2.471032440662384033e-01,-2.133378088474273682e-01,-2.416211664676666260e-01,-1.049768701195716858e-01,-1.061899065971374512e-01,-1.180810332298278809e-01
4.699999999999904254e+00,1.102142540662418790e+00,-3.693886539551387571e-01,-1.966146134017821678e+00,-3.798136856070265521e-01,-2.644330733219174556e-01,6.582557023362610726e-01,1.000000000000000000e+00,-2.320404797792434692e-01,-2.110748589038848877e-01,-2.280054837465286255e-01,-1.064451634883880615e-01,-1.000586673617362976e-01,-1.117162182927131653e-01
4.719999999999910933e+00,1.097963672885418518e+00,-3.767723755824314291e-01,-1.950028165550547365e+00,-3.482202855648244832e-01,-2.668784727190425254e-01,6.450917856520101967e-01,1.000000000000000000e+00,-2.140199244022369385e-01,-2.062555402517318726e-01,-2.105035483837127686e-01,-1.071757152676582336e-01,-9.338685125112533569e-02,-1.032297834753990173e-01
4.739999999999917613e+00,1.093807785292820522e+00,-3.848991248656337683e-01,-1.919042672878776834e+00,-3.106330388559179201e-01,-2.702992061833141557e-01,6.294304328566324713e-01,1.000000000000000000e+00,-1.942699700593948364e-01,-1.987203359603881836e-01,-1.896338909864425659e-01,-1.066367551684379578e-01,-8.573462069034576416e-02,-9.243695437908172607e-02
4.759999999999924292e+00,1.089818307348916049e+00,-3.936267712004014041e-01,-1.874015029790608189e+00,-2.697536877075042416e-01,-2.744068510798108318e-01,6.123973698781267627e-01,1.000000000000000000e+00,-1.742825955152511597e-01,-1.887166500091552734e-01,-1.667186915874481201e-01,-1.043071672320365906e-01,-7.683210074901580811e-02,-7.973457127809524536e-02
4.779999999999930971e+00,1.086141621463690532e+00,-4.027285301420485131e-01,-1.817443560728554397e+00,-2.332719672778519049e-01,-2.779918878142021432e-01,5.971966530324382960e-01,1.000000000000000000e+00,-1.574825197458267212e-01,-1.790490597486495972e-01,-1.452794820070266724e-01,-1.012539789080619812e-01,-6.772630661725997925e-02,-6.721653044223785400e-02
4.799999999999937650e+00,1.082954349537981864e+00,-4.117585054794108412e-01,-1.754909413250584471e+00,-2.111566245519362062e-01,-2.793209175141968537e-01,5.879819268966400836e-01,1.000000000000000000e+00,-1.490980237722396851e-01,-1.748520731925964355e-01,-1.312296241521835327e-01,-1.004910022020339966e-01,-6.098441034555435181e-02,-5.842028185725212097e-02
4.819999999999944329e+00,1.080480205826950257e+00,-4.200685816651049675e-01,-1.695158544882611640e+00,-2.096050495597339136e-01,-2.773565223959356119e-01,5.873354373165557973e-01,1.000000000000000000e+00,-1.523744463920593262e-01,-1.801753789186477661e-01,-1.294923722743988037e-01,-1.045939251780509949e-01,-5.870213732123374939e-02,-5.588532611727714539e-02
4.839999999999951008e+00,1.078957857214584148e+00,-4.269940967850744951e-01,-1.648304765868195743e+00,-2.326499557080975999e-01,-2.716275382464068411e-01,5.969374815450406713e-01,1.000000000000000000e+00,-1.707019060850143433e-01,-1.980365961790084839e-01,-1.441273242235183716e-01,-1.155506446957588196e-01,-6.250323355197906494e-02,-6.133852899074554443e-02
4.859999999999957687e+00,1.078529576977171445e+00,-4.321491774484784720e-01,-1.622640152857527607e+00,-2.723839226810700898e-01,-2.639969116435273433e-01,6.134933011171125328e-01,1.000000000000000000e+00,-2.038240879774093628e-01,-2.272149771451950073e-01,-1.764537990093231201e-01,-1.312727779150009155e-01,-7.210152596235275269e-02,-7.643521577119827271e-02
4.879999999999964366e+00,1.078794182001837187e+00,-4.360271841986315122e-01,-1.614442823173718233e+00,-2.906868310152640467e-01,-2.607733453238443300e-01,6.211195129230266954e-01,1.000000000000000000e+00,-2.279718369245529175e-01,-2.490762770175933838e-01,-2.063244134187698364e-01,-1.362153291702270508e-01,-7.687720656394958496e-02,-9.487913548946380615e-02
4.899999999999971045e+00,1.078911703327600780e+00,-4.399801131748398708e-01,-1.605745534516013873e+00,-2.778564704773899829e-01,-2.625527152331795788e-01,6.157735293655791642e-01,1.000000000000000000e+00,-2.363710254430770874e-01,-2.568451464176177979e-01,-2.142387330532073975e-01,-1.372020393610000610e-01,-7.510912418365478516e-02,-1.017069965600967407e-01
4.919999999999977724e+00,1.078347876851521114e+00,-4.451062387435682499e-01,-1.579436275129810996e+00,-2.394068323027110645e-01,-2.682233354240970979e-01,5.997528467927962792e-01,1.000000000000000000e+00,-2.438863217830657959e-01,-2.554379701614379883e-01,-2.066414356231689453e-01,-1.476109027862548828e-01,-7.814276963472366333e-02,-9.298823773860931396e-02
4.939999999999984404e+00,1.076925748640877867e+00,-4.520383826924200266e-01,-1.523331693648059648e+00,-1.654162347965752455e-01,-2.803263935736225454e-01,5.689234311652396903e-01,1.000000000000000000e+00,-2.339990139007568359e-01,-2.282116711139678955e-01,-1.750516593456268311e-01,-1.509703099727630615e-01,-7.814674079418182373e-02,-6.247956305742263794e-02
4.959999999999991083e+00,1.074864305893743044e+00,-4.609266716915876305e-01,-1.426108791894060035e+00,-8.327029438278783779e-02,-2.948371510054214051e-01,5.346959559928282646e-01,1.000000000000000000e+00,-1.866254508495330811e-01,-1.684181839227676392e-01,-1.224100962281227112e-01,-1.241153329610824585e-01,-6.993646174669265747e-02,-2.799027785658836365e-02
4.979999999999997762e+00,1.073126634150000758e+00,-4.711478966096712129e-01,-1.282976700924343127e+00,-2.784195906678519142e-02,-3.048483101118126815e-01,5.116008162778271640e-01,1.000000000000000000e+00,-1.273643225431442261e-01,-1.159222871065139771e-01,-6.773995608091354370e-02,-8.668806403875350952e-02,-4.765156656503677368e-02,-6.631657946854829788e-03
5.000000000000004441e+00,1.073121830081105177e+00,-4.811709859619631713e-01,-1.105327217152918040e+00,-2.911648362201280094e-02,-3.028261613895575355e-01,5.121318681758386671e-01,1.000000000000000000e+00,-9.348919242620468140e-02,-9.739077836275100708e-02,-3.238702192902565002e-02,-7.015717774629592896e-02,-2.660833112895488739e-02,2.778603695333003998e-03
5.020000000000011120e+00,1.076668592421424098e+00,-4.893450303883081220e-01,-9.333100277037753578e-01,-8.109226951418051221e-02,-2.913048032843915669e-01,5.337884456309085479e-01,1.000000000000000000e+00,-8.881826698780059814e-02,-1.008116230368614197e-01,-2.428893558681011200e-02,-7.161062955856323242e-02,-2.193647995591163635e-02,4.187865182757377625e-03
5.040000000000017799e+00,1.084501722286620895e+00,-4.953894230713852265e-01,-8.155660319656617974e-01,-1.698608204877284922e-01,-2.752093662529354612e-01,5.707753418698868764e-01,1.000000000000000000e+00,-1.207822859287261963e-01,-1.230173259973526001e-01,-4.725117608904838562e-02,-9.279592335224151611e-02,-3.620940446853637695e-02,-6.358675658702850342e-03
5.060000000000024478e+00,1.095798565076984810e+00,-4.999613008150459725e-01,-7.827866669919332221e-01,-2.642279796598758779e-01,-2.617987598057390231e-01,6.100949915249482824e-01,1.000000000000000000e+00,-2.252157479524612427e-01,-1.956050843000411987e-01,-1.351971179246902466e-01,-1.487383544445037842e-01,-7.584101706743240356e-02,-4.190336167812347412e-02
5.080000000000031157e+00,1.107734114479217880e+00,-5.024211426743343534e-01,-8.278234256871478403e-01,-3.259873679051603079e-01,-2.561162789927142747e-01,6.358280699604834663e-01,1.000000000000000000e+00,-3.029263317584991455e-01,-2.420603483915328979e-01,-2.370197623968124390e-01,-1.437335461378097534e-01,-1.084883064031600952e-01,-1.046601384878158569e-01
5.100000000000037836e+00,1.117821313755168244e+00,-5.027512338982285112e-01,-9.081271643141103356e-01,-3.344338599777908483e-01,-2.588448056939776087e-01,6.393474416574128627e-01,1.000000000000000000e+00,-2.592062950134277344e-01,-2.163763493299484253e-01,-2.225501984357833862e-01,-1.165628656744956970e-01,-8.574950695037841797e-02,-9.844609349966049194e-02
5.120000000000044516e+00,1.125730863497059753e+00,-5.025892798915863047e-01,-9.750747148017484545e-01,-3.138447978643112424e-01,-2.653163497740700372e-01,6.307686657767963556e-01,1.000000000000000000e+00,-2.783071994781494141e-01,-2.213241755962371826e-01,-2.160956859588623047e-01,-1.308410167694091797e-01,-8.290806412696838379e-02,-8.186550438404083252e-02
5.140000000000051195e+00,1.131381235120400452e+00,-5.030437879737099660e-01,-1.006946947575031448e+00,-3.009789546624083156e-01,-2.695751656120130013e-01,6.254078977760034741e-01,1.000000000000000000e+00,-3.127216696739196777e-01,-2.092144191265106201e-01,-2.071714848279953003e-01,-1.520816832780838013e-01,-1.046031340956687927e-01,-6.960968673229217529e-02
5.160000000000057874e+00,1.134844709540302921e+00,-5.040636391946675676e-01,-9.982099127155299456e-01,-2.877748941694465712e-01,-2.731344390246409626e-01,6.199062059039360806e-01,1.000000000000000000e+00,-3.027186393737792969e-01,-1.800334453582763672e-01,-1.869403421878814697e-01,-1.511320769786834717e-01,-1.163121238350868225e-01,-4.896851629018783569e-02
5.180000000000064553e+00,1.136607894019396880e+00,-5.052561229060690273e-01,-9.515984718419936428e-01,-2.736383166319139582e-01,-2.763025888678812270e-01,6.140159652632974918e-01,1.000000000000000000e+00,-2.739783227443695068e-01,-1.505094766616821289e-01,-1.619405597448348999e-01,-1.348325163125991821e-01,-1.209928169846534729e-01,-3.106065467000007629e-02
5.200000000000071232e+00,1.138065789982261489e+00,-5.059631314491647158e-01,-8.871008260025000647e-01,-2.605920239863585008e-01,-2.793675204912766663e-01,6.085800099943160513e-01,1.000000000000000000e+00,-2.523559331893920898e-01,-1.313310116529464722e-01,-1.496681272983551025e-01,-1.166474372148513794e-01,-1.153803914785385132e-01,-3.041226789355278015e-02
5.220000000000077911e+00,1.141355166460639836e+00,-5.056378663846382571e-01,-8.411520179764671035e-01,-2.557997212405858645e-01,-2.818452146820562554e-01,6.065832171835774389e-01,1.000000000000000000e+00,-2.613385021686553955e-01,-1.475432217121124268e-01,-1.566060781478881836e-01,-1.219153329730033875e-01,-1.080864369869232178e-01,-4.446296766400337219e-02
5.240000000000084590e+00,1.148173342411001663e+00,-5.041762043201327703e-01,-8.508102133658664856e-01,-2.631853685227159012e-01,-2.834450342839753834e-01,6.096605702177982922e-01,1.000000000000000000e+00,-3.113506138324737549e-01,-1.954075545072555542e-01,-2.031877487897872925e-01,-1.446027010679244995e-01,-1.142221689224243164e-01,-7.640623301267623901e-02
5.260000000000091269e+00,1.157227612678235040e+00,-5.017758281274962151e-01,-9.153256091589525578e-01,-2.884694136806747466e-01,-2.824122524034627379e-01,6.201955890336144916e-01,1.000000000000000000e+00,-3.002661466598510742e-01,-1.908844560384750366e-01,-2.123359441757202148e-01,-1.288728266954421997e-01,-1.113919317722320557e-01,-9.341947734355926514e-02
5.280000000000097948e+00,1.165669159240008135e+00,-4.992199038799677302e-01,-9.968337806562268533e-01,-3.259813142644881201e-01,-2.789805162271539740e-01,6.358255476102033787e-01,1.000000000000000000e+00,-2.766196429729461670e-01,-1.709217429161071777e-01,-2.110736519098281860e-01,-1.101082786917686462e-01,-1.083501279354095459e-01,-8.857060968875885010e-02
5.300000000000104627e+00,1.172614232789420452e+00,-4.972715189857842555e-01,-1.071520221036293075e+00,-3.560497960526718964e-01,-2.764565010775077436e-01,6.483540816886133040e-01,1.000000000000000000e+00,-3.016489744186401367e-01,-1.742326319217681885e-01,-2.308189272880554199e-01,-1.112759038805961609e-01,-1.216056272387504578e-01,-9.052140265703201294e-02
5.320000000000111307e+00,1.178531418534717101e+00,-4.959095805832878789e-01,-1.140906953546807046e+00,-3.763410085467602251e-01,-2.752226917202275080e-01,6.568087535611500938e-01,1.000000000000000000e+00,-3.181772232055664062e-01,-1.741294860839843750e-01,-2.469345331192016602e-01,-1.088301911950111389e-01,-1.324214935302734375e-01,-9.025536477565765381e-02
5.340000000000117986e+00,1.183673520063843743e+00,-4.950648871831057063e-01,-1.207702800892566541e+00,-3.914753284699074021e-01,-2.744940425575064236e-01,6.631147201957947601e-01,1.000000000000000000e+00,-3.240725398063659668e-01,-1.736606657505035400e-01,-2.551732063293457031e-01,-1.061583757400512695e-01,-1.381830126047134399e-01,-9.160006046295166016e-02
5.360000000000124665e+00,1.188186224954014270e+00,-4.946056920117634648e-01,-1.275252677443764027e+00,-4.040012485160681122e-01,-2.738910139183676207e-01,6.683338535483617227e-01,1.000000000000000000e+00,-3.276317119598388672e-01,-1.763673722743988037e-01,-2.617702484130859375e-01,-1.062154099345207214e-01,-1.427335590124130249e-01,-9.732645004987716675e-02
5.380000000000131344e+00,1.192110638050197124e+00,-4.944107846846780285e-01,-1.345819677910125023e+00,-4.156916441121243921e-01,-2.731586627389633315e-01,6.732048517133851773e-01,1.000000000000000000e+00,-3.245819211006164551e-01,-1.787267774343490601e-01,-2.643885612487792969e-01,-1.057541295886039734e-01,-1.442395448684692383e-01,-1.048614233732223511e-01
5.400000000000138023e+00,1.195363931900537580e+00,-4.944835805103604542e-01,-1.418371948681738104e+00,-4.244599910900275219e-01,-2.726349642809318130e-01,6.768583296208448008e-01,1.000000000000000000e+00,-3.171280324459075928e-01,-1.796401441097259521e-01,-2.630179822444915771e-01,-1.040908321738243103e-01,-1.432369649410247803e-01,-1.116678267717361450e-01
5.420000000000144702e+00,1.197912526419144585e+00,-4.948314816789827764e-01,-1.491540417522966511e+00,-4.290473209276149391e-01,-2.725149980541176631e-01,6.787697170531729052e-01,1.000000000000000000e+00,-3.114626705646514893e-01,-1.810852736234664917e-01,-2.625653743743896484e-01,-1.020042151212692261e-01,-1.422318816184997559e-01,-1.166769638657569885e-01
5.440000000000151381e+00,1.199814000604721986e+00,-4.953784451100041730e-01,-1.565793898347062729e+00,-4.320963616872696700e-01,-2.724009337677968379e-01,6.800401507030290338e-01,1.000000000000000000e+00,-3.091706633567810059e-01,-1.833893209695816040e-01,-2.648587524890899658e-01,-9.972061216831207275e-02,-1.420843005180358887e-01,-1.199694722890853882e-01
5.460000000000158060e+00,1.201091924033260927e+00,-4.960645685016118467e-01,-1.641837580285496978e+00,-4.358536402228668782e-01,-2.719577267590760350e-01,6.816056834261945419e-01,1.000000000000000000e+00,-3.072962164878845215e-01,-1.857462376356124878e-01,-2.678011655807495117e-01,-9.701047092676162720e-02,-1.416318267583847046e-01,-1.222469136118888855e-01
5.480000000000164739e+00,1.201678887475318147e+00,-4.969377603015366907e-01,-1.718795306452526761e+00,-4.392025355896295724e-01,-2.713424183789111543e-01,6.830010564956789931e-01,1.000000000000000000e+00,-3.041832745075225830e-01,-1.879589855670928955e-01,-2.693881988525390625e-01,-9.466500580310821533e-02,-1.402574032545089722e-01,-1.241741850972175598e-01
5.500000000000171418e+00,1.201480717440097656e+00,-4.981027173193874891e-01,-1.794769442061531661e+00,-4.401152885144132831e-01,-2.708260458519070046e-01,6.833813702143388680e-01,1.000000000000000000e+00,-3.007485866546630859e-01,-1.908252984285354614e-01,-2.698174715042114258e-01,-9.398081898689270020e-02,-1.386283040046691895e-01,-1.261845529079437256e-01
5.520000000000178098e+00,1.200437475643490348e+00,-4.996330719053935776e-01,-1.868094662612480361e+00,-4.378448948500087701e-01,-2.704901990695640079e-01,6.824353728541703301e-01,1.000000000000000000e+00,-2.973015606403350830e-01,-1.946142911911010742e-01,-2.696390450000762939e-01,-9.516538679599761963e-02,-1.370659768581390381e-01,-1.282216608524322510e-01
5.540000000000184777e+00,1.198536997888274946e+00,-5.015526981543504403e-01,-1.937615808527513250e+00,-4.321998090097327605e-01,-2.703585443237194741e-01,6.800832537540553169e-01,1.000000000000000000e+00,-2.934966683387756348e-01,-1.988148987293243408e-01,-2.690190672874450684e-01,-9.742571413516998291e-02,-1.353213191032409668e-01,-1.299356818199157715e-01
5.560000000000191456e+00,1.195820258674535674e+00,-5.038560972742512911e-01,-2.002461087924156669e+00,-4.231160118636332901e-01,-2.704584006603014679e-01,6.762983382765138662e-01,1.000000000000000000e+00,-2.895824313163757324e-01,-2.029848545789718628e-01,-2.682539820671081543e-01,-9.988019615411758423e-02,-1.331744194030761719e-01,-1.309860795736312866e-01
5.580000000000198135e+00,1.192380275296650360e+00,-5.065143313682231030e-01,-2.061893586116790633e+00,-4.112250816328817948e-01,-2.707283593919960762e-01,6.713437840137007617e-01,1.000000000000000000e+00,-2.859988808631896973e-01,-2.070194631814956665e-01,-2.674984931945800781e-01,-1.020428761839866638e-01,-1.305149346590042114e-01,-1.311704963445663452e-01
5.600000000000204814e+00,1.188347865428609484e+00,-5.095077690049756303e-01,-2.115198292031887473e+00,-3.975963107510039896e-01,-2.710499676526407775e-01,6.656651294795850049e-01,1.000000000000000000e+00,-2.825939059257507324e-01,-2.108272910118103027e-01,-2.664788663387298584e-01,-1.038115993142127991e-01,-1.272596120834350586e-01,-1.304725855588912964e-01
5.620000000000211493e+00,1.183862463613714278e+00,-5.128565620705299866e-01,-2.161351999867703100e+00,-3.828879605384206131e-01,-2.713749902310657047e-01,6.595366502243419360e-01,1.000000000000000000e+00,-2.785575687885284424e-01,-2.141324281692504883e-01,-2.645614147186279297e-01,-1.052411347627639771e-01,-1.233194395899772644e-01,-1.289599090814590454e-01
5.640000000000218172e+00,1.178986733736808068e+00,-5.165873665700305706e-01,-2.198688589658616355e+00,-3.670884242724756774e-01,-2.717342159742854868e-01,6.529535101135315323e-01,1.000000000000000000e+00,-2.728152573108673096e-01,-2.166169434785842896e-01,-2.609288394451141357e-01,-1.064239442348480225e-01,-1.186391487717628479e-01,-1.266662031412124634e-01
5.660000000000224851e+00,1.173759321559868063e+00,-5.207362536029487288e-01,-2.225287451322043974e+00,-3.492437513027504825e-01,-2.722960471136894878e-01,6.455182297094793631e-01,1.000000000000000000e+00,-2.646084725856781006e-01,-2.180900871753692627e-01,-2.548049688339233398e-01,-1.076945438981056213e-01,-1.133255884051322937e-01,-1.234405785799026489e-01
5.680000000000231530e+00,1.168244475333482635e+00,-5.253683176875929561e-01,-2.239391189596823040e+00,-3.279371817160359193e-01,-2.733159593253004505e-01,6.366404923816816330e-01,1.000000000000000000e+00,-2.536375224590301514e-01,-2.182139605283737183e-01,-2.456738650798797607e-01,-1.093074604868888855e-01,-1.077404394745826721e-01,-1.190292611718177795e-01
5.700000000000238209e+00,1.162510122992556738e+00,-5.305699278493789528e-01,-2.239782673790316814e+00,-3.017219251789989287e-01,-2.750685827805666728e-01,6.257174688245829008e-01,1.000000000000000000e+00,-2.398431450128555298e-01,-2.165497839450836182e-01,-2.332291603088378906e-01,-1.109690442681312561e-01,-1.019749417901039124e-01,-1.130888909101486206e-01
5.720000000000244889e+00,1.156594690709324080e+00,-5.364396225449485911e-01,-2.225981411547040878e+00,-2.697954532043183029e-01,-2.777395714836318197e-01,6.124147721684659595e-01,1.000000000000000000e+00,-2.236334532499313354e-01,-2.128330767154693604e-01,-2.173969745635986328e-01,-1.120932176709175110e-01,-9.577651321887969971e-02,-1.053361445665359497e-01
5.740000000000251568e+00,1.150530609778097624e+00,-5.429769831723795237e-01,-2.198326853131103764e+00,-2.321718126891599010e-01,-2.814411190137283691e-01,5.967382552871499657e-01,1.000000000000000000e+00,-2.060221135616302490e-01,-2.068799287080764771e-01,-1.985558420419692993e-01,-1.122952848672866821e-01,-8.885766565799713135e-02,-9.557754546403884888e-02
5.760000000000258247e+00,1.144472762489531892e+00,-5.500914659936526618e-01,-2.157560434672438188e+00,-1.911841541998690330e-01,-2.859187199620153441e-01,5.796600642499454281e-01,1.000000000000000000e+00,-1.881508529186248779e-01,-1.986349672079086304e-01,-1.777668297290802002e-01,-1.110124811530113220e-01,-8.098473399877548218e-02,-8.400687575340270996e-02
5.780000000000264926e+00,1.138588955926915558e+00,-5.576563799248407394e-01,-2.105447226954322293e+00,-1.532333383736203258e-01,-2.900866430806874896e-01,5.638472243223418001e-01,1.000000000000000000e+00,-1.721780300140380859e-01,-1.896881908178329468e-01,-1.574111282825469971e-01,-1.085455715656280518e-01,-7.263641804456710815e-02,-7.194706797599792480e-02
5.800000000000271605e+00,1.133093773608525590e+00,-5.654019927400220080e-01,-2.045970137537047595e+00,-1.282988974048843711e-01,-2.920144676251202887e-01,5.534578739187018259e-01,1.000000000000000000e+00,-1.624586284160614014e-01,-1.840728223323822021e-01,-1.421213299036026001e-01,-1.071948483586311340e-01,-6.575064361095428467e-02,-6.226058304309844971e-02
5.820000000000278284e+00,1.128303317170080255e+00,-5.728721543442871766e-01,-1.986027541230392712e+00,-1.246125150536473991e-01,-2.900997570149062010e-01,5.519218812723530876e-01,1.000000000000000000e+00,-1.626619398593902588e-01,-1.859581321477890015e-01,-1.366803199052810669e-01,-1.096518635749816895e-01,-6.241003423929214478e-02,-5.763887614011764526e-02
5.840000000000284963e+00,1.124587793036470051e+00,-5.795316235079541745e-01,-1.934434899904952099e+00,-1.486355905028252933e-01,-2.833373266345560748e-01,5.619314960428438699e-01,1.000000000000000000e+00,-1.756022125482559204e-01,-1.983575671911239624e-01,-1.448618918657302856e-01,-1.178880333900451660e-01,-6.417007744312286377e-02,-5.983129888772964478e-02
5.860000000000291642e+00,1.122247758512404436e+00,-5.849820571008771397e-01,-1.899585027202533416e+00,-1.979139449432746889e-01,-2.729142924622418587e-01,5.824641437263644583e-01,1.000000000000000000e+00,-2.026380598545074463e-01,-2.218866348266601562e-01,-1.691346019506454468e-01,-1.316218823194503784e-01,-7.167185842990875244e-02,-7.050912827253341675e-02
5.880000000000298321e+00,1.121116484517158618e+00,-5.893050582047324459e-01,-1.882787596810524988e+00,-2.313999064480874723e-01,-2.666147514817371333e-01,5.964166276867031158e-01,1.000000000000000000e+00,-2.307436019182205200e-01,-2.460090368986129761e-01,-2.000025063753128052e-01,-1.412505805492401123e-01,-7.950876653194427490e-02,-8.780258893966674805e-02
5.900000000000305000e+00,1.120305573229104290e+00,-5.932904092056726642e-01,-1.871978398799738708e+00,-2.210836046505486041e-01,-2.681900256422600215e-01,5.921181686043952563e-01,1.000000000000000000e+00,-2.435505241155624390e-01,-2.576668560504913330e-01,-2.155975848436355591e-01,-1.419144570827484131e-01,-8.004198968410491943e-02,-9.941370785236358643e-02
5.920000000000311680e+00,1.118895843611725782e+00,-5.978608197517769618e-01,-1.850331541615906294e+00,-1.788738396847527612e-01,-2.750846812410064346e-01,5.745307665353136528e-01,1.000000000000000000e+00,-2.516573667526245117e-01,-2.598437070846557617e-01,-2.140040248632431030e-01,-1.486437618732452393e-01,-8.100874722003936768e-02,-9.653998166322708130e-02
5.940000000000318359e+00,1.116420848302994262e+00,-6.036065044086008635e-01,-1.805629668843952818e+00,-9.786479909698116153e-02,-2.896376260562432692e-01,5.407769996237421495e-01,1.000000000000000000e+00,-2.522677779197692871e-01,-2.437098324298858643e-01,-1.930426955223083496e-01,-1.575876176357269287e-01,-8.286699652671813965e-02,-7.359381020069122314e-02
5.960000000000325038e+00,1.112772007492265791e+00,-6.109025722342971143e-01,-1.725766212335157368e+00,-1.497567649371189845e-03,-3.097715544064205129e-01,4.993760134794286709e-01,1.000000000000000000e+00,-2.218457162380218506e-01,-1.978241354227066040e-01,-1.511370390653610229e-01,-1.438561230897903442e-01,-7.925210148096084595e-02,-4.061874002218246460e-02
5.980000000000331717e+00,1.108541048944032159e+00,-6.196599346129023633e-01,-1.601204630579371013e+00,-7.909707684289624119e-02,-3.268996341574614828e-01,4.670428846487932328e-01,1.000000000000000000e+00,-1.613786816596984863e-01,-1.398290693759918213e-01,-9.595146030187606812e-02,-1.062252521514892578e-01,-6.222105398774147034e-02,-1.484307181090116501e-02
6.000000000000338396e+00,1.105193070841754555e+00,-6.290815706035266519e-01,-1.434935995482953031e+00,-1.028708131835489592e-01,-3.310770689038621262e-01,4.571371611735212670e-01,1.000000000000000000e+00,-1.122833266854286194e-01,-1.064460724592208862e-01,-5.006607994437217712e-02,-7.916608452796936035e-02,-3.709055110812187195e-02,-1.845247927121818066e-03
6.020000000000345075e+00,1.105003794016354179e+00,-6.380159590365576117e-01,-1.257478133687338184e+00,-5.721749510540941053e-02,-3.178495571579603163e-01,4.761593770394127456e-01,1.000000000000000000e+00,-9.780465066432952881e-02,-1.033854633569717407e-01,-3.304304182529449463e-02,-7.418180257081985474e-02,-2.607927657663822174e-02,1.370499958284199238e-03
6.040000000000351754e+00,1.109464853641200177e+00,-6.459918842805114636e-01,-1.119644079061830499e+00,-4.703140664460807308e-02,-2.937998040632078256e-01,5.195964194352533649e-01,1.000000000000000000e+00,-1.194207519292831421e-01,-1.193243861198425293e-01,-4.756276309490203857e-02,-8.915061503648757935e-02,-3.495703265070915222e-02,-6.070194765925407410e-03
6.060000000000358433e+00,1.118230841363968775e+00,-6.535124747857337102e-01,-1.061503953394363320e+00,-1.940780231268014744e-01,-2.671547824604669774e-01,5.808658429695006120e-01,1.000000000000000000e+00,-2.014391869306564331e-01,-1.753482073545455933e-01,-1.109884157776832581e-01,-1.359109580516815186e-01,-6.677501648664474487e-02,-3.252441436052322388e-02
6.080000000000365112e+00,1.129007338104598634e+00,-6.597393787908749641e-01,-1.085143145898076478e+00,-3.129733547662228998e-01,-2.518220905012895638e-01,6.304055644859262175e-01,1.000000000000000000e+00,-3.139708340167999268e-01,-2.427316308021545410e-01,-2.295215427875518799e-01,-1.594017148017883301e-01,-1.111645326018333435e-01,-9.344271570444107056e-02
6.100000000000371791e+00,1.139173798634589785e+00,-6.634188294175416001e-01,-1.159629092980648535e+00,-3.240169917199406946e-01,-2.552416298602665501e-01,6.350070798833086227e-01,1.000000000000000000e+00,-2.769532203674316406e-01,-2.251486927270889282e-01,-2.365278005599975586e-01,-1.245427504181861877e-01,-9.753462672233581543e-02,-1.044345274567604065e-01
6.120000000000378471e+00,1.147624114181079680e+00,-6.654967619428175940e-01,-1.235016815083239905e+00,-2.741356507710169255e-01,-2.676096032077825426e-01,6.142231878212570662e-01,1.000000000000000000e+00,-2.807128727436065674e-01,-2.235406786203384399e-01,-2.258863002061843872e-01,-1.271301805973052979e-01,-8.584602922201156616e-02,-8.738329261541366577e-02
6.140000000000385150e+00,1.153719872728053986e+00,-6.673942385188864623e-01,-1.278077533812290500e+00,-2.384623771726538943e-01,-2.767315674181880514e-01,5.993593238219391273e-01,1.000000000000000000e+00,-3.055807948112487793e-01,-2.133030146360397339e-01,-2.132416367530822754e-01,-1.453251242637634277e-01,-9.878112375736236572e-02,-7.555268704891204834e-02
6.160000000000391829e+00,1.157462634147921499e+00,-6.693007490605453746e-01,-1.280295891555213172e+00,-1.881505052208709838e-01,-2.883455323585989438e-01,5.783960438420295835e-01,1.000000000000000000e+00,-3.144343197345733643e-01,-1.906739622354507446e-01,-1.987828165292739868e-01,-1.563932448625564575e-01,-1.163036674261093140e-01,-5.653483420610427856e-02
6.180000000000398508e+00,1.159415128631015923e+00,-6.709642718772167447e-01,-1.244920734725423861e+00,-1.455662407430598770e-01,-2.983493197039146505e-01,5.606526003096082844e-01,1.000000000000000000e+00,-2.892836928367614746e-01,-1.618538200855255127e-01,-1.738952249288558960e-01,-1.448927670717239380e-01,-1.227457672357559204e-01,-3.769623488187789917e-02
6.200000000000405187e+00,1.160826429183442698e+00,-6.721627945064349019e-01,-1.188207731876936402e+00,-1.256377790134845240e-01,-3.037045561545654859e-01,5.523490745889518827e-01,1.000000000000000000e+00,-2.684681415557861328e-01,-1.415279805660247803e-01,-1.618809998035430908e-01,-1.263508200645446777e-01,-1.222039535641670227e-01,-3.328667581081390381e-02
6.220000000000411866e+00,1.163782355893810072e+00,-6.728836275316363302e-01,-1.143874457367619168e+00,-1.403752121526628538e-01,-3.021412598378232506e-01,5.584896717302761937e-01,1.000000000000000000e+00,-2.744953632354736328e-01,-1.508948802947998047e-01,-1.693610101938247681e-01,-1.264159530401229858e-01,-1.166775375604629517e-01,-4.572613164782524109e-02
6.240000000000418545e+00,1.170283737896421927e+00,-6.733368141410993601e-01,-1.151396553593696748e+00,-1.680722445329774217e-01,-2.992815226610409107e-01,5.700301018887405924e-01,1.000000000000000000e+00,-3.181505799293518066e-01,-1.962942481040954590e-01,-2.105053663253784180e-01,-1.454172581434249878e-01,-1.186167821288108826e-01,-7.502423971891403198e-02
6.260000000000425224e+00,1.179317702874589369e+00,-6.734128983179588079e-01,-1.212893613743326826e+00,-2.049589565659209189e-01,-2.956147648375326287e-01,5.853995652358003898e-01,1.000000000000000000e+00,-3.113423585891723633e-01,-1.968682259321212769e-01,-2.213697880506515503e-01,-1.347615271806716919e-01,-1.147300302982330322e-01,-9.338266402482986450e-02
6.280000000000431903e+00,1.187803499532218199e+00,-6.732587532979239509e-01,-1.289864853250405341e+00,-2.481162409767194710e-01,-2.907624006358435209e-01,6.033817670736331129e-01,1.000000000000000000e+00,-2.854984402656555176e-01,-1.778906136751174927e-01,-2.163376212120056152e-01,-1.168381497263908386e-01,-1.108193024992942810e-01,-9.038022160530090332e-02
6.300000000000438583e+00,1.194762186839134710e+00,-6.733038549776267923e-01,-1.360307532138442577e+00,-2.815909219987465240e-01,-2.873994374998449230e-01,6.173295508328110470e-01,1.000000000000000000e+00,-3.110668361186981201e-01,-1.806332617998123169e-01,-2.359725087881088257e-01,-1.184837147593498230e-01,-1.254854649305343628e-01,-9.382023662328720093e-02
6.320000000000445262e+00,1.200750409357135950e+00,-6.735655477091468946e-01,-1.427675586240941152e+00,-2.988726186668775320e-01,-2.866794853259205800e-01,6.245302577778656383e-01,1.000000000000000000e+00,-3.274980187416076660e-01,-1.812145262956619263e-01,-2.542550563812255859e-01,-1.150747165083885193e-01,-1.367818713188171387e-01,-9.401442855596542358e-02
6.340000000000451941e+00,1.205970690311259030e+00,-6.740431207545898307e-01,-1.494102753067416467e+00,-3.103859872815143417e-01,-2.865944712365338098e-01,6.293274947006309850e-01,1.000000000000000000e+00,-3.306943774223327637e-01,-1.798248738050460815e-01,-2.627095878124237061e-01,-1.099929139018058777e-01,-1.409345865249633789e-01,-9.475950151681900024e-02
6.360000000000458620e+00,1.210498269912634983e+00,-6.746906371045686690e-01,-1.561250276258591141e+00,-3.232589047958896455e-01,-2.859057751910800693e-01,6.346912103316206810e-01,1.000000000000000000e+00,-3.331859111785888672e-01,-1.814615726470947266e-01,-2.681362628936767578e-01,-1.092290207743644714e-01,-1.440467536449432373e-01,-9.922535717487335205e-02
6.380000000000465299e+00,1.214389330184113991e+00,-6.754239872308583914e-01,-1.631006800206754148e+00,-3.356951351097961500e-01,-2.850238445401777065e-01,6.398729729624150764e-01,1.000000000000000000e+00,-3.310519754886627197e-01,-1.834220737218856812e-01,-2.700052261352539062e-01,-1.093476638197898865e-01,-1.454499065876007080e-01,-1.055762544274330139e-01
6.400000000000471978e+00,1.217585996697681860e+00,-6.762261741109609758e-01,-1.702893147039999944e+00,-3.441434467275335529e-01,-2.845789344704888202e-01,6.433931028031389943e-01,1.000000000000000000e+00,-3.246420919895172119e-01,-1.842853277921676636e-01,-2.684648036956787109e-01,-1.084302738308906555e-01,-1.449819803237915039e-01,-1.115844324231147766e-01
6.420000000000478657e+00,1.220041110015575470e+00,-6.771042715101784903e-01,-1.775742868061568114e+00,-3.495449797564165739e-01,-2.843845764883722316e-01,6.456437415651735678e-01,1.000000000000000000e+00,-3.187183737754821777e-01,-1.856076419353485107e-01,-2.676310539245605469e-01,-1.064329892396926880e-01,-1.441373378038406372e-01,-1.164527982473373413e-01
6.440000000000485336e+00,1.221790416662469791e+00,-6.780195135565403319e-01,-1.849621332742669599e+00,-3.552193336797691559e-01,-2.838830156823677897e-01,6.480080556999038288e-01,1.000000000000000000e+00,-3.150777220726013184e-01,-1.878841668367385864e-01,-2.692892253398895264e-01,-1.037347540259361267e-01,-1.434137225151062012e-01,-1.200966984033584595e-01
6.460000000000492015e+00,1.222860466325155215e+00,-6.789249966152217652e-01,-1.924940816883551120e+00,-3.615236819639349730e-01,-2.830336835995598266e-01,6.506348674849729008e-01,1.000000000000000000e+00,-3.121632337570190430e-01,-1.903463304042816162e-01,-2.717838585376739502e-01,-1.007330939173698425e-01,-1.422838568687438965e-01,-1.228159144520759583e-01
6.480000000000498694e+00,1.223200905419473239e+00,-6.798309565336428939e-01,-2.001042147910381264e+00,-3.658667400649773804e-01,-2.822541302922921824e-01,6.524444750270739224e-01,1.000000000000000000e+00,-3.087311685085296631e-01,-1.926637738943099976e-01,-2.731940746307373047e-01,-9.833963960409164429e-02,-1.405706256628036499e-01,-1.249375194311141968e-01
6.500000000000505374e+00,1.222724148830363511e+00,-6.807946176626522572e-01,-2.076393133068302532e+00,-3.662426323437671383e-01,-2.818304296261118225e-01,6.526010968099029697e-01,1.000000000000000000e+00,-3.052089214324951172e-01,-1.954822540283203125e-01,-2.734001278877258301e-01,-9.760743379592895508e-02,-1.388179212808609009e-01,-1.268183737993240356e-01
6.520000000000512053e+00,1.221361344878258759e+00,-6.818694350221761180e-01,-2.149455010747001626e+00,-3.625852358307706802e-01,-2.817387021913579370e-01,6.510771815961544640e-01,1.000000000000000000e+00,-3.016428053379058838e-01,-1.991109699010848999e-01,-2.728164792060852051e-01,-9.865716099739074707e-02,-1.372064054012298584e-01,-1.285712569952011108e-01
6.540000000000518732e+00,1.219083257204386150e+00,-6.830848297186766782e-01,-2.218976619556668695e+00,-3.557458449455247473e-01,-2.818319002441029286e-01,6.482274353939686540e-01,1.000000000000000000e+00,-2.977475821971893311e-01,-2.031615823507308960e-01,-2.717157006263732910e-01,-1.007982045412063599e-01,-1.354615688323974609e-01,-1.300138980150222778e-01
6.560000000000525411e+00,1.215912585977053206e+00,-6.844560066171703205e-01,-2.283932715564791938e+00,-3.466834175228880599e-01,-2.819671642870060224e-01,6.444514239678700296e-01,1.000000000000000000e+00,-2.937324941158294678e-01,-2.071966379880905151e-01,-2.704845666885375977e-01,-1.032026931643486023e-01,-1.333080232143402100e-01,-1.308766752481460571e-01
6.580000000000532090e+00,1.211931402853012374e+00,-6.859879389073497702e-01,-2.343441745060254267e+00,-3.364210604791523229e-01,-2.820092201499440066e-01,6.401754418663134771e-01,1.000000000000000000e+00,-2.898865640163421631e-01,-2.110468596220016479e-01,-2.692957520484924316e-01,-1.053295880556106567e-01,-1.305583268404006958e-01,-1.309736818075180054e-01
6.600000000000538769e+00,1.207266200789430810e+00,-6.877015678444303726e-01,-2.396689788320703229e+00,-3.256152022417391767e-01,-2.818984569684048758e-01,6.356730009340579857e-01,1.000000000000000000e+00,-2.860883474349975586e-01,-2.146327644586563110e-01,-2.679156064987182617e-01,-1.070377752184867859e-01,-1.271519064903259277e-01,-1.302751302719116211e-01
6.620000000000545448e+00,1.202051974364500175e+00,-6.896512678789299411e-01,-2.442669275366557535e+00,-3.141160709841511189e-01,-2.817136032693743908e-01,6.308816962433962949e-01,1.000000000000000000e+00,-2.817577421665191650e-01,-2.177350670099258423e-01,-2.657986283302307129e-01,-1.084192991256713867e-01,-1.231387183070182800e-01,-1.288116872310638428e-01
6.640000000000552127e+00,1.196353275121971427e+00,-6.918662814469930256e-01,-2.479891822782219979e+00,-3.006390042078991298e-01,-2.816994313912885572e-01,6.252662517532913133e-01,1.000000000000000000e+00,-2.760462164878845215e-01,-2.200765758752822876e-01,-2.622231543064117432e-01,-1.096335202455520630e-01,-1.185966432094573975e-01,-1.265690177679061890e-01
6.660000000000558806e+00,1.190212924239600678e+00,-6.943780610713272683e-01,-2.506708275809797382e+00,-2.837377316798094240e-01,-2.821300835246730032e-01,6.182240548665872693e-01,1.000000000000000000e+00,-2.682994008064270020e-01,-2.214990854263305664e-01,-2.564953267574310303e-01,-1.110198423266410828e-01,-1.136443614959716797e-01,-1.233988180756568909e-01
6.680000000000565485e+00,1.183683666222099973e+00,-6.972505636506149962e-01,-2.521603980043386262e+00,-2.624833622522911303e-01,-2.832020068344289210e-01,6.093680676051212997e-01,1.000000000000000000e+00,-2.582183480262756348e-01,-2.217673361301422119e-01,-2.481507211923599243e-01,-1.127479001879692078e-01,-1.084913238883018494e-01,-1.191399171948432922e-01
6.700000000000572165e+00,1.176813627332018442e+00,-7.005699507899644241e-01,-2.523518913903856298e+00,-2.365002986032151422e-01,-2.850272114391858014e-01,5.985417910846729805e-01,1.000000000000000000e+00,-2.457639724016189575e-01,-2.206176221370697021e-01,-2.369025945663452148e-01,-1.145525425672531128e-01,-1.031213626265525818e-01,-1.135766804218292236e-01
6.720000000000578844e+00,1.169624022862280732e+00,-7.044330071784208336e-01,-2.512036088558800895e+00,-2.060148439212510507e-01,-2.876178376566340122e-01,5.858395183005212781e-01,1.000000000000000000e+00,-2.313109487295150757e-01,-2.178709954023361206e-01,-2.226551771163940430e-01,-1.160330623388290405e-01,-9.737541526556015015e-02,-1.065075397491455078e-01
6.740000000000585523e+00,1.162133871096456827e+00,-7.088605829902167033e-01,-2.487494274733383914e+00,-1.714818433491088479e-01,-2.909943036755824886e-01,5.714507680621286889e-01,1.000000000000000000e+00,-2.156531810760498047e-01,-2.132882326841354370e-01,-2.056234627962112427e-01,-1.169266998767852783e-01,-9.111601859331130981e-02,-9.771803766489028931e-02
6.760000000000592202e+00,1.154487657894543551e+00,-7.138143645650948388e-01,-2.450516714477916747e+00,-1.349273227848039325e-01,-2.948995007686300296e-01,5.562197178270016362e-01,1.000000000000000000e+00,-1.996400356292724609e-01,-2.065539658069610596e-01,-1.866242438554763794e-01,-1.166274473071098328e-01,-8.414992690086364746e-02,-8.720047771930694580e-02
6.780000000000598881e+00,1.146851025787362977e+00,-7.192530298750317019e-01,-2.402265643277079921e+00,-1.010090932828869997e-01,-2.984902535272684898e-01,5.420871222012029200e-01,1.000000000000000000e+00,-1.844990700483322144e-01,-1.983512789011001587e-01,-1.672161519527435303e-01,-1.148353293538093567e-01,-7.652798295021057129e-02,-7.563732564449310303e-02
6.800000000000605560e+00,1.139426547266104039e+00,-7.250537721946771486e-01,-2.345419705151490231e+00,-7.758198233096109953e-02,-3.001494962538964750e-01,5.323258259712337903e-01,1.000000000000000000e+00,-1.735746562480926514e-01,-1.915786564350128174e-01,-1.508525460958480835e-01,-1.130474507808685303e-01,-6.955713033676147461e-02,-6.517958641052246094e-02
6.820000000000612239e+00,1.132552861173991898e+00,-7.309521478310836429e-01,-2.285198131478159311e+00,-7.235912985435462297e-02,-2.982876731966248030e-01,5.301496374393144251e-01,1.000000000000000000e+00,-1.707043051719665527e-01,-1.901996582746505737e-01,-1.419619172811508179e-01,-1.138804554939270020e-01,-6.519892811775207520e-02,-5.852626264095306396e-02
6.840000000000618918e+00,1.126681369339791905e+00,-7.365808565955567211e-01,-2.229153365972526668e+00,-9.078579083922652671e-02,-2.920326914072300939e-01,5.378274128496777218e-01,1.000000000000000000e+00,-1.786000728607177734e-01,-1.974437087774276733e-01,-1.442488580942153931e-01,-1.195065081119537354e-01,-6.504157185554504395e-02,-5.759576335549354553e-02
6.860000000000625597e+00,1.122244829082625683e+00,-7.416114223514929105e-01,-2.185443239310584485e+00,-1.337737915750882856e-01,-2.818397535186056846e-01,5.557390798229534523e-01,1.000000000000000000e+00,-1.991835534572601318e-01,-2.149378359317779541e-01,-1.605307906866073608e-01,-1.306465864181518555e-01,-7.012220472097396851e-02,-6.392847746610641479e-02
6.880000000000632276e+00,1.119369821309306845e+00,-7.459319554977525968e-01,-2.158972824350670283e+00,-1.748457389894931546e-01,-2.734328049515252212e-01,5.728523912456221501e-01,1.000000000000000000e+00,-2.277279198169708252e-01,-2.385261356830596924e-01,-1.886675804853439331e-01,-1.427924633026123047e-01,-7.879580557346343994e-02,-7.822988927364349365e-02
6.900000000000638956e+00,1.117430188984244843e+00,-7.498118678885494770e-01,-2.144243828006369590e+00,-1.731751692287393507e-01,-2.736103089804439170e-01,5.721563205119747364e-01,1.000000000000000000e+00,-2.476277947425842285e-01,-2.554902732372283936e-01,-2.121234536170959473e-01,-1.468320041894912720e-01,-8.350586146116256714e-02,-9.359216690063476562e-02
6.920000000000645635e+00,1.115316298469215983e+00,-7.537978833856930905e-01,-2.126692243271734117e+00,-1.338735865787895329e-01,-2.806469413022251169e-01,5.557806610744956410e-01,1.000000000000000000e+00,-2.573862671852111816e-01,-2.616637349128723145e-01,-2.185361534357070923e-01,-1.498095840215682983e-01,-8.386967331171035767e-02,-9.776751697063446045e-02
6.940000000000652314e+00,1.112224089349504341e+00,-7.583509220113950899e-01,-2.092977898307830653e+00,-6.267241804521761495e-02,-2.942355864395621579e-01,5.261135075188406729e-01,1.000000000000000000e+00,-2.645795345306396484e-01,-2.551238834857940674e-01,-2.082656770944595337e-01,-1.597353368997573853e-01,-8.609671145677566528e-02,-8.417315781116485596e-02
6.960000000000658993e+00,1.107726539075648553e+00,-7.638371573071072174e-01,-2.031224156833765448e+00,-3.792041609048628359e-02,-3.160219843248426863e-01,4.841998266289640473e-01,1.000000000000000000e+00,-2.507963776588439941e-01,-2.232394814491271973e-01,-1.768542230129241943e-01,-1.584892272949218750e-01,-8.553291857242584229e-02,-5.421628803014755249e-02
6.980000000000665672e+00,1.101970368666929323e+00,-7.704184493126664535e-01,-1.929855897356923089e+00,-1.369537541019594518e-01,-3.406850140105878721e-01,4.429359357908502215e-01,1.000000000000000000e+00,-2.044592648744583130e-01,-1.715790927410125732e-01,-1.306878179311752319e-01,-1.312735527753829956e-01,-7.718289643526077271e-02,-2.717634662985801697e-02
7.000000000000672351e+00,1.096022870115796799e+00,-7.779588175775152825e-01,-1.784309773163391899e+00,-1.944818997909235347e-01,-3.560180220233390980e-01,4.189658750871151915e-01,1.000000000000000000e+00,-1.443456709384918213e-01,-1.245075762271881104e-01,-7.847422361373901367e-02,-9.560458362102508545e-02,-5.354041978716850281e-02,-8.758597075939178467e-03
7.020000000000679030e+00,1.091964066895501517e+00,-7.860120607793364966e-01,-1.609879376510151561e+00,-1.746776255763097530e-01,-3.477605502008891403e-01,4.272176560098709386e-01,1.000000000000000000e+00,-1.108350753784179688e-01,-1.071484833955764771e-01,-4.537712782621383667e-02,-7.928040623664855957e-02,-3.333846479654312134e-02,-1.640229020267724991e-03
7.040000000000685709e+00,1.092096312007758474e+00,-7.943857721920924986e-01,-1.452090141864067041e+00,-7.852282397044256512e-02,-3.197358723686150594e-01,4.672821566789822634e-01,1.000000000000000000e+00,-1.178912818431854248e-01,-1.153904050588607788e-01,-4.776282235980033875e-02,-8.555147796869277954e-02,-3.413690626621246338e-02,-5.358604714274406433e-03
7.060000000000692388e+00,1.097060753567712377e+00,-8.035720000561026310e-01,-1.361962365703338840e+00,-7.116534055055820374e-02,-2.861226232046664708e-01,5.296522252293992539e-01,1.000000000000000000e+00,-1.724902391433715820e-01,-1.512852311134338379e-01,-8.671350777149200439e-02,-1.175872310996055603e-01,-5.587343499064445496e-02,-2.338811196386814117e-02
7.080000000000699067e+00,1.105191411236973620e+00,-8.130288965978802462e-01,-1.357223717397698426e+00,-2.157647764268915413e-01,-2.629734720909603363e-01,5.899019901778714825e-01,1.000000000000000000e+00,-2.873507440090179443e-01,-2.255496233701705933e-01,-1.897221058607101440e-01,-1.667543649673461914e-01,-9.861538559198379517e-02,-6.608008593320846558e-02
7.100000000000705747e+00,1.114262979145931309e+00,-8.205096806254664754e-01,-1.420099767605095487e+00,-2.487507421957544373e-01,-2.634883326940908321e-01,6.036461425815643489e-01,1.000000000000000000e+00,-3.077034652233123779e-01,-2.387609034776687622e-01,-2.497622519731521606e-01,-1.393394917249679565e-01,-1.117137670516967773e-01,-1.080179736018180847e-01
7.120000000000712426e+00,1.122445996988713279e+00,-8.254466142690977115e-01,-1.501886109562813099e+00,-2.145582308917729775e-01,-2.747193838035213442e-01,5.893992628715720716e-01,1.000000000000000000e+00,-2.808193862438201904e-01,-2.192652225494384766e-01,-2.342416942119598389e-01,-1.223656684160232544e-01,-9.121339768171310425e-02,-9.456010907888412476e-02
7.140000000000719105e+00,1.128478168723768160e+00,-8.291794081338987876e-01,-1.556969757625893847e+00,-1.725855437684837845e-01,-2.863077231499027708e-01,5.719106432368682436e-01,1.000000000000000000e+00,-2.956379950046539307e-01,-2.185160815715789795e-01,-2.217715382575988770e-01,-1.382860094308853149e-01,-9.250274300575256348e-02,-8.080409467220306396e-02
7.160000000000725784e+00,1.132245303506737910e+00,-8.322890934412419117e-01,-1.573568431226370690e+00,-1.109467507253207863e-01,-3.019392256204740943e-01,5.462278128022169943e-01,1.000000000000000000e+00,-3.244551718235015869e-01,-2.024404406547546387e-01,-2.117503136396408081e-01,-1.591562926769256592e-01,-1.155901029706001282e-01,-6.590765714645385742e-02
7.180000000000732463e+00,1.134295004355948544e+00,-8.347038002925869504e-01,-1.553637541329732086e+00,-5.834409943582716251e-02,-3.159489855858311214e-01,5.243100414315946534e-01,1.000000000000000000e+00,-3.045488297939300537e-01,-1.741013377904891968e-01,-1.880484670400619507e-01,-1.526140123605728149e-01,-1.230490058660507202e-01,-4.675009474158287048e-02
7.200000000000739142e+00,1.135531657842580922e+00,-8.364698847204525833e-01,-1.507398701639804495e+00,-3.667983345609808488e-02,-3.226239659932892967e-01,5.152832639400408699e-01,1.000000000000000000e+00,-2.835314869880676270e-01,-1.516332030296325684e-01,-1.720927059650421143e-01,-1.361967772245407104e-01,-1.262736767530441284e-01,-3.670388087630271912e-02
7.220000000000745821e+00,1.137739419836441446e+00,-8.380229106813216200e-01,-1.463710194802768649e+00,-6.083939182249693128e-02,-3.182264679078964931e-01,5.253497465927070564e-01,1.000000000000000000e+00,-2.832887172698974609e-01,-1.517382115125656128e-01,-1.766729950904846191e-01,-1.305160522460937500e-01,-1.233501732349395752e-01,-4.436859861016273499e-02
7.240000000000752500e+00,1.142894694118462784e+00,-8.400981722921739836e-01,-1.461333106911888446e+00,-1.297317917111734664e-01,-3.050159623001038600e-01,5.540549132129889420e-01,1.000000000000000000e+00,-3.169741630554199219e-01,-1.881643980741500854e-01,-2.091778963804244995e-01,-1.444397866725921631e-01,-1.226901412010192871e-01,-6.868978589773178101e-02
7.260000000000759179e+00,1.150926267972606887e+00,-8.426322019653305073e-01,-1.513581816998709417e+00,-1.713637815504141793e-01,-3.002870902244369478e-01,5.714015756460059103e-01,1.000000000000000000e+00,-3.281991481781005859e-01,-2.043239325284957886e-01,-2.316833138465881348e-01,-1.425669938325881958e-01,-1.203542053699493408e-01,-9.270764887332916260e-02
7.280000000000765858e+00,1.159022976262714444e+00,-8.449070407726128051e-01,-1.587864736971539736e+00,-1.944447555486129298e-01,-2.995504539947142497e-01,5.810186481452553897e-01,1.000000000000000000e+00,-2.927282750606536865e-01,-1.836606562137603760e-01,-2.213982343673706055e-01,-1.217686086893081665e-01,-1.122079566121101379e-01,-9.180208295583724976e-02
7.300000000000772538e+00,1.165684422518064700e+00,-8.469226393033161271e-01,-1.657232506276396178e+00,-2.168340012521967897e-01,-2.981920376561100205e-01,5.903475005217486693e-01,1.000000000000000000e+00,-3.117757141590118408e-01,-1.838348805904388428e-01,-2.363818436861038208e-01,-1.223533079028129578e-01,-1.244906261563301086e-01,-9.538029879331588745e-02
7.320000000000779217e+00,1.171394010475714786e+00,-8.488449654397225430e-01,-1.724045872656896128e+00,-2.297165832550940590e-01,-2.983317500340353923e-01,5.957152430229558648e-01,1.000000000000000000e+00,-3.315314948558807373e-01,-1.856555193662643433e-01,-2.564827799797058105e-01,-1.204247996211051941e-01,-1.378253251314163208e-01,-9.651295095682144165e-02
7.340000000000785896e+00,1.176402511415560737e+00,-8.507317159189365929e-01,-1.791232901584765669e+00,-2.354464402310971205e-01,-2.995231077658125907e-01,5.981026834296238048e-01,1.000000000000000000e+00,-3.352293968200683594e-01,-1.842721402645111084e-01,-2.670612037181854248e-01,-1.140097454190254211e-01,-1.427027434110641479e-01,-9.693913161754608154e-02
7.360000000000792575e+00,1.180700884553203434e+00,-8.525792237103601012e-01,-1.859189201244320522e+00,-2.434063663043866954e-01,-2.999021402377350931e-01,6.014193192934944587e-01,1.000000000000000000e+00,-3.362896144390106201e-01,-1.848948299884796143e-01,-2.723906934261322021e-01,-1.114009469747543335e-01,-1.447520554065704346e-01,-1.001774668693542480e-01
7.380000000000799254e+00,1.184320111181217161e+00,-8.543338738086956319e-01,-1.929050250733563177e+00,-2.525735716000364617e-01,-2.997479451037249332e-01,6.052389881666818683e-01,1.000000000000000000e+00,-3.351030945777893066e-01,-1.867766231298446655e-01,-2.744551897048950195e-01,-1.114291921257972717e-01,-1.458602845668792725e-01,-1.056286618113517761e-01
7.400000000000805933e+00,1.187236031716378148e+00,-8.559583665475644088e-01,-2.000767943870826571e+00,-2.602582321814065902e-01,-2.995798813211327793e-01,6.084409300755860839e-01,1.000000000000000000e+00,-3.295513093471527100e-01,-1.877916157245635986e-01,-2.728115916252136230e-01,-1.110851019620895386e-01,-1.453879922628402710e-01,-1.111385375261306763e-01
7.420000000000812612e+00,1.189406836838782455e+00,-8.574464660516605274e-01,-2.073382234753230691e+00,-2.667678701990329193e-01,-2.993121051012751499e-01,6.111532792495970590e-01,1.000000000000000000e+00,-3.233859539031982422e-01,-1.890129894018173218e-01,-2.710692882537841797e-01,-1.096204444766044617e-01,-1.444593518972396851e-01,-1.158715710043907166e-01
7.440000000000819291e+00,1.190864661113583134e+00,-8.587775343517384252e-01,-2.146824896792001613e+00,-2.730685436911904351e-01,-2.987795332517081959e-01,6.137785598713293433e-01,1.000000000000000000e+00,-3.189044892787933350e-01,-1.912710070610046387e-01,-2.717513442039489746e-01,-1.071832031011581421e-01,-1.435002833604812622e-01,-1.196463853120803833e-01
7.460000000000825970e+00,1.191652133287695037e+00,-8.599127077092365568e-01,-2.221527262621841192e+00,-2.783491608299203390e-01,-2.981574647044892834e-01,6.159788170124668172e-01,1.000000000000000000e+00,-3.153309524059295654e-01,-1.938999444246292114e-01,-2.738187015056610107e-01,-1.042113900184631348e-01,-1.421047002077102661e-01,-1.225892752408981323e-01
7.480000000000832650e+00,1.191738064217581217e+00,-8.608377592935768652e-01,-2.297053532132024234e+00,-2.811799340465213626e-01,-2.976884681608860661e-01,6.171583058527172483e-01,1.000000000000000000e+00,-3.114938139915466309e-01,-1.962812542915344238e-01,-2.751695513725280762e-01,-1.015990898013114929e-01,-1.401266455650329590e-01,-1.248230859637260437e-01
7.500000000000839329e+00,1.191038513262959952e+00,-8.615761321017765262e-01,-2.372037981010213681e+00,-2.808494854963280996e-01,-2.974572982913805674e-01,6.170206189568033794e-01,1.000000000000000000e+00,-3.077251315116882324e-01,-1.989801079034805298e-01,-2.752964794635772705e-01,-1.005255952477455139e-01,-1.381103694438934326e-01,-1.266130805015563965e-01
7.520000000000846008e+00,1.189477759915515520e+00,-8.621601785728432166e-01,-2.444981957683355578e+00,-2.771996291219012143e-01,-2.974627417950589381e-01,6.154998454674588393e-01,1.000000000000000000e+00,-3.041068911552429199e-01,-2.024754434823989868e-01,-2.745309472084045410e-01,-1.013116165995597839e-01,-1.363372057676315308e-01,-1.281848102807998657e-01
7.540000000000852687e+00,1.187014000349082998e+00,-8.626141351272599289e-01,-2.514592361911721419e+00,-2.705686636981895488e-01,-2.976335543437492737e-01,6.127369432075789879e-01,1.000000000000000000e+00,-3.002176284790039062e-01,-2.064401358366012573e-01,-2.731155753135681152e-01,-1.033430099487304688e-01,-1.345464736223220825e-01,-1.294644773006439209e-01
7.560000000000859366e+00,1.183649693869329944e+00,-8.629645567068119361e-01,-2.579726436131220879e+00,-2.618087451700213952e-01,-2.978238890739012268e-01,6.090869771541755906e-01,1.000000000000000000e+00,-2.960833311080932617e-01,-2.103613168001174927e-01,-2.714321017265319824e-01,-1.057502403855323792e-01,-1.323943883180618286e-01,-1.302099078893661499e-01
7.580000000000866045e+00,1.179445086403508869e+00,-8.632464204398077046e-01,-2.639338066240434877e+00,-2.520176141748197152e-01,-2.978654664813664699e-01,6.050073392395082239e-01,1.000000000000000000e+00,-2.919169664382934570e-01,-2.139840573072433472e-01,-2.697466015815734863e-01,-1.078812107443809509e-01,-1.296281665563583374e-01,-1.302344650030136108e-01
7.600000000000872724e+00,1.174508176006944016e+00,-8.635218757763276631e-01,-2.692487853708141810e+00,-2.419287121364882276e-01,-2.976778554240428476e-01,6.008036300568700971e-01,1.000000000000000000e+00,-2.876754403114318848e-01,-2.172469645738601685e-01,-2.679482698440551758e-01,-1.095218583941459656e-01,-1.261741220951080322e-01,-1.294992268085479736e-01
7.620000000000879403e+00,1.168958571546944158e+00,-8.638788651459605727e-01,-2.738173114436226907e+00,-2.314158183829918281e-01,-2.973436827700136065e-01,5.964232576595799307e-01,1.000000000000000000e+00,-2.830181419849395752e-01,-2.200363874435424805e-01,-2.656100690364837646e-01,-1.108121052384376526e-01,-1.221685484051704407e-01,-1.280226111412048340e-01
7.640000000000886082e+00,1.162865610975117647e+00,-8.643489377393640538e-01,-2.775113187305360274e+00,-2.190969066921000241e-01,-2.971525032986870318e-01,5.912903777883750100e-01,1.000000000000000000e+00,-2.773269414901733398e-01,-2.221704125404357910e-01,-2.620875537395477295e-01,-1.120165288448333740e-01,-1.177963614463806152e-01,-1.257753670215606689e-01
7.660000000000892761e+00,1.156282295748224387e+00,-8.649640994750084078e-01,-2.801962598291288575e+00,-2.035870262131444508e-01,-2.973999779170397595e-01,5.848279275888101925e-01,1.000000000000000000e+00,-2.700032293796539307e-01,-2.234999686479568481e-01,-2.567090094089508057e-01,-1.134796366095542908e-01,-1.131859570741653442e-01,-1.226324066519737244e-01
7.680000000000899441e+00,1.149251438620634724e+00,-8.657896394557073050e-01,-2.817438085399063041e+00,-1.842685976398668046e-01,-2.982432915545232266e-01,5.767785823499445019e-01,1.000000000000000000e+00,-2.606800198554992676e-01,-2.238158285617828369e-01,-2.490025907754898071e-01,-1.152757853269577026e-01,-1.084198281168937683e-01,-1.184972226619720459e-01
7.700000000000906120e+00,1.141798034420075769e+00,-8.669141379198473940e-01,-2.820568102268921962e+00,-1.612494420115596350e-01,-2.997063888406394372e-01,5.671872675048165169e-01,1.000000000000000000e+00,-2.493028491735458374e-01,-2.229607701301574707e-01,-2.386794686317443848e-01,-1.171475499868392944e-01,-1.033979803323745728e-01,-1.132294461131095886e-01
7.720000000000912799e+00,1.133919254924883102e+00,-8.684352594858519847e-01,-2.810911572463482777e+00,-1.351086514219443369e-01,-3.017172571520555513e-01,5.562952714258101450e-01,1.000000000000000000e+00,-2.362223565578460693e-01,-2.208260893821716309e-01,-2.256228476762771606e-01,-1.188307926058769226e-01,-9.802087396383285522e-02,-1.066648215055465698e-01
7.740000000000919478e+00,1.125614071788316295e+00,-8.703908309293123535e-01,-2.788725238713598564e+00,-1.064257233522810375e-01,-3.042324338537839568e-01,5.443440513967837679e-01,1.000000000000000000e+00,-2.220730036497116089e-01,-2.171287834644317627e-01,-2.099184244871139526e-01,-1.201711967587471008e-01,-9.227104485034942627e-02,-9.855913370847702026e-02
7.760000000000926157e+00,1.117002349857539434e+00,-8.727851056710410615e-01,-2.754523619353954622e+00,-7.661063962205894029e-02,-3.070577148458524253e-01,5.319210998425245585e-01,1.000000000000000000e+00,-2.074796259403228760e-01,-2.113778144121170044e-01,-1.921757310628890991e-01,-1.205653622746467590e-01,-8.600543439388275146e-02,-8.876499533653259277e-02
7.780000000000932836e+00,1.108231139186276248e+00,-8.756416485296496521e-01,-2.709069223558143946e+00,-4.848990171540066424e-02,-3.096603838879719572e-01,5.202041257147502762e-01,1.000000000000000000e+00,-1.931094974279403687e-01,-2.037344276905059814e-01,-1.734773665666580200e-01,-1.193610131740570068e-01,-7.902035117149353027e-02,-7.757214456796646118e-02
7.800000000000939515e+00,1.099470769949715487e+00,-8.789363073064642151e-01,-2.654202993240442954e+00,-2.691680573049399713e-02,-3.109946130508124407e-01,5.112153357210391658e-01,1.000000000000000000e+00,-1.815126687288284302e-01,-1.962975710630416870e-01,-1.564973145723342896e-01,-1.174245551228523254e-01,-7.213382422924041748e-02,-6.660895794630050659e-02
7.820000000000946194e+00,1.091043420224297344e+00,-8.825568713341156446e-01,-2.593989474176811250e+00,-1.730319221443927732e-02,-3.099008131971259239e-01,5.072096634226830325e-01,1.000000000000000000e+00,-1.765071004629135132e-01,-1.927018761634826660e-01,-1.453342288732528687e-01,-1.171618103981018066e-01,-6.713442504405975342e-02,-5.850456655025482178e-02
7.840000000000952873e+00,1.083438961130347433e+00,-8.863096020828872268e-01,-2.535044258976651754e+00,-2.343325212946600899e-02,-3.057258988695058521e-01,5.097638550539441704e-01,1.000000000000000000e+00,-1.809765845537185669e-01,-1.963588595390319824e-01,-1.437313258647918701e-01,-1.209636852145195007e-01,-6.569035351276397705e-02,-5.541287362575531006e-02
7.860000000000959552e+00,1.077177006601263809e+00,-8.899938989601106076e-01,-2.485218597694172527e+00,-4.722433301922581567e-02,-2.984079394912109162e-01,5.196768054246774238e-01,1.000000000000000000e+00,-1.968895345926284790e-01,-2.093493491411209106e-01,-1.545000672340393066e-01,-1.300075501203536987e-01,-6.897845119237899780e-02,-5.881296843290328979e-02
7.880000000000966232e+00,1.072563049722987438e+00,-8.935067077348868292e-01,-2.450797118559799426e+00,-7.875387806722766726e-02,-2.905700704391290246e-01,5.328141158613448614e-01,1.000000000000000000e+00,-2.228374630212783813e-01,-2.302832007408142090e-01,-1.780866235494613647e-01,-1.421063542366027832e-01,-7.677329331636428833e-02,-6.998483091592788696e-02
7.900000000000972911e+00,1.069289188956995540e+00,-8.968654658425153636e-01,-2.430909653321177366e+00,-8.905418578532006690e-02,-2.880866626755708149e-01,5.371059107438833635e-01,1.000000000000000000e+00,-2.475508153438568115e-01,-2.503971159458160400e-01,-2.051162868738174438e-01,-1.497070491313934326e-01,-8.431813120841979980e-02,-8.620044589042663574e-02
7.920000000000979590e+00,1.066338660467307742e+00,-9.002098124795460121e-01,-2.414557739388039970e+00,-6.800343922231277816e-02,-2.922138359167037458e-01,5.283347663426303242e-01,1.000000000000000000e+00,-2.609443068504333496e-01,-2.606224715709686279e-01,-2.189973741769790649e-01,-1.518139541149139404e-01,-8.627892285585403442e-02,-9.591215103864669800e-02
7.940000000000986269e+00,1.062682677968250999e+00,-9.037142662007116023e-01,-2.387822244678387218e+00,-2.428280155265332210e-02,-3.010551649555424647e-01,5.101178339802722173e-01,1.000000000000000000e+00,-2.703281939029693604e-01,-2.596866488456726074e-01,-2.165307998657226562e-01,-1.592830121517181396e-01,-8.785659074783325195e-02,-8.988091349601745605e-02
7.960000000000992948e+00,1.057660924698874405e+00,-9.075522672613496322e-01,-2.338760015136083226e+00,-4.497573271237204767e-02,-3.162241416543916106e-01,4.812601113698449784e-01,1.000000000000000000e+00,-2.671048343181610107e-01,-2.378711551427841187e-01,-1.937773227691650391e-01,-1.648977100849151611e-01,-8.888585120439529419e-02,-6.481223553419113159e-02
7.980000000000999627e+00,1.051068319658195360e+00,-9.119246836795329436e-01,-2.254891220518146167e+00,-1.256422956832934645e-01,-3.359394073140635761e-01,4.476490434652943828e-01,1.000000000000000000e+00,-2.345959544181823730e-01,-1.951052844524383545e-01,-1.547906398773193359e-01,-1.486706584692001343e-01,-8.480156958103179932e-02,-3.730261325836181641e-02
8.000000000001005418e+00,1.043545702432036482e+00,-9.169912531105444131e-01,-2.127945292937463151e+00,-1.911699076644448603e-01,-3.535336985823333000e-01,4.203458718064813082e-01,1.000000000000000000e+00,-1.776298433542251587e-01,-1.450197696685791016e-01,-1.059480383992195129e-01,-1.137183606624603271e-01,-6.816556304693222046e-02,-1.606685295701026917e-02
8.020000000000994334e+00,1.036780800872837638e+00,-9.229135642009832496e-01,-1.963781694485871254e+00,-2.053747652359460552e-01,-3.561661342651716300e-01,4.144271811516891391e-01,1.000000000000000000e+00,-1.287317723035812378e-01,-1.141040399670600891e-01,-6.211150065064430237e-02,-8.759051561355590820e-02,-4.335687309503555298e-02,-5.160635337233543396e-03
8.040000000000983249e+00,1.033186711925413670e+00,-9.301456364831673929e-01,-1.797853247475439842e+00,-1.536388743274830493e-01,-3.394395384947070382e-01,4.359838023635487225e-01,1.000000000000000000e+00,-1.213210672140121460e-01,-1.143238991498947144e-01,-5.197444930672645569e-02,-8.557824045419692993e-02,-3.613508492708206177e-02,-5.834190174937248230e-03
8.060000000000972165e+00,1.033949589414075110e+00,-9.393631165902582847e-01,-1.682461476405229917e+00,-3.840238831421775856e-02,-3.093820347324123810e-01,4.839990048690759328e-01,1.000000000000000000e+00,-1.589034944772720337e-01,-1.391150355339050293e-01,-7.774671167135238647e-02,-1.079934909939765930e-01,-5.072333663702011108e-02,-1.907220110297203064e-02
8.080000000000961080e+00,1.038144550344087813e+00,-9.504609740682448127e-01,-1.650346137863310414e+00,-9.837586789874065707e-02,-2.826569041921758174e-01,5.409899449578086106e-01,1.000000000000000000e+00,-2.528173029422760010e-01,-2.012806236743927002e-01,-1.525887697935104370e-01,-1.564939171075820923e-01,-8.493643254041671753e-02,-4.754785448312759399e-02
8.100000000000949996e+00,1.044301808956139777e+00,-9.609662957151193785e-01,-1.693633317508102643e+00,-1.875750554748072396e-01,-2.714075611858657866e-01,5.781562731145030165e-01,1.000000000000000000e+00,-3.284987509250640869e-01,-2.448358088731765747e-01,-2.507895827293395996e-01,-1.536068022251129150e-01,-1.183596402406692505e-01,-1.048406660556793213e-01
8.120000000000938911e+00,1.050870371155150806e+00,-9.688884767175576229e-01,-1.772196990188650734e+00,-1.895554342958888638e-01,-2.768792558659571856e-01,5.789814309566203576e-01,1.000000000000000000e+00,-2.866279780864715576e-01,-2.201220244169235229e-01,-2.418130040168762207e-01,-1.251689344644546509e-01,-9.797868877649307251e-02,-1.001443788409233093e-01
8.140000000000927827e+00,1.056394920193635789e+00,-9.748289109279473230e-01,-1.837912675427251896e+00,-1.416237332694436912e-01,-2.907119193727831785e-01,5.590098888622682116e-01,1.000000000000000000e+00,-2.918491065502166748e-01,-2.212907820940017700e-01,-2.289931774139404297e-01,-1.344223916530609131e-01,-9.158650785684585571e-02,-8.431653678417205811e-02
8.160000000000916742e+00,1.059960363041117848e+00,-9.794249934452825546e-01,-1.868366437230957189e+00,-9.701696927344212462e-02,-3.033419207470190448e-01,5.404237371972675508e-01,1.000000000000000000e+00,-3.215377628803253174e-01,-2.063492387533187866e-01,-2.162985950708389282e-01,-1.555601507425308228e-01,-1.116847917437553406e-01,-7.060301303863525391e-02
8.180000000000905658e+00,1.061794090283851855e+00,-9.827675946274807561e-01,-1.860327719024378768e+00,-6.197814293172427408e-02,-3.135294210009308413e-01,5.258242262215517826e-01,1.000000000000000000e+00,-3.107870221138000488e-01,-1.800954788923263550e-01,-1.956355869770050049e-01,-1.555262655019760132e-01,-1.209997683763504028e-01,-5.138293653726577759e-02
8.200000000000894573e+00,1.062694846558621009e+00,-9.851145352327815852e-01,-1.821916448864213889e+00,-4.651799881970965916e-02,-3.187068533583344854e-01,5.193824995082123586e-01,1.000000000000000000e+00,-2.924619317054748535e-01,-1.576408892869949341e-01,-1.781181395053863525e-01,-1.430622190237045288e-01,-1.265539824962615967e-01,-3.916076570749282837e-02
8.220000000000883489e+00,1.064151621376216550e+00,-9.872942361720375981e-01,-1.779242299275535455e+00,-6.329164348765985160e-02,-3.161729494554053055e-01,5.263715181198582727e-01,1.000000000000000000e+00,-2.881435751914978027e-01,-1.527697443962097168e-01,-1.799214482307434082e-01,-1.339978873729705811e-01,-1.260637640953063965e-01,-4.365482553839683533e-02
8.240000000000872404e+00,1.067859428002356337e+00,-9.905464578277173304e-01,-1.769713669602397843e+00,-1.201223046965968488e-01,-3.056478864432962683e-01,5.500509602902486916e-01,1.000000000000000000e+00,-3.149034082889556885e-01,-1.816579401493072510e-01,-2.074547857046127319e-01,-1.439747214317321777e-01,-1.251119375228881836e-01,-6.462243944406509399e-02
8.260000000000861320e+00,1.074286495097251937e+00,-9.951587550626643797e-01,-1.814075783483117599e+00,-1.615283947217492633e-01,-3.008946316229975659e-01,5.673034978007288620e-01,1.000000000000000000e+00,-3.379133939743041992e-01,-2.075720727443695068e-01,-2.385896742343902588e-01,-1.465431004762649536e-01,-1.242239326238632202e-01,-9.221106767654418945e-02
8.280000000000850235e+00,1.081319853780511542e+00,-9.997578953551661263e-01,-1.886686737219998022e+00,-1.767338314048750025e-01,-3.020241939508847562e-01,5.736390964186979247e-01,1.000000000000000000e+00,-2.992095053195953369e-01,-1.887527108192443848e-01,-2.266749590635299683e-01,-1.255183219909667969e-01,-1.131747961044311523e-01,-9.307978302240371704e-02
8.300000000000839151e+00,1.087208786939111826e+00,-1.003695941820775595e+00,-1.956835500487555946e+00,-1.915970586325567437e-01,-3.023594096626396333e-01,5.798321077635653076e-01,1.000000000000000000e+00,-3.105632662773132324e-01,-1.855173707008361816e-01,-2.363227903842926025e-01,-1.242867335677146912e-01,-1.225320324301719666e-01,-9.550206363201141357e-02
8.320000000000828067e+00,1.092181287197941497e+00,-1.007233318271782530e+00,-2.023926486599529895e+00,-2.048819226275284677e-01,-3.025310882944380886e-01,5.853674677614701949e-01,1.000000000000000000e+00,-3.323901295661926270e-01,-1.875768303871154785e-01,-2.560553252696990967e-01,-1.239621713757514954e-01,-1.371766030788421631e-01,-9.699577093124389648e-02
8.340000000000816982e+00,1.096513354480097568e+00,-1.010531096301547027e+00,-2.091687738446579292e+00,-2.132666459252499369e-01,-3.033931559294438252e-01,5.888611024688541473e-01,1.000000000000000000e+00,-3.380858004093170166e-01,-1.866302341222763062e-01,-2.685302495956420898e-01,-1.176455616950988770e-01,-1.435263752937316895e-01,-9.745819121599197388e-02
8.360000000000805898e+00,1.100172607506613165e+00,-1.013586206829522052e+00,-2.160414655350497704e+00,-2.211496458161391898e-01,-3.040170175266792008e-01,5.921456857567246601e-01,1.000000000000000000e+00,-3.383822441101074219e-01,-1.870260387659072876e-01,-2.745558321475982666e-01,-1.136838942766189575e-01,-1.451392322778701782e-01,-1.003295779228210449e-01
8.380000000000794813e+00,1.103166645318062411e+00,-1.016346873832490560e+00,-2.230703259165048191e+00,-2.293726033401473074e-01,-3.042484172907002904e-01,5.955719180583947114e-01,1.000000000000000000e+00,-3.370995223522186279e-01,-1.890992820262908936e-01,-2.770717740058898926e-01,-1.131097301840782166e-01,-1.455654501914978027e-01,-1.054793745279312134e-01
8.400000000000783729e+00,1.105492085401888591e+00,-1.018766014710684509e+00,-2.302481466801004739e+00,-2.374247905424478888e-01,-3.041720389332133734e-01,5.989269960593532893e-01,1.000000000000000000e+00,-3.315528631210327148e-01,-1.902501881122589111e-01,-2.752028405666351318e-01,-1.128009557723999023e-01,-1.444830745458602905e-01,-1.107113137841224670e-01
8.420000000000772644e+00,1.107129299415615886e+00,-1.020829389590403924e+00,-2.374889708912980790e+00,-2.447109789393620005e-01,-3.038900094553915743e-01,6.019629078914008335e-01,1.000000000000000000e+00,-3.253238201141357422e-01,-1.913704276084899902e-01,-2.726675271987915039e-01,-1.117462143301963806e-01,-1.433235406875610352e-01,-1.151658967137336731e-01
8.440000000000761560e+00,1.108133126125729895e+00,-1.022533379471235904e+00,-2.448056780659399134e+00,-2.500325408174173814e-01,-3.036642523532240845e-01,6.041802253405905709e-01,1.000000000000000000e+00,-3.208731710910797119e-01,-1.936393231153488159e-01,-2.727519571781158447e-01,-1.098081991076469421e-01,-1.424787938594818115e-01,-1.187362149357795715e-01
8.460000000000750475e+00,1.108565715277926911e+00,-1.023853269198869320e+00,-2.522636370800892980e+00,-2.526024627653416510e-01,-3.036640582956589007e-01,6.052510261522257018e-01,1.000000000000000000e+00,-3.171623051166534424e-01,-1.964274495840072632e-01,-2.746042609214782715e-01,-1.070439293980598450e-01,-1.411432027816772461e-01,-1.216134652495384216e-01
8.480000000000739391e+00,1.108393192634475000e+00,-1.024762589208704222e+00,-2.598177989865416926e+00,-2.531717483536231050e-01,-3.037151398559594373e-01,6.054882284806762938e-01,1.000000000000000000e+00,-3.127850592136383057e-01,-1.987591385841369629e-01,-2.757697105407714844e-01,-1.041741147637367249e-01,-1.389608234167098999e-01,-1.238625869154930115e-01
8.500000000000728306e+00,1.107516355678553666e+00,-1.025259389625199802e+00,-2.673136350182437670e+00,-2.524286658117412818e-01,-3.036477908676497028e-01,6.051786107548922100e-01,1.000000000000000000e+00,-3.085159957408905029e-01,-2.012759894132614136e-01,-2.756687998771667480e-01,-1.027074083685874939e-01,-1.366336494684219360e-01,-1.256432980298995972e-01
8.520000000000717222e+00,1.105857088442865566e+00,-1.025354478931967961e+00,-2.745979143762867114e+00,-2.498080815628694884e-01,-3.035502234415585754e-01,6.040867006511956294e-01,1.000000000000000000e+00,-3.047582805156707764e-01,-2.046968340873718262e-01,-2.747386395931243896e-01,-1.032647639513015747e-01,-1.346490085124969482e-01,-1.271766573190689087e-01
8.540000000000706137e+00,1.103379996489014969e+00,-1.025059472181270470e+00,-2.815531235331076854e+00,-2.445645960219584580e-01,-3.035553060741300602e-01,6.019019150091493575e-01,1.000000000000000000e+00,-3.008691072463989258e-01,-2.086355537176132202e-01,-2.731241583824157715e-01,-1.052178293466567993e-01,-1.327737122774124146e-01,-1.284118890762329102e-01
8.560000000000695053e+00,1.100081734458402627e+00,-1.024400986397225655e+00,-2.880714833731631952e+00,-2.367253079171927344e-01,-3.036634426739545645e-01,5.986355449654969796e-01,1.000000000000000000e+00,-2.966567277908325195e-01,-2.124516665935516357e-01,-2.711318135261535645e-01,-1.076029390096664429e-01,-1.306229233741760254e-01,-1.291085630655288696e-01
8.580000000000683968e+00,1.096000463097683841e+00,-1.023431232045987738e+00,-2.940426391391990801e+00,-2.269889080743756615e-01,-3.037715713559803188e-01,5.945787116976565256e-01,1.000000000000000000e+00,-2.923036813735961914e-01,-2.158336937427520752e-01,-2.691013813018798828e-01,-1.096942797303199768e-01,-1.279115229845046997e-01,-1.290770024061203003e-01
8.600000000000672884e+00,1.091210861304062751e+00,-1.022242822167590992e+00,-2.993618449511558754e+00,-2.161786937804493769e-01,-3.037762591177748939e-01,5.900744557418539094e-01,1.000000000000000000e+00,-2.878054082393646240e-01,-2.187409698963165283e-01,-2.670167386531829834e-01,-1.112371906638145447e-01,-1.245375499129295349e-01,-1.282797306776046753e-01
8.620000000000661800e+00,1.085798367302190481e+00,-1.020954645796387616e+00,-3.039226567308806803e+00,-2.047211391572656691e-01,-3.036582456267680197e-01,5.853004746488607024e-01,1.000000000000000000e+00,-2.829114496707916260e-01,-2.211433053016662598e-01,-2.645021080970764160e-01,-1.124101057648658752e-01,-1.206425279378890991e-01,-1.267386078834533691e-01
8.640000000000650715e+00,1.079826947538692572e+00,-1.019612706674314584e+00,-3.076024289047407212e+00,-1.922254557628226002e-01,-3.035277003507588223e-01,5.800939399011760811e-01,1.000000000000000000e+00,-2.771242558956146240e-01,-2.229425758123397827e-01,-2.609364986419677734e-01,-1.135645434260368347e-01,-1.164503991603851318e-01,-1.244310960173606873e-01
8.660000000000639631e+00,1.073350667780395673e+00,-1.018260532778699989e+00,-3.102810337725429246e+00,-1.780327280271620793e-01,-3.035480007443331907e-01,5.741803033446508664e-01,1.000000000000000000e+00,-2.699111700057983398e-01,-2.240130305290222168e-01,-2.556537389755249023e-01,-1.150538548827171326e-01,-1.121015921235084534e-01,-1.212571859359741211e-01
8.680000000000628546e+00,1.066401808643653304e+00,-1.016969746379519313e+00,-3.118454694459107834e+00,-1.616705892424979696e-01,-3.038504129271335508e-01,5.673627455177074896e-01,1.000000000000000000e+00,-2.609249949455261230e-01,-2.241651117801666260e-01,-2.481998354196548462e-01,-1.168618500232696533e-01,-1.076153293251991272e-01,-1.171604245901107788e-01
8.700000000000617462e+00,1.058985754181196892e+00,-1.015829673285370660e+00,-3.122094584309354826e+00,-1.429266403747457836e-01,-3.045160747129208034e-01,5.595527668228107432e-01,1.000000000000000000e+00,-2.501504719257354736e-01,-2.233127504587173462e-01,-2.383295744657516479e-01,-1.186928451061248779e-01,-1.028374359011650085e-01,-1.120457127690315247e-01
8.720000000000606377e+00,1.051078508862198335e+00,-1.014931855550991191e+00,-3.113351847987316123e+00,-1.217789199281957835e-01,-3.055825149890464831e-01,5.507412166367482431e-01,1.000000000000000000e+00,-2.379614710807800293e-01,-2.214135974645614624e-01,-2.259566336870193481e-01,-1.203867122530937195e-01,-9.770437330007553101e-02,-1.057639047503471375e-01
8.740000000000595293e+00,1.042666543347464003e+00,-1.014314618020425440e+00,-3.092509257372785481e+00,-9.825024040697635797e-02,-3.070880425380591583e-01,5.409376001695734848e-01,1.000000000000000000e+00,-2.249387055635452271e-01,-2.181836068630218506e-01,-2.111440747976303101e-01,-1.219164952635765076e-01,-9.231243282556533813e-02,-9.806352108716964722e-02
8.760000000000584208e+00,1.033851040067691240e+00,-1.014008600506820734e+00,-3.060096171938179843e+00,-7.287428750511910913e-02,-3.090041467856471380e-01,5.303642864604662943e-01,1.000000000000000000e+00,-2.115865498781204224e-01,-2.130814641714096069e-01,-1.944220215082168579e-01,-1.227428242564201355e-01,-8.660338073968887329e-02,-8.876384049654006958e-02
8.780000000000573124e+00,1.024756235637844792e+00,-1.014078449422942896e+00,-3.016742325975982020e+00,-4.699658292593351244e-02,-3.111279388238198385e-01,5.195819095524722986e-01,1.000000000000000000e+00,-1.983051896095275879e-01,-2.060891389846801758e-01,-1.766718775033950806e-01,-1.221028864383697510e-01,-8.027994632720947266e-02,-7.801290601491928101e-02
8.800000000000562039e+00,1.015520715257887563e+00,-1.014557236921488803e+00,-2.963897237489101055e+00,-2.326845517915572190e-02,-3.129345766038077459e-01,5.096951896579815511e-01,1.000000000000000000e+00,-1.870954185724258423e-01,-1.988500952720642090e-01,-1.600945293903350830e-01,-1.204862967133522034e-01,-7.383889704942703247e-02,-6.711901724338531494e-02
8.820000000000550955e+00,1.006426671173040077e+00,-1.015443678724775589e+00,-2.904920856374618499e+00,-5.614346763976474190e-03,-3.136130163961110551e-01,5.023393111516568643e-01,1.000000000000000000e+00,-1.814700514078140259e-01,-1.945418119430541992e-01,-1.483613997697830200e-01,-1.199596449732780457e-01,-6.881240010261535645e-02,-5.848965048789978027e-02
8.840000000000539870e+00,9.979401966660892409e-01,-1.016709832254715895e+00,-2.845608425764997840e+00,-2.098893947194823990e-03,-3.124070262434648360e-01,4.991254608553354899e-01,1.000000000000000000e+00,-1.843004226684570312e-01,-1.963856071233749390e-01,-1.450181603431701660e-01,-1.228656396269798279e-01,-6.682236492633819580e-02,-5.434015765786170959e-02
8.860000000000528786e+00,9.905828939254593957e-01,-1.018319752333781025e+00,-2.793145774120377567e+00,-3.267193467848361448e-03,-3.087788405139960668e-01,5.013613306116034840e-01,1.000000000000000000e+00,-1.972625404596328735e-01,-2.064097374677658081e-01,-1.525527387857437134e-01,-1.304460018873214722e-01,-6.901399791240692139e-02,-5.608172342181205750e-02
8.880000000000517701e+00,9.846983509536060275e-01,-1.020264385534483509e+00,-2.753702690785452045e+00,-2.134067252718558835e-02,-3.030754630890616363e-01,5.088919468863273288e-01,1.000000000000000000e+00,-2.196485102176666260e-01,-2.239683419466018677e-01,-1.716414839029312134e-01,-1.413248032331466675e-01,-7.548058032989501953e-02,-6.473164260387420654e-02
8.900000000000506617e+00,9.801656899038548865e-01,-1.022500252100315921e+00,-2.728364084129526468e+00,-3.930375358431916627e-02,-2.983017388869821929e-01,5.163765639934663199e-01,1.000000000000000000e+00,-2.444909512996673584e-01,-2.434759885072708130e-01,-1.970073729753494263e-01,-1.503047943115234375e-01,-8.341498672962188721e-02,-7.907480001449584961e-02
8.920000000000495533e+00,9.762296007762077954e-01,-1.024893031543115507e+00,-2.709539342446178445e+00,-3.908500599126041308e-02,-2.979671729767207622e-01,5.162854191630251721e-01,1.000000000000000000e+00,-2.613248229026794434e-01,-2.560432553291320801e-01,-2.146531492471694946e-01,-1.539977341890335083e-01,-8.742802590131759644e-02,-9.050475060939788818e-02
8.940000000000484448e+00,9.719159462048065912e-01,-1.027286118636236978e+00,-2.684736631715437305e+00,-1.984927600392598704e-02,-3.016605187332758731e-01,5.082705316683024943e-01,1.000000000000000000e+00,-2.718544006347656250e-01,-2.576991915702819824e-01,-2.170431166887283325e-01,-1.595427691936492920e-01,-8.903804421424865723e-02,-8.875859528779983521e-02
8.960000000000473364e+00,9.664633625295069308e-01,-1.029586188097874722e+00,-2.641807093047599864e+00,-1.851054590790010904e-02,-3.094654448336363051e-01,4.922872725383749537e-01,1.000000000000000000e+00,-2.724879682064056396e-01,-2.414461523294448853e-01,-2.002594619989395142e-01,-1.660572290420532227e-01,-9.012138843536376953e-02,-6.878222525119781494e-02
8.980000000000462279e+00,9.594726629036847143e-01,-1.031860420954107127e+00,-2.568177611368608559e+00,-7.388292574015786762e-02,-3.216256300478363417e-01,4.692154476082675552e-01,1.000000000000000000e+00,-2.481583803892135620e-01,-2.058341056108474731e-01,-1.663341075181961060e-01,-1.562719047069549561e-01,-8.695439994335174561e-02,-4.281002655625343323e-02
9.000000000000451195e+00,9.513170377341566564e-01,-1.034388007159348977e+00,-2.454923359160731344e+00,-1.364696765479778418e-01,-3.368977625669778986e-01,4.431376347716758923e-01,1.000000000000000000e+00,-2.007319033145904541e-01,-1.610648036003112793e-01,-1.245657503604888916e-01,-1.275267750024795532e-01,-7.556150853633880615e-02,-2.218106389045715332e-02
9.020000000000440110e+00,9.432685352660856726e-01,-1.037701176292928906e+00,-2.304296527964657226e+00,-1.799713480571256130e-01,-3.483585493105463837e-01,4.250119383095309900e-01,1.000000000000000000e+00,-1.493216156959533691e-01,-1.252664327621459961e-01,-8.029602468013763428e-02,-9.855373203754425049e-02,-5.301749706268310547e-02,-9.371191263198852539e-03
9.040000000000429026e+00,9.372994186724183940e-01,-1.042813510006153965e+00,-2.143643235704476346e+00,-1.796295535471337246e-01,-3.479850642429599406e-01,4.251543526886942814e-01,1.000000000000000000e+00,-1.321507543325424194e-01,-1.186273396015167236e-01,-6.210873648524284363e-02,-9.068986028432846069e-02,-4.129184409976005554e-02,-8.460180833935737610e-03
9.060000000000417941e+00,9.346518244841333090e-01,-1.050807936148194788e+00,-2.021362188175486629e+00,-1.349052753207835853e-01,-3.363415661410955604e-01,4.437894686163401659e-01,1.000000000000000000e+00,-1.613319367170333862e-01,-1.386796981096267700e-01,-8.123469352722167969e-02,-1.080210283398628235e-01,-5.150800943374633789e-02,-1.965272240340709686e-02
9.080000000000406857e+00,9.348455068382746092e-01,-1.061803337891252141e+00,-1.974911990949157037e+00,-6.118593992794889302e-02,-3.200822898282815743e-01,4.745058583633546267e-01,1.000000000000000000e+00,-2.403466850519180298e-01,-1.903708726167678833e-01,-1.405320018529891968e-01,-1.505311131477355957e-01,-7.980547845363616943e-02,-4.196045175194740295e-02
9.100000000000395772e+00,9.371582433380980515e-01,-1.073604460513516212e+00,-2.004613088115699604e+00,-5.346561119444892020e-03,-3.095362925192277070e-01,5.022277337997687052e-01,1.000000000000000000e+00,-3.300796151161193848e-01,-2.420679777860641479e-01,-2.423210889101028442e-01,-1.616318821907043457e-01,-1.177642121911048889e-01,-9.607795625925064087e-02
9.120000000000384688e+00,9.408605626519799259e-01,-1.083539695168388439e+00,-2.077880812059294868e+00,-3.379900507957529082e-02,-3.090809446223586332e-01,5.140829187831563729e-01,1.000000000000000000e+00,-2.962220311164855957e-01,-2.233428955078125000e-01,-2.470120936632156372e-01,-1.315236091613769531e-01,-1.031846776604652405e-01,-1.011393070220947266e-01
9.140000000000373603e+00,9.444095774127387877e-01,-1.091208667048384928e+00,-2.145004670493685595e+00,-4.338958865263178172e-02,-3.117447448942485821e-01,5.180789952719299096e-01,1.000000000000000000e+00,-2.921155393123626709e-01,-2.205376476049423218e-01,-2.328577935695648193e-01,-1.333607882261276245e-01,-9.266784042119979858e-02,-8.652932196855545044e-02
9.160000000000362519e+00,9.465110568577743688e-01,-1.096917758978427804e+00,-2.178166159823649473e+00,-4.753225055528522563e-02,-3.142057119379700336e-01,5.198051043980355113e-01,1.000000000000000000e+00,-3.191877305507659912e-01,-2.082061618566513062e-01,-2.196685969829559326e-01,-1.535205394029617310e-01,-1.093413531780242920e-01,-7.351383566856384277e-02
9.180000000000351434e+00,9.473221247030327863e-01,-1.100908421538232762e+00,-2.173450918634723283e+00,-4.173098195850837022e-02,-3.179481734336919163e-01,5.173879091493784887e-01,1.000000000000000000e+00,-3.143101036548614502e-01,-1.840676665306091309e-01,-2.003602087497711182e-01,-1.580623537302017212e-01,-1.200235337018966675e-01,-5.406820774078369141e-02
9.200000000000340350e+00,9.475310462234749487e-01,-1.103640671207130719e+00,-2.138112575889973499e+00,-3.893873861894130151e-02,-3.201336820314504283e-01,5.162244744245588768e-01,1.000000000000000000e+00,-2.956248521804809570e-01,-1.603824645280838013e-01,-1.809701770544052124e-01,-1.467164903879165649e-01,-1.254161447286605835e-01,-4.048260301351547241e-02
9.220000000000329266e+00,9.482235634315785422e-01,-1.106228158571858078e+00,-2.095541839356031666e+00,-5.181456953576785845e-02,-3.184230707965697849e-01,5.215894039732366094e-01,1.000000000000000000e+00,-2.888027131557464600e-01,-1.526646912097930908e-01,-1.797338575124740601e-01,-1.361288577318191528e-01,-1.257294416427612305e-01,-4.244349896907806396e-02
9.240000000000318181e+00,9.505837763617810410e-01,-1.110297488106920749e+00,-2.081473157912039351e+00,-9.019577268417985905e-02,-3.117895450575646210e-01,5.375815719517416102e-01,1.000000000000000000e+00,-3.110317885875701904e-01,-1.764537841081619263e-01,-2.032789289951324463e-01,-1.437618732452392578e-01,-1.248277723789215088e-01,-6.028019264340400696e-02
9.260000000000307097e+00,9.551181619394690792e-01,-1.116535150841836632e+00,-2.120591402327286268e+00,-1.250863443051162538e-01,-3.080819160348228780e-01,5.521193101271317794e-01,1.000000000000000000e+00,-3.410240113735198975e-01,-2.069648653268814087e-01,-2.397882193326950073e-01,-1.488753557205200195e-01,-1.258690059185028076e-01,-8.966689556837081909e-02
9.280000000000296012e+00,9.604435370706585484e-01,-1.123188176257498228e+00,-2.192528734075379848e+00,-1.371090672918610365e-01,-3.100904098331103698e-01,5.571287780382754296e-01,1.000000000000000000e+00,-3.042408227920532227e-01,-1.917158365249633789e-01,-2.303399443626403809e-01,-1.284140944480895996e-01,-1.142035722732543945e-01,-9.343273192644119263e-02
9.300000000000284928e+00,9.649562152389290492e-01,-1.128897103923524048e+00,-2.264395865196252355e+00,-1.488906696649375527e-01,-3.113467479309925956e-01,5.620377790270573160e-01,1.000000000000000000e+00,-3.081596195697784424e-01,-1.861758083105087280e-01,-2.363435029983520508e-01,-1.246958374977111816e-01,-1.202253401279449463e-01,-9.505164623260498047e-02
9.320000000000273843e+00,9.686366083829405227e-01,-1.133870314216881781e+00,-2.332249123616637831e+00,-1.626411281514401896e-01,-3.116042833083057517e-01,5.677671367297667526e-01,1.000000000000000000e+00,-3.306800425052642822e-01,-1.884735077619552612e-01,-2.550194263458251953e-01,-1.254532784223556519e-01,-1.350252926349639893e-01,-9.711513668298721313e-02
9.340000000000262759e+00,9.717618812135917494e-01,-1.138397655417815013e+00,-2.400431942625505410e+00,-1.735464544262648456e-01,-3.121405968437829803e-01,5.723110226776103593e-01,1.000000000000000000e+00,-3.387173712253570557e-01,-1.880427449941635132e-01,-2.685227692127227783e-01,-1.201796457171440125e-01,-1.428509652614593506e-01,-9.764465689659118652e-02
9.360000000000251674e+00,9.743296936930312402e-01,-1.142489273761321922e+00,-2.469729374513015330e+00,-1.826054325427003688e-01,-3.127063195027238729e-01,5.760855968927918180e-01,1.000000000000000000e+00,-3.391237258911132812e-01,-1.882198452949523926e-01,-2.749874293804168701e-01,-1.157678440213203430e-01,-1.447494029998779297e-01,-1.001042574644088745e-01
9.380000000000240590e+00,9.763427042578982640e-01,-1.146089121302226843e+00,-2.540500926211091137e+00,-1.907416051206245744e-01,-3.130958503483522448e-01,5.794756688002602463e-01,1.000000000000000000e+00,-3.377419114112854004e-01,-1.902749389410018921e-01,-2.778190374374389648e-01,-1.147092729806900024e-01,-1.448497921228408813e-01,-1.047630682587623596e-01
9.400000000000229505e+00,9.778079110413417929e-01,-1.149145167400695167e+00,-2.612613247913363690e+00,-1.975866444996389748e-01,-3.133772567462902447e-01,5.823277685415162441e-01,1.000000000000000000e+00,-3.322909176349639893e-01,-1.916184127330780029e-01,-2.761362195014953613e-01,-1.142623052000999451e-01,-1.432950496673583984e-01,-1.096567958593368530e-01
9.420000000000218421e+00,9.787137907097402945e-01,-1.151637200928223859e+00,-2.685200201294410505e+00,-2.034025049355893400e-01,-3.134776328658748223e-01,5.847510437231622227e-01,1.000000000000000000e+00,-3.258834183216094971e-01,-1.927593946456909180e-01,-2.731886506080627441e-01,-1.132658272981643677e-01,-1.416795253753662109e-01,-1.139317080378532410e-01
9.440000000000207336e+00,9.791152568679013513e-01,-1.153583932941768975e+00,-2.758360230391672552e+00,-2.082845378104140610e-01,-3.134055778585940200e-01,5.867852240876725300e-01,1.000000000000000000e+00,-3.211671113967895508e-01,-1.950518637895584106e-01,-2.726605534553527832e-01,-1.115400493144989014e-01,-1.405994594097137451e-01,-1.174486503005027771e-01
9.460000000000196252e+00,9.790853928000757822e-01,-1.154988204928125928e+00,-2.832831069055016471e+00,-2.116938966628717778e-01,-3.133028158200331093e-01,5.882057902761965718e-01,1.000000000000000000e+00,-3.171940147876739502e-01,-1.979762166738510132e-01,-2.740931510925292969e-01,-1.089872643351554871e-01,-1.391646713018417358e-01,-1.202950254082679749e-01
9.480000000000185167e+00,9.786053754995677201e-01,-1.155817495850154808e+00,-2.908261175287222944e+00,-2.132840381434912835e-01,-3.132208331373458887e-01,5.888683492264547015e-01,1.000000000000000000e+00,-3.124475777149200439e-01,-2.003167718648910522e-01,-2.749927639961242676e-01,-1.060767844319343567e-01,-1.368880271911621094e-01,-1.225057765841484070e-01
9.500000000000174083e+00,9.775822763885715361e-01,-1.156039519816976835e+00,-2.983116166516339707e+00,-2.129748652761356276e-01,-3.131329690859677162e-01,5.887395271983898448e-01,1.000000000000000000e+00,-3.078216612339019775e-01,-2.026581168174743652e-01,-2.746983766555786133e-01,-1.043443679809570312e-01,-1.344392448663711548e-01,-1.242268383502960205e-01
9.520000000000162999e+00,9.759422921986253829e-01,-1.155640639894805144e+00,-3.055881898727924817e+00,-2.103545593436060568e-01,-3.130958197435156354e-01,5.876477330598358639e-01,1.000000000000000000e+00,-3.039473295211791992e-01,-2.059021741151809692e-01,-2.736749351024627686e-01,-1.046253517270088196e-01,-1.323606967926025391e-01,-1.256927102804183960e-01
9.540000000000151914e+00,9.736549702995002109e-01,-1.154621026756196489e+00,-3.125457053263058782e+00,-2.049637317254828228e-01,-3.131924307983128819e-01,5.854015548856178475e-01,1.000000000000000000e+00,-3.001147508621215820e-01,-2.097123861312866211e-01,-2.720140218734741211e-01,-1.063861846923828125e-01,-1.304532289505004883e-01,-1.268832832574844360e-01
9.560000000000140830e+00,9.707096691778430708e-01,-1.153003555299589866e+00,-3.190800185156638769e+00,-1.968608218095686813e-01,-3.134166356904924400e-01,5.820253424206536241e-01,1.000000000000000000e+00,-2.959360480308532715e-01,-2.134011685848236084e-01,-2.699211835861206055e-01,-1.086710765957832336e-01,-1.283220052719116211e-01,-1.275678128004074097e-01
9.580000000000129745e+00,9.671176943963426531e-01,-1.150847228689837687e+00,-3.250736685441478091e+00,-1.867840308307881503e-01,-3.136469276702421038e-01,5.778266795128284006e-01,1.000000000000000000e+00,-2.914622426033020020e-01,-2.165706455707550049e-01,-2.676894366741180420e-01,-1.107116788625717163e-01,-1.256625205278396606e-01,-1.275321841239929199e-01
9.600000000000118661e+00,9.629081815580360360e-01,-1.148262812657694365e+00,-3.304066185407117384e+00,-1.758255560147490293e-01,-3.137151117204973749e-01,5.732606483394787622e-01,1.000000000000000000e+00,-2.866628468036651611e-01,-2.191154807806015015e-01,-2.653202712535858154e-01,-1.121892258524894714e-01,-1.223629191517829895e-01,-1.267001628875732422e-01
9.620000000000107576e+00,9.581169713605437455e-01,-1.145391435574822037e+00,-3.349579838718685032e+00,-1.648530627691607020e-01,-3.135093370126162404e-01,5.686887761538169661e-01,1.000000000000000000e+00,-2.813639044761657715e-01,-2.210302352905273438e-01,-2.624852061271667480e-01,-1.132736727595329285e-01,-1.185741350054740906e-01,-1.250630021095275879e-01
9.640000000000096492e+00,9.527945026060382627e-01,-1.142296515562504666e+00,-3.386028472726267502e+00,-1.537921697493956630e-01,-3.130811344865104817e-01,5.640800707289148619e-01,1.000000000000000000e+00,-2.752353847026824951e-01,-2.223126292228698730e-01,-2.586351037025451660e-01,-1.143700331449508667e-01,-1.145508214831352234e-01,-1.225952208042144775e-01
9.660000000000085407e+00,9.469930573598903667e-01,-1.139040904247033081e+00,-3.412341885713187306e+00,-1.419225773082122555e-01,-3.126214991408183819e-01,5.591344072117551134e-01,1.000000000000000000e+00,-2.679011821746826172e-01,-2.229224294424057007e-01,-2.531803250312805176e-01,-1.158183738589286804e-01,-1.104372218251228333e-01,-1.192517727613449097e-01
9.680000000000074323e+00,9.407388949756320118e-01,-1.135704716388688862e+00,-3.427615929980944998e+00,-1.283212876728480611e-01,-3.123668737140619656e-01,5.534672031970200301e-01,1.000000000000000000e+00,-2.590934634208679199e-01,-2.227519005537033081e-01,-2.457479536533355713e-01,-1.175127774477005005e-01,-1.061846539378166199e-01,-1.150677204132080078e-01
9.700000000000063238e+00,9.340256362004815127e-01,-1.132373110215321166e+00,-3.431214942587365258e+00,-1.122218156927071442e-01,-3.125187697477911919e-01,5.467590898719613124e-01,1.000000000000000000e+00,-2.488283067941665649e-01,-2.218041568994522095e-01,-2.361663281917572021e-01,-1.191774308681488037e-01,-1.015966460108757019e-01,-1.100268512964248657e-01
9.720000000000052154e+00,9.268160293917074855e-01,-1.129122609153724310e+00,-3.422928955055680511e+00,-9.319192546569733671e-02,-3.132012784661997173e-01,5.388299689440405604e-01,1.000000000000000000e+00,-2.374858707189559937e-01,-2.200913876295089722e-01,-2.243938446044921875e-01,-1.208013817667961121e-01,-9.666609764099121094e-02,-1.040115058422088623e-01
9.740000000000041069e+00,9.190902834211176486e-01,-1.125983270550766857e+00,-3.403124117013550887e+00,-7.111091346068611208e-02,-3.144768594046803423e-01,5.296295472752858835e-01,1.000000000000000000e+00,-2.256072610616683960e-01,-2.173256576061248779e-01,-2.105167359113693237e-01,-1.224592551589012146e-01,-9.160855412483215332e-02,-9.678122401237487793e-02
9.760000000000029985e+00,9.109280032843938280e-01,-1.123002267703434587e+00,-3.372368565094074455e+00,-4.637476453706783353e-02,-3.163454282091596736e-01,5.193228185571115985e-01,1.000000000000000000e+00,-2.136089056730270386e-01,-2.129527628421783447e-01,-1.950282603502273560e-01,-1.236660778522491455e-01,-8.645521104335784912e-02,-8.813974261283874512e-02
9.780000000000018900e+00,9.024207090018785404e-01,-1.120273712820532674e+00,-3.331205409717971300e+00,-2.009759478977093256e-02,-3.186594815358985699e-01,5.083739978290712225e-01,1.000000000000000000e+00,-2.017136514186859131e-01,-2.068449556827545166e-01,-1.786279231309890747e-01,-1.236429885029792786e-01,-8.087132871150970459e-02,-7.811781764030456543e-02
9.800000000000007816e+00,8.936644573545760029e-01,-1.117870151919539090e+00,-3.280760047514798217e+00,-5.444912927232303627e-03,-3.209716810941739551e-01,4.977312862803198734e-01,1.000000000000000000e+00,-1.913910359144210815e-01,-2.002151310443878174e-01,-1.630096137523651123e-01,-1.225882545113563538e-01,-7.508044689893722534e-02,-6.768244504928588867e-02
9.819999999999996732e+00,8.848667336156819108e-01,-1.115869913541099656e+00,-3.223699261217204182e+00,-2.629815156084669425e-02,-3.224212386259460161e-01,4.890424368496472107e-01,1.000000000000000000e+00,-1.855964958667755127e-01,-1.956375986337661743e-01,-1.512280404567718506e-01,-1.221112832427024841e-01,-7.026815414428710938e-02,-5.885292589664459229e-02
9.839999999999985647e+00,8.764008632145456890e-01,-1.114380005855781119e+00,-3.164831205907529199e+00,-3.783508764919116946e-02,-3.219936648177686433e-01,4.842353801461703466e-01,1.000000000000000000e+00,-1.869952678680419922e-01,-1.959299892187118530e-01,-1.464619934558868408e-01,-1.242956295609474182e-01,-6.788206845521926880e-02,-5.375803634524345398e-02
9.859999999999974563e+00,8.687140262873934704e-01,-1.113514538683772814e+00,-3.110372907495228656e+00,-3.597946909782460956e-02,-3.188433279369546902e-01,4.850085545425730782e-01,1.000000000000000000e+00,-1.969919055700302124e-01,-2.029632627964019775e-01,-1.508452594280242920e-01,-1.303962022066116333e-01,-6.899379938840866089e-02,-5.377431213855743408e-02
9.879999999999963478e+00,8.621271530267649030e-01,-1.113360053434054198e+00,-3.065919762206919419e+00,-1.859765374522001982e-02,-3.126803172342453307e-01,4.922509776061583242e-01,1.000000000000000000e+00,-2.151750624179840088e-01,-2.165140509605407715e-01,-1.648976206779479980e-01,-1.396729350090026855e-01,-7.384622097015380859e-02,-5.955841392278671265e-02
9.899999999999952394e+00,8.566400679758241488e-01,-1.113898053694264645e+00,-3.033650555169397300e+00,-6.575112581659503692e-03,-3.056500910952984484e-01,5.027396302423581265e-01,1.000000000000000000e+00,-2.375648915767669678e-01,-2.331966757774353027e-01,-1.857380270957946777e-01,-1.489059925079345703e-01,-8.093111962080001831e-02,-7.038743048906326294e-02
9.919999999999941309e+00,8.518297918200368191e-01,-1.114893706512184668e+00,-3.009384454741488302e+00,-2.022408042993530802e-02,-3.019962139006510671e-01,5.084267001791397123e-01,1.000000000000000000e+00,-2.568121254444122314e-01,-2.465800344944000244e-01,-2.044543474912643433e-01,-1.549011468887329102e-01,-8.657088875770568848e-02,-8.110060542821884155e-02
9.939999999999930225e+00,8.469916109041119023e-01,-1.115973167352562800e+00,-2.983630310094964155e+00,-1.195807266893327177e-02,-3.033848594920071085e-01,5.049825302787221970e-01,1.000000000000000000e+00,-2.694508731365203857e-01,-2.507427632808685303e-01,-2.115398198366165161e-01,-1.598595529794692993e-01,-8.923508226871490479e-02,-8.278892934322357178e-02
9.959999999999919140e+00,8.414410476505607139e-01,-1.116766676417136228e+00,-2.945012010246757406e+00,-1.956598309491468582e-02,-3.098871976245831661e-01,4.918475070437855479e-01,1.000000000000000000e+00,-2.727020978927612305e-01,-2.400266081094741821e-01,-2.014564871788024902e-01,-1.652287989854812622e-01,-9.018120169639587402e-02,-6.930772960186004639e-02
9.979999999999908056e+00,8.347218866516334934e-01,-1.117099307590065260e+00,-2.881569461435342205e+00,-7.594474918338711689e-02,-3.225979088504127845e-01,4.683563545069220346e-01,1.000000000000000000e+00,-2.563434541225433350e-01,-2.127651572227478027e-01,-1.743273288011550903e-01,-1.604281812906265259e-01,-8.753017336130142212e-02,-4.740918800234794617e-02
9.999999999999896971e+00,8.269363482766617368e-01,-1.117246443695563363e+00,-2.784727078820679047e+00,-1.515489151338148821e-01,-3.421105850621415922e-01,4.368546186942438014e-01,1.000000000000000000e+00,-2.224723398685455322e-01,-1.780438423156738281e-01,-1.418266296386718750e-01,-1.410473436117172241e-01,-8.005507290363311768e-02,-2.944985032081604004e-02
