time,x,y,yaw,reward,yaw_rate,turn_radius,steady_state,action_0,action_1,action_2,action_3,action_4,action_5
2.000000000000001082e-02,5.998998205184162824e-01,-2.509411632216407284e-03,3.881510080996711243e-02,0.000000000000000000e+00,3.626062629807980109e+00,3.462999333171831035e-02,0.000000000000000000e+00,1.407162398099899292e-01,1.290079206228256226e-01,8.482463657855987549e-02,9.745360165834426880e-02,3.326661139726638794e-02,4.258861020207405090e-02
4.000000000000002859e-02,5.989773813614750475e-01,-8.321466491310436364e-03,1.340269227154188558e-01,0.000000000000000000e+00,4.689301858162972181e+00,4.469783403883813983e-02,0.000000000000000000e+00,1.027735024690628052e-01,1.165236458182334900e-01,1.523750573396682739e-01,5.629853904247283936e-02,-6.352566182613372803e-02,6.068814918398857117e-02
6.000000000000004635e-02,5.966970409020652122e-01,-1.527224753592643092e-02,2.604161217176797494e-01,0.000000000000000000e+00,5.264543528375951631e+00,4.946720321029036971e-02,0.000000000000000000e+00,1.018895283341407776e-01,1.216307133436203003e-01,1.515231579542160034e-01,6.409200280904769897e-02,-7.282958924770355225e-02,6.492783874273300171e-02
8.000000000000005718e-02,5.938650854806576396e-01,-2.045712127048338047e-02,3.787187402466901109e-01,0.000000000000000000e+00,5.224258803192523004e+00,5.110108461957477144e-02,0.000000000000000000e+00,1.130408868193626404e-01,1.368726044893264771e-01,1.582507789134979248e-01,7.121708244085311890e-02,-6.399791687726974487e-02,6.752679497003555298e-02
1.000000000000000749e-01,5.917867223500433704e-01,-2.246118923316897664e-02,4.630631348213748999e-01,0.000000000000000000e+00,4.830167111602138519e+00,4.951329091472490146e-02,0.000000000000000000e+00,1.254893392324447632e-01,1.520716398954391479e-01,1.672935187816619873e-01,7.600937783718109131e-02,-4.527327418327331543e-02,6.364557147026062012e-02
1.200000000000000927e-01,5.911800665690090106e-01,-2.114277123836733052e-02,5.046801394504401017e-01,0.000000000000000000e+00,4.201627228555938842e+00,4.543614313332231675e-02,0.000000000000000000e+00,1.138925626873970032e-01,1.347211450338363647e-01,1.496732681989669800e-01,6.598873436450958252e-02,-1.777044311165809631e-02,4.523739591240882874e-02
1.400000000000000966e-01,5.923773128297776802e-01,-1.664315126175042181e-02,4.957162451161337691e-01,0.000000000000000000e+00,3.373009690680480066e+00,3.876515171272194166e-02,0.000000000000000000e+00,8.098585158586502075e-02,8.090592175722122192e-02,7.146476209163665771e-02,4.990242794156074524e-02,4.231672734022140503e-02,5.284551531076431274e-03
1.600000000000001144e-01,5.946710750228996201e-01,-1.000403777227687474e-02,4.369948378946899581e-01,0.000000000000000000e+00,2.464735329561720256e+00,2.874249543091058831e-02,0.000000000000000000e+00,4.424740374088287354e-02,1.641232892870903015e-02,-1.221557334065437317e-02,1.403576135635375977e-02,6.589690595865249634e-02,-1.486633252352476120e-02
1.800000000000001321e-01,5.966135042095673802e-01,-3.779329656651897462e-03,3.570759828980851203e-01,0.000000000000000000e+00,1.783213209023582380e+00,1.580982489397986940e-02,0.000000000000000000e+00,4.743187502026557922e-02,8.916353806853294373e-03,-3.590719029307365417e-02,1.824811473488807678e-02,6.696798652410507202e-02,-1.161309331655502319e-02
2.000000000000001499e-01,5.974109909717776334e-01,-5.516487741460407435e-04,3.096010523450690166e-01,0.000000000000000000e+00,1.499763613814499852e+00,8.825149169216232187e-03,0.000000000000000000e+00,7.243381440639495850e-02,2.916632033884525299e-02,-3.029656223952770233e-02,3.940119221806526184e-02,8.360700309276580811e-02,-1.207927271025255322e-04
2.200000000000001676e-01,5.969098673280560652e-01,-1.115168864863458342e-03,3.268273259936921860e-01,0.000000000000000000e+00,1.587615989899902047e+00,9.405747518512003191e-03,0.000000000000000000e+00,1.078374534845352173e-01,8.669436722993850708e-02,3.046608902513980865e-02,7.528525590896606445e-02,1.029180437326431274e-01,2.788088284432888031e-02
2.400000000000001854e-01,5.943308012858251610e-01,-3.180876068686666613e-03,3.928517432151354405e-01,0.000000000000000000e+00,1.771897671295932897e+00,1.528633925667506090e-02,0.000000000000000000e+00,9.388857334852218628e-02,1.181180030107498169e-01,1.149210184812545776e-01,7.458805292844772339e-02,2.861509844660758972e-02,4.912013188004493713e-02
2.600000000000001754e-01,5.900510679456110186e-01,-3.551405748858593725e-03,4.614514114543614154e-01,0.000000000000000000e+00,1.853814482683975751e+00,2.191695832771269753e-02,0.000000000000000000e+00,7.649303972721099854e-02,1.017824932932853699e-01,1.083622798323631287e-01,8.503980934619903564e-02,2.481960458680987358e-03,4.133654013276100159e-02
2.800000000000001932e-01,5.859493538747146957e-01,-6.656674374058701993e-04,4.937588273325118071e-01,0.000000000000000000e+00,1.750037514536355809e+00,2.870633505994948931e-02,0.000000000000000000e+00,5.028822273015975952e-02,9.349164366722106934e-02,9.035541117191314697e-02,9.208229929208755493e-02,7.409997284412384033e-03,2.877280488610267639e-02
3.000000000000002109e-01,5.838959188492671704e-01,5.745957272315582731e-03,4.704065263769238170e-01,0.000000000000000000e+00,1.463627165947602116e+00,3.894084485459837347e-02,0.000000000000000000e+00,1.088019739836454391e-02,6.473239511251449585e-02,3.442487865686416626e-02,9.003249555826187134e-02,6.431525945663452148e-02,-4.940103739500045776e-03
3.200000000000002287e-01,5.841494407480056772e-01,1.435205395771060877e-02,3.982561240912573242e-01,0.000000000000000000e+00,1.092351117742653033e+00,6.117178768087348784e-02,0.000000000000000000e+00,1.583356782793998718e-02,1.412209123373031616e-02,-3.842704743146896362e-02,5.345515534281730652e-02,9.199882298707962036e-02,-3.140911087393760681e-02
3.400000000000002465e-01,5.860754346499007505e-01,2.240341183621569199e-02,3.041861064537285664e-01,0.000000000000000000e+00,7.491918131306388728e-01,1.035552839781962858e-01,0.000000000000000000e+00,3.464923426508903503e-02,2.716340124607086182e-02,-4.940847679972648621e-02,4.697320610284805298e-02,9.322617202997207642e-02,-2.659499831497669220e-02
3.600000000000002642e-01,5.886873138919020976e-01,2.769822885816541902e-02,2.236388401802532067e-01,0.000000000000000000e+00,5.262489873638269700e-01,1.579278351488939136e-01,0.000000000000000000e+00,6.391219049692153931e-02,4.880972206592559814e-02,-4.720713570713996887e-02,4.607032239437103271e-02,1.154664605855941772e-01,-1.087839808315038681e-02
3.800000000000002820e-01,5.911488628073928719e-01,2.972694454821706023e-02,1.819662412065733981e-01,0.000000000000000000e+00,4.387723683640640804e-01,1.860254280722852538e-01,0.000000000000000000e+00,9.804536402225494385e-02,7.444977760314941406e-02,-3.251377865672111511e-02,6.200452893972396851e-02,1.269679963588714600e-01,5.366301164031028748e-03
4.000000000000002998e-01,5.930061922450938772e-01,2.948252774175347257e-02,1.813610423009540951e-01,0.000000000000000000e+00,4.501196061221571787e-01,1.682925252978769715e-01,0.000000000000000000e+00,1.243005618453025818e-01,1.177345141768455505e-01,1.308450661599636078e-02,9.647297114133834839e-02,1.157806068658828735e-01,3.079024143517017365e-02
4.200000000000003175e-01,5.936950342843729800e-01,2.908331207566666743e-02,1.998150256105468980e-01,0.000000000000000000e+00,4.691316711563505715e-01,1.510332990802078501e-01,0.000000000000000000e+00,1.142692342400550842e-01,1.432639509439468384e-01,7.939860969781875610e-02,1.161585152149200439e-01,7.238753139972686768e-02,5.239535123109817505e-02
4.400000000000003353e-01,5.936917981573874847e-01,3.073698641695737921e-02,1.989289115593035340e-01,0.000000000000000000e+00,4.011926412702031541e-01,1.777520099282708377e-01,0.000000000000000000e+00,8.852289617061614990e-02,1.275647580623626709e-01,8.038394898176193237e-02,1.229884102940559387e-01,4.585189372301101685e-02,4.534461721777915955e-02
4.600000000000003531e-01,5.943489221244656617e-01,3.521158577252148092e-02,1.519319137848419432e-01,0.000000000000000000e+00,2.328211987642586633e-01,3.329871142046462174e-01,0.000000000000000000e+00,7.404205948114395142e-02,1.039840206503868103e-01,3.365770727396011353e-02,1.280224323272705078e-01,6.528250128030776978e-02,2.943786606192588806e-02
4.800000000000003708e-01,5.963117025395030524e-01,4.075659600852560294e-02,6.645570346182951005e-02,0.000000000000000000e+00,1.778877585365963923e-02,5.683769900753209425e-01,0.000000000000000000e+00,8.593922853469848633e-02,6.811007112264633179e-02,-3.034505993127822876e-02,8.931664377450942993e-02,8.865213394165039062e-02,8.480186574161052704e-03
5.000000000000003331e-01,5.995141595189689143e-01,4.463040624443714854e-02,-3.321579851724625054e-02,0.000000000000000000e+00,-1.791831584698746760e-01,4.981835451909878976e-01,0.000000000000000000e+00,1.048670709133148193e-01,8.325193822383880615e-02,-2.403897605836391449e-02,8.019205927848815918e-02,9.069931507110595703e-02,9.049272164702415466e-03
5.200000000000003508e-01,6.034390730454930463e-01,4.537886558383602553e-02,-1.215317214503786047e-01,0.000000000000000000e+00,-3.205838186611644214e-01,2.729935006395260433e-01,0.000000000000000000e+00,1.241068467497825623e-01,9.205813705921173096e-02,-1.753481291234493256e-02,7.569247484207153320e-02,9.425945580005645752e-02,1.751000806689262390e-02
5.400000000000003686e-01,6.077820540570160190e-01,4.328393103749916815e-02,-1.819274184215297629e-01,0.000000000000000000e+00,-3.929676783533371798e-01,2.072451014354526055e-01,0.000000000000000000e+00,1.457833498716354370e-01,9.971122443675994873e-02,-6.254137959331274033e-03,7.326942682266235352e-02,9.034977853298187256e-02,3.212423995137214661e-02
5.600000000000003864e-01,6.126658932765309817e-01,3.925275060937255533e-02,-2.073987034390420425e-01,0.000000000000000000e+00,-3.972764992406121465e-01,1.853946527269171030e-01,0.000000000000000000e+00,1.714836508035659790e-01,1.277164369821548462e-01,2.909679897129535675e-02,8.535951375961303711e-02,6.412710249423980713e-02,5.512010306119918823e-02
5.800000000000004041e-01,6.178147051413093171e-01,3.448929682411377984e-02,-2.042771073395959480e-01,0.000000000000000000e+00,-3.645652475627366718e-01,1.835842411933944485e-01,0.000000000000000000e+00,1.698557287454605103e-01,1.547320485115051270e-01,8.195096254348754883e-02,1.098834425210952759e-01,1.120254676789045334e-02,7.381236553192138672e-02
6.000000000000004219e-01,6.224277982220624006e-01,3.049495045496469769e-02,-1.961427473842407010e-01,0.000000000000000000e+00,-3.483955580219109671e-01,1.810887105807288677e-01,0.000000000000000000e+00,1.494994461536407471e-01,1.506996899843215942e-01,1.024698838591575623e-01,1.252198666334152222e-01,-1.160382572561502457e-02,7.261008769273757935e-02
6.200000000000004396e-01,6.261698280679137696e-01,2.793404017892547886e-02,-2.072226631892687687e-01,0.000000000000000000e+00,-3.748924452691356768e-01,1.646818378217554668e-01,0.000000000000000000e+00,1.401045024394989014e-01,1.293972581624984741e-01,9.355377405881881714e-02,1.179500371217727661e-01,-1.648084633052349091e-02,7.001651078462600708e-02
6.400000000000004574e-01,6.289619340549899018e-01,2.605177779233253110e-02,-2.450624167387720209e-01,0.000000000000000000e+00,-4.387851170498289766e-01,1.387173800137145308e-01,0.000000000000000000e+00,1.446905285120010376e-01,1.013126522302627563e-01,5.800715833902359009e-02,9.238369762897491455e-02,-7.635772344656288624e-04,5.689547955989837646e-02
6.600000000000004752e-01,6.305970460720796700e-01,2.367592743697860547e-02,-3.032252459212850804e-01,0.000000000000000000e+00,-5.217763360102980474e-01,1.123422813249241731e-01,0.000000000000000000e+00,1.358129233121871948e-01,7.829666137695312500e-02,2.350008860230445862e-02,5.240304768085479736e-02,2.324140444397926331e-02,3.790682181715965271e-02
6.800000000000004929e-01,6.313302303587472464e-01,1.993432619758744861e-02,-3.651626993351289041e-01,0.000000000000000000e+00,-5.886391267290700391e-01,9.277221053514263238e-02,0.000000000000000000e+00,1.286596357822418213e-01,7.303901016712188721e-02,1.783015020191669464e-02,4.776999354362487793e-02,1.969879306852817535e-02,2.658651769161224365e-02
7.000000000000005107e-01,6.323536823458040246e-01,1.429411358104537566e-02,-4.068922738328680788e-01,0.000000000000000000e+00,-6.091326243382073624e-01,8.295318483319072400e-02,0.000000000000000000e+00,1.381293535232543945e-01,7.057946175336837769e-02,2.834113314747810364e-02,5.117002129554748535e-02,5.252944538369774818e-04,3.228157758712768555e-02
7.200000000000005285e-01,6.348059109091298557e-01,6.631019677424410119e-03,-4.092816201232923334e-01,0.000000000000000000e+00,-5.657608989993416770e-01,8.698200556416416096e-02,0.000000000000000000e+00,1.542880088090896606e-01,8.911795169115066528e-02,6.449093669652938843e-02,6.644421815872192383e-02,-3.684319928288459778e-02,5.723019316792488098e-02
7.400000000000005462e-01,6.388375261275770489e-01,-2.274132832503050761e-03,-3.675800154241578022e-01,0.000000000000000000e+00,-4.689382737694260950e-01,1.121107907913565654e-01,0.000000000000000000e+00,1.473421007394790649e-01,1.270438134670257568e-01,1.136423572897911072e-01,8.790384978055953979e-02,-5.940777063369750977e-02,7.354141026735305786e-02
7.600000000000005640e-01,6.435439715603330502e-01,-1.085618882742200864e-02,-2.970560945976669087e-01,0.000000000000000000e+00,-3.566217618312932935e-01,1.655774596667221876e-01,0.000000000000000000e+00,1.381831169128417969e-01,1.326822489500045776e-01,1.353437006473541260e-01,9.762730449438095093e-02,-6.819850206375122070e-02,7.034634798765182495e-02
7.800000000000005818e-01,6.479622670023508224e-01,-1.785928302956124591e-02,-2.240919640181983641e-01,0.000000000000000000e+00,-2.606835787606255339e-01,2.517022419399980171e-01,0.000000000000000000e+00,1.318862140178680420e-01,1.287348568439483643e-01,1.481302082538604736e-01,8.944774419069290161e-02,-7.911188155412673950e-02,6.726813316345214844e-02
8.000000000000005995e-01,6.517973073142154794e-01,-2.329073674687437423e-02,-1.618070158632049504e-01,0.000000000000000000e+00,-1.832334391444462585e-01,3.874345805191239389e-01,0.000000000000000000e+00,1.371959149837493896e-01,1.324997842311859131e-01,1.583745181560516357e-01,8.263436704874038696e-02,-8.797138184309005737e-02,6.472988426685333252e-02
8.200000000000006173e-01,6.550731697209777327e-01,-2.772462461422631197e-02,-1.095921123184194768e-01,0.000000000000000000e+00,-1.193371973637818162e-01,5.012845442164566290e-01,0.000000000000000000e+00,1.406089216470718384e-01,1.307200044393539429e-01,1.570198088884353638e-01,7.454805821180343628e-02,-8.961167931556701660e-02,6.269691884517669678e-02
8.400000000000006350e-01,6.579974138398433370e-01,-3.164777655819150937e-02,-6.185946553137325332e-02,0.000000000000000000e+00,-5.930027344344993706e-02,5.243672940141287375e-01,0.000000000000000000e+00,1.452388167381286621e-01,1.288396269083023071e-01,1.504288166761398315e-01,6.887270510196685791e-02,-8.309543877840042114e-02,6.255019456148147583e-02
8.600000000000006528e-01,6.608280449218718600e-01,-3.546959255459836147e-02,-9.067742933411357051e-03,0.000000000000000000e+00,9.463698951076720406e-03,5.458456024645179649e-01,0.000000000000000000e+00,1.516204327344894409e-01,1.348106861114501953e-01,1.528947353363037109e-01,7.001482695341110229e-02,-7.435903698205947876e-02,6.451153010129928589e-02
8.800000000000006706e-01,6.637495767571275351e-01,-3.933737934860459529e-02,5.676462994563098025e-02,0.000000000000000000e+00,9.199613235595957561e-02,5.674964528398561692e-01,0.000000000000000000e+00,1.524931490421295166e-01,1.449043750762939453e-01,1.650938838720321655e-01,7.744912803173065186e-02,-6.794752180576324463e-02,6.505931168794631958e-02
9.000000000000006883e-01,6.668343360814644738e-01,-4.274679956680338400e-02,1.324647160054936434e-01,0.000000000000000000e+00,1.763119366198104832e-01,4.999691330115927368e-01,0.000000000000000000e+00,1.407158225774765015e-01,1.404255330562591553e-01,1.686826646327972412e-01,8.127159625291824341e-02,-6.430407613515853882e-02,6.009516119956970215e-02
9.200000000000007061e-01,6.700864444404479592e-01,-4.495395821723396912e-02,2.057950736194440189e-01,0.000000000000000000e+00,2.478124365721670608e-01,3.652150570892087611e-01,0.000000000000000000e+00,1.248880252242088318e-01,1.253788918256759644e-01,1.626767367124557495e-01,7.772493362426757812e-02,-6.308375298976898193e-02,5.309083312749862671e-02
9.400000000000007239e-01,6.734511010608459358e-01,-4.591003735936988184e-02,2.696691443177947622e-01,0.000000000000000000e+00,3.061335761362724006e-01,3.010043308544024243e-01,0.000000000000000000e+00,1.173518598079681396e-01,1.166557520627975464e-01,1.572483777999877930e-01,7.431315630674362183e-02,-5.934649705886840820e-02,4.828930646181106567e-02
9.600000000000007416e-01,6.767460569018975969e-01,-4.618087544685650636e-02,3.283564930834763640e-01,0.000000000000000000e+00,3.608617923237357750e-01,2.585510229859105391e-01,0.000000000000000000e+00,1.183844879269599915e-01,1.178842037916183472e-01,1.549362540245056152e-01,7.501941919326782227e-02,-5.021121725440025330e-02,4.593093320727348328e-02
9.800000000000007594e-01,6.797357258477134678e-01,-4.626956386786162945e-02,3.904881879151299029e-01,0.000000000000000000e+00,4.203797307044074283e-01,2.237728258702612882e-01,0.000000000000000000e+00,1.233187839388847351e-01,1.250502020120620728e-01,1.560507863759994507e-01,7.745515555143356323e-02,-3.924916312098503113e-02,4.512970522046089172e-02
1.000000000000000666e+00,6.823317755060301915e-01,-4.612205391775681118e-02,4.595843263069937512e-01,0.000000000000000000e+00,4.837342920875083441e-01,1.950871851945661095e-01,0.000000000000000000e+00,1.239499449729919434e-01,1.297814399003982544e-01,1.572220772504806519e-01,7.839337736368179321e-02,-3.052132576704025269e-02,4.410307854413986206e-02
1.019999999999998463e+00,6.847122925507913571e-01,-4.519547230345022371e-02,5.304972705124794130e-01,0.000000000000000000e+00,4.805192682403398585e-01,1.975960256714546226e-01,0.000000000000000000e+00,1.173959299921989441e-01,1.270938068628311157e-01,1.543145030736923218e-01,7.778074592351913452e-02,-2.395421266555786133e-02,4.099320620298385620e-02
1.039999999999996261e+00,6.872188896050165363e-01,-4.297497315404247287e-02,5.936115681859907012e-01,0.000000000000000000e+00,4.226477338060508071e-01,2.243051261626137494e-01,0.000000000000000000e+00,1.060372740030288696e-01,1.179814413189888000e-01,1.461131423711776733e-01,7.591284066438674927e-02,-1.583261601626873016e-02,3.560257703065872192e-02
1.059999999999994058e+00,6.901639029519875956e-01,-3.938050798668168984e-02,6.418302500899412122e-01,0.000000000000000000e+00,3.350431232812959292e-01,2.881001322593668146e-01,0.000000000000000000e+00,9.374048560857772827e-02,1.068301945924758911e-01,1.316752433776855469e-01,7.487959414720535278e-02,1.067284727469086647e-03,2.835636213421821594e-02
1.079999999999991855e+00,6.936485632363945664e-01,-3.465982601490985582e-02,6.727954233721534782e-01,0.000000000000000000e+00,2.566226248847536251e-01,3.927525185190473000e-01,0.000000000000000000e+00,7.897853851318359375e-02,9.396666288375854492e-02,1.050502732396125793e-01,7.332564145326614380e-02,3.226381912827491760e-02,1.672454178333282471e-02
1.099999999999989653e+00,6.976349991998777034e-01,-2.917664062869584907e-02,6.869168613440246318e-01,0.000000000000000000e+00,1.991774743556808114e-01,5.324954100718263250e-01,0.000000000000000000e+00,6.392396241426467896e-02,7.733054459095001221e-02,7.051656395196914673e-02,6.710550934076309204e-02,6.144952028989791870e-02,1.396382343955338001e-03
1.119999999999987450e+00,7.018509379320780894e-01,-2.343930168455343743e-02,6.887225126104640216e-01,0.000000000000000000e+00,1.767242033564709325e-01,6.263697577323883436e-01,0.000000000000000000e+00,5.847675353288650513e-02,6.392288208007812500e-02,4.281846433877944946e-02,6.109689176082611084e-02,7.684611529111862183e-02,-9.002457372844219208e-03
1.139999999999985247e+00,7.057505690235827966e-01,-1.802627279853974418e-02,6.882809724026643927e-01,0.000000000000000000e+00,2.103246012973213896e-01,5.390795561982658635e-01,0.000000000000000000e+00,6.084919348359107971e-02,6.424514949321746826e-02,3.154386952519416809e-02,6.322591006755828857e-02,8.795899897813796997e-02,-9.560280479490756989e-03
1.159999999999983045e+00,7.087208326460459062e-01,-1.320169118440750466e-02,6.957943106770556607e-01,0.000000000000000000e+00,3.008663705950804790e-01,3.792201018064493279e-01,0.000000000000000000e+00,6.299743056297302246e-02,7.702200859785079956e-02,3.810236603021621704e-02,7.426323741674423218e-02,9.494994580745697021e-02,-3.434610785916447639e-03
1.179999999999980842e+00,7.104927440920510984e-01,-8.601280304369463003e-03,7.132639796635260598e-01,0.000000000000000000e+00,3.945631310198158825e-01,2.888797060037177067e-01,0.000000000000000000e+00,5.769066140055656433e-02,8.966329693794250488e-02,5.324976891279220581e-02,8.544413745403289795e-02,8.985951542854309082e-02,4.987997002899646759e-03
1.199999999999978639e+00,7.114061060090179911e-01,-3.551909842360145841e-03,7.324147986439784042e-01,0.000000000000000000e+00,4.317433605630144333e-01,2.641258693593345197e-01,0.000000000000000000e+00,5.178104341030120850e-02,9.286765754222869873e-02,5.864818394184112549e-02,9.223613142967224121e-02,8.226840198040008545e-02,9.555005468428134918e-03
1.219999999999976437e+00,7.124192494671698350e-01,2.390118413133857089e-03,7.406461655867655480e-01,0.000000000000000000e+00,3.820955797710787749e-01,3.024441065070528345e-01,0.000000000000000000e+00,4.485043138265609741e-02,8.879260718822479248e-02,4.849189892411231995e-02,9.410061687231063843e-02,8.949731290340423584e-02,6.779325660318136215e-03
1.239999999999974234e+00,7.144575333728166999e-01,9.333248077148303956e-03,7.274954183990557377e-01,0.000000000000000000e+00,2.812958675835596778e-01,4.293585951877276208e-01,0.000000000000000000e+00,3.875999897718429565e-02,7.677266746759414673e-02,2.249252982437610626e-02,8.928094804286956787e-02,1.072507053613662720e-01,-4.881261382251977921e-03
1.259999999999972031e+00,7.179593624400520957e-01,1.686999079449003069e-02,6.911353421716739387e-01,0.000000000000000000e+00,1.787767523464697528e-01,7.245250815883244044e-01,0.000000000000000000e+00,4.710267111659049988e-02,6.297146528959274292e-02,-9.679344482719898224e-03,7.782932370901107788e-02,1.204265952110290527e-01,-1.515273191034793854e-02
1.279999999999969829e+00,7.225353421734105330e-01,2.418759900495387472e-02,6.412564182427477055e-01,0.000000000000000000e+00,1.184161087414242752e-01,9.255248853701599776e-01,0.000000000000000000e+00,6.210980564355850220e-02,6.436869502067565918e-02,-2.394449897110462189e-02,6.692122668027877808e-02,1.237511560320854187e-01,-1.198909524828195572e-02
1.299999999999967626e+00,7.271733389592378582e-01,3.047210709045022892e-02,5.928943526011727361e-01,0.000000000000000000e+00,1.247592479507370899e-01,9.693021911136612268e-01,0.000000000000000000e+00,7.814233750104904175e-02,7.716937363147735596e-02,-2.455595321953296661e-02,7.437311112880706787e-02,1.264704912900924683e-01,-5.952128209173679352e-03
1.319999999999965423e+00,7.311165959884460275e-01,3.553603046459746784e-02,5.546594771132302704e-01,0.000000000000000000e+00,1.805885249083255539e-01,8.222341100796705105e-01,0.000000000000000000e+00,8.694159239530563354e-02,9.012906253337860107e-02,-1.662849634885787964e-02,8.992249518632888794e-02,1.303280889987945557e-01,3.610107523854821920e-04
1.339999999999963221e+00,7.342366330665146545e-01,4.001380487486466686e-02,5.225852662459065101e-01,0.000000000000000000e+00,2.429169640113398587e-01,6.142185719260507826e-01,0.000000000000000000e+00,8.143565803766250610e-02,9.545602649450302124e-02,-4.663195461034774780e-03,1.007535085082054138e-01,1.297252476215362549e-01,5.873280577361583710e-03
1.359999999999961018e+00,7.369118412599507950e-01,4.471259700886998090e-02,4.850836506360334810e-01,0.000000000000000000e+00,2.649789506967680230e-01,5.630554889862393608e-01,0.000000000000000000e+00,7.109808176755905151e-02,9.273855388164520264e-02,-1.853555440902709961e-04,1.064363345503807068e-01,1.245874464511871338e-01,5.636203568428754807e-03
1.379999999999958815e+00,7.398802509216600987e-01,4.989560976230283940e-02,4.339035613418154580e-01,0.000000000000000000e+00,2.291337254369153753e-01,6.550438642865510364e-01,0.000000000000000000e+00,7.029561698436737061e-02,8.613754063844680786e-02,-1.072541065514087677e-02,1.075122132897377014e-01,1.217335313558578491e-01,1.402050489559769630e-03
1.399999999999956612e+00,7.437285132018881528e-01,5.495751007029048285e-02,3.720648152601275793e-01,0.000000000000000000e+00,1.512621436395846786e-01,1.010563776007755488e+00,0.000000000000000000e+00,8.945640176534652710e-02,8.892808109521865845e-02,-2.081394940614700317e-02,1.035714298486709595e-01,1.186369583010673523e-01,3.489127149805426598e-03
1.419999999999954410e+00,7.484866488732336842e-01,5.886749974001292962e-02,3.114047301052897398e-01,0.000000000000000000e+00,7.687666009510718546e-02,1.050873536780048356e+00,0.000000000000000000e+00,1.152724996209144592e-01,1.021217033267021179e-01,-1.668658107519149780e-02,9.720685333013534546e-02,1.154726892709732056e-01,1.361251343041658401e-02
1.439999999999952207e+00,7.536590909772185043e-01,6.127529389549357663e-02,2.609926281429891248e-01,0.000000000000000000e+00,5.201448681422408266e-02,1.085707613510127123e+00,0.000000000000000000e+00,1.324177682399749756e-01,1.177393347024917603e-01,-5.162214394658803940e-03,9.907080978155136108e-02,1.104985103011131287e-01,2.364763058722019196e-02
1.459999999999950004e+00,7.587432017627844250e-01,6.258278643562636967e-02,2.220660426609304128e-01,0.000000000000000000e+00,8.623211044346898446e-02,1.111048789878674503e+00,0.000000000000000000e+00,1.447408199310302734e-01,1.339733153581619263e-01,1.043016463518142700e-02,1.084719747304916382e-01,1.013222262263298035e-01,3.291898593306541443e-02
1.479999999999947802e+00,7.635367113311186671e-01,6.335510694935636566e-02,1.907813624666153951e-01,0.000000000000000000e+00,1.547579404381404788e-01,1.090380645082629218e+00,0.000000000000000000e+00,1.542722433805465698e-01,1.477341949939727783e-01,2.832408994436264038e-02,1.213271245360374451e-01,8.891349285840988159e-02,4.193452745676040649e-02
1.499999999999945599e+00,7.680485967697674443e-01,6.408817774197728134e-02,1.597505815152503450e-01,0.000000000000000000e+00,2.192440624727099996e-01,7.738131839869515360e-01,0.000000000000000000e+00,1.568308174610137939e-01,1.506885886192321777e-01,4.068276286125183105e-02,1.280533820390701294e-01,7.702994346618652344e-02,4.855681955814361572e-02
1.519999999999943396e+00,7.723235637126373287e-01,6.511336084822222370e-02,1.190383938537287190e-01,0.000000000000000000e+00,2.489571240859406454e-01,6.829834250666131368e-01,0.000000000000000000e+00,1.523767411708831787e-01,1.397920399904251099e-01,3.606883808970451355e-02,1.217538639903068542e-01,7.179704308509826660e-02,4.777327552437782288e-02
1.539999999999941194e+00,7.764077496269972123e-01,6.636584897417602269e-02,6.037939507870369871e-02,0.000000000000000000e+00,2.270927867494710040e-01,7.494651094040200023e-01,0.000000000000000000e+00,1.433700621128082275e-01,1.180673092603683472e-01,1.631570979952812195e-02,1.037896052002906799e-01,7.118438184261322021e-02,3.930184617638587952e-02
1.559999999999938991e+00,7.803182318573832488e-01,6.718428429878803287e-02,-1.624838460382984490e-02,0.000000000000000000e+00,1.554709547742954279e-01,1.093214899905380788e+00,0.000000000000000000e+00,1.329473108053207397e-01,9.758093953132629395e-02,9.447708725929260254e-05,8.791703730821609497e-02,6.824717670679092407e-02,3.059410862624645233e-02
1.579999999999936788e+00,7.841874414941455429e-01,6.664985514614940598e-02,-9.881331393127856799e-02,0.000000000000000000e+00,6.487440842126218632e-02,1.129684103595514966e+00,0.000000000000000000e+00,1.274341493844985962e-01,8.750666677951812744e-02,-4.832098726183176041e-03,8.169462531805038452e-02,6.205720454454421997e-02,2.699530124664306641e-02
1.599999999999934586e+00,7.883653626339430787e-01,6.428217681217363033e-02,-1.703140220294792340e-01,0.000000000000000000e+00,9.273318292332355601e-04,1.128949402426169257e+00,0.000000000000000000e+00,1.275136470794677734e-01,8.325058221817016602e-02,-9.228309500031173229e-04,7.911453396081924438e-02,5.120803788304328918e-02,2.933949232101440430e-02
1.619999999999932383e+00,7.933083740210667978e-01,6.010922704650745185e-02,-2.166502475486904722e-01,0.000000000000000000e+00,-7.562069840641001510e-03,1.134715553065603455e+00,0.000000000000000000e+00,1.380255073308944702e-01,8.918581902980804443e-02,1.673862338066101074e-02,8.117914944887161255e-02,3.318950906395912170e-02,3.975833579897880554e-02
1.639999999999930180e+00,7.992973852834366344e-01,5.432954719021754197e-02,-2.271648888636185748e-01,0.000000000000000000e+00,4.800407884374970763e-02,1.151111505117702549e+00,0.000000000000000000e+00,1.585542708635330200e-01,1.164982765913009644e-01,6.012794747948646545e-02,9.313432872295379639e-02,-1.898426795378327370e-03,6.143638864159584045e-02
1.659999999999927978e+00,8.059491252592305699e-01,4.764502565694211933e-02,-2.019332902267466090e-01,0.000000000000000000e+00,1.495942891196608282e-01,1.179884539449887360e+00,0.000000000000000000e+00,1.631494760513305664e-01,1.473995298147201538e-01,1.091674789786338806e-01,1.049915775656700134e-01,-3.711313381791114807e-02,7.493477314710617065e-02
1.679999999999925775e+00,8.122849228077126948e-01,4.122202491727733342e-02,-1.580167663112659049e-01,0.000000000000000000e+00,2.509346544041346494e-01,7.260955800340700428e-01,0.000000000000000000e+00,1.612732410430908203e-01,1.563827693462371826e-01,1.340322792530059814e-01,1.106999963521957397e-01,-5.578269436955451965e-02,7.532637566328048706e-02
1.699999999999923572e+00,8.176939524630046918e-01,3.589851671824662027e-02,-1.173499218183553933e-01,0.000000000000000000e+00,3.113331344901443809e-01,5.993425436967302344e-01,0.000000000000000000e+00,1.614760905504226685e-01,1.528070718050003052e-01,1.435116678476333618e-01,1.042114421725273132e-01,-6.807135045528411865e-02,7.485142350196838379e-02
1.719999999999921370e+00,8.220540681200751987e-01,3.173101325782856641e-02,-9.223133308209013892e-02,0.000000000000000000e+00,3.093943064854904335e-01,6.106219433879576108e-01,0.000000000000000000e+00,1.622515022754669189e-01,1.416295766830444336e-01,1.405711770057678223e-01,9.034137427806854248e-02,-7.392429560422897339e-02,7.350800931453704834e-02
1.739999999999919167e+00,8.253777318413959563e-01,2.827808727171671199e-02,-8.421937757616736187e-02,0.000000000000000000e+00,2.511148019513151919e-01,7.527458455587916486e-01,0.000000000000000000e+00,1.607605814933776855e-01,1.230371445417404175e-01,1.190707609057426453e-01,7.371453195810317993e-02,-6.495956331491470337e-02,6.731001287698745728e-02
1.759999999999916964e+00,8.278351259894967118e-01,2.490332910588394233e-02,-8.604662209763401515e-02,0.000000000000000000e+00,1.731138773060472424e-01,1.084421755630551321e+00,0.000000000000000000e+00,1.612051725387573242e-01,1.060091555118560791e-01,9.260225296020507812e-02,6.037199124693870544e-02,-4.439805075526237488e-02,5.694573372602462769e-02
1.779999999999914762e+00,8.300209535481996026e-01,2.097606878211355497e-02,-8.310615403918178434e-02,0.000000000000000000e+00,1.157389771302681086e-01,1.241030931607394194e+00,0.000000000000000000e+00,1.626918911933898926e-01,1.001186668872833252e-01,8.632571250200271606e-02,5.517721548676490784e-02,-3.624229878187179565e-02,5.200799554586410522e-02
1.799999999999912559e+00,8.327948474171243953e-01,1.600186440380768627e-02,-5.810259113797959507e-02,0.000000000000000000e+00,9.840762609229142255e-02,1.234756260761104230e+00,0.000000000000000000e+00,1.660152524709701538e-01,1.126200482249259949e-01,1.140796169638633728e-01,6.416499614715576172e-02,-5.684608966112136841e-02,6.036674231290817261e-02
1.819999999999910356e+00,8.365929153605701218e-01,1.011500245707586121e-02,-1.700960835545405059e-03,0.000000000000000000e+00,1.207028551173236625e-01,1.236145540405762855e+00,0.000000000000000000e+00,1.559621840715408325e-01,1.367709487676620483e-01,1.535938382148742676e-01,8.481421321630477905e-02,-8.019541949033737183e-02,6.983603537082672119e-02
1.839999999999908153e+00,8.409412651370395952e-01,4.580490847967855217e-03,7.379194270539576883e-02,0.000000000000000000e+00,1.504835504709536309e-01,1.239314779265884736e+00,0.000000000000000000e+00,1.331706494092941284e-01,1.281349658966064453e-01,1.547448486089706421e-01,9.058900922536849976e-02,-8.129825443029403687e-02,6.479647755622863770e-02
1.859999999999905951e+00,8.451622806446241754e-01,4.299087930987877115e-04,1.475641468628728636e-01,0.000000000000000000e+00,1.618732718311668983e-01,1.160151112937479745e+00,0.000000000000000000e+00,1.225497648119926453e-01,1.180198267102241516e-01,1.544400751590728760e-01,8.481857180595397949e-02,-8.114476501941680908e-02,6.022470816969871521e-02
1.879999999999903748e+00,8.490126600467435836e-01,-2.788893384034596412e-03,2.169180397842833397e-01,0.000000000000000000e+00,1.583138334251632806e-01,1.192781389843926343e+00,0.000000000000000000e+00,1.338705569505691528e-01,1.290927827358245850e-01,1.637791842222213745e-01,8.440387248992919922e-02,-7.694596052169799805e-02,5.929587408900260925e-02
1.899999999999901545e+00,8.524900945722573287e-01,-5.824533542165610811e-03,2.906941010592510866e-01,0.000000000000000000e+00,1.579853180251235834e-01,1.198159515121492324e+00,0.000000000000000000e+00,1.446112394332885742e-01,1.462978869676589966e-01,1.726426035165786743e-01,8.493667840957641602e-02,-6.789114326238632202e-02,5.875611677765846252e-02
1.919999999999899343e+00,8.556726159494163486e-01,-8.636599452661375409e-03,3.719858045231008714e-01,0.000000000000000000e+00,1.725463142406278572e-01,1.095973918170084938e+00,0.000000000000000000e+00,1.481635272502899170e-01,1.553421765565872192e-01,1.763610392808914185e-01,8.552011847496032715e-02,-5.783606693148612976e-02,5.777576565742492676e-02
1.939999999999897140e+00,8.586928751680708016e-01,-1.061179148348218026e-02,4.557073096353889130e-01,0.000000000000000000e+00,1.954263331978682572e-01,9.649409341696096876e-01,0.000000000000000000e+00,1.459186822175979614e-01,1.543508768081665039e-01,1.757466942071914673e-01,8.620031177997589111e-02,-5.059572309255599976e-02,5.592643097043037415e-02
1.959999999999894937e+00,8.616983280172865189e-01,-1.117506001611673350e-02,5.334244525707553253e-01,0.000000000000000000e+00,2.097329376152996527e-01,8.975027508855775160e-01,0.000000000000000000e+00,1.381019949913024902e-01,1.454369276762008667e-01,1.708232611417770386e-01,8.484958112239837646e-02,-4.571686685085296631e-02,5.262747034430503845e-02
1.979999999999892735e+00,8.648042494160841365e-01,-1.015836476222520268e-02,5.985865405760339986e-01,0.000000000000000000e+00,2.030312487982613712e-01,9.287175476608464653e-01,0.000000000000000000e+00,1.266811639070510864e-01,1.319218128919601440e-01,1.621647924184799194e-01,8.124017715454101562e-02,-3.811566159129142761e-02,4.802222549915313721e-02
1.999999999999890532e+00,8.680484650781901124e-01,-7.874698871379925968e-03,6.507153724815876172e-01,0.000000000000000000e+00,1.788236078878959745e-01,1.060342161098098757e+00,0.000000000000000000e+00,1.167630851268768311e-01,1.205821037292480469e-01,1.508471667766571045e-01,7.944803684949874878e-02,-2.168423868715763092e-02,4.202084243297576904e-02
2.019999999999888551e+00,8.712859624062114783e-01,-4.886303158925631163e-03,6.950847679032873261e-01,-9.447162788981163795e-01,1.525703500595870232e-01,1.251084496023901149e+00,1.000000000000000000e+00,1.104634329676628113e-01,1.141306683421134949e-01,1.377429962158203125e-01,7.930327951908111572e-02,-1.347595825791358948e-04,3.422884643077850342e-02
2.039999999999886349e+00,8.739024514471371852e-01,-2.250038244417218447e-03,7.490917783093846705e-01,-8.563739924246199786e-01,1.592878658177997730e-01,1.199551495581028249e+00,1.000000000000000000e+00,1.393511295318603516e-01,1.397051066160202026e-01,1.451733857393264771e-01,1.005386486649513245e-01,2.150955051183700562e-02,4.011085256934165955e-02
2.059999999999884146e+00,8.754742534342855320e-01,3.415514246363215989e-05,8.198913715133859803e-01,-4.754136641198871693e-01,1.938512940233959314e-01,9.773246374032674710e-01,1.000000000000000000e+00,1.390211880207061768e-01,1.442070901393890381e-01,1.549125313758850098e-01,9.172395616769790649e-02,1.332067232578992844e-02,4.531709477305412292e-02
2.079999999999881943e+00,8.762567958241311850e-01,2.970010003365164408e-03,8.954024460602827418e-01,-1.119504216067966212e-01,2.436221271035494684e-01,7.653044126039646455e-01,1.000000000000000000e+00,1.348070055246353149e-01,1.515996158123016357e-01,1.580536067485809326e-01,9.926716983318328857e-02,9.634895250201225281e-03,4.694810137152671814e-02
2.099999999999879741e+00,8.768441188031954603e-01,7.326080181979388595e-03,9.613049421519782589e-01,-1.316495516352384210e-01,2.934653735434136768e-01,6.232044282127775503e-01,1.000000000000000000e+00,1.273944228887557983e-01,1.479474008083343506e-01,1.511212736368179321e-01,1.043071374297142029e-01,1.538940705358982086e-02,4.561292752623558044e-02
2.119999999999877538e+00,8.778962276274593357e-01,1.330908989498252870e-02,1.007346044750450753e+00,-2.660596788194443674e-01,3.301034960420552999e-01,5.447985206886574172e-01,1.000000000000000000e+00,1.207594051957130432e-01,1.407077312469482422e-01,1.357657462358474731e-01,1.063835248351097107e-01,3.821317479014396667e-02,4.110466316342353821e-02
2.139999999999875335e+00,8.798376351641800097e-01,2.083390099265713946e-02,1.027250471987673830e+00,-2.887359490496592684e-01,3.355557009395058743e-01,5.315706963876987157e-01,1.000000000000000000e+00,1.020383611321449280e-01,1.227387040853500366e-01,1.001828908920288086e-01,9.978003054857254028e-02,7.718661427497863770e-02,2.459285780787467957e-02
2.159999999999873133e+00,8.829576620673353915e-01,2.966340690446589434e-02,1.016854733584263482e+00,-1.725790081188086356e-01,2.993884103768306715e-01,5.993289119306949297e-01,1.000000000000000000e+00,8.252094686031341553e-02,9.303750097751617432e-02,5.053466558456420898e-02,8.602057397365570068e-02,1.022748202085494995e-01,4.580818640533834696e-04
2.179999999999870930e+00,8.868748620450832565e-01,3.904449363739337375e-02,9.835615070056319409e-01,-1.030432418818787166e-01,2.403657372679832982e-01,7.601085577644292046e-01,1.000000000000000000e+00,7.820798456668853760e-02,7.696755975484848022e-02,1.666963472962379456e-02,7.981353253126144409e-02,1.113010197877883911e-01,-8.761877194046974182e-03
2.199999999999868727e+00,8.906096991115816097e-01,4.762936317495547467e-02,9.472926758580435536e-01,-4.596676073064233092e-01,1.925023576693625227e-01,9.681394375954135434e-01,1.000000000000000000e+00,8.515025675296783447e-02,7.955694943666458130e-02,5.130259785801172256e-03,8.557556569576263428e-02,1.209792494773864746e-01,-5.520227365195751190e-03
2.219999999999866525e+00,8.933875739293248852e-01,5.445682824408071276e-02,9.262762847724199666e-01,-5.793171340143768999e-01,1.814270880893981974e-01,1.037934994841719805e+00,1.000000000000000000e+00,9.417735785245895386e-02,9.524638950824737549e-02,1.315279863774776459e-02,1.007409766316413879e-01,1.317210495471954346e-01,2.382856095209717751e-03
2.239999999999864322e+00,8.946918076754967197e-01,5.969945077101962427e-02,9.249473338008017409e-01,-3.144714871441797177e-01,2.118299159452288194e-01,8.834417008341047817e-01,1.000000000000000000e+00,9.167768806219100952e-02,1.150878816843032837e-01,3.990459069609642029e-02,1.147690117359161377e-01,1.263559758663177490e-01,1.353173144161701202e-02
2.259999999999862119e+00,8.945470166554315705e-01,6.444283233259973098e-02,9.331897199690214473e-01,-1.763932995609491725e-02,2.651598457076003723e-01,6.897103908589445886e-01,1.000000000000000000e+00,8.543154597282409668e-02,1.274218410253524780e-01,6.485473364591598511e-02,1.237425059080123901e-01,1.045614928007125854e-01,2.132925391197204590e-02
2.279999999999859916e+00,8.939231378871608236e-01,6.975677186862633272e-02,9.346726420711158889e-01,-2.224937248924399036e-01,3.110113425555686706e-01,5.702119938127433452e-01,1.000000000000000000e+00,8.302683383226394653e-02,1.289268881082534790e-01,6.722548604011535645e-02,1.299417614936828613e-01,9.771789610385894775e-02,2.195521816611289978e-02
2.299999999999857714e+00,8.940738914449828378e-01,7.622427638852313780e-02,9.168358617078808948e-01,-2.906318542858583598e-01,3.262383662211367219e-01,5.304647516665825790e-01,1.000000000000000000e+00,8.604566752910614014e-02,1.239476799964904785e-01,4.874709993600845337e-02,1.309420764446258545e-01,1.136635541915893555e-01,1.616531237959861755e-02
2.319999999999855511e+00,8.958197349589238634e-01,8.377863696486592682e-02,8.759513593456426106e-01,-2.472051192875637793e-01,3.087872927213278773e-01,5.557970137489210982e-01,1.000000000000000000e+00,1.025622636079788208e-01,1.138835176825523376e-01,1.650310307741165161e-02,1.172254830598831177e-01,1.332843303680419922e-01,8.903397247195243835e-03
2.339999999999853308e+00,8.992007340367446089e-01,9.180546511000292620e-02,8.174268209513358974e-01,-1.297540198880988149e-01,2.769508703266747585e-01,6.243101550652756515e-01,1.000000000000000000e+00,1.176036149263381958e-01,1.109031587839126587e-01,-1.363480696454644203e-03,9.359474480152130127e-02,1.332651823759078979e-01,1.076318509876728058e-02
2.359999999999851106e+00,9.033859224578735247e-01,9.925963152765693298e-02,7.527793021382034322e-01,-2.702864691951737536e-02,2.560278207703207687e-01,6.842332892969481550e-01,1.000000000000000000e+00,1.307665705680847168e-01,1.173719987273216248e-01,-5.813695490360260010e-03,9.744851291179656982e-02,1.274065077304840088e-01,1.404344011098146439e-02
2.379999999999848903e+00,9.074727693273316742e-01,1.053950255343062414e-01,6.942204665526046092e-01,-3.983298694535220008e-02,2.608634542648792243e-01,6.767640909485445055e-01,1.000000000000000000e+00,1.429159641265869141e-01,1.289672106504440308e-01,-4.350209492258727551e-04,1.140966713428497314e-01,1.259511411190032959e-01,1.893642917275428772e-02
2.399999999999846700e+00,9.110746535982705563e-01,1.102500234763110210e-01,6.460189697541985909e-01,-1.248119453621721331e-01,2.810046019306604581e-01,6.271930318720662090e-01,1.000000000000000000e+00,1.458023190498352051e-01,1.380041688680648804e-01,1.080239657312631607e-02,1.283423751592636108e-01,1.264163255691528320e-01,2.586637437343597412e-02
2.419999999999844498e+00,9.142332493803457805e-01,1.144130287618441710e-01,6.027721051431582655e-01,-1.832849159036128994e-01,2.947413114320472927e-01,5.930837990562257689e-01,1.000000000000000000e+00,1.405513584613800049e-01,1.418451070785522461e-01,2.297779172658920288e-02,1.386877596378326416e-01,1.231834664940834045e-01,3.024158440530300140e-02
2.439999999999842295e+00,9.173157645856631071e-01,1.183954145942072156e-01,5.570596454582537049e-01,-1.807604528470684035e-01,2.915424674839618979e-01,5.945564025058767132e-01,1.000000000000000000e+00,1.404804289340972900e-01,1.433315873146057129e-01,2.678999304771423340e-02,1.445633620023727417e-01,1.167032122611999512e-01,3.026763722300529480e-02
2.459999999999840092e+00,9.208803371569120877e-01,1.221923838806076024e-01,5.068015271954409151e-01,-1.206073195813941734e-01,2.743569182815349672e-01,6.296457302441866855e-01,1.000000000000000000e+00,1.540025919675827026e-01,1.460781693458557129e-01,2.437679097056388855e-02,1.423103958368301392e-01,1.099376380443572998e-01,3.183361887931823730e-02
2.479999999999837890e+00,9.252316439110950252e-01,1.254822204987303680e-01,4.535637044270132145e-01,-1.241004421591477246e-02,2.500424346519407037e-01,6.927608075407163390e-01,1.000000000000000000e+00,1.684252023696899414e-01,1.468687504529953003e-01,2.383296191692352295e-02,1.297065317630767822e-01,1.025129556655883789e-01,3.723240271210670471e-02
2.499999999999835687e+00,9.301425159716714131e-01,1.280942399324501713e-01,3.978530991899322244e-01,-1.172624677528906478e-01,2.267994352247124923e-01,7.684031061891861691e-01,1.000000000000000000e+00,1.726657599210739136e-01,1.444379687309265137e-01,2.479166910052299500e-02,1.191465333104133606e-01,9.368821233510971069e-02,4.141477867960929871e-02
2.519999999999833484e+00,9.351731105662971499e-01,1.300344777921333406e-01,3.398619065262603045e-01,-1.930004973905760368e-01,2.157479162016668617e-01,8.125836234778359701e-01,1.000000000000000000e+00,1.719829291105270386e-01,1.413554698228836060e-01,2.562200836837291718e-02,1.164094656705856323e-01,8.535338938236236572e-02,4.296245798468589783e-02
2.539999999999831282e+00,9.401281422284841760e-01,1.312785580801101859e-01,2.822293461057803210e-01,-1.297955194534273493e-01,2.270415922492957650e-01,7.757140530144992496e-01,1.000000000000000000e+00,1.726402789354324341e-01,1.383957266807556152e-01,2.745760045945644379e-02,1.179325208067893982e-01,7.899825274944305420e-02,4.437138885259628296e-02
2.559999999999829079e+00,9.451305393585309744e-01,1.316999994935317275e-01,2.299082785945092411e-01,-3.617789090997877016e-02,2.607022243779759108e-01,6.788962303025123379e-01,1.000000000000000000e+00,1.771258562803268433e-01,1.367006003856658936e-01,3.301001712679862976e-02,1.189931780099868774e-01,7.284727692604064941e-02,4.821476340293884277e-02
2.579999999999826876e+00,9.504518293867532108e-01,1.311344875597245108e-01,1.888256299171580388e-01,-2.001523539743848557e-01,3.057576811059494748e-01,5.832444601816088037e-01,1.000000000000000000e+00,1.864702999591827393e-01,1.401261687278747559e-01,4.575920850038528442e-02,1.190444976091384888e-01,6.397489458322525024e-02,5.552897602319717407e-02
2.599999999999824674e+00,9.562654868379640849e-01,1.295040747673659176e-01,1.639363591410449572e-01,-3.185638380928447755e-01,3.503175262527844502e-01,5.141710944458405264e-01,1.000000000000000000e+00,1.981204599142074585e-01,1.506750285625457764e-01,6.807773560285568237e-02,1.202051788568496704e-01,4.492625594139099121e-02,6.622216105461120605e-02
2.619999999999822471e+00,9.624447608165085377e-01,1.270769442781907732e-01,1.545663351750730663e-01,-3.757964504012602514e-01,3.783631841175633670e-01,4.807854039325981654e-01,1.000000000000000000e+00,1.997957080602645874e-01,1.613701283931732178e-01,9.493467956781387329e-02,1.211076900362968445e-01,1.043431647121906281e-02,7.618921995162963867e-02
2.639999999999820268e+00,9.685150364506502907e-01,1.243824335984876628e-01,1.526366398041335004e-01,-3.513778941681759416e-01,3.699674145497154343e-01,4.950295617352306610e-01,1.000000000000000000e+00,1.931499093770980835e-01,1.624186635017395020e-01,1.098605543375015259e-01,1.220840662717819214e-01,-1.470258552581071854e-02,7.948085665702819824e-02
2.659999999999818066e+00,9.740726756732972502e-01,1.217174771509503817e-01,1.495801338742133446e-01,-2.373946457156879963e-01,3.271796910432390737e-01,5.615197899991819508e-01,1.000000000000000000e+00,1.915058791637420654e-01,1.548407077789306641e-01,1.118692904710769653e-01,1.197907701134681702e-01,-2.359263598918914795e-02,7.968872040510177612e-02
2.679999999999815863e+00,9.790510535599572517e-01,1.189481549611059452e-01,1.429855906893511552e-01,-5.073045554368509763e-02,2.744450219773084676e-01,6.704072342661836492e-01,1.000000000000000000e+00,1.946892440319061279e-01,1.449851542711257935e-01,1.089687645435333252e-01,1.102150380611419678e-01,-2.402893640100955963e-02,7.861300557851791382e-02
2.699999999999813660e+00,9.836211852253923249e-01,1.158148599260306888e-01,1.358725397186883732e-01,-1.448670625988711380e-01,2.347588459506126657e-01,7.845057865160081079e-01,1.000000000000000000e+00,1.951275467872619629e-01,1.374329626560211182e-01,1.057576164603233337e-01,9.776097536087036133e-02,-2.326739951968193054e-02,7.381440699100494385e-02
2.719999999999811457e+00,9.880528715579477428e-01,1.121871671842113449e-01,1.336691675066516150e-01,-2.378495681960814956e-01,2.199343392329689839e-01,8.387455814477141613e-01,1.000000000000000000e+00,1.919705122709274292e-01,1.335680931806564331e-01,1.087287142872810364e-01,9.071528911590576172e-02,-3.136988356709480286e-02,6.883592903614044189e-02
2.739999999999809255e+00,9.926632247952460464e-01,1.080680025696669766e-01,1.427255206975215351e-01,-1.567796275674321060e-01,2.341761932805795365e-01,7.914547827476686725e-01,1.000000000000000000e+00,1.886487454175949097e-01,1.344857513904571533e-01,1.220376342535018921e-01,9.249450266361236572e-02,-4.883708059787750244e-02,7.008666545152664185e-02
2.759999999999807052e+00,9.976743057872522469e-01,1.036083111502740794e-01,1.677970024965796947e-01,-9.497811531992616726e-03,2.695466561625075030e-01,6.944596099396709299e-01,1.000000000000000000e+00,1.828795969486236572e-01,1.411340534687042236e-01,1.406728774309158325e-01,9.877084940671920776e-02,-6.501124799251556396e-02,7.498084008693695068e-02
2.779999999999804849e+00,1.002983790130074659e+00,9.907174492916859254e-02,2.090212230410465610e-01,-1.411034832126889238e-01,3.072358307260816268e-01,6.176896347925980857e-01,1.000000000000000000e+00,1.767618656158447266e-01,1.480747759342193604e-01,1.543347835540771484e-01,1.040954962372779846e-01,-7.187341898679733276e-02,7.631500065326690674e-02
2.799999999999802647e+00,1.008256417688811135e+00,9.472197821778011173e-02,2.619574776756815049e-01,-1.843418841918483264e-01,3.245939088469866896e-01,5.924672342214217791e-01,1.000000000000000000e+00,1.721375286579132080e-01,1.510034948587417603e-01,1.641436666250228882e-01,1.038943678140640259e-01,-7.510787993669509888e-02,7.476886361837387085e-02
2.819999999999800444e+00,1.013235056990785088e+00,9.071900084792622332e-02,3.215075562295081624e-01,-1.436632457495451154e-01,3.150999444533372218e-01,6.161964399794319647e-01,1.000000000000000000e+00,1.702946126461029053e-01,1.546449065208435059e-01,1.728603988885879517e-01,1.017546579241752625e-01,-7.712535560131072998e-02,7.219687104225158691e-02
2.839999999999798241e+00,1.017841985522530024e+00,8.712754128640726181e-02,3.847677481804412936e-01,-9.109937312056208547e-02,3.017852252628741017e-01,6.468586990130054115e-01,1.000000000000000000e+00,1.697446703910827637e-01,1.588469892740249634e-01,1.788500100374221802e-01,1.001780554652214050e-01,-7.671202719211578369e-02,6.948169320821762085e-02
2.859999999999796039e+00,1.022105861735931320e+00,8.400173690163142970e-02,4.506448325246877884e-01,-7.965825952573357682e-02,2.994290831880727644e-01,6.535326819433220358e-01,1.000000000000000000e+00,1.697366386651992798e-01,1.621051430702209473e-01,1.820688396692276001e-01,9.949506074190139771e-02,-7.367976754903793335e-02,6.758298724889755249e-02
2.879999999999793836e+00,1.026083578499552562e+00,8.139372820119039620e-02,5.191110735179533808e-01,-7.931803580696954181e-02,2.999142956752111622e-01,6.537311457792677194e-01,1.000000000000000000e+00,1.701256334781646729e-01,1.648538708686828613e-01,1.840165257453918457e-01,9.997368603944778442e-02,-6.832366436719894409e-02,6.657209247350692749e-02
2.899999999999791633e+00,1.029790257828574473e+00,7.935732977547332867e-02,5.902505009211940212e-01,-5.637562055905633029e-02,2.948536099642214969e-01,6.671142213405504284e-01,1.000000000000000000e+00,1.696571111679077148e-01,1.666067093610763550e-01,1.849903762340545654e-01,1.011270508170127869e-01,-6.105203926563262939e-02,6.559518724679946899e-02
2.919999999999789431e+00,1.033200915329915981e+00,7.799506895600061274e-02,6.631692205697482523e-01,-9.168731322347856150e-03,2.843701995774489677e-01,6.946515733952970395e-01,1.000000000000000000e+00,1.673527061939239502e-01,1.660906672477722168e-01,1.844093501567840576e-01,1.021460071206092834e-01,-5.287934839725494385e-02,6.374447792768478394e-02
2.939999999999787228e+00,1.036282002516887957e+00,7.741285742592834973e-02,7.360750932438003824e-01,-3.922952298827394463e-02,2.741900372912818851e-01,7.228838884098264250e-01,1.000000000000000000e+00,1.641448885202407837e-01,1.636776030063629150e-01,1.824264228343963623e-01,1.028036624193191528e-01,-4.477439448237419128e-02,6.115554273128509521e-02
2.959999999999785025e+00,1.039009987081088271e+00,7.763671469358252031e-02,8.074930591491048526e-01,-5.093672736428870446e-02,2.717646890907607915e-01,7.297130909625016981e-01,1.000000000000000000e+00,1.613330543041229248e-01,1.611540019512176514e-01,1.798444837331771851e-01,1.032703593373298645e-01,-3.671032190322875977e-02,5.861621722579002380e-02
2.979999999999782823e+00,1.041363591632504360e+00,7.861304904642885116e-02,8.769441133412670952e-01,-3.530919804152369244e-03,2.814856744970643532e-01,7.020597032190888376e-01,1.000000000000000000e+00,1.591200530529022217e-01,1.595649719238281250e-01,1.771012097597122192e-01,1.038665696978569031e-01,-2.822381258010864258e-02,5.649518594145774841e-02
2.999999999999780620e+00,1.043321437364432613e+00,8.028655450648886083e-02,9.443854690464522639e-01,-8.033992476468458654e-02,3.003917591666773190e-01,6.531350438872672859e-01,1.000000000000000000e+00,1.568046957254409790e-01,1.584742963314056396e-01,1.739807426929473877e-01,1.044973656535148621e-01,-1.908937655389308929e-02,5.462693423032760620e-02
3.019999999999778417e+00,1.044872223631652108e+00,8.266461199997521270e-02,1.009199051825864002e+00,-1.605225071740501441e-01,3.206260525396010808e-01,6.063618708151373715e-01,1.000000000000000000e+00,1.535037904977798462e-01,1.569105088710784912e-01,1.698954999446868896e-01,1.048351898789405823e-01,-9.129978716373443604e-03,5.259672179818153381e-02
3.039999999999776215e+00,1.046034044717506717e+00,8.581037661424445462e-02,1.069844452301092597e+00,-1.475995749093667597e-01,3.149521827409524910e-01,6.139002479695360170e-01,1.000000000000000000e+00,1.488089561462402344e-01,1.543589383363723755e-01,1.641656160354614258e-01,1.048949211835861206e-01,2.150699961930513382e-03,4.996807500720024109e-02
3.059999999999774012e+00,1.046872016956520657e+00,8.978432589423729349e-02,1.124274834022524594e+00,-5.929181112828407763e-02,2.907581017351301700e-01,6.654131101751675770e-01,1.000000000000000000e+00,1.427400559186935425e-01,1.507265567779541016e-01,1.559980213642120361e-01,1.048432365059852600e-01,1.556887850165367126e-02,4.635532945394515991e-02
3.079999999999771809e+00,1.047499214050620076e+00,9.459817215567328796e-02,1.170321713638329042e+00,-8.505669557562205163e-02,2.590865995639310970e-01,7.496164057524461466e-01,1.000000000000000000e+00,1.349311023950576782e-01,1.456032842397689819e-01,1.441425085067749023e-01,1.044087931513786316e-01,3.203061223030090332e-02,4.119001701474189758e-02
3.099999999999769607e+00,1.048001709132671877e+00,1.002446656026791394e-01,1.205632903154836066e+00,-2.410453632682070801e-01,2.316807843257155386e-01,8.406097952397874051e-01,1.000000000000000000e+00,1.243750527501106262e-01,1.378392875194549561e-01,1.268788278102874756e-01,1.030280143022537231e-01,5.180696398019790649e-02,3.363103047013282776e-02
3.119999999999767404e+00,1.048472831081328049e+00,1.066716928219580418e-01,1.228116217935151244e+00,-3.657679099419351987e-01,2.129002233159670299e-01,9.133646141327954604e-01,1.000000000000000000e+00,1.122556552290916443e-01,1.270798891782760620e-01,1.042395979166030884e-01,1.009433791041374207e-01,7.294425368309020996e-02,2.388942800462245941e-02
3.139999999999765201e+00,1.048996077446198161e+00,1.136882215224290227e-01,1.237519614026924675e+00,-3.753578260989078319e-01,2.099850799283166647e-01,9.189587318910295011e-01,1.000000000000000000e+00,1.030001491308212280e-01,1.156997978687286377e-01,8.009293675422668457e-02,9.916252642869949341e-02,9.146977216005325317e-02,1.453945226967334747e-02
3.159999999999762998e+00,1.049554204567574089e+00,1.209340408786194199e-01,1.236899137594959397e+00,-2.175733562696209045e-01,2.297203312593089630e-01,8.269177911572788142e-01,1.000000000000000000e+00,9.863678365945816040e-02,1.081642359495162964e-01,6.020373106002807617e-02,9.907717257738113403e-02,1.057603657245635986e-01,8.867407217621803284e-03
3.179999999999760796e+00,1.049995393038163360e+00,1.279939188199187838e-01,1.231567555094663868e+00,-1.405037970170334126e-02,2.623516663991298792e-01,7.081960548259935706e-01,1.000000000000000000e+00,9.739554673433303833e-02,1.072709560394287109e-01,4.883520305156707764e-02,1.023058369755744934e-01,1.159998252987861633e-01,7.671549450606107712e-03
3.199999999999758593e+00,1.050100422538800204e+00,1.346095177225627992e-01,1.225844032350161594e+00,-1.208656197049212538e-01,2.885913579794145978e-01,6.294950551721292253e-01,1.000000000000000000e+00,9.611596912145614624e-02,1.111399680376052856e-01,4.587321355938911438e-02,1.084920540452003479e-01,1.213079094886779785e-01,9.117204695940017700e-03
3.219999999999756390e+00,1.049760759711202196e+00,1.408322548465371082e-01,1.220260455469394323e+00,-1.570706430684974397e-01,2.936392366203340876e-01,6.083754582100431296e-01,1.000000000000000000e+00,9.306462109088897705e-02,1.157449856400489807e-01,4.735226184129714966e-02,1.153438761830329895e-01,1.216737106442451477e-01,1.108059938997030258e-02
3.239999999999754188e+00,1.049121098093732218e+00,1.469745835539918999e-01,1.211416015983465044e+00,-9.829429709117817882e-02,2.760157873898507752e-01,6.426616600301460203e-01,1.000000000000000000e+00,8.951374888420104980e-02,1.175633147358894348e-01,4.668551683425903320e-02,1.204895973205566406e-01,1.210367754101753235e-01,1.158799417316913605e-02
3.259999999999751985e+00,1.048486642883987630e+00,1.533885245200714564e-01,1.194230280516591414e+00,-3.946326839977316869e-02,2.458969654979633046e-01,7.230202398998676339e-01,1.000000000000000000e+00,8.844925463199615479e-02,1.158265322446823120e-01,3.917841985821723938e-02,1.226740553975105286e-01,1.242127567529678345e-01,9.757435880601406097e-03
3.279999999999749782e+00,1.048243058816057616e+00,1.602323975104830156e-01,1.165794590380729190e+00,-2.047379034149891530e-01,2.183062300918141851e-01,8.194304436587436236e-01,1.000000000000000000e+00,9.329973906278610229e-02,1.133430823683738708e-01,2.626313269138336182e-02,1.215428039431571960e-01,1.309062093496322632e-01,7.197328843176364899e-03
3.299999999999747580e+00,1.048637488776028359e+00,1.673366248433053594e-01,1.127832324232878047e+00,-2.927404313153502136e-01,2.060480983376772324e-01,8.707652516006209042e-01,1.000000000000000000e+00,1.041404828429222107e-01,1.154397428035736084e-01,1.578246802091598511e-02,1.182323023676872253e-01,1.355504244565963745e-01,7.444772403687238693e-03
3.319999999999745377e+00,1.049597444523910461e+00,1.742872385550819914e-01,1.085578282488522506e+00,-2.297321994153640468e-01,2.139493066907803553e-01,8.340104496589623162e-01,1.000000000000000000e+00,1.175174564123153687e-01,1.230548769235610962e-01,1.235030684620141983e-02,1.178775206208229065e-01,1.360202431678771973e-01,1.095050107687711716e-02
3.339999999999743174e+00,1.050869858933638268e+00,1.806989669848609870e-01,1.043748255031943462e+00,-7.254844648469775670e-02,2.368248750842004147e-01,7.423199271160736412e-01,1.000000000000000000e+00,1.296126097440719604e-01,1.328459531068801880e-01,1.475434564054012299e-02,1.235337629914283752e-01,1.347026973962783813e-01,1.582273095846176147e-02
3.359999999999740972e+00,1.052200980062911739e+00,1.865244048513893249e-01,1.003356984685810360e+00,-6.363472816613446881e-02,2.602492374609387538e-01,6.628797419030881821e-01,1.000000000000000000e+00,1.371559798717498779e-01,1.412323117256164551e-01,2.020763605833053589e-02,1.315497756004333496e-01,1.329156607389450073e-01,2.077657170593738556e-02
3.379999999999738769e+00,1.053479350699776607e+00,1.920406342021139245e-01,9.613386639914800469e-01,-1.203048227387055052e-01,2.695687780934995503e-01,6.298221867357550741e-01,1.000000000000000000e+00,1.396467238664627075e-01,1.454664617776870728e-01,2.432845160365104675e-02,1.378837525844573975e-01,1.303401589393615723e-01,2.403881400823593140e-02
3.399999999999736566e+00,1.054814261661054520e+00,1.975779197225884243e-01,9.134262889667026375e-01,-1.002982409882952342e-01,2.621824069655623313e-01,6.414926927568277426e-01,1.000000000000000000e+00,1.417352408170700073e-01,1.457065790891647339e-01,2.332087233662605286e-02,1.407956629991531372e-01,1.268246918916702271e-01,2.482749707996845245e-02
3.419999999999734364e+00,1.056509073217772432e+00,2.032093741421210353e-01,8.581128033259475263e-01,-3.666588691383143583e-02,2.471394074514808026e-01,6.786115659669316180e-01,1.000000000000000000e+00,1.486629545688629150e-01,1.448465585708618164e-01,1.887902431190013885e-02,1.392480432987213135e-01,1.219804733991622925e-01,2.554400637745857239e-02
3.439999999999732161e+00,1.058864427103654693e+00,2.086873981882187978e-01,7.975407322980839764e-01,-3.246775790032791625e-02,2.335311954524544042e-01,7.189395254418579073e-01,1.000000000000000000e+00,1.580866873264312744e-01,1.445911824703216553e-01,1.607872545719146729e-02,1.338585317134857178e-01,1.157781183719635010e-01,2.822740375995635986e-02
3.459999999999729958e+00,1.061930016266406485e+00,2.136746648740239785e-01,7.351873546347168498e-01,-8.892445246814403848e-02,2.236004672948037342e-01,7.518725972730839757e-01,1.000000000000000000e+00,1.646084636449813843e-01,1.447603106498718262e-01,1.673873327672481537e-02,1.292435973882675171e-01,1.091527715325355530e-01,3.168723359704017639e-02
3.479999999999727756e+00,1.065542313520799755e+00,2.179440358266605537e-01,6.742779089709640683e-01,-1.186177316973607704e-01,2.184580071581442295e-01,7.691936768234604038e-01,1.000000000000000000e+00,1.690060794353485107e-01,1.460979729890823364e-01,2.033196575939655304e-02,1.287496984004974365e-01,1.025274246931076050e-01,3.503228724002838135e-02
3.499999999999725553e+00,1.069548386319326028e+00,2.214011417836703188e-01,6.177257260808516337e-01,-9.898679391066891875e-02,2.213817744835011314e-01,7.577422964478901513e-01,1.000000000000000000e+00,1.740057766437530518e-01,1.488836258649826050e-01,2.655311487615108490e-02,1.310585588216781616e-01,9.589808434247970581e-02,3.905052319169044495e-02
3.519999999999723350e+00,1.073921993044951506e+00,2.240337923366083617e-01,5.680213201092715325e-01,-2.983316039198388378e-02,2.336095749720260850e-01,7.174026768953238875e-01,1.000000000000000000e+00,1.813740432262420654e-01,1.531161814928054810e-01,3.583479672670364380e-02,1.336494982242584229e-01,8.868597447872161865e-02,4.484289512038230896e-02
3.539999999999721148e+00,1.078724213210816796e+00,2.258681137473678158e-01,5.270416182247132930e-01,-6.175495071349087345e-02,2.527163485507253893e-01,6.639762787504636110e-01,1.000000000000000000e+00,1.913480311632156372e-01,1.591139137744903564e-01,4.876866936683654785e-02,1.350021660327911377e-01,7.949851453304290771e-02,5.275176092982292175e-02
3.559999999999718945e+00,1.083962604786128381e+00,2.269715497082163136e-01,4.953719888182369635e-01,-1.429001135859754579e-01,2.730558293908004752e-01,6.166416004081809454e-01,1.000000000000000000e+00,2.014889270067214966e-01,1.660350859165191650e-01,6.470993906259536743e-02,1.347189396619796753e-01,6.568257510662078857e-02,6.182720512151718140e-02
3.579999999999716742e+00,1.089481340310602731e+00,2.274860694733301658e-01,4.708127427168249945e-01,-1.827094303619510862e-01,2.850484027295103751e-01,5.934194989555284794e-01,1.000000000000000000e+00,2.066075354814529419e-01,1.701089292764663696e-01,8.006381243467330933e-02,1.325393170118331909e-01,4.587391763925552368e-02,6.962408125400543213e-02
3.599999999999714539e+00,1.094974933283267227e+00,2.275997922274074492e-01,4.481304133888039387e-01,-1.553491919810646715e-01,2.787939855520747412e-01,6.093796380110455546e-01,1.000000000000000000e+00,2.053089588880538940e-01,1.672031134366989136e-01,8.851647377014160156e-02,1.287589669227600098e-01,2.745921723544597626e-02,7.355076074600219727e-02
3.619999999999712337e+00,1.100193654740121207e+00,2.273752328414532231e-01,4.224224915167335004e-01,-5.554190751558392425e-02,2.552351718927289292e-01,6.676005539492426699e-01,1.000000000000000000e+00,2.029239386320114136e-01,1.577749550342559814e-01,8.741571009159088135e-02,1.231869831681251526e-01,1.955345086753368378e-02,7.346966862678527832e-02
3.639999999999710134e+00,1.105129578688220038e+00,2.266773139249962377e-01,3.930341376246079821e-01,-9.059697520806185567e-02,2.266972353960979847e-01,7.528482355380360369e-01,1.000000000000000000e+00,2.020846456289291382e-01,1.461880505084991455e-01,8.130700886249542236e-02,1.147144287824630737e-01,2.002070844173431396e-02,7.044880092144012451e-02
3.659999999999707931e+00,1.109998800284404785e+00,2.253170352501716600e-01,3.640778510377132848e-01,-2.287491616608677558e-01,2.050614031343158672e-01,8.334370109688394868e-01,1.000000000000000000e+00,2.009222656488418579e-01,1.370301544666290283e-01,7.804114371538162231e-02,1.053439527750015259e-01,1.868128776550292969e-02,6.643597036600112915e-02
3.679999999999705729e+00,1.115157440429846103e+00,2.232264294217684020e-01,3.426345774361789775e-01,-2.920754957454483325e-01,1.969962688991443167e-01,8.703773725181781495e-01,1.000000000000000000e+00,1.999364048242568970e-01,1.331654191017150879e-01,8.411182463169097900e-02,1.006094217300415039e-01,6.434030365198850632e-03,6.516624987125396729e-02
3.699999999999703526e+00,1.120922411094380955e+00,2.204617417456725681e-01,3.362884860460166880e-01,-2.432561611246129574e-01,2.050533351245754643e-01,8.418994273226908520e-01,1.000000000000000000e+00,1.993576586246490479e-01,1.371420323848724365e-01,1.024349927902221680e-01,1.034160405397415161e-01,-1.757676899433135986e-02,7.040860503911972046e-02
3.719999999999701323e+00,1.127357636833139276e+00,2.172942720730227650e-01,3.492654293539171895e-01,-1.296048730355431056e-01,2.249976276280692411e-01,7.756028426040667556e-01,1.000000000000000000e+00,1.932458281517028809e-01,1.480402052402496338e-01,1.268638819456100464e-01,1.102054491639137268e-01,-4.240398108959197998e-02,7.784125953912734985e-02
3.739999999999699121e+00,1.134140621456048326e+00,2.140362296213507154e-01,3.799450275868703764e-01,-3.040720755122469296e-02,2.462778935992486207e-01,7.177375377382143595e-01,1.000000000000000000e+00,1.881957501173019409e-01,1.567221432924270630e-01,1.444401443004608154e-01,1.165572926402091980e-01,-5.605014413595199585e-02,7.977940142154693604e-02
3.759999999999696918e+00,1.140774909657798375e+00,2.108867691688255386e-01,4.221666618938842430e-01,-1.388159531385354736e-02,2.584866899616881653e-01,6.919024027335853866e-01,1.000000000000000000e+00,1.849990040063858032e-01,1.593820303678512573e-01,1.578666120767593384e-01,1.142903342843055725e-01,-6.548248231410980225e-02,7.912757992744445801e-02
3.779999999999694715e+00,1.146934933690452629e+00,2.079518242614397661e-01,4.694670348383044867e-01,-4.732349351838749385e-03,2.588643672799268991e-01,6.972394628780940184e-01,1.000000000000000000e+00,1.824556887149810791e-01,1.613076031208038330e-01,1.686066687107086182e-01,1.088577657938003540e-01,-7.287604361772537231e-02,7.684968411922454834e-02
3.799999999999692513e+00,1.152533318190522627e+00,2.052831130367649415e-01,5.181700941994351606e-01,-4.069743620911849685e-02,2.511508407829968204e-01,7.237401711219857425e-01,1.000000000000000000e+00,1.795989423990249634e-01,1.618767678737640381e-01,1.742328256368637085e-01,1.042788922786712646e-01,-7.654704898595809937e-02,7.369816303253173828e-02
3.819999999999690310e+00,1.157648171053174302e+00,2.028803116864378309e-01,5.679662458753557130e-01,-1.030147526445485406e-01,2.405672656374990837e-01,7.600919390426532640e-01,1.000000000000000000e+00,1.782684922218322754e-01,1.617676317691802979e-01,1.764076948165893555e-01,1.015783324837684631e-01,-7.614481449127197266e-02,7.146897166967391968e-02
3.839999999999688107e+00,1.162443908053425901e+00,2.006886326021218858e-01,6.214652028675566875e-01,-1.563328318080522417e-01,2.323875091642868262e-01,7.911941518880304391e-01,1.000000000000000000e+00,1.785889714956283569e-01,1.635236442089080811e-01,1.789414137601852417e-01,1.010717526078224182e-01,-7.279041409492492676e-02,7.074492424726486206e-02
3.859999999999685905e+00,1.167049702427313873e+00,1.986709659822349927e-01,6.819050488379271302e-01,-1.788662794312560478e-01,2.297765354418165595e-01,8.043386630015659788e-01,1.000000000000000000e+00,1.787588447332382202e-01,1.672291308641433716e-01,1.829196363687515259e-01,1.025561913847923279e-01,-6.791178882122039795e-02,7.051289081573486328e-02
3.879999999999683702e+00,1.171452526101777636e+00,1.969116909751043032e-01,7.499594022423585749e-01,-1.762950584850748459e-01,2.312775264102731043e-01,8.028387841162936134e-01,1.000000000000000000e+00,1.766237020492553711e-01,1.695410907268524170e-01,1.860615164041519165e-01,1.042759269475936890e-01,-6.253620982170104980e-02,6.927187740802764893e-02
3.899999999999681499e+00,1.175499334253435446e+00,1.956151346637513555e-01,8.227613981832255785e-01,-1.719944643452723243e-01,2.329107747346581825e-01,8.003301042014088207e-01,1.000000000000000000e+00,1.723197251558303833e-01,1.686233729124069214e-01,1.866352409124374390e-01,1.049022972583770752e-01,-5.727861821651458740e-02,6.668789684772491455e-02
3.919999999999679297e+00,1.179057725572265847e+00,1.949664243866606750e-01,8.963930329803208030e-01,-1.771135281790996163e-01,2.327434548633204592e-01,8.033162247711413961e-01,1.000000000000000000e+00,1.684242933988571167e-01,1.663684248924255371e-01,1.854658871889114380e-01,1.048269271850585938e-01,-5.207362025976181030e-02,6.381507217884063721e-02
3.939999999999677094e+00,1.182101880581566178e+00,1.949988208719948268e-01,9.687895171329022892e-01,-1.843149293802288091e-01,2.319740162617230927e-01,8.075170421384667563e-01,1.000000000000000000e+00,1.664490550756454468e-01,1.652083396911621094e-01,1.839752495288848877e-01,1.049927547574043274e-01,-4.582173749804496765e-02,6.160264834761619568e-02
3.959999999999674891e+00,1.184649696627653181e+00,1.956360007381350297e-01,1.040140867047657292e+00,-1.818789804554924172e-01,2.325314336266347537e-01,8.060960719323705392e-01,1.000000000000000000e+00,1.658117622137069702e-01,1.655464470386505127e-01,1.825318634510040283e-01,1.058190017938613892e-01,-3.768596798181533813e-02,6.003030389547348022e-02
3.979999999999672688e+00,1.186689112301261728e+00,1.968298466831149840e-01,1.111049671913400205e+00,-1.684966646981494731e-01,2.346714963224511286e-01,7.982897210739204885e-01,1.000000000000000000e+00,1.648520231246948242e-01,1.657240092754364014e-01,1.805232763290405273e-01,1.066463068127632141e-01,-2.820249274373054504e-02,5.853855237364768982e-02
3.999999999999670486e+00,1.188177596745336073e+00,1.986384698986705111e-01,1.180773491982563206e+00,-1.534387854938515372e-01,2.369297278194115453e-01,7.895059582047466717e-01,1.000000000000000000e+00,1.622530519962310791e-01,1.642504334449768066e-01,1.772295832633972168e-01,1.067843288183212280e-01,-1.831525564193725586e-02,5.665607005357742310e-02
4.019999999999677165e+00,1.189085704340808958e+00,2.011780364721379444e-01,1.247179907774496055e+00,-1.452311787177327507e-01,2.378722614651588019e-01,7.847181875853440625e-01,1.000000000000000000e+00,1.579348891973495483e-01,1.612450927495956421e-01,1.723560541868209839e-01,1.065159663558006287e-01,-7.890122942626476288e-03,5.421061813831329346e-02
4.039999999999683844e+00,1.189434956314869618e+00,2.045285557633162998e-01,1.307918548721048957e+00,-1.449399569984099190e-01,2.372908421690377856e-01,7.845483082490724014e-01,1.000000000000000000e+00,1.524331867694854736e-01,1.574181318283081055e-01,1.656303405761718750e-01,1.063945293426513672e-01,4.198322072625160217e-03,5.115090683102607727e-02
4.059999999999690523e+00,1.189310248041769658e+00,2.086921352163061405e-01,1.361282020071933108e+00,-1.480385765082099792e-01,2.359581575740827553e-01,7.863558362964557791e-01,1.000000000000000000e+00,1.459715515375137329e-01,1.530755311250686646e-01,1.563915163278579712e-01,1.063922867178916931e-01,1.902663521468639374e-02,4.721739888191223145e-02
4.079999999999697202e+00,1.188823162301262393e+00,2.136163389540340907e-01,1.405962629389006402e+00,-1.492572672865010441e-01,2.347502659081526222e-01,7.870667392504588911e-01,1.000000000000000000e+00,1.378870606422424316e-01,1.476690322160720825e-01,1.435926258563995361e-01,1.058444306254386902e-01,3.659540787339210510e-02,4.175880551338195801e-02
4.099999999999703881e+00,1.188029863200346981e+00,2.192460497659702856e-01,1.440531082825237563e+00,-1.433305077247332415e-01,2.345096940982892564e-01,7.836094628394276729e-01,1.000000000000000000e+00,1.276238709688186646e-01,1.402269303798675537e-01,1.264373958110809326e-01,1.044952496886253357e-01,5.578605830669403076e-02,3.428855910897254944e-02
4.119999999999710560e+00,1.187013763683490541e+00,2.254995472758793973e-01,1.463865036810341191e+00,-1.242721841162047619e-01,2.362746083223286331e-01,7.724921074011193989e-01,1.000000000000000000e+00,1.172045543789863586e-01,1.311757862567901611e-01,1.060320809483528137e-01,1.032778024673461914e-01,7.478575408458709717e-02,2.570886351168155670e-02
4.139999999999717240e+00,1.185857799485390718e+00,2.321919415760159700e-01,1.476393708973173347e+00,-9.111698502091902796e-02,2.403721103267060233e-01,7.531515745955360552e-01,1.000000000000000000e+00,1.096135079860687256e-01,1.225974410772323608e-01,8.556493371725082397e-02,1.029735803604125977e-01,9.148957580327987671e-02,1.822327077388763428e-02
4.159999999999723919e+00,1.184595481071864631e+00,2.390403492032170396e-01,1.480592462857669656e+00,-5.278418361990074720e-02,2.454908804950182155e-01,7.307907737782753932e-01,1.000000000000000000e+00,1.052982434630393982e-01,1.171127110719680786e-01,6.879678368568420410e-02,1.040830612182617188e-01,1.048777550458908081e-01,1.366151962429285049e-02
4.179999999999730598e+00,1.183184839870983884e+00,2.457604335021066344e-01,1.479775942736822225e+00,-2.302059241497885975e-02,2.492014474309816596e-01,7.134286789087376235e-01,1.000000000000000000e+00,1.026785150170326233e-01,1.158853694796562195e-01,5.798957869410514832e-02,1.074002087116241455e-01,1.144967600703239441e-01,1.199900079518556595e-02
4.199999999999737277e+00,1.181542671115283216e+00,2.521981671016809701e-01,1.476084776269978693e+00,-1.080209289173967441e-02,2.497004057177535652e-01,7.063012208535147662e-01,1.000000000000000000e+00,1.000440940260887146e-01,1.173564419150352478e-01,5.248195305466651917e-02,1.125085726380348206e-01,1.199762597680091858e-01,1.188596338033676147e-02
4.219999999999743956e+00,1.179641530858050125e+00,2.584080899647752672e-01,1.469163307311361022e+00,-1.635255097804590510e-02,2.469130557872381282e-01,7.095389880705267327e-01,1.000000000000000000e+00,9.694389253854751587e-02,1.188642159104347229e-01,4.908664897084236145e-02,1.177377030253410339e-01,1.224521622061729431e-01,1.186601724475622177e-02
4.239999999999750635e+00,1.177582164473321757e+00,2.646086447093892735e-01,1.456520355893534013e+00,-3.095305995170789110e-02,2.425770053139157667e-01,7.180559516384962260e-01,1.000000000000000000e+00,9.452688694000244141e-02,1.186299771070480347e-01,4.387542605400085449e-02,1.214710921049118042e-01,1.247416436672210693e-01,1.088162604719400406e-02
4.259999999999757314e+00,1.175580960603258340e+00,2.710318793495892775e-01,1.435440210980151843e+00,-4.021051758687928246e-02,2.393851485879824881e-01,7.234561352590128669e-01,1.000000000000000000e+00,9.499476850032806396e-02,1.170725226402282715e-01,3.519443795084953308e-02,1.229923963546752930e-01,1.288005709648132324e-01,8.993364870548248291e-03
4.279999999999763993e+00,1.173886545690622452e+00,2.777519487091234529e-01,1.405280404607232692e+00,-3.372818861397882534e-02,2.390498764163402901e-01,7.196747766914876054e-01,1.000000000000000000e+00,9.996252506971359253e-02,1.169431880116462708e-01,2.559115178883075714e-02,1.226295977830886841e-01,1.334079504013061523e-01,7.809442467987537384e-03
4.299999999999770672e+00,1.172647338047033694e+00,2.846181550781554659e-01,1.368294445493491329e+00,-1.382525625114323399e-02,2.410585959013329671e-01,7.080647328131668417e-01,1.000000000000000000e+00,1.087264642119407654e-01,1.208681911230087280e-01,1.931967213749885559e-02,1.222833916544914246e-01,1.358380913734436035e-01,8.909013122320175171e-03
4.319999999999777351e+00,1.171842635064122673e+00,2.913398827469367847e-01,1.328277415634837144e+00,-7.539195332481961505e-03,2.433128714223868616e-01,6.956021360560521449e-01,1.000000000000000000e+00,1.192290410399436951e-01,1.282087117433547974e-01,1.794900745153427124e-02,1.247333735227584839e-01,1.358776241540908813e-01,1.208771392703056335e-02
4.339999999999784031e+00,1.171367020098786238e+00,2.976909989438661919e-01,1.287847884351466243e+00,-1.942744189307139477e-02,2.438746574997735783e-01,6.886673255623749768e-01,1.000000000000000000e+00,1.288747191429138184e-01,1.364986449480056763e-01,2.037339657545089722e-02,1.300774365663528442e-01,1.347535103559494019e-01,1.628955826163291931e-02
4.359999999999790710e+00,1.171101434470001479e+00,3.036753964050672439e-01,1.246920874859539285e+00,-1.976914877153295585e-02,2.424486876084419040e-01,6.884679965499390653e-01,1.000000000000000000e+00,1.359488368034362793e-01,1.435477882623672485e-01,2.415561862289905548e-02,1.360929608345031738e-01,1.329357624053955078e-01,2.035812847316265106e-02
4.379999999999797389e+00,1.170996358066097809e+00,3.094753932550927678e-01,1.203318145825274188e+00,-1.749992522282970905e-02,2.408495129600463913e-01,6.897917102866826244e-01,1.000000000000000000e+00,1.413278579711914062e-01,1.482042819261550903e-01,2.641130238771438599e-02,1.408024877309799194e-01,1.303771585226058960e-01,2.328744716942310333e-02
4.399999999999804068e+00,1.171136728723301879e+00,3.152744432702614397e-01,1.154980928593604350e+00,-2.502605658421438659e-02,2.414340726546959359e-01,6.854014669925415637e-01,1.000000000000000000e+00,1.480273902416229248e-01,1.509584635496139526e-01,2.587459608912467957e-02,1.430253535509109497e-01,1.269389390945434570e-01,2.528927102684974670e-02
4.419999999999810747e+00,1.171718454422336464e+00,3.211013205200523579e-01,1.101770585762001264e+00,-4.495256564143686878e-02,2.446481251609082808e-01,6.737776700424951137e-01,1.000000000000000000e+00,1.573378592729568481e-01,1.529740542173385620e-01,2.425047941505908966e-02,1.421178281307220459e-01,1.222544014453887939e-01,2.769987098872661591e-02
4.439999999999817426e+00,1.172904495441262851e+00,3.268220023677459452e-01,1.045116929420250251e+00,-6.890232710033293573e-02,2.488573466234777209e-01,6.598069758581390776e-01,1.000000000000000000e+00,1.662036627531051636e-01,1.543672233819961548e-01,2.381980605423450470e-02,1.391392350196838379e-01,1.164313927292823792e-01,3.086365386843681335e-02
4.459999999999824105e+00,1.174701694850541323e+00,3.322476680773551738e-01,9.866628826340612113e-01,-8.769568448643477732e-02,2.521974045016507904e-01,6.488441840495796642e-01,1.000000000000000000e+00,1.720128059387207031e-01,1.548535674810409546e-01,2.515023015439510345e-02,1.368106603622436523e-01,1.100237667560577393e-01,3.396636992692947388e-02
4.479999999999830784e+00,1.177023495343549442e+00,3.372205556234214585e-01,9.279199912031650399e-01,-9.467026282139544280e-02,2.532096327686241266e-01,6.447756800208526151e-01,1.000000000000000000e+00,1.757074445486068726e-01,1.549052000045776367e-01,2.787223272025585175e-02,1.364613175392150879e-01,1.035224795341491699e-01,3.672929853200912476e-02
4.499999999999837463e+00,1.179821931221958664e+00,3.416337431886777853e-01,8.706399340728524505e-01,-8.609077351268483447e-02,2.510763953916670954e-01,6.497803821176004746e-01,1.000000000000000000e+00,1.791750788688659668e-01,1.549559682607650757e-01,3.183898329734802246e-02,1.370268613100051880e-01,9.705978631973266602e-02,3.974227607250213623e-02
4.519999999999844142e+00,1.183133261060968167e+00,3.454191036932861003e-01,8.168638891862927132e-01,-6.063800684814107250e-02,2.456765619735226391e-01,6.646278293385843305e-01,1.000000000000000000e+00,1.838025003671646118e-01,1.554857790470123291e-01,3.744669258594512939e-02,1.370176225900650024e-01,9.024801850318908691e-02,4.374507069587707520e-02
4.539999999999850822e+00,1.187042567551690686e+00,3.485366100353278762e-01,7.687783181270717581e-01,-1.952317944961157181e-02,2.376481740011961163e-01,6.886114786543932054e-01,1.000000000000000000e+00,1.902894824743270874e-01,1.573086977005004883e-01,4.546765610575675964e-02,1.359506845474243164e-01,8.222647011280059814e-02,4.913705959916114807e-02
4.559999999999857501e+00,1.191605022632180599e+00,3.509747942040754021e-01,7.283809337251401228e-01,-2.947290604103550843e-02,2.289570097956060701e-01,7.171925285239373338e-01,1.000000000000000000e+00,1.983496248722076416e-01,1.608451753854751587e-01,5.664746463298797607e-02,1.342454105615615845e-01,7.138941437005996704e-02,5.597664788365364075e-02
4.579999999999864180e+00,1.196763266083559873e+00,3.527666084954350634e-01,6.966857019235227488e-01,-6.426169121998347167e-02,2.236493292023428170e-01,7.374859865449903129e-01,1.000000000000000000e+00,2.058923095464706421e-01,1.651223897933959961e-01,7.078513503074645996e-02,1.324862539768218994e-01,5.565396696329116821e-02,6.372641772031784058e-02
4.599999999999870859e+00,1.202324462325594201e+00,3.540091528834635737e-01,6.725711520701508350e-01,-6.038699156953234587e-02,2.255647778458644837e-01,7.352257450822271556e-01,1.000000000000000000e+00,2.093061506748199463e-01,1.675668060779571533e-01,8.520495891571044922e-02,1.308574378490447998e-01,3.563626855611801147e-02,7.074007391929626465e-02
4.619999999999877538e+00,1.208007984167150939e+00,3.548124227428169908e-01,6.528581591177491372e-01,-2.025739788545109429e-02,2.345064481794880695e-01,7.118168154331797615e-01,1.000000000000000000e+00,2.084607928991317749e-01,1.660503000020980835e-01,9.521000832319259644e-02,1.291290074586868286e-01,1.846099458634853363e-02,7.505936175584793091e-02
4.639999999999884217e+00,1.213637463856685361e+00,3.552142264229447566e-01,6.348871466617055370e-01,-3.304599159450497675e-02,2.471096351803569735e-01,6.807231715698720542e-01,1.000000000000000000e+00,2.078388035297393799e-01,1.611106246709823608e-01,9.938473999500274658e-02,1.261912733316421509e-01,8.950528688728809357e-03,7.644522935152053833e-02
4.659999999999890896e+00,1.219237856694234345e+00,3.551565511447027923e-01,6.187654714326183969e-01,-7.758952916444750159e-02,2.591572877538335096e-01,6.547394413207389130e-01,1.000000000000000000e+00,2.087217718362808228e-01,1.550711542367935181e-01,1.011587306857109070e-01,1.204450577497482300e-01,3.513785311952233315e-03,7.589186728000640869e-02
4.679999999999897575e+00,1.224944408795094031e+00,3.545799646129920157e-01,6.069293585273572988e-01,-9.674227481450266286e-02,2.660059736806756336e-01,6.435670063582067391e-01,1.000000000000000000e+00,2.082544714212417603e-01,1.504546254873275757e-01,1.049806997179985046e-01,1.134020760655403137e-01,-4.589301533997058868e-03,7.447920739650726318e-02
4.699999999999904254e+00,1.230893419035117953e+00,3.535256638234868243e-01,6.027544188297229155e-01,-7.942455627996794498e-02,2.640873146001144756e-01,6.536690088366853280e-01,1.000000000000000000e+00,2.053904384374618530e-01,1.490705609321594238e-01,1.138548254966735840e-01,1.095557659864425659e-01,-1.919997297227382660e-02,7.409450411796569824e-02
4.719999999999910933e+00,1.237166907741119815e+00,3.521295936933500625e-01,6.095864948677616191e-01,-3.036913551744862411e-02,2.548681184743069594e-01,6.822846709481549254e-01,1.000000000000000000e+00,2.012037038803100586e-01,1.515061110258102417e-01,1.276698857545852661e-01,1.105717718601226807e-01,-3.697430714964866638e-02,7.608482986688613892e-02
4.739999999999917613e+00,1.243747500935603156e+00,3.505522022711479169e-01,6.295824202270819958e-01,-3.094509755461042483e-02,2.438157393650031701e-01,7.180513069068560350e-01,1.000000000000000000e+00,1.971240937709808350e-01,1.565444618463516235e-01,1.426322013139724731e-01,1.137721166014671326e-01,-5.124350637197494507e-02,7.844604551792144775e-02
4.759999999999924292e+00,1.250477467174403223e+00,3.489121562117691866e-01,6.626119727771148105e-01,-7.538737716610365014e-02,2.369851473392691199e-01,7.439759700135604170e-01,1.000000000000000000e+00,1.939646750688552856e-01,1.616700440645217896e-01,1.563852429389953613e-01,1.149126663804054260e-01,-6.066915765404701233e-02,7.940217852592468262e-02
4.779999999999930971e+00,1.257098925505349740e+00,3.472880234290961488e-01,7.060919293720612222e-01,-9.013670379002718114e-02,2.360216528277194470e-01,7.525797438775158055e-01,1.000000000000000000e+00,1.902364790439605713e-01,1.654639989137649536e-01,1.681865602731704712e-01,1.129192337393760681e-01,-6.743735074996948242e-02,7.846559584140777588e-02
4.799999999999937650e+00,1.263379847623998353e+00,3.457655404037472957e-01,7.563161763199681698e-01,-8.095548295292585850e-02,2.394832790535133538e-01,7.472240317225400386e-01,1.000000000000000000e+00,1.863852292299270630e-01,1.677505820989608765e-01,1.764727681875228882e-01,1.104000359773635864e-01,-7.174827158451080322e-02,7.596655189990997314e-02
4.819999999999944329e+00,1.269199246236139222e+00,3.444197289100464632e-01,8.104194217600498851e-01,-6.560634370404398730e-02,2.441028462379377373e-01,7.382703671606922757e-01,1.000000000000000000e+00,1.834279745817184448e-01,1.686047613620758057e-01,1.811666339635848999e-01,1.081100776791572571e-01,-7.306303083896636963e-02,7.337582856416702271e-02
4.839999999999951008e+00,1.274557684391069312e+00,3.432883657795126053e-01,8.675118533542586219e-01,-6.157814545932861761e-02,2.464873315882822047e-01,7.359205848512749837e-01,1.000000000000000000e+00,1.818238645792007446e-01,1.693508625030517578e-01,1.838055104017257690e-01,1.064908728003501892e-01,-7.135186344385147095e-02,7.162600010633468628e-02
4.859999999999957687e+00,1.279521070322157783e+00,3.423801097457249698e-01,9.284577435350146457e-01,-7.515064696566918501e-02,2.453339742464749618e-01,7.438378773966403124e-01,1.000000000000000000e+00,1.811397820711135864e-01,1.710883826017379761e-01,1.859888881444931030e-01,1.060729101300239563e-01,-6.721065938472747803e-02,7.062168419361114502e-02
4.879999999999964366e+00,1.284124963549305498e+00,3.417165212921770001e-01,9.943174490674289157e-01,-9.739026523897256760e-02,2.424333232878068123e-01,7.568109880560672798e-01,1.000000000000000000e+00,1.801159232854843140e-01,1.731471270322799683e-01,1.880017518997192383e-01,1.065591722726821899e-01,-6.161817535758018494e-02,6.960830092430114746e-02
4.899999999999971045e+00,1.288301963499939529e+00,3.413638001875856087e-01,1.064647147711686115e+00,-1.134095600505208162e-01,2.405538491081355701e-01,7.661555766961370972e-01,1.000000000000000000e+00,1.776297390460968018e-01,1.737414002418518066e-01,1.888931542634963989e-01,1.070531979203224182e-01,-5.547700449824333191e-02,6.784395873546600342e-02
4.919999999999977724e+00,1.291923730285341243e+00,3.414415859047980062e-01,1.137336465535798702e+00,-1.180033522077315322e-01,2.405136838537583754e-01,7.688352887878433517e-01,1.000000000000000000e+00,1.740495711565017700e-01,1.721880435943603516e-01,1.880564391613006592e-01,1.071131080389022827e-01,-4.933664947748184204e-02,6.536376476287841797e-02
4.939999999999984404e+00,1.294904123182224254e+00,3.420458184157713077e-01,1.210004557030161187e+00,-1.180567366803024487e-01,2.410430154520989965e-01,7.688664297301763817e-01,1.000000000000000000e+00,1.708135604858398438e-01,1.697583645582199097e-01,1.860757768154144287e-01,1.069989576935768127e-01,-4.292661696672439575e-02,6.291174888610839844e-02
4.959999999999991083e+00,1.297228016018900032e+00,3.431877331140907872e-01,1.281421237322188489e+00,-1.217393088443089327e-01,2.407148946607066686e-01,7.710145968258468319e-01,1.000000000000000000e+00,1.686120629310607910e-01,1.679744124412536621e-01,1.837111115455627441e-01,1.071664020419120789e-01,-3.534156456589698792e-02,6.095252186059951782e-02
4.979999999999997762e+00,1.298900522121883672e+00,3.448244457182652045e-01,1.351452246311245942e+00,-1.296272550259641443e-01,2.394549555568416532e-01,7.756158987651456949e-01,1.000000000000000000e+00,1.669108420610427856e-01,1.669037044048309326e-01,1.810337007045745850e-01,1.076022759079933167e-01,-2.627128548920154572e-02,5.931228771805763245e-02
5.000000000000004441e+00,1.299904075928365543e+00,3.469357198716941371e-01,1.419906698619991969e+00,-1.356709884142139055e-01,2.383060662871391011e-01,7.791414099082913935e-01,1.000000000000000000e+00,1.645836830139160156e-01,1.655231267213821411e-01,1.776140183210372925e-01,1.077921167016029358e-01,-1.633821241557598114e-02,5.755722150206565857e-02
5.020000000000011120e+00,1.300203614768557392e+00,3.495595256559578257e-01,1.485671144259572252e+00,-1.342399929730146713e-01,2.381785938113394341e-01,7.783066625675918448e-01,1.000000000000000000e+00,1.609111279249191284e-01,1.631947457790374756e-01,1.730220317840576172e-01,1.076138913631439209e-01,-5.964302923530340195e-03,5.536688119173049927e-02
5.040000000000017799e+00,1.299785800786937173e+00,3.527631545504493760e-01,1.546905215708050951e+00,-1.244350241472116092e-01,2.391955097468879410e-01,7.725870974192067253e-01,1.000000000000000000e+00,1.559032648801803589e-01,1.600145548582077026e-01,1.668317019939422607e-01,1.074729487299919128e-01,5.466911010444164276e-03,5.257447808980941772e-02
5.060000000000024478e+00,1.298696011243277937e+00,3.566016685738873093e-01,1.601694638006880833e+00,-1.091656209885590728e-01,2.408905004697404206e-01,7.636799455766594136e-01,1.000000000000000000e+00,1.496820449829101562e-01,1.561039835214614868e-01,1.583108603954315186e-01,1.074978485703468323e-01,1.914002001285552979e-02,4.893492907285690308e-02
5.080000000000031157e+00,1.297041310805918890e+00,3.611025273509337330e-01,1.648214697813040308e+00,-9.194697558755209055e-02,2.427298467688821515e-01,7.536357357594053452e-01,1.000000000000000000e+00,1.417330354452133179e-01,1.510266363620758057e-01,1.462750285863876343e-01,1.072026491165161133e-01,3.579629212617874146e-02,4.383980482816696167e-02
5.100000000000037836e+00,1.294900786272878968e+00,3.662693069655267308e-01,1.684485201724307268e+00,-7.578766015185461891e-02,2.442342898821016073e-01,7.442094684219151546e-01,1.000000000000000000e+00,1.313349455595016479e-01,1.437839120626449585e-01,1.294840872287750244e-01,1.061355546116828918e-01,5.496600270271301270e-02,3.656755387783050537e-02
5.120000000000044516e+00,1.292376324175079194e+00,3.720643072895797321e-01,1.708938417043410540e+00,-6.305652512855638991e-02,2.449923976837837247e-01,7.367829729916578474e-01,1.000000000000000000e+00,1.203551217913627625e-01,1.345137953758239746e-01,1.085720434784889221e-01,1.049792915582656860e-01,7.463586330413818359e-02,2.767394483089447021e-02
5.140000000000051195e+00,1.289616511174887847e+00,3.783285967417125972e-01,1.721774739121306519e+00,-5.433277769921314448e-02,2.449459816210413365e-01,7.316941203245409531e-01,1.000000000000000000e+00,1.125030145049095154e-01,1.253297626972198486e-01,8.693481981754302979e-02,1.045414954423904419e-01,9.197191148996353149e-02,1.952294073998928070e-02
5.160000000000057874e+00,1.286746553058540465e+00,3.847653212714988724e-01,1.725690133695131134e+00,-4.759894604598478851e-02,2.445324021087518229e-01,7.277660518601577477e-01,1.000000000000000000e+00,1.085663586854934692e-01,1.193287074565887451e-01,6.907395273447036743e-02,1.053279563784599304e-01,1.057676076889038086e-01,1.451358664780855179e-02
5.180000000000064553e+00,1.283800573091192998e+00,3.910342009204248459e-01,1.724621613895467753e+00,-3.910505462449150732e-02,2.444821274099758801e-01,7.228112818642866699e-01,1.000000000000000000e+00,1.066533476114273071e-01,1.182711273431777954e-01,5.810734629631042480e-02,1.085281521081924438e-01,1.156093701720237732e-01,1.293041370809078217e-02
5.200000000000071232e+00,1.280712868035187135e+00,3.969120048476205698e-01,1.721358120423198468e+00,-2.588536602373427489e-02,2.453269374363955813e-01,7.150997968471782817e-01,1.000000000000000000e+00,1.045459210872650146e-01,1.205573752522468567e-01,5.352030694484710693e-02,1.141230091452598572e-01,1.209256201982498169e-01,1.321992184966802597e-02
5.220000000000077911e+00,1.277407933218709379e+00,4.024282907635967632e-01,1.715762938613375033e+00,-8.072022663240665391e-03,2.470087408384016858e-01,7.047086798868903434e-01,1.000000000000000000e+00,1.013882309198379517e-01,1.229544356465339661e-01,5.170991644263267517e-02,1.201208233833312988e-01,1.226616725325584412e-01,1.367929670959711075e-02
5.240000000000084590e+00,1.273907485177594001e+00,4.078556600167141388e-01,1.704944285893546629e+00,-1.084381493262772875e-02,2.488512734083730138e-01,6.936744412893004474e-01,1.000000000000000000e+00,9.831285476684570312e-02,1.230857893824577332e-01,4.782415926456451416e-02,1.244433447718620300e-01,1.240601316094398499e-01,1.292583439499139786e-02
5.260000000000091269e+00,1.270362363098944680e+00,4.135373984915227119e-01,1.685351701529326673e+00,-2.621727961440141128e-02,2.499568792157770281e-01,6.847065868915991338e-01,1.000000000000000000e+00,9.780824929475784302e-02,1.210907399654388428e-01,3.935386985540390015e-02,1.261264830827713013e-01,1.278434842824935913e-01,1.074507273733615875e-02
5.280000000000097948e+00,1.267022123529562005e+00,4.196703459033918060e-01,1.655635560556897756e+00,-3.523272178996439408e-02,2.498353360281596602e-01,6.794475789558540590e-01,1.000000000000000000e+00,1.020046472549438477e-01,1.199503540992736816e-01,2.877633273601531982e-02,1.253559887409210205e-01,1.329629421234130859e-01,8.826963603496551514e-03
5.300000000000104627e+00,1.264102419282195466e+00,4.261614273554457100e-01,1.617965683523810316e+00,-3.868131375743510958e-02,2.487595259508692813e-01,6.774359003081628083e-01,1.000000000000000000e+00,1.104463264346122742e-01,1.231610476970672607e-01,2.135922573506832123e-02,1.241209283471107483e-01,1.357223540544509888e-01,9.299003519117832184e-03
5.320000000000111307e+00,1.261677665271591087e+00,4.326699698428683183e-01,1.576756926160964856e+00,-4.045836115682506506e-02,2.475830511376663767e-01,6.763992893251853378e-01,1.000000000000000000e+00,1.211719140410423279e-01,1.304948329925537109e-01,1.944433525204658508e-02,1.260205358266830444e-01,1.356373876333236694e-01,1.223414484411478043e-02
5.340000000000117986e+00,1.259713492659840783e+00,4.388669052538839432e-01,1.535517177862433025e+00,-4.488708313484320034e-02,2.471602416176557904e-01,6.738158681713414255e-01,1.000000000000000000e+00,1.314478516578674316e-01,1.392441987991333008e-01,2.203450724482536316e-02,1.315742433071136475e-01,1.344738155603408813e-01,1.649793423712253571e-02
5.360000000000124665e+00,1.258078228247781372e+00,4.446752605979205075e-01,1.494739232548640162e+00,-5.383269227803021140e-02,2.477844910616864293e-01,6.685975961711490001e-01,1.000000000000000000e+00,1.389569342136383057e-01,1.469842642545700073e-01,2.668762579560279846e-02,1.381743252277374268e-01,1.327806413173675537e-01,2.086800523102283478e-02
5.380000000000131344e+00,1.256641400397247033e+00,4.502653943559834504e-01,1.452131852936649592e+00,-6.549520849523858546e-02,2.490100925085997063e-01,6.617944617111107819e-01,1.000000000000000000e+00,1.440432220697402954e-01,1.522017121315002441e-01,3.011449798941612244e-02,1.435410082340240479e-01,1.303084492683410645e-01,2.406533434987068176e-02
5.400000000000138023e+00,1.255402129689512369e+00,4.558855169334392610e-01,1.404958636770598623e+00,-7.604152051005735879e-02,2.500253239640964908e-01,6.556424463691331583e-01,1.000000000000000000e+00,1.499731689691543579e-01,1.550380289554595947e-01,3.019415773451328278e-02,1.463572382926940918e-01,1.269596964120864868e-01,2.593729831278324127e-02
5.420000000000144702e+00,1.254535429653118150e+00,4.616670255814311341e-01,1.352428666973292781e+00,-8.287793725319156368e-02,2.503601126082575234e-01,6.516545366023048791e-01,1.000000000000000000e+00,1.590006053447723389e-01,1.568329036235809326e-01,2.832175604999065399e-02,1.457652449607849121e-01,1.224358081817626953e-01,2.795844338834285736e-02
5.440000000000151381e+00,1.254268099426088634e+00,4.675422421220630786e-01,1.295846528369748674e+00,-8.622416127466747682e-02,2.501900774729682309e-01,6.497025725897772608e-01,1.000000000000000000e+00,1.685214489698410034e-01,1.581572890281677246e-01,2.740016952157020569e-02,1.426608562469482422e-01,1.167633756995201111e-01,3.095542639493942261e-02
5.460000000000158060e+00,1.254691976916094909e+00,4.733148535329951834e-01,1.237116196934507029e+00,-8.722156425876352592e-02,2.498268635736779764e-01,6.491207541823879046e-01,1.000000000000000000e+00,1.750863939523696899e-01,1.586194038391113281e-01,2.842912077903747559e-02,1.398385614156723022e-01,1.104639992117881775e-01,3.415531665086746216e-02
5.480000000000164739e+00,1.255766339590610237e+00,4.787824394311207543e-01,1.178019791191894816e+00,-8.693362801725428024e-02,2.494857442571119799e-01,6.492887169899349553e-01,1.000000000000000000e+00,1.791969239711761475e-01,1.587444990873336792e-01,3.111512027680873871e-02,1.392303556203842163e-01,1.039922386407852173e-01,3.701888397336006165e-02
5.500000000000171418e+00,1.257452965431240965e+00,4.838095716109450661e-01,1.120510442864467437e+00,-8.629335393216745753e-02,2.493439350290876932e-01,6.496622102062356019e-01,1.000000000000000000e+00,1.829027533531188965e-01,1.590843498706817627e-01,3.530299291014671326e-02,1.400939971208572388e-01,9.751737862825393677e-02,4.005702584981918335e-02
5.520000000000178098e+00,1.259786236217652178e+00,4.883343207948173115e-01,1.066752943399758013e+00,-8.559197658780184903e-02,2.494712283318996082e-01,6.500713469904488839e-01,1.000000000000000000e+00,1.877469569444656372e-01,1.599261015653610229e-01,4.132452979683876038e-02,1.406614035367965698e-01,9.064705669879913330e-02,4.411288723349571228e-02
5.540000000000184777e+00,1.262848316046077501e+00,4.923464041822865900e-01,1.018889977724867668e+00,-8.405764857299097281e-02,2.497305606651401833e-01,6.509663716657552168e-01,1.000000000000000000e+00,1.943582892417907715e-01,1.618696153163909912e-01,4.975539818406105042e-02,1.400427967309951782e-01,8.254957199096679688e-02,4.959267750382423401e-02
5.560000000000191456e+00,1.266685988136339702e+00,4.958574087249409956e-01,9.786423733327473951e-01,-7.990988964797335337e-02,2.497471399767914602e-01,6.533858977053488282e-01,1.000000000000000000e+00,2.021983414888381958e-01,1.651930212974548340e-01,6.097305193543434143e-02,1.384525001049041748e-01,7.177530974149703979e-02,5.635261163115501404e-02
5.580000000000198135e+00,1.271225434225261797e+00,4.988865915396468731e-01,9.465941159405399929e-01,-7.126513201386679153e-02,2.490762965188690614e-01,6.584286729919109904e-01,1.000000000000000000e+00,2.091520279645919800e-01,1.688517630100250244e-01,7.440795004367828369e-02,1.364727467298507690e-01,5.657940357923507690e-02,6.368320435285568237e-02
5.600000000000204814e+00,1.276263304759370776e+00,5.014734870254429211e-01,9.214123204358904973e-01,-5.850821989779112636e-02,2.477399770284647584e-01,6.658702050596218003e-01,1.000000000000000000e+00,2.123568058013916016e-01,1.705988943576812744e-01,8.751634508371353149e-02,1.344384104013442993e-01,3.791065514087677002e-02,7.015199959278106689e-02
5.620000000000211493e+00,1.281536128161692378e+00,5.036513433330417344e-01,9.002855427725002802e-01,-4.476367340814293994e-02,2.463470379380621467e-01,6.738878571785832383e-01,1.000000000000000000e+00,2.119902223348617554e-01,1.688183546066284180e-01,9.647187590599060059e-02,1.322561502456665039e-01,2.200025133788585663e-02,7.421004772186279297e-02
5.640000000000218172e+00,1.286894742030278316e+00,5.054119478009078126e-01,8.811458888127065014e-01,-3.277921685151933412e-02,2.454338381523902546e-01,6.808787901699470124e-01,1.000000000000000000e+00,2.116834223270416260e-01,1.641566455364227295e-01,1.004366874694824219e-01,1.290150582790374756e-01,1.280033402144908905e-02,7.565393298864364624e-02
5.660000000000224851e+00,1.292378189549120870e+00,5.067151680512348433e-01,8.644520404535732672e-01,-2.330833036542908840e-02,2.451678347286433968e-01,6.864034739534996543e-01,1.000000000000000000e+00,2.123755663633346558e-01,1.587181389331817627e-01,1.026510968804359436e-01,1.235102638602256775e-01,6.957849022001028061e-03,7.539529353380203247e-02
5.680000000000231530e+00,1.298114964223491263e+00,5.075504886653278147e-01,8.527031765629754512e-01,-1.604449526945707707e-02,2.455253224761855813e-01,6.906407110928166615e-01,1.000000000000000000e+00,2.117442935705184937e-01,1.548023223876953125e-01,1.072671711444854736e-01,1.172196492552757263e-01,-1.733736717142164707e-03,7.457567006349563599e-02
5.700000000000238209e+00,1.304209557684311793e+00,5.079983657608241332e-01,8.491797981667944528e-01,-1.019012157904468883e-02,2.463613487530562085e-01,6.940557624122238867e-01,1.000000000000000000e+00,2.089265733957290649e-01,1.541735529899597168e-01,1.169689372181892395e-01,1.139984130859375000e-01,-1.658975332975387573e-02,7.484108209609985352e-02
5.720000000000244889e+00,1.310688494694046469e+00,5.082022816345826977e-01,8.569217432995158701e-01,-3.841312087626772530e-03,2.472525848326239672e-01,6.977592346155510050e-01,1.000000000000000000e+00,2.046679705381393433e-01,1.571405231952667236e-01,1.311608850955963135e-01,1.149942949414253235e-01,-3.423426300287246704e-02,7.697011530399322510e-02
5.740000000000251568e+00,1.317477703198612460e+00,5.082957617543921724e-01,8.776436409516068515e-01,-4.720960016226603134e-03,2.477738204154865953e-01,7.027538933427988077e-01,1.000000000000000000e+00,2.007850110530853271e-01,1.621076166629791260e-01,1.458593606948852539e-01,1.177618131041526794e-01,-4.815480113029479980e-02,7.906617224216461182e-02
5.760000000000258247e+00,1.324390803290117269e+00,5.083421872416714615e-01,9.108961030634555867e-01,-1.609208235236099169e-02,2.477212363405633389e-01,7.093870480388771993e-01,1.000000000000000000e+00,1.979103684425354004e-01,1.667728275060653687e-01,1.592373996973037720e-01,1.182167008519172668e-01,-5.754398927092552185e-02,7.990905642509460449e-02
5.780000000000264926e+00,1.331172014662499459e+00,5.083575363129418934e-01,9.540829423969541256e-01,-2.919749974366852435e-02,2.472493637994259696e-01,7.170318748504732609e-01,1.000000000000000000e+00,1.944075673818588257e-01,1.702677756547927856e-01,1.706773340702056885e-01,1.157866865396499634e-01,-6.438990682363510132e-02,7.906843721866607666e-02
5.800000000000271605e+00,1.337594521218333998e+00,5.083785458594985984e-01,1.003739744541461754e+00,-4.232729390265342617e-02,2.466539628232958803e-01,7.246909214432144530e-01,1.000000000000000000e+00,1.906343549489974976e-01,1.723660081624984741e-01,1.786052882671356201e-01,1.131050661206245422e-01,-6.869679689407348633e-02,7.673057168722152710e-02
5.820000000000278284e+00,1.343535546279151838e+00,5.084567294138638838e-01,1.057277861952333975e+00,-5.414428886858343309e-02,2.461705588979846704e-01,7.315841685066736266e-01,1.000000000000000000e+00,1.876211166381835938e-01,1.730101406574249268e-01,1.830716580152511597e-01,1.107563301920890808e-01,-7.001105695962905884e-02,7.425549626350402832e-02
5.840000000000284963e+00,1.348988585249130123e+00,5.086326441706926493e-01,1.113942630234580733e+00,-6.443084500222910627e-02,2.458359390036392866e-01,7.375846595846335951e-01,1.000000000000000000e+00,1.857677698135375977e-01,1.734233051538467407e-01,1.855740547180175781e-01,1.090281456708908081e-01,-6.839893758296966553e-02,7.253527641296386719e-02
5.860000000000291642e+00,1.354007911925583896e+00,5.089319702183369154e-01,1.174513633249451017e+00,-7.418244929128681164e-02,2.454676195218419843e-01,7.432730954199172624e-01,1.000000000000000000e+00,1.846010386943817139e-01,1.745743602514266968e-01,1.875385046005249023e-01,1.083127483725547791e-01,-6.452321261167526245e-02,7.147794961929321289e-02
5.880000000000298321e+00,1.358614231053041355e+00,5.093844320651359503e-01,1.239853020184799481e+00,-8.443495115568491749e-02,2.448700977968311931e-01,7.492537215074828172e-01,1.000000000000000000e+00,1.830089688301086426e-01,1.758675724267959595e-01,1.892102062702178955e-01,1.083192154765129089e-01,-5.935685709118843079e-02,7.038994878530502319e-02
5.900000000000305000e+00,1.362729350284319629e+00,5.100341468554540070e-01,1.309462512503615228e+00,-9.467319235342688821e-02,2.441141882522964157e-01,7.552260288728323001e-01,1.000000000000000000e+00,1.801572889089584351e-01,1.758902668952941895e-01,1.898211836814880371e-01,1.083404123783111572e-01,-5.366033688187599182e-02,6.862754374742507935e-02
5.920000000000311680e+00,1.366213583787295516e+00,5.109563588664145506e-01,1.381431093473290295e+00,-1.030170093027065886e-01,2.434951374922247058e-01,7.600932554265787955e-01,1.000000000000000000e+00,1.764405369758605957e-01,1.741501986980438232e-01,1.888702511787414551e-01,1.080538406968116760e-01,-4.778763651847839355e-02,6.622105836868286133e-02
5.940000000000318359e+00,1.368967784069033744e+00,5.122178111981684490e-01,1.453624584316928869e+00,-1.082172877213665174e-01,2.431978268915561681e-01,7.631267511707970908e-01,1.000000000000000000e+00,1.730693876743316650e-01,1.716586202383041382e-01,1.868151277303695679e-01,1.076783537864685059e-01,-4.146230965852737427e-02,6.380296498537063599e-02
5.960000000000325038e+00,1.370968741160559112e+00,5.138318956334784193e-01,1.524859946338733341e+00,-1.106400553689407540e-01,2.431468064492914027e-01,7.645400322985487218e-01,1.000000000000000000e+00,1.706276684999465942e-01,1.696566939353942871e-01,1.843006312847137451e-01,1.075748577713966370e-01,-3.393904492259025574e-02,6.179663166403770447e-02
5.980000000000331717e+00,1.372220879766534507e+00,5.157711219650392698e-01,1.594856623388862804e+00,-1.114221223542990191e-01,2.431477306466149346e-01,7.649962380400077144e-01,1.000000000000000000e+00,1.686397343873977661e-01,1.682179421186447144e-01,1.814122349023818970e-01,1.077228561043739319e-01,-2.497996017336845398e-02,6.007486209273338318e-02
6.000000000000338396e+00,1.372706082216058165e+00,5.180195771614480860e-01,1.663282700633056832e+00,-1.110300273718927144e-01,2.431191205213955320e-01,7.647675159669373723e-01,1.000000000000000000e+00,1.661158651113510132e-01,1.665121912956237793e-01,1.777954995632171631e-01,1.077189072966575623e-01,-1.512939296662807465e-02,5.826491862535476685e-02
6.020000000000345075e+00,1.372382174170144076e+00,5.206040084593464012e-01,1.729022000295249883e+00,-1.090211055920222438e-01,2.431261898576777825e-01,7.635956449286795955e-01,1.000000000000000000e+00,1.623746007680892944e-01,1.639992743730545044e-01,1.730457544326782227e-01,1.074686720967292786e-01,-4.737848415970802307e-03,5.606210976839065552e-02
6.040000000000351754e+00,1.371222092339743792e+00,5.235805096764835076e-01,1.790312755873173733e+00,-1.048446331351589045e-01,2.432515728161074864e-01,7.611593693288426499e-01,1.000000000000000000e+00,1.573328673839569092e-01,1.607285887002944946e-01,1.667047441005706787e-01,1.073070988059043884e-01,6.770969834178686142e-03,5.325868353247642517e-02
6.060000000000358433e+00,1.369254761468544856e+00,5.270101968851316210e-01,1.845284232104161815e+00,-9.848017927646887659e-02,2.435004344229346473e-01,7.574467712446067980e-01,1.000000000000000000e+00,1.510087996721267700e-01,1.567614078521728516e-01,1.580159068107604980e-01,1.073321551084518433e-01,2.047638781368732452e-02,4.955762624740600586e-02
6.080000000000365112e+00,1.366574144515519063e+00,5.309474429620884006e-01,1.892083823096863515e+00,-9.039050970182824218e-02,2.438157140594870986e-01,7.527277973260664279e-01,1.000000000000000000e+00,1.428669542074203491e-01,1.516395509243011475e-01,1.458240449428558350e-01,1.070857569575309753e-01,3.702207282185554504e-02,4.435802251100540161e-02
6.100000000000371791e+00,1.363257617280814848e+00,5.354148311951567596e-01,1.928728710838599758e+00,-8.045598623062515109e-02,2.442468104180621213e-01,7.469326586345312879e-01,1.000000000000000000e+00,1.324504017829895020e-01,1.445110738277435303e-01,1.290854215621948242e-01,1.062395572662353516e-01,5.587188899517059326e-02,3.708430379629135132e-02
6.120000000000378471e+00,1.359416587593180736e+00,5.403838421235902523e-01,1.953855836194613227e+00,-6.712957387741606829e-02,2.451152056277890456e-01,7.391589180951593230e-01,1.000000000000000000e+00,1.220031231641769409e-01,1.357974857091903687e-01,1.087557151913642883e-01,1.055783480405807495e-01,7.500341534614562988e-02,2.851654589176177979e-02
6.140000000000385150e+00,1.355236917249588835e+00,5.457155063260840100e-01,1.967960698789292584e+00,-4.948836574415440420e-02,2.466699964649164412e-01,7.288682133507566885e-01,1.000000000000000000e+00,1.148964911699295044e-01,1.275473982095718384e-01,8.821789920330047607e-02,1.056910529732704163e-01,9.179460257291793823e-02,2.097664400935173035e-02
6.160000000000391829e+00,1.350902374189004718e+00,5.511517543795367846e-01,1.973746112870067737e+00,-2.915906541220612477e-02,2.487090037914742036e-01,7.170094548237868626e-01,1.000000000000000000e+00,1.113339811563491821e-01,1.224191486835479736e-01,7.153280079364776611e-02,1.069007813930511475e-01,1.051916256546974182e-01,1.645917259156703949e-02
6.180000000000398508e+00,1.346509978976447197e+00,5.564008618834910269e-01,1.974708082734664139e+00,-9.735076717282926256e-03,2.506205049531768925e-01,7.056787947517483284e-01,1.000000000000000000e+00,1.093516573309898376e-01,1.216744482517242432e-01,6.123691424727439880e-02,1.102930903434753418e-01,1.146724149584770203e-01,1.493919268250465393e-02
6.200000000000405187e+00,1.342040706541683726e+00,5.612768315214677894e-01,1.973001552717263518e+00,-5.622295108290931154e-03,2.517989733091931526e-01,6.967203278534969124e-01,1.000000000000000000e+00,1.070630699396133423e-01,1.236250028014183044e-01,5.647640675306320190e-02,1.157912984490394592e-01,1.198558509349822998e-01,1.492541003972291946e-02
6.220000000000411866e+00,1.337425294768569639e+00,5.658232692670702724e-01,1.968068655866377359e+00,-1.588355969021566436e-02,2.520055634241524234e-01,6.907345901807074862e-01,1.000000000000000000e+00,1.039395555853843689e-01,1.252969503402709961e-01,5.367679148912429810e-02,1.214502230286598206e-01,1.220459565520286560e-01,1.487644109874963760e-02
6.240000000000418545e+00,1.332641148281539012e+00,5.703063956548137803e-01,1.957043610146668389e+00,-2.253833513100473793e-02,2.514982687357607549e-01,6.868526378402471932e-01,1.000000000000000000e+00,1.011329665780067444e-01,1.247814744710922241e-01,4.860166460275650024e-02,1.253486275672912598e-01,1.242536455392837524e-01,1.363910920917987823e-02
6.260000000000425224e+00,1.327773098391000328e+00,5.750623355983139895e-01,1.936830191075016083e+00,-2.854485442616664509e-02,2.508591692142519980e-01,6.833488349180694144e-01,1.000000000000000000e+00,1.008480787277221680e-01,1.226064637303352356e-01,3.960472345352172852e-02,1.266878396272659302e-01,1.284688264131546021e-01,1.124607305973768234e-02
6.280000000000431903e+00,1.323015516053010820e+00,5.802926889705782854e-01,1.906605971670481958e+00,-3.603381356572971789e-02,2.505261489579206358e-01,6.789802754199909529e-01,1.000000000000000000e+00,1.046933829784393311e-01,1.217647790908813477e-01,2.950382046401500702e-02,1.259272396564483643e-01,1.332718282938003540e-01,9.369471110403537750e-03
6.300000000000438583e+00,1.318577734675272950e+00,5.859258419318340572e-01,1.868754733360229681e+00,-4.486776817473683149e-02,2.505040262395810124e-01,6.738271352314034734e-01,1.000000000000000000e+00,1.121709719300270081e-01,1.251315325498580933e-01,2.279844507575035095e-02,1.253169029951095581e-01,1.354853361845016479e-01,9.750894270837306976e-03
6.320000000000445262e+00,1.314597401278740252e+00,5.916551946407557772e-01,1.827505820276138282e+00,-5.313047709016029824e-02,2.504626663317039981e-01,6.690072216974064512e-01,1.000000000000000000e+00,1.217822954058647156e-01,1.321454942226409912e-01,2.122000604867935181e-02,1.278601586818695068e-01,1.352306604385375977e-01,1.240044087171554565e-02
6.340000000000451941e+00,1.311120823940327806e+00,5.971897947427909914e-01,1.786062047053091462e+00,-5.920845171717007555e-02,2.501417420513852297e-01,6.654617364983174133e-01,1.000000000000000000e+00,1.312261968851089478e-01,1.403914541006088257e-01,2.378119900822639465e-02,1.333943307399749756e-01,1.341446340084075928e-01,1.636321842670440674e-02
6.360000000000458620e+00,1.308061096777558774e+00,6.024513960637617460e-01,1.744852965183702143e+00,-6.352404605856351583e-02,2.496500309445357779e-01,6.629443064658379070e-01,1.000000000000000000e+00,1.386213004589080811e-01,1.478935629129409790e-01,2.818021737039089203e-02,1.396056413650512695e-01,1.325328052043914795e-01,2.048684470355510712e-02
6.380000000000465299e+00,1.305286361698270614e+00,6.075721297787081143e-01,1.701923845910841671e+00,-6.861766246952109849e-02,2.494896404769337273e-01,6.599730302261126447e-01,1.000000000000000000e+00,1.445477604866027832e-01,1.535066664218902588e-01,3.151843324303627014e-02,1.447061300277709961e-01,1.300991922616958618e-01,2.368818782269954681e-02
6.400000000000471978e+00,1.302757759309063790e+00,6.127674650538427192e-01,1.655039730095683392e+00,-7.684497792092402635e-02,2.501220897802718390e-01,6.551737628794609414e-01,1.000000000000000000e+00,1.517419666051864624e-01,1.572950035333633423e-01,3.213629126548767090e-02,1.475369781255722046e-01,1.267542690038681030e-01,2.595592290163040161e-02
6.420000000000478657e+00,1.300593049530244016e+00,6.181821330952734783e-01,1.603581462962777593e+00,-8.777660994920420678e-02,2.514671170790319099e-01,6.487969775296308361e-01,1.000000000000000000e+00,1.615153402090072632e-01,1.600975990295410156e-01,3.124688751995563507e-02,1.473621726036071777e-01,1.222871690988540649e-01,2.843888290226459503e-02
6.440000000000485336e+00,1.298974869971759816e+00,6.238008312061503746e-01,1.548537030628914568e+00,-9.889138930051899479e-02,2.530358103592709740e-01,6.423133562413638753e-01,1.000000000000000000e+00,1.712610572576522827e-01,1.621696799993515015e-01,3.113742172718048096e-02,1.451346576213836670e-01,1.167742982506752014e-01,3.162997588515281677e-02
6.460000000000492015e+00,1.297998760797039131e+00,6.294743296549143441e-01,1.491294775449577781e+00,-1.076969256039187056e-01,2.543301372944252736e-01,6.371767933977140475e-01,1.000000000000000000e+00,1.780720800161361694e-01,1.630233675241470337e-01,3.251703828573226929e-02,1.430625766515731812e-01,1.106440350413322449e-01,3.483798727393150330e-02
6.480000000000498694e+00,1.297665744168077007e+00,6.350229473739426034e-01,1.433142147666851995e+00,-1.120730989482940920e-01,2.548928225198012765e-01,6.346240256134950686e-01,1.000000000000000000e+00,1.822829246520996094e-01,1.629866510629653931e-01,3.505188599228858948e-02,1.425225585699081421e-01,1.043074578046798706e-01,3.760053962469100952e-02
6.500000000000505374e+00,1.297982500870581646e+00,6.403207218757266395e-01,1.375625045164889260e+00,-1.105193278715151800e-01,2.543917588016987863e-01,6.355303920749494351e-01,1.000000000000000000e+00,1.856699883937835693e-01,1.626136004924774170e-01,3.861441463232040405e-02,1.428954452276229858e-01,9.791605174541473389e-02,4.034728184342384338e-02
6.520000000000512053e+00,1.299014781106637262e+00,6.453106905678692717e-01,1.320690122730947325e+00,-1.024094783004966119e-01,2.527152729964388111e-01,6.402611376580435998e-01,1.000000000000000000e+00,1.896996051073074341e-01,1.623362153768539429e-01,4.355918988585472107e-02,1.427611261606216431e-01,9.111961722373962402e-02,4.384759441018104553e-02
6.540000000000518732e+00,1.300863148101326860e+00,6.499848135125028126e-01,1.270504812284153795e+00,-8.807127550126603310e-02,2.500016110575264405e-01,6.486250892909281029e-01,1.000000000000000000e+00,1.951073706150054932e-01,1.628872454166412354e-01,5.051055550575256348e-02,1.414950340986251831e-01,8.326125890016555786e-02,4.853634536266326904e-02
6.560000000000525411e+00,1.303597499243559943e+00,6.543499803164772866e-01,1.227121491814910481e+00,-6.926616036453107916e-02,2.467181598518166652e-01,6.595947397873568319e-01,1.000000000000000000e+00,2.018073946237564087e-01,1.648398935794830322e-01,6.007772311568260193e-02,1.394686698913574219e-01,7.328522950410842896e-02,5.443922430276870728e-02
6.580000000000532090e+00,1.307183555446389089e+00,6.584051820531956478e-01,1.191917488995573260e+00,-5.056588551991701708e-02,2.438782454658202647e-01,6.705032334467150301e-01,1.000000000000000000e+00,2.086222618818283081e-01,1.678336858749389648e-01,7.233141362667083740e-02,1.374254673719406128e-01,5.969431996345520020e-02,6.122934445738792419e-02
6.600000000000538769e+00,1.311468449032561878e+00,6.621476873846451339e-01,1.164858146830775487e+00,-3.920499191673070677e-02,2.429160809007854804e-01,6.771304213819070439e-01,1.000000000000000000e+00,2.132447361946105957e-01,1.704654395580291748e-01,8.596004545688629150e-02,1.358265578746795654e-01,4.210822284221649170e-02,6.805711984634399414e-02
6.620000000000545448e+00,1.316207382296537443e+00,6.655621353020527708e-01,1.144159912080615404e+00,-3.874788672868450384e-02,2.444377300704586031e-01,6.773970660749339956e-01,1.000000000000000000e+00,2.141209244728088379e-01,1.710587143898010254e-01,9.777984023094177246e-02,1.344456672668457031e-01,2.436362020671367645e-02,7.341600209474563599e-02
6.640000000000552127e+00,1.321190739197571684e+00,6.686227045344296238e-01,1.127541884334170685e+00,-4.510630929405681083e-02,2.475555464950581763e-01,6.736879862451334855e-01,1.000000000000000000e+00,2.135178148746490479e-01,1.689838320016860962e-01,1.052820235490798950e-01,1.325652599334716797e-01,1.166136842221021652e-02,7.625259459018707275e-02
6.660000000000558806e+00,1.326363065778044081e+00,6.713046306902729077e-01,1.114189811929313878e+00,-5.118565046945208058e-02,2.507849979604484525e-01,6.701417038928195735e-01,1.000000000000000000e+00,2.137711644172668457e-01,1.651570200920104980e-01,1.096868887543678284e-01,1.287336647510528564e-01,3.531927242875099182e-03,7.702450454235076904e-02
6.680000000000565485e+00,1.331783610103287607e+00,6.736058443288895914e-01,1.105133738505601926e+00,-5.098720195033035196e-02,2.527897716607898637e-01,6.702574655289739169e-01,1.000000000000000000e+00,2.133854329586029053e-01,1.612979322671890259e-01,1.141144409775733948e-01,1.227568760514259338e-01,-4.442396573722362518e-03,7.660305500030517578e-02
6.700000000000572165e+00,1.337513314027275690e+00,6.755777109576835970e-01,1.102455321280980449e+00,-4.034127853967062194e-02,2.525717436848765596e-01,6.764675875185254261e-01,1.000000000000000000e+00,2.108078598976135254e-01,1.592742800712585449e-01,1.211641356348991394e-01,1.176631599664688110e-01,-1.588827930390834808e-02,7.602664828300476074e-02
6.720000000000578844e+00,1.343575829027915614e+00,6.773248886650168332e-01,1.108731349661448151e+00,-1.929444436750639424e-02,2.501514657265023756e-01,6.887449074522878911e-01,1.000000000000000000e+00,2.070213854312896729e-01,1.601471304893493652e-01,1.318686455488204956e-01,1.161418408155441284e-01,-3.032320551574230194e-02,7.658002525568008423e-02
6.740000000000585523e+00,1.349945910324432230e+00,6.789673217085220314e-01,1.126362947320540542e+00,-7.104698082903546444e-03,2.467284452175914911e-01,7.041444072150270239e-01,1.000000000000000000e+00,2.034642249345779419e-01,1.636340767145156860e-01,1.449118107557296753e-01,1.172993853688240051e-01,-4.372603446245193481e-02,7.813033461570739746e-02
6.760000000000592202e+00,1.356521352398044833e+00,6.805785769571038868e-01,1.156475237828719305e+00,-3.060029144017110264e-02,2.440728304022543316e-01,7.178501700067664304e-01,1.000000000000000000e+00,2.007410824298858643e-01,1.684011518955230713e-01,1.581968218088150024e-01,1.183744519948959351e-01,-5.357030779123306274e-02,7.938712090253829956e-02
6.780000000000598881e+00,1.363097791012242155e+00,6.821578072276716087e-01,1.197978592047238999e+00,-4.484041932684038057e-02,2.433471351296640217e-01,7.261569112739901799e-01,1.000000000000000000e+00,1.975846290588378906e-01,1.726326346397399902e-01,1.702008843421936035e-01,1.173777282238006592e-01,-6.057706102728843689e-02,7.938287407159805298e-02
6.800000000000605560e+00,1.369422574051335495e+00,6.836892501463102123e-01,1.247834339912938129e+00,-5.027896091523904876e-02,2.443018332272999527e-01,7.293293938672227306e-01,1.000000000000000000e+00,1.937121301889419556e-01,1.752706319093704224e-01,1.790108531713485718e-01,1.153459027409553528e-01,-6.509584188461303711e-02,7.773223519325256348e-02
6.820000000000612239e+00,1.375294304934276512e+00,6.851824712963127118e-01,1.302714506348335632e+00,-5.204704995200889334e-02,2.458465730677690808e-01,7.303607791386718118e-01,1.000000000000000000e+00,1.902162879705429077e-01,1.761654615402221680e-01,1.842140555381774902e-01,1.131196841597557068e-01,-6.689827144145965576e-02,7.535380125045776367e-02
6.840000000000618918e+00,1.380630725230490352e+00,6.866660253273250136e-01,1.360666599588205905e+00,-5.601630025959135339e-02,2.467985555067699621e-01,7.326761751514282439e-01,1.000000000000000000e+00,1.877191066741943359e-01,1.762582659721374512e-01,1.868857592344284058e-01,1.110347211360931396e-01,-6.595671176910400391e-02,7.329440861940383911e-02
6.860000000000625597e+00,1.385448808744766058e+00,6.881729169014622061e-01,1.421556958960694228e+00,-6.529493128248624323e-02,2.465524776591902778e-01,7.380887099147835917e-01,1.000000000000000000e+00,1.860678791999816895e-01,1.766412854194641113e-01,1.884215623140335083e-01,1.096271872520446777e-01,-6.268839538097381592e-02,7.184612751007080078e-02
6.880000000000632276e+00,1.389779744252445770e+00,6.897318454428277290e-01,1.486134437591865032e+00,-7.841015494407185815e-02,2.454214805023944845e-01,7.457392570507085372e-01,1.000000000000000000e+00,1.844447851181030273e-01,1.773373633623123169e-01,1.895627975463867188e-01,1.089744642376899719e-01,-5.786766856908798218e-02,7.065983116626739502e-02
6.900000000000638956e+00,1.393586750081711623e+00,6.913576765626768816e-01,1.554533980809188254e+00,-9.089430784850165146e-02,2.442564813507965560e-01,7.530216795782925798e-01,1.000000000000000000e+00,1.818855702877044678e-01,1.772937774658203125e-01,1.899854689836502075e-01,1.085884422063827515e-01,-5.222570151090621948e-02,6.912603229284286499e-02
6.920000000000645635e+00,1.396750051797911896e+00,6.930809472214528588e-01,1.625581235917286094e+00,-9.937173138732635636e-02,2.436344557782821607e-01,7.579668433092736635e-01,1.000000000000000000e+00,1.782257556915283203e-01,1.756374537944793701e-01,1.890446543693542480e-01,1.080595776438713074e-01,-4.619881510734558105e-02,6.694957613945007324e-02
6.940000000000652314e+00,1.399147784451969301e+00,6.949462886468494860e-01,1.697357479702511718e+00,-1.041930264905279735e-01,2.434398886224147796e-01,7.607792654528079401e-01,1.000000000000000000e+00,1.743953377008438110e-01,1.728006303310394287e-01,1.868235319852828979e-01,1.074322909116744995e-01,-3.977765515446662903e-02,6.449971348047256470e-02
6.960000000000658993e+00,1.400726107846894219e+00,6.969757585694739133e-01,1.768369913015936712e+00,-1.077694402524065065e-01,2.432219228252673893e-01,7.628655068139037487e-01,1.000000000000000000e+00,1.712624132633209229e-01,1.700270324945449829e-01,1.839280426502227783e-01,1.069826632738113403e-01,-3.239968046545982361e-02,6.228892877697944641e-02
6.980000000000665672e+00,1.401484742299391240e+00,6.991537880039914166e-01,1.837995216993021153e+00,-1.113597495868838827e-01,2.427616595846338043e-01,7.649598539256822205e-01,1.000000000000000000e+00,1.687469631433486938e-01,1.678849905729293823e-01,1.806517839431762695e-01,1.068165227770805359e-01,-2.366394177079200745e-02,6.038093566894531250e-02
7.000000000000672351e+00,1.401422049830853611e+00,7.014549191900075753e-01,1.905900588049513011e+00,-1.139077670516021878e-01,2.422471599095018524e-01,7.664461974467678962e-01,1.000000000000000000e+00,1.660396009683609009e-01,1.658807396888732910e-01,1.767931878566741943e-01,1.066765412688255310e-01,-1.390246395021677017e-02,5.848005414009094238e-02
7.020000000000679030e+00,1.400507342286287482e+00,7.038803755394579253e-01,1.971230365312813371e+00,-1.136101088371824358e-01,2.419789382108571141e-01,7.662725634883563730e-01,1.000000000000000000e+00,1.623296737670898438e-01,1.633597761392593384e-01,1.719372123479843140e-01,1.063959151506423950e-01,-3.525657113641500473e-03,5.625010281801223755e-02
7.040000000000685709e+00,1.398703277178167781e+00,7.064684025959960811e-01,2.032427546926605988e+00,-1.097573846990712448e-01,2.420614890311159062e-01,7.640251410744581806e-01,1.000000000000000000e+00,1.572984755039215088e-01,1.601270139217376709e-01,1.655409485101699829e-01,1.062025427818298340e-01,7.871088571846485138e-03,5.341596901416778564e-02
7.060000000000692388e+00,1.396009683862169837e+00,7.092868685840066911e-01,2.087597740307933325e+00,-1.030941510226510427e-01,2.423635126190220312e-01,7.601382547632130615e-01,1.000000000000000000e+00,1.508356630802154541e-01,1.561242491006851196e-01,1.567691266536712646e-01,1.062183752655982971e-01,2.134308777749538422e-02,4.963159188628196716e-02
7.080000000000699067e+00,1.392489350861658703e+00,7.124222094689910412e-01,2.134713630180454125e+00,-9.490557774603962382e-02,2.426861787115319746e-01,7.553615870185230730e-01,1.000000000000000000e+00,1.424426138401031494e-01,1.509072482585906982e-01,1.444256156682968140e-01,1.060690879821777344e-01,3.766731917858123779e-02,4.430234432220458984e-02
7.100000000000705747e+00,1.388210664129030381e+00,7.159255935513962887e-01,2.171670584648629276e+00,-8.560294854202871173e-02,2.429907789485573899e-01,7.499350533161833754e-01,1.000000000000000000e+00,1.319426000118255615e-01,1.437980979681015015e-01,1.276047378778457642e-01,1.054947674274444580e-01,5.635211244225502014e-02,3.696617111563682556e-02
7.120000000000712426e+00,1.383297264835494200e+00,7.197837361992459604e-01,2.197258757879501978e+00,-7.372764899159374441e-02,2.435806796137968966e-01,7.430077952450963030e-01,1.000000000000000000e+00,1.219634562730789185e-01,1.354914903640747070e-01,1.076419204473495483e-01,1.052832975983619690e-01,7.516378164291381836e-02,2.862505614757537842e-02
7.140000000000719105e+00,1.377977735492218914e+00,7.238851663714255258e-01,2.212304752352586501e+00,-5.789040035230590825e-02,2.447840803030752466e-01,7.337694002055117348e-01,1.000000000000000000e+00,1.156229525804519653e-01,1.280465871095657349e-01,8.806784451007843018e-02,1.058355346322059631e-01,9.146349132061004639e-02,2.163383737206459045e-02
7.160000000000725784e+00,1.372491956390530676e+00,7.280121120602039975e-01,2.219663180829037685e+00,-3.865916237251428716e-02,2.465890652468937239e-01,7.225511780506332915e-01,1.000000000000000000e+00,1.125983372330665588e-01,1.238570287823677063e-01,7.265602052211761475e-02,1.074564009904861450e-01,1.043734177947044373e-01,1.767818816006183624e-02
7.180000000000732463e+00,1.366984928056750537e+00,7.319171991355554185e-01,2.222585161037460733e+00,-1.866968535957650235e-02,2.485706621475882727e-01,7.108906497930862489e-01,1.000000000000000000e+00,1.107847318053245544e-01,1.237122341990470886e-01,6.340107321739196777e-02,1.111665442585945129e-01,1.133659854531288147e-01,1.643171533942222595e-02
7.200000000000739142e+00,1.361460765245453342e+00,7.354511593288665106e-01,2.222693266348337193e+00,-1.045764523589287620e-03,2.501443364776108069e-01,7.006100293054270400e-01,1.000000000000000000e+00,1.084765866398811340e-01,1.256776005029678345e-01,5.897683277726173401e-02,1.167241409420967102e-01,1.182687506079673767e-01,1.636559516191482544e-02
7.220000000000745821e+00,1.355835114645163708e+00,7.386798139738551816e-01,2.218927147069217121e+00,-1.231694582161267475e-02,2.509098478409755306e-01,6.928151149373925621e-01,1.000000000000000000e+00,1.054123416543006897e-01,1.268914490938186646e-01,5.565584078431129456e-02,1.221471428871154785e-01,1.207324266433715820e-01,1.600672118365764618e-02
7.240000000000752500e+00,1.350033364423883553e+00,7.418735311343412908e-01,2.208229294825680533e+00,-2.162393006022852657e-02,2.508727550293971542e-01,6.873860407981999820e-01,1.000000000000000000e+00,1.028157994151115417e-01,1.258036196231842041e-01,4.960330203175544739e-02,1.256338208913803101e-01,1.236559301614761353e-01,1.435977406799793243e-02
7.260000000000759179e+00,1.344078048220203048e+00,7.453675356257195572e-01,2.187709929164430189e+00,-2.869006814841311079e-02,2.503920921245531561e-01,6.832641269134256401e-01,1.000000000000000000e+00,1.026737242937088013e-01,1.232939213514328003e-01,3.988476470112800598e-02,1.265387237071990967e-01,1.284522414207458496e-01,1.166555285453796387e-02
7.280000000000765858e+00,1.338122415437706714e+00,7.493674782065994355e-01,2.156945804197577754e+00,-3.540479459505726373e-02,2.498698022128671148e-01,6.793472031528832167e-01,1.000000000000000000e+00,1.062220185995101929e-01,1.224845051765441895e-01,2.975726872682571411e-02,1.256046742200851440e-01,1.332467794418334961e-01,9.656039066612720490e-03
7.300000000000772538e+00,1.332384744154467171e+00,7.538144766322752988e-01,2.118626210239646923e+00,-4.256977299898283967e-02,2.495016169167947329e-01,6.751676324172599664e-01,1.000000000000000000e+00,1.129568368196487427e-01,1.258873343467712402e-01,2.335249632596969604e-02,1.253649592399597168e-01,1.351102292537689209e-01,9.880501776933670044e-03
7.320000000000779217e+00,1.327069606793305212e+00,7.584296724054696570e-01,2.077031590497454783e+00,-4.959304547430625626e-02,2.492139616829584237e-01,6.710707234733213067e-01,1.000000000000000000e+00,1.217059865593910217e-01,1.326396167278289795e-01,2.198391407728195190e-02,1.284194737672805786e-01,1.347402483224868774e-01,1.229637954384088516e-02
7.340000000000785896e+00,1.322290126548349765e+00,7.629591324936634278e-01,2.035256404337292047e+00,-5.557444843221797520e-02,2.488762490633162072e-01,6.675815717478728040e-01,1.000000000000000000e+00,1.304405629634857178e-01,1.404906958341598511e-01,2.459281124174594879e-02,1.340420097112655640e-01,1.337468773126602173e-01,1.603021100163459778e-02
7.360000000000792575e+00,1.317988109863502899e+00,7.673299411248936108e-01,1.993684914515400974e+00,-6.060646858940410553e-02,2.485188526935943609e-01,6.646462266561808940e-01,1.000000000000000000e+00,1.375878155231475830e-01,1.477988511323928833e-01,2.891674265265464783e-02,1.400507539510726929e-01,1.322181224822998047e-01,1.996379159390926361e-02
7.380000000000799254e+00,1.314023123583025088e+00,7.716495817098140142e-01,1.950530499347300273e+00,-6.610790842420545543e-02,2.484135006829234216e-01,6.614370534192134388e-01,1.000000000000000000e+00,1.439607590436935425e-01,1.536706089973449707e-01,3.225802257657051086e-02,1.449930071830749512e-01,1.297969222068786621e-01,2.313802205026149750e-02
7.400000000000805933e+00,1.310321463931106933e+00,7.761109542357368385e-01,1.903840815442226830e+00,-7.346113090067836471e-02,2.488307006051812265e-01,6.571476736412709130e-01,1.000000000000000000e+00,1.520010679960250854e-01,1.581077873706817627e-01,3.323307633399963379e-02,1.478185355663299561e-01,1.264315098524093628e-01,2.564227581024169922e-02
7.420000000000812612e+00,1.306953201859861080e+00,7.808662446284576619e-01,1.853091682572834076e+00,-8.231954388193107874e-02,2.497136768498108839e-01,6.519802660688734930e-01,1.000000000000000000e+00,1.623685210943222046e-01,1.616266518831253052e-01,3.297161683440208435e-02,1.478817462921142578e-01,1.219872534275054932e-01,2.843525819480419159e-02
7.440000000000819291e+00,1.304065395344767619e+00,7.859321477327764205e-01,1.799059254020974663e+00,-9.097198899138689288e-02,2.507388094775149234e-01,6.469330064216909371e-01,1.000000000000000000e+00,1.723695397377014160e-01,1.642520129680633545e-01,3.340568393468856812e-02,1.461964994668960571e-01,1.165739893913269043e-01,3.179523348808288574e-02
7.460000000000825970e+00,1.301755526764408533e+00,7.911893977062619543e-01,1.742781240015895516e+00,-9.767971706884363836e-02,2.515608487062486742e-01,6.430201650431744964e-01,1.000000000000000000e+00,1.793881803750991821e-01,1.654056906700134277e-01,3.503459692001342773e-02,1.446185708045959473e-01,1.105715930461883545e-01,3.503833711147308350e-02
7.480000000000832650e+00,1.300055764044367290e+00,7.964774764300331933e-01,1.685205453564996070e+00,-1.009784760199764764e-01,2.518690583662191451e-01,6.410958889883470180e-01,1.000000000000000000e+00,1.836732625961303711e-01,1.653025895357131958e-01,3.747697547078132629e-02,1.441641002893447876e-01,1.043590381741523743e-01,3.773065283894538879e-02
7.500000000000839329e+00,1.299006951870567805e+00,8.016874931086707123e-01,1.627606443358991406e+00,-9.982928837214093132e-02,2.514467276803127871e-01,6.417662484495844089e-01,1.000000000000000000e+00,1.868534088134765625e-01,1.644906848669052124e-01,4.063354805111885071e-02,1.442553848028182983e-01,9.805303812026977539e-02,4.027330130338668823e-02
7.520000000000846008e+00,1.298700580022285944e+00,8.067818491567319006e-01,1.571802364079295522e+00,-9.385231888101223940e-02,2.502452694277724210e-01,6.452528139860761458e-01,1.000000000000000000e+00,1.903729885816574097e-01,1.635160595178604126e-01,4.490882530808448792e-02,1.437032520771026611e-01,9.131277352571487427e-02,4.341860115528106689e-02
7.540000000000852687e+00,1.299254427627121622e+00,8.117704689388692829e-01,1.520015257222265159e+00,-8.342415774497695391e-02,2.484027848392415805e-01,6.513359079820967290e-01,1.000000000000000000e+00,1.950541287660598755e-01,1.632402241230010986e-01,5.099952965974807739e-02,1.420803070068359375e-01,8.358450978994369507e-02,4.763552546501159668e-02
7.560000000000859366e+00,1.300755958760920539e+00,8.166712881470173935e-01,1.474554756978553760e+00,-6.984213062110906922e-02,2.462556252433587556e-01,6.592587571376863353e-01,1.000000000000000000e+00,2.010572552680969238e-01,1.644266843795776367e-01,5.965624377131462097e-02,1.398643553256988525e-01,7.404457032680511475e-02,5.303749069571495056e-02
7.580000000000866045e+00,1.303196504647635923e+00,8.214799310525399134e-01,1.437284749228122216e+00,-5.573457345662984758e-02,2.443840809450928131e-01,6.674881654836325451e-01,1.000000000000000000e+00,2.076672613620758057e-01,1.670452058315277100e-01,7.123218476772308350e-02,1.378439962863922119e-01,6.137812137603759766e-02,5.946949124336242676e-02
7.600000000000872724e+00,1.306452703679409799e+00,8.261682779921265540e-01,1.408890491659940958e+00,-4.504169404131719290e-02,2.435668827980265183e-01,6.737256784758982597e-01,1.000000000000000000e+00,2.129885256290435791e-01,1.701210737228393555e-01,8.499468863010406494e-02,1.365104764699935913e-01,4.465036094188690186e-02,6.638316065073013306e-02
7.620000000000879403e+00,1.310300767877061290e+00,8.306754054535890885e-01,1.388207696348655817e+00,-4.038640635242662924e-02,2.442472013310707513e-01,6.764412629610844219e-01,1.000000000000000000e+00,2.147582918405532837e-01,1.720745265483856201e-01,9.829546511173248291e-02,1.355695277452468872e-01,2.617816999554634094e-02,7.243854552507400513e-02
7.640000000000886082e+00,1.314505060166663242e+00,8.349308520055026550e-01,1.372891128100733660e+00,-3.980019007821696680e-02,2.459317425231430931e-01,6.767832224543733899e-01,1.000000000000000000e+00,2.140258401632308960e-01,1.715801060199737549e-01,1.078383028507232666e-01,1.343005001544952393e-01,1.148935034871101379e-02,7.611242681741714478e-02
7.660000000000892761e+00,1.318952390931058982e+00,8.388827035324905035e-01,1.361347388255402802e+00,-3.894552598140491040e-02,2.476692225952844550e-01,6.772817765108470889e-01,1.000000000000000000e+00,2.137976586818695068e-01,1.687843054533004761e-01,1.134483665227890015e-01,1.313747465610504150e-01,2.086876425892114639e-03,7.740924507379531860e-02
7.680000000000899441e+00,1.323663310440498897e+00,8.425156417046492097e-01,1.353713398639541543e+00,-3.432511038084275906e-02,2.486920451477911964e-01,6.799770189445083490e-01,1.000000000000000000e+00,2.134762704372406006e-01,1.650305986404418945e-01,1.176708862185478210e-01,1.257538050413131714e-01,-5.414836574345827103e-03,7.718505710363388062e-02
7.700000000000906120e+00,1.328687251886989440e+00,8.458637148359343660e-01,1.351421147781665777e+00,-2.367567793289219319e-02,2.484949988594525316e-01,6.861891878724795113e-01,1.000000000000000000e+00,2.111893296241760254e-01,1.622113585472106934e-01,1.231489181518554688e-01,1.196612641215324402e-01,-1.476059667766094208e-02,7.629048079252243042e-02
7.720000000000912799e+00,1.334045489948098684e+00,8.490166267917139686e-01,1.356785586249122266e+00,-6.736815056185603209e-03,2.470383647333018184e-01,6.960701912172250205e-01,1.000000000000000000e+00,2.076102197170257568e-01,1.619087904691696167e-01,1.317003816366195679e-01,1.165462136268615723e-01,-2.701087482273578644e-02,7.605878263711929321e-02
7.740000000000919478e+00,1.339723672982798153e+00,8.520962501744836493e-01,1.372546879899486871e+00,-1.372966524584010549e-02,2.449551547852515387e-01,7.080089713934066831e-01,1.000000000000000000e+00,2.042146176099777222e-01,1.645052433013916016e-01,1.434627026319503784e-01,1.166678369045257568e-01,-3.976636752486228943e-02,7.720220088958740234e-02
7.760000000000926157e+00,1.345649609482293618e+00,8.551905204215860534e-01,1.400712123787293262e+00,-3.284231979666302897e-02,2.432706876186146450e-01,7.191580198813867231e-01,1.000000000000000000e+00,2.016128152608871460e-01,1.691953539848327637e-01,1.566302031278610229e-01,1.179682612419128418e-01,-4.994629323482513428e-02,7.872691750526428223e-02
7.780000000000932836e+00,1.351653406828760895e+00,8.582872058366913803e-01,1.441148988296853561e+00,-4.611661100851912470e-02,2.428126142419963773e-01,7.269013564216361134e-01,1.000000000000000000e+00,1.988742947578430176e-01,1.739085018634796143e-01,1.690670400857925415e-01,1.179507672786712646e-01,-5.719714239239692688e-02,7.933189719915390015e-02
7.800000000000939515e+00,1.357484139979340476e+00,8.613111446450644193e-01,1.491174126673822320e+00,-5.334108529142930072e-02,2.434945186534656636e-01,7.311156330866670494e-01,1.000000000000000000e+00,1.951323896646499634e-01,1.769104003906250000e-01,1.785357594490051270e-01,1.163385882973670959e-01,-6.195508688688278198e-02,7.825779914855957031e-02
7.820000000000946194e+00,1.362900847518701664e+00,8.642058238455897490e-01,1.547000005976151060e+00,-5.780539002058558695e-02,2.445781417781243139e-01,7.337198108453415468e-01,1.000000000000000000e+00,1.913782060146331787e-01,1.779325604438781738e-01,1.842360943555831909e-01,1.141244545578956604e-01,-6.414011865854263306e-02,7.603360712528228760e-02
7.840000000000952873e+00,1.367772580575599362e+00,8.669638046190891734e-01,1.605865449136846701e+00,-6.338263704621313610e-02,2.452676614396639698e-01,7.369732049436242827e-01,1.000000000000000000e+00,1.884814500808715820e-01,1.777950823307037354e-01,1.870422661304473877e-01,1.117854043841362000e-01,-6.370917707681655884e-02,7.377353310585021973e-02
7.860000000000959552e+00,1.372087668480951095e+00,8.696148409836220727e-01,1.667010469406670525e+00,-7.230040268937244774e-02,2.451351091344650679e-01,7.421752349021338846e-01,1.000000000000000000e+00,1.864763200283050537e-01,1.776138842105865479e-01,1.883121579885482788e-01,1.098996996879577637e-01,-6.092487648129463196e-02,7.204009592533111572e-02
7.880000000000966232e+00,1.375880308984753331e+00,8.721947016898691230e-01,1.731062559499457532e+00,-8.392695937344127333e-02,2.443283147529096422e-01,7.489573929678406961e-01,1.000000000000000000e+00,1.847248375415802002e-01,1.777444481849670410e-01,1.890476346015930176e-01,1.087330281734466553e-01,-5.641690641641616821e-02,7.073529064655303955e-02
7.900000000000972911e+00,1.379144658821894298e+00,8.747105527801229963e-01,1.798534914960069786e+00,-9.543675946963295353e-02,2.433872233660979156e-01,7.556714430239525049e-01,1.000000000000000000e+00,1.822377741336822510e-01,1.774422228336334229e-01,1.892497688531875610e-01,1.079490035772323608e-01,-5.089038610458374023e-02,6.931663304567337036e-02
7.920000000000979590e+00,1.381784967996092739e+00,8.771617056388877343e-01,1.868763462308244083e+00,-1.042332585743116768e-01,2.427542006475121028e-01,7.608027341683484268e-01,1.000000000000000000e+00,1.785371750593185425e-01,1.757105439901351929e-01,1.882568597793579102e-01,1.071254685521125793e-01,-4.483501240611076355e-02,6.729539483785629272e-02
7.940000000000986269e+00,1.383671065917181808e+00,8.795612527774642198e-01,1.940044989239098516e+00,-1.100370982701355665e-01,2.424305003209488163e-01,7.641883073242456970e-01,1.000000000000000000e+00,1.743216663599014282e-01,1.725898981094360352e-01,1.858913749456405640e-01,1.062273234128952026e-01,-3.840540722012519836e-02,6.482100486755371094e-02
7.960000000000992948e+00,1.384725998385557322e+00,8.819216035568179235e-01,2.010728777837500481e+00,-1.142886051033193684e-01,2.421342397313560602e-01,7.666683529769362515e-01,1.000000000000000000e+00,1.706070601940155029e-01,1.692269593477249146e-01,1.826813966035842896e-01,1.054752022027969360e-01,-3.117753751575946808e-02,6.243095546960830688e-02
7.980000000000999627e+00,1.384941595550606364e+00,8.842332130536832979e-01,2.079949820697332807e+00,-1.180415020337945153e-01,2.416797526918518513e-01,7.688575428530467493e-01,1.000000000000000000e+00,1.675828993320465088e-01,1.664770245552062988e-01,1.790444999933242798e-01,1.050300970673561096e-01,-2.264505997300148010e-02,6.032324209809303284e-02
8.000000000001005418e+00,1.384328156079670524e+00,8.864712151199035661e-01,2.147331205802416321e+00,-1.208456318861177436e-01,2.411497736449099427e-01,7.704932852669019727e-01,1.000000000000000000e+00,1.645852476358413696e-01,1.641027778387069702e-01,1.748925447463989258e-01,1.047347933053970337e-01,-1.296280138194561005e-02,5.826302617788314819e-02
8.020000000000994334e+00,1.382867934307475899e+00,8.886238695768265972e-01,2.212164691603974553e+00,-1.215523783723845563e-01,2.407346691841050768e-01,7.709055540505576065e-01,1.000000000000000000e+00,1.607366651296615601e-01,1.614119857549667358e-01,1.698104441165924072e-01,1.043877154588699341e-01,-2.556635299697518349e-03,5.589490756392478943e-02
8.040000000000983249e+00,1.380519273721439788e+00,8.907135491592707011e-01,2.273027724925773985e+00,-1.196337542058688169e-01,2.405086839990636660e-01,7.697863566200900953e-01,1.000000000000000000e+00,1.555418223142623901e-01,1.580425202846527100e-01,1.631829589605331421e-01,1.041359603404998779e-01,8.848282508552074432e-03,5.289562046527862549e-02
8.060000000000972165e+00,1.377257206188684968e+00,8.928047962815451877e-01,2.328010449045538888e+00,-1.155836282050153596e-01,2.403802687658688764e-01,7.674237831195922510e-01,1.000000000000000000e+00,1.487785428762435913e-01,1.538438946008682251e-01,1.540976017713546753e-01,1.041196957230567932e-01,2.227840386331081390e-02,4.887926205992698669e-02
8.080000000000961080e+00,1.373110548966232969e+00,8.949998199825891509e-01,2.374976358698983159e+00,-1.101689134306337581e-01,2.402348871838878575e-01,7.642651995012029742e-01,1.000000000000000000e+00,1.400310099124908447e-01,1.484089940786361694e-01,1.413673609495162964e-01,1.040575727820396423e-01,3.855186328291893005e-02,4.328260943293571472e-02
8.100000000000949996e+00,1.368136204588686233e+00,8.973643110637826714e-01,2.411852692239162099e+00,-1.026435920870620855e-01,2.402313013562235866e-01,7.598754287174528388e-01,1.000000000000000000e+00,1.296021044254302979e-01,1.413552910089492798e-01,1.244515627622604370e-01,1.038256734609603882e-01,5.704147741198539734e-02,3.588407859206199646e-02
8.120000000000938911e+00,1.362477310227825589e+00,8.998951363653634461e-01,2.437802865971877342e+00,-9.023951210851530180e-02,2.408997868386913987e-01,7.526397153966338793e-01,1.000000000000000000e+00,1.204987913370132446e-01,1.337426155805587769e-01,1.052806228399276733e-01,1.041762307286262512e-01,7.525216788053512573e-02,2.802134677767753601e-02
8.140000000000927827e+00,1.356398630383184090e+00,9.025142478317574879e-01,2.454102026747514209e+00,-7.151200723706789553e-02,2.425833366157213733e-01,7.417153375549562222e-01,1.000000000000000000e+00,1.151531487703323364e-01,1.275298446416854858e-01,8.738304674625396729e-02,1.052734255790710449e-01,9.073149412870407104e-02,2.193198911845684052e-02
8.160000000000916742e+00,1.350171356410812873e+00,9.050600468384314423e-01,2.463639919391147792e+00,-4.836181738102959121e-02,2.450517266809801586e-01,7.282110601389338855e-01,1.000000000000000000e+00,1.126421391963958740e-01,1.246248707175254822e-01,7.388982176780700684e-02,1.074891537427902222e-01,1.028531119227409363e-01,1.875834539532661438e-02
8.180000000000905658e+00,1.343955553108273859e+00,9.073517219959165159e-01,2.469129940718179927e+00,-2.532586887734953815e-02,2.475464244670727010e-01,7.147734235117871870e-01,1.000000000000000000e+00,1.108752414584159851e-01,1.251066029071807861e-01,6.590149551630020142e-02,1.115966290235519409e-01,1.111608296632766724e-01,1.780685037374496460e-02
8.200000000000894573e+00,1.337752511228417429e+00,9.092996543023267320e-01,2.471364742580207441e+00,-6.827992384198225927e-03,2.492356104940378625e-01,7.039829955574489206e-01,1.000000000000000000e+00,1.085057407617568970e-01,1.268268376588821411e-01,6.152391061186790466e-02,1.170404702425003052e-01,1.158840134739875793e-01,1.757011935114860535e-02
8.220000000000883489e+00,1.331454159727866404e+00,9.109994017626877882e-01,2.468658434483513631e+00,-5.225603862293188781e-03,2.497100238273456396e-01,6.969517310803289289e-01,1.000000000000000000e+00,1.056317538022994995e-01,1.272783875465393066e-01,5.709303170442581177e-02,1.219368726015090942e-01,1.190172135829925537e-01,1.673054695129394531e-02
8.240000000000872404e+00,1.324945558190945505e+00,9.127112120866424094e-01,2.457885167278776262e+00,-1.220792973893918519e-02,2.492066028262236721e-01,6.928787076522854305e-01,1.000000000000000000e+00,1.034803166985511780e-01,1.254726797342300415e-01,4.957785084843635559e-02,1.247559115290641785e-01,1.230430081486701965e-01,1.457719691097736359e-02
8.260000000000861320e+00,1.318207392147482171e+00,9.147401788643897413e-01,2.436644065516274438e+00,-1.746791789623219210e-02,2.483828165735603166e-01,6.898103812271978441e-01,1.000000000000000000e+00,1.036732345819473267e-01,1.227383911609649658e-01,3.906162083148956299e-02,1.251365840435028076e-01,1.285247355699539185e-01,1.164001412689685822e-02
8.280000000000850235e+00,1.311368831691039460e+00,9.172629907454526998e-01,2.405155430657308191e+00,-2.395946616026505688e-02,2.478248365205683590e-01,6.860236447398453397e-01,1.000000000000000000e+00,1.069835722446441650e-01,1.222278922796249390e-01,2.919810265302658081e-02,1.242324709892272949e-01,1.331325769424438477e-01,9.657525457441806793e-03
8.300000000000839151e+00,1.304662881386427831e+00,9.202220589015636110e-01,2.366487319175077264e+00,-3.243248829006300377e-02,2.476957405217744268e-01,6.810810484974632040e-01,1.000000000000000000e+00,1.129730269312858582e-01,1.258016377687454224e-01,2.340263873338699341e-02,1.247516125440597534e-01,1.346033215522766113e-01,9.846997447311878204e-03
8.320000000000828067e+00,1.298343623994774765e+00,9.233905714284204036e-01,2.324830774411170697e+00,-4.118048932963576381e-02,2.477053285384737402e-01,6.759780478910457635e-01,1.000000000000000000e+00,1.207471340894699097e-01,1.322309076786041260e-01,2.241816930472850800e-02,1.284624487161636353e-01,1.342176198959350586e-01,1.207763236016035080e-02
8.340000000000816982e+00,1.292558123645140444e+00,9.265842788665806795e-01,2.282937787115898232e+00,-4.806493256056158098e-02,2.474908566330961679e-01,6.719621226730057018e-01,1.000000000000000000e+00,1.285720169544219971e-01,1.395616531372070312e-01,2.505934424698352814e-02,1.340730637311935425e-01,1.333287358283996582e-01,1.554567273706197739e-02
8.360000000000805898e+00,1.287262463237299093e+00,9.297589093785180170e-01,2.240999959008620923e+00,-5.277543547047132411e-02,2.470202829808437750e-01,6.692143293088916867e-01,1.000000000000000000e+00,1.354023814201354980e-01,1.465750336647033691e-01,2.909920364618301392e-02,1.397375166416168213e-01,1.318109482526779175e-01,1.919673569500446320e-02
8.380000000000794813e+00,1.282318672221260725e+00,9.330057309636962115e-01,2.197435937655184190e+00,-5.724331081428012113e-02,2.466838060371130126e-01,6.666080686916698861e-01,1.000000000000000000e+00,1.423774212598800659e-01,1.526536345481872559e-01,3.218105062842369080e-02,1.443714350461959839e-01,1.293548941612243652e-01,2.229243144392967224e-02
8.400000000000783729e+00,1.277638144019297650e+00,9.364862244526995783e-01,2.150714708030239120e+00,-6.356460039486463987e-02,2.468948645352205540e-01,6.629206497696622513e-01,1.000000000000000000e+00,1.514358818531036377e-01,1.577299535274505615e-01,3.336994722485542297e-02,1.470291614532470703e-01,1.259486675262451172e-01,2.505883015692234039e-02
8.420000000000772644e+00,1.273252612038894949e+00,9.403349039481884164e-01,2.100496241509455686e+00,-7.167109357030078398e-02,2.476340938074517717e-01,6.581918620839911638e-01,1.000000000000000000e+00,1.623608022928237915e-01,1.619476675987243652e-01,3.372702747583389282e-02,1.472497135400772095e-01,1.214985772967338562e-01,2.819756418466567993e-02
8.440000000000761560e+00,1.269266264314352188e+00,9.445727804496723001e-01,2.047321537327445373e+00,-7.961644576178419919e-02,2.485055040119385217e-01,6.535570733056258463e-01,1.000000000000000000e+00,1.723707467317581177e-01,1.650168001651763916e-01,3.468975797295570374e-02,1.461006551980972290e-01,1.161536425352096558e-01,3.169953078031539917e-02
8.460000000000750475e+00,1.265764447021990868e+00,9.491003261754572540e-01,1.991802233076804152e+00,-8.536489328367144469e-02,2.490919694405872853e-01,6.502038122511916152e-01,1.000000000000000000e+00,1.792998760938644409e-01,1.663126051425933838e-01,3.646824881434440613e-02,1.450309455394744873e-01,1.102821677923202515e-01,3.488652780652046204e-02
8.480000000000739391e+00,1.262801094057320217e+00,9.537852904498801410e-01,1.934514421030757880e+00,-8.741613607760939653e-02,2.490867105071968290e-01,6.490072539547278030e-01,1.000000000000000000e+00,1.834412664175033569e-01,1.659970432519912720e-01,3.867030888795852661e-02,1.446400880813598633e-01,1.042276993393898010e-01,3.741427510976791382e-02
8.500000000000728306e+00,1.260448864958097825e+00,9.585517144649041699e-01,1.876501419923762848e+00,-8.493479188753047526e-02,2.483395348539938763e-01,6.504547047322738473e-01,1.000000000000000000e+00,1.863113194704055786e-01,1.646429151296615601e-01,4.129211977124214172e-02,1.443609595298767090e-01,9.803182631731033325e-02,3.971304744482040405e-02
8.520000000000717222e+00,1.258826726983352184e+00,9.633954932109728420e-01,1.819553501764699099e+00,-7.801116313851449990e-02,2.469236079026686792e-01,6.544934881691998330e-01,1.000000000000000000e+00,1.893575191497802734e-01,1.630005091428756714e-01,4.487575218081474304e-02,1.433221697807312012e-01,9.135302901268005371e-02,4.254157468676567078e-02
8.540000000000706137e+00,1.258072100345933420e+00,9.683548063718515619e-01,1.766094826414705388e+00,-6.773472910655879697e-02,2.451359227919900907e-01,6.604880746878406539e-01,1.000000000000000000e+00,1.935268938541412354e-01,1.621413975954055786e-01,5.029876157641410828e-02,1.413904428482055664e-01,8.372434973716735840e-02,4.642117023468017578e-02
8.560000000000695053e+00,1.258287386574641786e+00,9.734680810192629652e-01,1.718839339345141104e+00,-5.606523334601800496e-02,2.434399676901517762e-01,6.672952805481561223e-01,1.000000000000000000e+00,1.991993337869644165e-01,1.630112826824188232e-01,5.851119011640548706e-02,1.391686648130416870e-01,7.446005195379257202e-02,5.156067758798599243e-02
8.580000000000683968e+00,1.259478569973141227e+00,9.787375832659587216e-01,1.680166141482289488e+00,-4.548119731817631267e-02,2.423590866611296246e-01,6.734693015643971048e-01,1.000000000000000000e+00,2.059026211500167847e-01,1.657506674528121948e-01,7.005161046981811523e-02,1.374070346355438232e-01,6.228850036859512329e-02,5.791802704334259033e-02
8.600000000000672884e+00,1.261534458508564160e+00,9.841160224824810898e-01,1.651245349300055398e+00,-3.818432659241466354e-02,2.422965914085905004e-01,6.777258094877580685e-01,1.000000000000000000e+00,2.117997854948043823e-01,1.695136576890945435e-01,8.441267162561416626e-02,1.364882886409759521e-01,4.584238305687904358e-02,6.506825983524322510e-02
8.620000000000661800e+00,1.264241117620066968e+00,9.894919418633912889e-01,1.631096338158485093e+00,-3.465852186386423478e-02,2.432553957240971565e-01,6.797825289127458204e-01,1.000000000000000000e+00,2.140867114067077637e-01,1.726261377334594727e-01,9.905559569597244263e-02,1.359814703464508057e-01,2.657216228544712067e-02,7.169158011674880981e-02
8.640000000000650715e+00,1.267348818663133425e+00,9.947278703532088651e-01,1.617022253792026243e+00,-3.232775861843219939e-02,2.446034508502369365e-01,6.811421408059145088e-01,1.000000000000000000e+00,2.131519019603729248e-01,1.731672585010528564e-01,1.098966151475906372e-01,1.350932866334915161e-01,1.062106061726808548e-02,7.587207108736038208e-02
8.660000000000639631e+00,1.270722318901377434e+00,9.997162449193514044e-01,1.606685749598142809e+00,-2.783616280344165458e-02,2.455669447282259610e-01,6.837622383646589919e-01,1.000000000000000000e+00,2.125987410545349121e-01,1.708026826381683350e-01,1.157986372709274292e-01,1.325788944959640503e-01,9.279401274397969246e-04,7.731005549430847168e-02
8.680000000000628546e+00,1.274378815783751673e+00,1.004423761894167377e+00,1.599594862666341877e+00,-1.912360718120385480e-02,2.456911647543606469e-01,6.888445624776310394e-01,1.000000000000000000e+00,2.123782783746719360e-01,1.667893677949905396e-01,1.191964745521545410e-01,1.268722563982009888e-01,-5.553586874157190323e-03,7.696459442377090454e-02
8.700000000000617462e+00,1.278375810758745734e+00,1.008884247899327846e+00,1.596876374550876054e+00,-5.349327765420980145e-03,2.448164040340049807e-01,6.968795588035043842e-01,1.000000000000000000e+00,2.102959901094436646e-01,1.631385535001754761e-01,1.230191886425018311e-01,1.198141127824783325e-01,-1.292973849922418594e-02,7.566990703344345093e-02
8.720000000000606377e+00,1.282736523078580104e+00,1.013193523650834038e+00,1.600890940862438105e+00,-1.267836418793333308e-02,2.431563263096320759e-01,7.073957124429610666e-01,1.000000000000000000e+00,2.067994624376296997e-01,1.619100421667098999e-01,1.297937184572219849e-01,1.155640408396720886e-01,-2.344703301787376404e-02,7.487902790307998657e-02
8.740000000000595293e+00,1.287444067005143022e+00,1.017491453764783671e+00,1.614851960243049778e+00,-3.199252911660226822e-02,2.413665398176652876e-01,7.186623086513512781e-01,1.000000000000000000e+00,2.034683227539062500e-01,1.639975756406784058e-01,1.407226324081420898e-01,1.151646971702575684e-01,-3.587251901626586914e-02,7.589384168386459351e-02
8.760000000000584208e+00,1.292428762097386663e+00,1.021886028419940917e+00,1.641533400299947321e+00,-4.859313829185030187e-02,2.402502224833680811e-01,7.283459973369126317e-01,1.000000000000000000e+00,2.009259760379791260e-01,1.688842326402664185e-01,1.541462540626525879e-01,1.169059872627258301e-01,-4.657638072967529297e-02,7.786607742309570312e-02
8.780000000000573124e+00,1.297536804034926217e+00,1.026351022913928546e+00,1.681464027236266867e+00,-5.959671022756981434e-02,2.402969869088125154e-01,7.347647476327490157e-01,1.000000000000000000e+00,1.985489130020141602e-01,1.741286367177963257e-01,1.671607196331024170e-01,1.178405135869979858e-01,-5.415143072605133057e-02,7.906911522150039673e-02
8.800000000000562039e+00,1.302527425870803501e+00,1.030740955438278039e+00,1.732023700963429835e+00,-6.599061431135540279e-02,2.411932665740529891e-01,7.384945250149572704e-01,1.000000000000000000e+00,1.949619501829147339e-01,1.773860454559326172e-01,1.772479414939880371e-01,1.164824217557907104e-01,-5.920769274234771729e-02,7.846561074256896973e-02
8.820000000000550955e+00,1.307145644776668725e+00,1.034914417639323236e+00,1.788861927724544554e+00,-7.101984664910432343e-02,2.422122935706407520e-01,7.414282438786441443e-01,1.000000000000000000e+00,1.910459846258163452e-01,1.784801632165908813e-01,1.833776533603668213e-01,1.141137629747390747e-01,-6.180487573146820068e-02,7.633575797080993652e-02
8.840000000000539870e+00,1.311235697285886292e+00,1.038812810669758946e+00,1.848513925066210595e+00,-7.766054122913487734e-02,2.427340905288691841e-01,7.453019823836619651e-01,1.000000000000000000e+00,1.878896057605743408e-01,1.781591176986694336e-01,1.862716227769851685e-01,1.114808022975921631e-01,-6.185318157076835632e-02,7.386714220046997070e-02
8.860000000000528786e+00,1.314768732810184915e+00,1.042457652905111942e+00,1.909776292842324530e+00,-8.728158903530662538e-02,2.425032430645736037e-01,7.509142602705954905e-01,1.000000000000000000e+00,1.856483370065689087e-01,1.774977147579193115e-01,1.872770637273788452e-01,1.091796830296516418e-01,-5.946773290634155273e-02,7.187579572200775146e-02
8.880000000000517701e+00,1.317781858979298448e+00,1.045898246915975882e+00,1.973270174594241588e+00,-9.897502364283365661e-02,2.417230123700623845e-01,7.577354304583195921e-01,1.000000000000000000e+00,1.838127225637435913e-01,1.771098375320434570e-01,1.876344531774520874e-01,1.075921133160591125e-01,-5.516463145613670349e-02,7.047882676124572754e-02
8.900000000000506617e+00,1.320295977723687564e+00,1.049149267594075230e+00,2.039874775965405895e+00,-1.102667087318531525e-01,2.408642285698590624e-01,7.643222467602476256e-01,1.000000000000000000e+00,1.813504099845886230e-01,1.765111386775970459e-01,1.876268386840820312e-01,1.064616665244102478e-01,-4.967255890369415283e-02,6.916914880275726318e-02
8.920000000000495533e+00,1.322240714026071240e+00,1.052190678671379498e+00,2.109345203197818819e+00,-1.191068111281273351e-01,2.402666331909113773e-01,7.694789731580742309e-01,1.000000000000000000e+00,1.775254011154174805e-01,1.746139526367187500e-01,1.865677535533905029e-01,1.053441390395164490e-01,-4.358504340052604675e-02,6.727025657892227173e-02
8.940000000000484448e+00,1.323485247664935027e+00,1.055001917177827320e+00,2.180124546730376700e+00,-1.254056267139007919e-01,2.398969483161361160e-01,7.731532822497754198e-01,1.000000000000000000e+00,1.728823632001876831e-01,1.711531579494476318e-01,1.840454936027526855e-01,1.041700169444084167e-01,-3.720668330788612366e-02,6.474092602729797363e-02
8.960000000000473364e+00,1.323936174524634302e+00,1.057575256305452793e+00,2.250409078511141026e+00,-1.303869827567760153e-01,2.395117278928443061e-01,7.760590732747859599e-01,1.000000000000000000e+00,1.685908734798431396e-01,1.672148406505584717e-01,1.805225312709808350e-01,1.031343564391136169e-01,-3.018775582313537598e-02,6.215574219822883606e-02
8.980000000000462279e+00,1.323578815924886687e+00,1.059901746982944815e+00,2.319133123488593462e+00,-1.348818613407281874e-01,2.389649274615621988e-01,7.786810857820913867e-01,1.000000000000000000e+00,1.650570333003997803e-01,1.638868898153305054e-01,1.765166670083999634e-01,1.024329513311386108e-01,-2.188246510922908783e-02,5.982960388064384460e-02
9.000000000000451195e+00,1.322434284097664392e+00,1.061961682420297759e+00,2.385889093397150162e+00,-1.385022156632653156e-01,2.383286663845570474e-01,7.807929591369047184e-01,1.000000000000000000e+00,1.617147028446197510e-01,1.611209660768508911e-01,1.720288991928100586e-01,1.019796580076217651e-01,-1.227646693587303162e-02,5.756248161196708679e-02
9.020000000000440110e+00,1.320498318086468670e+00,1.063738061341618302e+00,2.450088694523660848e+00,-1.403281849299077566e-01,2.377536457315507779e-01,7.818581078757794733e-01,1.000000000000000000e+00,1.576199382543563843e-01,1.581806540489196777e-01,1.666411459445953369e-01,1.015458181500434875e-01,-1.811458612792193890e-03,5.497111380100250244e-02
9.040000000000429026e+00,1.317727800160547247e+00,1.065239153049505116e+00,2.510408858594717962e+00,-1.399924898205412993e-01,2.372861593452252060e-01,7.816622857286490422e-01,1.000000000000000000e+00,1.521253138780593872e-01,1.545624881982803345e-01,1.596631705760955811e-01,1.012165695428848267e-01,9.671403095126152039e-03,5.169446021318435669e-02
9.060000000000417941e+00,1.314075805816796061e+00,1.066519108680583194e+00,2.564915565432997813e+00,-1.379373585544877989e-01,2.368430858099221104e-01,7.804634591567845003e-01,1.000000000000000000e+00,1.449333429336547852e-01,1.500552296638488770e-01,1.501087993383407593e-01,1.011625006794929504e-01,2.317601628601551056e-02,4.732635989785194397e-02
9.080000000000406857e+00,1.309538823850492362e+00,1.067682620290833384e+00,2.611414453923459167e+00,-1.344197561790599627e-01,2.363952779451432840e-01,7.784115244377849407e-01,1.000000000000000000e+00,1.358251422643661499e-01,1.443594545125961304e-01,1.368910968303680420e-01,1.012230142951011658e-01,3.949665278196334839e-02,4.139304533600807190e-02
9.100000000000395772e+00,1.304168850022664916e+00,1.068800539827680307e+00,2.648023064965745910e+00,-1.274192026600975136e-01,2.363100121837367618e-01,7.743278682183901696e-01,1.000000000000000000e+00,1.257538795471191406e-01,1.375167220830917358e-01,1.200714111328125000e-01,1.014320477843284607e-01,5.771728232502937317e-02,3.404187783598899841e-02
9.120000000000384688e+00,1.298136305432522786e+00,1.069882970767115804e+00,2.674445122670545238e+00,-1.133823260173346947e-01,2.372374933816802367e-01,7.661396901767785206e-01,1.000000000000000000e+00,1.178500577807426453e-01,1.309032440185546875e-01,1.021905988454818726e-01,1.023937612771987915e-01,7.509525120258331299e-02,2.692479081451892853e-02
9.140000000000373603e+00,1.291729990802797268e+00,1.070894500447453712e+00,2.692391795333289206e+00,-9.162040152851932961e-02,2.393958715747611654e-01,7.534452342249695622e-01,1.000000000000000000e+00,1.135371103882789612e-01,1.262104809284210205e-01,8.649281412363052368e-02,1.040844172239303589e-01,8.953076601028442383e-02,2.193889208137989044e-02
9.160000000000362519e+00,1.285221425512620419e+00,1.071737692359121308e+00,2.704580696774741888e+00,-6.565082261780753881e-02,2.422946481705960664e-01,7.382963131937210211e-01,1.000000000000000000e+00,1.114254891872406006e-01,1.246731430292129517e-01,7.519177347421646118e-02,1.069608852267265320e-01,1.006587445735931396e-01,1.958066970109939575e-02
9.180000000000351434e+00,1.278749829290661832e+00,1.072303659615070348e+00,2.712939182831996199e+00,-4.131533283088620334e-02,2.449553062123661362e-01,7.241006108180169099e-01,1.000000000000000000e+00,1.096300110220909119e-01,1.256280988454818726e-01,6.836638599634170532e-02,1.114058867096900940e-01,1.082438006997108459e-01,1.885633915662765503e-02
9.200000000000340350e+00,1.272286986256029540e+00,1.072563259559233373e+00,2.717302459917034341e+00,-2.327850821910353724e-02,2.465035663188606951e-01,7.135791297944770184e-01,1.000000000000000000e+00,1.072810366749763489e-01,1.268832683563232422e-01,6.365182995796203613e-02,1.165670901536941528e-01,1.130449250340461731e-01,1.834698952734470367e-02
9.220000000000329266e+00,1.265694655208982278e+00,1.072632435775593862e+00,2.715416922318546256e+00,-1.269232158588197781e-02,2.466737967963182065e-01,7.074038542584311084e-01,1.000000000000000000e+00,1.047728285193443298e-01,1.264653205871582031e-01,5.775806680321693420e-02,1.207626238465309143e-01,1.171863973140716553e-01,1.696853898465633392e-02
9.240000000000318181e+00,1.258832545569974259e+00,1.072748877781810606e+00,2.704282983865161416e+00,-7.038454198225860617e-03,2.459232177702982414e-01,7.041057649489650405e-01,1.000000000000000000e+00,1.032205298542976379e-01,1.240044236183166504e-01,4.869161918759346008e-02,1.228205561637878418e-01,1.224499940872192383e-01,1.435260940343141556e-02
9.260000000000307097e+00,1.251664602907972990e+00,1.073171631242145097e+00,2.682178227890843036e+00,-2.095394346609197930e-03,2.450556555046209395e-01,7.012223133688553212e-01,1.000000000000000000e+00,1.037976518273353577e-01,1.212590411305427551e-01,3.759567812085151672e-02,1.227636709809303284e-01,1.285085082054138184e-01,1.130989938974380493e-02
9.280000000000296012e+00,1.244319957171030833e+00,1.074038863942005317e+00,2.650040739815484159e+00,-5.297857050976326893e-03,2.446682661045448681e-01,6.969095833869304313e-01,1.000000000000000000e+00,1.068738922476768494e-01,1.212099865078926086e-01,2.825389616191387177e-02,1.221809834241867065e-01,1.327980607748031616e-01,9.476622566580772400e-03
9.300000000000284928e+00,1.237052914584888308e+00,1.075303328222680932e+00,2.611251838785230817e+00,-1.525696830167833085e-02,2.447956969302774732e-01,6.911001018240209293e-01,1.000000000000000000e+00,1.121533587574958801e-01,1.249278411269187927e-01,2.318676374852657318e-02,1.236716508865356445e-01,1.339753419160842896e-01,9.694217704236507416e-03
9.320000000000273843e+00,1.230139617852146650e+00,1.076809784442521511e+00,2.569757250148822170e+00,-2.512683150083886569e-02,2.449818526496055915e-01,6.853426816245106190e-01,1.000000000000000000e+00,1.189257204532623291e-01,1.309365481138229370e-01,2.260207943618297577e-02,1.279461085796356201e-01,1.336557865142822266e-01,1.176302321255207062e-02
9.340000000000262759e+00,1.223724274760289665e+00,1.078452014581219309e+00,2.527839377232670603e+00,-3.226505167707654359e-02,2.447801677727329261e-01,6.811787198550386391e-01,1.000000000000000000e+00,1.258124858140945435e-01,1.377014219760894775e-01,2.517103031277656555e-02,1.334086805582046509e-01,1.328202635049819946e-01,1.492630038410425186e-02
9.360000000000251674e+00,1.217761432076250205e+00,1.080218948248052868e+00,2.485488412766490907e+00,-3.659836085170705550e-02,2.442147713421044808e-01,6.786509561698375048e-01,1.000000000000000000e+00,1.324249207973480225e-01,1.444364637136459351e-01,2.875935658812522888e-02,1.386753916740417480e-01,1.312407106161117554e-01,1.825107261538505554e-02
9.380000000000240590e+00,1.212121774409431918e+00,1.082190415190295241e+00,2.441408044664716837e+00,-4.053253151324400644e-02,2.437691362061525646e-01,6.763560232839409547e-01,1.000000000000000000e+00,1.401232481002807617e-01,1.507354378700256348e-01,3.147909790277481079e-02,1.429484188556671143e-01,1.287307292222976685e-01,2.127496153116226196e-02
9.400000000000229505e+00,1.206715841761625496e+00,1.084494578661195696e+00,2.394538569217723900e+00,-4.627139037012087397e-02,2.438651212801583867e-01,6.730083556174294435e-01,1.000000000000000000e+00,1.501335203647613525e-01,1.564038693904876709e-01,3.284551203250885010e-02,1.453811824321746826e-01,1.252832859754562378e-01,2.430071868002414703e-02
9.420000000000218421e+00,1.201548902365284777e+00,1.087233564103221362e+00,2.344699689276410481e+00,-5.357362953546798007e-02,2.444333462357776432e-01,6.687487161043103034e-01,1.000000000000000000e+00,1.613899320363998413e-01,1.612008959054946899e-01,3.376324102282524109e-02,1.457528918981552124e-01,1.208172142505645752e-01,2.772561646997928619e-02
9.440000000000207336e+00,1.196688303021029576e+00,1.090413276865377146e+00,2.292148909593528572e+00,-6.032204643342277406e-02,2.450344007760836829e-01,6.648121395805033362e-01,1.000000000000000000e+00,1.711583733558654785e-01,1.645272821187973022e-01,3.512062504887580872e-02,1.450949311256408691e-01,1.155215129256248474e-01,3.127866610884666443e-02
9.460000000000196252e+00,1.192205279235775794e+00,1.093945378202725749e+00,2.237046221855442774e+00,-6.442425187531876374e-02,2.452422837377066789e-01,6.624191864060640089e-01,1.000000000000000000e+00,1.777494102716445923e-01,1.657557487487792969e-01,3.685211762785911560e-02,1.444197595119476318e-01,1.097841486334800720e-01,3.431013971567153931e-02
9.480000000000185167e+00,1.188168083878977432e+00,1.097731172754064399e+00,2.179621993146788395e+00,-6.455773220456327566e-02,2.448034863504685299e-01,6.623413228806713793e-01,1.000000000000000000e+00,1.815566569566726685e-01,1.650562584400177002e-01,3.861895948648452759e-02,1.439694464206695557e-01,1.038986667990684509e-01,3.659553080797195435e-02
9.500000000000174083e+00,1.184673681534643919e+00,1.101739573569117336e+00,2.120780991848761232e+00,-6.034821458366795149e-02,2.436864338669252616e-01,6.647968748261936511e-01,1.000000000000000000e+00,1.840535849332809448e-01,1.631021946668624878e-01,4.059473052620887756e-02,1.432454437017440796e-01,9.781424701213836670e-02,3.863573446869850159e-02
9.520000000000162999e+00,1.181862808022307920e+00,1.106013141069401851e+00,2.062431638119287314e+00,-5.258475286418638761e-02,2.421233792393208961e-01,6.693255608292245640e-01,1.000000000000000000e+00,1.867358535528182983e-01,1.609133929014205933e-01,4.355010017752647400e-02,1.417411267757415771e-01,9.119031578302383423e-02,4.122647643089294434e-02
9.540000000000151914e+00,1.179886756167011885e+00,1.110629686367101687e+00,2.007358278751599556e+00,-4.309635320854957041e-02,2.405571466927610702e-01,6.748604606283460372e-01,1.000000000000000000e+00,1.906844526529312134e-01,1.598008424043655396e-01,4.860967025160789490e-02,1.396347135305404663e-01,8.362565934658050537e-02,4.494683817028999329e-02
9.560000000000140830e+00,1.178851877386977165e+00,1.115655728514684863e+00,1.958775656168634693e+00,-3.419724044596542806e-02,2.394996451598419840e-01,6.800516097398534576e-01,1.000000000000000000e+00,1.964231729507446289e-01,1.608369499444961548e-01,5.690193548798561096e-02,1.376210004091262817e-01,7.448326796293258667e-02,5.007487535476684570e-02
9.580000000000129745e+00,1.178761619095569868e+00,1.121100393631381476e+00,1.919509564311131511e+00,-2.768722676318174231e-02,2.393119701269333655e-01,6.838491177214772732e-01,1.000000000000000000e+00,2.034892588853836060e-01,1.641469448804855347e-01,6.899723410606384277e-02,1.363149434328079224e-01,6.241677328944206238e-02,5.660674721002578735e-02
9.600000000000118661e+00,1.179503593411760809e+00,1.126887645625405110e+00,1.890895452970091872e+00,-2.369718657884143861e-02,2.399668491709250062e-01,6.861766411623424489e-01,1.000000000000000000e+00,2.098035961389541626e-01,1.687593460083007812e-01,8.430442214012145996e-02,1.358790546655654907e-01,4.572515189647674561e-02,6.410180032253265381e-02
9.620000000000107576e+00,1.180873611928271671e+00,1.132841357513926006e+00,1.871692147394496075e+00,-2.065651792846453713e-02,2.410476450242844126e-01,6.879503645417289759e-01,1.000000000000000000e+00,2.121829539537429810e-01,1.727485060691833496e-01,1.000192314386367798e-01,1.357144117355346680e-01,2.565216459333896637e-02,7.112549990415573120e-02
9.640000000000096492e+00,1.182636913696293757e+00,1.138741490282211277e+00,1.858630950729354359e+00,-1.589692485902581207e-02,2.418914522269383083e-01,6.907267938322348977e-01,1.000000000000000000e+00,2.110317051410675049e-01,1.737309396266937256e-01,1.112893074750900269e-01,1.349917948246002197e-01,9.331613779067993164e-03,7.544140517711639404e-02
9.660000000000085407e+00,1.184683173547616208e+00,1.144426869590822182e+00,1.848785243485149499e+00,-7.488691630452594221e-03,2.420195778741246195e-01,6.956315965489026087e-01,1.000000000000000000e+00,2.103967070579528809e-01,1.712448894977569580e-01,1.166358143091201782e-01,1.324380785226821899e-01,2.827627176884561777e-04,7.670074701309204102e-02
9.680000000000074323e+00,1.187051132506742546e+00,1.149863890189953608e+00,1.841359923822811329e+00,-5.210608070861536510e-03,2.413002500086383895e-01,7.030395213746691851e-01,1.000000000000000000e+00,2.102681994438171387e-01,1.666921228170394897e-01,1.187549680471420288e-01,1.262277662754058838e-01,-4.755113739520311356e-03,7.599828392267227173e-02
9.700000000000063238e+00,1.189807419884284290e+00,1.155107226402787735e+00,1.837493758953791412e+00,-2.180830747594723201e-02,2.398618896316526417e-01,7.127215126943025059e-01,1.000000000000000000e+00,2.081886827945709229e-01,1.622623652219772339e-01,1.209564059972763062e-01,1.183227524161338806e-01,-1.033129915595054626e-02,7.421293109655380249e-02
9.720000000000052154e+00,1.192966861903965281e+00,1.160275799151534670e+00,1.839858555201367096e+00,-4.038625216215351033e-02,2.381466278240564061e-01,7.235586470945895021e-01,1.000000000000000000e+00,2.046786248683929443e-01,1.604179441928863525e-01,1.264504194259643555e-01,1.135025247931480408e-01,-1.964722573757171631e-02,7.305571436882019043e-02
9.740000000000041069e+00,1.196491410706081115e+00,1.165533499573264020e+00,1.852249798316814910e+00,-5.779045758592157161e-02,2.368089286766853485e-01,7.337111002584542074e-01,1.000000000000000000e+00,2.013960033655166626e-01,1.624075472354888916e-01,1.371699571609497070e-01,1.130784526467323303e-01,-3.224660083651542664e-02,7.427434623241424561e-02
9.760000000000029985e+00,1.200290067021137830e+00,1.170998587866233454e+00,1.878048606162761258e+00,-7.124672305245365045e-02,2.363702996826285152e-01,7.415605884472645792e-01,1.000000000000000000e+00,1.988655924797058105e-01,1.677823364734649658e-01,1.512373685836791992e-01,1.154347807168960571e-01,-4.371375963091850281e-02,7.689596712589263916e-02
9.780000000000018900e+00,1.204213406023737942e+00,1.176613147798309278e+00,1.918074152793585840e+00,-7.998471020958236588e-02,2.369010945884233721e-01,7.466577476222563403e-01,1.000000000000000000e+00,1.967658102512359619e-01,1.735033690929412842e-01,1.647842377424240112e-01,1.171886697411537170e-01,-5.159255862236022949e-02,7.864600419998168945e-02
9.800000000000007816e+00,1.208046615129248602e+00,1.182150208830052396e+00,1.969435048023972623e+00,-8.627932605700465440e-02,2.378548884518305317e-01,7.503296068665860075e-01,1.000000000000000000e+00,1.933120638132095337e-01,1.768060177564620972e-01,1.752711981534957886e-01,1.158199161291122437e-01,-5.691418051719665527e-02,7.835403084754943848e-02
9.819999999999996732e+00,1.211554995251852951e+00,1.187379448996486175e+00,2.027174508202424619e+00,-9.276424876381410278e-02,2.386291380993711408e-01,7.541124784455581764e-01,1.000000000000000000e+00,1.893416643142700195e-01,1.779174357652664185e-01,1.817027628421783447e-01,1.131336912512779236e-01,-5.990925803780555725e-02,7.622268050909042358e-02
9.839999999999985647e+00,1.214586835538933762e+00,1.192191670605508236e+00,2.087319089717269094e+00,-1.012119549640936172e-01,2.388411185958833616e-01,7.590403070623878978e-01,1.000000000000000000e+00,1.860231161117553711e-01,1.774252057075500488e-01,1.846001446247100830e-01,1.101704537868499756e-01,-6.038741767406463623e-02,7.351785153150558472e-02
9.859999999999974563e+00,1.217106502589420103e+00,1.196602371158235201e+00,2.148436913785126912e+00,-1.121037248060764713e-01,2.384116140099673820e-01,7.653938394702112236e-01,1.000000000000000000e+00,1.835998743772506714e-01,1.762946546077728271e-01,1.853013932704925537e-01,1.075158938765525818e-01,-5.830816179513931274e-02,7.129482179880142212e-02
9.879999999999963478e+00,1.219150123593679913e+00,1.200680354290606378e+00,2.211260561106856759e+00,-1.242095133122739642e-01,2.376016321342120374e-01,7.724555494321597715e-01,1.000000000000000000e+00,1.816910058259963989e-01,1.754040271043777466e-01,1.852959841489791870e-01,1.056094840168952942e-01,-5.409550294280052185e-02,6.984867155551910400e-02
9.899999999999952394e+00,1.220756695648393286e+00,1.204458667335384536e+00,2.277027841072371217e+00,-1.353328128403515629e-01,2.368202189390709034e-01,7.789441408235383557e-01,1.000000000000000000e+00,1.792057603597640991e-01,1.744966357946395874e-01,1.851114183664321899e-01,1.041976138949394226e-01,-4.855604842305183411e-02,6.866005063056945801e-02
9.919999999999941309e+00,1.221878653344549592e+00,1.207906688501211967e+00,2.345818638952111179e+00,-1.440233933699789914e-01,2.362926090215772268e-01,7.840136461324876960e-01,1.000000000000000000e+00,1.751777976751327515e-01,1.723791807889938354e-01,1.839982271194458008e-01,1.027956604957580566e-01,-4.244017601013183594e-02,6.685169786214828491e-02
9.939999999999930225e+00,1.222390872473435808e+00,1.210969546736187397e+00,2.416130685493195429e+00,-1.505631302761907264e-01,2.359212379756839562e-01,7.878284926611112127e-01,1.000000000000000000e+00,1.700708419084548950e-01,1.685342788696289062e-01,1.813170015811920166e-01,1.013467609882354736e-01,-3.618891909718513489e-02,6.422759592533111572e-02
9.959999999999919140e+00,1.222191695069815065e+00,1.213612972280042612e+00,2.485985458958491101e+00,-1.561041713126857799e-01,2.354794776135410994e-01,7.910607665990666559e-01,1.000000000000000000e+00,1.652240902185440063e-01,1.640358120203018188e-01,1.774837672710418701e-01,1.000479161739349365e-01,-2.944350428879261017e-02,6.143069639801979065e-02
9.979999999999908056e+00,1.221262467307603572e+00,1.215825597570656669e+00,2.554143885268689740e+00,-1.612983105332147227e-01,2.348552096648285903e-01,7.940906811443751989e-01,1.000000000000000000e+00,1.611993014812469482e-01,1.601610034704208374e-01,1.730953603982925415e-01,9.911123663187026978e-02,-2.137090265750885010e-02,5.887437984347343445e-02
9.999999999999896971e+00,1.219632446614957511e+00,1.217596783733942978e+00,2.620180411378169261e+00,-1.658010588483191383e-01,2.341133136656778357e-01,7.967172843281861150e-01,1.000000000000000000e+00,1.574709713459014893e-01,1.569817215204238892e-01,1.682173162698745728e-01,9.849499166011810303e-02,-1.180984731763601303e-02,5.635916441679000854e-02
