time,x,y,yaw,reward,yaw_rate,turn_radius,steady_state,action_0,action_1,action_2,action_3,action_4,action_5
2.000000000000001082e-02,5.998207308964708107e-01,-2.378272600667585834e-03,4.258173016171835912e-02,0.000000000000000000e+00,4.024785509650050663e+00,2.962915024571162806e-02,0.000000000000000000e+00,3.499999940395355225e-01,3.499999940395355225e-01,3.499999940395355225e-01,3.499999940395355225e-01,8.794481307268142700e-02,2.306807190179824829e-01
4.000000000000002859e-02,5.984531102478356512e-01,-6.536092214340094575e-03,1.362064936807080018e-01,0.000000000000000000e+00,4.579865902598053928e+00,3.666400289668504675e-02,0.000000000000000000e+00,1.919429749250411987e-01,-5.951284617185592651e-02,1.133826822042465210e-01,1.182544976472854614e-01,8.104019612073898315e-02,2.231618314981460571e-01
6.000000000000004635e-02,5.963998502740128771e-01,-1.053846925007984048e-02,2.344714303212648843e-01,0.000000000000000000e+00,4.534190333031282272e+00,4.093507478410710054e-02,0.000000000000000000e+00,1.086161062121391296e-01,2.334582852199673653e-03,-3.862167475745081902e-03,4.865315556526184082e-02,1.195491850376129150e-01,1.041309013962745667e-01
8.000000000000005718e-02,5.935582113288941919e-01,-1.517051332328334112e-02,3.494362792079300228e-01,0.000000000000000000e+00,5.106040286489924362e+00,4.034814090321383467e-02,0.000000000000000000e+00,3.499999940395355225e-01,6.927580386400222778e-02,2.444528788328170776e-01,2.256389707326889038e-01,1.230338811874389648e-01,2.131711840629577637e-01
1.000000000000000749e-01,5.892861968895126701e-01,-1.954980897755120850e-02,4.825751457087269491e-01,0.000000000000000000e+00,5.359295197110805375e+00,4.159700308295329746e-02,0.000000000000000000e+00,3.499999940395355225e-01,-4.314392060041427612e-02,1.755100637674331665e-01,1.880388855934143066e-01,1.166775152087211609e-01,2.291080057621002197e-01
1.200000000000000927e-01,5.853425725900193166e-01,-2.220236446410855935e-02,5.949835650190097303e-01,0.000000000000000000e+00,5.241115825226533076e+00,4.230052180287854902e-02,0.000000000000000000e+00,3.276204466819763184e-01,3.615344315767288208e-02,1.200560182332992554e-01,1.496450901031494141e-01,1.480561792850494385e-01,1.523834168910980225e-01
1.400000000000000966e-01,5.812710746159340802e-01,-2.274388267704863242e-02,6.897501848004357061e-01,0.000000000000000000e+00,5.152379661999298754e+00,4.084493320061372001e-02,0.000000000000000000e+00,3.499999940395355225e-01,9.061364829540252686e-02,2.761257290840148926e-01,2.522817850112915039e-01,1.307016909122467041e-01,2.351535558700561523e-01
1.600000000000001144e-01,5.782914399670450178e-01,-2.028439180523178287e-02,7.469271481298175308e-01,0.000000000000000000e+00,4.666172725428535450e+00,3.979515766857029402e-02,0.000000000000000000e+00,3.499999940395355225e-01,-3.399032354354858398e-02,1.693967282772064209e-01,1.700268983840942383e-01,7.190294563770294189e-02,2.381236851215362549e-01
1.800000000000001321e-01,5.784368630606987471e-01,-1.513270381407333387e-02,7.449806160828051915e-01,0.000000000000000000e+00,4.000534508737913164e+00,3.658297927259950705e-02,0.000000000000000000e+00,2.473893612623214722e-01,5.858599022030830383e-02,1.254202127456665039e-01,8.576583117246627808e-02,6.613234430551528931e-02,9.956306964159011841e-02
2.000000000000001499e-01,5.777892225589850161e-01,-1.086363858360517298e-02,7.434875765560915450e-01,0.000000000000000000e+00,3.720332640850440242e+00,3.322987221049466394e-02,0.000000000000000000e+00,3.499999940395355225e-01,2.958675622940063477e-01,3.499999940395355225e-01,2.990906238555908203e-01,-4.634222760796546936e-02,1.582105755805969238e-01
2.200000000000001676e-01,5.743078391850076070e-01,-8.956316724480994917e-03,7.852003785512799983e-01,0.000000000000000000e+00,3.637214242323884239e+00,3.400267728062229822e-02,0.000000000000000000e+00,3.499999940395355225e-01,1.486164182424545288e-01,3.499999940395355225e-01,3.270373046398162842e-01,-1.495890971273183823e-02,3.257223665714263916e-01
2.400000000000001854e-01,5.721124195885347596e-01,-5.163012236864494842e-03,8.017902235274938505e-01,0.000000000000000000e+00,3.260561026188219191e+00,3.624310466710047030e-02,0.000000000000000000e+00,2.528572380542755127e-01,-9.656693041324615479e-02,1.077764481306076050e-01,7.645887881517410278e-02,5.306570604443550110e-02,2.058327496051788330e-01
2.600000000000001754e-01,5.739808806522459506e-01,2.165980281745916169e-03,7.516106977031932201e-01,0.000000000000000000e+00,2.700227239888090214e+00,3.718934580517958832e-02,0.000000000000000000e+00,-2.145283818244934082e-01,-1.549070477485656738e-01,-1.304673701524734497e-01,-1.483912169933319092e-01,6.436075270175933838e-02,-1.708480119705200195e-01
2.800000000000001932e-01,5.772206475955946603e-01,9.554390398252454730e-03,6.740347071221570729e-01,0.000000000000000000e+00,2.257492040839250702e+00,3.907928428306316898e-02,0.000000000000000000e+00,2.391380816698074341e-01,1.511510610580444336e-01,1.409129202365875244e-01,3.239694610238075256e-02,1.313919317908585072e-03,-1.533244699239730835e-01
3.000000000000002109e-01,5.787500953214781418e-01,1.251733907365065734e-02,6.437553449032544783e-01,0.000000000000000000e+00,2.117129400785131121e+00,3.883019983107217910e-02,0.000000000000000000e+00,3.499999940395355225e-01,1.444007456302642822e-01,3.014667630195617676e-01,1.511529684066772461e-01,-2.252240478992462158e-02,-3.237628377974033356e-03
3.200000000000002287e-01,5.777676892498920802e-01,1.238434996461706961e-02,6.661925033913007610e-01,0.000000000000000000e+00,2.097820213553988733e+00,3.790977367190957736e-02,0.000000000000000000e+00,3.499999940395355225e-01,1.207624748349189758e-01,3.499999940395355225e-01,2.476535886526107788e-01,9.492712467908859253e-02,1.759233176708221436e-01
3.400000000000002465e-01,5.766869073485891839e-01,1.545051978839356854e-02,6.604253173788379172e-01,0.000000000000000000e+00,1.849895937571313542e+00,4.446700949824458626e-02,0.000000000000000000e+00,-5.393197387456893921e-02,-2.284155488014221191e-01,-1.360901594161987305e-01,-1.171621456742286682e-01,1.337681263685226440e-01,-3.386725485324859619e-02
3.600000000000002642e-01,5.785876711065960354e-01,2.259366837869275502e-02,5.868745093471651186e-01,0.000000000000000000e+00,1.460817283403290201e+00,5.919089430153093995e-02,0.000000000000000000e+00,-3.189154565334320068e-01,-1.593892723321914673e-01,-1.930742859840393066e-01,-2.012916207313537598e-01,6.841652840375900269e-02,-2.651849687099456787e-01
3.800000000000002820e-01,5.814915287368387364e-01,2.951909921452833263e-02,4.910043620386905783e-01,0.000000000000000000e+00,1.157622287248780246e+00,7.920420968900165892e-02,0.000000000000000000e+00,2.391298264265060425e-01,2.214666008949279785e-01,1.393312066793441772e-01,2.501315996050834656e-02,-4.459824413061141968e-04,-1.737072169780731201e-01
4.000000000000002998e-01,5.833869665937660987e-01,3.266756649512930766e-02,4.373515856643058752e-01,0.000000000000000000e+00,1.034483550132434981e+00,8.856879659368335767e-02,0.000000000000000000e+00,3.499999940395355225e-01,1.260356456041336060e-01,3.376602232456207275e-01,1.647504568099975586e-01,-9.025625139474868774e-02,1.078583896160125732e-01
4.200000000000003175e-01,5.843436902358222218e-01,3.569942695414529688e-02,3.894399490740469427e-01,0.000000000000000000e+00,8.224130387431533018e-01,1.128550382357511317e-01,0.000000000000000000e+00,1.267544627189636230e-01,5.588000267744064331e-02,1.949231624603271484e-01,9.385331720113754272e-02,-9.030757471919059753e-03,1.448593586683273315e-01
4.400000000000003353e-01,5.858071079177298301e-01,4.187012838855502794e-02,2.941677485162833006e-01,0.000000000000000000e+00,5.142410286662536523e-01,1.953905383773652527e-01,0.000000000000000000e+00,-2.068471759557723999e-01,-6.222380325198173523e-02,-2.824809961020946503e-02,-1.007447019219398499e-01,-6.055373814888298512e-04,-4.883846268057823181e-02
4.600000000000003531e-01,5.885460985546246970e-01,4.956082669380357242e-02,1.539799715273430514e-01,0.000000000000000000e+00,1.431566181466766563e-01,7.372051368216783196e-01,0.000000000000000000e+00,-3.499999940395355225e-01,-5.961070954799652100e-02,-8.866763859987258911e-02,-1.773827672004699707e-01,-1.403184514492750168e-02,-1.843628287315368652e-01
4.800000000000003708e-01,5.927173529872484803e-01,5.447332882248118180e-02,1.614848701071743345e-02,0.000000000000000000e+00,-9.580418862102939304e-02,7.633053959026238067e-01,0.000000000000000000e+00,8.701107650995254517e-02,1.839508712291717529e-01,1.257398128509521484e-01,-9.039590368047356606e-04,-1.517060585319995880e-02,-1.572068929672241211e-01
5.000000000000003331e-01,5.982753213907231471e-01,5.341830841257100282e-02,-5.084023213625605414e-02,0.000000000000000000e+00,-1.510302293974633836e-01,7.077542436981560936e-01,0.000000000000000000e+00,2.059242576360702515e-01,1.296334564685821533e-01,2.313414365053176880e-01,7.752612978219985962e-02,-6.307214498519897461e-02,-1.611792482435703278e-02
5.200000000000003508e-01,6.031821864136496236e-01,5.259917575392658584e-02,-1.192133219501759489e-01,0.000000000000000000e+00,-3.413762525422635585e-01,2.968490195325984571e-01,0.000000000000000000e+00,-1.960757076740264893e-01,-3.100892715156078339e-02,-7.944430224597454071e-03,-3.329688683152198792e-02,-1.489002164453268051e-02,1.791897602379322052e-02
5.400000000000003686e-01,6.067412795748703402e-01,5.471180413651433039e-02,-2.474579937458198930e-01,0.000000000000000000e+00,-6.092402031019248376e-01,1.675601068368198221e-01,0.000000000000000000e+00,-2.593573927879333496e-01,4.053157195448875427e-02,-1.577073708176612854e-03,-1.088516339659690857e-01,-3.854599222540855408e-02,-1.175475642085075378e-01
5.600000000000003864e-01,6.113493441888049329e-01,5.306274072221178750e-02,-3.437142733578714138e-01,0.000000000000000000e+00,-6.710823938335378491e-01,1.443906627443351243e-01,0.000000000000000000e+00,1.343063414096832275e-01,2.425495833158493042e-01,1.879520714282989502e-01,3.429466113448143005e-02,-4.253452271223068237e-02,-9.361700713634490967e-02
5.800000000000004041e-01,6.176288854024944985e-01,4.644613101409444944e-02,-3.434544591418776105e-01,0.000000000000000000e+00,-5.734126001197605849e-01,1.493754313380449839e-01,0.000000000000000000e+00,3.499999940395355225e-01,3.125278651714324951e-01,3.499999940395355225e-01,2.954445779323577881e-01,1.728574046865105629e-03,1.971245408058166504e-01
6.000000000000004219e-01,6.220194444839406422e-01,3.952538772394115218e-02,-3.093211065527628478e-01,0.000000000000000000e+00,-5.162853665038277251e-01,1.460594827427336706e-01,0.000000000000000000e+00,1.401725858449935913e-01,-1.696164757013320923e-01,1.131839081645011902e-01,8.979638665914535522e-02,6.482715159654617310e-02,2.480716258287429810e-01
6.200000000000004396e-01,6.242104021740653153e-01,3.692299087697892279e-02,-3.339613455281885135e-01,0.000000000000000000e+00,-6.071373005478616358e-01,1.172944701724981525e-01,0.000000000000000000e+00,-2.651655972003936768e-01,-1.408456265926361084e-01,-9.292260557413101196e-02,-9.911217540502548218e-02,1.022688522934913635e-01,-8.328083902597427368e-03
6.400000000000004574e-01,6.265695586510622306e-01,3.410624414670776483e-02,-3.609016644906032356e-01,0.000000000000000000e+00,-5.763101146293736488e-01,1.172165777385913432e-01,0.000000000000000000e+00,2.839592397212982178e-01,2.503815591335296631e-01,2.593556940555572510e-01,9.854046255350112915e-02,5.726908519864082336e-02,-4.626009240746498108e-02
6.600000000000004752e-01,6.303821149963809711e-01,2.730794793229313067e-02,-3.170381476287391087e-01,0.000000000000000000e+00,-4.426597819226119612e-01,1.398259391729161916e-01,0.000000000000000000e+00,3.499999940395355225e-01,3.446193039417266846e-01,3.499999940395355225e-01,3.193287849426269531e-01,4.960541054606437683e-02,2.084217071533203125e-01
6.800000000000004929e-01,6.332855401808488160e-01,2.014781465773152203e-02,-2.467936530194533018e-01,0.000000000000000000e+00,-3.389332159361418406e-01,1.688185028069678906e-01,0.000000000000000000e+00,3.499999940395355225e-01,6.910598278045654297e-02,2.460900098085403442e-01,2.113694548606872559e-01,7.556645572185516357e-02,2.836039364337921143e-01
7.000000000000005107e-01,6.349678809013283853e-01,1.519076425444415568e-02,-2.103131296182556564e-01,0.000000000000000000e+00,-3.099816979682671891e-01,1.757013991661530716e-01,0.000000000000000000e+00,7.951742410659790039e-02,9.506909549236297607e-02,8.848339319229125977e-02,8.882634341716766357e-02,1.075664088129997253e-01,1.224183142185211182e-01
7.200000000000005285e-01,6.366461568122655512e-01,9.803230353645941975e-03,-1.660326604052293764e-01,0.000000000000000000e+00,-2.021308922769107785e-01,2.606584853246801115e-01,0.000000000000000000e+00,3.499999940395355225e-01,2.341032624244689941e-01,3.499999940395355225e-01,2.524929642677307129e-01,7.192104309797286987e-02,1.644542515277862549e-01
7.400000000000005462e-01,6.384873460366305986e-01,2.255716246457872831e-03,-6.897923701709410271e-02,0.000000000000000000e+00,-3.612127850442117122e-02,3.473278588962416258e-01,0.000000000000000000e+00,3.499999940395355225e-01,2.994373440742492676e-01,3.499999940395355225e-01,3.499999940395355225e-01,8.634693175554275513e-02,3.103265166282653809e-01
7.600000000000005640e-01,6.393155635546046156e-01,-4.715669808515232653e-03,4.065868344893229513e-02,0.000000000000000000e+00,9.559194237942288119e-02,3.473452809232882577e-01,0.000000000000000000e+00,3.499999940395355225e-01,9.390256553888320923e-02,3.318474590778350830e-01,2.700647115707397461e-01,9.883215278387069702e-02,3.257679045200347900e-01
7.800000000000005818e-01,6.395597451086793006e-01,-1.064485327868835984e-02,1.311087156064006387e-01,0.000000000000000000e+00,1.979941163389315195e-01,2.652687809929564211e-01,0.000000000000000000e+00,3.499999940395355225e-01,1.559796929359436035e-01,2.596893906593322754e-01,2.289739847183227539e-01,1.255047321319580078e-01,2.237229049205780029e-01
8.000000000000005995e-01,6.396557785755419001e-01,-1.625760270982951061e-02,2.220621098468338328e-01,0.000000000000000000e+00,3.143692171403866253e-01,1.704164931318383758e-01,0.000000000000000000e+00,3.499999940395355225e-01,2.408069521188735962e-01,3.499999940395355225e-01,3.225021958351135254e-01,1.113297566771507263e-01,2.486189603805541992e-01
8.200000000000006173e-01,6.397761650596600624e-01,-2.087461115131766798e-02,3.224720198184880537e-01,0.000000000000000000e+00,4.319226767438781311e-01,1.268320978922996833e-01,0.000000000000000000e+00,3.499999940395355225e-01,3.499999940395355225e-01,3.499999940395355225e-01,3.499999940395355225e-01,7.781077176332473755e-02,3.499999940395355225e-01
8.400000000000006350e-01,6.397930172004954175e-01,-2.384369350839765644e-02,4.189783167826423571e-01,0.000000000000000000e+00,5.280583858363272487e-01,1.045828572518518185e-01,0.000000000000000000e+00,3.499999940395355225e-01,2.341388016939163208e-01,3.499999940395355225e-01,3.499999940395355225e-01,4.777299240231513977e-02,3.499999940395355225e-01
8.600000000000006528e-01,6.398186503092373467e-01,-2.551097158334292292e-02,5.043141430696174154e-01,0.000000000000000000e+00,6.104098098924014559e-01,9.008416018942366765e-02,0.000000000000000000e+00,3.499999940395355225e-01,2.589193880558013916e-01,3.499999940395355225e-01,3.499999940395355225e-01,5.203879252076148987e-02,3.499999940395355225e-01
8.800000000000006706e-01,6.395343304974905330e-01,-2.703287771058371369e-02,5.917222211505385188e-01,0.000000000000000000e+00,7.012351290668408232e-01,7.761143891928148908e-02,0.000000000000000000e+00,3.499999940395355225e-01,3.344944417476654053e-01,3.499999940395355225e-01,3.499999940395355225e-01,6.500965356826782227e-02,3.499999940395355225e-01
9.000000000000006883e-01,6.389410711572194312e-01,-2.858860506839011606e-02,6.835144957247253350e-01,0.000000000000000000e+00,7.863894868085833378e-01,6.825645586762409123e-02,0.000000000000000000e+00,3.499999940395355225e-01,3.154104650020599365e-01,3.499999940395355225e-01,3.499999940395355225e-01,5.668293684720993042e-02,3.499999940395355225e-01
9.200000000000007061e-01,6.382047204391509965e-01,-2.986184333988078921e-02,7.765012320719899552e-01,0.000000000000000000e+00,8.716556384886081643e-01,6.046778409949742777e-02,0.000000000000000000e+00,3.499999940395355225e-01,3.499999940395355225e-01,3.499999940395355225e-01,3.499999940395355225e-01,7.811495661735534668e-02,3.499999940395355225e-01
9.400000000000007239e-01,6.372832124623374339e-01,-3.057519907319888874e-02,8.700674690954307566e-01,0.000000000000000000e+00,9.511782576919430854e-01,5.392753517850294720e-02,0.000000000000000000e+00,3.499999940395355225e-01,3.499999940395355225e-01,3.499999940395355225e-01,3.499999940395355225e-01,8.387715369462966919e-02,3.499999940395355225e-01
9.600000000000007416e-01,6.363102315472121129e-01,-3.038924001438159106e-02,9.600095680430636991e-01,0.000000000000000000e+00,1.022406814919308404e+00,4.824106757516748167e-02,0.000000000000000000e+00,3.499999940395355225e-01,3.499999940395355225e-01,3.499999940395355225e-01,3.499999940395355225e-01,9.057750552892684937e-02,3.499999940395355225e-01
9.800000000000007594e-01,6.353010599183365192e-01,-2.922577299663187134e-02,1.044782151071093290e+00,0.000000000000000000e+00,1.085393298108475957e+00,4.308524379885794731e-02,0.000000000000000000e+00,3.499999940395355225e-01,3.499999940395355225e-01,3.499999940395355225e-01,3.499999940395355225e-01,9.452293068170547485e-02,3.499999940395355225e-01
1.000000000000000666e+00,6.343301700722963066e-01,-2.711072720926510637e-02,1.122989991248963593e+00,0.000000000000000000e+00,1.138393593713030061e+00,3.842622339928285224e-02,0.000000000000000000e+00,3.499999940395355225e-01,3.354576528072357178e-01,3.499999940395355225e-01,3.499999940395355225e-01,9.466551989316940308e-02,3.499999940395355225e-01
1.019999999999998463e+00,6.333780421645763825e-01,-2.417413370524951199e-02,1.194865492911078020e+00,0.000000000000000000e+00,1.127430001986942321e+00,3.549169890431707469e-02,0.000000000000000000e+00,3.499999940395355225e-01,3.317591547966003418e-01,3.499999940395355225e-01,3.499999940395355225e-01,9.945801645517349243e-02,3.458306193351745605e-01
1.039999999999996261e+00,6.324752638176188713e-01,-2.049463320252176146e-02,1.260057730353942418e+00,0.000000000000000000e+00,1.086302273808119168e+00,3.385271545624211897e-02,0.000000000000000000e+00,3.499999940395355225e-01,3.072826564311981201e-01,3.499999940395355225e-01,3.499999940395355225e-01,1.007830426096916199e-01,3.257333040237426758e-01
1.059999999999994058e+00,6.315015496231539682e-01,-1.622844744614815315e-02,1.319324500262114563e+00,0.000000000000000000e+00,1.054816706595222087e+00,3.371190553875706014e-02,0.000000000000000000e+00,3.499999940395355225e-01,3.079817593097686768e-01,3.499999940395355225e-01,3.499999940395355225e-01,1.077974438667297363e-01,2.932416200637817383e-01
1.079999999999991855e+00,6.304324587474477992e-01,-1.144290210637555205e-02,1.372327057962255736e+00,0.000000000000000000e+00,9.675976732678419623e-01,3.830329621174891064e-02,0.000000000000000000e+00,3.499999940395355225e-01,2.823913991451263428e-01,3.499999940395355225e-01,3.497070074081420898e-01,1.025724858045578003e-01,2.759585380554199219e-01
1.099999999999989653e+00,6.298251412166551155e-01,-6.057537878075169857e-03,1.413862350407782298e+00,0.000000000000000000e+00,8.751358799242655584e-01,4.882128095728755640e-02,0.000000000000000000e+00,3.499999940395355225e-01,2.515299320220947266e-01,3.499999940395355225e-01,3.114903867244720459e-01,1.046644970774650574e-01,2.432039380073547363e-01
1.119999999999987450e+00,6.299907936944073583e-01,-3.215764310083857325e-04,1.441957778820954550e+00,0.000000000000000000e+00,8.046897369161427616e-01,6.178971559124236956e-02,0.000000000000000000e+00,3.499999940395355225e-01,2.515703141689300537e-01,3.499999940395355225e-01,2.479554414749145508e-01,1.079788580536842346e-01,1.646731793880462646e-01
1.139999999999985247e+00,6.304565525819528782e-01,5.238523555852636626e-03,1.462253712194223620e+00,0.000000000000000000e+00,7.308543281812981407e-01,7.742749108969469718e-02,0.000000000000000000e+00,3.499999940395355225e-01,2.873347103595733643e-01,3.267847299575805664e-01,2.386583536863327026e-01,7.497993856668472290e-02,1.098473593592643738e-01
1.159999999999983045e+00,6.303853795202262189e-01,1.095854041037641613e-02,1.478051846507743905e+00,0.000000000000000000e+00,7.190244745280810479e-01,8.448188329491465587e-02,0.000000000000000000e+00,3.499999940395355225e-01,2.391174584627151489e-01,3.499999940395355225e-01,2.999958992004394531e-01,3.824136033654212952e-02,1.954481899738311768e-01
1.179999999999980842e+00,6.325294318646207392e-01,1.818018132961363165e-02,1.468414834322161466e+00,0.000000000000000000e+00,7.145943207823305388e-01,8.890021261366351513e-02,0.000000000000000000e+00,3.499999940395355225e-01,2.976916171610355377e-02,2.078005075454711914e-01,1.111786216497421265e-01,6.850238889455795288e-02,1.354143321514129639e-01
1.199999999999978639e+00,6.382003836888511250e-01,2.813379247318070764e-02,1.407575364288798037e+00,0.000000000000000000e+00,6.009649176945065507e-01,1.196490041409224853e-01,0.000000000000000000e+00,7.380696386098861694e-02,8.946797251701354980e-02,1.083998233079910278e-01,-4.658821970224380493e-03,5.349172279238700867e-02,-1.144838780164718628e-01
1.219999999999976437e+00,6.426512049502015600e-01,3.682163626807521961e-02,1.338717059061545145e+00,0.000000000000000000e+00,4.986500899239876827e-01,1.649620737612476629e-01,0.000000000000000000e+00,3.499999940395355225e-01,2.991313934326171875e-01,2.368591427803039551e-01,1.078795045614242554e-01,2.937120618298649788e-03,-1.190235316753387451e-01
1.239999999999974234e+00,6.433829575673741807e-01,4.182615990985238952e-02,1.309880620362881887e+00,0.000000000000000000e+00,5.018296611947126173e-01,1.701108908290963340e-01,0.000000000000000000e+00,3.499999940395355225e-01,2.372165173292160034e-01,3.499999940395355225e-01,3.100491166114807129e-01,-1.803596504032611847e-02,1.410165280103683472e-01
1.259999999999972031e+00,6.428179798316284721e-01,4.668752932419412138e-02,1.289303338559138812e+00,0.000000000000000000e+00,5.549959715148705675e-01,1.477127196301572798e-01,0.000000000000000000e+00,3.499999940395355225e-01,3.902408480644226074e-02,2.165416479110717773e-01,1.157346665859222412e-01,5.745558813214302063e-02,1.229243874549865723e-01
1.279999999999969829e+00,6.441503087311744036e-01,5.473215846000079043e-02,1.234279045990240631e+00,0.000000000000000000e+00,5.452015994497632079e-01,1.481108930171838867e-01,0.000000000000000000e+00,-5.196627974510192871e-02,-1.125800237059593201e-01,-6.458811461925506592e-02,-8.788064867258071899e-02,9.871922433376312256e-02,-8.491452783346176147e-02
1.299999999999967626e+00,6.481510773010413784e-01,6.584294771399201718e-02,1.131841070493002865e+00,0.000000000000000000e+00,4.177810451624406896e-01,2.094927341325616699e-01,0.000000000000000000e+00,-5.936865136027336121e-02,1.929337531328201294e-02,3.384504467248916626e-02,-6.033642590045928955e-02,3.459632396697998047e-02,-1.847163587808609009e-01
1.319999999999965423e+00,6.523545592057036213e-01,7.630552057801931465e-02,1.016471464387276757e+00,0.000000000000000000e+00,2.776342626630996513e-01,3.538105104796271938e-01,0.000000000000000000e+00,2.129266411066055298e-01,2.307386100292205811e-01,1.558185517787933350e-01,3.332042321562767029e-02,-4.194143228232860565e-03,-1.652318239212036133e-01
1.339999999999963221e+00,6.550942699730727403e-01,8.340138927383794476e-02,9.319975041151784545e-01,0.000000000000000000e+00,2.537753513435492270e-01,4.088446216209897788e-01,0.000000000000000000e+00,2.611751258373260498e-01,1.479001939296722412e-01,2.385170757770538330e-01,7.508905231952667236e-02,-6.770513206720352173e-02,-2.252647280693054199e-02
1.359999999999961018e+00,6.576971935037179140e-01,9.052614109626444527e-02,8.430810504326063937e-01,0.000000000000000000e+00,2.475075793266297841e-01,4.212975514180545278e-01,0.000000000000000000e+00,3.076436556875705719e-02,6.219897791743278503e-02,1.010113358497619629e-01,-1.598679809831082821e-03,-2.136612497270107269e-02,-1.606352394446730614e-03
1.379999999999958815e+00,6.611456571544533922e-01,9.998533729870878739e-02,7.135691829836445788e-01,0.000000000000000000e+00,1.852957695325668785e-01,5.739459546011224100e-01,0.000000000000000000e+00,-1.802991628646850586e-01,1.852172613143920898e-02,2.138938568532466888e-02,-9.360013902187347412e-02,-3.166918456554412842e-02,-1.153059601783752441e-01
1.399999999999956612e+00,6.654629817773101141e-01,1.096238874567644905e-01,5.582698193230573036e-01,0.000000000000000000e+00,5.247004230155365156e-02,7.500739994415563938e-01,0.000000000000000000e+00,-9.881401062011718750e-02,9.472060203552246094e-02,6.797244399785995483e-02,-6.610900908708572388e-02,-1.924161799252033234e-02,-1.568938791751861572e-01
1.419999999999954410e+00,6.707204309330915271e-01,1.153852636735399062e-01,4.370465121375491369e-01,0.000000000000000000e+00,3.618118616285736361e-02,7.834616606135331729e-01,0.000000000000000000e+00,8.816391229629516602e-02,1.440406590700149536e-01,1.555554121732711792e-01,9.987363591790199280e-03,-4.219462350010871887e-02,-1.169973388314247131e-01
1.439999999999952207e+00,6.769816776412672654e-01,1.172486904876658409e-01,3.692609584946521806e-01,0.000000000000000000e+00,1.007703977934723966e-01,7.886621523793891919e-01,0.000000000000000000e+00,7.458049058914184570e-02,8.448234200477600098e-02,1.351400613784790039e-01,-6.651908159255981445e-03,-1.947339624166488647e-02,-9.677240997552871704e-02
1.459999999999950004e+00,6.824178531341756893e-01,1.201653471216267977e-01,2.811159853348146331e-01,0.000000000000000000e+00,1.432974268940772622e-01,7.830681710833994336e-01,0.000000000000000000e+00,-1.667123138904571533e-01,-2.062357589602470398e-02,-3.250737115740776062e-02,-1.169229745864868164e-01,4.157856851816177368e-02,-1.574155986309051514e-01
1.479999999999947802e+00,6.884779384673956892e-01,1.218422915232905135e-01,1.999639181480097894e-01,0.000000000000000000e+00,2.066950334526945487e-01,5.664578113868662390e-01,0.000000000000000000e+00,9.160128980875015259e-02,1.690333187580108643e-01,1.223098784685134888e-01,-1.411156356334686279e-02,4.403401631861925125e-03,-1.658591628074645996e-01
1.499999999999945599e+00,6.959399225627352914e-01,1.195819596195393797e-01,1.884407971593624886e-01,0.000000000000000000e+00,2.561695728621653512e-01,4.605000839464390983e-01,0.000000000000000000e+00,2.730685472488403320e-01,1.369401216506958008e-01,2.892876267433166504e-01,1.276308000087738037e-01,2.114859223365783691e-02,3.762104734778404236e-02
1.519999999999943396e+00,7.011418263517003036e-01,1.189706945664343318e-01,1.619857385415857665e-01,0.000000000000000000e+00,2.910969014631252794e-01,4.064864993145505534e-01,0.000000000000000000e+00,-1.170926764607429504e-01,-1.464629471302032471e-01,-5.451116710901260376e-02,-4.926810413599014282e-02,8.748640120029449463e-02,6.488268822431564331e-02
1.539999999999941194e+00,7.041036736440069443e-01,1.222071755449687935e-01,6.046062873730420617e-02,0.000000000000000000e+00,3.088459092177238130e-01,3.835882522519071247e-01,0.000000000000000000e+00,-3.499999940395355225e-01,-6.940566003322601318e-02,-1.403017044067382812e-01,-2.011442333459854126e-01,7.093262393027544022e-03,-1.836797893047332764e-01
1.559999999999938991e+00,7.089217015885059814e-01,1.226400353921092701e-01,-2.844439512430714870e-02,0.000000000000000000e+00,3.073927678046494694e-01,3.898559910586563704e-01,0.000000000000000000e+00,1.927878260612487793e-01,2.861003279685974121e-01,1.915674954652786255e-01,4.782473295927047729e-02,-1.230764482170343399e-02,-1.123406365513801575e-01
1.579999999999936788e+00,7.167030221018254599e-01,1.184008332979075151e-01,-3.130464475587328016e-02,0.000000000000000000e+00,3.025786878327407781e-01,4.046767997283355345e-01,0.000000000000000000e+00,3.499999940395355225e-01,3.289902210235595703e-01,3.499999940395355225e-01,2.876527309417724609e-01,-9.543836116790771484e-03,1.886905878782272339e-01
1.599999999999934586e+00,7.233346128190023538e-01,1.130987695683792205e-01,4.435752151901331194e-03,0.000000000000000000e+00,3.101648630189230982e-01,4.036919076650815064e-01,0.000000000000000000e+00,2.675381600856781006e-01,-2.314494363963603973e-02,2.115651071071624756e-01,1.621804982423782349e-01,5.107777193188667297e-02,2.757492959499359131e-01
1.619999999999932383e+00,7.267266028594372429e-01,1.113838723966552036e-01,-1.304327213110442925e-02,0.000000000000000000e+00,3.172447006644063539e-01,3.993899898454659203e-01,0.000000000000000000e+00,-1.228256449103355408e-01,-4.778386652469635010e-02,-4.419148340821266174e-02,-4.352693259716033936e-02,1.090749055147171021e-01,3.728276118636131287e-02
1.639999999999930180e+00,7.298399466067955199e-01,1.098594004889062448e-01,-4.650432859803142749e-02,0.000000000000000000e+00,2.992646176834073413e-01,4.279671382687496028e-01,0.000000000000000000e+00,1.764250099658966064e-01,2.332517057657241821e-01,1.841445416212081909e-01,4.485918581485748291e-02,6.996223330497741699e-02,-9.147447347640991211e-02
1.659999999999927978e+00,7.352151061267722110e-01,1.047709757780598272e-01,-1.832243231033611405e-02,0.000000000000000000e+00,2.850779373572088216e-01,4.572346918723297349e-01,0.000000000000000000e+00,3.499999940395355225e-01,2.759398818016052246e-01,3.499999940395355225e-01,2.872102260589599609e-01,3.417936712503433228e-02,1.445297449827194214e-01
1.679999999999925775e+00,7.409302845711800423e-01,9.815339864785571633e-02,6.449357113527230678e-02,0.000000000000000000e+00,3.216013268337812314e-01,4.133598019870559082e-01,0.000000000000000000e+00,3.499999940395355225e-01,1.403728574514389038e-01,3.499999940395355225e-01,2.861967980861663818e-01,7.804570347070693970e-02,3.232780992984771729e-01
1.699999999999923572e+00,7.448607359378258685e-01,9.205042663022006133e-02,1.473800328036045659e-01,0.000000000000000000e+00,3.755421549746413290e-01,3.570940459316677695e-01,0.000000000000000000e+00,3.499999940395355225e-01,9.271048009395599365e-02,2.220067530870437622e-01,2.007518261671066284e-01,8.658579736948013306e-02,2.514968812465667725e-01
1.719999999999921370e+00,7.474884742793964643e-01,8.755092415605708611e-02,1.945232299419307198e-01,0.000000000000000000e+00,3.309532972048627175e-01,4.090939792523907159e-01,0.000000000000000000e+00,2.413212507963180542e-01,1.174986511468887329e-01,1.735057532787322998e-01,1.509192883968353271e-01,1.131626591086387634e-01,1.388652771711349487e-01
1.739999999999919167e+00,7.502015697011319428e-01,8.257815804904006241e-02,2.521208694419124763e-01,0.000000000000000000e+00,2.958595749879932568e-01,4.650609708609615978e-01,0.000000000000000000e+00,3.499999940395355225e-01,2.778953909873962402e-01,3.499999940395355225e-01,3.087751865386962891e-01,6.750835478305816650e-02,1.882644891738891602e-01
1.759999999999916964e+00,7.534164039675266267e-01,7.641272690445727322e-02,3.546033100302738439e-01,0.000000000000000000e+00,3.126572709005355777e-01,4.477839997440253850e-01,0.000000000000000000e+00,3.499999940395355225e-01,3.457441926002502441e-01,3.499999940395355225e-01,3.499999940395355225e-01,7.683897018432617188e-02,3.483606576919555664e-01
1.779999999999914762e+00,7.556058658319515509e-01,7.154691782512084819e-02,4.638264322269685658e-01,0.000000000000000000e+00,3.296406965831560898e-01,4.313931684482684714e-01,0.000000000000000000e+00,3.499999940395355225e-01,1.795504391193389893e-01,3.499999940395355225e-01,3.243008852005004883e-01,7.193464785814285278e-02,3.499999940395355225e-01
1.799999999999912559e+00,7.569591740063486007e-01,6.836660345205292089e-02,5.584498886119483307e-01,0.000000000000000000e+00,3.214014873749455048e-01,4.500356270214623811e-01,0.000000000000000000e+00,3.499999940395355225e-01,2.503540515899658203e-01,3.499999940395355225e-01,3.378373086452484131e-01,8.043961226940155029e-02,3.446021676063537598e-01
1.819999999999910356e+00,7.579265017458055587e-01,6.592050520289016724e-02,6.454553220340657482e-01,0.000000000000000000e+00,3.030412707836415143e-01,4.837775076226524251e-01,0.000000000000000000e+00,3.499999940395355225e-01,2.919612526893615723e-01,3.499999940395355225e-01,3.499999940395355225e-01,6.490104645490646362e-02,3.499999940395355225e-01
1.839999999999908153e+00,7.585847113802423047e-01,6.362996692433220414e-02,7.308428713163832580e-01,0.000000000000000000e+00,2.991879482568096660e-01,4.930788357746356820e-01,0.000000000000000000e+00,3.499999940395355225e-01,3.324043750762939453e-01,3.499999940395355225e-01,3.499999940395355225e-01,5.084212869405746460e-02,3.499999940395355225e-01
1.859999999999905951e+00,7.589328277573976766e-01,6.135484512242789235e-02,8.172879728669909527e-01,0.000000000000000000e+00,3.043940397289883193e-01,4.843198421581339508e-01,0.000000000000000000e+00,3.499999940395355225e-01,3.499999940395355225e-01,3.499999940395355225e-01,3.499999940395355225e-01,4.715486615896224976e-02,3.499999940395355225e-01
1.879999999999903748e+00,7.591034665228697520e-01,5.940758886845692865e-02,9.032941606401549972e-01,0.000000000000000000e+00,2.973789039182888616e-01,4.961424826201953353e-01,0.000000000000000000e+00,3.499999940395355225e-01,3.499999940395355225e-01,3.499999940395355225e-01,3.499999940395355225e-01,5.893310531973838806e-02,3.499999940395355225e-01
1.899999999999901545e+00,7.591917375714249960e-01,5.807822273337331920e-02,9.877833259089071616e-01,0.000000000000000000e+00,2.905340632615071583e-01,5.101893985715371116e-01,0.000000000000000000e+00,3.499999940395355225e-01,3.499999940395355225e-01,3.499999940395355225e-01,3.499999940395355225e-01,8.074330538511276245e-02,3.499999940395355225e-01
1.919999999999899343e+00,7.590814598217612286e-01,5.740582682446171425e-02,1.071456007960627010e+00,0.000000000000000000e+00,2.799340685614015722e-01,5.325777651947934954e-01,0.000000000000000000e+00,3.499999940395355225e-01,3.499999940395355225e-01,3.499999940395355225e-01,3.499999940395355225e-01,9.841819107532501221e-02,3.499999940395355225e-01
1.939999999999897140e+00,7.585915356057635339e-01,5.729972403404198777e-02,1.155155443727719833e+00,0.000000000000000000e+00,2.715420918546007645e-01,5.516353885639561083e-01,0.000000000000000000e+00,3.499999940395355225e-01,3.499999940395355225e-01,3.499999940395355225e-01,3.499999940395355225e-01,1.047312617301940918e-01,3.499999940395355225e-01
1.959999999999894937e+00,7.576331168169121444e-01,5.763902433168949235e-02,1.238761532902427742e+00,0.000000000000000000e+00,2.674281984076617991e-01,5.605019322364548362e-01,0.000000000000000000e+00,3.499999940395355225e-01,3.499999940395355225e-01,3.499999940395355225e-01,3.499999940395355225e-01,9.887990355491638184e-02,3.499999940395355225e-01
1.979999999999892735e+00,7.562328204401613796e-01,5.836769005677538980e-02,1.321183495877028324e+00,0.000000000000000000e+00,2.666514200963238657e-01,5.599900921872695836e-01,0.000000000000000000e+00,3.499999940395355225e-01,3.499999940395355225e-01,3.499999940395355225e-01,3.499999940395355225e-01,8.736836165189743042e-02,3.499999940395355225e-01
1.999999999999890532e+00,7.544674519798276746e-01,5.953908430418203279e-02,1.401081515521959586e+00,0.000000000000000000e+00,2.702162021655977742e-01,5.481739207257035895e-01,0.000000000000000000e+00,3.499999940395355225e-01,3.499999940395355225e-01,3.499999940395355225e-01,3.499999940395355225e-01,7.841923087835311890e-02,3.499999940395355225e-01
2.019999999999888551e+00,7.524375754001167982e-01,6.132083290576423318e-02,1.476824223434485273e+00,-8.419829608590863324e-02,2.739317690461530175e-01,5.350826233691285960e-01,1.000000000000000000e+00,3.499999940395355225e-01,3.438643813133239746e-01,3.499999940395355225e-01,3.499999940395355225e-01,7.680684328079223633e-02,3.499999940395355225e-01
2.039999999999886349e+00,7.500958603269290981e-01,6.378244111377412429e-02,1.548515342347716262e+00,-2.966954000321706322e-02,2.824115394047446714e-01,5.123623083346737772e-01,1.000000000000000000e+00,3.499999940395355225e-01,3.499999940395355225e-01,3.499999940395355225e-01,3.499999940395355225e-01,8.276524394750595093e-02,3.499999940395355225e-01
2.059999999999884146e+00,7.475239980208817636e-01,6.710673156846036491e-02,1.614063449584669518e+00,-2.819860648015737412e-03,2.863718070875711508e-01,4.988250580633267761e-01,1.000000000000000000e+00,3.499999940395355225e-01,3.258006274700164795e-01,3.499999940395355225e-01,3.499999940395355225e-01,8.863016963005065918e-02,3.280421495437622070e-01
2.079999999999881943e+00,7.449262016415402199e-01,7.137461702820507847e-02,1.670027355032964067e+00,-2.387794233869002664e-02,2.883509130302798762e-01,4.900508573588791550e-01,1.000000000000000000e+00,3.499999940395355225e-01,3.113954663276672363e-01,3.499999940395355225e-01,3.430407643318176270e-01,1.017679199576377869e-01,2.749736309051513672e-01
2.099999999999879741e+00,7.421726931140861794e-01,7.607963405612894192e-02,1.718699899101804318e+00,-8.573060034455921852e-02,2.997566943320649768e-01,4.642789165231003268e-01,1.000000000000000000e+00,3.499999940395355225e-01,3.248946666717529297e-01,3.499999940395355225e-01,3.382014632225036621e-01,1.020481139421463013e-01,2.398763149976730347e-01
2.119999999999877538e+00,7.393794441000263173e-01,8.107462971728784940e-02,1.760012140639822587e+00,-1.574210588605272354e-01,3.138746411122866897e-01,4.344078921414469829e-01,1.000000000000000000e+00,3.499999940395355225e-01,3.001495301723480225e-01,3.499999940395355225e-01,3.340046107769012451e-01,8.704663813114166260e-02,2.428211867809295654e-01
2.139999999999875335e+00,7.373859382077849745e-01,8.698112997399354285e-02,1.785698284615258258e+00,-1.634877503140786115e-01,3.116484194354063875e-01,4.318801040358005716e-01,1.000000000000000000e+00,3.499999940395355225e-01,2.516950964927673340e-01,3.499999940395355225e-01,2.746024727821350098e-01,9.059301763772964478e-02,2.127415388822555542e-01
2.159999999999873133e+00,7.376527771656036236e-01,9.435746675908757153e-02,1.785792364789913655e+00,-5.121465331531469684e-02,2.838624266793632334e-01,4.786605611186188769e-01,1.000000000000000000e+00,3.499999940395355225e-01,2.542018592357635498e-01,2.550086379051208496e-01,1.638730019330978394e-01,9.948112070560455322e-02,6.550484895706176758e-02
2.179999999999870930e+00,7.375635387721821701e-01,1.007944503858271279e-01,1.780859773519984479e+00,-1.962666380452287862e-01,3.195218407172120134e-01,4.182222341478213368e-01,1.000000000000000000e+00,3.499999940395355225e-01,3.499999940395355225e-01,3.499999940395355225e-01,2.518031895160675049e-01,3.234982490539550781e-02,3.484518453478813171e-02
2.199999999999868727e+00,7.352178591896140203e-01,1.058371877501141367e-01,1.785127538848796824e+00,-4.767705565651346733e-01,4.124794449191676038e-01,3.013456014311938769e-01,1.000000000000000000e+00,3.499999940395355225e-01,2.696835398674011230e-01,3.499999940395355225e-01,3.499999940395355225e-01,1.915931887924671173e-02,2.482043653726577759e-01
2.219999999999866525e+00,7.338411849042693058e-01,1.127316055898826552e-01,1.770633881952501598e+00,-5.349872961031600926e-01,4.282040705309901329e-01,2.770886266236832762e-01,1.000000000000000000e+00,3.499999940395355225e-01,8.309054374694824219e-02,2.385726720094680786e-01,1.332914084196090698e-01,6.670274585485458374e-02,1.480533033609390259e-01
2.239999999999864322e+00,7.348993205167285714e-01,1.234135543858491113e-01,1.713696941563761511e+00,-3.836664581885989578e-01,3.604527458097062653e-01,3.401389757547504389e-01,1.000000000000000000e+00,5.085258744657039642e-03,9.256797842681407928e-03,1.969179511070251465e-02,-5.590790882706642151e-02,7.304506003856658936e-02,-1.187747791409492493e-01
2.259999999999862119e+00,7.365891701338098674e-01,1.342042029634675226e-01,1.641151734870463397e+00,-2.595266696436152043e-01,3.273232119052367772e-01,3.918638876484936695e-01,1.000000000000000000e+00,3.499999940395355225e-01,2.693402171134948730e-01,2.478614449501037598e-01,1.076449975371360779e-01,1.200034469366073608e-02,-1.057630702853202820e-01
2.279999999999859916e+00,7.365406689576614596e-01,1.408130837895872345e-01,1.600680419569710633e+00,-4.106790154137797688e-01,3.839566292563443284e-01,3.288837435775917584e-01,1.000000000000000000e+00,3.499999940395355225e-01,2.629764378070831299e-01,3.499999940395355225e-01,1.819910705089569092e-01,8.707548491656780243e-03,-1.238967292010784149e-02
2.299999999999857714e+00,7.362184707638403935e-01,1.474906512808692449e-01,1.558327545669939473e+00,-5.579742335512175577e-01,4.489259814073642274e-01,2.675107360203259899e-01,1.000000000000000000e+00,3.243949115276336670e-01,6.403020024299621582e-02,1.272566020488739014e-01,4.561258479952812195e-02,6.753266602754592896e-02,2.933411672711372375e-02
2.319999999999855511e+00,7.370998825595944659e-01,1.579493285491010424e-01,1.474078855017496581e+00,-5.659827762070606116e-01,4.454465276151083342e-01,2.641738432470580600e-01,1.000000000000000000e+00,-1.165421903133392334e-01,-3.428133670240640640e-03,6.784445606172084808e-03,-9.776835143566131592e-02,3.649425506591796875e-02,-1.470375508069992065e-01
2.339999999999853308e+00,7.382817389493703253e-01,1.695767567665884545e-01,1.364135631225482870e+00,-4.842714701853695902e-01,4.016369013334026850e-01,2.982202207560959994e-01,1.000000000000000000e+00,1.708936095237731934e-01,2.218202054500579834e-01,1.686554849147796631e-01,1.987018808722496033e-02,4.697822500020265579e-03,-1.405374556779861450e-01
2.359999999999851106e+00,7.392140233279581585e-01,1.785487251924937624e-01,1.271883499109645932e+00,-5.406355119867914949e-01,4.366775663615595215e-01,2.747352033388368864e-01,1.000000000000000000e+00,2.648999691009521484e-01,2.126903384923934937e-01,2.404300272464752197e-01,6.672990322113037109e-02,-5.031710863113403320e-02,-5.676164478063583374e-02
2.379999999999848903e+00,7.398902290770064116e-01,1.871641109374014844e-01,1.176559124104412657e+00,-6.010135124770912274e-01,4.707031168933907272e-01,2.495777031345453034e-01,1.000000000000000000e+00,7.645849138498306274e-02,1.051718071103096008e-01,1.290897130966186523e-01,-1.564192934893071651e-03,-4.037409275770187378e-02,-2.244406007230281830e-02
2.399999999999846700e+00,7.405463528130009632e-01,1.978400143520234744e-01,1.042573316511772097e+00,-6.188379730625098718e-01,4.783918357569475477e-01,2.421508445572875534e-01,1.000000000000000000e+00,-6.174447759985923767e-02,1.111683249473571777e-01,7.964675873517990112e-02,-5.952029302716255188e-02,-4.154686257243156433e-02,-1.005939543247222900e-01
2.419999999999844498e+00,7.428371977575003449e-01,2.067104595216253671e-01,9.181130427299294405e-01,-6.016655261067974658e-01,4.667609340867123757e-01,2.493060307888343985e-01,1.000000000000000000e+00,1.257507354021072388e-01,2.191290408372879028e-01,1.707455366849899292e-01,1.089602336287498474e-02,-2.992858923971652985e-02,-1.103520020842552185e-01
2.439999999999842295e+00,7.478419842405287232e-01,2.106407875461828727e-01,8.672820005793768772e-01,-6.459524033788885955e-01,5.078192455205313705e-01,2.308531652587964278e-01,1.000000000000000000e+00,3.440385758876800537e-01,2.086279243230819702e-01,2.740843892097473145e-01,8.936328440904617310e-02,-3.318044543266296387e-02,-3.762418031692504883e-02
2.459999999999840092e+00,7.530258325663190533e-01,2.134239167640048507e-01,8.346165960511706672e-01,-7.109574743334270419e-01,5.740499539205317081e-01,2.037677190277387140e-01,1.000000000000000000e+00,1.337822079658508301e-01,-1.916839182376861572e-02,3.239315375685691833e-02,-2.224515378475189209e-02,1.082762926816940308e-01,-3.301676362752914429e-03
2.479999999999837890e+00,7.560942637377545683e-01,2.188235671751651568e-01,7.496593323798891317e-01,-6.405492453286212307e-01,5.071793572500932212e-01,2.331044811130744410e-01,1.000000000000000000e+00,-2.467337250709533691e-01,-4.784734919667243958e-02,-1.175715103745460510e-01,-1.832046508789062500e-01,7.261978089809417725e-02,-2.300817370414733887e-01
2.499999999999835687e+00,7.610225080108263818e-01,2.228258805205030058e-01,6.771578915712054281e-01,-5.534724871620912978e-01,4.530490409722209844e-01,2.693864636824619407e-01,1.000000000000000000e+00,3.022608757019042969e-01,2.445083707571029663e-01,1.977069377899169922e-01,4.116372764110565186e-02,2.691723220050334930e-02,-1.323407292366027832e-01
2.519999999999833484e+00,7.692345278214836046e-01,2.228344167707952961e-01,6.858986925620946806e-01,-6.744216634772669527e-01,5.671218232760871780e-01,2.189909735511387789e-01,1.000000000000000000e+00,3.499999940395355225e-01,3.086344301700592041e-01,3.499999940395355225e-01,2.987667322158813477e-01,2.359410934150218964e-02,1.706549823284149170e-01
2.539999999999831282e+00,7.765383456804856310e-01,2.210748060024591011e-01,7.270509065633153911e-01,-7.981902708364329024e-01,7.320634875026758026e-01,1.674207204848195962e-01,1.000000000000000000e+00,3.226866722106933594e-01,-1.218147110193967819e-02,2.280016541481018066e-01,1.619189828634262085e-01,5.560516193509101868e-02,2.748126983642578125e-01
2.559999999999829079e+00,7.802222102300701012e-01,2.222691284098737841e-01,7.105515019579159430e-01,-7.929929288069068605e-01,7.224296530181290033e-01,1.695862796637888081e-01,1.000000000000000000e+00,-7.193633355200290680e-03,-5.269521381705999374e-03,3.588506951928138733e-02,4.060531500726938248e-03,9.286480396986007690e-02,8.087205886840820312e-02
2.579999999999826876e+00,7.811299712035034704e-01,2.267346935777306838e-01,6.226648943298925820e-01,-6.695470960293533613e-01,5.702773699226741932e-01,2.210220433211027569e-01,1.000000000000000000e+00,-1.373947858810424805e-01,1.264607459306716919e-01,1.282328926026821136e-02,-8.410907536745071411e-02,1.507662236690521240e-02,-1.294649094343185425e-01
2.599999999999824674e+00,7.849255556245746668e-01,2.289842380504721886e-01,5.582575552387409878e-01,-5.937347315468027853e-01,5.195190970951134579e-01,2.526105285221654784e-01,1.000000000000000000e+00,3.499999940395355225e-01,3.499999940395355225e-01,3.499999940395355225e-01,1.740043759346008301e-01,-1.347212214022874832e-02,8.667626418173313141e-03
2.619999999999822471e+00,7.923632573423033953e-01,2.274063435062763094e-01,5.784292242334989620e-01,-6.955779956491682237e-01,6.342396767957457770e-01,2.101758351461798791e-01,1.000000000000000000e+00,3.499999940395355225e-01,3.499999940395355225e-01,3.499999940395355225e-01,3.499999940395355225e-01,1.879103668034076691e-02,2.673606872558593750e-01
2.639999999999820268e+00,7.989100577226750932e-01,2.242865953495909448e-01,6.305041133734793357e-01,-7.355761428642394462e-01,6.906997116399448133e-01,1.935099404732335826e-01,1.000000000000000000e+00,3.499999940395355225e-01,1.063302978873252869e-01,3.402925729751586914e-01,2.553117275238037109e-01,5.624665692448616028e-02,3.305465877056121826e-01
2.659999999999818066e+00,8.020332248069397263e-01,2.238365049500422588e-01,6.292851660850873330e-01,-6.423286042044675792e-01,5.875847540673926339e-01,2.323630815814718420e-01,1.000000000000000000e+00,1.264065206050872803e-01,1.059273853898048401e-01,5.902158468961715698e-02,5.892359837889671326e-02,1.206927001476287842e-01,8.488140255212783813e-02
2.679999999999815863e+00,8.051759741887174471e-01,2.235412929571358731e-01,6.202028898351976682e-01,-5.343691960006408115e-01,5.079887177988908764e-01,2.773461683330663008e-01,1.000000000000000000e+00,3.499999940395355225e-01,3.499999940395355225e-01,3.499999940395355225e-01,2.887556552886962891e-01,5.620843917131423950e-02,9.654407948255538940e-02
2.699999999999813660e+00,8.106649118761799500e-01,2.203834475625320310e-01,6.639585605522678735e-01,-5.161154503510112512e-01,5.061222837460735979e-01,2.849518956870786268e-01,1.000000000000000000e+00,3.499999940395355225e-01,3.499999940395355225e-01,3.499999940395355225e-01,3.499999940395355225e-01,6.108085811138153076e-02,3.357068598270416260e-01
2.719999999999811457e+00,8.160540557729457634e-01,2.163039755853953805e-01,7.259944140612799579e-01,-5.456078769753780477e-01,5.349886563680779084e-01,2.726633845935924616e-01,1.000000000000000000e+00,3.499999940395355225e-01,1.558378636837005615e-01,3.499999940395355225e-01,2.973448336124420166e-01,5.670082941651344299e-02,3.499999940395355225e-01
2.739999999999809255e+00,8.207184823100628357e-01,2.124502969951466147e-01,7.847779062186858168e-01,-5.055035334199974306e-01,5.106950242700587506e-01,2.893735277416677465e-01,1.000000000000000000e+00,3.499999940395355225e-01,2.726792097091674805e-01,3.336757123470306396e-01,2.728435099124908447e-01,8.601865172386169434e-02,2.423776090145111084e-01
2.759999999999807052e+00,8.249113194864849952e-01,2.087118311293660877e-01,8.507913062554902650e-01,-4.262846486094143961e-01,4.664705731916868325e-01,3.223813964127439924e-01,1.000000000000000000e+00,3.499999940395355225e-01,3.398522138595581055e-01,3.499999940395355225e-01,3.499999940395355225e-01,5.982931703329086304e-02,3.370007872581481934e-01
2.779999999999804849e+00,8.284380436213220067e-01,2.050913861636346480e-01,9.263149277469807652e-01,-3.787372998376701272e-01,4.445270180995112286e-01,3.421927917343041137e-01,1.000000000000000000e+00,3.499999940395355225e-01,3.499999940395355225e-01,3.499999940395355225e-01,3.499999940395355225e-01,4.509927332401275635e-02,3.499999940395355225e-01
2.799999999999802647e+00,8.312308864463102687e-01,2.018719933772138431e-01,1.001025721171316718e+00,-3.419916085671826367e-01,4.273364252621930093e-01,3.575034964303405727e-01,1.000000000000000000e+00,3.499999940395355225e-01,3.499999940395355225e-01,3.499999940395355225e-01,3.499999940395355225e-01,4.360339045524597168e-02,3.499999940395355225e-01
2.819999999999800444e+00,8.335923638959408244e-01,1.992169196655693142e-01,1.069474380175700290e+00,-2.995234955501756002e-01,4.085173153112565680e-01,3.751985435207601527e-01,1.000000000000000000e+00,3.499999940395355225e-01,3.499999940395355225e-01,3.499999940395355225e-01,3.499999940395355225e-01,6.384102255105972290e-02,3.499999940395355225e-01
2.839999999999798241e+00,8.357307483727273167e-01,1.970050292461476005e-01,1.133635462077769773e+00,-2.432639112540151693e-01,3.865122552138562373e-01,3.986400369774936725e-01,1.000000000000000000e+00,3.499999940395355225e-01,3.499999940395355225e-01,3.499999940395355225e-01,3.499999940395355225e-01,8.385787904262542725e-02,3.499999940395355225e-01
2.859999999999796039e+00,8.376345207642625912e-01,1.949807526125988399e-01,1.198186448000202908e+00,-1.833029881919825688e-01,3.660798181224001469e-01,4.236237549200072561e-01,1.000000000000000000e+00,3.499999940395355225e-01,3.499999940395355225e-01,3.499999940395355225e-01,3.499999940395355225e-01,9.257327765226364136e-02,3.499999940395355225e-01
2.879999999999793836e+00,8.391888719615056003e-01,1.929331703538146314e-01,1.266793883122764974e+00,-1.390486056260365755e-01,3.522140877812168225e-01,4.420630809891514246e-01,1.000000000000000000e+00,3.499999940395355225e-01,3.499999940395355225e-01,3.499999940395355225e-01,3.499999940395355225e-01,9.229408204555511475e-02,3.499999940395355225e-01
2.899999999999791633e+00,8.402787971413072654e-01,1.907966265633190828e-01,1.340592130328723153e+00,-1.167186404609258099e-01,3.445731997177701733e-01,4.513672331412809102e-01,1.000000000000000000e+00,3.499999940395355225e-01,3.499999940395355225e-01,3.499999940395355225e-01,3.499999940395355225e-01,8.606097847223281860e-02,3.499999940395355225e-01
2.919999999999789431e+00,8.408430942277725917e-01,1.886553309862273320e-01,1.418449530505928813e+00,-1.091068918505085222e-01,3.401978154869035320e-01,4.545387950622881146e-01,1.000000000000000000e+00,3.499999940395355225e-01,3.499999940395355225e-01,3.499999940395355225e-01,3.499999940395355225e-01,7.794274389743804932e-02,3.499999940395355225e-01
2.939999999999787228e+00,8.408788224322936156e-01,1.866865369864725288e-01,1.498213594741294230e+00,-1.060484562110719509e-01,3.364025516756231626e-01,4.558131432453866871e-01,1.000000000000000000e+00,3.499999940395355225e-01,3.499999940395355225e-01,3.499999940395355225e-01,3.499999940395355225e-01,7.341177016496658325e-02,3.499999940395355225e-01
2.959999999999785025e+00,8.403999136732269726e-01,1.850816509853878689e-01,1.577922477826346981e+00,-1.024652989915577211e-01,3.322947147412837476e-01,4.573061254201842840e-01,1.000000000000000000e+00,3.499999940395355225e-01,3.499999940395355225e-01,3.499999940395355225e-01,3.499999940395355225e-01,7.430903613567352295e-02,3.499999940395355225e-01
2.979999999999782823e+00,8.393953650732204341e-01,1.839860568255831108e-01,1.656322891002903308e+00,-9.890052012146818838e-02,3.283667556223665018e-01,4.587914499493882525e-01,1.000000000000000000e+00,3.499999940395355225e-01,3.499999940395355225e-01,3.499999940395355225e-01,3.499999940395355225e-01,7.806974649429321289e-02,3.499999940395355225e-01
2.999999999999780620e+00,8.378250284916639590e-01,1.834767328433238864e-01,1.732729934266614924e+00,-9.808985520301191641e-02,3.253159581994233829e-01,4.591292269987450325e-01,1.000000000000000000e+00,3.499999940395355225e-01,3.499999940395355225e-01,3.499999940395355225e-01,3.499999940395355225e-01,8.195554465055465698e-02,3.499999940395355225e-01
3.019999999999778417e+00,8.356423100594869702e-01,1.835727302826228868e-01,1.806615602559835887e+00,-1.062646476172759841e-01,3.244957613832883947e-01,4.557230634928016721e-01,1.000000000000000000e+00,3.499999940395355225e-01,3.499999940395355225e-01,3.499999940395355225e-01,3.499999940395355225e-01,8.450353145599365234e-02,3.499999940395355225e-01
3.039999999999776215e+00,8.328335345995603323e-01,1.842564781851264710e-01,1.877304987767363098e+00,-1.148895851292934811e-01,3.232458941360721871e-01,4.521293395294610495e-01,1.000000000000000000e+00,3.499999940395355225e-01,3.499999940395355225e-01,3.499999940395355225e-01,3.499999940395355225e-01,8.505617827177047729e-02,3.408818542957305908e-01
3.059999999999774012e+00,8.294719074064984543e-01,1.855663892647402280e-01,1.943142982025503285e+00,-1.355157821299587673e-01,3.247593832957966220e-01,4.435350907791838493e-01,1.000000000000000000e+00,3.499999940395355225e-01,3.435160517692565918e-01,3.499999940395355225e-01,3.499999940395355225e-01,8.437064290046691895e-02,3.282812833786010742e-01
3.079999999999771809e+00,8.257103164039610865e-01,1.876502480511987869e-01,2.001331504133537997e+00,-1.621246000190831038e-01,3.274016936217556961e-01,4.324480833253820378e-01,1.000000000000000000e+00,3.499999940395355225e-01,3.283780217170715332e-01,3.499999940395355225e-01,3.499999940395355225e-01,8.632966130971908569e-02,3.087232410907745361e-01
3.099999999999769607e+00,8.217378297012458699e-01,1.905638259097592879e-01,2.049908122446380432e+00,-1.701536333739400997e-01,3.249047883895647693e-01,4.291026527608582941e-01,1.000000000000000000e+00,3.499999940395355225e-01,3.163928389549255371e-01,3.499999940395355225e-01,3.419982194900512695e-01,9.257909655570983887e-02,2.724644839763641357e-01
3.119999999999767404e+00,8.178136188805292806e-01,1.942175124318989976e-01,2.087895295687975494e+00,-1.708143308051366660e-01,3.210400003007993219e-01,4.288273621645263822e-01,1.000000000000000000e+00,3.499999940395355225e-01,3.067456483840942383e-01,3.499999940395355225e-01,3.149312138557434082e-01,9.454388916492462158e-02,2.322543114423751831e-01
3.139999999999765201e+00,8.140981530638756736e-01,1.984590805681827330e-01,2.115017248034037678e+00,-2.067424898001445910e-01,3.269779214335579165e-01,4.138572959166064158e-01,1.000000000000000000e+00,3.499999940395355225e-01,3.008084595203399658e-01,3.499999940395355225e-01,2.871362566947937012e-01,8.804711699485778809e-02,1.909440010786056519e-01
3.159999999999762998e+00,8.106585802339051350e-01,2.032759419247618382e-01,2.131163890567825625e+00,-3.068712176378686207e-01,3.523497903788673780e-01,3.721369926508880654e-01,1.000000000000000000e+00,3.499999940395355225e-01,2.869999408721923828e-01,3.499999940395355225e-01,2.590936422348022461e-01,7.560008019208908081e-02,1.558885574340820312e-01
3.179999999999760796e+00,8.075855309720209041e-01,2.090031269138916681e-01,2.134222333083743539e+00,-3.010513012843714087e-01,3.441041186762260895e-01,3.745619577981785797e-01,1.000000000000000000e+00,3.499999940395355225e-01,2.665378451347351074e-01,3.355194032192230225e-01,2.203993052244186401e-01,6.889806687831878662e-02,1.133378222584724426e-01
3.199999999999758593e+00,8.050145998895199551e-01,2.159261147605691100e-01,2.121474185703201343e+00,-2.242086026147973865e-01,3.206016338944188138e-01,4.065797489105010820e-01,1.000000000000000000e+00,3.499999940395355225e-01,2.530466914176940918e-01,3.008232712745666504e-01,1.838039755821228027e-01,6.450705975294113159e-02,5.626286566257476807e-02
3.219999999999756390e+00,8.024490462659588097e-01,2.233732567450527062e-01,2.096530395850586981e+00,-2.330110741137359220e-01,3.231147848930610578e-01,4.029120524526100255e-01,1.000000000000000000e+00,3.499999940395355225e-01,2.379130870103836060e-01,3.204269111156463623e-01,1.781873852014541626e-01,5.003587901592254639e-02,2.491905540227890015e-02
3.239999999999754188e+00,7.996287695964637843e-01,2.309499375199318694e-01,2.063163199533550873e+00,-3.819608729258576196e-01,3.682410878533093346e-01,3.408496362808926539e-01,1.000000000000000000e+00,3.499999940395355225e-01,2.143524289131164551e-01,2.934560477733612061e-01,1.525059342384338379e-01,5.174492672085762024e-02,8.496862836182117462e-03
3.259999999999751985e+00,7.971388846194353839e-01,2.397653573753609768e-01,2.014164746892716185e+00,-4.116009021627131670e-01,3.704539458544079400e-01,3.284996240988695138e-01,1.000000000000000000e+00,3.499999940395355225e-01,1.649038046598434448e-01,2.352650165557861328e-01,9.683872014284133911e-02,4.970557615160942078e-02,-3.599606826901435852e-02
3.279999999999749782e+00,7.946303147611131212e-01,2.497592562079249401e-01,1.945609419307586130e+00,-2.687713274232329530e-01,3.181996875674018010e-01,3.880119469069862603e-01,1.000000000000000000e+00,3.015568256378173828e-01,1.918174475431442261e-01,2.241914421319961548e-01,6.517523527145385742e-02,3.998855501413345337e-02,-9.045428037643432617e-02
3.299999999999747580e+00,7.923153196698755618e-01,2.579330304845725008e-01,1.886160147102574625e+00,-3.079202136362846898e-01,3.332592042313637926e-01,3.716999109848813654e-01,1.000000000000000000e+00,3.499999940395355225e-01,2.373746335506439209e-01,2.770146727561950684e-01,1.044684574007987976e-01,-4.887479357421398163e-03,-5.765106156468391418e-02
3.319999999999745377e+00,7.899789118400254440e-01,2.655670152071365475e-01,1.827209948896802993e+00,-4.214424810546691380e-01,3.696290758726362147e-01,3.243989662272211971e-01,1.000000000000000000e+00,2.986431717872619629e-01,1.194325536489486694e-01,2.053603678941726685e-01,6.163031607866287231e-02,-8.584760944359004498e-04,1.839983044192194939e-03
3.339999999999743174e+00,7.870850476643742599e-01,2.759733869376427284e-01,1.731949876540087585e+00,-4.237486865243713652e-01,3.619103205637940746e-01,3.234380472815119312e-01,1.000000000000000000e+00,-7.822767831385135651e-03,9.987255930900573730e-02,7.804226875305175781e-02,-5.421686172485351562e-02,-4.679972771555185318e-03,-1.022606194019317627e-01
3.359999999999740972e+00,7.843641192203933965e-01,2.865020991853218790e-01,1.622799329250609990e+00,-3.651237850509315153e-01,3.363798148801449561e-01,3.478650895621118733e-01,1.000000000000000000e+00,1.835499107837677002e-01,2.532656788825988770e-01,1.812312602996826172e-01,2.493818104267120361e-02,-5.946984048932790756e-03,-1.235408708453178406e-01
3.379999999999738769e+00,7.838799045632429685e-01,2.935087383045709153e-01,1.556711715869795398e+00,-5.316630976332112901e-01,4.132661504174180989e-01,2.784737093194952773e-01,1.000000000000000000e+00,3.310639262199401855e-01,1.834475547075271606e-01,2.677104473114013672e-01,8.940890431404113770e-02,-6.709519773721694946e-02,-1.469876524060964584e-02
3.399999999999736566e+00,7.834511473051410935e-01,3.005529730375471331e-01,1.487964456318660922e+00,-6.292672774870440300e-01,4.680881789710958363e-01,2.378053010470650153e-01,1.000000000000000000e+00,1.930276630446314812e-03,1.188093610107898712e-02,3.529790043830871582e-02,-5.019828304648399353e-02,3.184073045849800110e-02,-2.937627770006656647e-02
3.419999999999734364e+00,7.812746403388520777e-01,3.100119689494975628e-01,1.368688448272478375e+00,-5.779871078212683866e-01,4.252806922868960227e-01,2.591720384078048389e-01,1.000000000000000000e+00,-2.177898772060871124e-02,1.146462857723236084e-01,8.358867466449737549e-02,-6.012670323252677917e-02,4.639358376152813435e-04,-1.393815129995346069e-01
3.439999999999732161e+00,7.823616656860947760e-01,3.177845817030412467e-01,1.276925872013945806e+00,-5.077892182964324208e-01,3.902880016119398277e-01,2.884211590431531302e-01,1.000000000000000000e+00,2.685677409172058105e-01,2.503274977207183838e-01,2.122907042503356934e-01,5.185412988066673279e-02,-1.008785516023635864e-02,-1.117522642016410828e-01
3.459999999999729958e+00,7.876870723929656481e-01,3.215020890645661211e-01,1.270148965001463681e+00,-6.203281661113491108e-01,4.699218374425235267e-01,2.415299307869378798e-01,1.000000000000000000e+00,3.499999940395355225e-01,2.528539896011352539e-01,3.499999940395355225e-01,2.271954119205474854e-01,3.683778643608093262e-02,1.190808266401290894e-01
3.479999999999727756e+00,7.905153564150007028e-01,3.246947980838932324e-01,1.254811971012917970e+00,-6.962556483841179089e-01,5.303939341004358932e-01,2.098934798399508805e-01,1.000000000000000000e+00,1.416196227073669434e-01,-1.250338703393936157e-01,5.999574065208435059e-02,1.574007049202919006e-02,9.797083586454391479e-02,1.399877965450286865e-01
3.499999999999725553e+00,7.895945480010898576e-01,3.308252996479086327e-01,1.166638253713355944e+00,-5.981622168873488299e-01,4.454953667079546986e-01,2.507657429636046542e-01,1.000000000000000000e+00,-2.372693419456481934e-01,-4.798889532685279846e-02,-7.645136117935180664e-02,-1.621394902467727661e-01,2.476351708173751831e-02,-1.518410146236419678e-01
3.519999999999723350e+00,7.918731486414440912e-01,3.364672943425465190e-01,1.091310982170578869e+00,-4.325385904110070623e-01,3.623354608070928906e-01,3.197755873287470574e-01,1.000000000000000000e+00,3.462729156017303467e-01,3.164436221122741699e-01,2.530027329921722412e-01,8.886176347732543945e-02,-7.154826889745891094e-04,-8.088093996047973633e-02
3.539999999999721148e+00,7.989107136242374896e-01,3.391055230631400130e-01,1.098437703326661907e+00,-4.318924705582803947e-01,3.753609280600055942e-01,3.200448039340498263e-01,1.000000000000000000e+00,3.499999940395355225e-01,3.499999940395355225e-01,3.499999940395355225e-01,3.261218965053558350e-01,-4.307891242206096649e-03,2.202754616737365723e-01
3.559999999999718945e+00,8.058681869895936156e-01,3.398697771739370710e-01,1.134206314640469282e+00,-5.691290797744431584e-01,4.578986743451461394e-01,2.628628834273153414e-01,1.000000000000000000e+00,3.499999940395355225e-01,2.947923168540000916e-02,2.551501691341400146e-01,1.808851957321166992e-01,4.396830499172210693e-02,2.861106395721435547e-01
3.579999999999716742e+00,8.087261408650086025e-01,3.423190328764453838e-01,1.112353106520524992e+00,-6.399077962444016388e-01,5.092005575436610032e-01,2.333717515648326413e-01,1.000000000000000000e+00,-2.408077009022235870e-02,6.941679865121841431e-03,1.187458820641040802e-02,-1.097612641751766205e-02,9.156426042318344116e-02,4.602116346359252930e-02
3.599999999999714539e+00,8.103687316141929831e-01,3.456660332925830525e-01,1.059580784554575716e+00,-6.118956046029788709e-01,4.873567437043748174e-01,2.450434980820921371e-01,1.000000000000000000e+00,3.077766001224517822e-01,3.157972395420074463e-01,2.437932491302490234e-01,8.111656457185745239e-02,4.985149949789047241e-02,-6.892895698547363281e-02
3.619999999999712337e+00,8.152086690824915660e-01,3.473007550268055743e-01,1.055642018782777525e+00,-5.651893152361587846e-01,4.614347956839144338e-01,2.645044519849338305e-01,1.000000000000000000e+00,3.499999940395355225e-01,3.499999940395355225e-01,3.499999940395355225e-01,3.383113443851470947e-01,4.573133308440446854e-03,1.720436364412307739e-01
3.639999999999710134e+00,8.209352895038855014e-01,3.475248856582141554e-01,1.088348356648368043e+00,-5.287826304649836384e-01,4.476320472774545367e-01,2.796739039729234655e-01,1.000000000000000000e+00,3.499999940395355225e-01,2.129368185997009277e-01,3.499999940395355225e-01,3.276835978031158447e-01,3.170838207006454468e-02,3.499999940395355225e-01
3.659999999999707931e+00,8.255259228696715246e-01,3.478408302982394229e-01,1.103384276454472346e+00,-5.793731255689744675e-01,4.880616027794081324e-01,2.585945310129272867e-01,1.000000000000000000e+00,3.499999940395355225e-01,2.274282723665237427e-01,2.285457253456115723e-01,1.858707666397094727e-01,8.266350626945495605e-02,1.907677799463272095e-01
3.679999999999705729e+00,8.301813714320078752e-01,3.480970669740766077e-01,1.116357764449760870e+00,-5.823980739567449216e-01,4.936810272090400575e-01,2.573341358513562827e-01,1.000000000000000000e+00,3.499999940395355225e-01,3.372400403022766113e-01,3.499999940395355225e-01,2.740504145622253418e-01,7.255824655294418335e-02,1.598868817090988159e-01
3.699999999999703526e+00,8.353895803839351819e-01,3.477054849222365185e-01,1.152656805144118168e+00,-5.431561212833082575e-01,4.739042629754141034e-01,2.736849494652882075e-01,1.000000000000000000e+00,3.499999940395355225e-01,3.499999940395355225e-01,3.499999940395355225e-01,3.499999940395355225e-01,6.065535545349121094e-02,3.030596375465393066e-01
3.719999999999701323e+00,8.401126025671619146e-01,3.470141703488662799e-01,1.196236716688754642e+00,-5.044237852688162604e-01,4.585753032882420310e-01,2.898234228046598915e-01,1.000000000000000000e+00,3.499999940395355225e-01,3.011820316314697266e-01,3.499999940395355225e-01,3.499999940395355225e-01,3.126099705696105957e-02,3.499999940395355225e-01
3.739999999999699121e+00,8.443885206524039955e-01,3.462044064899244544e-01,1.238237015999811730e+00,-4.627037660056907975e-01,4.421529244880267329e-01,3.072067641642954872e-01,1.000000000000000000e+00,3.499999940395355225e-01,3.412980437278747559e-01,3.499999940395355225e-01,3.499999940395355225e-01,4.854093864560127258e-02,3.499999940395355225e-01
3.759999999999696918e+00,8.486245754392494067e-01,3.451210768398279560e-01,1.282912064898796167e+00,-4.017309309764195979e-01,4.162658087157578013e-01,3.326121120931584962e-01,1.000000000000000000e+00,3.499999940395355225e-01,3.499999940395355225e-01,3.499999940395355225e-01,3.499999940395355225e-01,5.995888262987136841e-02,3.499999940395355225e-01
3.779999999999694715e+00,8.528352117372557384e-01,3.437976199144601175e-01,1.330443877763541227e+00,-3.298295923624351977e-01,3.884356706199867393e-01,3.625710031823186630e-01,1.000000000000000000e+00,3.499999940395355225e-01,3.499999940395355225e-01,3.499999940395355225e-01,3.499999940395355225e-01,7.346703112125396729e-02,3.499999940395355225e-01
3.799999999999692513e+00,8.569407168388808449e-01,3.422787849618055267e-01,1.381310923245145039e+00,-2.733049162396188891e-01,3.696782141320871795e-01,3.861229515668254675e-01,1.000000000000000000e+00,3.499999940395355225e-01,3.499999940395355225e-01,3.499999940395355225e-01,3.499999940395355225e-01,8.238468319177627563e-02,3.499999940395355225e-01
3.819999999999690310e+00,8.608468836345445352e-01,3.405834042515111237e-01,1.436562078876004511e+00,-2.452912000542134263e-01,3.619191780281944548e-01,3.977953333107444034e-01,1.000000000000000000e+00,3.499999940395355225e-01,3.499999940395355225e-01,3.499999940395355225e-01,3.499999940395355225e-01,8.483741432428359985e-02,3.499999940395355225e-01
3.839999999999688107e+00,8.644657626823845087e-01,3.387148254725832475e-01,1.496943048324620662e+00,-2.397881743468102123e-01,3.614047588364743824e-01,4.000882606888290782e-01,1.000000000000000000e+00,3.499999940395355225e-01,3.499999940395355225e-01,3.499999940395355225e-01,3.499999940395355225e-01,8.408565819263458252e-02,3.499999940395355225e-01
3.859999999999685905e+00,8.677248089316407231e-01,3.366841490887567678e-01,1.562456303622429488e+00,-2.425994863859415596e-01,3.631407190328232448e-01,3.989168806725243432e-01,1.000000000000000000e+00,3.499999940395355225e-01,3.499999940395355225e-01,3.499999940395355225e-01,3.499999940395355225e-01,8.100549131631851196e-02,3.499999940395355225e-01
3.879999999999683702e+00,8.705652209461535174e-01,3.345342475674847327e-01,1.632397905166058649e+00,-2.429151444371674129e-01,3.636935248904566986e-01,3.987853564845135756e-01,1.000000000000000000e+00,3.499999940395355225e-01,3.499999940395355225e-01,3.499999940395355225e-01,3.499999940395355225e-01,7.819911837577819824e-02,3.499999940395355225e-01
3.899999999999681499e+00,8.729349996487502095e-01,3.323415122905359897e-01,1.705705956904864484e+00,-2.372439053177061163e-01,3.621182537416372527e-01,4.011483727842891089e-01,1.000000000000000000e+00,3.499999940395355225e-01,3.499999940395355225e-01,3.499999940395355225e-01,3.499999940395355225e-01,7.778492569923400879e-02,3.499999940395355225e-01
3.919999999999679297e+00,8.747708904643021199e-01,3.301977087614448303e-01,1.781266425870816850e+00,-2.276039238390555053e-01,3.592408901353710826e-01,4.051650317337268659e-01,1.000000000000000000e+00,3.499999940395355225e-01,3.499999940395355225e-01,3.499999940395355225e-01,3.499999940395355225e-01,7.915024459362030029e-02,3.499999940395355225e-01
3.939999999999677094e+00,8.759959346475364450e-01,3.281769511508177972e-01,1.858042655060372139e+00,-2.180200223017760008e-01,3.563002804765351694e-01,4.091583240409266686e-01,1.000000000000000000e+00,3.499999940395355225e-01,3.499999940395355225e-01,3.499999940395355225e-01,3.499999940395355225e-01,8.042038232088088989e-02,3.499999940395355225e-01
3.959999999999674891e+00,8.765395021259175801e-01,3.263310573186516406e-01,1.935085136710711806e+00,-2.115105371028769277e-01,3.539932086926366739e-01,4.118706095404679468e-01,1.000000000000000000e+00,3.499999940395355225e-01,3.499999940395355225e-01,3.499999940395355225e-01,3.499999940395355225e-01,8.031858503818511963e-02,3.499999940395355225e-01
3.979999999999672688e+00,8.763531866065195075e-01,3.247023565738921258e-01,2.011499337421539746e+00,-2.089879057301886611e-01,3.523396404992029107e-01,4.129217059457547245e-01,1.000000000000000000e+00,3.499999940395355225e-01,3.499999940395355225e-01,3.499999940395355225e-01,3.499999940395355225e-01,7.886449992656707764e-02,3.499999940395355225e-01
3.999999999999670486e+00,8.754117257797721097e-01,3.233342533537719721e-01,2.086435827627191042e+00,-2.098956325551107061e-01,3.510422278451526545e-01,4.125434864353705322e-01,1.000000000000000000e+00,3.499999940395355225e-01,3.499999940395355225e-01,3.499999940395355225e-01,3.499999940395355225e-01,7.696712017059326172e-02,3.499999940395355225e-01
4.019999999999677165e+00,8.737016577309878462e-01,3.222749254191740187e-01,2.159080186871409346e+00,-2.133075286475016319e-01,3.498454422236490502e-01,4.111218630635409821e-01,1.000000000000000000e+00,3.499999940395355225e-01,3.499999940395355225e-01,3.499999940395355225e-01,3.499999940395355225e-01,7.574819028377532959e-02,3.499999940395355225e-01
4.039999999999683844e+00,8.712096220390239676e-01,3.215705507808898078e-01,2.228660870833348628e+00,-2.190876344615585170e-01,3.488406296990451683e-01,4.087134856410172823e-01,1.000000000000000000e+00,3.499999940395355225e-01,3.499999940395355225e-01,3.499999940395355225e-01,3.499999940395355225e-01,7.608333230018615723e-02,3.499999940395355225e-01
4.059999999999690523e+00,8.679366289776129229e-01,3.212483151019283056e-01,2.294349198613680141e+00,-2.313052499471183188e-01,3.494073831262275442e-01,4.036228125220340246e-01,1.000000000000000000e+00,3.499999940395355225e-01,3.499896824359893799e-01,3.499999940395355225e-01,3.499999940395355225e-01,7.809651643037796021e-02,3.313832879066467285e-01
4.079999999999697202e+00,8.639500711696269653e-01,3.215755994362966552e-01,2.352666932391406451e+00,-2.424664022016222442e-01,3.490911319163161330e-01,3.989723324159907270e-01,1.000000000000000000e+00,3.499999940395355225e-01,3.272381722927093506e-01,3.499999940395355225e-01,3.499999940395355225e-01,8.024016767740249634e-02,3.065044581890106201e-01
4.099999999999703881e+00,8.594038590177910386e-01,3.225818519960513830e-01,2.401950804071728118e+00,-2.602998746614633707e-01,3.506297046771934545e-01,3.915417188910569335e-01,1.000000000000000000e+00,3.499999940395355225e-01,3.279807269573211670e-01,3.499999940395355225e-01,3.433177173137664795e-01,8.949777483940124512e-02,2.644750475883483887e-01
4.119999999999710560e+00,8.545489894716797874e-01,3.241863765951749077e-01,2.441980619430999422e+00,-2.816353534207148290e-01,3.529596712350635546e-01,3.826519360747021592e-01,1.000000000000000000e+00,3.499999940395355225e-01,3.149552345275878906e-01,3.499999940395355225e-01,3.268998861312866211e-01,8.567821234464645386e-02,2.379864603281021118e-01
4.139999999999717240e+00,8.496231614459126558e-01,3.266088513604973320e-01,2.470159208068750001e+00,-2.954772729788703867e-01,3.528473011697460526e-01,3.768844695921373389e-01,1.000000000000000000e+00,3.499999940395355225e-01,2.979765832424163818e-01,3.499999940395355225e-01,2.944341897964477539e-01,8.238241076469421387e-02,2.054759114980697632e-01
4.159999999999723919e+00,8.448395497192274783e-01,3.300366065209123789e-01,2.484918220043181414e+00,-3.009195512333712186e-01,3.504600751119271163e-01,3.746168536527619830e-01,1.000000000000000000e+00,3.499999940395355225e-01,2.859171330928802490e-01,3.499999940395355225e-01,2.447061836719512939e-01,7.952460646629333496e-02,1.492635309696197510e-01
4.179999999999730598e+00,8.402838615502818964e-01,3.343739399001947055e-01,2.487557028523914582e+00,-3.158079550206291386e-01,3.516830706339054147e-01,3.684133520747378543e-01,1.000000000000000000e+00,3.499999940395355225e-01,2.964138984680175781e-01,3.238736689090728760e-01,2.152191102504730225e-01,6.504963338375091553e-02,8.800611644983291626e-02
4.199999999999737277e+00,8.354685408924292789e-01,3.387359349333173286e-01,2.482879018652837999e+00,-3.693800270151570975e-01,3.655951229042630479e-01,3.460916554103511955e-01,1.000000000000000000e+00,3.499999940395355225e-01,2.803637087345123291e-01,3.499999940395355225e-01,2.405539304018020630e-01,4.015536606311798096e-02,1.057991385459899902e-01
4.219999999999743956e+00,8.302461711823193591e-01,3.444982206502709143e-01,2.461555149428339195e+00,-3.690508951570438678e-01,3.589350163731845345e-01,3.462287936845650504e-01,1.000000000000000000e+00,3.499999940395355225e-01,1.754401773214340210e-01,2.849274575710296631e-01,1.587184071540832520e-01,5.558221787214279175e-02,9.353332966566085815e-02
4.239999999999750635e+00,8.244442004542109625e-01,3.539177677977876080e-01,2.401105574234081885e+00,-2.374917327341844187e-01,3.127996566695178671e-01,4.010451113607564899e-01,1.000000000000000000e+00,2.980142831802368164e-01,1.705210357904434204e-01,1.738608032464981079e-01,5.335720255970954895e-02,5.834877118468284607e-02,-6.614580005407333374e-02
4.259999999999757314e+00,8.193696163767731910e-01,3.624047041377966849e-01,2.337282298443247086e+00,-2.862686134650767045e-01,3.273730640068932551e-01,3.807214110562180398e-01,1.000000000000000000e+00,3.499999940395355225e-01,3.150551915168762207e-01,2.832853198051452637e-01,1.358216702938079834e-01,1.616963744163513184e-02,-8.071605861186981201e-02
4.279999999999763993e+00,8.152648395477084531e-01,3.666989110056859680e-01,2.304493423239420302e+00,-4.472633141366709753e-01,3.786064246158112323e-01,3.136402857763870844e-01,1.000000000000000000e+00,3.499999940395355225e-01,2.115796953439712524e-01,3.499999940395355225e-01,2.504012882709503174e-01,-1.096106320619583130e-02,1.160604208707809448e-01
4.299999999999770672e+00,8.109019666367078827e-01,3.716428042013110167e-01,2.265661423023908938e+00,-4.535188215705078796e-01,3.704382265022413412e-01,3.110338243456217122e-01,1.000000000000000000e+00,3.499999940395355225e-01,9.401212632656097412e-02,1.574627757072448730e-01,6.572844088077545166e-02,6.659459322690963745e-02,5.243961885571479797e-02
4.319999999999777351e+00,8.052315344131095731e-01,3.802135307591844038e-01,2.188147127762794408e+00,-3.854164959378562627e-01,3.407582082900493803e-01,3.394097933592265526e-01,1.000000000000000000e+00,-7.969469577074050903e-02,1.288960338570177555e-03,-3.694575745612382889e-03,-1.009647324681282043e-01,5.528324097394943237e-02,-1.493749618530273438e-01
4.339999999999784031e+00,7.991293235057694844e-01,3.897453797611191151e-01,2.088507101736497784e+00,-4.436441609269287656e-01,3.630283014848993406e-01,3.151482662804463430e-01,1.000000000000000000e+00,2.659642100334167480e-01,2.451193928718566895e-01,1.921747922897338867e-01,4.316212609410285950e-02,1.755714975297451019e-02,-1.360429674386978149e-01
4.359999999999790710e+00,7.954175391820713648e-01,3.967690671510151201e-01,2.018902433646613037e+00,-5.609343701328359799e-01,4.161810808125050998e-01,2.662773457779850084e-01,1.000000000000000000e+00,3.499999940395355225e-01,2.148896455764770508e-01,2.861182689666748047e-01,1.001110002398490906e-01,-4.837182164192199707e-02,-2.117228694260120392e-02
4.379999999999797389e+00,7.915683509936564111e-01,4.035307210049247084e-01,1.945858159639737739e+00,-4.585783416439548343e-01,3.570123719910041071e-01,3.089256909816854857e-01,1.000000000000000000e+00,1.701248735189437866e-01,1.208265200257301331e-01,1.443209946155548096e-01,2.579989284276962280e-02,-1.385590340942144394e-02,1.716059818863868713e-02
4.399999999999804068e+00,7.856185220550103709e-01,4.123931796872861710e-01,1.826629801146064214e+00,-3.438114415240749455e-01,3.135604779817281473e-01,3.567452326983021060e-01,1.000000000000000000e+00,-2.822691388428211212e-02,1.188086792826652527e-01,9.197904169559478760e-02,-5.691971629858016968e-02,-3.719118610024452209e-02,-8.625959604978561401e-02
4.419999999999810747e+00,7.807227740953510686e-01,4.212365198673466704e-01,1.699983666316477127e+00,-4.214526528206078426e-01,3.428721567205517684e-01,3.243947279914133897e-01,1.000000000000000000e+00,1.480759531259536743e-01,2.536997199058532715e-01,1.754460632801055908e-01,9.919415228068828583e-03,-2.623375505208969116e-02,-1.074643582105636597e-01
4.439999999999817426e+00,7.806438531094823663e-01,4.279244815067979602e-01,1.636608676670255003e+00,-4.774138002333901953e-01,3.658634889353871156e-01,3.010775832360874094e-01,1.000000000000000000e+00,3.499999940395355225e-01,2.292475849390029907e-01,2.857286930084228516e-01,9.794822335243225098e-02,-6.408179551362991333e-02,-1.214026380330324173e-02
4.459999999999824105e+00,7.824843039123037247e-01,4.338629405668096295e-01,1.601296535033378765e+00,-2.738875816872190505e-01,2.914926686118029520e-01,3.858801742969920623e-01,1.000000000000000000e+00,2.206191122531890869e-01,8.470565080642700195e-02,1.132308244705200195e-01,2.942931838333606720e-02,5.206012353301048279e-02,3.158467635512351990e-02
4.479999999999830784e+00,7.814700790130135744e-01,4.404154317583606204e-01,1.521495931298455728e+00,-2.152360300212987493e-02,2.363871317704216435e-01,4.910318320824458849e-01,1.000000000000000000e+00,-1.800772398710250854e-01,-1.901581534184515476e-03,-6.677529215812683105e-02,-1.455224901437759399e-01,6.755860894918441772e-02,-1.776023209095001221e-01
4.499999999999837463e+00,7.824105737829205598e-01,4.467968773600757837e-01,1.454079614701281109e+00,-3.444984454284422681e-01,3.259670257453405884e-01,3.564589810714823837e-01,1.000000000000000000e+00,3.499999940395355225e-01,2.545584440231323242e-01,2.300172448158264160e-01,6.297739595174789429e-02,3.930217027664184570e-02,-1.087152585387229919e-01
4.519999999999844142e+00,7.882558550377810613e-01,4.517826887013978165e-01,1.467442166094112377e+00,-5.299048490461164551e-01,4.132145656173020210e-01,2.792063128974514585e-01,1.000000000000000000e+00,3.499999940395355225e-01,3.499999940395355225e-01,3.499999940395355225e-01,3.197938799858093262e-01,5.275224894285202026e-02,1.518154889345169067e-01
4.539999999999850822e+00,7.940973149996277680e-01,4.549155857746076670e-01,1.504651020792242777e+00,-4.820398266338010718e-01,3.874645525386775091e-01,2.991500722359162201e-01,1.000000000000000000e+00,3.499999940395355225e-01,-1.034243730828166008e-03,2.291845530271530151e-01,1.655393689870834351e-01,6.916763633489608765e-02,2.653150856494903564e-01
4.559999999999857501e+00,7.951998376106405031e-01,4.586376367771819451e-01,1.477158168189014908e+00,-2.303516114754578792e-01,2.951487367672163131e-01,4.040201618852258814e-01,1.000000000000000000e+00,4.015253111720085144e-02,4.112442210316658020e-02,5.236098915338516235e-02,1.652649603784084320e-02,7.766605168581008911e-02,7.380321621894836426e-02
4.579999999999864180e+00,7.936821912438355442e-01,4.633172631282423959e-01,1.398607587847431777e+00,-1.100656608399725039e-01,2.684856024013670406e-01,4.541393079833447866e-01,1.000000000000000000e+00,1.163410618901252747e-01,2.965681254863739014e-01,1.484289169311523438e-01,1.974797621369361877e-02,8.278766763396561146e-04,-8.328524231910705566e-02
4.599999999999870859e+00,7.958016616859127090e-01,4.676169742912457128e-01,1.359370118603621114e+00,-2.712534644404341333e-01,3.173771310365288700e-01,3.869777231498190972e-01,1.000000000000000000e+00,3.499999940395355225e-01,3.499999940395355225e-01,3.499999940395355225e-01,3.227253556251525879e-01,-6.121672317385673523e-02,2.144456654787063599e-01
4.619999999999877538e+00,8.010189666147566889e-01,4.707618361505857552e-01,1.374730855248756489e+00,-2.326859741586210784e-01,3.083354499270364313e-01,4.030475107672412127e-01,1.000000000000000000e+00,3.499999940395355225e-01,1.891096383333206177e-01,3.499999940395355225e-01,2.562941908836364746e-01,-2.032075449824333191e-02,3.316911756992340088e-01
4.639999999999884217e+00,8.051131503878701245e-01,4.735114432251333882e-01,1.376133374255288588e+00,-3.329099487635795579e-02,2.611986829272670008e-01,4.861287521348508500e-01,1.000000000000000000e+00,2.359624207019805908e-01,2.770587801933288574e-01,1.116341277956962585e-01,1.226890534162521362e-01,6.146728992462158203e-02,8.292705565690994263e-02
4.659999999999890896e+00,8.099957041738635732e-01,4.758710328199173833e-01,1.393334645693149687e+00,-1.855485521583461195e-01,3.051154719462791376e-01,4.226881032673557859e-01,1.000000000000000000e+00,3.499999940395355225e-01,3.499999940395355225e-01,3.499999940395355225e-01,3.499999940395355225e-01,5.099900811910629272e-02,1.893171519041061401e-01
4.679999999999897575e+00,8.165384966595038430e-01,4.770132723924562779e-01,1.452404189069692375e+00,-3.085178264227204648e-01,3.489992590626980751e-01,3.714509056571997925e-01,1.000000000000000000e+00,3.499999940395355225e-01,3.499999940395355225e-01,3.499999940395355225e-01,3.499999940395355225e-01,9.253114461898803711e-02,3.464672267436981201e-01
4.699999999999904254e+00,8.216472306411028992e-01,4.775929047598739263e-01,1.502158400700050134e+00,-2.616670326456854712e-01,3.340708732791963786e-01,3.909720697309643778e-01,1.000000000000000000e+00,3.499999940395355225e-01,1.960912048816680908e-01,3.499999940395355225e-01,3.400136232376098633e-01,9.233405441045761108e-02,3.353378474712371826e-01
4.719999999999910933e+00,8.256409488950984255e-01,4.783792921686315092e-01,1.534876756229758277e+00,-2.324664747480544857e-01,3.278270095177685528e-01,4.031389688549772976e-01,1.000000000000000000e+00,3.499999940395355225e-01,3.499999940395355225e-01,3.499999940395355225e-01,3.314379155635833740e-01,1.092145666480064392e-01,2.317751795053482056e-01
4.739999999999917613e+00,8.298429451745420460e-01,4.789602577897985602e-01,1.570345285746473696e+00,-2.032291824945792469e-01,3.215591578103826897e-01,4.153211739605919828e-01,1.000000000000000000e+00,3.499999940395355225e-01,3.499999940395355225e-01,3.499999940395355225e-01,3.499999940395355225e-01,6.849967688322067261e-02,3.499999940395355225e-01
4.759999999999924292e+00,8.341930442377567534e-01,4.791737135389919633e-01,1.607880047767561216e+00,-1.694498805158233534e-01,3.139928036203565864e-01,4.293958831184069291e-01,1.000000000000000000e+00,3.499999940395355225e-01,3.499999940395355225e-01,3.499999940395355225e-01,3.499999940395355225e-01,2.993776835501194000e-02,3.499999940395355225e-01
4.779999999999930971e+00,8.386838030621940332e-01,4.790166867603153911e-01,1.648022826664566676e+00,-1.378166443385153150e-01,3.071956878030711602e-01,4.425763981922852808e-01,1.000000000000000000e+00,3.499999940395355225e-01,3.499999940395355225e-01,3.499999940395355225e-01,3.499999940395355225e-01,2.655293233692646027e-02,3.499999940395355225e-01
4.799999999999937650e+00,8.432534210233137983e-01,4.786233987069643536e-01,1.693598519278183945e+00,-1.164295185517189163e-01,3.035075110570198409e-01,4.514877006034504481e-01,1.000000000000000000e+00,3.499999940395355225e-01,3.499999940395355225e-01,3.499999940395355225e-01,3.499999940395355225e-01,5.212170258164405823e-02,3.499999940395355225e-01
4.819999999999944329e+00,8.477767017233139857e-01,4.780618221515352539e-01,1.747238808530544807e+00,-1.087869581311869671e-01,3.037316702476500763e-01,4.546721007786720947e-01,1.000000000000000000e+00,3.499999940395355225e-01,3.499999940395355225e-01,3.499999940395355225e-01,3.499999940395355225e-01,8.214514702558517456e-02,3.499999940395355225e-01
4.839999999999951008e+00,8.521125695471932771e-01,4.772321652522134583e-01,1.809296154219397490e+00,-1.108839426131096317e-01,3.064512799314599301e-01,4.537983572445376534e-01,1.000000000000000000e+00,3.499999940395355225e-01,3.499999940395355225e-01,3.499999940395355225e-01,3.499999940395355225e-01,9.479971975088119507e-02,3.499999940395355225e-01
4.859999999999957687e+00,8.561311395521669088e-01,4.760553066320561966e-01,1.877843914804500747e+00,-1.153193415109454723e-01,3.094423151062460908e-01,4.519502743704393866e-01,1.000000000000000000e+00,3.499999940395355225e-01,3.499999940395355225e-01,3.499999940395355225e-01,3.499999940395355225e-01,9.492396563291549683e-02,3.499999940395355225e-01
4.879999999999964366e+00,8.597365404231559483e-01,4.745803156835425307e-01,1.950076461718324161e+00,-1.156216092114164401e-01,3.108820932521249025e-01,4.518243294952431488e-01,1.000000000000000000e+00,3.499999940395355225e-01,3.499999940395355225e-01,3.499999940395355225e-01,3.499999940395355225e-01,8.664520084857940674e-02,3.499999940395355225e-01
4.899999999999971045e+00,8.628545114889982770e-01,4.729216805019107461e-01,2.023686012590270700e+00,-1.092731457222613639e-01,3.101222749113611843e-01,4.544695226157244305e-01,1.000000000000000000e+00,3.499999940395355225e-01,3.499999940395355225e-01,3.499999940395355225e-01,3.499999940395355225e-01,7.691327482461929321e-02,3.499999940395355225e-01
4.919999999999977724e+00,8.654194528353750249e-01,4.711945088791765768e-01,2.097577817685828183e+00,-9.800375221417789717e-02,3.077467561826515152e-01,4.591651032440925428e-01,1.000000000000000000e+00,3.499999940395355225e-01,3.499999940395355225e-01,3.499999940395355225e-01,3.499999940395355225e-01,7.189426571130752563e-02,3.499999940395355225e-01
4.939999999999984404e+00,8.673729022906012665e-01,4.694705099485320110e-01,2.171702390408819294e+00,-8.619410549660018461e-02,3.050221442923568005e-01,4.640857893764165909e-01,1.000000000000000000e+00,3.499999940395355225e-01,3.499999940395355225e-01,3.499999940395355225e-01,3.499999940395355225e-01,7.336504757404327393e-02,3.499999940395355225e-01
4.959999999999991083e+00,8.686438300658534395e-01,4.677596671589118182e-01,2.246375102228852949e+00,-7.848213607157816796e-02,3.031224220626581589e-01,4.672991099701757634e-01,1.000000000000000000e+00,3.499999940395355225e-01,3.499999940395355225e-01,3.499999940395355225e-01,3.499999940395355225e-01,7.717651873826980591e-02,3.499999940395355225e-01
4.979999999999997762e+00,8.691510042382355472e-01,4.660438246751624769e-01,2.321552855041694841e+00,-7.732768023369702981e-02,3.025456532814329580e-01,4.677801332359595721e-01,1.000000000000000000e+00,3.499999940395355225e-01,3.499999940395355225e-01,3.499999940395355225e-01,3.499999940395355225e-01,7.902975380420684814e-02,3.499999940395355225e-01
5.000000000000004441e+00,8.688343388339785367e-01,4.643207593003966238e-01,2.396502261411586954e+00,-8.227886783848652186e-02,3.030591683583953588e-01,4.657171384006306147e-01,1.000000000000000000e+00,3.499999940395355225e-01,3.499999940395355225e-01,3.499999940395355225e-01,3.499999940395355225e-01,7.859110832214355469e-02,3.499999940395355225e-01
5.020000000000011120e+00,8.676675308322177038e-01,4.626243580086554230e-01,2.469932137008394868e+00,-9.101436800876817890e-02,3.040163906015653228e-01,4.620773466630132553e-01,1.000000000000000000e+00,3.499999940395355225e-01,3.499999940395355225e-01,3.499999940395355225e-01,3.499999940395355225e-01,7.630338519811630249e-02,3.499999940395355225e-01
5.040000000000017799e+00,8.656444347094748304e-01,4.610165710772955450e-01,2.540394225601181777e+00,-1.009799763799690692e-01,3.047595662260031979e-01,4.579250098416795534e-01,1.000000000000000000e+00,3.499999940395355225e-01,3.499999940395355225e-01,3.499999940395355225e-01,3.499999940395355225e-01,7.355868816375732422e-02,3.491978049278259277e-01
5.060000000000024478e+00,8.627722813732344731e-01,4.595589624431625220e-01,2.606577099702965139e+00,-1.109353151871509124e-01,3.050111476731036664e-01,4.537769520053537842e-01,1.000000000000000000e+00,3.499999940395355225e-01,3.499999940395355225e-01,3.499999940395355225e-01,3.499999940395355225e-01,7.239699363708496094e-02,3.348734974861145020e-01
5.080000000000031157e+00,8.590559797004357900e-01,4.584086831595810541e-01,2.666255518747378428e+00,-1.305669407114744829e-01,3.072743885746627712e-01,4.455971080368856252e-01,1.000000000000000000e+00,3.499999940395355225e-01,3.394448459148406982e-01,3.499999940395355225e-01,3.499999940395355225e-01,7.359884679317474365e-02,3.137182891368865967e-01
5.100000000000037836e+00,8.545354602876780170e-01,4.577768643354230838e-01,2.716765349493651005e+00,-1.442861303479569535e-01,3.075438764005447578e-01,4.398807790216845981e-01,1.000000000000000000e+00,3.499999940395355225e-01,3.248371183872222900e-01,3.499999940395355225e-01,3.479249477386474609e-01,7.900822907686233521e-02,2.777641713619232178e-01
5.120000000000044516e+00,8.494555721504046808e-01,4.577959568864092832e-01,2.756736860373113718e+00,-1.555306195701481042e-01,3.072334311286449848e-01,4.351955751791049543e-01,1.000000000000000000e+00,3.499999940395355225e-01,3.177025616168975830e-01,3.499999940395355225e-01,3.230917751789093018e-01,8.358941972255706787e-02,2.377596497535705566e-01
5.140000000000051195e+00,8.440840818975144932e-01,4.584565665501824094e-01,2.785841786530190767e+00,-1.757433785083832856e-01,3.092131705090333527e-01,4.267735922881736310e-01,1.000000000000000000e+00,3.499999940395355225e-01,3.115928173065185547e-01,3.499999940395355225e-01,2.979296445846557617e-01,7.892181724309921265e-02,2.003201991319656372e-01
5.160000000000057874e+00,8.385285437788074780e-01,4.598394836735535396e-01,2.803493320863261751e+00,-2.027439173907981951e-01,3.127530651458995115e-01,4.155233677538340831e-01,1.000000000000000000e+00,3.499999940395355225e-01,2.963876724243164062e-01,3.499999940395355225e-01,2.677209377288818359e-01,6.913266330957412720e-02,1.668174266815185547e-01
5.180000000000064553e+00,8.327246707764814904e-01,4.622442370456011362e-01,2.807877344895362892e+00,-2.177994579388069785e-01,3.129956419005539003e-01,4.092502258588304187e-01,1.000000000000000000e+00,3.499999940395355225e-01,2.785934805870056152e-01,3.407965302467346191e-01,2.243700027465820312e-01,6.321614980697631836e-02,1.195761039853096008e-01
5.200000000000071232e+00,8.266872660808957107e-01,4.657441764886453006e-01,2.798404680857083271e+00,-1.943058522296466639e-01,3.038174880460912664e-01,4.190392282376472211e-01,1.000000000000000000e+00,3.499999940395355225e-01,2.786104381084442139e-01,3.088797628879547119e-01,1.945044249296188354e-01,5.635606124997138977e-02,6.594903022050857544e-02
5.220000000000077911e+00,8.203356215513293304e-01,4.693866793406621385e-01,2.779257613449535036e+00,-2.512576184890576991e-01,3.169190816198914074e-01,3.953093256295592828e-01,1.000000000000000000e+00,3.499999940395355225e-01,2.550927400588989258e-01,3.397751450538635254e-01,2.013441175222396851e-01,4.133706912398338318e-02,6.332908570766448975e-02
5.240000000000084590e+00,8.132997024453589852e-01,4.740075902378734218e-01,2.744634187520308188e+00,-3.846936989023244657e-01,3.550248320823209958e-01,3.397109587906981254e-01,1.000000000000000000e+00,3.499999940395355225e-01,1.973571926355361938e-01,2.653056979179382324e-01,1.371618360280990601e-01,5.278825387358665466e-02,3.210051730275154114e-02
5.260000000000091269e+00,8.057037167506810871e-01,4.805258285201461366e-01,2.689563022104463741e+00,-3.515627139855334038e-01,3.363615329914258489e-01,3.535155358393610725e-01,1.000000000000000000e+00,3.499999940395355225e-01,1.984450817108154297e-01,2.291070669889450073e-01,8.295963704586029053e-02,4.699842259287834167e-02,-6.110830232501029968e-02
5.280000000000097948e+00,7.988075184866707534e-01,4.861210334994380267e-01,2.635871403250134470e+00,-2.840601090239932014e-01,3.158742587937518054e-01,3.816416212400028374e-01,1.000000000000000000e+00,3.499999940395355225e-01,2.520581185817718506e-01,2.853824794292449951e-01,1.206139177083969116e-01,3.521364554762840271e-02,-6.212424114346504211e-02
5.300000000000104627e+00,7.927556594895694975e-01,4.894829460298487644e-01,2.594116849806059388e+00,-3.302122235854631493e-01,3.289882203206496158e-01,3.624115735060570165e-01,1.000000000000000000e+00,3.499999940395355225e-01,1.903353631496429443e-01,3.055815994739532471e-01,1.443442851305007935e-01,1.496038958430290222e-02,1.533610094338655472e-02
5.320000000000111307e+00,7.851163292215134204e-01,4.940807535251657834e-01,2.528015568792472578e+00,-3.830101354288307780e-01,3.396770610187362371e-01,3.404124435713204999e-01,1.000000000000000000e+00,2.052675634622573853e-01,7.318198680877685547e-02,8.982479572296142578e-02,4.353834374342113733e-04,3.727500885725021362e-02,-3.379845619201660156e-02
5.340000000000117986e+00,7.759644397129503712e-01,5.010592706253470530e-01,2.429084179726693105e+00,-3.683574079822330982e-01,3.281179680707985713e-01,3.465177466740695378e-01,1.000000000000000000e+00,1.556405723094940186e-01,2.242413610219955444e-01,1.509170830249786377e-01,-3.095252322964370251e-04,-7.228211034089326859e-03,-1.150127798318862915e-01
5.360000000000124665e+00,7.692551404466184684e-01,5.075388326430655406e-01,2.347383825621918607e+00,-3.387278803361293833e-01,3.171609473203562124e-01,3.588633831932794283e-01,1.000000000000000000e+00,3.194662332534790039e-01,2.461513429880142212e-01,2.686712443828582764e-01,8.397918939590454102e-02,-5.865867063403129578e-02,-3.099841810762882233e-02
5.380000000000131344e+00,7.644214600474931176e-01,5.127974751247458274e-01,2.287204056906630534e+00,-4.297053225822205502e-01,3.507910434644241904e-01,3.209561155907414420e-01,1.000000000000000000e+00,2.695183157920837402e-01,1.575781553983688354e-01,2.355565875768661499e-01,6.863921880722045898e-02,-3.069900907576084137e-02,4.441719502210617065e-02
5.400000000000138023e+00,7.576733354657448904e-01,5.184889775499135212e-01,2.197359759597043993e+00,-5.002647666548133421e-01,3.763060249456793294e-01,2.915563472271611167e-01,1.000000000000000000e+00,-6.475990265607833862e-02,6.053690239787101746e-02,1.181739382445812225e-02,-9.370064735412597656e-02,4.435556009411811829e-03,-9.907890111207962036e-02
5.420000000000144702e+00,7.523406637027436616e-01,5.248228870809306112e-01,2.111844186120143796e+00,-5.969279254520744038e-01,4.274286378636510397e-01,2.512800310616356558e-01,1.000000000000000000e+00,2.899217605590820312e-01,2.763014137744903564e-01,2.001588344573974609e-01,4.746374487876892090e-02,9.397722780704498291e-03,-1.244342252612113953e-01
5.440000000000151381e+00,7.516903669480853312e-01,5.302148699308372182e-01,2.086706872419135106e+00,-6.381355663623117236e-01,4.540986413150842060e-01,2.341101806823701337e-01,1.000000000000000000e+00,3.499999940395355225e-01,2.048754543066024780e-01,3.499999940395355225e-01,1.945169717073440552e-01,2.585703507065773010e-02,6.821869313716888428e-02
5.460000000000158060e+00,7.495480971813121007e-01,5.344725993051971935e-01,2.048250720861941598e+00,-6.058505903137986204e-01,4.276240673453703955e-01,2.475622540359172785e-01,1.000000000000000000e+00,1.732159405946731567e-01,-2.301577851176261902e-02,2.644877508282661438e-02,-2.440374158322811127e-02,1.306640952825546265e-01,1.278569363057613373e-02
5.480000000000164739e+00,7.434744597250307896e-01,5.393803596109038034e-01,1.945639697529560008e+00,-5.743785183647313053e-01,4.066668489488609040e-01,2.606756173480286320e-01,1.000000000000000000e+00,-6.683381646871566772e-02,6.787627935409545898e-02,-1.142371632158756256e-02,-1.168079152703285217e-01,3.483492881059646606e-02,-1.779808551073074341e-01
5.500000000000171418e+00,7.407649573800587639e-01,5.463238119221845990e-01,1.857280451458268367e+00,-5.301730704447406017e-01,3.865667823088019817e-01,2.790945539813580734e-01,1.000000000000000000e+00,3.499999940395355225e-01,3.226454854011535645e-01,2.326497286558151245e-01,7.787309587001800537e-02,6.874141748994588852e-03,-1.011681854724884033e-01
5.520000000000178098e+00,7.440285094661245324e-01,5.537918459191454312e-01,1.852324594118733625e+00,-4.755271239544223150e-01,3.683258379869684962e-01,3.018636983523240169e-01,1.000000000000000000e+00,3.499999940395355225e-01,3.499999940395355225e-01,3.499999940395355225e-01,3.390192389488220215e-01,-6.721853744238615036e-03,2.116819620132446289e-01
5.540000000000184777e+00,7.481505509852530711e-01,5.593165282230292412e-01,1.876073824918317090e+00,-4.398450822714637387e-01,3.601296077661497730e-01,3.167312157202234468e-01,1.000000000000000000e+00,3.499999940395355225e-01,8.648598194122314453e-02,2.835406064987182617e-01,1.968255639076232910e-01,2.712319791316986084e-02,2.819217145442962646e-01
5.560000000000191456e+00,7.478609267282615436e-01,5.634331239000043290e-01,1.842656369676018091e+00,-4.256757823727047030e-01,3.564137843318133103e-01,3.226350906780396932e-01,1.000000000000000000e+00,9.817814081907272339e-02,7.682204246520996094e-02,8.649782836437225342e-02,4.118474572896957397e-02,6.520990282297134399e-02,9.657450765371322632e-02
5.580000000000198135e+00,7.443966636609551379e-01,5.672558302938175423e-01,1.755927644945065813e+00,-3.997921671441980740e-01,3.450054311416080322e-01,3.334199303565841266e-01,1.000000000000000000e+00,9.701524674892425537e-02,2.546068429946899414e-01,1.156507581472396851e-01,-1.827966235578060150e-02,1.542173791676759720e-02,-1.077043041586875916e-01
5.600000000000204814e+00,7.443386206822119044e-01,5.720957861358282326e-01,1.703707749649938430e+00,-3.519108828555166379e-01,3.295853595800439240e-01,3.533704654768680675e-01,1.000000000000000000e+00,3.499999940395355225e-01,3.499999940395355225e-01,3.499999940395355225e-01,2.811254858970642090e-01,-4.115155711770057678e-02,1.399783790111541748e-01
5.620000000000211493e+00,7.490219842348015966e-01,5.773762405526117192e-01,1.730026590060174785e+00,-4.157222021382443455e-01,3.629888360385670754e-01,3.267824157757315273e-01,1.000000000000000000e+00,3.499999940395355225e-01,3.499999940395355225e-01,3.499999940395355225e-01,3.499999940395355225e-01,-4.439410753548145294e-03,3.499999940395355225e-01
5.640000000000218172e+00,7.543324147970026372e-01,5.814471211899800984e-01,1.772686744235847156e+00,-4.991959371454806615e-01,4.085062183925839419e-01,2.920016928560497105e-01,1.000000000000000000e+00,3.499999940395355225e-01,8.675247430801391602e-02,3.295699954032897949e-01,2.304949015378952026e-01,3.713755682110786438e-02,3.324546515941619873e-01
5.660000000000224851e+00,7.558285604261287816e-01,5.846021679633488510e-01,1.759938685270806102e+00,-2.763000224408211358e-01,3.156258512246196135e-01,3.848749906496578554e-01,1.000000000000000000e+00,1.761002987623214722e-01,2.303350269794464111e-01,6.457646191120147705e-02,8.167852461338043213e-02,8.730725944042205811e-02,2.574375271797180176e-02
5.680000000000231530e+00,7.574528333905796718e-01,5.877154383860663245e-01,1.744097583747298952e+00,-5.388036864256719877e-02,2.627650429782506514e-01,4.775498463989303333e-01,1.000000000000000000e+00,3.499999940395355225e-01,3.499999940395355225e-01,3.499999940395355225e-01,3.189767003059387207e-01,3.156321868300437927e-02,1.056581065058708191e-01
5.700000000000238209e+00,7.628265400816683917e-01,5.911523403283015510e-01,1.784929783580023299e+00,-1.522750029777060476e-01,2.929526489202256001e-01,4.365520820926224732e-01,1.000000000000000000e+00,3.499999940395355225e-01,3.499999940395355225e-01,3.499999940395355225e-01,3.499999940395355225e-01,5.727827921509742737e-02,3.497250080108642578e-01
5.720000000000244889e+00,7.693536442862723979e-01,5.938937200576972497e-01,1.854984320791780439e+00,-2.731744561779604341e-01,3.327446118534284625e-01,3.861773099258498099e-01,1.000000000000000000e+00,3.499999940395355225e-01,3.494701087474822998e-01,3.499999940395355225e-01,3.499999940395355225e-01,5.941048264503479004e-02,3.499999940395355225e-01
5.740000000000251568e+00,7.751461699417119267e-01,5.958036783488579458e-01,1.924799645888720878e+00,-3.383316512891697547e-01,3.593366779060354066e-01,3.590284786295125929e-01,1.000000000000000000e+00,3.499999940395355225e-01,3.467368185520172119e-01,3.499999940395355225e-01,3.499999940395355225e-01,6.139586865901947021e-02,3.499999940395355225e-01
5.760000000000258247e+00,7.795786324377658172e-01,5.973557628284015264e-01,1.980334901714274620e+00,-3.528449647283383173e-01,3.688329796320343745e-01,3.529812646965256873e-01,1.000000000000000000e+00,3.499999940395355225e-01,3.499999940395355225e-01,3.499999940395355225e-01,3.499999940395355225e-01,6.733717769384384155e-02,3.499999940395355225e-01
5.780000000000264926e+00,7.829993775658569133e-01,5.988157058660519283e-01,2.023128058074879387e+00,-3.332862031238311706e-01,3.658180280643717475e-01,3.611307486984036696e-01,1.000000000000000000e+00,3.499999940395355225e-01,3.499999940395355225e-01,3.499999940395355225e-01,3.499999940395355225e-01,7.476715743541717529e-02,3.499999940395355225e-01
5.800000000000271605e+00,7.861073380813271561e-01,6.001665910104465596e-01,2.062271597393255274e+00,-2.979558776430430989e-01,3.573409081505535267e-01,3.758517176487320421e-01,1.000000000000000000e+00,3.499999940395355225e-01,3.499999940395355225e-01,3.499999940395355225e-01,3.499999940395355225e-01,7.962121814489364624e-02,3.499999940395355225e-01
5.820000000000278284e+00,7.894624144359257967e-01,6.012975216511335930e-01,2.107157915964995354e+00,-2.631935445534732687e-01,3.492793842533756798e-01,3.903360231027194760e-01,1.000000000000000000e+00,3.499999940395355225e-01,3.499999940395355225e-01,3.499999940395355225e-01,3.499999940395355225e-01,8.156444132328033447e-02,3.499999940395355225e-01
5.840000000000284963e+00,7.932412154125512149e-01,6.020876095636362724e-01,2.162891581790535867e+00,-2.399101024953398387e-01,3.450647595212872898e-01,4.000374572936084006e-01,1.000000000000000000e+00,3.499999940395355225e-01,3.499999940395355225e-01,3.499999940395355225e-01,3.499999940395355225e-01,8.133012056350708008e-02,3.499999940395355225e-01
5.860000000000291642e+00,7.972744907918030144e-01,6.024528821920563937e-01,2.229496710301516860e+00,-2.308331365022168180e-01,3.452755822586644485e-01,4.038195264574096499e-01,1.000000000000000000e+00,3.499999940395355225e-01,3.499999940395355225e-01,3.499999940395355225e-01,3.499999940395355225e-01,7.950706779956817627e-02,3.499999940395355225e-01
5.880000000000298321e+00,8.012290515276128122e-01,6.023963873379121203e-01,2.303711707672236209e+00,-2.323782865934368169e-01,3.486582326666418652e-01,4.031757139194013240e-01,1.000000000000000000e+00,3.499999940395355225e-01,3.499999940395355225e-01,3.499999940395355225e-01,3.499999940395355225e-01,7.810498028993606567e-02,3.499999940395355225e-01
5.900000000000305000e+00,8.047871193043827365e-01,6.019977537702027037e-01,2.381534604732255200e+00,-2.385650232980502938e-01,3.533120169837827285e-01,4.005979069591457109e-01,1.000000000000000000e+00,3.499999940395355225e-01,3.499999940395355225e-01,3.499999940395355225e-01,3.499999940395355225e-01,7.802973687648773193e-02,3.499999940395355225e-01
5.920000000000311680e+00,8.077361800307646389e-01,6.013441423990779633e-01,2.460002077052414471e+00,-2.444667353321442471e-01,3.575629618903503615e-01,3.981388602782732211e-01,1.000000000000000000e+00,3.499999940395355225e-01,3.499999940395355225e-01,3.499999940395355225e-01,3.499999940395355225e-01,7.873854786157608032e-02,3.499999940395355225e-01
5.940000000000318359e+00,8.099862369640795645e-01,6.004698773983500049e-01,2.537713619190568703e+00,-2.476501137276645725e-01,3.604163704050613592e-01,3.968124526134730878e-01,1.000000000000000000e+00,3.499999940395355225e-01,3.499999940395355225e-01,3.499999940395355225e-01,3.499999940395355225e-01,7.904684543609619141e-02,3.499999940395355225e-01
5.960000000000325038e+00,8.115276609000198205e-01,5.993629755337641640e-01,2.614392959890358803e+00,-2.479195959484004896e-01,3.616413699329569797e-01,3.967001683548331270e-01,1.000000000000000000e+00,3.499999940395355225e-01,3.499999940395355225e-01,3.499999940395355225e-01,3.499999940395355225e-01,7.793479412794113159e-02,3.499999940395355225e-01
5.980000000000331717e+00,8.123727959731124049e-01,5.979956858803582298e-01,2.690116378408864417e+00,-2.466870247162700203e-01,3.616417739862803349e-01,3.972137397015541582e-01,1.000000000000000000e+00,3.499999940395355225e-01,3.499999940395355225e-01,3.499999940395355225e-01,3.499999940395355225e-01,7.530863583087921143e-02,3.499999940395355225e-01
6.000000000000338396e+00,8.125152261207582161e-01,5.963522652614979824e-01,2.764737824867023352e+00,-2.460376320345540879e-01,3.611249264583517027e-01,3.974843199856024634e-01,1.000000000000000000e+00,3.499999940395355225e-01,3.499999940395355225e-01,3.499999940395355225e-01,3.499999940395355225e-01,7.202201336622238159e-02,3.499999940395355225e-01
6.020000000000345075e+00,8.119163264698897597e-01,5.944413936581219859e-01,2.837688158551053608e+00,-2.478949550443496908e-01,3.607721397372209426e-01,3.967104353981876219e-01,1.000000000000000000e+00,3.499999940395355225e-01,3.499999940395355225e-01,3.499999940395355225e-01,3.499999940395355225e-01,6.929488480091094971e-02,3.499999940395355225e-01
6.040000000000351754e+00,8.105158548341792057e-01,5.922896978601333018e-01,2.908081837589125307e+00,-2.534697112279679643e-01,3.610129820532915201e-01,3.943876203216800103e-01,1.000000000000000000e+00,3.499999940395355225e-01,3.499999940395355225e-01,3.499999940395355225e-01,3.499999940395355225e-01,6.820362061262130737e-02,3.499999940395355225e-01
6.060000000000358433e+00,8.082738130754302253e-01,5.899309331742689233e-01,2.974799500571458477e+00,-2.626534053734397856e-01,3.617984690287754379e-01,3.905610810944000755e-01,1.000000000000000000e+00,3.499999940395355225e-01,3.499999940395355225e-01,3.499999940395355225e-01,3.499999940395355225e-01,6.905507296323776245e-02,3.270883262157440186e-01
6.080000000000365112e+00,8.051796297128333002e-01,5.874624754065221888e-01,3.035929161675369858e+00,-2.773098416207915862e-01,3.637579497402280149e-01,3.844542326580034919e-01,1.000000000000000000e+00,3.499999940395355225e-01,3.443712294101715088e-01,3.499999940395355225e-01,3.499999940395355225e-01,7.070925831794738770e-02,3.029600083827972412e-01
6.100000000000371791e+00,8.011913521017037798e-01,5.851051485755259796e-01,3.088531916720906434e+00,-2.943544390453690096e-01,3.658412046150052443e-01,3.773523170644295655e-01,1.000000000000000000e+00,3.499999940395355225e-01,3.289612233638763428e-01,3.499999940395355225e-01,3.499999940395355225e-01,7.224929332733154297e-02,2.749339342117309570e-01
6.120000000000378471e+00,7.963919705075399591e-01,5.832118024381615085e-01,3.129866137017542460e+00,-3.082952294783341540e-01,3.665237885191379719e-01,3.715436543840274219e-01,1.000000000000000000e+00,3.499999940395355225e-01,3.167985081672668457e-01,3.499999940395355225e-01,3.234180808067321777e-01,7.611591368913650513e-02,2.401776909828186035e-01
6.140000000000385150e+00,7.910453736594950103e-01,5.819473564239860952e-01,3.159268547598203636e+00,-3.199435341510001862e-01,3.665190931736641011e-01,3.666901941037499224e-01,1.000000000000000000e+00,3.499999940395355225e-01,3.141754865646362305e-01,3.499999940395355225e-01,2.903434634208679199e-01,7.555713504552841187e-02,1.963732093572616577e-01
6.160000000000391829e+00,7.853400306592231983e-01,5.812757967265238523e-01,3.177595821968432599e+00,-3.348852594923064641e-01,3.677858632393410931e-01,3.604644752115389594e-01,1.000000000000000000e+00,3.499999940395355225e-01,3.065655231475830078e-01,3.499999940395355225e-01,2.633882462978363037e-01,6.331990659236907959e-02,1.591600775718688965e-01
6.180000000000398508e+00,7.791718340354346628e-01,5.811512564338535691e-01,3.184808378566115206e+00,-3.584643610196545649e-01,3.719202685836520139e-01,3.506398495751439359e-01,1.000000000000000000e+00,3.499999940395355225e-01,2.897771298885345459e-01,3.499999940395355225e-01,2.369668334722518921e-01,5.180137231945991516e-02,1.299025118350982666e-01
6.200000000000405187e+00,7.721603748023363467e-01,5.820192066431045808e-01,3.177009381353250728e+00,-3.700536861257542887e-01,3.713743632148288065e-01,3.458109641142690371e-01,1.000000000000000000e+00,3.499999940395355225e-01,2.645957767963409424e-01,3.106657564640045166e-01,1.962016224861145020e-01,5.054807290434837341e-02,8.987933397293090820e-02
6.220000000000411866e+00,7.642489550639742779e-01,5.839299247398627157e-01,3.152177000367153870e+00,-3.529766110601803009e-01,3.613719815570216043e-01,3.529264120582581987e-01,1.000000000000000000e+00,3.499999940395355225e-01,2.463921904563903809e-01,2.964739799499511719e-01,1.669624596834182739e-01,4.807590320706367493e-02,3.793697059154510498e-02
6.240000000000418545e+00,7.561004590440043582e-01,5.857819291930882466e-01,3.117963082169564970e+00,-3.881804434949667759e-01,3.711951133797736224e-01,3.382581485437638480e-01,1.000000000000000000e+00,3.499999940395355225e-01,2.427246421575546265e-01,3.080056607723236084e-01,1.630640178918838501e-01,4.190703481435775757e-02,7.764606270939111710e-03
6.260000000000425224e+00,7.480472471028675185e-01,5.871838787838491447e-01,3.079141155492810977e+00,-4.586413324267724634e-01,3.925044770132000704e-01,3.088994448221781264e-01,1.000000000000000000e+00,3.499999940395355225e-01,2.129636555910110474e-01,2.923687696456909180e-01,1.494191139936447144e-01,3.892384096980094910e-02,7.153796497732400894e-03
6.280000000000431903e+00,7.391854563929597388e-01,5.895230361832509702e-01,3.026402867155922660e+00,-4.363357562551719582e-01,3.751171387140462277e-01,3.181934348936783508e-01,1.000000000000000000e+00,3.499999940395355225e-01,1.677684783935546875e-01,2.191446572542190552e-01,8.567855507135391235e-02,3.828878328204154968e-02,-3.139751777052879333e-02
6.300000000000438583e+00,7.294182358004736022e-01,5.927355307272220708e-01,2.956348012655708679e+00,-3.430457749669496015e-01,3.392415302587457604e-01,3.570642604304376522e-01,1.000000000000000000e+00,3.076391816139221191e-01,2.104258835315704346e-01,2.123680114746093750e-01,5.309298262000083923e-02,2.815009839832782745e-02,-8.905386924743652344e-02
6.320000000000445262e+00,7.216295416332116908e-01,5.951295828506100172e-01,2.899317624933924087e+00,-4.634146882883527496e-01,3.888347858725251793e-01,3.069105465465196692e-01,1.000000000000000000e+00,3.499999940395355225e-01,2.621013224124908447e-01,2.875395119190216064e-01,1.097525358200073242e-01,-1.555046439170837402e-02,-3.827050700783729553e-02
6.340000000000451941e+00,7.149038603674910952e-01,5.973638041929454356e-01,2.850826544048506772e+00,-5.780646043600335959e-01,4.400348160543252063e-01,2.591397481833193073e-01,1.000000000000000000e+00,3.499999940395355225e-01,1.262144446372985840e-01,2.062970101833343506e-01,6.948768347501754761e-02,-7.092991378158330917e-03,3.681994974613189697e-02
6.360000000000458620e+00,7.055514706475075615e-01,6.004109859008186501e-01,2.768233765650219169e+00,-5.075663087610672308e-01,3.903469582274536331e-01,2.885140380162219964e-01,1.000000000000000000e+00,-2.924414724111557007e-02,6.843250244855880737e-02,2.022265270352363586e-02,-9.134437143802642822e-02,1.951485755853354931e-03,-1.096083149313926697e-01
6.380000000000465299e+00,6.962861246416547356e-01,6.037004697759397187e-01,2.675283824958599066e+00,-4.744536774434922610e-01,3.757839246272333678e-01,3.023109677318782107e-01,1.000000000000000000e+00,2.828327119350433350e-01,2.950609028339385986e-01,1.943594813346862793e-01,4.421396180987358093e-02,2.982279518619179726e-03,-1.244297996163368225e-01
6.400000000000471978e+00,6.908084659832779417e-01,6.065397411237469782e-01,2.621792862923732148e+00,-6.195695880425449165e-01,4.571566568099466044e-01,2.418460049822729052e-01,1.000000000000000000e+00,3.499999940395355225e-01,1.897121220827102661e-01,3.486056029796600342e-01,1.484139859676361084e-01,-4.137472435832023621e-02,4.827345162630081177e-02
6.420000000000478657e+00,6.847037496463524997e-01,6.087676432890806177e-01,2.557102899254123596e+00,-5.883470190926741727e-01,4.229964835324345751e-01,2.548554087113857336e-01,1.000000000000000000e+00,1.880410760641098022e-01,7.712320983409881592e-02,6.041327491402626038e-02,-1.102406438440084457e-02,5.761218070983886719e-02,-1.685339212417602539e-02
6.440000000000485336e+00,6.756430099606827167e-01,6.112131738501329625e-01,2.444312547347415432e+00,-2.838603666208698306e-01,2.910557746499684018e-01,3.817248472413042326e-01,1.000000000000000000e+00,6.527670472860336304e-02,1.656848341226577759e-01,8.793783187866210938e-02,-5.245902389287948608e-02,-3.755540587007999420e-03,-1.359631568193435669e-01
6.460000000000492015e+00,6.696400057764341218e-01,6.164785175324341004e-01,2.360233634821195192e+00,-3.443552486749788533e-01,3.211616128298108719e-01,3.565186463854254639e-01,1.000000000000000000e+00,3.499999940395355225e-01,2.990218102931976318e-01,2.387623339891433716e-01,7.427126169204711914e-02,-2.397930249571800232e-02,-8.216677606105804443e-02
6.480000000000498694e+00,6.693911072738375490e-01,6.235944542255658085e-01,2.361929334254649682e+00,-6.505898441479358585e-01,4.899604655684867693e-01,2.289208982716933738e-01,1.000000000000000000e+00,3.499999940395355225e-01,3.454530239105224609e-01,3.499999940395355225e-01,2.998029589653015137e-01,-4.249265883117914200e-03,2.010936439037322998e-01
6.500000000000505374e+00,6.692771442086173916e-01,6.287772906414778040e-01,2.368203074692657673e+00,-6.915918655219358557e-01,5.151550040852598267e-01,2.118367226991933749e-01,1.000000000000000000e+00,2.653520703315734863e-01,-6.018062680959701538e-02,1.621744781732559204e-01,9.608061611652374268e-02,4.760102927684783936e-02,2.305767685174942017e-01
6.520000000000512053e+00,6.647590857913802109e-01,6.319290103104128198e-01,2.306381704249040432e+00,-5.096099923703530932e-01,3.869331042546023114e-01,2.876625031790195353e-01,1.000000000000000000e+00,-8.958551287651062012e-02,-7.647600956261157990e-03,-3.899760078638792038e-03,-8.066513389348983765e-02,3.428501263260841370e-02,-3.705656155943870544e-02
6.540000000000518732e+00,6.608260404376532504e-01,6.360629970858536764e-01,2.240346727599165977e+00,-3.744925878378862483e-01,3.379930569245583327e-01,3.439614217342140678e-01,1.000000000000000000e+00,3.499999940395355225e-01,3.489981293678283691e-01,2.918917536735534668e-01,1.143097653985023499e-01,1.028932910412549973e-02,-4.988329857587814331e-02
6.560000000000525411e+00,6.607675919215474369e-01,6.418829924547037047e-01,2.233179174524937416e+00,-5.412702902257549020e-01,4.270625831057766053e-01,2.744707124059354575e-01,1.000000000000000000e+00,3.499999940395355225e-01,3.499999940395355225e-01,3.499999940395355225e-01,3.416909277439117432e-01,1.914580538868904114e-02,1.684086173772811890e-01
6.580000000000532090e+00,6.616471570684721026e-01,6.468459198662097620e-01,2.243752608345253918e+00,-6.779384964592761742e-01,5.278144389250258861e-01,2.175256264753016311e-01,1.000000000000000000e+00,3.499999940395355225e-01,1.963064819574356079e-01,3.395144641399383545e-01,2.341294586658477783e-01,5.295934900641441345e-02,2.652961611747741699e-01
6.600000000000538769e+00,6.595349161893125922e-01,6.498851902963609373e-01,2.204151429092160885e+00,-6.047699140009321628e-01,4.639992259452013212e-01,2.480125358329449137e-01,1.000000000000000000e+00,1.730134040117263794e-01,2.166026681661605835e-01,7.435982674360275269e-02,4.820495471358299255e-02,8.093431591987609863e-02,3.033242747187614441e-02
6.620000000000545448e+00,6.577600141800716838e-01,6.535784967601846462e-01,2.160070531053982279e+00,-4.742418333368263461e-01,3.931654751790787383e-01,3.023992361096556891e-01,1.000000000000000000e+00,3.499999940395355225e-01,3.499999940395355225e-01,3.499999940395355225e-01,2.611743509769439697e-01,3.707174956798553467e-02,5.991036444902420044e-02
6.640000000000552127e+00,6.594138202696468998e-01,6.592908010452437351e-01,2.168499097922582664e+00,-4.480099525741212951e-01,3.917815062140226900e-01,3.133291864274494465e-01,1.000000000000000000e+00,3.499999940395355225e-01,3.499999940395355225e-01,3.499999940395355225e-01,3.499999940395355225e-01,1.681396178901195526e-02,3.179953694343566895e-01
6.660000000000558806e+00,6.619924610640516294e-01,6.647773769299566426e-01,2.192421842413208921e+00,-5.532155085940606565e-01,4.579819091336128634e-01,2.694935380858080598e-01,1.000000000000000000e+00,3.499999940395355225e-01,2.290239185094833374e-01,3.499999940395355225e-01,3.198504745960235596e-01,2.311737276613712311e-02,3.499999940395355225e-01
6.680000000000565485e+00,6.636736368027759125e-01,6.694131664373236257e-01,2.194080682458595444e+00,-5.068665834497599887e-01,4.306518500386369852e-01,2.888055902292666621e-01,1.000000000000000000e+00,3.382554948329925537e-01,2.682177424430847168e-01,2.202040702104568481e-01,1.826841086149215698e-01,4.906920716166496277e-02,1.509864926338195801e-01
6.700000000000572165e+00,6.657400053018879271e-01,6.739366808500110162e-01,2.199699772551304999e+00,-4.180374586095014777e-01,3.915973261459670396e-01,3.258177255793743843e-01,1.000000000000000000e+00,3.499999940395355225e-01,3.499999940395355225e-01,3.499999940395355225e-01,3.499999940395355225e-01,3.840354084968566895e-02,2.064587473869323730e-01
6.720000000000578844e+00,6.687957314676117315e-01,6.786301602736769523e-01,2.234815857109120341e+00,-3.314619637181011602e-01,3.633682676705988768e-01,3.618908484507911694e-01,1.000000000000000000e+00,3.499999940395355225e-01,3.499999940395355225e-01,3.499999940395355225e-01,3.499999940395355225e-01,5.825711041688919067e-02,3.499999940395355225e-01
6.740000000000585523e+00,6.723012525049733012e-01,6.828470641141296538e-01,2.285801530575663598e+00,-2.867106209634655012e-01,3.540662661070014261e-01,3.805372412652227032e-01,1.000000000000000000e+00,3.499999940395355225e-01,3.499999940395355225e-01,3.499999940395355225e-01,3.499999940395355225e-01,4.504833370447158813e-02,3.499999940395355225e-01
6.760000000000592202e+00,6.759019997663605617e-01,6.864980875451353048e-01,2.339603109244331236e+00,-2.850166417475433756e-01,3.586435986554735722e-01,3.812430659385235843e-01,1.000000000000000000e+00,3.499999940395355225e-01,3.499999940395355225e-01,3.499999940395355225e-01,3.499999940395355225e-01,4.698475822806358337e-02,3.499999940395355225e-01
6.780000000000598881e+00,6.793552787689960404e-01,6.897898720230620784e-01,2.390499936777831902e+00,-3.024333147775387642e-01,3.687495375696813182e-01,3.739861188426921723e-01,1.000000000000000000e+00,3.499999940395355225e-01,3.499999940395355225e-01,3.499999940395355225e-01,3.499999940395355225e-01,6.338749825954437256e-02,3.499999940395355225e-01
6.800000000000605560e+00,6.826471793942658906e-01,6.928442732071750099e-01,2.439346973300374977e+00,-3.158781894858382899e-01,3.770516007989154206e-01,3.683840877142340320e-01,1.000000000000000000e+00,3.499999940395355225e-01,3.499999940395355225e-01,3.499999940395355225e-01,3.499999940395355225e-01,7.802925258874893188e-02,3.499999940395355225e-01
6.820000000000612239e+00,6.858862441715198877e-01,6.956587154285819308e-01,2.490021348778746813e+00,-3.152722391517666645e-01,3.800882994037659834e-01,3.686365670200972278e-01,1.000000000000000000e+00,3.499999940395355225e-01,3.499999940395355225e-01,3.499999940395355225e-01,3.499999940395355225e-01,8.504571020603179932e-02,3.499999940395355225e-01
6.840000000000618918e+00,6.891718839542702035e-01,6.981640721537974992e-01,2.546214169166249430e+00,-3.013915335266141304e-01,3.782842340761213284e-01,3.744201943639107744e-01,1.000000000000000000e+00,3.499999940395355225e-01,3.499999940395355225e-01,3.499999940395355225e-01,3.499999940395355225e-01,8.591426908969879150e-02,3.499999940395355225e-01
6.860000000000625597e+00,6.925363898833803988e-01,7.002695094534957532e-01,2.609588440008108634e+00,-2.806676533610856783e-01,3.741273794651193696e-01,3.830551444328809674e-01,1.000000000000000000e+00,3.499999940395355225e-01,3.499999940395355225e-01,3.499999940395355225e-01,3.499999940395355225e-01,8.203887194395065308e-02,3.499999940395355225e-01
6.880000000000632276e+00,6.959171648690740675e-01,7.019099029472749551e-01,2.679563229709873262e+00,-2.606512160985974269e-01,3.701920884494184216e-01,3.913953266255844055e-01,1.000000000000000000e+00,3.499999940395355225e-01,3.499999940395355225e-01,3.499999940395355225e-01,3.499999940395355225e-01,7.675446569919586182e-02,3.499999940395355225e-01
6.900000000000638956e+00,6.991732630464067011e-01,7.030685925267362579e-01,2.754243649222817059e+00,-2.466211327822901145e-01,3.679967033915443886e-01,3.972411946740457833e-01,1.000000000000000000e+00,3.499999940395355225e-01,3.499999940395355225e-01,3.499999940395355225e-01,3.499999940395355225e-01,7.414653152227401733e-02,3.499999940395355225e-01
6.920000000000645635e+00,7.021274616314180372e-01,7.037551919009884527e-01,2.831547452658860209e+00,-2.400879845824519521e-01,3.678076252450096506e-01,3.999633397573116866e-01,1.000000000000000000e+00,3.499999940395355225e-01,3.499999940395355225e-01,3.499999940395355225e-01,3.499999940395355225e-01,7.507962733507156372e-02,3.499999940395355225e-01
6.940000000000652314e+00,7.046277963273299694e-01,7.039618187807349381e-01,2.909853688634560509e+00,-2.395191701203928103e-01,3.690287137886782975e-01,4.002003457831696531e-01,1.000000000000000000e+00,3.499999940395355225e-01,3.499999940395355225e-01,3.499999940395355225e-01,3.499999940395355225e-01,7.730848342180252075e-02,3.499999940395355225e-01
6.960000000000658993e+00,7.065793074418819097e-01,7.036578247453647572e-01,2.988093789600152927e+00,-2.422837422321590384e-01,3.707770636983441781e-01,3.990484407366003961e-01,1.000000000000000000e+00,3.499999940395355225e-01,3.499999940395355225e-01,3.499999940395355225e-01,3.499999940395355225e-01,7.782790064811706543e-02,3.499999940395355225e-01
6.980000000000665672e+00,7.079365799608294818e-01,7.028136274347721590e-01,3.065511307297705823e+00,-2.462315317264366088e-01,3.723300610391738763e-01,3.974035284473180774e-01,1.000000000000000000e+00,3.499999940395355225e-01,3.499999940395355225e-01,3.499999940395355225e-01,3.499999940395355225e-01,7.533486932516098022e-02,3.499999940395355225e-01
7.000000000000672351e+00,7.086790322570611922e-01,7.014197216508831767e-01,3.141415555842641538e+00,-2.503639457249779432e-01,3.733297683820716029e-01,3.956816892812591857e-01,1.000000000000000000e+00,3.499999940395355225e-01,3.499999940395355225e-01,3.499999940395355225e-01,3.499999940395355225e-01,7.076141238212585449e-02,3.499999940395355225e-01
7.020000000000679030e+00,7.087842918197890807e-01,6.994878096444258064e-01,3.215069228103045518e+00,-2.547686415306492091e-01,3.737767270250300644e-01,3.938463993622294823e-01,1.000000000000000000e+00,3.499999940395355225e-01,3.499999940395355225e-01,3.499999940395355225e-01,3.499999940395355225e-01,6.610552966594696045e-02,3.499999940395355225e-01
7.040000000000685709e+00,7.082182816330899744e-01,6.970379590643412948e-01,3.285704602999441004e+00,-2.601141696385922963e-01,3.738677974311302998e-01,3.916190959839198626e-01,1.000000000000000000e+00,3.499999940395355225e-01,3.499999940395355225e-01,3.499999940395355225e-01,3.499999940395355225e-01,6.327872723340988159e-02,3.479796051979064941e-01
7.060000000000692388e+00,7.069575881077213575e-01,6.940940587238916271e-01,3.352454578796639328e+00,-2.672575282673353425e-01,3.738904350390507281e-01,3.886426965552769452e-01,1.000000000000000000e+00,3.499999940395355225e-01,3.499999940395355225e-01,3.499999940395355225e-01,3.499999940395355225e-01,6.329937279224395752e-02,3.255614340305328369e-01
7.080000000000699067e+00,7.050205897889171291e-01,6.906985703924769515e-01,3.414269445174547890e+00,-2.797936087214725753e-01,3.751468050046380953e-01,3.834193296993864131e-01,1.000000000000000000e+00,3.499999940395355225e-01,3.499999940395355225e-01,3.499999940395355225e-01,3.499999940395355225e-01,6.502766162157058716e-02,3.006726205348968506e-01
7.100000000000705747e+00,7.022283497678261099e-01,6.870576870555206161e-01,3.467856195994233115e+00,-2.927144181092803388e-01,3.758493786835870876e-01,3.780356591211331829e-01,1.000000000000000000e+00,3.499999940395355225e-01,3.290811777114868164e-01,3.499999940395355225e-01,3.499999940395355225e-01,6.445647031068801880e-02,2.756026387214660645e-01
7.120000000000712426e+00,6.984477703834662821e-01,6.835830126917675775e-01,3.509631961390179189e+00,-3.049844316945353184e-01,3.760578313916510540e-01,3.729231534606102794e-01,1.000000000000000000e+00,3.499999940395355225e-01,3.178180754184722900e-01,3.499999940395355225e-01,3.201555609703063965e-01,7.036204636096954346e-02,2.364559024572372437e-01
7.140000000000719105e+00,6.939770243505563041e-01,6.804544834889781901e-01,3.539892823426094459e+00,-3.206716218437380417e-01,3.774603195027496638e-01,3.663868242317758206e-01,1.000000000000000000e+00,3.499999940395355225e-01,3.220272958278656006e-01,3.499999940395355225e-01,2.901631891727447510e-01,6.989003717899322510e-02,1.908674836158752441e-01
7.160000000000725784e+00,6.890174062215468354e-01,6.776473034610669410e-01,3.559768681616610753e+00,-3.373175887543504725e-01,3.790651005413645525e-01,3.594510046856873031e-01,1.000000000000000000e+00,3.499999940395355225e-01,3.106983602046966553e-01,3.499999940395355225e-01,2.704058587551116943e-01,5.463405326008796692e-02,1.641483902931213379e-01
7.180000000000732463e+00,6.832832193556561684e-01,6.752054706284725816e-01,3.567393076888558667e+00,-3.482256248641904528e-01,3.784555055640014820e-01,3.549059896399206493e-01,1.000000000000000000e+00,3.499999940395355225e-01,2.842534482479095459e-01,3.499999940395355225e-01,2.374085336923599243e-01,4.649268463253974915e-02,1.377505809068679810e-01
7.200000000000739142e+00,6.760546838999446084e-01,6.737362596930441816e-01,3.556755184851875029e+00,-3.467727659309815524e-01,3.736786090034442398e-01,3.555113475287576819e-01,1.000000000000000000e+00,3.499999940395355225e-01,2.633017003536224365e-01,2.890912592411041260e-01,1.802207678556442261e-01,4.897133633494377136e-02,7.447778433561325073e-02
7.220000000000745821e+00,6.682850775487305661e-01,6.725727218025728815e-01,3.533687456220772738e+00,-3.777800497743824537e-01,3.813264054666954950e-01,3.425916459273406489e-01,1.000000000000000000e+00,3.499999940395355225e-01,2.806021273136138916e-01,3.195766806602478027e-01,1.869596987962722778e-01,3.704079985618591309e-02,3.187935054302215576e-02
7.240000000000752500e+00,6.610824315306934595e-01,6.705216871121274513e-01,3.507999667975280289e+00,-4.166112443457390957e-01,3.900456123274116949e-01,3.264119815226086962e-01,1.000000000000000000e+00,3.499999940395355225e-01,2.376426905393600464e-01,3.388889431953430176e-01,1.989310532808303833e-01,2.809986844658851624e-02,6.412731111049652100e-02
7.260000000000759179e+00,6.522364249728642704e-01,6.691656996476261776e-01,3.464187421503987618e+00,-3.852463010576541169e-01,3.714441029189723964e-01,3.394807078926441180e-01,1.000000000000000000e+00,3.499999940395355225e-01,1.517955362796783447e-01,1.913626044988632202e-01,8.329065144062042236e-02,4.652334377169609070e-02,6.565626244992017746e-03
7.280000000000765858e+00,6.412534784085769379e-01,6.691113791170623104e-01,3.395632566831316090e+00,-3.561128647917333190e-01,3.588940658015975504e-01,3.516196396701111171e-01,1.000000000000000000e+00,3.249370753765106201e-01,2.273271381855010986e-01,2.014855295419692993e-01,5.443516373634338379e-02,3.388322144746780396e-02,-9.989821910858154297e-02
7.300000000000772538e+00,6.328925315809001972e-01,6.684573733725457378e-01,3.340281043128736194e+00,-4.577825429484505548e-01,3.967006253164213070e-01,3.092572737714789355e-01,1.000000000000000000e+00,3.499999940395355225e-01,2.733379602432250977e-01,3.170343041419982910e-01,1.484153568744659424e-01,5.741178174503147602e-04,-2.748350240290164948e-02
7.320000000000779217e+00,6.264707104050051267e-01,6.670446922009353186e-01,3.297720946598950764e+00,-4.653460411760301230e-01,3.896591441456809246e-01,3.061058161766541108e-01,1.000000000000000000e+00,3.499999940395355225e-01,1.450661420822143555e-01,2.591570615768432617e-01,1.202728524804115295e-01,5.452857818454504013e-03,6.727562844753265381e-02
7.340000000000785896e+00,6.173078869879219388e-01,6.655578473296034359e-01,3.223980320642979791e+00,-3.788375809219455825e-01,3.479764563776068242e-01,3.421510079491893452e-01,1.000000000000000000e+00,1.019733995199203491e-01,6.745874881744384766e-02,3.812417387962341309e-02,-4.490929469466209412e-02,2.533824928104877472e-02,-7.060048729181289673e-02
7.360000000000792575e+00,6.064699071630633709e-01,6.646306729438217209e-01,3.126567759540210822e+00,-4.141000701623920865e-01,3.605753290990295068e-01,3.274583040990032834e-01,1.000000000000000000e+00,2.509666383266448975e-01,2.752939760684967041e-01,1.750421375036239624e-01,2.597359009087085724e-02,-5.572048481553792953e-03,-1.229841262102127075e-01
7.380000000000799254e+00,5.987281984072109209e-01,6.652373958869747250e-01,3.060821690828156250e+00,-5.036272262037976288e-01,3.975265712026335163e-01,2.901553224150842936e-01,1.000000000000000000e+00,3.499999940395355225e-01,2.265277951955795288e-01,3.112838566303253174e-01,1.184873282909393311e-01,-6.300686299800872803e-02,1.480973325669765472e-02
7.400000000000805933e+00,5.911538851593475252e-01,6.655771133811213547e-01,2.992013420249056477e+00,-3.761708260664629044e-01,3.374371006242911086e-01,3.432621558056404565e-01,1.000000000000000000e+00,2.036527544260025024e-01,1.134651824831962585e-01,1.193503439426422119e-01,1.408391166478395462e-02,-4.416607785969972610e-03,7.648403290659189224e-03
7.420000000000812612e+00,5.807769992115564550e-01,6.648798335638125279e-01,2.875137410020985218e+00,-2.288944287150787016e-01,2.918916963016318644e-01,4.046273213687172077e-01,1.000000000000000000e+00,2.906391024589538574e-02,1.486526131629943848e-01,9.653841704130172729e-02,-5.860263854265213013e-02,-3.361690789461135864e-02,-1.060071587562561035e-01
7.440000000000819291e+00,5.723219247107290686e-01,6.671555044583862282e-01,2.780834272693432307e+00,-4.362148314224272849e-01,3.691942589292889765e-01,3.182438202406552841e-01,1.000000000000000000e+00,3.061698675155639648e-01,3.027960360050201416e-01,2.100009918212890625e-01,5.527174100279808044e-02,-1.470064558088779449e-02,-1.051379740238189697e-01
7.460000000000825970e+00,5.689470783084625838e-01,6.728872854745026055e-01,2.771903517962761132e+00,-5.693997942635949938e-01,4.392641780966798359e-01,2.627500857235020582e-01,1.000000000000000000e+00,3.499999940395355225e-01,3.166879415512084961e-01,3.499999940395355225e-01,2.684915959835052490e-01,1.706411689519882202e-02,1.355933547019958496e-01
7.480000000000832650e+00,5.666452462271566182e-01,6.773217255447999685e-01,2.773553857731861694e+00,-4.616092625653487325e-01,3.768586238841954983e-01,3.076628072644380096e-01,1.000000000000000000e+00,2.908237278461456299e-01,-8.635075390338897705e-02,1.260276585817337036e-01,5.375566706061363220e-02,8.551049977540969849e-02,1.701139062643051147e-01
7.500000000000839329e+00,5.610222120380863320e-01,6.786905164727820017e-01,2.711675247716843984e+00,-2.641662770700500817e-01,3.057149139876272348e-01,3.899307178874791280e-01,1.000000000000000000e+00,-1.014412119984626770e-01,-1.044594496488571167e-02,-6.594030559062957764e-02,-1.287911832332611084e-01,6.742943823337554932e-02,-1.252268105745315552e-01
7.520000000000846008e+00,5.556988526952620910e-01,6.809598150058916444e-01,2.647251703380162358e+00,-4.139682248392715924e-01,3.650994074309490967e-01,3.275132396503034893e-01,1.000000000000000000e+00,3.499999940395355225e-01,3.374975025653839111e-01,2.904238998889923096e-01,1.197520196437835693e-01,2.633544988930225372e-02,-6.200428307056427002e-02
7.540000000000852687e+00,5.533747706622507145e-01,6.858289188590610541e-01,2.641494696559460120e+00,-5.253856156287578516e-01,4.212764347892987149e-01,2.810893268213509044e-01,1.000000000000000000e+00,3.499999940395355225e-01,3.499999940395355225e-01,3.499999940395355225e-01,3.499999940395355225e-01,4.703736398369073868e-03,2.068225890398025513e-01
7.560000000000859366e+00,5.521246762729310475e-01,6.902024061203041461e-01,2.649509554164380720e+00,-4.856246704757594124e-01,3.994657349760987741e-01,2.976563873017669115e-01,1.000000000000000000e+00,3.499999940395355225e-01,1.949711740016937256e-01,3.336298763751983643e-01,2.320457994937896729e-01,2.068139985203742981e-02,2.720150947570800781e-01
7.580000000000866045e+00,5.486982216431557369e-01,6.921050517377088651e-01,2.608737806684078731e+00,-3.124471596017099895e-01,3.290286467215320920e-01,3.698136834992875044e-01,1.000000000000000000e+00,2.343291491270065308e-01,2.282085418701171875e-01,1.355319470167160034e-01,9.343758225440979004e-02,3.984002396464347839e-02,7.738700509071350098e-02
7.600000000000872724e+00,5.449844167805446560e-01,6.948473602076982170e-01,2.556928987748053661e+00,-3.966841832525579425e-01,3.676519013115161494e-01,3.347149236447675147e-01,1.000000000000000000e+00,3.499999940395355225e-01,3.499999940395355225e-01,3.139117360115051270e-01,1.526092290878295898e-01,-1.602233503945171833e-03,-2.433530753478407860e-03
7.620000000000879403e+00,5.436397093064820885e-01,7.003801587724253208e-01,2.548925852172500228e+00,-4.573098715774361334e-01,3.985868863321968547e-01,3.094542201760682731e-01,1.000000000000000000e+00,3.499999940395355225e-01,3.499999940395355225e-01,3.499999940395355225e-01,3.499999940395355225e-01,-6.192161235958337784e-03,2.253593355417251587e-01
7.640000000000886082e+00,5.435431706969988674e-01,7.060450687862730446e-01,2.565401414489349552e+00,-4.230746159428833697e-01,3.859764171827834711e-01,3.237189100237986006e-01,1.000000000000000000e+00,3.499999940395355225e-01,2.682566046714782715e-01,3.499999940395355225e-01,3.439553976058959961e-01,2.635865844786167145e-02,3.499999940395355225e-01
7.660000000000892761e+00,5.429006443375902213e-01,7.104215230597269448e-01,2.560601095015105244e+00,-3.139971412259303096e-01,3.454775452191749530e-01,3.691678578225290330e-01,1.000000000000000000e+00,3.499999940395355225e-01,1.970195472240447998e-01,2.560558617115020752e-01,1.743336915969848633e-01,6.627195328474044800e-02,2.007520049810409546e-01
7.680000000000899441e+00,5.424129102899357679e-01,7.148379979897926395e-01,2.554177826517005201e+00,-3.527189339148029679e-01,3.667912124438120203e-01,3.530337775354987495e-01,1.000000000000000000e+00,3.499999940395355225e-01,3.499999940395355225e-01,3.499999940395355225e-01,3.003478646278381348e-01,6.664010137319564819e-02,1.067795231938362122e-01
7.700000000000906120e+00,5.429518114260545314e-01,7.202152384786756345e-01,2.578319879719805474e+00,-3.747241608700456195e-01,3.816028439287578178e-01,3.438649329708143298e-01,1.000000000000000000e+00,3.499999940395355225e-01,3.499999940395355225e-01,3.499999940395355225e-01,3.499999940395355225e-01,5.841745436191558838e-02,2.927475273609161377e-01
7.720000000000912799e+00,5.442680529624909225e-01,7.256732276547258609e-01,2.622100268257828048e+00,-3.681564245318114659e-01,3.840641740581022257e-01,3.466014897784118753e-01,1.000000000000000000e+00,3.499999940395355225e-01,3.499999940395355225e-01,3.499999940395355225e-01,3.499999940395355225e-01,3.757930919528007507e-02,3.499999940395355225e-01
7.740000000000919478e+00,5.459785627067521574e-01,7.307304072207995160e-01,2.670318252589521268e+00,-3.400333649365331889e-01,3.770195652548071763e-01,3.583194312764445000e-01,1.000000000000000000e+00,3.499999940395355225e-01,3.496793508529663086e-01,3.499999940395355225e-01,3.499999940395355225e-01,2.178820781409740448e-02,3.499999940395355225e-01
7.760000000000926157e+00,5.477011071711049839e-01,7.353769303185621053e-01,2.715278418130919746e+00,-3.037387588332047805e-01,3.674003969648869106e-01,3.734421838194980081e-01,1.000000000000000000e+00,3.499999940395355225e-01,3.499999940395355225e-01,3.499999940395355225e-01,3.499999940395355225e-01,3.701404482126235962e-02,3.499999940395355225e-01
7.780000000000932836e+00,5.493184918461113675e-01,7.397116391514305667e-01,2.757661389426065313e+00,-2.728955398271311616e-01,3.605811419744587298e-01,3.862935250720286873e-01,1.000000000000000000e+00,3.499999940395355225e-01,3.499999940395355225e-01,3.499999940395355225e-01,3.499999940395355225e-01,6.324048340320587158e-02,3.499999940395355225e-01
7.800000000000939515e+00,5.509361303782953634e-01,7.438138723976347455e-01,2.802203931421590966e+00,-2.554083066698179527e-01,3.588324960469676528e-01,3.935798722209091771e-01,1.000000000000000000e+00,3.499999940395355225e-01,3.499999940395355225e-01,3.499999940395355225e-01,3.499999940395355225e-01,8.654590696096420288e-02,3.499999940395355225e-01
7.820000000000946194e+00,5.527416404984940579e-01,7.477027757179554035e-01,2.853325851395978496e+00,-2.499843892126162037e-01,3.611429885159230802e-01,3.958398378280765795e-01,1.000000000000000000e+00,3.499999940395355225e-01,3.499999940395355225e-01,3.499999940395355225e-01,3.499999940395355225e-01,9.291499108076095581e-02,3.499999940395355225e-01
7.840000000000952873e+00,5.548667630441872500e-01,7.513297974945608582e-01,2.912763288494874647e+00,-2.499877748621815721e-01,3.649098788246235014e-01,3.958384271407576760e-01,1.000000000000000000e+00,3.499999940395355225e-01,3.499999940395355225e-01,3.499999940395355225e-01,3.499999940395355225e-01,8.837556093931198120e-02,3.499999940395355225e-01
7.860000000000959552e+00,5.572998753581683840e-01,7.546054972431978092e-01,2.979562473649614240e+00,-2.488312349488105146e-01,3.677429497403619241e-01,3.963203187713289499e-01,1.000000000000000000e+00,3.499999940395355225e-01,3.499999940395355225e-01,3.499999940395355225e-01,3.499999940395355225e-01,7.720895111560821533e-02,3.499999940395355225e-01
7.880000000000966232e+00,5.598923647113519531e-01,7.574412163847880075e-01,3.051439639809408355e+00,-2.436156887194741438e-01,3.686970334593433485e-01,3.984934630335524308e-01,1.000000000000000000e+00,3.499999940395355225e-01,3.499999940395355225e-01,3.499999940395355225e-01,3.499999940395355225e-01,6.872295588254928589e-02,3.499999940395355225e-01
7.900000000000972911e+00,5.624435106498829606e-01,7.597721637232633940e-01,3.126304907496226804e+00,-2.352819704898849174e-01,3.682436008389682325e-01,4.019658456292146131e-01,1.000000000000000000e+00,3.499999940395355225e-01,3.499999940395355225e-01,3.499999940395355225e-01,3.499999940395355225e-01,6.792061030864715576e-02,3.499999940395355225e-01
7.920000000000979590e+00,5.647890502355629172e-01,7.615448107039294312e-01,3.202916870683353956e+00,-2.268326501962352471e-01,3.674638900222572113e-01,4.054863957515686401e-01,1.000000000000000000e+00,3.499999940395355225e-01,3.499999940395355225e-01,3.499999940395355225e-01,3.499999940395355225e-01,7.277007400989532471e-02,3.499999940395355225e-01
7.940000000000986269e+00,5.668465384218026593e-01,7.626809501144787840e-01,3.280678276647224667e+00,-2.212074769271046570e-01,3.672407241343825790e-01,4.078302179470397193e-01,1.000000000000000000e+00,3.499999940395355225e-01,3.499999940395355225e-01,3.499999940395355225e-01,3.499999940395355225e-01,7.797002047300338745e-02,3.499999940395355225e-01
7.960000000000992948e+00,5.686015681604610350e-01,7.631026284891285760e-01,3.359104161742698658e+00,-2.197434998169205678e-01,3.678342102732349850e-01,4.084402084096164232e-01,1.000000000000000000e+00,3.499999940395355225e-01,3.499999940395355225e-01,3.499999940395355225e-01,3.499999940395355225e-01,7.863984256982803345e-02,3.499999940395355225e-01
7.980000000000999627e+00,5.700568871324912523e-01,7.627756163490159169e-01,3.437414664706626599e+00,-2.220145895804070402e-01,3.689717592113001543e-01,4.074939210081637286e-01,1.000000000000000000e+00,3.499999940395355225e-01,3.499999940395355225e-01,3.499999940395355225e-01,3.499999940395355225e-01,7.446453720331192017e-02,3.499999940395355225e-01
8.000000000001005418e+00,5.711941507628665038e-01,7.617093699918474625e-01,3.514532075488240093e+00,-2.267691976651635688e-01,3.702054565782124662e-01,4.055128343061818463e-01,1.000000000000000000e+00,3.499999940395355225e-01,3.499999940395355225e-01,3.499999940395355225e-01,3.499999940395355225e-01,6.784840673208236694e-02,3.499999940395355225e-01
8.020000000000994334e+00,5.719609418526030442e-01,7.599267526002043693e-01,3.589317300071230399e+00,-2.329233973450582640e-01,3.712079599895059534e-01,4.029485844395590544e-01,1.000000000000000000e+00,3.499999940395355225e-01,3.499999940395355225e-01,3.499999940395355225e-01,3.499999940395355225e-01,6.159247457981109619e-02,3.499999940395355225e-01
8.040000000000983249e+00,5.722886385968740663e-01,7.574367733566521599e-01,3.660782426061842010e+00,-2.400229048288785583e-01,3.718697724472342370e-01,3.999904563213005915e-01,1.000000000000000000e+00,3.499999940395355225e-01,3.499999940395355225e-01,3.499999940395355225e-01,3.499999940395355225e-01,5.796856060624122620e-02,3.472758233547210693e-01
8.060000000000972165e+00,5.721342581476357436e-01,7.542410834340212977e-01,3.728054330166145736e+00,-2.482450708358222569e-01,3.722755317966575661e-01,3.965645538184073837e-01,1.000000000000000000e+00,3.499999940395355225e-01,3.499999940395355225e-01,3.499999940395355225e-01,3.499999940395355225e-01,5.814789608120918274e-02,3.228210508823394775e-01
8.080000000000961080e+00,5.715073985236078791e-01,7.503723802302894041e-01,3.790206825581615480e+00,-2.579414342831931051e-01,3.725680351154257997e-01,3.925244023820028683e-01,1.000000000000000000e+00,3.499999940395355225e-01,3.499999940395355225e-01,3.499999940395355225e-01,3.499999940395355225e-01,6.037187203764915466e-02,2.948918938636779785e-01
8.100000000000949996e+00,5.702249047677100391e-01,7.459465627608600213e-01,3.844442661377159176e+00,-2.712378917383315158e-01,3.735125269129542791e-01,3.869842117756951971e-01,1.000000000000000000e+00,3.499999940395355225e-01,3.326317071914672852e-01,3.499999940395355225e-01,3.499999940395355225e-01,5.950230732560157776e-02,2.692046165466308594e-01
8.120000000000938911e+00,5.679815061978443769e-01,7.413044059474745984e-01,3.886970609876305272e+00,-2.846991597110841710e-01,3.740793954434837865e-01,3.813753501203815954e-01,1.000000000000000000e+00,3.499999940395355225e-01,3.179257214069366455e-01,3.499999940395355225e-01,3.204685449600219727e-01,6.313295662403106689e-02,2.342235743999481201e-01
8.140000000000927827e+00,5.649147858616414553e-01,7.367586074518447381e-01,3.917526503351967726e+00,-2.967682764071593038e-01,3.741475671431782057e-01,3.763465514970169568e-01,1.000000000000000000e+00,3.499999940395355225e-01,3.222047686576843262e-01,3.499999940395355225e-01,2.867827117443084717e-01,6.357925385236740112e-02,1.868127286434173584e-01
8.160000000000916742e+00,5.613095749327956518e-01,7.323556539515688746e-01,3.937924358632788113e+00,-3.109701141027830240e-01,3.750587845085981975e-01,3.704291191238404113e-01,1.000000000000000000e+00,3.499999940395355225e-01,3.165524303913116455e-01,3.499999940395355225e-01,2.673393487930297852e-01,4.887544736266136169e-02,1.572552919387817383e-01
8.180000000000905658e+00,5.569683353714109941e-01,7.279736828735158261e-01,3.946922732401210165e+00,-3.279915401213532866e-01,3.767684890633251071e-01,3.633368582827694593e-01,1.000000000000000000e+00,3.499999940395355225e-01,2.902815043926239014e-01,3.499999940395355225e-01,2.417674660682678223e-01,3.807354718446731567e-02,1.390007883310317993e-01
8.200000000000894573e+00,5.507423709111819443e-01,7.239063667930055734e-01,3.936642751401647100e+00,-3.382769079669368240e-01,3.759414952658045039e-01,3.590512883471096428e-01,1.000000000000000000e+00,3.499999940395355225e-01,2.562264204025268555e-01,2.878687083721160889e-01,1.802461296319961548e-01,4.129783809185028076e-02,8.225426822900772095e-02
8.220000000000883489e+00,5.434825799446527661e-01,7.200542976081397706e-01,3.910978541713264978e+00,-3.382517310370503627e-01,3.718848482503335773e-01,3.590617787345623535e-01,1.000000000000000000e+00,3.499999940395355225e-01,2.807396948337554932e-01,2.992421388626098633e-01,1.734980940818786621e-01,3.328526020050048828e-02,2.077881619334220886e-02
8.240000000000872404e+00,5.375247935477660555e-01,7.155760223745567528e-01,3.885380773744705696e+00,-3.597526274698596982e-01,3.756485577074782367e-01,3.501030718875584591e-01,1.000000000000000000e+00,3.499999940395355225e-01,2.574088573455810547e-01,3.499999940395355225e-01,2.113850563764572144e-01,1.822967268526554108e-02,5.840321257710456848e-02
8.260000000000861320e+00,5.304852705333021889e-01,7.109246017981699639e-01,3.846306764427361635e+00,-3.907108210742710197e-01,3.817081247608893335e-01,3.372038245523870659e-01,1.000000000000000000e+00,3.499999940395355225e-01,1.592537462711334229e-01,2.195282578468322754e-01,1.077500358223915100e-01,4.001662507653236389e-02,3.847427293658256531e-02
8.280000000000850235e+00,5.197654337984830564e-01,7.061118236324318564e-01,3.769769734217720103e+00,-3.520694911982119035e-01,3.594564866540064796e-01,3.533043786674117115e-01,1.000000000000000000e+00,2.670273482799530029e-01,1.658824980258941650e-01,1.599261462688446045e-01,2.542895823717117310e-02,2.588880620896816254e-02,-8.909729868173599243e-02
8.300000000000839151e+00,5.104638512333687927e-01,7.023470223259050682e-01,3.698301945867553453e+00,-3.304333174322101607e-01,3.506094788279245367e-01,3.623194510699124238e-01,1.000000000000000000e+00,3.499999940395355225e-01,3.296802043914794922e-01,2.571799457073211670e-01,1.120850294828414917e-01,-4.525212571024894714e-04,-9.092690795660018921e-02
8.320000000000828067e+00,5.055402165489423227e-01,6.996700846601479062e-01,3.664259969250185378e+00,-3.958458146198782224e-01,3.738212782477682850e-01,3.350642439083840740e-01,1.000000000000000000e+00,3.499999940395355225e-01,2.113617956638336182e-01,3.499999940395355225e-01,2.369288355112075806e-01,-2.891208603978157043e-02,1.347337812185287476e-01
8.340000000000816982e+00,5.000320173580637961e-01,6.967512538573449321e-01,3.624381719435687543e+00,-5.013893309315269331e-01,4.168963871998809800e-01,2.910877787785304260e-01,1.000000000000000000e+00,3.499999940395355225e-01,9.376964718103408813e-02,1.143043190240859985e-01,3.908228874206542969e-02,4.086482897400856018e-02,3.676660731434822083e-02
8.360000000000805898e+00,4.909656056542690550e-01,6.926051650101948676e-01,3.543717658267991677e+00,-4.984381878825974166e-01,4.065568886730429043e-01,2.923174217155843913e-01,1.000000000000000000e+00,-7.004635035991668701e-02,2.967965416610240936e-02,-5.443064123392105103e-02,-1.362808048725128174e-01,2.609381265938282013e-02,-1.677356660366058350e-01
8.380000000000794813e+00,4.818866855616413258e-01,6.894650774850227259e-01,3.460633600286971312e+00,-4.564265094200548045e-01,3.851464184608387464e-01,3.098222877416438314e-01,1.000000000000000000e+00,3.499999940395355225e-01,3.188812136650085449e-01,2.054098397493362427e-01,6.991199404001235962e-02,1.095569133758544922e-02,-1.301430910825729370e-01
8.400000000000783729e+00,4.759286513917925232e-01,6.880501741878085609e-01,3.412606477007245065e+00,-5.618912243788258820e-01,4.415409224784490605e-01,2.658786565088225307e-01,1.000000000000000000e+00,3.499999940395355225e-01,1.971922665834426880e-01,3.499999940395355225e-01,1.773130744695663452e-01,-2.674477174878120422e-02,8.259350806474685669e-02
8.420000000000772644e+00,4.696056310362569097e-01,6.851464540698465333e-01,3.344788816503734274e+00,-6.404685278309697471e-01,4.847065886311320848e-01,2.331381134037626146e-01,1.000000000000000000e+00,2.408742755651473999e-01,1.050850078463554382e-01,9.539956599473953247e-02,1.429780758917331696e-02,2.659707143902778625e-02,6.062842905521392822e-03
8.440000000000761560e+00,4.606602132859168863e-01,6.807091061436215673e-01,3.229678872124812194e+00,-5.336664576786522840e-01,4.051350415814543027e-01,2.776389759672281965e-01,1.000000000000000000e+00,4.439305886626243591e-02,1.806946843862533569e-01,6.976945698261260986e-02,-6.800066679716110229e-02,-3.840924054384231567e-02,-1.227529793977737427e-01
8.460000000000750475e+00,4.518148639456986970e-01,6.796495682071318489e-01,3.130325712365400470e+00,-2.955044025451337153e-01,3.113176073794675647e-01,3.768731656061942714e-01,1.000000000000000000e+00,3.020899891853332520e-01,3.284068107604980469e-01,2.146854102611541748e-01,5.480455607175827026e-02,-4.819802194833755493e-02,-8.042616397142410278e-02
8.480000000000739391e+00,4.459662951236685879e-01,6.837470362982679406e-01,3.111232084548043897e+00,-3.828233233832968874e-01,3.549290182784503034e-01,3.404902819236262923e-01,1.000000000000000000e+00,3.499999940395355225e-01,3.499999940395355225e-01,3.499999940395355225e-01,2.668830454349517822e-01,-4.952669516205787659e-02,1.668945252895355225e-01
8.500000000000728306e+00,4.415831662731133367e-01,6.873766949378034008e-01,3.105598947923354114e+00,-5.164721182192028026e-01,4.204813854024440078e-01,2.848032840753321748e-01,1.000000000000000000e+00,2.783768773078918457e-01,-8.124442771077156067e-03,1.638477146625518799e-01,8.928885310888290405e-02,3.133009746670722961e-02,2.039719223976135254e-01
8.520000000000717222e+00,4.356945323582628316e-01,6.869492041300461205e-01,3.039246185624236318e+00,-3.934552350033914681e-01,3.575360886577059194e-01,3.360603187485868837e-01,1.000000000000000000e+00,-8.918888121843338013e-02,-3.954819403588771820e-03,-3.578751161694526672e-02,-1.072493642568588257e-01,3.712111711502075195e-02,-7.986876368522644043e-02
8.540000000000706137e+00,4.299716653685221046e-01,6.875831597795415417e-01,2.973134752358919553e+00,-2.262174392136609979e-01,3.041719867296249769e-01,4.057427336609745749e-01,1.000000000000000000e+00,3.499999940395355225e-01,3.435043692588806152e-01,3.010468184947967529e-01,1.283215135335922241e-01,2.412587217986583710e-02,-5.286969244480133057e-02
8.560000000000695053e+00,4.260502018898489895e-01,6.920254855382917958e-01,2.969298163237761301e+00,-2.816490455345031507e-01,3.295149530866261500e-01,3.826462310272903400e-01,1.000000000000000000e+00,3.499999940395355225e-01,3.499999940395355225e-01,3.499999940395355225e-01,3.499999940395355225e-01,3.893079608678817749e-02,1.594892889261245728e-01
8.580000000000683968e+00,4.235741777524770213e-01,6.965800070719990744e-01,2.987318027044335800e+00,-4.680169216392554010e-01,4.105145384201129843e-01,3.049929493169769024e-01,1.000000000000000000e+00,3.499999940395355225e-01,2.446519136428833008e-01,3.499999940395355225e-01,2.489400655031204224e-01,6.456647813320159912e-02,2.582260668277740479e-01
8.600000000000672884e+00,4.202748125268596646e-01,6.984969138208311223e-01,2.965004931532025267e+00,-4.413941820734011423e-01,3.947124819857841249e-01,3.160857574694161953e-01,1.000000000000000000e+00,2.785989344120025635e-01,2.227257490158081055e-01,1.280229836702346802e-01,9.538543224334716797e-02,7.332754880189895630e-02,8.630910515785217285e-02
8.620000000000661800e+00,4.165139644222689563e-01,7.006962592352611319e-01,2.931129240683961523e+00,-3.578448209906642807e-01,3.622880183044699942e-01,3.508979912538898738e-01,1.000000000000000000e+00,3.499999940395355225e-01,3.499999940395355225e-01,3.499999940395355225e-01,2.407208532094955444e-01,1.916523836553096771e-02,5.728869512677192688e-02
8.640000000000650715e+00,4.137445945041001716e-01,7.053344766223897944e-01,2.929726618429902452e+00,-3.316155919631604276e-01,3.587365781488836003e-01,3.618268366820164839e-01,1.000000000000000000e+00,3.499999940395355225e-01,3.499999940395355225e-01,3.499999940395355225e-01,3.499999940395355225e-01,-5.434026475995779037e-03,2.989067137241363525e-01
8.660000000000639631e+00,4.117081124895043409e-01,7.102701316577667567e-01,2.941840094921885029e+00,-3.974493283232047314e-01,3.923269859306933727e-01,3.343961131986646906e-01,1.000000000000000000e+00,3.499999940395355225e-01,2.810782194137573242e-01,3.499999940395355225e-01,3.257561624050140381e-01,-3.677529748529195786e-03,3.499999940395355225e-01
8.680000000000628546e+00,4.097244323310827996e-01,7.145561799302194705e-01,2.941860704006149074e+00,-3.506983159082094348e-01,3.749587117652643520e-01,3.538757017049127263e-01,1.000000000000000000e+00,3.499999940395355225e-01,2.787678837776184082e-01,2.944832742214202881e-01,2.204957157373428345e-01,2.038117125630378723e-02,2.040729224681854248e-01
8.700000000000617462e+00,4.081192053552861188e-01,7.191164503627699434e-01,2.948188079457297217e+00,-2.960028428391370814e-01,3.579756828008026082e-01,3.766654821503595540e-01,1.000000000000000000e+00,3.499999940395355225e-01,3.499999940395355225e-01,3.499999940395355225e-01,3.499999940395355225e-01,4.364725202322006226e-02,2.027268707752227783e-01
8.720000000000606377e+00,4.071073830822167228e-01,7.243104726697723317e-01,2.979320806953936529e+00,-2.602107917301426654e-01,3.502932912398785126e-01,3.915788367791072089e-01,1.000000000000000000e+00,3.499999940395355225e-01,3.499999940395355225e-01,3.499999940395355225e-01,3.499999940395355225e-01,7.210394740104675293e-02,3.452230095863342285e-01
8.740000000000595293e+00,4.067070889546869350e-01,7.295775352515777579e-01,3.025130656102056559e+00,-2.521155964658143844e-01,3.526410895250831623e-01,3.949518348059106732e-01,1.000000000000000000e+00,3.499999940395355225e-01,3.499999940395355225e-01,3.499999940395355225e-01,3.499999940395355225e-01,6.722823530435562134e-02,3.499999940395355225e-01
8.760000000000584208e+00,4.067535840843536921e-01,7.346739672709935443e-01,3.075008334934531185e+00,-2.584360251215391258e-01,3.592727329903538935e-01,3.923183228660253596e-01,1.000000000000000000e+00,3.499999940395355225e-01,3.499999940395355225e-01,3.499999940395355225e-01,3.499999940395355225e-01,5.516993999481201172e-02,3.499999940395355225e-01
8.780000000000573124e+00,4.070140960778860229e-01,7.395473778103619500e-01,3.123562151821658528e+00,-2.627220468693329258e-01,3.643858006372533431e-01,3.905324804711112763e-01,1.000000000000000000e+00,3.499999940395355225e-01,3.499999940395355225e-01,3.499999940395355225e-01,3.499999940395355225e-01,5.310668051242828369e-02,3.499999940395355225e-01
8.800000000000562039e+00,4.074158442462936236e-01,7.442175067820627765e-01,3.171038233431692444e+00,-2.564240137949689302e-01,3.650474937479233906e-01,3.931566609187629457e-01,1.000000000000000000e+00,3.499999940395355225e-01,3.499999940395355225e-01,3.499999940395355225e-01,3.499999940395355225e-01,5.805036425590515137e-02,3.499999940395355225e-01
8.820000000000550955e+00,4.079693535637998192e-01,7.486948789787587488e-01,3.220883214353540858e+00,-2.404760932613883295e-01,3.621188014111014764e-01,3.998016278077548558e-01,1.000000000000000000e+00,3.499999940395355225e-01,3.499999940395355225e-01,3.499999940395355225e-01,3.499999940395355225e-01,6.828631460666656494e-02,3.499999940395355225e-01
8.840000000000539870e+00,4.087189032633418706e-01,7.529528964527029133e-01,3.276778136256488949e+00,-2.210584493427829866e-01,3.583222038952617594e-01,4.078923127738404153e-01,1.000000000000000000e+00,3.499999940395355225e-01,3.499999940395355225e-01,3.499999940395355225e-01,3.499999940395355225e-01,7.797758281230926514e-02,3.499999940395355225e-01
8.860000000000528786e+00,4.097460541979162096e-01,7.569336442995681091e-01,3.340434867873163682e+00,-2.051721142479843996e-01,3.560145972291080541e-01,4.145116190633398312e-01,1.000000000000000000e+00,3.499999940395355225e-01,3.499999940395355225e-01,3.499999940395355225e-01,3.499999940395355225e-01,8.141575008630752563e-02,3.499999940395355225e-01
8.880000000000517701e+00,4.110884523837468052e-01,7.605519173497526930e-01,3.411122487596651709e+00,-1.963129436058267119e-01,3.558952092759396502e-01,4.182029401642388677e-01,1.000000000000000000e+00,3.499999940395355225e-01,3.499999940395355225e-01,3.499999940395355225e-01,3.499999940395355225e-01,7.941995561122894287e-02,3.499999940395355225e-01
8.900000000000506617e+00,4.126817688451711597e-01,7.637027686635379231e-01,3.486607845887013113e+00,-1.930778015994480401e-01,3.570801730915668659e-01,4.195509160002299787e-01,1.000000000000000000e+00,3.499999940395355225e-01,3.499999940395355225e-01,3.499999940395355225e-01,3.499999940395355225e-01,7.538533210754394531e-02,3.499999940395355225e-01
8.920000000000495533e+00,4.144000288804682297e-01,7.662835969740212638e-01,3.564438204047728487e+00,-1.918268576022683636e-01,3.581852914580314073e-01,4.200721426657215152e-01,1.000000000000000000e+00,3.499999940395355225e-01,3.499999940395355225e-01,3.499999940395355225e-01,3.499999940395355225e-01,7.244516909122467041e-02,3.499999940395355225e-01
8.940000000000484448e+00,4.161254297908175137e-01,7.682029609724737584e-01,3.642840633600203493e+00,-1.897941859608525406e-01,3.583164420494126534e-01,4.209190891829781012e-01,1.000000000000000000e+00,3.499999940395355225e-01,3.499999940395355225e-01,3.499999940395355225e-01,3.499999940395355225e-01,7.156388461589813232e-02,3.499999940395355225e-01
8.960000000000473364e+00,4.177884546830236134e-01,7.693834858546518829e-01,3.720886476098127282e+00,-1.866174121054787471e-01,3.574812045396293381e-01,4.222427449560505197e-01,1.000000000000000000e+00,3.499999940395355225e-01,3.499999940395355225e-01,3.499999940395355225e-01,3.499999940395355225e-01,7.143791764974594116e-02,3.499999940395355225e-01
8.980000000000462279e+00,4.193652052608645153e-01,7.697664322110903123e-01,3.798136227185803904e+00,-1.838395691323416459e-01,3.562911857185837028e-01,4.234001795281909786e-01,1.000000000000000000e+00,3.499999940395355225e-01,3.499999940395355225e-01,3.499999940395355225e-01,3.499999940395355225e-01,6.975698471069335938e-02,3.499999940395355225e-01
9.000000000000451195e+00,4.208498308719629266e-01,7.693159640912764496e-01,3.874173253513064630e+00,-1.833920120923689667e-01,3.553856540216352999e-01,4.235866616281795949e-01,1.000000000000000000e+00,3.499999940395355225e-01,3.499999940395355225e-01,3.499999940395355225e-01,3.499999940395355225e-01,6.587599217891693115e-02,3.499999940395355225e-01
9.020000000000440110e+00,4.222291426078997323e-01,7.680188062475766797e-01,3.948316612602483122e+00,-1.862923917191173506e-01,3.550143272078221113e-01,4.223781701170344349e-01,1.000000000000000000e+00,3.499999940395355225e-01,3.499999940395355225e-01,3.499999940395355225e-01,3.499999940395355225e-01,6.130728125572204590e-02,3.449186980724334717e-01
9.040000000000429026e+00,4.234770632236417587e-01,7.658837788836604377e-01,4.019601279412417405e+00,-1.922794159066673614e-01,3.549820234154232312e-01,4.198835767055552615e-01,1.000000000000000000e+00,3.499999940395355225e-01,3.499999940395355225e-01,3.499999940395355225e-01,3.499999940395355225e-01,5.831593647599220276e-02,3.299804329872131348e-01
9.060000000000417941e+00,4.245609445442202201e-01,7.629360364867835420e-01,4.086920270717739889e+00,-2.008276057749164012e-01,3.550840528984226530e-01,4.163218309271181639e-01,1.000000000000000000e+00,3.499999940395355225e-01,3.499999940395355225e-01,3.499999940395355225e-01,3.499999940395355225e-01,5.737408623099327087e-02,3.119623363018035889e-01
9.080000000000406857e+00,4.254438769124547770e-01,7.592134326317169224e-01,4.149150606026144494e+00,-2.110965635333749424e-01,3.551348068553295545e-01,4.120430985277604430e-01,1.000000000000000000e+00,3.499999940395355225e-01,3.499999940395355225e-01,3.499999940395355225e-01,3.499999940395355225e-01,5.640522390604019165e-02,2.895178794860839844e-01
9.100000000000395772e+00,4.258290986726777083e-01,7.547560520692361274e-01,4.203024241350874490e+00,-2.204848830666196746e-01,3.544552633093679961e-01,4.081312987222417976e-01,1.000000000000000000e+00,3.499999940395355225e-01,3.306658565998077393e-01,3.499999940395355225e-01,3.454294502735137939e-01,5.437903478741645813e-02,2.661623954772949219e-01
9.120000000000384688e+00,4.252459636109586216e-01,7.497865192654044053e-01,4.244273061078010834e+00,-2.270896115542984928e-01,3.527248105839908554e-01,4.053793285190422924e-01,1.000000000000000000e+00,3.499999940395355225e-01,3.154490590095520020e-01,3.499999940395355225e-01,3.078661561012268066e-01,5.832706019282341003e-02,2.259943038225173950e-01
9.140000000000373603e+00,4.239890270790230842e-01,7.446499666098179704e-01,4.274609643572550688e+00,-2.426197463500383567e-01,3.538318986802820310e-01,3.989084390208173514e-01,1.000000000000000000e+00,3.499999940395355225e-01,3.341111540794372559e-01,3.499999940395355225e-01,2.806041240692138672e-01,5.745617672801017761e-02,1.735492497682571411e-01
9.160000000000362519e+00,4.224565402158249605e-01,7.393752773633576192e-01,4.296784578384845510e+00,-2.628749333977902780e-01,3.560601144696844411e-01,3.904687777509207036e-01,1.000000000000000000e+00,3.499999940395355225e-01,3.211313784122467041e-01,3.499999940395355225e-01,2.784756422042846680e-01,3.797158971428871155e-02,1.660181134939193726e-01
9.180000000000351434e+00,4.199645659545802046e-01,7.336408912803044080e-01,4.305210265858776530e+00,-2.680388208676862671e-01,3.531158217560460000e-01,3.883171579717973887e-01,1.000000000000000000e+00,3.499999940395355225e-01,2.690322399139404297e-01,3.499999940395355225e-01,2.395703047513961792e-01,3.499864786863327026e-02,1.535540670156478882e-01
9.200000000000340350e+00,4.144839946920654272e-01,7.275602158064743419e-01,4.286819545484821248e+00,-2.375185688449105714e-01,3.398898382418060193e-01,4.010339296479539239e-01,1.000000000000000000e+00,3.499999940395355225e-01,2.402083873748779297e-01,2.340835630893707275e-01,1.393714696168899536e-01,4.707780107855796814e-02,4.303599894046783447e-02
9.220000000000329266e+00,4.092805445551540577e-01,7.217777316128145548e-01,4.261270981167379901e+00,-2.853293800046844408e-01,3.521611340547701197e-01,3.811127583313814737e-01,1.000000000000000000e+00,3.499999940395355225e-01,3.435558974742889404e-01,3.359195590019226074e-01,2.084518522024154663e-01,2.426938712596893311e-02,2.077650278806686401e-03
9.240000000000318181e+00,4.068878226913268392e-01,7.158551606210213913e-01,4.245466316540992047e+00,-3.270429265438166699e-01,3.591579189009847517e-01,3.637321139400763736e-01,1.000000000000000000e+00,3.499999940395355225e-01,2.429577410221099854e-01,3.499999940395355225e-01,2.738991081714630127e-01,3.842334961518645287e-03,1.589770466089248657e-01
9.260000000000307097e+00,4.026323420309900758e-01,7.090814729170146213e-01,4.211784032222345431e+00,-3.539632000316181304e-01,3.627252519445091639e-01,3.525153333201591077e-01,1.000000000000000000e+00,3.499999940395355225e-01,1.070057898759841919e-01,1.922380030155181885e-01,8.895044773817062378e-02,4.704776778817176819e-02,7.423035055398941040e-02
9.280000000000296012e+00,3.941623027365938614e-01,7.008107454972366535e-01,4.136959478787686884e+00,-3.636669576868887810e-01,3.607604364936935482e-01,3.484721009637963274e-01,1.000000000000000000e+00,1.025022640824317932e-01,1.015417724847793579e-01,3.783619776368141174e-02,-5.969148501753807068e-02,2.686853706836700439e-02,-1.280273348093032837e-01
9.300000000000284928e+00,3.861235264374645593e-01,6.938262060818499721e-01,4.061409832065461245e+00,-3.578658209109588650e-01,3.551888350637790182e-01,3.508892412871004729e-01,1.000000000000000000e+00,3.499999940395355225e-01,3.499999940395355225e-01,2.433910071849822998e-01,1.168082058429718018e-01,3.379110014066100121e-03,-1.094144806265830994e-01
9.320000000000273843e+00,3.819739264571576642e-01,6.895345370640110216e-01,4.023873613153475581e+00,-3.580864519375258070e-01,3.534271049991906666e-01,3.507973116926975665e-01,1.000000000000000000e+00,3.499999940395355225e-01,2.341378629207611084e-01,3.499999940395355225e-01,2.577008605003356934e-01,-3.229064494371414185e-02,1.304695010185241699e-01
9.340000000000262759e+00,3.778941294064336875e-01,6.849887883518869236e-01,3.984135261282294671e+00,-3.698254845880200592e-01,3.547291884448441346e-01,3.459060480883249800e-01,1.000000000000000000e+00,3.499999940395355225e-01,1.258266568183898926e-01,1.789852529764175415e-01,8.243142068386077881e-02,2.758993767201900482e-02,6.771959364414215088e-02
9.360000000000251674e+00,3.710579929971875579e-01,6.780365434671552505e-01,3.904998454187845525e+00,-3.876140442063947256e-01,3.568434060209375591e-01,3.384941482473355356e-01,1.000000000000000000e+00,-8.317663334310054779e-03,1.733511872589588165e-02,-8.888168260455131531e-03,-1.038638725876808167e-01,1.827855408191680908e-02,-1.210240870714187622e-01
9.380000000000240590e+00,3.631697640720101816e-01,6.706568011194239398e-01,3.806465022850849866e+00,-3.179045396811203683e-01,3.270328549109484673e-01,3.675397751328665086e-01,1.000000000000000000e+00,2.874824106693267822e-01,2.882816791534423828e-01,1.837444007396697998e-01,3.836289048194885254e-02,-3.102585906162858009e-03,-1.245268732309341431e-01
9.400000000000229505e+00,3.568088872782607668e-01,6.664817121620151275e-01,3.742138405776981092e+00,-3.002189377131617154e-01,3.228963292081298286e-01,3.749087759528492714e-01,1.000000000000000000e+00,3.499999940395355225e-01,2.745152115821838379e-01,2.941707372665405273e-01,1.095053330063819885e-01,-5.339438840746879578e-02,-9.757038205862045288e-03
9.420000000000218421e+00,3.507116725533840351e-01,6.619007021120509870e-01,3.670726455360905582e+00,-2.914263610615260292e-01,3.200051797512225571e-01,3.785723495576974740e-01,1.000000000000000000e+00,2.061890661716461182e-01,1.176970601081848145e-01,9.621212631464004517e-02,6.407171022146940231e-03,-2.118229493498802185e-02,3.621501848101615906e-03
9.440000000000207336e+00,3.432604670192079821e-01,6.547520038873374526e-01,3.549309600768544737e+00,-2.715115680737753556e-01,3.107891852159025969e-01,3.868701799692602639e-01,1.000000000000000000e+00,8.086912333965301514e-02,1.936796009540557861e-01,1.093445420265197754e-01,-4.359906539320945740e-02,-5.784018710255622864e-02,-9.244216978549957275e-02
9.460000000000196252e+00,3.353111169450064266e-01,6.513601584838438763e-01,3.452211317240155175e+00,-3.071606667277939073e-01,3.222685248375001255e-01,3.720163888634192006e-01,1.000000000000000000e+00,3.126051425933837891e-01,3.333858251571655273e-01,2.131473571062088013e-01,5.747078359127044678e-02,-4.195517674088478088e-02,-8.750249445438385010e-02
9.480000000000185167e+00,3.287379695995738538e-01,6.538494144097314331e-01,3.441827989285321632e+00,-3.195543174420952259e-01,3.297805503954897577e-01,3.668523677324603272e-01,1.000000000000000000e+00,3.499999940395355225e-01,3.499999940395355225e-01,3.499999940395355225e-01,2.928134202957153320e-01,6.840826827101409435e-04,1.581361293792724609e-01
9.500000000000174083e+00,3.239293398250947531e-01,6.565245552782627003e-01,3.449227503051868648e+00,-3.560812999016663705e-01,3.459055340029843495e-01,3.516327917076390031e-01,1.000000000000000000e+00,3.223613798618316650e-01,-5.079184100031852722e-02,1.301860362291336060e-01,5.969747528433799744e-02,8.170060068368911743e-02,1.681897938251495361e-01
9.520000000000162999e+00,3.190532835600980444e-01,6.547984385690680531e-01,3.396053504412302804e+00,-3.857219434087331700e-01,3.566087785485889672e-01,3.392825235796945171e-01,1.000000000000000000e+00,-2.161807566881179810e-02,2.262689732015132904e-02,-5.429759621620178223e-02,-1.081448495388031006e-01,8.713340759277343750e-02,-1.142435520887374878e-01
9.540000000000151914e+00,3.140046328506262974e-01,6.532465428240931127e-01,3.333822853139285058e+00,-3.807934948478426951e-01,3.543241578239725853e-01,3.413360438133988817e-01,1.000000000000000000e+00,3.499999940395355225e-01,3.405129313468933105e-01,2.894703149795532227e-01,1.255940943956375122e-01,3.753329440951347351e-02,-6.391863524913787842e-02
9.560000000000140830e+00,3.092866672753770696e-01,6.552339136072345971e-01,3.324347875749768200e+00,-3.520591580102464535e-01,3.465038048622128275e-01,3.533086841623973018e-01,1.000000000000000000e+00,3.499999940395355225e-01,3.499999940395355225e-01,3.499999940395355225e-01,3.499999940395355225e-01,9.345088154077529907e-03,2.117915004491806030e-01
9.580000000000129745e+00,3.057015932428105986e-01,6.582313826131166445e-01,3.341024818573797184e+00,-3.524798650170745673e-01,3.510114842097825649e-01,3.531333895762189257e-01,1.000000000000000000e+00,3.499999940395355225e-01,2.880991995334625244e-01,3.499999940395355225e-01,2.939294576644897461e-01,1.825443655252456665e-02,2.945216894149780273e-01
9.600000000000118661e+00,3.020646050510932823e-01,6.598545164776853378e-01,3.332236172490237180e+00,-3.966174455588740710e-01,3.715269443181769549e-01,3.347427310171358084e-01,1.000000000000000000e+00,3.499999940395355225e-01,2.229712605476379395e-01,2.532711029052734375e-01,1.799537390470504761e-01,3.284075483679771423e-02,1.919735819101333618e-01
9.620000000000107576e+00,2.979873166410137997e-01,6.596231185406554731e-01,3.285539192211269555e+00,-2.866850903905757142e-01,3.296339402385178863e-01,3.805478790039267811e-01,1.000000000000000000e+00,2.625967860221862793e-01,3.146189749240875244e-01,1.622699350118637085e-01,9.237109869718551636e-02,7.146175485104322433e-03,8.962519466876983643e-03
9.640000000000096492e+00,2.939511439295920403e-01,6.609724085536020644e-01,3.251223951062829354e+00,-2.031634007501974537e-01,3.075579122077522487e-01,4.153485830207510610e-01,1.000000000000000000e+00,3.499999940395355225e-01,3.499999940395355225e-01,3.499999940395355225e-01,3.499999940395355225e-01,-1.985305733978748322e-02,2.140045613050460815e-01
9.660000000000085407e+00,2.902069608340346329e-01,6.651873555538446725e-01,3.262631142174015508e+00,-2.436707981319862215e-01,3.252322881805861376e-01,3.984705007783390651e-01,1.000000000000000000e+00,3.499999940395355225e-01,3.499999940395355225e-01,3.499999940395355225e-01,3.499999940395355225e-01,-1.532788446638733149e-04,3.499999940395355225e-01
9.680000000000074323e+00,2.870504513556930148e-01,6.700898251119767890e-01,3.289929893788016813e+00,-3.259621479805503985e-01,3.582938761189354282e-01,3.641824383414373201e-01,1.000000000000000000e+00,3.499999940395355225e-01,2.876929938793182373e-01,3.499999940395355225e-01,3.097800612449645996e-01,3.155086189508438110e-02,3.046725094318389893e-01
9.700000000000063238e+00,2.843433909198291865e-01,6.748740707587282950e-01,3.320536814540728354e+00,-3.538111511960069233e-01,3.728109611951749280e-01,3.525786870016637820e-01,1.000000000000000000e+00,3.499999940395355225e-01,3.499999940395355225e-01,3.499999940395355225e-01,3.445593118667602539e-01,7.556128501892089844e-02,2.173871248960494995e-01
9.720000000000052154e+00,2.820384666766802551e-01,6.795164769945373218e-01,3.356241023141175894e+00,-3.343815964569493704e-01,3.683337907465554784e-01,3.606743348096044244e-01,1.000000000000000000e+00,3.499999940395355225e-01,3.499999940395355225e-01,3.499999940395355225e-01,3.499999940395355225e-01,9.015802294015884399e-02,3.029019832611083984e-01
9.740000000000041069e+00,2.800327220681471108e-01,6.838458504642609403e-01,3.391431386068723075e+00,-2.853267091639127284e-01,3.533762320588905714e-01,3.811138711817030345e-01,1.000000000000000000e+00,3.499999940395355225e-01,3.499999940395355225e-01,3.499999940395355225e-01,3.499999940395355225e-01,7.652077078819274902e-02,3.451822698116302490e-01
9.760000000000029985e+00,2.782607539945091135e-01,6.880200589855499649e-01,3.425170786798137357e+00,-2.281345818592807606e-01,3.375785490336069006e-01,4.049439242252996785e-01,1.000000000000000000e+00,3.499999940395355225e-01,3.499999940395355225e-01,3.499999940395355225e-01,3.499999940395355225e-01,4.836572334170341492e-02,3.499999940395355225e-01
9.780000000000018900e+00,2.767561988784143501e-01,6.923043063455830426e-01,3.460250411496187617e+00,-1.834933345599757126e-01,3.271452562836248967e-01,4.235444439333434508e-01,1.000000000000000000e+00,3.499999940395355225e-01,3.499999940395355225e-01,3.499999940395355225e-01,3.499999940395355225e-01,3.322959318757057190e-02,3.499999940395355225e-01
9.800000000000007816e+00,2.755495518593117921e-01,6.968371910080209952e-01,3.500946614271780000e+00,-1.618996231414146225e-01,3.239455440469211633e-01,4.325418236910772429e-01,1.000000000000000000e+00,3.499999940395355225e-01,3.499999940395355225e-01,3.499999940395355225e-01,3.499999940395355225e-01,3.864799067378044128e-02,3.499999940395355225e-01
9.819999999999996732e+00,2.746230430475740669e-01,7.015468322084378316e-01,3.550680400934191461e+00,-1.599466133411839852e-01,3.263742988177085746e-01,4.333555777745066728e-01,1.000000000000000000e+00,3.499999940395355225e-01,3.499999940395355225e-01,3.499999940395355225e-01,3.499999940395355225e-01,5.812609195709228516e-02,3.499999940395355225e-01
9.839999999999985647e+00,2.740074379480373912e-01,7.062419161688201497e-01,3.610528703749895207e+00,-1.668512000681663665e-01,3.312130075011456287e-01,4.304786666382640070e-01,1.000000000000000000e+00,3.499999940395355225e-01,3.499999940395355225e-01,3.499999940395355225e-01,3.499999940395355225e-01,7.835266739130020142e-02,3.499999940395355225e-01
9.859999999999974563e+00,2.737836202362234905e-01,7.107240852436219614e-01,3.678912282000769807e+00,-1.724569497292781917e-01,3.354031995277680367e-01,4.281429376128007558e-01,1.000000000000000000e+00,3.499999940395355225e-01,3.499999940395355225e-01,3.499999940395355225e-01,3.499999940395355225e-01,8.637190610170364380e-02,3.499999940395355225e-01
9.879999999999963478e+00,2.739620233754389567e-01,7.148234803135370408e-01,3.752675800986487786e+00,-1.712952266044662775e-01,3.372399763585096633e-01,4.286269889148057177e-01,1.000000000000000000e+00,3.499999940395355225e-01,3.499999940395355225e-01,3.499999940395355225e-01,3.499999940395355225e-01,8.349385857582092285e-02,3.499999940395355225e-01
9.899999999999952394e+00,2.744748612989603709e-01,7.184258387033864990e-01,3.828689631243484381e+00,-1.630279341654224112e-01,3.365977228713664116e-01,4.320716940977406550e-01,1.000000000000000000e+00,3.499999940395355225e-01,3.499999940395355225e-01,3.499999940395355225e-01,3.499999940395355225e-01,7.494851201772689819e-02,3.499999940395355225e-01
9.919999999999941309e+00,2.752396486661490282e-01,7.214564060890585884e-01,3.905011336343050310e+00,-1.509071445541549927e-01,3.344654581227609058e-01,4.371220231024354197e-01,1.000000000000000000e+00,3.499999940395355225e-01,3.499999940395355225e-01,3.499999940395355225e-01,3.499999940395355225e-01,6.747646629810333252e-02,3.499999940395355225e-01
9.939999999999930225e+00,2.762034744472420256e-01,7.238564944150903679e-01,3.981086217872161992e+00,-1.394054948413244455e-01,3.321488294870189595e-01,4.419143771494481454e-01,1.000000000000000000e+00,3.499999940395355225e-01,3.499999940395355225e-01,3.499999940395355225e-01,3.499999940395355225e-01,6.486301124095916748e-02,3.499999940395355225e-01
9.959999999999919140e+00,2.773571450024687746e-01,7.255730919639050702e-01,4.057168033154064268e+00,-1.321916838459317733e-01,3.306356016753330129e-01,4.449201317308617565e-01,1.000000000000000000e+00,3.499999940395355225e-01,3.499999940395355225e-01,3.499999940395355225e-01,3.499999940395355225e-01,6.598576158285140991e-02,3.499999940395355225e-01
9.979999999999908056e+00,2.787209606151598296e-01,7.265473115222121914e-01,4.133492950185387649e+00,-1.308575032714419384e-01,3.302870299594611869e-01,4.454760403035658567e-01,1.000000000000000000e+00,3.499999940395355225e-01,3.499999940395355225e-01,3.499999940395355225e-01,3.499999940395355225e-01,6.657952070236206055e-02,3.499999940395355225e-01
9.999999999999896971e+00,2.803101368783853520e-01,7.267218833329086580e-01,4.209673566067126949e+00,-1.346862524902849301e-01,3.308377818097523737e-01,4.438807281290479412e-01,1.000000000000000000e+00,3.499999940395355225e-01,3.499999940395355225e-01,3.499999940395355225e-01,3.499999940395355225e-01,6.420548260211944580e-02,3.471641838550567627e-01
