time,x,y,yaw,reward,velocity_x,velocity_y,steady_state,frequency,phase_lag_1,phase_lag_2,phase_lag_3,phase_lag_4,phase_lag_5
2.000000000000001082e-02,5.999769338288414300e-01,-1.963789115274450214e-03,2.306065800052418957e-02,0.000000000000000000e+00,-4.094772682312648217e-03,-1.749425302508005597e-01,0.000000000000000000e+00,1.047135591506958008e+00,6.431883573532104492e-01,6.221138834953308105e-01,6.580593585968017578e-01,6.510573029518127441e-01,6.450207829475402832e-01
4.000000000000002859e-02,5.997828034847899614e-01,-6.050909308113194829e-03,7.509035995754484438e-02,0.000000000000000000e+00,-9.635955415496631760e-03,-1.931728971552765239e-01,0.000000000000000000e+00,1.060007572174072266e+00,6.212643384933471680e-01,5.536831617355346680e-01,6.648174524307250977e-01,6.505168676376342773e-01,5.568176507949829102e-01
6.000000000000004635e-02,5.994287875305612801e-01,-9.735218636307330087e-03,1.300438046883562182e-01,0.000000000000000000e+00,-1.248456657412428360e-02,-1.775332365887156982e-01,0.000000000000000000e+00,1.066402077674865723e+00,6.157502532005310059e-01,5.560353994369506836e-01,6.693748831748962402e-01,6.498566269874572754e-01,5.555360317230224609e-01
8.000000000000005718e-02,5.991206976245371241e-01,-1.170432221225287117e-02,1.712237346455205977e-01,0.000000000000000000e+00,-1.229781089426739381e-02,-1.458298345855608691e-01,0.000000000000000000e+00,1.075767278671264648e+00,6.085523366928100586e-01,5.796843767166137695e-01,6.759791970252990723e-01,6.464165449142456055e-01,5.773857831954956055e-01
1.000000000000000749e-01,5.989634839174139413e-01,-1.191134783623132298e-02,1.952437521220467265e-01,0.000000000000000000e+00,-1.073406138201817364e-02,-1.118955172350631216e-01,0.000000000000000000e+00,1.089967489242553711e+00,6.078020930290222168e-01,6.350238323211669922e-01,6.821986436843872070e-01,6.455708146095275879e-01,6.373749971389770508e-01
1.200000000000000927e-01,5.989103398759846320e-01,-1.102888687598180262e-02,2.078666996865566330e-01,0.000000000000000000e+00,-9.229126321585585241e-03,-8.362611941066049048e-02,0.000000000000000000e+00,1.093564271926879883e+00,6.183368563652038574e-01,6.741511225700378418e-01,6.811754107475280762e-01,6.487056612968444824e-01,6.838271021842956543e-01
1.400000000000000966e-01,5.988645055361996317e-01,-9.813308416091681696e-03,2.170324989728618092e-01,0.000000000000000000e+00,-8.405943729405330328e-03,-6.304638937166850976e-02,0.000000000000000000e+00,1.091046214103698730e+00,6.256131529808044434e-01,6.825559139251708984e-01,6.778046488761901855e-01,6.498193144798278809e-01,6.944076418876647949e-01
1.600000000000001144e-01,5.987561987833730504e-01,-8.666804233577130034e-03,2.276642187161244113e-01,0.000000000000000000e+00,-8.297807199435749959e-03,-4.833115509418386968e-02,0.000000000000000000e+00,1.086997270584106445e+00,6.266258358955383301e-01,6.766095757484436035e-01,6.763511896133422852e-01,6.503337621688842773e-01,6.893683671951293945e-01
1.800000000000001321e-01,5.985628646016241117e-01,-7.553838144072122507e-03,2.400231625191293350e-01,0.000000000000000000e+00,-8.666510375379878756e-03,-3.636940644178862647e-02,0.000000000000000000e+00,1.084943771362304688e+00,6.251159310340881348e-01,6.711289882659912109e-01,6.763411164283752441e-01,6.504253745079040527e-01,6.839413046836853027e-01
2.000000000000001499e-01,5.983039462068568959e-01,-6.173935456394163968e-03,2.510099690508147408e-01,0.000000000000000000e+00,-9.184555746311471452e-03,-2.458116420450371514e-02,0.000000000000000000e+00,1.085114479064941406e+00,6.255188584327697754e-01,6.750047802925109863e-01,6.761615276336669922e-01,6.504004597663879395e-01,6.881710290908813477e-01
2.200000000000001676e-01,5.980288191464611103e-01,-4.200985578430238565e-03,2.566072173811334012e-01,0.000000000000000000e+00,-9.542413245567487809e-03,-1.168403987939361892e-02,0.000000000000000000e+00,1.085202932357788086e+00,6.303869485855102539e-01,6.870012283325195312e-01,6.740885972976684570e-01,6.505076289176940918e-01,7.012538313865661621e-01
2.400000000000001854e-01,5.977967586240310327e-01,-1.455251955109981843e-03,2.538289883545654102e-01,0.000000000000000000e+00,-9.552458175312946234e-03,2.378162315061604914e-03,0.000000000000000000e+00,1.083511829376220703e+00,6.398277878761291504e-01,7.009545564651489258e-01,6.689482927322387695e-01,6.506150364875793457e-01,7.160750031471252441e-01
2.600000000000001754e-01,5.976564268119683998e-01,2.046065993408285877e-03,2.414717320598867012e-01,0.000000000000000000e+00,-9.131374739362499438e-03,1.693242166373175317e-02,0.000000000000000000e+00,1.079626560211181641e+00,6.509723067283630371e-01,7.112064361572265625e-01,6.616984605789184570e-01,6.506258249282836914e-01,7.271865606307983398e-01
2.800000000000001932e-01,5.976431164158322318e-01,6.139203631892908852e-03,2.198338330455144596e-01,0.000000000000000000e+00,-8.268039576479058531e-03,3.113812960935214216e-02,0.000000000000000000e+00,1.073831200599670410e+00,6.606141328811645508e-01,7.154583930969238281e-01,6.543449759483337402e-01,6.507382392883300781e-01,7.332282066345214844e-01
3.000000000000002109e-01,5.977822222541410158e-01,1.060582651693381395e-02,1.899814576039189906e-01,0.000000000000000000e+00,-6.973672601496529871e-03,4.433543717607214829e-02,0.000000000000000000e+00,1.066500902175903320e+00,6.679705381393432617e-01,7.145550847053527832e-01,6.477575302124023438e-01,6.511229276657104492e-01,7.351056933403015137e-01
3.200000000000002287e-01,5.980951952826329965e-01,1.524163255311933307e-02,1.531122391920212988e-01,0.000000000000000000e+00,-5.268650571601015374e-03,5.612954883024889874e-02,0.000000000000000000e+00,1.057964801788330078e+00,6.733946204185485840e-01,7.099953889846801758e-01,6.421304941177368164e-01,6.517205238342285156e-01,7.339411973953247070e-01
3.400000000000002465e-01,5.985996478839157309e-01,1.987858397921055120e-02,1.102505620543462739e-01,0.000000000000000000e+00,-3.179397319352049184e-03,6.632682444312050507e-02,0.000000000000000000e+00,1.048501133918762207e+00,6.774333119392395020e-01,7.029137611389160156e-01,6.373949050903320312e-01,6.524358391761779785e-01,7.305544614791870117e-01
3.600000000000002642e-01,5.993079749106285936e-01,2.437965206247122429e-02,6.225428605897011941e-02,0.000000000000000000e+00,-7.456149405143728918e-04,7.484014238285258136e-02,0.000000000000000000e+00,1.038228511810302734e+00,6.806757450103759766e-01,6.938396692276000977e-01,6.332935094833374023e-01,6.532688140869140625e-01,7.253522872924804688e-01
3.800000000000002820e-01,6.002256230998808118e-01,2.861976019664258519e-02,9.983411617684834899e-03,0.000000000000000000e+00,1.985926193082658206e-03,8.159958325427116299e-02,0.000000000000000000e+00,1.027175426483154297e+00,6.836222410202026367e-01,6.828227043151855469e-01,6.295769214630126953e-01,6.542870402336120605e-01,7.183515429496765137e-01
4.000000000000002998e-01,6.013511146176911959e-01,3.246323295794611985e-02,-4.557237081945550439e-02,0.000000000000000000e+00,4.949509123855824408e-03,8.650935727142333720e-02,0.000000000000000000e+00,1.015519738197326660e+00,6.865295171737670898e-01,6.698688268661499023e-01,6.261847615242004395e-01,6.555034518241882324e-01,7.094377875328063965e-01
4.200000000000003175e-01,6.026683515762497612e-01,3.576327071535095881e-02,-1.032759781391824755e-01,0.000000000000000000e+00,8.059453541423478376e-03,8.948579791814334494e-02,0.000000000000000000e+00,1.003921031951904297e+00,6.893122196197509766e-01,6.554164290428161621e-01,6.232841610908508301e-01,6.567701101303100586e-01,6.986993551254272461e-01
4.400000000000003353e-01,6.041527303654047332e-01,3.838247789511162189e-02,-1.619344467394379372e-01,0.000000000000000000e+00,1.123667793923517448e-02,9.050708111011428192e-02,0.000000000000000000e+00,1.000000000000000000e+00,6.916537284851074219e-01,6.404733657836914062e-01,6.211192607879638672e-01,6.578259468078613281e-01,6.865885257720947266e-01
4.600000000000003531e-01,6.057772876032747611e-01,4.021097151476177300e-02,-2.204743789712013402e-01,0.000000000000000000e+00,1.441253358752230679e-02,8.962564916309291585e-02,0.000000000000000000e+00,1.000000000000000000e+00,6.932831406593322754e-01,6.261323690414428711e-01,6.198079586029052734e-01,6.584755778312683105e-01,6.737138628959655762e-01
4.800000000000003708e-01,6.075146946322366182e-01,4.117116650536700728e-02,-2.779375781997111550e-01,0.000000000000000000e+00,1.752773444682390394e-02,8.694645001611965573e-02,0.000000000000000000e+00,1.000000000000000000e+00,6.940940022468566895e-01,6.130703091621398926e-01,6.192748546600341797e-01,6.586720943450927734e-01,6.606334447860717773e-01
5.000000000000003331e-01,6.093311718907500341e-01,4.121061754998756044e-02,-3.333583868590022092e-01,0.000000000000000000e+00,2.051389270016764840e-02,8.260417682814845397e-02,0.000000000000000000e+00,1.000000000000000000e+00,6.940342187881469727e-01,6.016499400138854980e-01,6.193162798881530762e-01,6.584500074386596680e-01,6.479521393775939941e-01
5.200000000000003508e-01,6.111926000966149131e-01,4.030291142218606071e-02,-3.857204209859846911e-01,0.000000000000000000e+00,2.333293935223492224e-02,7.676813245251036533e-02,0.000000000000000000e+00,1.000000000000000000e+00,6.929944753646850586e-01,5.919297933578491211e-01,6.197753548622131348e-01,6.578392982482910156e-01,6.360309123992919922e-01
5.400000000000003686e-01,6.130802707558381526e-01,3.845165036663006353e-02,-4.339427167985535627e-01,0.000000000000000000e+00,2.598695329638629758e-02,6.964017350477470780e-02,0.000000000000000000e+00,1.000000000000000000e+00,6.908163428306579590e-01,5.836124420166015625e-01,6.206582188606262207e-01,6.568793058395385742e-01,6.247616410255432129e-01
5.600000000000003864e-01,6.149979668200244998e-01,3.569436380967844213e-02,-4.769346455544656860e-01,0.000000000000000000e+00,2.852517837264678321e-02,6.146150438826865348e-02,0.000000000000000000e+00,1.000000000000000000e+00,6.873939633369445801e-01,5.762671828269958496e-01,6.220854520797729492e-01,6.557345390319824219e-01,6.139360070228576660e-01
5.800000000000004041e-01,6.169737674866796473e-01,3.210798252424268417e-02,-5.136452476465723782e-01,0.000000000000000000e+00,3.100008931327783920e-02,5.249492549015560838e-02,0.000000000000000000e+00,1.000000000000000000e+00,6.826970577239990234e-01,5.695469379425048828e-01,6.242430806159973145e-01,6.546813249588012695e-01,6.035649776458740234e-01
6.000000000000004219e-01,6.190002699576973022e-01,2.778172756369201579e-02,-5.431368798556843736e-01,0.000000000000000000e+00,3.337825252759896166e-02,4.297464369238075677e-02,0.000000000000000000e+00,1.000000000000000000e+00,6.767123937606811523e-01,5.632298588752746582e-01,6.273484230041503906e-01,6.539103388786315918e-01,5.937799811363220215e-01
6.200000000000004396e-01,6.210720227055531728e-01,2.282279405231790737e-02,-5.646865281735402586e-01,0.000000000000000000e+00,3.568936184598908018e-02,3.314728460410550775e-02,0.000000000000000000e+00,1.000254273414611816e+00,6.695909500122070312e-01,5.572935342788696289e-01,6.314748525619506836e-01,6.534290313720703125e-01,5.847430229187011719e-01
6.400000000000004574e-01,6.232064682479732109e-01,1.735769793778629833e-02,-5.777285255619466486e-01,0.000000000000000000e+00,3.796472836685237107e-02,2.324455260003206042e-02,0.000000000000000000e+00,1.006364464759826660e+00,6.618257761001586914e-01,5.519810914993286133e-01,6.363050937652587891e-01,6.531693339347839355e-01,5.766475200653076172e-01
6.600000000000004752e-01,6.254159186657538561e-01,1.151171728469529976e-02,-5.817962716814021329e-01,0.000000000000000000e+00,4.022629851468952078e-02,1.345374989533929498e-02,0.000000000000000000e+00,1.012486815452575684e+00,6.538373827934265137e-01,5.474673509597778320e-01,6.414350271224975586e-01,6.530789732933044434e-01,5.695299506187438965e-01
6.800000000000004929e-01,6.277179049983695469e-01,5.399919532606656247e-03,-5.765287374658125685e-01,0.000000000000000000e+00,4.250903943168644200e-02,3.929515583160233388e-03,0.000000000000000000e+00,1.018575549125671387e+00,6.458079218864440918e-01,5.437474250793457031e-01,6.466556787490844727e-01,6.531198620796203613e-01,5.633433461189270020e-01
7.000000000000005107e-01,6.301402629258746613e-01,-8.692684776138714930e-04,-5.617316340938169894e-01,0.000000000000000000e+00,4.485755519842096056e-02,-5.201219463625597964e-03,0.000000000000000000e+00,1.024354338645935059e+00,6.380169391632080078e-01,5.408537387847900391e-01,6.518794894218444824e-01,6.532277464866638184e-01,5.581403374671936035e-01
7.200000000000005285e-01,6.327185386022502467e-01,-7.193435497389988331e-03,-5.374335682362645361e-01,0.000000000000000000e+00,4.731640600808779268e-02,-1.382997661910986310e-02,0.000000000000000000e+00,1.029539227485656738e+00,6.308847665786743164e-01,5.389654040336608887e-01,6.570159792900085449e-01,6.533114314079284668e-01,5.540750622749328613e-01
7.400000000000005462e-01,6.354824293472026708e-01,-1.347078938712292784e-02,-5.038998315173882636e-01,0.000000000000000000e+00,4.990713459207698349e-02,-2.186336956372555290e-02,0.000000000000000000e+00,1.034061312675476074e+00,6.247490048408508301e-01,5.382953882217407227e-01,6.618338227272033691e-01,6.532692909240722656e-01,5.513288378715515137e-01
7.600000000000005640e-01,6.384525220808419110e-01,-1.960723267276170967e-02,-4.616138487022154457e-01,0.000000000000000000e+00,5.264733320988197046e-02,-2.922946200694834240e-02,0.000000000000000000e+00,1.038002252578735352e+00,6.197373867034912109e-01,5.388728976249694824e-01,6.659722328186035156e-01,6.529949307441711426e-01,5.499424934387207031e-01
7.800000000000005818e-01,6.416524314095197745e-01,-2.551386608104921905e-02,-4.112803452548805527e-01,0.000000000000000000e+00,5.555859551333303809e-02,-3.586723519727284815e-02,0.000000000000000000e+00,1.041623711585998535e+00,6.156794428825378418e-01,5.405526161193847656e-01,6.693161725997924805e-01,6.524320244789123535e-01,5.497387051582336426e-01
8.000000000000005995e-01,6.451065382049392394e-01,-3.110687393372579823e-02,-3.537990905930689101e-01,0.000000000000000000e+00,5.864896305718535208e-02,-4.173730671846596907e-02,0.000000000000000000e+00,1.045380592346191406e+00,6.122624874114990234e-01,5.433209538459777832e-01,6.720800399780273438e-01,6.515967845916748047e-01,5.505846738815307617e-01
8.200000000000006173e-01,6.488056711059928539e-01,-3.631722797024256044e-02,-2.902888201618343822e-01,0.000000000000000000e+00,6.185884542837753047e-02,-4.680061816229913463e-02,0.000000000000000000e+00,1.049673676490783691e+00,6.092311143875122070e-01,5.473340749740600586e-01,6.745378375053405762e-01,6.505280733108520508e-01,5.525329113006591797e-01
8.400000000000006350e-01,6.526970201246945491e-01,-4.104094905536664895e-02,-2.218652506550063408e-01,0.000000000000000000e+00,6.511058639989608654e-02,-5.097205301604777056e-02,0.000000000000000000e+00,1.054699540138244629e+00,6.064473390579223633e-01,5.527870059013366699e-01,6.768763065338134766e-01,6.492666006088256836e-01,5.557684302330017090e-01
8.600000000000006528e-01,6.567272593292901028e-01,-4.516130638913073980e-02,-1.495870080481510045e-01,0.000000000000000000e+00,6.834666313494577872e-02,-5.418401170422035978e-02,0.000000000000000000e+00,1.060552120208740234e+00,6.038516759872436523e-01,5.599246025085449219e-01,6.792007684707641602e-01,6.478486061096191406e-01,5.605907440185546875e-01
8.800000000000006706e-01,6.608558165309955656e-01,-4.857101262220109295e-02,-7.454421967288618611e-02,0.000000000000000000e+00,7.152841283494802693e-02,-5.638427473752380403e-02,0.000000000000000000e+00,1.067201256752014160e+00,6.014739871025085449e-01,5.690015554428100586e-01,6.815223693847656250e-01,6.463274359703063965e-01,5.673998594284057617e-01
9.000000000000006883e-01,6.650516796096553884e-01,-5.116989107866448672e-02,2.136049973451993600e-03,0.000000000000000000e+00,7.462854565118105798e-02,-5.753302725543878865e-02,0.000000000000000000e+00,1.074607253074645996e+00,5.993742346763610840e-01,5.802195072174072266e-01,6.837905049324035645e-01,6.448231935501098633e-01,5.765661001205444336e-01
9.200000000000007061e-01,6.692880401980112470e-01,-5.286598913615447870e-02,7.926813929315212892e-02,0.000000000000000000e+00,7.762217934630402660e-02,-5.760428364903052295e-02,0.000000000000000000e+00,1.082663416862487793e+00,5.976132154464721680e-01,5.935950875282287598e-01,6.859370470046997070e-01,6.435497403144836426e-01,5.883033275604248047e-01
9.400000000000007239e-01,6.735314303802183433e-01,-5.357810983814059735e-02,1.555680067907918851e-01,0.000000000000000000e+00,8.047373807824499681e-02,-5.658827196440083945e-02,0.000000000000000000e+00,1.091032028198242188e+00,5.962859988212585449e-01,6.088083386421203613e-01,6.879052519798278809e-01,6.427947282791137695e-01,6.025680303573608398e-01
9.600000000000007416e-01,6.777400357928481389e-01,-5.324465201491751509e-02,2.296745554443067050e-01,0.000000000000000000e+00,8.314987178504791576e-02,-5.450350737156386266e-02,0.000000000000000000e+00,1.099060654640197754e+00,5.956073403358459473e-01,6.251513361930847168e-01,6.896194815635681152e-01,6.428615450859069824e-01,6.190037727355957031e-01
9.800000000000007594e-01,6.818797177061315384e-01,-5.183426154991777057e-02,3.001514583205993070e-01,0.000000000000000000e+00,8.563519040946576677e-02,-5.140062646140956121e-02,0.000000000000000000e+00,1.105837941169738770e+00,5.959327816963195801e-01,6.415942311286926270e-01,6.909493207931518555e-01,6.439559459686279297e-01,6.368965506553649902e-01
1.000000000000000666e+00,6.859375452692214603e-01,-4.935123100309862787e-02,3.654843888094641557e-01,0.000000000000000000e+00,8.794238306182419751e-02,-4.736608158349553399e-02,0.000000000000000000e+00,1.110376596450805664e+00,5.975818037986755371e-01,6.569049954414367676e-01,6.917647719383239746e-01,6.460042595863342285e-01,6.550688147544860840e-01
1.019999999999998463e+00,6.899280415573899594e-01,-4.585134044068595038e-02,4.241266800729608377e-01,0.000000000000000000e+00,9.199292445200102364e-02,-3.989271814902352331e-02,0.000000000000000000e+00,1.112132549285888672e+00,6.005380749702453613e-01,6.700090169906616211e-01,6.919410228729248047e-01,6.484458446502685547e-01,6.719485521316528320e-01
1.039999999999996261e+00,6.938824438556243646e-01,-4.143962811901552579e-02,4.745531739463072496e-01,0.000000000000000000e+00,9.622785064325803384e-02,-3.083231238633139804e-02,0.000000000000000000e+00,1.111428856849670410e+00,6.044762730598449707e-01,6.806356310844421387e-01,6.912746429443359375e-01,6.504270434379577637e-01,6.863465905189514160e-01
1.059999999999994058e+00,6.977743471712443135e-01,-3.622253383224505185e-02,5.154559303507116885e-01,0.000000000000000000e+00,1.004414191087560915e-01,-2.232804895087603728e-02,0.000000000000000000e+00,1.109067440032958984e+00,6.092134714126586914e-01,6.895352602005004883e-01,6.895627379417419434e-01,6.514758467674255371e-01,6.982973814010620117e-01
1.079999999999991855e+00,7.015850330577987348e-01,-3.033238588201336849e-02,5.459186855806652527e-01,0.000000000000000000e+00,1.044502423742951214e-01,-1.514270636932588641e-02,0.000000000000000000e+00,1.105728507041931152e+00,6.149681806564331055e-01,6.976417899131774902e-01,6.865812540054321289e-01,6.516931653022766113e-01,7.084363102912902832e-01
1.099999999999989653e+00,7.053262979881597117e-01,-2.393834095660885009e-02,5.653027240877384063e-01,0.000000000000000000e+00,1.082508243592292252e-01,-9.030546178302010715e-03,0.000000000000000000e+00,1.101548314094543457e+00,6.222195625305175781e-01,7.053270339965820312e-01,6.820923686027526855e-01,6.514021158218383789e-01,7.172778844833374023e-01
1.119999999999987450e+00,7.090146053046454400e-01,-1.720674015061357531e-02,5.732579267526799471e-01,0.000000000000000000e+00,1.119558079529233835e-01,-3.337515990370262461e-03,0.000000000000000000e+00,1.096281766891479492e+00,6.311754584312438965e-01,7.121244072914123535e-01,6.761007308959960938e-01,6.508722305297851562e-01,7.249150872230529785e-01
1.139999999999985247e+00,7.126807013808880154e-01,-1.029220526467217178e-02,5.697248074217451386e-01,0.000000000000000000e+00,1.156937618754457220e-01,2.411099432837163561e-03,0.000000000000000000e+00,1.089868426322937012e+00,6.413825154304504395e-01,7.172862887382507324e-01,6.690523028373718262e-01,6.503143906593322754e-01,7.311360836029052734e-01
1.159999999999983045e+00,7.163673829064802767e-01,-3.334771747989739854e-03,5.549405955422270775e-01,0.000000000000000000e+00,1.195570807569244359e-01,8.253670712399539811e-03,0.000000000000000000e+00,1.082594156265258789e+00,6.516203284263610840e-01,7.201617956161499023e-01,6.616554856300354004e-01,6.499417424201965332e-01,7.356081604957580566e-01
1.179999999999980842e+00,7.201181442702255797e-01,3.541021235640651188e-03,5.294447193911346883e-01,0.000000000000000000e+00,1.235830669673861071e-01,1.386329380481176460e-02,0.000000000000000000e+00,1.074524641036987305e+00,6.606914997100830078e-01,7.202385663986206055e-01,6.543844938278198242e-01,6.498875617980957031e-01,7.380777597427368164e-01
1.199999999999978639e+00,7.239634194110520227e-01,1.022632745345775085e-02,4.940174039443357978e-01,0.000000000000000000e+00,1.277615919800310917e-01,1.879163061828901735e-02,0.000000000000000000e+00,1.065437078475952148e+00,6.681879758834838867e-01,7.173193097114562988e-01,6.473784446716308594e-01,6.501525640487670898e-01,7.384324669837951660e-01
1.219999999999976437e+00,7.279319791198968215e-01,1.663078462672518132e-02,4.496372549006856234e-01,0.000000000000000000e+00,1.320653929120889913e-01,2.268135846293004715e-02,0.000000000000000000e+00,1.055588603019714355e+00,6.739864349365234375e-01,7.116556763648986816e-01,6.410375237464904785e-01,6.506577134132385254e-01,7.366098165512084961e-01
1.239999999999974234e+00,7.320575052145568140e-01,2.267264289347076245e-02,3.974572717055350202e-01,0.000000000000000000e+00,1.364722230587728236e-01,2.537660628280698216e-02,0.000000000000000000e+00,1.045604705810546875e+00,6.782253980636596680e-01,7.041046619415283203e-01,6.358149647712707520e-01,6.513234376907348633e-01,7.329801321029663086e-01
1.259999999999972031e+00,7.363558216402575907e-01,2.829120880853580600e-02,3.388012631437402611e-01,0.000000000000000000e+00,1.409297359725185661e-01,2.693591854978669847e-02,0.000000000000000000e+00,1.035782575607299805e+00,6.814397573471069336e-01,6.954735517501831055e-01,6.316393017768859863e-01,6.521378755569458008e-01,7.281489968299865723e-01
1.279999999999969829e+00,7.407912355390835479e-01,3.342604701084794794e-02,2.750693366266638851e-01,0.000000000000000000e+00,1.453559504282334325e-01,2.748072887706374395e-02,0.000000000000000000e+00,1.026136279106140137e+00,6.841320991516113281e-01,6.861192584037780762e-01,6.282183527946472168e-01,6.531104445457458496e-01,7.224571108818054199e-01
1.299999999999967626e+00,7.453089084893854688e-01,3.798392275545869889e-02,2.074916138290854029e-01,0.000000000000000000e+00,1.496753749194918992e-01,2.713883433804656700e-02,0.000000000000000000e+00,1.016542315483093262e+00,6.865753531455993652e-01,6.760962605476379395e-01,6.253614425659179688e-01,6.542121767997741699e-01,7.159628272056579590e-01
1.319999999999965423e+00,7.498630871169524870e-01,4.188248857958321025e-02,1.372201370235731355e-01,0.000000000000000000e+00,1.538299048418329817e-01,2.602308701079287037e-02,0.000000000000000000e+00,1.006966710090637207e+00,6.888244748115539551e-01,6.654295325279235840e-01,6.230108141899108887e-01,6.553556323051452637e-01,7.086305022239685059e-01
1.339999999999963221e+00,7.544211955813919790e-01,4.505565458493776543e-02,6.535759009636298023e-02,0.000000000000000000e+00,1.577766955369787338e-01,2.422536852901049920e-02,0.000000000000000000e+00,1.000000000000000000e+00,6.908299326896667480e-01,6.542952656745910645e-01,6.211484670639038086e-01,6.564124226570129395e-01,7.004853487014770508e-01
1.359999999999961018e+00,7.589595557781367852e-01,4.745397031962961254e-02,-7.121949383803970191e-03,0.000000000000000000e+00,1.614857717061835007e-01,2.183238767193482199e-02,0.000000000000000000e+00,1.000000000000000000e+00,6.925379037857055664e-01,6.430435180664062500e-01,6.197457313537597656e-01,6.572664976119995117e-01,6.916653513908386230e-01
1.379999999999958815e+00,7.634568775488490555e-01,4.904262447478485720e-02,-7.941330564548208792e-02,0.000000000000000000e+00,1.649312662718410982e-01,1.893999522670315044e-02,0.000000000000000000e+00,1.000000000000000000e+00,6.939196586608886719e-01,6.320456862449645996e-01,6.187698841094970703e-01,6.578580141067504883e-01,6.823344826698303223e-01
1.399999999999956612e+00,7.678863740102126467e-01,4.979015753792986887e-02,-1.507169108120015588e-01,0.000000000000000000e+00,1.680914397866480892e-01,1.566089698809844041e-02,0.000000000000000000e+00,1.000000000000000000e+00,6.949312090873718262e-01,6.215227842330932617e-01,6.182209849357604980e-01,6.581745147705078125e-01,6.725634932518005371e-01
1.419999999999954410e+00,7.722178179495297057e-01,4.966900880313923627e-02,-2.201431623959627937e-01,0.000000000000000000e+00,1.709597880692106664e-01,1.211839208050969827e-02,0.000000000000000000e+00,1.000000000000000000e+00,6.954813599586486816e-01,6.115899085998535156e-01,6.181033849716186523e-01,6.582177281379699707e-01,6.624212265014648438e-01
1.439999999999952207e+00,7.764268477996643103e-01,4.866362567359328040e-02,-2.866916465356994514e-01,0.000000000000000000e+00,1.735432758660094832e-01,8.431074611139588795e-03,0.000000000000000000e+00,1.000000000000000000e+00,6.954426765441894531e-01,6.024019122123718262e-01,6.183645725250244141e-01,6.579850912094116211e-01,6.521536111831665039e-01
1.459999999999950004e+00,7.805019960060186612e-01,4.677789123703052221e-02,-3.492825081806081866e-01,0.000000000000000000e+00,1.758666566076042825e-01,4.707957728420830192e-03,0.000000000000000000e+00,1.000000000000000000e+00,6.946508884429931641e-01,5.940977334976196289e-01,6.189312338829040527e-01,6.574559211730957031e-01,6.420415043830871582e-01
1.479999999999947802e+00,7.844500962224653096e-01,4.404355086367200967e-02,-4.068318950440048543e-01,0.000000000000000000e+00,1.779741421103716581e-01,1.064069516979017707e-03,0.000000000000000000e+00,1.000000000000000000e+00,6.929160952568054199e-01,5.866218209266662598e-01,6.198053956031799316e-01,6.566145420074462891e-01,6.321114301681518555e-01
1.499999999999945599e+00,7.882942582250068719e-01,4.053171134902505690e-02,-4.583027014902794072e-01,0.000000000000000000e+00,1.799334396206402342e-01,-2.375120386409564164e-03,0.000000000000000000e+00,1.000000000000000000e+00,6.900774836540222168e-01,5.797421336174011230e-01,6.210829615592956543e-01,6.555337905883789062e-01,6.222136020660400391e-01
1.519999999999943396e+00,7.920498341016630750e-01,3.632614499011493914e-02,-5.027144339672193762e-01,0.000000000000000000e+00,1.817581374462245158e-01,-5.520072372155286622e-03,0.000000000000000000e+00,1.000000000000000000e+00,6.860353946685791016e-01,5.732174515724182129e-01,6.229265332221984863e-01,6.544224023818969727e-01,6.123104691505432129e-01
1.539999999999941194e+00,7.956861269731652087e-01,3.150282139819587934e-02,-5.393095815278495797e-01,0.000000000000000000e+00,1.834288973787697452e-01,-8.309534392930950294e-03,0.000000000000000000e+00,1.000000000000000000e+00,6.806740760803222656e-01,5.668745040893554688e-01,6.255788803100585938e-01,6.535102725028991699e-01,6.025063991546630859e-01
1.559999999999938991e+00,7.991935850704081634e-01,2.615383571185597722e-02,-5.675317641828176995e-01,0.000000000000000000e+00,1.849347647552010698e-01,-1.069701379987265250e-02,0.000000000000000000e+00,1.000000000000000000e+00,6.739978194236755371e-01,5.607094764709472656e-01,6.292355060577392578e-01,6.528843641281127930e-01,5.930435061454772949e-01
1.579999999999936788e+00,8.025852538689280946e-01,2.039184593380799493e-02,-5.869353637662492185e-01,0.000000000000000000e+00,1.862683623205752814e-01,-1.265588236532190838e-02,0.000000000000000000e+00,1.000000000000000000e+00,6.663913726806640625e-01,5.549625158309936523e-01,6.337338685989379883e-01,6.525086164474487305e-01,5.842307209968566895e-01
1.599999999999934586e+00,8.058807879805398589e-01,1.432706007703410389e-02,-5.971846905824684804e-01,0.000000000000000000e+00,1.874783248363340316e-01,-1.417536892354684039e-02,0.000000000000000000e+00,1.001686334609985352e+00,6.584166288375854492e-01,5.499487519264221191e-01,6.386645436286926270e-01,6.523249745368957520e-01,5.763466358184814453e-01
1.619999999999932383e+00,8.091111830323678422e-01,8.058277319442863629e-03,-5.980421816237669885e-01,0.000000000000000000e+00,1.885888798661173871e-01,-1.528231467212167079e-02,0.000000000000000000e+00,1.007918119430541992e+00,6.503868103027343750e-01,5.457711815834045410e-01,6.437265276908874512e-01,6.522946953773498535e-01,5.694808363914489746e-01
1.639999999999930180e+00,8.123180394080796729e-01,1.671963924006147906e-03,-5.893479509712262754e-01,0.000000000000000000e+00,1.896298498951622669e-01,-1.602597605346784901e-02,0.000000000000000000e+00,1.013971209526062012e+00,6.424713730812072754e-01,5.423684716224670410e-01,6.488043665885925293e-01,6.523759365081787109e-01,5.635761022567749023e-01
1.659999999999927978e+00,8.155496657198244570e-01,-4.754609901612083522e-03,-5.710800449995442341e-01,0.000000000000000000e+00,1.906379038244191415e-01,-1.644922291407009685e-02,0.000000000000000000e+00,1.019618511199951172e+00,6.349908709526062012e-01,5.397902727127075195e-01,6.538424491882324219e-01,6.525028944015502930e-01,5.586578249931335449e-01
1.679999999999925775e+00,8.188510426027182376e-01,-1.114317595974323449e-02,-5.434086308760354145e-01,0.000000000000000000e+00,1.916298573155583995e-01,-1.658491062138244682e-02,0.000000000000000000e+00,1.024677991867065430e+00,6.283240914344787598e-01,5.382327437400817871e-01,6.587261557579040527e-01,6.525954008102416992e-01,5.548844337463378906e-01
1.699999999999923572e+00,8.222593772416244562e-01,-1.741735520870729692e-02,-5.067004462345331417e-01,0.000000000000000000e+00,1.926102144615623457e-01,-1.646343696145564570e-02,0.000000000000000000e+00,1.029102683067321777e+00,6.227256655693054199e-01,5.378553867340087891e-01,6.631683707237243652e-01,6.525543928146362305e-01,5.524186491966247559e-01
1.719999999999921370e+00,8.258139144163385570e-01,-2.350166604408954196e-02,-4.615337390170463072e-01,0.000000000000000000e+00,1.935844260907653713e-01,-1.610954471034990731e-02,0.000000000000000000e+00,1.032935142517089844e+00,6.181997060775756836e-01,5.385982394218444824e-01,6.668784618377685547e-01,6.522762179374694824e-01,5.512330532073974609e-01
1.739999999999919167e+00,8.295551129219932429e-01,-2.931972153865136654e-02,-4.086924174944482346e-01,0.000000000000000000e+00,1.945646811328212433e-01,-1.555052782781641586e-02,0.000000000000000000e+00,1.036434531211853027e+00,6.145032644271850586e-01,5.403338670730590820e-01,6.698739528656005859e-01,6.517223119735717773e-01,5.511559844017028809e-01
1.759999999999916964e+00,8.334966850921328163e-01,-3.481015563030076532e-02,-3.491949125977670265e-01,0.000000000000000000e+00,1.955174932763282247e-01,-1.481828522027795955e-02,0.000000000000000000e+00,1.040020942687988281e+00,6.113423109054565430e-01,5.431010127067565918e-01,6.723988652229309082e-01,6.509147882461547852e-01,5.521129369735717773e-01
1.779999999999914762e+00,8.376070771956360961e-01,-3.989062508364199511e-02,-2.841510087735544254e-01,0.000000000000000000e+00,1.963730106335085657e-01,-1.389358934141329653e-02,0.000000000000000000e+00,1.044025778770446777e+00,6.085093617439270020e-01,5.470539331436157227e-01,6.746867895126342773e-01,6.498877406120300293e-01,5.541802644729614258e-01
1.799999999999912559e+00,8.418400517679149875e-01,-4.444986667180905737e-02,-2.145936240397103845e-01,0.000000000000000000e+00,1.970695928648032724e-01,-1.274280021967784567e-02,0.000000000000000000e+00,1.048691391944885254e+00,6.058725714683532715e-01,5.524218082427978516e-01,6.769019961357116699e-01,6.486673951148986816e-01,5.575498342514038086e-01
1.819999999999910356e+00,8.461555269360584441e-01,-4.838366699734247822e-02,-1.415623250589926330e-01,0.000000000000000000e+00,1.976105108909529395e-01,-1.134381028456026529e-02,0.000000000000000000e+00,1.054096460342407227e+00,6.034078598022460938e-01,5.594671964645385742e-01,6.791151165962219238e-01,6.472800374031066895e-01,5.625483393669128418e-01
1.839999999999908153e+00,8.505232700970869475e-01,-5.159474772980610080e-02,-6.612884855392424377e-02,0.000000000000000000e+00,1.980276046390174183e-01,-9.721937554173607984e-03,0.000000000000000000e+00,1.060224533081054688e+00,6.011610031127929688e-01,5.684564113616943359e-01,6.813240051269531250e-01,6.457765698432922363e-01,5.695824027061462402e-01
1.859999999999905951e+00,8.549198005108034071e-01,-5.399141706649157602e-02,1.059838887360387352e-02,0.000000000000000000e+00,1.983463528734263071e-01,-7.900482087512639834e-03,0.000000000000000000e+00,1.067036390304565430e+00,5.991972088813781738e-01,5.795681476593017578e-01,6.834803223609924316e-01,6.442800760269165039e-01,5.789946317672729492e-01
1.879999999999903748e+00,8.593229492682631365e-01,-5.548951496818704809e-02,8.745032103299410497e-02,0.000000000000000000e+00,1.985766339466393804e-01,-5.903269825401688889e-03,0.000000000000000000e+00,1.074399113655090332e+00,5.975777506828308105e-01,5.927425622940063477e-01,6.855258345603942871e-01,6.430113911628723145e-01,5.909160375595092773e-01
1.899999999999901545e+00,8.637015228771260933e-01,-5.601540834991103335e-02,1.631670265084398386e-01,0.000000000000000000e+00,1.987097001255114515e-01,-3.761354632037024453e-03,0.000000000000000000e+00,1.081966519355773926e+00,5.963954329490661621e-01,6.075748205184936523e-01,6.874141693115234375e-01,6.422622203826904297e-01,6.051918864250183105e-01
1.919999999999899343e+00,8.680187098862632844e-01,-5.551618815278247521e-02,2.364300493665870972e-01,0.000000000000000000e+00,1.987389678917673985e-01,-1.522717819038100183e-03,0.000000000000000000e+00,1.089158773422241211e+00,5.958526134490966797e-01,6.233546137809753418e-01,6.890792250633239746e-01,6.423251628875732422e-01,6.214076280593872070e-01
1.939999999999897140e+00,8.722469302031484739e-01,-5.396825287395662363e-02,3.058531648960315930e-01,0.000000000000000000e+00,1.986854945648066362e-01,7.463021886066348786e-04,0.000000000000000000e+00,1.095201730728149414e+00,5.962773561477661133e-01,6.391515731811523438e-01,6.903987526893615723e-01,6.433809399604797363e-01,6.388841271400451660e-01
1.959999999999894937e+00,8.763799071526194862e-01,-5.138250505064934082e-02,3.699877914032090875e-01,0.000000000000000000e+00,1.985968571908434677e-01,2.965816934992365674e-03,0.000000000000000000e+00,1.099267959594726562e+00,5.979579687118530273e-01,6.538953781127929688e-01,6.912286281585693359e-01,6.453279852867126465e-01,6.565524339675903320e-01
1.979999999999892735e+00,8.804364300157669909e-01,-4.782119032694792660e-02,4.273624887226143976e-01,0.000000000000000000e+00,1.985295324942716044e-01,5.030305395609589031e-03,0.000000000000000000e+00,1.100931882858276367e+00,6.008673906326293945e-01,6.666351556777954102e-01,6.914060711860656738e-01,6.476008892059326172e-01,6.729436516761779785e-01
1.999999999999890532e+00,8.844458292889001427e-01,-4.338680508777831291e-02,4.765296628032533732e-01,0.000000000000000000e+00,1.984877073522499646e-01,6.861835611628583874e-03,0.000000000000000000e+00,1.100458741188049316e+00,6.046957373619079590e-01,6.770828366279602051e-01,6.907238364219665527e-01,6.493971943855285645e-01,6.869117021560668945e-01
2.019999999999888551e+00,8.883782144278986603e-01,-3.817980835826167985e-02,5.162765365022786712e-01,-1.772079681539226459e-01,1.984041568807437539e-01,8.441328873402247773e-03,1.000000000000000000e+00,1.098455429077148438e+00,6.092721819877624512e-01,6.858657598495483398e-01,6.890142560005187988e-01,6.503092646598815918e-01,6.984847187995910645e-01
2.039999999999886349e+00,8.922208271654733514e-01,-3.233686216470960106e-02,5.457815325275978680e-01,-1.701631034258204722e-01,1.982766097004174111e-01,9.704213424981775193e-03,1.000000000000000000e+00,1.061875939369201660e+00,6.157993674278259277e-01,6.854335665702819824e-01,6.834790706634521484e-01,6.450313925743103027e-01,7.101381421089172363e-01
2.059999999999884146e+00,8.959910197044499425e-01,-2.605500925523224209e-02,5.646264449161961796e-01,-1.690448278810267602e-01,1.981657901103676123e-01,1.056406231945504308e-02,1.000000000000000000e+00,1.058971524238586426e+00,6.218076348304748535e-01,6.923457980155944824e-01,6.794796586036682129e-01,6.445698142051696777e-01,7.172251939773559570e-01
2.079999999999881943e+00,8.997048758225258958e-01,-1.950835481089074896e-02,5.726994654824434372e-01,-1.678175381814722145e-01,1.980839051666279937e-01,1.102447447324229890e-02,1.000000000000000000e+00,1.054436802864074707e+00,6.292400360107421875e-01,6.977725625038146973e-01,6.741779446601867676e-01,6.441489458084106445e-01,7.229036092758178711e-01
2.099999999999879741e+00,9.033836442756296714e-01,-1.283055471356397970e-02,5.700821748976193648e-01,-1.666708693618996484e-01,1.980431851756215278e-01,1.114130166681970291e-02,1.000000000000000000e+00,1.048980712890625000e+00,6.377322673797607422e-01,7.017819285392761230e-01,6.680801510810852051e-01,6.439344882965087891e-01,7.274066805839538574e-01
2.119999999999877538e+00,9.070565467308859819e-01,-6.127857264923541880e-03,5.570249722466467102e-01,-1.657390914310259422e-01,1.980538310142100078e-01,1.097705961275112843e-02,1.000000000000000000e+00,1.043056488037109375e+00,6.464912295341491699e-01,7.041643261909484863e-01,6.617129445075988770e-01,6.440058946609497070e-01,7.306302785873413086e-01
2.139999999999875335e+00,9.107576113242641380e-01,5.056372398637987153e-04,5.339773909547517183e-01,-1.650059643916933494e-01,1.981105818211354730e-01,1.058736091746392306e-02,1.000000000000000000e+00,1.036734580993652344e+00,6.545963287353515625e-01,7.044982314109802246e-01,6.554433703422546387e-01,6.444056034088134766e-01,7.323636412620544434e-01
2.159999999999873133e+00,9.145169968905386693e-01,6.980599200087089784e-03,5.015742425924495373e-01,-1.643442392644999805e-01,1.981968471256070896e-01,1.001945158475170926e-02,1.000000000000000000e+00,1.029793739318847656e+00,6.615889072418212891e-01,7.024511694908142090e-01,6.493539214134216309e-01,6.451101899147033691e-01,7.324455976486206055e-01
2.179999999999870930e+00,9.183671106009196894e-01,1.321719031158424817e-02,4.606186542981076104e-01,-1.637448351642902256e-01,1.983111069021418205e-01,9.314556516036760075e-03,1.000000000000000000e+00,1.022209405899047852e+00,6.673891544342041016e-01,6.980122327804565430e-01,6.435400843620300293e-01,6.460431814193725586e-01,7.307744026184082031e-01
2.199999999999868727e+00,9.223457558330376838e-01,1.913962652538403475e-02,4.120775825937254000e-01,-1.633283190221983816e-01,1.984644831246404895e-01,8.497366258033873035e-03,1.000000000000000000e+00,1.014307856559753418e+00,6.720095276832580566e-01,6.916391253471374512e-01,6.383582949638366699e-01,6.471121311187744141e-01,7.274581789970397949e-01
2.219999999999866525e+00,9.264805614304654213e-01,2.468558078378002563e-02,3.570733971971243315e-01,-1.629997213322791905e-01,1.986339835819514177e-01,7.605873191378118188e-03,1.000000000000000000e+00,1.006287813186645508e+00,6.756638884544372559e-01,6.840237975120544434e-01,6.340622305870056152e-01,6.482570767402648926e-01,7.229249477386474609e-01
2.239999999999864322e+00,9.307535073801131986e-01,2.980765435214305370e-02,2.968595826195058462e-01,-1.626386813550253496e-01,1.987469444211076852e-01,6.653850327023080706e-03,1.000000000000000000e+00,1.000000000000000000e+00,6.786887049674987793e-01,6.756272315979003906e-01,6.305875778198242188e-01,6.494579315185546875e-01,7.175790071487426758e-01
2.259999999999862119e+00,9.351170106729900233e-01,3.442951970208790735e-02,2.325149460354211384e-01,-1.627365294314233046e-01,1.987639582518511139e-01,5.609628205463085965e-03,1.000000000000000000e+00,1.000000000000000000e+00,6.813388466835021973e-01,6.666584014892578125e-01,6.277574300765991211e-01,6.506829857826232910e-01,7.116135954856872559e-01
2.279999999999859916e+00,9.395266350936940514e-01,3.848133501209477503e-02,1.648881015758270618e-01,-1.623674084582515387e-01,1.986997227265790145e-01,4.494305867507404108e-03,1.000000000000000000e+00,1.000000000000000000e+00,6.837176084518432617e-01,6.573309302330017090e-01,6.254459023475646973e-01,6.518613100051879883e-01,7.051620483398437500e-01
2.299999999999857714e+00,9.439506313673473592e-01,4.190141216242082578e-02,9.478435782474217697e-02,-1.616865345726274383e-01,1.985808562804943778e-01,3.337049977644514307e-03,1.000000000000000000e+00,1.000000000000000000e+00,6.858230829238891602e-01,6.478699445724487305e-01,6.235818862915039062e-01,6.528987288475036621e-01,6.983295679092407227e-01
2.319999999999855511e+00,9.483678154193950771e-01,4.462585899204102313e-02,2.307766167016773312e-02,-1.608186179843026364e-01,1.984286155104856841e-01,2.146074243987293462e-03,1.000000000000000000e+00,1.000000000000000000e+00,6.876340508460998535e-01,6.384423375129699707e-01,6.221176385879516602e-01,6.537225246429443359e-01,6.911509633064270020e-01
2.339999999999853308e+00,9.527625277866055287e-01,4.658861519852763866e-02,-4.925238018450084354e-02,-1.598357379640754083e-01,1.982552186266670902e-01,9.144345504992479595e-04,1.000000000000000000e+00,1.000000000000000000e+00,6.891246438026428223e-01,6.292113661766052246e-01,6.210368275642395020e-01,6.542980074882507324e-01,6.836268305778503418e-01
2.359999999999851106e+00,9.571171517201418899e-01,4.772803595259889065e-02,-1.211310905443698516e-01,-1.587355932434675043e-01,1.980598633716323664e-01,-3.743085549101583592e-04,1.000000000000000000e+00,1.000000000000000000e+00,6.902353763580322266e-01,6.203149557113647461e-01,6.203719377517700195e-01,6.546136736869812012e-01,6.757146120071411133e-01
2.379999999999848903e+00,9.614049190332087935e-01,4.799566849348702036e-02,-1.914393617838068551e-01,-1.574826128980001960e-01,1.978356988232737312e-01,-1.726198079622441421e-03,1.000000000000000000e+00,1.000000000000000000e+00,6.908603310585021973e-01,6.118202805519104004e-01,6.201798319816589355e-01,6.546518802642822266e-01,6.673530936241149902e-01
2.399999999999846700e+00,9.655970175971653191e-01,4.736692613467596846e-02,-2.590926365419006228e-01,-1.561027353910434123e-01,1.975867242330515694e-01,-3.121500322987816756e-03,1.000000000000000000e+00,1.000000000000000000e+00,6.908778548240661621e-01,6.037772297859191895e-01,6.204664707183837891e-01,6.543904542922973633e-01,6.586117744445800781e-01
2.419999999999844498e+00,9.696728238370945219e-01,4.584395506396410358e-02,-3.230455824723849068e-01,-1.546809099142062160e-01,1.973278081657139638e-01,-4.522266246141323949e-03,1.000000000000000000e+00,1.000000000000000000e+00,6.901760697364807129e-01,5.962912440299987793e-01,6.211558580398559570e-01,6.538216471672058105e-01,6.497659087181091309e-01
2.439999999999842295e+00,9.736279468325765851e-01,4.345486616784655087e-02,-3.822929658408045772e-01,-1.533509828001634601e-01,1.970833865681829999e-01,-5.879030096539864143e-03,1.000000000000000000e+00,1.000000000000000000e+00,6.886432170867919922e-01,5.894109606742858887e-01,6.221777796745300293e-01,6.529584527015686035e-01,6.410492658615112305e-01
2.459999999999840092e+00,9.774761595379741763e-01,4.026114979784500836e-02,-4.358638365979822793e-01,-1.522426776236705526e-01,1.968779979953252102e-01,-7.128205040758211347e-03,1.000000000000000000e+00,1.000000000000000000e+00,6.861743330955505371e-01,5.830167531967163086e-01,6.235539913177490234e-01,6.518629193305969238e-01,6.324625611305236816e-01
2.479999999999837890e+00,9.812408335649542845e-01,3.634738757899486084e-02,-4.828079262340426725e-01,-1.513288654600007666e-01,1.967074643985536053e-01,-8.238598318896344849e-03,1.000000000000000000e+00,1.000000000000000000e+00,6.826878190040588379e-01,5.769078135490417480e-01,6.253942251205444336e-01,6.506849527359008789e-01,6.239286661148071289e-01
2.499999999999835687e+00,9.849039125657648164e-01,3.178867404372903716e-02,-5.222614725103056355e-01,-1.502587919110890957e-01,1.965063750654609809e-01,-9.223116158099450151e-03,1.000000000000000000e+00,1.000000000000000000e+00,6.780537962913513184e-01,5.709027051925659180e-01,6.278833150863647461e-01,6.496049165725708008e-01,6.154094934463500977e-01
2.519999999999833484e+00,9.884434456864752416e-01,2.666562816088968724e-02,-5.535964952937637573e-01,-1.490899457879838463e-01,1.962849663853663551e-01,-1.006777806084532996e-02,1.000000000000000000e+00,1.000000000000000000e+00,6.721151471138000488e-01,5.649089217185974121e-01,6.312312483787536621e-01,6.487336754798889160e-01,6.069066524505615234e-01
2.539999999999831282e+00,9.918679693547802767e-01,2.108196809861295762e-02,-5.762981594485796499e-01,-1.480517556412438707e-01,1.960867314244701676e-01,-1.073955069160109806e-02,1.000000000000000000e+00,1.000000000000000000e+00,6.650080084800720215e-01,5.590688586235046387e-01,6.353970170021057129e-01,6.480899453163146973e-01,5.985673666000366211e-01
2.559999999999829079e+00,9.951945827545241041e-01,1.515114052261784527e-02,-5.899737311392433403e-01,-1.472104116271328034e-01,1.959249709020343677e-01,-1.123323309567757222e-02,1.000000000000000000e+00,1.000000000000000000e+00,6.572343111038208008e-01,5.536916255950927734e-01,6.400315761566162109e-01,6.476464271545410156e-01,5.906826257705688477e-01
2.579999999999826876e+00,9.984490161982009226e-01,8.978705780723628127e-03,-5.943643829892761854e-01,-1.466434715495871233e-01,1.958153968688430557e-01,-1.156168635171291731e-02,1.000000000000000000e+00,1.000000000000000000e+00,6.492624282836914062e-01,5.489830970764160156e-01,6.447840929031372070e-01,6.473826766014099121e-01,5.835050344467163086e-01
2.599999999999824674e+00,1.001668395592041350e+00,2.665270740677183614e-03,-5.893600271577985605e-01,-1.464345963953667396e-01,1.957749095818718255e-01,-1.173171233586847544e-02,1.000000000000000000e+00,1.000000000000000000e+00,6.413818597793579102e-01,5.449692606925964355e-01,6.494905352592468262e-01,6.472944021224975586e-01,5.771523714065551758e-01
2.619999999999822471e+00,1.004897171170198167e+00,-3.696759702659646596e-03,-5.750256003874997246e-01,-1.466293544396640169e-01,1.958126624817480010e-01,-1.174846315095507028e-02,1.000000000000000000e+00,1.000000000000000000e+00,6.339421272277832031e-01,5.417025685310363770e-01,6.540653705596923828e-01,6.473609805107116699e-01,5.717291831970214844e-01
2.639999999999820268e+00,1.008178591790974910e+00,-1.002205109756321155e-02,-5.516169784798382603e-01,-1.471892376885841625e-01,1.959208868846311347e-01,-1.160904615930770031e-02,1.000000000000000000e+00,1.000000000000000000e+00,6.274068355560302734e-01,5.393739342689514160e-01,6.583538055419921875e-01,6.475384831428527832e-01,5.674110054969787598e-01
2.659999999999818066e+00,1.011544979012485079e+00,-1.623237132075527889e-02,-5.195502849820649027e-01,-1.480129931612084171e-01,1.960793008267492643e-01,-1.131812754051803906e-02,1.000000000000000000e+00,1.000000000000000000e+00,6.221157312393188477e-01,5.381370782852172852e-01,6.621069312095642090e-01,6.477525234222412109e-01,5.643159151077270508e-01
2.679999999999815863e+00,1.015025826109480001e+00,-2.226017861189222291e-02,-4.793818411500156973e-01,-1.490613193673887837e-01,1.962795204232095636e-01,-1.088924450045722706e-02,1.000000000000000000e+00,1.000000000000000000e+00,6.180504560470581055e-01,5.379024147987365723e-01,6.651522517204284668e-01,6.478899121284484863e-01,5.623559355735778809e-01
2.699999999999813660e+00,1.018654420238565006e+00,-2.804143594843161447e-02,-4.317986464717183948e-01,-1.506928603717034298e-01,1.965185015092369702e-01,-1.033535533015482455e-02,1.000000000000000000e+00,1.002308368682861328e+00,6.149067878723144531e-01,5.384809970855712891e-01,6.675520539283752441e-01,6.478571295738220215e-01,5.613619685173034668e-01
2.719999999999811457e+00,1.022457010367326280e+00,-3.352294789702142674e-02,-3.775953942670379759e-01,-1.524908338608173264e-01,1.967660051968155299e-01,-9.691608876050970475e-03,1.000000000000000000e+00,1.005291819572448730e+00,6.123365163803100586e-01,5.397967696189880371e-01,6.695231795310974121e-01,6.476199030876159668e-01,5.612333416938781738e-01
2.739999999999809255e+00,1.026422500300049556e+00,-3.865940588401123312e-02,-3.177082239477685977e-01,-1.539716806520294301e-01,1.969573872556729111e-01,-8.966050493413847688e-03,1.000000000000000000e+00,1.008102178573608398e+00,6.100980639457702637e-01,5.418930053710937500e-01,6.712669730186462402e-01,6.471748352050781250e-01,5.619844794273376465e-01
2.759999999999807052e+00,1.030513359848973298e+00,-4.336436855368014376e-02,-2.530611476760875611e-01,-1.549978532030280021e-01,1.970639509181308646e-01,-8.118445632290513525e-03,1.000000000000000000e+00,1.010891318321228027e+00,6.080437898635864258e-01,5.449048280715942383e-01,6.729268431663513184e-01,6.465212702751159668e-01,5.637348890304565430e-01
2.779999999999804849e+00,1.034690890207938363e+00,-4.753996502097485033e-02,-1.845899273811941188e-01,-1.556361023089810058e-01,1.970946738359419248e-01,-7.160015397462554665e-03,1.000000000000000000e+00,1.013804554939270020e+00,6.061027050018310547e-01,5.490448474884033203e-01,6.745938062667846680e-01,6.456571221351623535e-01,5.666960477828979492e-01
2.799999999999802647e+00,1.038924426161112358e+00,-5.109314606461823338e-02,-1.132996677115746392e-01,-1.559931411125646261e-01,1.970679433443529860e-01,-6.109259524411265845e-03,1.000000000000000000e+00,1.016893506050109863e+00,6.042875051498413086e-01,5.545629858970642090e-01,6.762990355491638184e-01,6.445852518081665039e-01,5.711833238601684570e-01
2.819999999999800444e+00,1.043190512373354251e+00,-5.393677752336406561e-02,-4.024039066780730339e-02,-1.561524394924021231e-01,1.969977177300003268e-01,-4.982928941868716016e-03,1.000000000000000000e+00,1.020200729370117188e+00,6.026663780212402344e-01,5.617212057113647461e-01,6.780291795730590820e-01,6.433383822441101074e-01,5.775576829910278320e-01
2.839999999999798241e+00,1.047469680858956309e+00,-5.599222956193194989e-02,3.351598838501353844e-02,-1.561694299791764606e-01,1.968913341130275885e-01,-3.802368767869331902e-03,1.000000000000000000e+00,1.023810505867004395e+00,6.013411879539489746e-01,5.707340836524963379e-01,6.797311305999755859e-01,6.420176029205322266e-01,5.861430764198303223e-01
2.859999999999796039e+00,1.051740567321097108e+00,-5.719216398837007054e-02,1.068717036940863147e-01,-1.560361647450486666e-01,1.967445420837038161e-01,-2.594650700800834459e-03,1.000000000000000000e+00,1.027795672416687012e+00,6.004182100296020508e-01,5.816771388053894043e-01,6.813261508941650391e-01,6.408102512359619141e-01,5.971453189849853516e-01
2.879999999999793836e+00,1.055972565710615374e+00,-5.748331442586906981e-02,1.787003080752341544e-01,-1.557033858871531562e-01,1.965488588443157214e-01,-1.395981030034005362e-03,1.000000000000000000e+00,1.032104611396789551e+00,5.999844670295715332e-01,5.943884253501892090e-01,6.827425360679626465e-01,6.399576663970947266e-01,6.105624437332153320e-01
2.899999999999791633e+00,1.060133846438276795e+00,-5.683416744801172982e-02,2.478766495034477046e-01,-1.551887150154630524e-01,1.963126190789886427e-01,-2.525777802013522318e-04,1.000000000000000000e+00,1.036540627479553223e+00,6.001220345497131348e-01,6.084101200103759766e-01,6.839463710784912109e-01,6.396864652633666992e-01,6.260583400726318359e-01
2.919999999999789431e+00,1.064202928886498700e+00,-5.523795646513873780e-02,3.132493762846860208e-01,-1.545566018955763510e-01,1.960569752873569938e-01,7.906439152158259214e-04,1.000000000000000000e+00,1.040792942047119141e+00,6.009423732757568359e-01,6.229729652404785156e-01,6.849333643913269043e-01,6.401175260543823242e-01,6.428252458572387695e-01
2.939999999999787228e+00,1.068177329890595217e+00,-5.271479646033977451e-02,3.736399843929926745e-01,-1.538919025531001461e-01,1.958091158631334594e-01,1.689071395165368198e-03,1.000000000000000000e+00,1.044514536857604980e+00,6.025449633598327637e-01,6.371091604232788086e-01,6.856716871261596680e-01,6.411545872688293457e-01,6.595935821533203125e-01
2.959999999999785025e+00,1.072074555516367989e+00,-4.932455640070748659e-02,4.278554099320732163e-01,-1.532488916574337168e-01,1.955889631464890477e-01,2.394770224624217722e-03,1.000000000000000000e+00,1.047433733940124512e+00,6.048847436904907227e-01,6.498931646347045898e-01,6.860222816467285156e-01,6.424177885055541992e-01,6.749113798141479492e-01
2.979999999999782823e+00,1.075919725575505970e+00,-4.515339029398751647e-02,4.747029280110083849e-01,-1.524611272464503342e-01,1.953705657701407250e-01,2.914691796149568217e-03,1.000000000000000000e+00,1.049372196197509766e+00,6.077669262886047363e-01,6.607843041419982910e-01,6.857609152793884277e-01,6.434065103530883789e-01,6.877611279487609863e-01
2.999999999999780620e+00,1.079687360858331724e+00,-4.028089218797276105e-02,5.131408975963027697e-01,-1.513068640060681869e-01,1.951127386427143895e-01,3.269515508968573632e-03,1.000000000000000000e+00,1.050249338150024414e+00,6.111094355583190918e-01,6.699231266975402832e-01,6.846991777420043945e-01,6.438511610031127930e-01,6.980968117713928223e-01
3.019999999999778417e+00,1.083362413804944691e+00,-3.480589594559735378e-02,5.423959826439209708e-01,-1.500191052498860422e-01,1.948601960127556432e-01,3.449390580758420182e-03,1.000000000000000000e+00,1.050096273422241211e+00,6.151489615440368652e-01,6.778753399848937988e-01,6.826395392417907715e-01,6.438182592391967773e-01,7.065035700798034668e-01
3.039999999999776215e+00,1.086956954186625524e+00,-2.885908352980565139e-02,5.618696359918822214e-01,-1.485983779131728744e-01,1.946155971817734032e-01,3.491002427506469021e-03,1.000000000000000000e+00,1.048842310905456543e+00,6.203854084014892578e-01,6.851409673690795898e-01,6.793515086174011230e-01,6.435502171516418457e-01,7.136626839637756348e-01
3.059999999999774012e+00,1.090488205934656341e+00,-2.257487751653708408e-02,5.711670989505066576e-01,-1.470386269096382037e-01,1.943846902710229252e-01,3.461136440208758408e-03,1.000000000000000000e+00,1.046286940574645996e+00,6.271413564682006836e-01,6.916185617446899414e-01,6.747518181800842285e-01,6.432733535766601562e-01,7.198537588119506836e-01
3.079999999999771809e+00,1.093984954759216421e+00,-1.608231136818794038e-02,5.701227973491294065e-01,-1.454051194480663056e-01,1.941844571421164622e-01,3.384262137913420995e-03,1.000000000000000000e+00,1.042331099510192871e+00,6.352241039276123047e-01,6.967185735702514648e-01,6.690997481346130371e-01,6.431252956390380859e-01,7.249186038970947266e-01
3.099999999999769607e+00,1.097486263512488236e+00,-9.503923141807812947e-03,5.588213381197034701e-01,-1.438123034075975692e-01,1.940321864630950854e-01,3.261356253338149047e-03,1.000000000000000000e+00,1.037169814109802246e+00,6.439433097839355469e-01,6.998808979988098145e-01,6.628690958023071289e-01,6.432206630706787109e-01,7.285560965538024902e-01
3.119999999999767404e+00,1.101034086325356043e+00,-2.951314384354919440e-03,5.376199588267741580e-01,-1.423354370774704558e-01,1.939333662823635174e-01,3.081877649018092101e-03,1.000000000000000000e+00,1.031108856201171875e+00,6.522735357284545898e-01,7.006790041923522949e-01,6.565433144569396973e-01,6.436403989791870117e-01,7.305124998092651367e-01
3.139999999999765201e+00,1.104659705698810113e+00,3.473249442688675082e-03,5.071117080286400292e-01,-1.409619308425165141e-01,1.938802754620556346e-01,2.844790571022960506e-03,1.000000000000000000e+00,1.024299621582031250e+00,6.595167517662048340e-01,6.989353895187377930e-01,6.503766775131225586e-01,6.443701386451721191e-01,7.307066321372985840e-01
3.159999999999762998e+00,1.108386917754255574e+00,9.684513382699155848e-03,4.680632020617772615e-01,-1.397058987122031248e-01,1.938682822844587372e-01,2.555064035563275968e-03,1.000000000000000000e+00,1.016958713531494141e+00,6.655063033103942871e-01,6.948404908180236816e-01,6.445106267929077148e-01,6.453213095664978027e-01,7.291897535324096680e-01
3.179999999999760796e+00,1.112243252166570828e+00,1.560712628357968645e-02,4.213915550563658852e-01,-1.386078291901070569e-01,1.938912242635802141e-01,2.218134889698988171e-03,1.000000000000000000e+00,1.009509563446044922e+00,6.702764630317687988e-01,6.889486312866210938e-01,6.392626762390136719e-01,6.463984251022338867e-01,7.261462807655334473e-01
3.199999999999758593e+00,1.116254716504366362e+00,2.117593246034599197e-02,3.681368684244122891e-01,-1.375929323663095394e-01,1.939270838908391803e-01,1.853503611079265799e-03,1.000000000000000000e+00,1.002137660980224609e+00,6.740332841873168945e-01,6.819508075714111328e-01,6.349055171012878418e-01,6.475384235382080078e-01,7.219890356063842773e-01
3.219999999999756390e+00,1.120414104449765524e+00,2.634837815159568608e-02,3.094546848112410542e-01,-1.372960055595526252e-01,1.939365840419122189e-01,1.464734094054795941e-03,1.000000000000000000e+00,1.000000000000000000e+00,6.771053075790405273e-01,6.742632389068603516e-01,6.314036250114440918e-01,6.487165689468383789e-01,7.170968651771545410e-01
3.239999999999754188e+00,1.124679650892093097e+00,3.106198534198600925e-02,2.463389810230780519e-01,-1.371845316901137424e-01,1.939132874549096275e-01,1.038926464496096663e-03,1.000000000000000000e+00,1.000000000000000000e+00,6.797708272933959961e-01,6.660579442977905273e-01,6.285651922225952148e-01,6.499121189117431641e-01,7.116578817367553711e-01
3.259999999999751985e+00,1.129007494884460616e+00,3.524330135826014843e-02,1.796010145230711452e-01,-1.369648429721069816e-01,1.938673088076781348e-01,5.834357985445481811e-04,1.000000000000000000e+00,1.000000000000000000e+00,6.821826696395874023e-01,6.574193239212036133e-01,6.262291073799133301e-01,6.510846614837646484e-01,7.057303786277770996e-01
3.279999999999749782e+00,1.133364444972475127e+00,3.882188064356389967e-02,1.100732560680365985e-01,-1.366887383606056883e-01,1.938093969601512034e-01,9.052352892975067968e-05,1.000000000000000000e+00,1.000000000000000000e+00,6.843513846397399902e-01,6.484590172767639160e-01,6.243207454681396484e-01,6.521534919738769531e-01,6.993390321731567383e-01
3.299999999999747580e+00,1.137727319138040150e+00,4.172547508646318182e-02,3.868489741984013075e-02,-1.363857906262522235e-01,1.937456923727762237e-01,-4.508844966553715345e-04,1.000000000000000000e+00,1.000000000000000000e+00,6.862336397171020508e-01,6.393625736236572266e-01,6.228061318397521973e-01,6.530299186706542969e-01,6.925258636474609375e-01
3.319999999999745377e+00,1.142078666648672858e+00,4.388230766546014072e-02,-3.354226945853652775e-02,-1.360625097308618137e-01,1.936775230399765124e-01,-1.044297544501529606e-03,1.000000000000000000e+00,1.000000000000000000e+00,6.877889633178710938e-01,6.303766369819641113e-01,6.216704845428466797e-01,6.536589860916137695e-01,6.853516697883605957e-01
3.339999999999743174e+00,1.146400973225743192e+00,4.522791628484057469e-02,-1.055249013111813350e-01,-1.356920536888702455e-01,1.935991639023229571e-01,-1.683368235613267802e-03,1.000000000000000000e+00,1.000000000000000000e+00,6.889712214469909668e-01,6.217042803764343262e-01,6.209332346916198730e-01,6.540251374244689941e-01,6.778249144554138184e-01
3.359999999999740972e+00,1.150668222102934735e+00,4.571149790063766538e-02,-1.761527742182796563e-01,-1.352351095964576533e-01,1.935021508795381762e-01,-2.352308271218586655e-03,1.000000000000000000e+00,1.000000000000000000e+00,6.896971464157104492e-01,6.134209632873535156e-01,6.206476092338562012e-01,6.541197299957275391e-01,6.698770523071289062e-01
3.379999999999738769e+00,1.154849604936191820e+00,4.530447891642874758e-02,-2.443552242606294445e-01,-1.346959192468600852e-01,1.933871587087572785e-01,-3.028901932138818899e-03,1.000000000000000000e+00,1.000000000000000000e+00,6.898550391197204590e-01,6.055322289466857910e-01,6.208395957946777344e-01,6.539270281791687012e-01,6.614990830421447754e-01
3.399999999999736566e+00,1.158920733463168595e+00,4.400399182603398351e-02,-3.091041366046465844e-01,-1.341124904562722708e-01,1.932620915775586090e-01,-3.692479073628408739e-03,1.000000000000000000e+00,1.000000000000000000e+00,6.893351674079895020e-01,5.980991125106811523e-01,6.214561462402343750e-01,6.534413695335388184e-01,6.528918743133544922e-01
3.419999999999734364e+00,1.162872075826026919e+00,4.183159847435069523e-02,-3.693997613293095172e-01,-1.335497362668663368e-01,1.931408159464756968e-01,-4.324199463389341580e-03,1.000000000000000000e+00,1.000000000000000000e+00,6.880282759666442871e-01,5.911937355995178223e-01,6.224211454391479492e-01,6.526753902435302734e-01,6.443206667900085449e-01
3.439999999999732161e+00,1.166713079836617428e+00,3.883830577255636962e-02,-4.242685202390613641e-01,-1.330641229644199397e-01,1.930356512745830533e-01,-4.896566163859777075e-03,1.000000000000000000e+00,1.000000000000000000e+00,6.858261227607727051e-01,5.847507119178771973e-01,6.237341165542602539e-01,6.516759395599365234e-01,6.358604431152343750e-01
3.459999999999729958e+00,1.170467832869261260e+00,3.510521909717440048e-02,-4.727560797926654845e-01,-1.326606536121672508e-01,1.929479091884570841e-01,-5.404510926529351028e-03,1.000000000000000000e+00,1.000000000000000000e+00,6.826385855674743652e-01,5.785945653915405273e-01,6.254867315292358398e-01,6.505616307258605957e-01,6.274583339691162109e-01
3.479999999999727756e+00,1.174131940419356868e+00,3.070978620934983194e-02,-5.139472296615916758e-01,-1.321403738420811047e-01,1.928342667589920956e-01,-5.859378131222368197e-03,1.000000000000000000e+00,1.000000000000000000e+00,6.783460974693298340e-01,5.725520849227905273e-01,6.278445124626159668e-01,6.494927406311035156e-01,6.190801858901977539e-01
3.499999999999725553e+00,1.177677257883809503e+00,2.572797254679376477e-02,-5.471687543914970364e-01,-1.316086113778880406e-01,1.927175287779916979e-01,-6.247644741579604262e-03,1.000000000000000000e+00,1.000000000000000000e+00,6.727752685546875000e-01,5.665199160575866699e-01,6.310165524482727051e-01,6.485837697982788086e-01,6.107119321823120117e-01
3.519999999999723350e+00,1.181106988481209763e+00,2.025760577142776686e-02,-5.718801125224085569e-01,-1.311446319074780487e-01,1.926151789529683134e-01,-6.551468126896442534e-03,1.000000000000000000e+00,1.000000000000000000e+00,6.660009622573852539e-01,5.606124401092529297e-01,6.350079774856567383e-01,6.478727459907531738e-01,6.024687290191650391e-01
3.539999999999721148e+00,1.184437166735801794e+00,1.441233666744301534e-02,-5.876622044361516917e-01,-1.307594491546222315e-01,1.925298577790944543e-01,-6.772535115249759055e-03,1.000000000000000000e+00,1.000000000000000000e+00,6.584891080856323242e-01,5.551331043243408203e-01,6.394994258880615234e-01,6.473519206047058105e-01,5.946143269538879395e-01
3.559999999999718945e+00,1.187690430007938502e+00,8.299356013996062043e-03,-5.942261159411038607e-01,-1.304898952906379805e-01,1.924699566734424383e-01,-6.916149494344508812e-03,1.000000000000000000e+00,1.000000000000000000e+00,6.507359147071838379e-01,5.503150820732116699e-01,6.441230773925781250e-01,6.470116376876831055e-01,5.874059200286865234e-01
3.579999999999716742e+00,1.190900886365969136e+00,2.020431546753020946e-03,-5.914273036419911422e-01,-1.303679964971187211e-01,1.924428154421674031e-01,-6.986484682675368763e-03,1.000000000000000000e+00,1.000000000000000000e+00,6.430216431617736816e-01,5.461872816085815430e-01,6.487004160881042480e-01,6.468547582626342773e-01,5.809619426727294922e-01
3.599999999999714539e+00,1.194111161359024287e+00,-4.329901311701966904e-03,-5.792866753994804219e-01,-1.304086877612607442e-01,1.924518791554873653e-01,-6.991112987890495817e-03,1.000000000000000000e+00,1.000000000000000000e+00,6.356245279312133789e-01,5.427535772323608398e-01,6.531624794006347656e-01,6.468679308891296387e-01,5.753598809242248535e-01
3.619999999999712337e+00,1.197365482868376851e+00,-1.066531582159085945e-02,-5.580148064399459429e-01,-1.305887296794017438e-01,1.924919384845774906e-01,-6.933356196276902611e-03,1.000000000000000000e+00,1.000000000000000000e+00,6.289710402488708496e-01,5.401663184165954590e-01,6.573874354362487793e-01,6.470119357109069824e-01,5.707646012306213379e-01
3.639999999999710134e+00,1.200698291774614512e+00,-1.690494839239531366e-02,-5.279918766675604225e-01,-1.308689665497659305e-01,1.925541496292292043e-01,-6.821701498974184347e-03,1.000000000000000000e+00,1.000000000000000000e+00,6.234592199325561523e-01,5.386133790016174316e-01,6.611465811729431152e-01,6.472229957580566406e-01,5.673411488533020020e-01
3.659999999999707931e+00,1.204138196806865402e+00,-2.297928228591916699e-02,-4.897374102959184961e-01,-1.312548272094306301e-01,1.926395289724478765e-01,-6.661534796892228626e-03,1.000000000000000000e+00,1.000000000000000000e+00,6.191797256469726562e-01,5.380680561065673828e-01,6.642410159111022949e-01,6.473989486694335938e-01,5.650627613067626953e-01
3.679999999999705729e+00,1.207717186977358637e+00,-2.882278625095474611e-02,-4.439150230377632012e-01,-1.317581804650282407e-01,1.927504242740719631e-01,-6.453197678582070669e-03,1.000000000000000000e+00,1.000000000000000000e+00,6.158906221389770508e-01,5.383427739143371582e-01,6.666827797889709473e-01,6.474385261535644531e-01,5.637699365615844727e-01
3.699999999999703526e+00,1.211465506322291885e+00,-3.437396250597352099e-02,-3.913335623669724761e-01,-1.323199175245631798e-01,1.928735475002377464e-01,-6.204744429571318505e-03,1.000000000000000000e+00,1.000000000000000000e+00,6.132501363754272461e-01,5.393345952033996582e-01,6.686598658561706543e-01,6.472903490066528320e-01,5.633646249771118164e-01
3.719999999999701323e+00,1.215382092868951158e+00,-3.958576198907104438e-02,-3.329799441861432396e-01,-1.330541835361919167e-01,1.929745883478611868e-01,-5.905133956396988425e-03,1.000000000000000000e+00,1.001692414283752441e+00,6.109932661056518555e-01,5.410695075988769531e-01,6.703752279281616211e-01,6.469380259513854980e-01,5.638589859008789062e-01
3.739999999999699121e+00,1.219431910857675216e+00,-4.438284557090554916e-02,-2.698241909891371249e-01,-1.337508278693468888e-01,1.930418421297651344e-01,-5.526483028453657402e-03,1.000000000000000000e+00,1.004105210304260254e+00,6.089556813240051270e-01,5.436440110206604004e-01,6.719750165939331055e-01,6.463782191276550293e-01,5.653290748596191406e-01
3.759999999999696918e+00,1.223574025598480608e+00,-4.867339089125183316e-02,-2.027595919670249769e-01,-1.343132754782191407e-01,1.930781404185251404e-01,-5.078345059503474798e-03,1.000000000000000000e+00,1.006561040878295898e+00,6.070424318313598633e-01,5.472304224967956543e-01,6.735597848892211914e-01,6.456106901168823242e-01,5.679073333740234375e-01
3.779999999999694715e+00,1.227775057663546665e+00,-5.237077632108122494e-02,-1.327134933400721806e-01,-1.347880456187714737e-01,1.930898560352201365e-01,-4.571841435911278527e-03,1.000000000000000000e+00,1.009169816970825195e+00,6.052462458610534668e-01,5.520625710487365723e-01,6.751718521118164062e-01,6.446347832679748535e-01,5.718553066253662109e-01
3.799999999999692513e+00,1.232010196962292525e+00,-5.539225614214793314e-02,-6.066924061509040150e-02,-1.352067402455140732e-01,1.930820626943974827e-01,-4.016572689260878778e-03,1.000000000000000000e+00,1.011981844902038574e+00,6.036213040351867676e-01,5.584158897399902344e-01,6.768100857734680176e-01,6.434643864631652832e-01,5.775344371795654297e-01
3.819999999999690310e+00,1.236260166388313486e+00,-5.766011156254285952e-02,1.234456027774191202e-02,-1.355944473881483536e-01,1.930579255063796795e-01,-3.422030282144723334e-03,1.000000000000000000e+00,1.015059471130371094e+00,6.022644042968750000e-01,5.665414333343505859e-01,6.784349083900451660e-01,6.421666145324707031e-01,5.853077173233032227e-01
3.839999999999688107e+00,1.240506496628932975e+00,-5.910536222239204385e-02,8.525956749910845733e-02,-1.359510445871260076e-01,1.930152778446460327e-01,-2.797803718310212708e-03,1.000000000000000000e+00,1.018459320068359375e+00,6.012853980064392090e-01,5.765544176101684570e-01,6.799771189689636230e-01,6.408935785293579102e-01,5.954176187515258789e-01
3.859999999999685905e+00,1.244722957430259846e+00,-5.967095865090044082e-02,1.569657642287687893e-01,-1.362490039009504050e-01,1.929490254382703884e-01,-2.156269811903118675e-03,1.000000000000000000e+00,1.022149801254272461e+00,6.007705330848693848e-01,5.883225798606872559e-01,6.813667416572570801e-01,6.398671269416809082e-01,6.078702211380004883e-01
3.879999999999683702e+00,1.248878283113300292e+00,-5.931930811584590346e-02,2.263527595809224358e-01,-1.364846568302070795e-01,1.928631857114053716e-01,-1.515389947535864456e-03,1.000000000000000000e+00,1.025988101959228516e+00,6.007806658744812012e-01,6.014328002929687500e-01,6.825665831565856934e-01,6.393167972564697266e-01,6.223556399345397949e-01
3.899999999999681499e+00,1.252947980103080283e+00,-5.803730522426914229e-02,2.923046075609567751e-01,-1.366740336603520789e-01,1.927680291586117978e-01,-8.938198653300288930e-04,1.000000000000000000e+00,1.029779791831970215e+00,6.013875603675842285e-01,6.152398586273193359e-01,6.835713982582092285e-01,6.393984556198120117e-01,6.382035017013549805e-01
3.919999999999679297e+00,1.256923445046972176e+00,-5.583723471885104761e-02,3.536875408062770676e-01,-1.368507234981778120e-01,1.926785617171817566e-01,-3.118021974626478164e-04,1.000000000000000000e+00,1.033313870429992676e+00,6.026739478111267090e-01,6.289480924606323242e-01,6.843638420104980469e-01,6.401034593582153320e-01,6.543852090835571289e-01
3.939999999999677094e+00,1.260816057129616752e+00,-5.276515042494511754e-02,4.093602977591478953e-01,-1.370355889088738233e-01,1.926062999619732596e-01,1.998480662795826268e-04,1.000000000000000000e+00,1.036406755447387695e+00,6.046379208564758301e-01,6.417276263236999512e-01,6.848511695861816406e-01,6.411783695220947266e-01,6.696206927299499512e-01
3.959999999999674891e+00,1.264652475245374275e+00,-4.890196147160147389e-02,4.581832278674906056e-01,-1.371799192352244900e-01,1.925480814255658424e-01,6.360334226485798038e-04,1.000000000000000000e+00,1.038859486579895020e+00,6.071382164955139160e-01,6.529130935668945312e-01,6.848469376564025879e-01,6.421845555305480957e-01,6.827751398086547852e-01
3.979999999999672688e+00,1.268424692659698927e+00,-4.432654173715200319e-02,4.990740902816742652e-01,-1.370636557417070078e-01,1.924629520893578472e-01,1.006560210613810557e-03,1.000000000000000000e+00,1.040464043617248535e+00,6.100562214851379395e-01,6.623568534851074219e-01,6.841582655906677246e-01,6.427771449089050293e-01,6.934756040573120117e-01
3.999999999999670486e+00,1.272105709231982296e+00,-3.912311711544447235e-02,5.312235601751148506e-01,-1.367965284290428296e-01,1.923791068983288777e-01,1.294850107119850484e-03,1.000000000000000000e+00,1.041117668151855469e+00,6.135212182998657227e-01,6.704551577568054199e-01,6.826073527336120605e-01,6.429030299186706543e-01,7.021224498748779297e-01
4.019999999999677165e+00,1.275702168519077251e+00,-3.340746581988851549e-02,5.539860225066085553e-01,-1.364059112516603778e-01,1.923053836916863435e-01,1.488089030910865179e-03,1.000000000000000000e+00,1.040750265121459961e+00,6.179606318473815918e-01,6.777722239494323730e-01,6.799733638763427734e-01,6.427325010299682617e-01,7.093936204910278320e-01
4.039999999999683844e+00,1.279229055908643886e+00,-2.731048163156263309e-02,5.668948445741948117e-01,-1.358761331588035359e-01,1.922451298307353007e-01,1.596437842552372952e-03,1.000000000000000000e+00,1.039179682731628418e+00,6.238632202148437500e-01,6.845064759254455566e-01,6.760479211807250977e-01,6.425030827522277832e-01,7.157391309738159180e-01
4.059999999999690523e+00,1.282710127368037689e+00,-2.095779307718531603e-02,5.696907592035792556e-01,-1.352068222570101397e-01,1.922060914065453208e-01,1.626095358439903988e-03,1.000000000000000000e+00,1.036193609237670898e+00,6.313146352767944336e-01,6.902260780334472656e-01,6.709024906158447266e-01,6.423792839050292969e-01,7.211363315582275391e-01
4.079999999999697202e+00,1.286180519655950150e+00,-1.447144098315567007e-02,5.623465856953313580e-01,-1.344246663773067951e-01,1.921928457331699702e-01,1.585773524647090486e-03,1.000000000000000000e+00,1.031821370124816895e+00,6.398198604583740234e-01,6.942684054374694824e-01,6.649372577667236328e-01,6.424614191055297852e-01,7.252751588821411133e-01
4.099999999999703881e+00,1.289681518981244501e+00,-7.964308792824004168e-03,5.450979144751842975e-01,-1.335799649223523289e-01,1.922043943208325001e-01,1.484417726145742522e-03,1.000000000000000000e+00,1.026379823684692383e+00,6.483715772628784180e-01,6.961001157760620117e-01,6.586871147155761719e-01,6.428331136703491211e-01,7.278302907943725586e-01
4.119999999999710560e+00,1.293248998595252219e+00,-1.541027153675322836e-03,5.184353550659333010e-01,-1.326790105091384397e-01,1.922307491737444696e-01,1.329657699315337557e-03,1.000000000000000000e+00,1.020161628723144531e+00,6.560105085372924805e-01,6.954315900802612305e-01,6.525485515594482422e-01,6.435104012489318848e-01,7.286370992660522461e-01
4.139999999999717240e+00,1.296907021938355609e+00,4.707554167618366314e-03,4.830393481344896212e-01,-1.317484980025656061e-01,1.922694740479178044e-01,1.133563173393167204e-03,1.000000000000000000e+00,1.013382673263549805e+00,6.624006032943725586e-01,6.923689246177673340e-01,6.466726660728454590e-01,6.444238424301147461e-01,7.277462482452392578e-01
4.159999999999723919e+00,1.300680031476854293e+00,1.070433458858233156e-02,4.397437897422688535e-01,-1.308621755465188830e-01,1.923225955104179152e-01,9.014478855802366287e-04,1.000000000000000000e+00,1.006431460380554199e+00,6.675675511360168457e-01,6.873791217803955078e-01,6.412609815597534180e-01,6.454831361770629883e-01,7.253235578536987305e-01
4.179999999999730598e+00,1.304595925791489197e+00,1.637977318394762127e-02,3.895022068600403342e-01,-1.301152463864184428e-01,1.923864348180809036e-01,6.420332982373788818e-04,1.000000000000000000e+00,1.000000000000000000e+00,6.716619133949279785e-01,6.811429262161254883e-01,6.366297006607055664e-01,6.466192007064819336e-01,7.217134833335876465e-01
4.199999999999737277e+00,1.308666030349225462e+00,2.168655221172383074e-02,3.333581894504726861e-01,-1.303348299317488301e-01,1.924354250977664549e-01,3.769781102775149112e-04,1.000000000000000000e+00,1.000000000000000000e+00,6.749606132507324219e-01,6.741828322410583496e-01,6.328843832015991211e-01,6.477921605110168457e-01,7.173320055007934570e-01
4.219999999999743956e+00,1.312861207294293120e+00,2.658247040921885018e-02,2.722906012494473726e-01,-1.304360779650001190e-01,1.924579780846362442e-01,8.765735875673641322e-05,1.000000000000000000e+00,1.000000000000000000e+00,6.777532100677490234e-01,6.667571067810058594e-01,6.298838853836059570e-01,6.489774584770202637e-01,7.124519348144531250e-01
4.239999999999750635e+00,1.317137813560738113e+00,3.099346653929618833e-02,2.071242067035486689e-01,-1.304400466145135828e-01,1.924588616395652707e-01,-2.289294822829257569e-04,1.000000000000000000e+00,1.000000000000000000e+00,6.802478432655334473e-01,6.588849425315856934e-01,6.274322271347045898e-01,6.501545310020446777e-01,7.071145772933959961e-01
4.259999999999757314e+00,1.321458986511090616e+00,3.484164196556532866e-02,1.387094967567409909e-01,-1.303813468101570061e-01,1.924457895406147534e-01,-5.800711443916356210e-04,1.000000000000000000e+00,1.000000000000000000e+00,6.825084090232849121e-01,6.505452990531921387e-01,6.254175305366516113e-01,6.512693166732788086e-01,7.012674212455749512e-01
4.279999999999763993e+00,1.325798189749499256e+00,3.804849480820782226e-02,6.800369571071547548e-02,-1.302834091434932895e-01,1.924239624383143610e-01,-9.731282921356515774e-04,1.000000000000000000e+00,1.000000000000000000e+00,6.844996213912963867e-01,6.418684124946594238e-01,6.237958073616027832e-01,6.522313952445983887e-01,6.949203014373779297e-01
4.299999999999770672e+00,1.330135808500706229e+00,4.053737361795733962e-02,-3.953421885107385320e-03,-1.301552529199371255e-01,1.923953684765259409e-01,-1.408870291163015140e-03,1.000000000000000000e+00,1.000000000000000000e+00,6.861698627471923828e-01,6.331350207328796387e-01,6.225473880767822266e-01,6.529616713523864746e-01,6.881644725799560547e-01
4.319999999999777351e+00,1.334454613691491431e+00,4.223966048002703033e-02,-7.608316258540852306e-02,-1.299880702484995099e-01,1.923580120423304951e-01,-1.880609399185195199e-03,1.000000000000000000e+00,1.000000000000000000e+00,6.874808073043823242e-01,6.246300935745239258e-01,6.216737627983093262e-01,6.534269452095031738e-01,6.810754537582397461e-01
4.339999999999784031e+00,1.338732136289597197e+00,4.309990175276506852e-02,-1.472923848653329426e-01,-1.297505058400572897e-01,1.923048214160206493e-01,-2.377146774617393352e-03,1.000000000000000000e+00,1.000000000000000000e+00,6.883773803710937500e-01,6.164903044700622559e-01,6.212150454521179199e-01,6.536228060722351074e-01,6.736165881156921387e-01
4.359999999999790710e+00,1.342937410917757646e+00,4.308117656177923305e-02,-2.165111148340950475e-01,-1.294371076833988332e-01,1.922344569718711371e-01,-2.882448537446957726e-03,1.000000000000000000e+00,1.000000000000000000e+00,6.887650489807128906e-01,6.087094545364379883e-01,6.212201714515686035e-01,6.535418033599853516e-01,6.657073497772216797e-01
4.379999999999797389e+00,1.347041667702699730e+00,4.217076026589772209e-02,-2.827177237339320026e-01,-1.290702603891658862e-01,1.921518081404579581e-01,-3.381551215389643188e-03,1.000000000000000000e+00,1.000000000000000000e+00,6.885341405868530273e-01,6.012842655181884766e-01,6.216788291931152344e-01,6.531781554222106934e-01,6.574176549911499023e-01
4.399999999999804068e+00,1.351027866055981130e+00,4.037962309808279526e-02,-3.449109561366871524e-01,-1.286933823018946987e-01,1.920665770571456654e-01,-3.861627615720435430e-03,1.000000000000000000e+00,1.000000000000000000e+00,6.875768303871154785e-01,5.942875742912292480e-01,6.225201487541198730e-01,6.525420546531677246e-01,6.490008831024169922e-01
4.419999999999810747e+00,1.354897465266635237e+00,3.774327014080930409e-02,-4.021086606150355292e-01,-1.283543765267633474e-01,1.919896285841219685e-01,-4.305108365881821567e-03,1.000000000000000000e+00,1.000000000000000000e+00,6.857848763465881348e-01,5.877343416213989258e-01,6.237056851387023926e-01,6.516669392585754395e-01,6.406433582305908203e-01
4.439999999999817426e+00,1.358669539543570171e+00,3.433125852366192277e-02,-4.533458882356801722e-01,-1.280934880242018958e-01,1.919302275465171459e-01,-4.699104222524433730e-03,1.000000000000000000e+00,1.000000000000000000e+00,6.830624341964721680e-01,5.815032124519348145e-01,6.252884268760681152e-01,6.506358385086059570e-01,6.323556303977966309e-01
4.459999999999824105e+00,1.362361388937322726e+00,3.022545853138169925e-02,-4.976690652027079276e-01,-1.277737536214736680e-01,1.918572078778314483e-01,-5.052355588120398429e-03,1.000000000000000000e+00,1.000000000000000000e+00,6.793090701103210449e-01,5.754265189170837402e-01,6.274017095565795898e-01,6.495845913887023926e-01,6.241095662117004395e-01
4.479999999999830784e+00,1.365944978562236845e+00,2.549825461069532562e-02,-5.342934459139273562e-01,-1.274076402797389429e-01,1.917732956347308615e-01,-5.360314421864503104e-03,1.000000000000000000e+00,1.000000000000000000e+00,6.743532419204711914e-01,5.693771839141845703e-01,6.302412748336791992e-01,6.486333012580871582e-01,6.158840656280517578e-01
4.499999999999837463e+00,1.369409774062261498e+00,2.023674269052289088e-02,-5.626347525466466326e-01,-1.270789888335540907e-01,1.916976931570049947e-01,-5.609194556379747468e-03,1.000000000000000000e+00,1.000000000000000000e+00,6.681454181671142578e-01,5.633856058120727539e-01,6.339096426963806152e-01,6.478411555290222168e-01,6.077295541763305664e-01
4.519999999999844142e+00,1.372769170439719577e+00,1.455041547638974420e-02,-5.822241272084041075e-01,-1.267981565839055302e-01,1.916328815888927728e-01,-5.793574427419111508e-03,1.000000000000000000e+00,1.000000000000000000e+00,6.610332131385803223e-01,5.577185153961181641e-01,6.381807923316955566e-01,6.472210884094238281e-01,5.998595952987670898e-01
4.539999999999850822e+00,1.376041876839242839e+00,8.550201785214928130e-03,-5.927184758586454549e-01,-1.265865327986030464e-01,1.915839136392367692e-01,-5.919402457492668572e-03,1.000000000000000000e+00,1.000000000000000000e+00,6.535518169403076172e-01,5.526658296585083008e-01,6.426661014556884766e-01,6.467747688293457031e-01,5.925444364547729492e-01
4.559999999999857501e+00,1.379256808425432856e+00,2.339640674787313301e-03,-5.939121784677786620e-01,-1.264707001206694381e-01,1.915570638354738564e-01,-5.989260452863038459e-03,1.000000000000000000e+00,1.000000000000000000e+00,6.460306644439697266e-01,5.483118295669555664e-01,6.471278071403503418e-01,6.465124487876892090e-01,5.859318971633911133e-01
4.579999999999864180e+00,1.382453154314982058e+00,-3.983248293747021496e-03,-5.857515065563380086e-01,-1.264663836834172828e-01,1.915560626468326422e-01,-6.008349126330385891e-03,1.000000000000000000e+00,1.000000000000000000e+00,6.386756300926208496e-01,5.446172952651977539e-01,6.514933109283447266e-01,6.464348435401916504e-01,5.800712108612060547e-01
4.599999999999870859e+00,1.385675378259149326e+00,-1.032934539033997234e-02,-5.683644813200112722e-01,-1.265698094714355904e-01,1.915800392658205398e-01,-5.980830569096059687e-03,1.000000000000000000e+00,1.000000000000000000e+00,6.318197846412658691e-01,5.416500568389892578e-01,6.556904315948486328e-01,6.465128064155578613e-01,5.750744938850402832e-01
4.619999999999877538e+00,1.388962786871478450e+00,-1.661486862603356318e-02,-5.420623752719407884e-01,-1.267478022953158479e-01,1.916212400882363609e-01,-5.910216064888890522e-03,1.000000000000000000e+00,1.000000000000000000e+00,6.258980631828308105e-01,5.396098494529724121e-01,6.595364212989807129e-01,6.466951966285705566e-01,5.711387395858764648e-01
4.639999999999884217e+00,1.392344602395181985e+00,-2.276542958100080671e-02,-5.073032781674468028e-01,-1.269952130329203011e-01,1.916783793289351667e-01,-5.802991755336033702e-03,1.000000000000000000e+00,1.000000000000000000e+00,6.211734414100646973e-01,5.385839343070983887e-01,6.627999544143676758e-01,6.468997001647949219e-01,5.683482289314270020e-01
4.659999999999890896e+00,1.395850612164064142e+00,-2.871453085437236652e-02,-4.646873918881075372e-01,-1.273226239874099830e-01,1.917537638093756158e-01,-5.659695054861242462e-03,1.000000000000000000e+00,1.000000000000000000e+00,6.175448894500732422e-01,5.384276509284973145e-01,6.654024124145507812e-01,6.470214724540710449e-01,5.665881633758544922e-01
4.679999999999897575e+00,1.399513624411709678e+00,-3.439728696048804935e-02,-4.149549649331946144e-01,-1.277182344795849411e-01,1.918445037662989683e-01,-5.483149893146592804e-03,1.000000000000000000e+00,1.000000000000000000e+00,6.147011518478393555e-01,5.389867424964904785e-01,6.674715876579284668e-01,6.469871997833251953e-01,5.657321214675903320e-01
4.699999999999904254e+00,1.403350380862640856e+00,-3.976106887253783029e-02,-3.590198944727530095e-01,-1.280757277491241797e-01,1.919261779043052174e-01,-5.282273232467108587e-03,1.000000000000000000e+00,1.000000000000000000e+00,6.123419404029846191e-01,5.402387380599975586e-01,6.692109107971191406e-01,6.467655301094055176e-01,5.657535791397094727e-01
4.719999999999910933e+00,1.407337432909708586e+00,-4.474625020992473168e-02,-2.979189875258750897e-01,-1.283319944209043717e-01,1.919845387536114611e-01,-5.027250582800009242e-03,1.000000000000000000e+00,1.000000000000000000e+00,6.102692484855651855e-01,5.422532558441162109e-01,6.707805395126342773e-01,6.463428735733032227e-01,5.667175650596618652e-01
4.739999999999917613e+00,1.411433639283960373e+00,-4.925934349462307571e-02,-2.326308847400241075e-01,-1.284863142900204702e-01,1.920196081459276949e-01,-4.714733334286713359e-03,1.000000000000000000e+00,1.000000000000000000e+00,6.083543300628662109e-01,5.451756715774536133e-01,6.722960472106933594e-01,6.457104086875915527e-01,5.687397718429565430e-01
4.759999999999924292e+00,1.415601069175437710e+00,-5.321044714691047783e-02,-1.641203482411881243e-01,-1.288593281203446739e-01,1.920359319650369878e-01,-4.349624923896119183e-03,1.000000000000000000e+00,1.001880049705505371e+00,6.065535545349121094e-01,5.492135286331176758e-01,6.738197207450866699e-01,6.448637247085571289e-01,5.720196962356567383e-01
4.779999999999930971e+00,1.419810636608081156e+00,-5.652001654064942038e-02,-9.334189816664757722e-02,-1.292298945823674994e-01,1.920371493220872916e-01,-3.940917022697980159e-03,1.000000000000000000e+00,1.004155755043029785e+00,6.049003005027770996e-01,5.546128153800964355e-01,6.753648519515991211e-01,6.438096165657043457e-01,5.768459439277648926e-01
4.799999999999937650e+00,1.424040345973303534e+00,-5.911560383008529485e-02,-2.124722139533028256e-02,-1.295821032206652679e-01,1.920253034316425078e-01,-3.499874617102779507e-03,1.000000000000000000e+00,1.006669640541076660e+00,6.034760475158691406e-01,5.616271495819091797e-01,6.769111156463623047e-01,6.425876021385192871e-01,5.835487246513366699e-01
4.819999999999944329e+00,1.428271979304202244e+00,-6.093100259441819322e-02,5.118627487603978621e-02,-1.299266282930724437e-01,1.919999984482541056e-01,-3.037811842791832053e-03,1.000000000000000000e+00,1.009496331214904785e+00,6.023842096328735352e-01,5.704308152198791504e-01,6.784077882766723633e-01,6.412995457649230957e-01,5.924100279808044434e-01
4.839999999999951008e+00,1.432484222994107270e+00,-6.190760962615682317e-02,1.229243213673646140e-01,-1.302423170204766723e-01,1.919564933218169955e-01,-2.564476368963884614e-03,1.000000000000000000e+00,1.012629985809326172e+00,6.017135381698608398e-01,5.809893608093261719e-01,6.797906160354614258e-01,6.401221752166748047e-01,6.035199761390686035e-01
4.859999999999957687e+00,1.436648108190651030e+00,-6.199937563658225459e-02,1.928873587394135669e-01,-1.305143012585573137e-01,1.918955880770327471e-01,-2.092389534028845505e-03,1.000000000000000000e+00,1.015951633453369141e+00,6.015204191207885742e-01,5.929885506629943848e-01,6.810119152069091797e-01,6.392735242843627930e-01,6.166737079620361328e-01
4.879999999999964366e+00,1.440736394516345609e+00,-6.118145735615720948e-02,2.599854588897684837e-01,-1.307475956687803864e-01,1.918238472452535592e-01,-1.634104763208745707e-03,1.000000000000000000e+00,1.019310832023620605e+00,6.018505692481994629e-01,6.058998107910156250e-01,6.820567846298217773e-01,6.389441490173339844e-01,6.313621997833251953e-01
4.899999999999971045e+00,1.444733119824057832e+00,-5.945322769513006200e-02,3.231086332051871790e-01,-1.309668609224740043e-01,1.917516497895835614e-01,-1.202174528229724799e-03,1.000000000000000000e+00,1.022579073905944824e+00,6.027642488479614258e-01,6.190724372863769531e-01,6.829175353050231934e-01,6.392189860343933105e-01,6.467944979667663574e-01
4.919999999999977724e+00,1.448640763097740036e+00,-5.684153276098963259e-02,3.811437989836161666e-01,-1.312017386452909440e-01,1.916892309688055240e-01,-8.155013190278881429e-04,1.000000000000000000e+00,1.025667190551757812e+00,6.042917370796203613e-01,6.318001747131347656e-01,6.835463643074035645e-01,6.399939656257629395e-01,6.619209051132202148e-01
4.939999999999984404e+00,1.452479356790795872e+00,-5.341210916413791088e-02,4.329865506912458639e-01,-1.314679951665760349e-01,1.916450579899726947e-01,-4.877892718534704276e-04,1.000000000000000000e+00,1.028452396392822266e+00,6.063579916954040527e-01,6.433795690536499023e-01,6.838148236274719238e-01,6.409476995468139648e-01,6.755820512771606445e-01
4.959999999999991083e+00,1.456267200838093911e+00,-4.924703084573717193e-02,4.775432502652240396e-01,-1.315834205482513675e-01,1.915862384769508597e-01,-2.099234431058416670e-04,1.000000000000000000e+00,1.030696630477905273e+00,6.088332533836364746e-01,6.533589959144592285e-01,6.835381388664245605e-01,6.416946053504943848e-01,6.870095729827880859e-01
4.979999999999997762e+00,1.459974413090224354e+00,-4.442024982859077431e-02,5.139046172981741600e-01,-1.315344754703276775e-01,1.915191949123094262e-01,1.273524741875808804e-05,1.000000000000000000e+00,1.032151222229003906e+00,6.117301583290100098e-01,6.618367433547973633e-01,6.825481057167053223e-01,6.420360207557678223e-01,6.962516903877258301e-01
5.000000000000004441e+00,1.463591693697781970e+00,-3.902678433559270132e-02,5.413749788798466467e-01,-1.313662568554535837e-01,1.914591856007211712e-01,1.681859018649978330e-04,1.000000000000000000e+00,1.032694220542907715e+00,6.153130531311035156e-01,6.692817807197570801e-01,6.806589961051940918e-01,6.420166492462158203e-01,7.038506269454956055e-01
5.020000000000011120e+00,1.467131609347495758e+00,-3.318911342623620531e-02,5.594048822972891299e-01,-1.310572315533951593e-01,1.914066292725855323e-01,2.586951845396368022e-04,1.000000000000000000e+00,1.032187342643737793e+00,6.200853586196899414e-01,6.761571764945983887e-01,6.776342391967773438e-01,6.418326497077941895e-01,7.104102969169616699e-01
5.040000000000017799e+00,1.470611771986283678e+00,-2.703100489006055041e-02,5.676215511671093283e-01,-1.305906976030486999e-01,1.913666556364372329e-01,2.911550389056616513e-04,1.000000000000000000e+00,1.030396223068237305e+00,6.264585852622985840e-01,6.824259161949157715e-01,6.733135581016540527e-01,6.416946649551391602e-01,7.161703109741210938e-01
5.060000000000024478e+00,1.474061063776499481e+00,-2.067269373678326527e-02,5.658600212469734325e-01,-1.299563485638796367e-01,1.913435461947720351e-01,2.710615935676197099e-04,1.000000000000000000e+00,1.027141928672790527e+00,6.343237161636352539e-01,6.874993443489074707e-01,6.678805947303771973e-01,6.417266726493835449e-01,7.209371924400329590e-01
5.080000000000031157e+00,1.477517526296597161e+00,-1.422947209793068435e-02,5.541927137672163495e-01,-1.291856616987654416e-01,1.913387156517287468e-01,2.060949034926007307e-04,1.000000000000000000e+00,1.022567749023437500e+00,6.429181098937988281e-01,6.906928420066833496e-01,6.618250608444213867e-01,6.420058608055114746e-01,7.243351936340332031e-01
5.100000000000037836e+00,1.481021200444831321e+00,-7.807713745277333750e-03,5.329552675907964776e-01,-1.283236217252534672e-01,1.913473745312326002e-01,1.009230330026944451e-04,1.000000000000000000e+00,1.017058134078979492e+00,6.510887742042541504e-01,6.915218830108642578e-01,6.556921005249023438e-01,6.425797939300537109e-01,7.260599136352539062e-01
5.120000000000044516e+00,1.484601396994214895e+00,-1.505891230097533562e-03,5.027101201179202672e-01,-1.273979327923466798e-01,1.913639491333865572e-01,-3.528337990649999060e-05,1.000000000000000000e+00,1.010915994644165039e+00,6.581085920333862305e-01,6.898978948593139648e-01,6.497807502746582031e-01,6.434166431427001953e-01,7.260642647743225098e-01
5.140000000000051195e+00,1.488280146764492606e+00,4.593552617065677079e-03,4.641831112166839857e-01,-1.264644983772224007e-01,1.913890752964663988e-01,-1.967189596193752508e-04,1.000000000000000000e+00,1.004460334777832031e+00,6.638766527175903320e-01,6.861545443534851074e-01,6.442117094993591309e-01,6.444316506385803223e-01,7.245026826858520508e-01
5.160000000000057874e+00,1.492082980166664408e+00,1.041868102279824848e-02,4.182263010445437246e-01,-1.258963569262540882e-01,1.914234350481555935e-01,-3.772448417331197780e-04,1.000000000000000000e+00,1.000000000000000000e+00,6.685096025466918945e-01,6.809045672416687012e-01,6.392249464988708496e-01,6.455498337745666504e-01,7.216441631317138672e-01
5.180000000000064553e+00,1.496035007829035202e+00,1.591143498881908425e-02,3.657389252860951401e-01,-1.260447338828805386e-01,1.914580366955787871e-01,-5.571976651996790294e-04,1.000000000000000000e+00,1.000000000000000000e+00,6.722161769866943359e-01,6.747959852218627930e-01,6.350700259208679199e-01,6.467182636260986328e-01,7.179021835327148438e-01
5.200000000000071232e+00,1.500132712510995781e+00,2.103923597839579829e-02,3.076571093423492442e-01,-1.261291725884456094e-01,1.914777029936736152e-01,-7.404960599692345406e-04,1.000000000000000000e+00,1.000000000000000000e+00,6.752723455429077148e-01,6.682161092758178711e-01,6.317435503005981445e-01,6.479031443595886230e-01,7.136400341987609863e-01
5.220000000000077911e+00,1.504339599080977141e+00,2.574183311657607387e-02,2.448791237122583953e-01,-1.261480040355839882e-01,1.914820864991238769e-01,-9.450686806989832623e-04,1.000000000000000000e+00,1.000000000000000000e+00,6.779174804687500000e-01,6.611960530281066895e-01,6.290689706802368164e-01,6.490843296051025391e-01,7.089461088180541992e-01
5.240000000000084590e+00,1.508614883938485640e+00,2.993457268001781246e-02,1.782762790495985017e-01,-1.261213458045774560e-01,1.914758808444677052e-01,-1.178108833360833009e-03,1.000000000000000000e+00,1.000000000000000000e+00,6.802990436553955078e-01,6.536089777946472168e-01,6.268774867057800293e-01,6.502383947372436523e-01,7.037239074707031250e-01
5.260000000000091269e+00,1.512926259235105597e+00,3.353322142553999408e-02,1.088066936918144489e-01,-1.260657695481444407e-01,1.914629377178764802e-01,-1.444513127873976949e-03,1.000000000000000000e+00,1.000000000000000000e+00,6.824305653572082520e-01,6.454848647117614746e-01,6.250913739204406738e-01,6.512953042984008789e-01,6.979321837425231934e-01
5.280000000000097948e+00,1.517249852018163203e+00,3.645688296360566349e-02,3.750584615126326127e-02,-1.259876943558531637e-01,1.914447416295587956e-01,-1.743890470013952998e-03,1.000000000000000000e+00,1.000000000000000000e+00,6.842605471611022949e-01,6.370773911476135254e-01,6.236804127693176270e-01,6.521610021591186523e-01,6.916558742523193359e-01
5.300000000000104627e+00,1.521566538416857961e+00,3.863208290928543676e-02,-3.456032732990845652e-02,-1.258851404661029405e-01,1.914208170866806558e-01,-2.070552077639670977e-03,1.000000000000000000e+00,1.000000000000000000e+00,6.857442855834960938e-01,6.287354230880737305e-01,6.226297020912170410e-01,6.527709364891052246e-01,6.850296258926391602e-01
5.320000000000111307e+00,1.525857142391996213e+00,3.999736906549744564e-02,-1.063231311176094651e-01,-1.257418336989073737e-01,1.913873405777594128e-01,-2.416498319378002774e-03,1.000000000000000000e+00,1.000000000000000000e+00,6.868483424186706543e-01,6.206982135772705078e-01,6.219531297683715820e-01,6.531084179878234863e-01,6.780944466590881348e-01
5.340000000000117986e+00,1.530094588098162678e+00,4.050588080891959208e-02,-1.767146585991446195e-01,-1.255422374331816027e-01,1.913406273181417205e-01,-2.772115003991513626e-03,1.000000000000000000e+00,1.000000000000000000e+00,6.875103712081909180e-01,6.130086183547973633e-01,6.217007040977478027e-01,6.531741023063659668e-01,6.707593202590942383e-01
5.360000000000124665e+00,1.534247189454074789e+00,4.013099352416144017e-02,-2.447030699619028304e-01,-1.252951228646913273e-01,1.912826508839221840e-01,-3.127218703695585494e-03,1.000000000000000000e+00,1.000000000000000000e+00,6.876301169395446777e-01,6.056138873100280762e-01,6.219100356101989746e-01,6.529642343521118164e-01,6.629508137702941895e-01
5.380000000000131344e+00,1.538290017018072220e+00,3.886933614677096083e-02,-3.092831042278194609e-01,-1.250244436538685278e-01,1.912189640778876321e-01,-3.473198572287440784e-03,1.000000000000000000e+00,1.000000000000000000e+00,6.870973706245422363e-01,5.985248088836669922e-01,6.225507259368896484e-01,6.524835824966430664e-01,6.547942161560058594e-01
5.400000000000138023e+00,1.542213081848013534e+00,3.674013852049179407e-02,-3.694593167340998185e-01,-1.247653944257074710e-01,1.911578341107277590e-01,-3.801521111864592656e-03,1.000000000000000000e+00,1.000000000000000000e+00,6.858045458793640137e-01,5.918133854866027832e-01,6.235590577125549316e-01,6.517571806907653809e-01,6.465454101562500000e-01
5.420000000000144702e+00,1.546025568449252763e+00,3.379068983766186918e-02,-4.242525679301191732e-01,-1.245455042514481553e-01,1.911058058958780836e-01,-4.097599407321826821e-03,1.000000000000000000e+00,1.000000000000000000e+00,6.836526393890380859e-01,5.854590535163879395e-01,6.249294281005859375e-01,6.508402824401855469e-01,6.383453011512756348e-01
5.440000000000151381e+00,1.549751877891333507e+00,3.009964410458637607e-02,-4.727024948324334286e-01,-1.243562414539071959e-01,1.910609215026093377e-01,-4.360708436555149267e-03,1.000000000000000000e+00,1.000000000000000000e+00,6.805532574653625488e-01,5.793296098709106445e-01,6.267460584640502930e-01,6.498362421989440918e-01,6.302058100700378418e-01
5.460000000000158060e+00,1.553390749044733843e+00,2.574425062473362225e-02,-5.138876484327630223e-01,-1.241055923312885390e-01,1.910013314652401484e-01,-4.595757435332887587e-03,1.000000000000000000e+00,1.000000000000000000e+00,6.763779520988464355e-01,5.732811093330383301e-01,6.291662454605102539e-01,6.488639116287231445e-01,6.221170425415039062e-01
5.480000000000164739e+00,1.556913693639801810e+00,2.079962793484158023e-02,-5.471316222898117143e-01,-1.238576008293609809e-01,1.909422063855175100e-01,-4.793930842493005114e-03,1.000000000000000000e+00,1.000000000000000000e+00,6.709699034690856934e-01,5.672439336776733398e-01,6.323663592338562012e-01,6.480009555816650391e-01,6.140682697296142578e-01
5.500000000000171418e+00,1.560323212990864628e+00,1.536246808931684971e-02,-5.718982625612645254e-01,-1.236421901774052423e-01,1.908907132902170900e-01,-4.946015456351546616e-03,1.000000000000000000e+00,1.000000000000000000e+00,6.644631028175354004e-01,5.613759160041809082e-01,6.362908482551574707e-01,6.472788453102111816e-01,6.061841249465942383e-01
5.520000000000178098e+00,1.563635261141234301e+00,9.545927882674665188e-03,-5.877725784309476564e-01,-1.234646134341403217e-01,1.908481686088107920e-01,-5.055117858895285220e-03,1.000000000000000000e+00,1.000000000000000000e+00,6.573475003242492676e-01,5.559951663017272949e-01,6.405945420265197754e-01,6.467109918594360352e-01,5.987203121185302734e-01
5.540000000000184777e+00,1.566871847879865776e+00,3.457002880113801968e-03,-5.944673609212111076e-01,-1.233440108088301457e-01,1.908192244833543660e-01,-5.123691958831564155e-03,1.000000000000000000e+00,1.000000000000000000e+00,6.500698328018188477e-01,5.513038635253906250e-01,6.449477076530456543e-01,6.463153362274169922e-01,5.918876528739929199e-01
5.560000000000191456e+00,1.570066222723175198e+00,-2.802884382521353412e-03,-5.918366651236741660e-01,-1.232951422639373684e-01,1.908074847744597458e-01,-5.154383046148011856e-03,1.000000000000000000e+00,1.000000000000000000e+00,6.428385972976684570e-01,5.472876429557800293e-01,6.492207646369934082e-01,6.461088657379150391e-01,5.857489705085754395e-01
5.580000000000198135e+00,1.573260169160046296e+00,-9.139324725850106468e-03,-5.798968776471135067e-01,-1.233239682586482477e-01,1.908144104549344133e-01,-5.151355621791677865e-03,1.000000000000000000e+00,1.000000000000000000e+00,6.358542442321777344e-01,5.439100861549377441e-01,6.533778905868530273e-01,6.460813283920288086e-01,5.803391337394714355e-01
5.600000000000204814e+00,1.576497411552647332e+00,-1.546607461883542367e-02,-5.588520667967333821e-01,-1.234153243211284501e-01,1.908363442861574222e-01,-5.115788707403045449e-03,1.000000000000000000e+00,1.000000000000000000e+00,6.294866800308227539e-01,5.412975549697875977e-01,6.573144197463989258e-01,6.461942791938781738e-01,5.758098959922790527e-01
5.620000000000211493e+00,1.579812231647160115e+00,-2.170192929737657650e-02,-5.290763016075645808e-01,-1.235520562755481611e-01,1.908691294201622646e-01,-5.052819492789278194e-03,1.000000000000000000e+00,1.000000000000000000e+00,6.241390705108642578e-01,5.396373271942138672e-01,6.608123183250427246e-01,6.463882327079772949e-01,5.723485350608825684e-01
5.640000000000218172e+00,1.583232605526043280e+00,-2.777675498874115911e-02,-4.910825539049125110e-01,-1.237385385536845100e-01,1.909137606741792281e-01,-4.964330855236270997e-03,1.000000000000000000e+00,1.000000000000000000e+00,6.199474930763244629e-01,5.389160513877868652e-01,6.636894941329956055e-01,6.465718746185302734e-01,5.699628591537475586e-01
5.660000000000224851e+00,1.586789728106783759e+00,-3.362456529193769139e-02,-4.455272459559012632e-01,-1.239793625894675955e-01,1.909712571367258860e-01,-4.850310256087390914e-03,1.000000000000000000e+00,1.000000000000000000e+00,6.167167425155639648e-01,5.389602780342102051e-01,6.659627556800842285e-01,6.466519832611083984e-01,5.685247778892517090e-01
5.680000000000231530e+00,1.590513933640153699e+00,-3.918281191524308760e-02,-3.932095354812898957e-01,-1.242375968228520838e-01,1.910327356334957372e-01,-4.717872618387214390e-03,1.000000000000000000e+00,1.000000000000000000e+00,6.141359210014343262e-01,5.396718978881835938e-01,6.678028702735900879e-01,6.465742588043212891e-01,5.679585933685302734e-01
5.700000000000238209e+00,1.594406265398801370e+00,-4.440322691835879576e-02,-3.351154263061386085e-01,-1.244406087858730414e-01,1.910809413418549929e-01,-4.558622053200845660e-03,1.000000000000000000e+00,1.000000000000000000e+00,6.119515299797058105e-01,5.410730838775634766e-01,6.693927049636840820e-01,6.463134884834289551e-01,5.682846903800964355e-01
5.720000000000244889e+00,1.598432830049502984e+00,-4.920968447445789318e-02,-2.722650444868044972e-01,-1.245711088714807624e-01,1.911118708009216516e-01,-4.360948307856390462e-03,1.000000000000000000e+00,1.000000000000000000e+00,6.099997162818908691e-01,5.432608127593994141e-01,6.708642840385437012e-01,6.458544135093688965e-01,5.695918798446655273e-01
5.740000000000251568e+00,1.602552347585552539e+00,-5.350750173573182167e-02,-2.056258344784617498e-01,-1.246402171745830678e-01,1.911282316284593774e-01,-4.128742030425998875e-03,1.000000000000000000e+00,1.000000000000000000e+00,6.081776618957519531e-01,5.464067459106445312e-01,6.723118424415588379e-01,6.451857686042785645e-01,5.720155835151672363e-01
5.760000000000258247e+00,1.606730470258936450e+00,-5.720992082005005308e-02,-1.361857266086477225e-01,-1.246638230579631551e-01,1.911338172268909341e-01,-3.863715996276162901e-03,1.000000000000000000e+00,1.000000000000000000e+00,6.064724326133728027e-01,5.507434010505676270e-01,6.737754940986633301e-01,6.443006396293640137e-01,5.757965445518493652e-01
5.780000000000264926e+00,1.610941410291510945e+00,-6.023824305413805202e-02,-6.495539488231703851e-02,-1.246532937445391925e-01,1.911313259746139082e-01,-3.566628702670358603e-03,1.000000000000000000e+00,1.000000000000000000e+00,6.049431562423706055e-01,5.565394759178161621e-01,6.752516031265258789e-01,6.432089209556579590e-01,5.812656879425048828e-01
5.800000000000271605e+00,1.615165165054859742e+00,-6.252252069995517525e-02,7.053023209658106259e-03,-1.248416476826355592e-01,1.911219102880675202e-01,-3.242473629207535089e-03,1.000000000000000000e+00,1.001424789428710938e+00,6.036947369575500488e-01,5.640216469764709473e-01,6.767030358314514160e-01,6.419679522514343262e-01,5.887459516525268555e-01
5.820000000000278284e+00,1.619383033274436334e+00,-6.400417185815543419e-02,7.884565027616038946e-02,-1.251666078493723910e-01,1.911028916542255596e-01,-2.901015861114580527e-03,1.000000000000000000e+00,1.003950953483581543e+00,6.028313040733337402e-01,5.732438564300537109e-01,6.780743598937988281e-01,6.407083868980407715e-01,5.983936786651611328e-01
5.840000000000284963e+00,1.623569629483955890e+00,-6.463588630316224881e-02,1.494254102927090322e-01,-1.254748436496113673e-01,1.910705258200042500e-01,-2.555233791363640053e-03,1.000000000000000000e+00,1.006715774536132812e+00,6.024121046066284180e-01,5.839948058128356934e-01,6.793177723884582520e-01,6.396211385726928711e-01,6.100809574127197266e-01
5.860000000000291642e+00,1.627695032453610136e+00,-6.438553741557134780e-02,2.177905762292660641e-01,-1.257564990507805402e-01,1.910265415660164223e-01,-2.218906477582144928e-03,1.000000000000000000e+00,1.009609818458557129e+00,6.024607419967651367e-01,5.958394408226013184e-01,6.804093718528747559e-01,6.389057040214538574e-01,6.234100461006164551e-01
5.880000000000298321e+00,1.631735603907176646e+00,-6.324065174341747531e-02,2.829126402235224158e-01,-1.260185418714077632e-01,1.909762432604421856e-01,-1.902951680403529907e-03,1.000000000000000000e+00,1.012535572052001953e+00,6.030032634735107422e-01,6.082466244697570801e-01,6.813416481018066406e-01,6.387072205543518066e-01,6.377882361412048340e-01
5.900000000000305000e+00,1.635682156548565969e+00,-6.121035252166628915e-02,3.437240259204207837e-01,-1.262864018764675855e-01,1.909275796922835222e-01,-1.616508496398739178e-03,1.000000000000000000e+00,1.015443563461303711e+00,6.040740609169006348e-01,6.206533312797546387e-01,6.820932626724243164e-01,6.390524506568908691e-01,6.524457931518554688e-01
5.920000000000311680e+00,1.639544400915266431e+00,-5.833293353891466637e-02,3.991420921876080441e-01,-1.265787326695682058e-01,1.908863387865794570e-01,-1.373076048693566741e-03,1.000000000000000000e+00,1.018300175666809082e+00,6.056613922119140625e-01,6.324568390846252441e-01,6.825945973396301270e-01,6.397866010665893555e-01,6.664178967475891113e-01
5.940000000000318359e+00,1.643347444809947655e+00,-5.468207998385038460e-02,4.480895479508446577e-01,-1.268669219004570636e-01,1.908516955387493108e-01,-1.172286441383729727e-03,1.000000000000000000e+00,1.020952939987182617e+00,6.076790690422058105e-01,6.430625319480895996e-01,6.827054619789123535e-01,6.405887603759765625e-01,6.787323951721191406e-01
5.960000000000325038e+00,1.647092969568619614e+00,-5.033364049895944214e-02,4.895224171965363302e-01,-1.270179141691432922e-01,1.908033491126634174e-01,-1.007127176374448272e-03,1.000000000000000000e+00,1.023107886314392090e+00,6.100608110427856445e-01,6.521764993667602539e-01,6.822530627250671387e-01,6.411490440368652344e-01,6.889139413833618164e-01
5.980000000000331717e+00,1.650751162760021096e+00,-4.536235429513146844e-02,5.226485214503145960e-01,-1.270494723186318398e-01,1.907557918566438193e-01,-8.844974182449649594e-04,1.000000000000000000e+00,1.024507045745849609e+00,6.129105687141418457e-01,6.599926352500915527e-01,6.810738444328308105e-01,6.413518786430358887e-01,6.971822977066040039e-01
6.000000000000338396e+00,1.654323586439889748e+00,-3.987041087747528190e-02,5.468361418917325745e-01,-1.269548669571851640e-01,1.907133274601624240e-01,-8.101276662926171126e-04,1.000000000000000000e+00,1.025004148483276367e+00,6.165638566017150879e-01,6.669834852218627930e-01,6.789816021919250488e-01,6.412771940231323242e-01,7.041025161743164062e-01
6.020000000000345075e+00,1.657823815167153825e+00,-3.397991789953574981e-02,5.616044333575236358e-01,-1.267100644740537518e-01,1.906769889058150258e-01,-7.780732508592146969e-04,1.000000000000000000e+00,1.024428367614746094e+00,6.215405464172363281e-01,6.735057234764099121e-01,6.757331490516662598e-01,6.411209702491760254e-01,7.101681828498840332e-01
6.040000000000351754e+00,1.661272163480137731e+00,-2.780929399976872496e-02,5.666491049338132635e-01,-1.262874175999910697e-01,1.906501589446618627e-01,-7.844571418489454731e-04,1.000000000000000000e+00,1.022524476051330566e+00,6.281880140304565430e-01,6.793907880783081055e-01,6.712056398391723633e-01,6.410719156265258789e-01,7.154858708381652832e-01
6.060000000000358433e+00,1.664700243686509928e+00,-2.147461223558511101e-02,5.618711364642002826e-01,-1.256733210396177025e-01,1.906347255869329793e-01,-8.243367853707628387e-04,1.000000000000000000e+00,1.019154906272888184e+00,6.362470984458923340e-01,6.839781999588012695e-01,6.656533479690551758e-01,6.412311196327209473e-01,7.197732925415039062e-01
6.080000000000365112e+00,1.668146998766002920e+00,-1.508559838442319334e-02,5.474109301986177512e-01,-1.249061105482998923e-01,1.906303524653785164e-01,-8.921960713196497783e-04,1.000000000000000000e+00,1.014550209045410156e+00,6.447480916976928711e-01,6.865650415420532227e-01,6.596283316612243652e-01,6.416568160057067871e-01,7.226198911666870117e-01
6.100000000000371791e+00,1.671649868892495228e+00,-8.744330531785970972e-03,5.236615959168503531e-01,-1.240374611941961747e-01,1.906322703536846297e-01,-9.841339713370755426e-04,1.000000000000000000e+00,1.009135842323303223e+00,6.525356173515319824e-01,6.867474913597106934e-01,6.536580324172973633e-01,6.423655152320861816e-01,7.237692475318908691e-01
6.120000000000378471e+00,1.675234134430387822e+00,-2.543388866059981268e-03,4.912174240442186979e-01,-1.231152066129674594e-01,1.906385437014663509e-01,-1.093232269511973474e-03,1.000000000000000000e+00,1.003246307373046875e+00,6.590931415557861328e-01,6.846178770065307617e-01,6.479741930961608887e-01,6.432991623878479004e-01,7.232778072357177734e-01
6.140000000000385150e+00,1.678921667701699150e+00,3.441030937246347676e-03,4.508080713985441745e-01,-1.226422545443819206e-01,1.906500011003345874e-01,-1.212861963188807115e-03,1.000000000000000000e+00,1.000000000000000000e+00,6.644466519355773926e-01,6.806545257568359375e-01,6.426902413368225098e-01,6.443742513656616211e-01,7.213782072067260742e-01
6.160000000000391829e+00,1.682738728496082636e+00,9.145435598704232394e-03,4.032164678996247864e-01,-1.227111318260189071e-01,1.906666716783373128e-01,-1.332693066785783963e-03,1.000000000000000000e+00,1.000000000000000000e+00,6.687620878219604492e-01,6.755446195602416992e-01,6.380445957183837891e-01,6.455272436141967773e-01,7.184268236160278320e-01
6.180000000000398508e+00,1.686706989403504053e+00,1.452276153596360198e-02,3.492524318422084439e-01,-1.227679498926327051e-01,1.906804134128485817e-01,-1.443904713234889312e-03,1.000000000000000000e+00,1.000000000000000000e+00,6.722626090049743652e-01,6.698493957519531250e-01,6.342217326164245605e-01,6.467131376266479492e-01,7.148346304893493652e-01
6.200000000000405187e+00,1.690814203004156635e+00,1.953597860811279174e-02,2.898448247271301348e-01,-1.227890957496324820e-01,1.906855253135211758e-01,-1.565113655541567348e-03,1.000000000000000000e+00,1.000000000000000000e+00,6.751874685287475586e-01,6.637226343154907227e-01,6.311715245246887207e-01,6.479020714759826660e-01,7.108028531074523926e-01
6.220000000000411866e+00,1.695022230952465847e+00,2.410760709295367565e-02,2.259219801651166371e-01,-1.227790828583979199e-01,1.906831049067585493e-01,-1.706725377811151804e-03,1.000000000000000000e+00,1.000000000000000000e+00,6.777399778366088867e-01,6.570299267768859863e-01,6.287146806716918945e-01,6.490775346755981445e-01,7.062754631042480469e-01
6.240000000000418545e+00,1.699292341459079037e+00,2.814685629368030018e-02,1.584313162902377947e-01,-1.227476564244542878e-01,1.906755063842350273e-01,-1.872358741122041523e-03,1.000000000000000000e+00,1.000000000000000000e+00,6.800287365913391113e-01,6.496688723564147949e-01,6.267088651657104492e-01,6.502068042755126953e-01,7.011510133743286133e-01
6.260000000000425224e+00,1.703594083871000198e+00,3.156781480179926547e-02,8.839078896875314506e-02,-1.226997523256139061e-01,1.906639183906668478e-01,-2.061700285845147109e-03,1.000000000000000000e+00,1.000000000000000000e+00,6.820448637008666992e-01,6.417769789695739746e-01,6.250913739204406738e-01,6.512100696563720703e-01,6.954538226127624512e-01
6.280000000000431903e+00,1.707904109617024879e+00,3.429174574559307187e-02,1.685306922543297614e-02,-1.226352534361088986e-01,1.906483058472381587e-01,-2.270936077467279428e-03,1.000000000000000000e+00,1.000000000000000000e+00,6.837382912635803223e-01,6.336901187896728516e-01,6.238331198692321777e-01,6.519970893859863281e-01,6.893255710601806641e-01
6.300000000000438583e+00,1.712202833827544346e+00,3.625007459389578690e-02,-5.512939510066369037e-02,-1.225501772949132567e-01,1.906276943197521001e-01,-2.494446377259753808e-03,1.000000000000000000e+00,1.000000000000000000e+00,6.850734949111938477e-01,6.257491111755371094e-01,6.229225397109985352e-01,6.525164842605590820e-01,6.828952431678771973e-01
6.320000000000445262e+00,1.716469098650807545e+00,3.738689997194344361e-02,-1.265080216451585082e-01,-1.224322893118014177e-01,1.905990993278350587e-01,-2.726941836590033447e-03,1.000000000000000000e+00,1.000000000000000000e+00,6.860172152519226074e-01,6.181201934814453125e-01,6.223844289779663086e-01,6.527601480484008789e-01,6.761526465415954590e-01
6.340000000000451941e+00,1.720673478584868299e+00,3.766091665500825858e-02,-1.962350035156610883e-01,-1.222787021980961675e-01,1.905617854764843355e-01,-2.962376137812625532e-03,1.000000000000000000e+00,1.000000000000000000e+00,6.865003705024719238e-01,6.107839941978454590e-01,6.222741603851318359e-01,6.527310013771057129e-01,6.689726710319519043e-01
6.360000000000458620e+00,1.724785338141944901e+00,3.705146503572853689e-02,-2.632941489073294949e-01,-1.220996798773910652e-01,1.905182065194283292e-01,-3.195161537592443399e-03,1.000000000000000000e+00,1.000000000000000000e+00,6.864183545112609863e-01,6.036750674247741699e-01,6.226221323013305664e-01,6.524304151535034180e-01,6.612946987152099609e-01
6.380000000000465299e+00,1.728783243875868347e+00,3.556044132412244929e-02,-3.266810649870295902e-01,-1.219137546641895775e-01,1.904728490113588302e-01,-3.420237308004584528e-03,1.000000000000000000e+00,1.000000000000000000e+00,6.856607198715209961e-01,5.968213081359863281e-01,6.233916282653808594e-01,6.518733501434326172e-01,6.532742381095886230e-01
6.400000000000471978e+00,1.732662432853426804e+00,3.321250856695340259e-02,-3.854010169015605891e-01,-1.217434686054535975e-01,1.904312184182573031e-01,-3.630822875497643695e-03,1.000000000000000000e+00,1.000000000000000000e+00,6.841259598731994629e-01,5.902938842773437500e-01,6.245288848876953125e-01,6.510999798774719238e-01,6.451654434204101562e-01
6.420000000000478657e+00,1.736436776878979682e+00,3.006386282076811689e-02,-4.384773495573617841e-01,-1.216064962389400289e-01,1.903976705137964409e-01,-3.818460661452695217e-03,1.000000000000000000e+00,1.000000000000000000e+00,6.817284822463989258e-01,5.840594768524169922e-01,6.260472536087036133e-01,6.501832604408264160e-01,6.371019482612609863e-01
6.440000000000485336e+00,1.740130988391208167e+00,2.619596689977787829e-02,-4.849534018654022005e-01,-1.214609702328059426e-01,1.903619670544881293e-01,-3.985818205641813820e-03,1.000000000000000000e+00,1.000000000000000000e+00,6.783792972564697266e-01,5.779914259910583496e-01,6.280478239059448242e-01,6.492283940315246582e-01,6.291109323501586914e-01
6.460000000000492015e+00,1.743729768598584862e+00,2.168290823916491084e-02,-5.239619086128615155e-01,-1.212874543039449415e-01,1.903193145317318702e-01,-4.132704828179664669e-03,1.000000000000000000e+00,1.000000000000000000e+00,6.739296317100524902e-01,5.719688534736633301e-01,6.306955218315124512e-01,6.483262181282043457e-01,6.211858391761779785e-01
6.480000000000498694e+00,1.747211187553463052e+00,1.660424663123827305e-02,-5.548820042027828858e-01,-1.211279913437890154e-01,1.902800373135231371e-01,-4.252792586544880404e-03,1.000000000000000000e+00,1.000000000000000000e+00,6.682873368263244629e-01,5.659822225570678711e-01,6.341086626052856445e-01,6.475237607955932617e-01,6.133356690406799316e-01
6.500000000000505374e+00,1.750584093608968494e+00,1.106266190127597193e-02,-5.772119645425510814e-01,-1.209902459700629013e-01,1.902460480020331246e-01,-4.341951074382737093e-03,1.000000000000000000e+00,1.000000000000000000e+00,6.617292761802673340e-01,5.602702498435974121e-01,6.381106376647949219e-01,6.468427181243896484e-01,6.057376265525817871e-01
6.520000000000512053e+00,1.753865437878884048e+00,5.170860204850302733e-03,-5.905722922904972361e-01,-1.208814447259428382e-01,1.902191603994683455e-01,-4.403545487763860580e-03,1.000000000000000000e+00,1.000000000000000000e+00,6.547701358795166016e-01,5.551438331604003906e-01,6.423311233520507812e-01,6.463062763214111328e-01,5.986479520797729492e-01
6.540000000000518732e+00,1.757079987755479689e+00,-9.664191271409605655e-04,-5.947136757902621307e-01,-1.208136781576438501e-01,1.902023954415420492e-01,-4.438884093892925264e-03,1.000000000000000000e+00,1.000000000000000000e+00,6.477503180503845215e-01,5.507231354713439941e-01,6.465194821357727051e-01,6.459442973136901855e-01,5.922128558158874512e-01
6.560000000000525411e+00,1.760263503563844090e+00,-7.249405138904208012e-03,-5.895308987061871342e-01,-1.207944709848924880e-01,1.901976411951724066e-01,-4.450227323374864388e-03,1.000000000000000000e+00,1.000000000000000000e+00,6.408126354217529297e-01,5.469447970390319824e-01,6.506096720695495605e-01,6.457720994949340820e-01,5.864440202713012695e-01
6.580000000000532090e+00,1.763458894309137381e+00,-1.358631093985418481e-02,-5.750897873493397983e-01,-1.208242999564328041e-01,1.902050241168954936e-01,-4.439972332786376076e-03,1.000000000000000000e+00,1.000000000000000000e+00,6.341646313667297363e-01,5.437935590744018555e-01,6.545723080635070801e-01,6.457707881927490234e-01,5.813802480697631836e-01
6.600000000000538769e+00,1.766708109493084766e+00,-1.989213341202927809e-02,-5.516435792408798111e-01,-1.208885593018862170e-01,1.902209196877605590e-01,-4.408979260707256501e-03,1.000000000000000000e+00,1.000000000000000000e+00,6.281892061233520508e-01,5.414272546768188477e-01,6.582736968994140625e-01,6.458978056907653809e-01,5.771946907043457031e-01
6.620000000000545448e+00,1.770042316329495158e+00,-2.608825517332635791e-02,-5.196043891983969099e-01,-1.209814802311383608e-01,1.902438830838202588e-01,-4.360718106452963171e-03,1.000000000000000000e+00,1.000000000000000000e+00,6.232495903968811035e-01,5.399976372718811035e-01,6.614887118339538574e-01,6.460890769958496094e-01,5.740486979484558105e-01
6.640000000000552127e+00,1.773489579503138902e+00,-3.210638983521707512e-02,-4.795228464453539785e-01,-1.211070220748728388e-01,1.902748667257944948e-01,-4.295561059534221127e-03,1.000000000000000000e+00,1.000000000000000000e+00,6.194000244140625000e-01,5.394299626350402832e-01,6.640891432762145996e-01,6.462531089782714844e-01,5.719088912010192871e-01
6.660000000000558806e+00,1.777081788582935751e+00,-3.788060520932723385e-02,-4.320911748584864154e-01,-1.212642996607079526e-01,1.903136160396685650e-01,-4.213857397225758902e-03,1.000000000000000000e+00,1.000000000000000000e+00,6.164122223854064941e-01,5.395625829696655273e-01,6.661456227302551270e-01,6.463091373443603516e-01,5.706661343574523926e-01
6.680000000000565485e+00,1.780845000654657007e+00,-4.335161415471933122e-02,-3.781533458105577616e-01,-1.214137551106043988e-01,1.903503698026852708e-01,-4.121557516779771405e-03,1.000000000000000000e+00,1.000000000000000000e+00,6.139950156211853027e-01,5.403394103050231934e-01,6.678356528282165527e-01,6.462123990058898926e-01,5.702848434448242188e-01
6.700000000000572165e+00,1.784769172670180204e+00,-4.846926144057273067e-02,-3.187275670587751963e-01,-1.215208913972940785e-01,1.903766757341069094e-01,-4.006405359235654454e-03,1.000000000000000000e+00,1.000000000000000000e+00,6.119293570518493652e-01,5.418063998222351074e-01,6.693190932273864746e-01,6.459386348724365234e-01,5.708143115043640137e-01
6.720000000000578844e+00,1.788816309711695585e+00,-5.314802819046116067e-02,-2.548147525782496481e-01,-1.215825203195509546e-01,1.903917925449311599e-01,-3.866677034875305556e-03,1.000000000000000000e+00,1.000000000000000000e+00,6.100679636001586914e-01,5.440774559974670410e-01,6.707116365432739258e-01,6.454706788063049316e-01,5.723522305488586426e-01
6.740000000000585523e+00,1.792946307254012606e+00,-5.729496453826166125e-02,-1.873834190840325820e-01,-1.216081822311267102e-01,1.903980837901815548e-01,-3.705068163396709087e-03,1.000000000000000000e+00,1.000000000000000000e+00,6.083274483680725098e-01,5.473386645317077637e-01,6.720917224884033203e-01,6.447952389717102051e-01,5.750502347946166992e-01
6.760000000000592202e+00,1.797127306399503688e+00,-6.082576777832437998e-02,-1.174295268099742051e-01,-1.216073203577089090e-01,1.903978725257584048e-01,-3.523837850780231137e-03,1.000000000000000000e+00,1.000000000000000000e+00,6.067110896110534668e-01,5.518388748168945312e-01,6.734879612922668457e-01,6.439037919044494629e-01,5.791723728179931641e-01
6.780000000000598881e+00,1.801335457254410244e+00,-6.366401917351455220e-02,-4.596721983670075395e-02,-1.215862472185719606e-01,1.903927063477538484e-01,-3.325414062512643994e-03,1.000000000000000000e+00,1.000000000000000000e+00,6.052890419960021973e-01,5.578538179397583008e-01,6.748912334442138672e-01,6.428095102310180664e-01,5.850563645362854004e-01
6.800000000000605560e+00,1.805551897464670486e+00,-6.574215494578572461e-02,2.598225801187003733e-02,-1.215474449445212990e-01,1.903831903647396073e-01,-3.111930935899003426e-03,1.000000000000000000e+00,1.000000000000000000e+00,6.041699647903442383e-01,5.655788779258728027e-01,6.762630343437194824e-01,6.415779590606689453e-01,5.929923653602600098e-01
6.820000000000612239e+00,1.809757407430528264e+00,-6.700349033190705628e-02,9.738339310770083301e-02,-1.214838420303559208e-01,1.903675825836931290e-01,-2.885364066184581758e-03,1.000000000000000000e+00,1.000000000000000000e+00,6.034539937973022461e-01,5.749742984771728516e-01,6.775477528572082520e-01,6.403489708900451660e-01,6.030462384223937988e-01
6.840000000000618918e+00,1.813925007532064537e+00,-6.740465343160223499e-02,1.671878589072208765e-01,-1.215761355787850634e-01,1.903454074066325274e-01,-2.652478777506788333e-03,1.000000000000000000e+00,1.001140475273132324e+00,6.031979322433471680e-01,5.856900215148925781e-01,6.786956191062927246e-01,6.393192410469055176e-01,6.149480938911437988e-01
6.860000000000625597e+00,1.818025733199362559e+00,-6.692278087729713887e-02,2.343886999003248206e-01,-1.218627821592621063e-01,1.903186925799474627e-01,-2.424367152159055943e-03,1.000000000000000000e+00,1.003605127334594727e+00,6.034162640571594238e-01,5.972080230712890625e-01,6.796862483024597168e-01,6.386787295341491699e-01,6.281701326370239258e-01
6.880000000000632276e+00,1.822038718189218809e+00,-6.555705388742866235e-02,2.980029377498816245e-01,-1.221502798659778732e-01,1.902909373341744315e-01,-2.212635999612757708e-03,1.000000000000000000e+00,1.006094336509704590e+00,6.041037440299987793e-01,6.090314984321594238e-01,6.805194020271301270e-01,6.385399103164672852e-01,6.420703530311584473e-01
6.900000000000638956e+00,1.825958798892472590e+00,-6.332757385675225059e-02,3.570399099647043606e-01,-1.224683533665884838e-01,1.902662365315828941e-01,-2.028178861779663094e-03,1.000000000000000000e+00,1.008689284324645996e+00,6.052454710006713867e-01,6.206968426704406738e-01,6.811758279800415039e-01,6.388869881629943848e-01,6.559125781059265137e-01
6.920000000000645635e+00,1.829798679159701180e+00,-6.028398988361322042e-02,4.104917173790417206e-01,-1.228268771924980463e-01,1.902470303798058371e-01,-1.880339762391384801e-03,1.000000000000000000e+00,1.011389255523681641e+00,6.067982316017150879e-01,6.316924095153808594e-01,6.815813183784484863e-01,6.395421028137207031e-01,6.688374280929565430e-01
6.940000000000652314e+00,1.833583091867707626e+00,-5.650226033928584801e-02,4.573355360093773747e-01,-1.231536729897974580e-01,1.902239613813098973e-01,-1.764531403530555280e-03,1.000000000000000000e+00,1.013982295989990234e+00,6.087002158164978027e-01,6.415213942527770996e-01,6.815946698188781738e-01,6.402124166488647461e-01,6.800707578659057617e-01
6.960000000000658993e+00,1.837300240160227638e+00,-5.205204307999000690e-02,4.965984392486262888e-01,-1.233720063037694464e-01,1.901921536593055850e-01,-1.677300169010080295e-03,1.000000000000000000e+00,1.016118168830871582e+00,6.109551191329956055e-01,6.499935984611511230e-01,6.810496449470520020e-01,6.406516432762145996e-01,6.893446445465087891e-01
6.980000000000665672e+00,1.840926667414807927e+00,-4.700895223129247791e-02,5.275481254016552990e-01,-1.234762371140050718e-01,1.901613510883008729e-01,-1.621409890738644173e-03,1.000000000000000000e+00,1.017522931098937988e+00,6.137214899063110352e-01,6.573249697685241699e-01,6.797809600830078125e-01,6.407834291458129883e-01,6.969363093376159668e-01
7.000000000000672351e+00,1.844469474295903133e+00,-4.147733527644842377e-02,5.495856826097588188e-01,-1.234442774366436707e-01,1.901329527825825205e-01,-1.596961276867702199e-03,1.000000000000000000e+00,1.018029332160949707e+00,6.173653006553649902e-01,6.639591455459594727e-01,6.776024103164672852e-01,6.406933665275573730e-01,7.033786177635192871e-01
7.020000000000679030e+00,1.847943186188612863e+00,-3.557581236066237329e-02,5.622655557672940896e-01,-1.232528625394149202e-01,1.901087303739911472e-01,-1.598851698103381834e-03,1.000000000000000000e+00,1.017452478408813477e+00,6.224082112312316895e-01,6.701849102973937988e-01,6.742674112319946289e-01,6.405682563781738281e-01,7.090778946876525879e-01
7.040000000000685709e+00,1.851370268796248109e+00,-2.941900978702788327e-02,5.653232362514237774e-01,-1.228680819696774396e-01,1.900906263331089696e-01,-1.624087263249037773e-03,1.000000000000000000e+00,1.015534043312072754e+00,6.291669607162475586e-01,6.757804155349731445e-01,6.696668863296508789e-01,6.405848860740661621e-01,7.140673995018005371e-01
7.060000000000692388e+00,1.854783606616428049e+00,-2.311968532390401565e-02,5.587016827204581704e-01,-1.222769751653212111e-01,1.900792368558995860e-01,-1.668879695252154525e-03,1.000000000000000000e+00,1.012172222137451172e+00,6.372759342193603516e-01,6.800479292869567871e-01,6.640960574150085449e-01,6.408342719078063965e-01,7.180150151252746582e-01
7.080000000000699067e+00,1.858221988063915031e+00,-1.678370112332211450e-02,5.425844693021754095e-01,-1.215244122135261950e-01,1.900734125234145866e-01,-1.729792071433462405e-03,1.000000000000000000e+00,1.007659554481506348e+00,6.456246972084045410e-01,6.822637915611267090e-01,6.581544280052185059e-01,6.413595080375671387e-01,7.204872965812683105e-01
7.100000000000705747e+00,1.861720357563783068e+00,-1.051017402641701848e-02,5.173958172903674324e-01,-1.206725964258465039e-01,1.900698737269165273e-01,-1.803375044807001932e-03,1.000000000000000000e+00,1.002450823783874512e+00,6.531046628952026367e-01,6.821054220199584961e-01,6.523526310920715332e-01,6.421548128128051758e-01,7.212789654731750488e-01
7.120000000000712426e+00,1.865301912519527594e+00,-4.385888191096865008e-03,4.837266809431440828e-01,-1.202728339343447361e-01,1.900680925686386025e-01,-1.881679321688858311e-03,1.000000000000000000e+00,1.000000000000000000e+00,6.593428254127502441e-01,6.797975897789001465e-01,6.468813419342041016e-01,6.431487202644348145e-01,7.205265164375305176e-01
7.140000000000719105e+00,1.868988945949130009e+00,1.521534070830554697e-03,4.422380849150538418e-01,-1.202768291399981537e-01,1.900690879563567137e-01,-1.956154860659046080e-03,1.000000000000000000e+00,1.000000000000000000e+00,6.644419431686401367e-01,6.759473085403442383e-01,6.418404579162597656e-01,6.442601680755615234e-01,7.185531854629516602e-01
7.160000000000725784e+00,1.872808724301254557e+00,7.154696152590511726e-03,3.936289419559774738e-01,-1.202936586826267029e-01,1.900732804201572257e-01,-2.024239229344257721e-03,1.000000000000000000e+00,1.000000000000000000e+00,6.685883998870849609e-01,6.712293624877929688e-01,6.374430060386657715e-01,6.454336047172546387e-01,7.157433032989501953e-01
7.180000000000732463e+00,1.876780826113940481e+00,1.246656902517706555e-02,3.387112947279385389e-01,-1.203043137103649851e-01,1.900759342772297966e-01,-2.089139438363127755e-03,1.000000000000000000e+00,1.000000000000000000e+00,6.719831824302673340e-01,6.659970283508300781e-01,6.338392496109008789e-01,6.466307640075683594e-01,7.123870253562927246e-01
7.200000000000739142e+00,1.880888910684734849e+00,1.740975837334957088e-02,2.784629314112247456e-01,-1.203003448739330683e-01,1.900749457966723066e-01,-2.165849938715943591e-03,1.000000000000000000e+00,1.000000000000000000e+00,6.748315095901489258e-01,6.602424383163452148e-01,6.309708356857299805e-01,6.478225588798522949e-01,7.085589766502380371e-01
7.220000000000745821e+00,1.885094208009214789e+00,2.189669823317313968e-02,2.138594518808042966e-01,-1.202828416299055736e-01,1.900705858484264543e-01,-2.258718105933528713e-03,1.000000000000000000e+00,1.000000000000000000e+00,6.773150563240051270e-01,6.538160443305969238e-01,6.286671757698059082e-01,6.489903926849365234e-01,7.041725516319274902e-01
7.240000000000752500e+00,1.889358508552451354e+00,2.583499858318333287e-02,1.458903688698613144e-01,-1.202538889151197887e-01,1.900633718290619945e-01,-2.367450772638596875e-03,1.000000000000000000e+00,1.000000000000000000e+00,6.795217990875244141e-01,6.466935873031616211e-01,6.267998218536376953e-01,6.500942111015319824e-01,6.991711854934692383e-01
7.260000000000759179e+00,1.893651618561245975e+00,2.914031447240134076e-02,7.558678106851876577e-02,-1.202134202261645191e-01,1.900532840767203413e-01,-2.489426351511999508e-03,1.000000000000000000e+00,1.000000000000000000e+00,6.814393997192382812e-01,6.390888094902038574e-01,6.253066658973693848e-01,6.510521769523620605e-01,6.936321854591369629e-01
7.280000000000765858e+00,1.897950002625159893e+00,3.173714111057418519e-02,3.989866636775632122e-03,-1.201603251507608050e-01,1.900400412052372923e-01,-2.621017938603819458e-03,1.000000000000000000e+00,1.000000000000000000e+00,6.830261349678039551e-01,6.313535571098327637e-01,6.241551637649536133e-01,6.517809629440307617e-01,6.877114772796630859e-01
7.300000000000772538e+00,1.902233700307962128e+00,3.356052415376803433e-02,-6.786688216160297049e-02,-1.200922135053299755e-01,1.900230401051713480e-01,-2.758805712157391676e-03,1.000000000000000000e+00,1.000000000000000000e+00,6.842511892318725586e-01,6.237845420837402344e-01,6.233385205268859863e-01,6.522366404533386230e-01,6.815081238746643066e-01
7.320000000000779217e+00,1.906480427594484883e+00,3.455752464972960958e-02,-1.389467135202273884e-01,-1.200032477512860130e-01,1.900008119213411062e-01,-2.900177512610925372e-03,1.000000000000000000e+00,1.000000000000000000e+00,6.850769519805908203e-01,6.164924502372741699e-01,6.228916049003601074e-01,6.524142026901245117e-01,6.749727725982666016e-01
7.340000000000785896e+00,1.910660039426182344e+00,3.468965043955324346e-02,-2.082097392347569687e-01,-1.198949617239569165e-01,1.899737231691933093e-01,-3.042063142076422907e-03,1.000000000000000000e+00,1.000000000000000000e+00,6.854281425476074219e-01,6.094313859939575195e-01,6.228743791580200195e-01,6.523180603981018066e-01,6.679657697677612305e-01
7.360000000000792575e+00,1.914743114475979002e+00,3.393926131610203178e-02,-2.746420611540072443e-01,-1.197749094505845824e-01,1.899436479738749461e-01,-3.181539996611317932e-03,1.000000000000000000e+00,1.000000000000000000e+00,6.851981282234191895e-01,6.025386452674865723e-01,6.233154535293579102e-01,6.519548296928405762e-01,6.604347229003906250e-01
7.380000000000799254e+00,1.918710634951458438e+00,3.231119598333714871e-02,-3.372369139188186593e-01,-1.196548577620707154e-01,1.899135275032001191e-01,-3.315592285342047318e-03,1.000000000000000000e+00,1.000000000000000000e+00,6.842791438102722168e-01,5.958547592163085938e-01,6.241779923439025879e-01,6.513497233390808105e-01,6.525481343269348145e-01
7.400000000000805933e+00,1.922561054611484632e+00,2.983375465375642799e-02,-3.950008730191911788e-01,-1.195470943949279163e-01,1.898864512658563486e-01,-3.439207225490186967e-03,1.000000000000000000e+00,1.000000000000000000e+00,6.825813055038452148e-01,5.894537568092346191e-01,6.254137754440307617e-01,6.505572795867919922e-01,6.445658802986145020e-01
7.420000000000812612e+00,1.926310912437894540e+00,2.656867130080292627e-02,-4.469618519602079898e-01,-1.194623914622798128e-01,1.898651432067025024e-01,-3.548437243408067779e-03,1.000000000000000000e+00,1.000000000000000000e+00,6.800323724746704102e-01,5.833036303520202637e-01,6.270435452461242676e-01,6.496620178222656250e-01,6.366341114044189453e-01
7.440000000000819291e+00,1.929982815503996196e+00,2.259778609030510532e-02,-4.921682352747900890e-01,-1.193620065599405589e-01,1.898398605236883141e-01,-3.645729844971961654e-03,1.000000000000000000e+00,1.000000000000000000e+00,6.765395998954772949e-01,5.772875547409057617e-01,6.291750073432922363e-01,6.487603783607482910e-01,6.287934184074401855e-01
7.460000000000825970e+00,1.933554392895139529e+00,1.799383717051922238e-02,-5.297974524928690254e-01,-1.192514923048532960e-01,1.898119893763481891e-01,-3.729546168180868787e-03,1.000000000000000000e+00,1.000000000000000000e+00,6.719505190849304199e-01,5.713043808937072754e-01,6.319662332534790039e-01,6.479160785675048828e-01,6.210357546806335449e-01
7.480000000000832650e+00,1.937009244363071314e+00,1.283962746134609256e-02,-5.592561163731814000e-01,-1.191530374427218764e-01,1.897871264823172144e-01,-3.796120441451481323e-03,1.000000000000000000e+00,1.000000000000000000e+00,6.662444472312927246e-01,5.653917193412780762e-01,6.354725360870361328e-01,6.471561789512634277e-01,6.133893132209777832e-01
7.500000000000839329e+00,1.940359007739843822e+00,7.240909235556536316e-03,-5.800643289334037611e-01,-1.190686092057904044e-01,1.897657808360283249e-01,-3.844337422096765280e-03,1.000000000000000000e+00,1.000000000000000000e+00,6.597789525985717773e-01,5.598292946815490723e-01,6.394485235214233398e-01,6.465004682540893555e-01,6.060611605644226074e-01
7.520000000000846008e+00,1.943621330694265570e+00,1.309133422776942446e-03,-5.918641317048131123e-01,-1.190039104152347538e-01,1.897494076911776795e-01,-3.876179008797742045e-03,1.000000000000000000e+00,1.000000000000000000e+00,6.530408859252929688e-01,5.549032092094421387e-01,6.435416936874389648e-01,6.459830403327941895e-01,5.992922782897949219e-01
7.540000000000852687e+00,1.946822725209431226e+00,-4.852147727397615462e-03,-5.944295759063811246e-01,-1.189655156771062122e-01,1.897396848194458918e-01,-3.892504055310623892e-03,1.000000000000000000e+00,1.000000000000000000e+00,6.462896466255187988e-01,5.506775975227355957e-01,6.475634574890136719e-01,6.456407308578491211e-01,5.931799411773681641e-01
7.560000000000859366e+00,1.950000248263489055e+00,-1.114433718638702109e-02,-5.876813843535022563e-01,-1.189568793532871510e-01,1.897374971445943970e-01,-3.894875950645468928e-03,1.000000000000000000e+00,1.000000000000000000e+00,6.396304965019226074e-01,5.470665097236633301e-01,6.514828801155090332e-01,6.454853415489196777e-01,5.877045392990112305e-01
7.580000000000866045e+00,1.953197151016662581e+00,-1.747720862142115861e-02,-5.717164626895968604e-01,-1.189762635752641962e-01,1.897424070404964136e-01,-3.884413626062089946e-03,1.000000000000000000e+00,1.000000000000000000e+00,6.332710385322570801e-01,5.440713167190551758e-01,6.552689671516418457e-01,6.454929709434509277e-01,5.829076170921325684e-01
7.600000000000872724e+00,1.956453755447911114e+00,-2.376635518544323311e-02,-5.468171270360967506e-01,-1.190140750931990149e-01,1.897519809369083432e-01,-3.862024878224950154e-03,1.000000000000000000e+00,1.000000000000000000e+00,6.275932788848876953e-01,5.418609380722045898e-01,6.587707996368408203e-01,6.456202864646911621e-01,5.789676308631896973e-01
7.620000000000879403e+00,1.959799611348302051e+00,-2.993495762816766881e-02,-5.134177867375356863e-01,-1.190686102586031858e-01,1.897657811023504004e-01,-3.829428222710793556e-03,1.000000000000000000e+00,1.000000000000000000e+00,6.229298114776611328e-01,5.405536890029907227e-01,6.617698073387145996e-01,6.458024382591247559e-01,5.760226249694824219e-01
7.640000000000886082e+00,1.963263019613976201e+00,-3.591541306985435167e-02,-4.720920994010529004e-01,-1.191420147691595599e-01,1.897843409718796559e-01,-3.786629934736365256e-03,1.000000000000000000e+00,1.000000000000000000e+00,6.192951202392578125e-01,5.400469899177551270e-01,6.641765832901000977e-01,6.459522843360900879e-01,5.740261077880859375e-01
7.660000000000892761e+00,1.966876011147960401e+00,-4.164182256555232220e-02,-4.235534144731625261e-01,-1.192310191858854951e-01,1.898068218515453764e-01,-3.734242242253076136e-03,1.000000000000000000e+00,1.000000000000000000e+00,6.164572238922119141e-01,5.401996970176696777e-01,6.660863757133483887e-01,6.459980607032775879e-01,5.728946924209594727e-01
7.680000000000899441e+00,1.970660804717391468e+00,-4.705740478926795367e-02,-3.686747812066522578e-01,-1.193081103344376670e-01,1.898262730573443136e-01,-3.674964311782949033e-03,1.000000000000000000e+00,1.000000000000000000e+00,6.141467094421386719e-01,5.409828424453735352e-01,6.676703691482543945e-01,6.458992958068847656e-01,5.726215243339538574e-01
7.700000000000906120e+00,1.974601139848946918e+00,-5.210855525772628560e-02,-3.084848694408702796e-01,-1.193582487491044869e-01,1.898389134654860921e-01,-3.600760233438029916e-03,1.000000000000000000e+00,1.000000000000000000e+00,6.121672391891479492e-01,5.424553751945495605e-01,6.690702438354492188e-01,6.456312537193298340e-01,5.732731223106384277e-01
7.720000000000912799e+00,1.978657493658074973e+00,-5.670576971680507672e-02,-2.439736677971756640e-01,-1.193821209265219785e-01,1.898449290566940617e-01,-3.512172636839119236e-03,1.000000000000000000e+00,1.000000000000000000e+00,6.103815436363220215e-01,5.447396636009216309e-01,6.703908443450927734e-01,6.451753377914428711e-01,5.749506950378417969e-01
7.740000000000919478e+00,1.982790835865931189e+00,-6.075761618122765828e-02,-1.761127490346703073e-01,-1.193858474237127765e-01,1.898458679386195724e-01,-3.410838051262994521e-03,1.000000000000000000e+00,1.000000000000000000e+00,6.087171435356140137e-01,5.480272769927978516e-01,6.717004776000976562e-01,6.445165872573852539e-01,5.778142213821411133e-01
7.760000000000926157e+00,1.986970811577745355e+00,-6.418128916464554967e-02,-1.059024957972289349e-01,-1.193747352235180470e-01,1.898430681154699706e-01,-3.298166221089519033e-03,1.000000000000000000e+00,1.000000000000000000e+00,6.071834564208984375e-01,5.525739789009094238e-01,6.730232238769531250e-01,6.436449289321899414e-01,5.821340680122375488e-01
7.780000000000932836e+00,1.991174674207697670e+00,-6.690184078017685776e-02,-3.435880353942574045e-02,-1.193522470890938103e-01,1.898374008098575871e-01,-3.175761113712098800e-03,1.000000000000000000e+00,1.000000000000000000e+00,6.058512330055236816e-01,5.586518049240112305e-01,6.743510365486145020e-01,6.425735950469970703e-01,5.882381796836853027e-01
7.800000000000939515e+00,1.995384116443883915e+00,-6.885351375979187338e-02,3.749594055114272018e-02,-1.193187592373312067e-01,1.898289584288563314e-01,-3.045601117741090959e-03,1.000000000000000000e+00,1.000000000000000000e+00,6.048245429992675781e-01,5.664228796958923340e-01,6.756505370140075684e-01,6.413683295249938965e-01,5.963760018348693848e-01
7.820000000000946194e+00,1.999579229300457506e+00,-6.998165893154578709e-02,1.086229722116896224e-01,-1.192690572637180590e-01,1.898164217919679209e-01,-2.909879100708441350e-03,1.000000000000000000e+00,1.000000000000000000e+00,6.041968464851379395e-01,5.757793188095092773e-01,6.768723726272583008e-01,6.401684284210205078e-01,6.065360903739929199e-01
7.840000000000952873e+00,2.003732265712785843e+00,-7.024560777366090081e-02,1.779713800757418418e-01,-1.192041696523791217e-01,1.898000428414635399e-01,-2.771769782547582172e-03,1.000000000000000000e+00,1.000000000000000000e+00,6.040226817131042480e-01,5.863059759140014648e-01,6.779693365097045898e-01,6.391687989234924316e-01,6.183682084083557129e-01
7.860000000000959552e+00,2.007815519736965371e+00,-6.962589553206532944e-02,2.445148174353872494e-01,-1.191326289278917816e-01,1.897819687917789988e-01,-2.634990328847048799e-03,1.000000000000000000e+00,1.000000000000000000e+00,6.043164730072021484e-01,5.974654555320739746e-01,6.789132952690124512e-01,6.385533213615417480e-01,6.313040256500244141e-01
7.880000000000966232e+00,2.011811053779886560e+00,-6.812641227618754236e-02,3.072375799735117541e-01,-1.191180059815481612e-01,1.897658525750367531e-01,-2.505531438750096661e-03,1.000000000000000000e+00,1.000306963920593262e+00,6.050639748573303223e-01,6.087683439254760742e-01,6.796873807907104492e-01,6.384209394454956055e-01,6.446892023086547852e-01
7.900000000000972911e+00,2.015717600440455115e+00,-6.577501705718002967e-02,3.651464825963330885e-01,-1.194476034151943367e-01,1.897552249925847090e-01,-2.393387706658260845e-03,1.000000000000000000e+00,1.002625942230224609e+00,6.062216758728027344e-01,6.197801828384399414e-01,6.802634596824645996e-01,6.387346982955932617e-01,6.577956080436706543e-01
7.920000000000979590e+00,2.019550435338600014e+00,-6.263183317617387891e-02,4.172812124752724450e-01,-1.198355830830467456e-01,1.897521508899618348e-01,-2.306766576355305954e-03,1.000000000000000000e+00,1.005117177963256836e+00,6.077190637588500977e-01,6.300743818283081055e-01,6.805808544158935547e-01,6.393084526062011719e-01,6.698545813560485840e-01
7.940000000000986269e+00,2.023330111069289838e+00,-5.877537505791918804e-02,4.626869224853518703e-01,-1.201975208933438038e-01,1.897427204478958629e-01,-2.242959678336340322e-03,1.000000000000000000e+00,1.007596254348754883e+00,6.095080375671386719e-01,6.392674446105957031e-01,6.805201172828674316e-01,6.398776769638061523e-01,6.802575588226318359e-01
7.960000000000992948e+00,2.027033867976592241e+00,-5.427255188961604970e-02,5.004963435595739529e-01,-1.204744132459521638e-01,1.897266329922306094e-01,-2.201954017673484094e-03,1.000000000000000000e+00,1.009705424308776855e+00,6.116383671760559082e-01,6.472399830818176270e-01,6.799276471138000488e-01,6.402407884597778320e-01,6.888650059700012207e-01
7.980000000000999627e+00,2.030643348906089329e+00,-4.920038365268281089e-02,5.300426726789979615e-01,-1.206381683011407968e-01,1.897091330555396305e-01,-2.184906696964998649e-03,1.000000000000000000e+00,1.011145234107971191e+00,6.142960190773010254e-01,6.541935205459594727e-01,6.786384582519531250e-01,6.403388977050781250e-01,6.959626674652099609e-01
8.000000000001005418e+00,2.034168162860343188e+00,-4.366288123392991771e-02,5.507612157885596327e-01,-1.206577143782466138e-01,1.896908379677798573e-01,-2.189129972791249625e-03,1.000000000000000000e+00,1.011711478233337402e+00,6.178551912307739258e-01,6.605270504951477051e-01,6.764654517173767090e-01,6.402500271797180176e-01,7.020398378372192383e-01
8.020000000000994334e+00,2.037623965793602387e+00,-3.777410682136894682e-02,5.622246961345208627e-01,-1.205071457891371545e-01,1.896736728372548086e-01,-2.209812848375590933e-03,1.000000000000000000e+00,1.011198520660400391e+00,6.228384971618652344e-01,6.664926409721374512e-01,6.731551289558410645e-01,6.401467323303222656e-01,7.074471712112426758e-01
8.040000000000983249e+00,2.041035191918730618e+00,-3.164478373806750566e-02,5.641805332804027406e-01,-1.201516056225251927e-01,1.896593069183266644e-01,-2.243541656277609885e-03,1.000000000000000000e+00,1.009348630905151367e+00,6.295683979988098145e-01,6.718710660934448242e-01,6.685855388641357422e-01,6.402012109756469727e-01,7.121894359588623047e-01
8.060000000000972165e+00,2.044435830413541044e+00,-2.538430520489010078e-02,5.565841001433570190e-01,-1.195819141833585064e-01,1.896482624313866328e-01,-2.286984798334325015e-03,1.000000000000000000e+00,1.006084561347961426e+00,6.376301646232604980e-01,6.759549975395202637e-01,6.630618572235107422e-01,6.405051350593566895e-01,7.159102559089660645e-01
8.080000000000961080e+00,2.047864526125412699e+00,-1.909553125789759109e-02,5.396343477796139432e-01,-1.188500396705841206e-01,1.896395921220431213e-01,-2.337707584796876355e-03,1.000000000000000000e+00,1.001740217208862305e+00,6.458281874656677246e-01,6.779962778091430664e-01,6.572206616401672363e-01,6.410925984382629395e-01,7.181560397148132324e-01
8.100000000000949996e+00,2.051354540211050015e+00,-1.287406775027927219e-02,5.137522906214637697e-01,-1.185391677173083802e-01,1.896313951917097396e-01,-2.389553182773071840e-03,1.000000000000000000e+00,1.000000000000000000e+00,6.530886292457580566e-01,6.777257323265075684e-01,6.515733003616333008e-01,6.419425010681152344e-01,7.187575101852416992e-01
8.120000000000938911e+00,2.054928100973102190e+00,-6.798713019830593396e-03,4.794673008284371374e-01,-1.185091563809382575e-01,1.896237499935507498e-01,-2.434605122188801020e-03,1.000000000000000000e+00,1.000000000000000000e+00,6.591295003890991211e-01,6.755104660987854004e-01,6.462880373001098633e-01,6.429733633995056152e-01,7.179474234580993652e-01
8.140000000000927827e+00,2.058608269427464332e+00,-9.321490421620448608e-04,4.373745540646534202e-01,-1.184862320946376835e-01,1.896179081694857882e-01,-2.471776193024884886e-03,1.000000000000000000e+00,1.000000000000000000e+00,6.640908718109130859e-01,6.719954013824462891e-01,6.414405107498168945e-01,6.441064476966857910e-01,7.160898447036743164e-01
8.160000000000916742e+00,2.062423541370000279e+00,4.665892258488180122e-03,3.881672259116075718e-01,-1.184733866109429073e-01,1.896146339784720303e-01,-2.505619473750711999e-03,1.000000000000000000e+00,1.000000000000000000e+00,6.681525111198425293e-01,6.677079200744628906e-01,6.372158527374267578e-01,6.452938914299011230e-01,7.134906649589538574e-01
8.180000000000905658e+00,2.066392713249987523e+00,9.943728407859842022e-03,3.327035157756601524e-01,-1.184619041131365208e-01,1.896117067368285336e-01,-2.541412246536512830e-03,1.000000000000000000e+00,1.000000000000000000e+00,6.714916825294494629e-01,6.628591418266296387e-01,6.337563991546630859e-01,6.465001702308654785e-01,7.103428840637207031e-01
8.200000000000894573e+00,2.070497481497691528e+00,1.484663685011550216e-02,2.720058587020960927e-01,-1.184468071679910528e-01,1.896078573964599945e-01,-2.586641712663790161e-03,1.000000000000000000e+00,1.000000000000000000e+00,6.742899417877197266e-01,6.574091911315917969e-01,6.310133337974548340e-01,6.476926207542419434e-01,7.066853642463684082e-01
8.220000000000883489e+00,2.074698211399829351e+00,1.928341719890147576e-02,2.070724339812486658e-01,-1.184258429012336189e-01,1.896025107833750889e-01,-2.641484437729860538e-03,1.000000000000000000e+00,1.000000000000000000e+00,6.767151951789855957e-01,6.512490510940551758e-01,6.288244128227233887e-01,6.488494873046875000e-01,7.024495005607604980e-01
8.240000000000872404e+00,2.078956280554438152e+00,2.316287751110263082e-02,1.388991761572419548e-01,-1.183977638020489720e-01,1.895953473564642444e-01,-2.703911346251725457e-03,1.000000000000000000e+00,1.000000000000000000e+00,6.788496971130371094e-01,6.444142460823059082e-01,6.270629167556762695e-01,6.499284505844116211e-01,6.976185441017150879e-01
8.260000000000861320e+00,2.083241213289503069e+00,2.640297771224020540e-02,6.850791434944138170e-02,-1.183616610347680009e-01,1.895861331137026762e-01,-2.771528698614249015e-03,1.000000000000000000e+00,1.000000000000000000e+00,6.806880235671997070e-01,6.371416449546813965e-01,6.256599426269531250e-01,6.508510112762451172e-01,6.922894120216369629e-01
8.280000000000850235e+00,2.087529337881633307e+00,2.893043485094787259e-02,-3.074777407087927496e-03,-1.183174450024098018e-01,1.895748422732878857e-01,-2.842365409873275853e-03,1.000000000000000000e+00,1.000000000000000000e+00,6.821967959403991699e-01,6.297574639320373535e-01,6.245799064636230469e-01,6.515397429466247559e-01,6.866039037704467773e-01
8.300000000000839151e+00,2.091800700853407413e+00,3.068193337881675031e-02,-7.482564669037482241e-02,-1.182648548614021744e-01,1.895614045664932301e-01,-2.915134446226397193e-03,1.000000000000000000e+00,1.000000000000000000e+00,6.833440661430358887e-01,6.225142478942871094e-01,6.238226890563964844e-01,6.519532203674316406e-01,6.806312799453735352e-01
8.320000000000828067e+00,2.096032714587045653e+00,3.160553023791601301e-02,-1.457100159171981490e-01,-1.182022991967268399e-01,1.895454084625333158e-01,-2.988976580340430185e-03,1.000000000000000000e+00,1.000000000000000000e+00,6.840848326683044434e-01,6.154962778091430664e-01,6.234324574470520020e-01,6.520855426788330078e-01,6.743038892745971680e-01
8.340000000000816982e+00,2.100195212084947194e+00,3.166380428685888759e-02,-2.146879235425184218e-01,-1.181315870498547416e-01,1.895273108875376866e-01,-3.062595612254956357e-03,1.000000000000000000e+00,1.000000000000000000e+00,6.843392252922058105e-01,6.086558699607849121e-01,6.234735846519470215e-01,6.519426703453063965e-01,6.674804091453552246e-01
8.360000000000805898e+00,2.104259554098495855e+00,3.084050912086250262e-02,-2.807440438543933880e-01,-1.180568218744323383e-01,1.895081577486015800e-01,-3.134508195135300972e-03,1.000000000000000000e+00,1.000000000000000000e+00,6.840010881423950195e-01,6.019371747970581055e-01,6.239765882492065430e-01,6.515365242958068848e-01,6.601098775863647461e-01
8.380000000000794813e+00,2.108208016201674084e+00,2.914207792577516720e-02,-3.428709756147598209e-01,-1.179840253148725648e-01,1.894894908386218768e-01,-3.203004751758660711e-03,1.000000000000000000e+00,1.000000000000000000e+00,6.829695105552673340e-01,5.953862071037292480e-01,6.249065995216369629e-01,6.509018540382385254e-01,6.523606777191162109e-01
8.400000000000783729e+00,2.112040676274413276e+00,2.659896217267004870e-02,-4.000782225582271701e-01,-1.179189423407057680e-01,1.894727867396286680e-01,-3.265133983576556931e-03,1.000000000000000000e+00,1.000000000000000000e+00,6.811687350273132324e-01,5.890819430351257324e-01,6.262161135673522949e-01,6.501063704490661621e-01,6.445020437240600586e-01
8.420000000000772644e+00,2.115775400302198239e+00,2.327572421023393900e-02,-4.513987914544556612e-01,-1.178666424909156352e-01,1.894593531472440473e-01,-3.319308204283604336e-03,1.000000000000000000e+00,1.000000000000000000e+00,6.785385012626647949e-01,5.830011367797851562e-01,6.279255747795104980e-01,6.492410898208618164e-01,6.367005109786987305e-01
8.440000000000761560e+00,2.119432830219218911e+00,1.925395279497083001e-02,-4.958860447159355589e-01,-1.178043590525960499e-01,1.894433430902702775e-01,-3.367054931833701314e-03,1.000000000000000000e+00,1.000000000000000000e+00,6.749841570854187012e-01,5.770385861396789551e-01,6.301414370536804199e-01,6.483901739120483398e-01,6.290085911750793457e-01
8.460000000000750475e+00,2.122987751245593024e+00,1.460585124830793280e-02,-5.327440806874339518e-01,-1.177397200430234381e-01,1.894267135777062128e-01,-3.407289893208046566e-03,1.000000000000000000e+00,1.000000000000000000e+00,6.703611016273498535e-01,5.711084604263305664e-01,6.330063343048095703e-01,6.475947499275207520e-01,6.214168667793273926e-01
8.480000000000739391e+00,2.126426929721378922e+00,9.415904384799389515e-03,-5.613926645580444852e-01,-1.176830729323719293e-01,1.894121284078722212e-01,-3.438176610674048908e-03,1.000000000000000000e+00,1.000000000000000000e+00,6.647043228149414062e-01,5.652784705162048340e-01,6.365250945091247559e-01,6.468674540519714355e-01,6.139665246009826660e-01
8.500000000000728306e+00,2.129763186033585942e+00,3.791137634589714089e-03,-5.813636671786978072e-01,-1.176351088708925408e-01,1.893997703261900978e-01,-3.459692841860586773e-03,1.000000000000000000e+00,1.000000000000000000e+00,6.584054827690124512e-01,5.598447322845458984e-01,6.404222249984741211e-01,6.462292075157165527e-01,6.068790555000305176e-01
8.520000000000717222e+00,2.133014593510830448e+00,-2.157936614198552316e-03,-5.923107624681308581e-01,-1.175989792407960699e-01,1.893904562196963570e-01,-3.472837170512949132e-03,1.000000000000000000e+00,1.000000000000000000e+00,6.519104838371276855e-01,5.550703406333923340e-01,6.443747878074645996e-01,6.457231044769287109e-01,6.003799438476562500e-01
8.540000000000706137e+00,2.136208534552582528e+00,-8.328383252121707159e-03,-5.940207545606831507e-01,-1.175776349623838257e-01,1.893849516281015943e-01,-3.478124796021472235e-03,1.000000000000000000e+00,1.000000000000000000e+00,6.454235911369323730e-01,5.509860515594482422e-01,6.482368111610412598e-01,6.453901529312133789e-01,5.945332646369934082e-01
8.560000000000695053e+00,2.139382605825725925e+00,-1.462229652302482474e-02,-5.864288948644281740e-01,-1.175722504676375291e-01,1.893835627446652792e-01,-3.476433112881458648e-03,1.000000000000000000e+00,1.000000000000000000e+00,6.390241980552673340e-01,5.474945902824401855e-01,6.519972681999206543e-01,6.452392339706420898e-01,5.892984867095947266e-01
8.580000000000683968e+00,2.142580039924359081e+00,-2.095024009123824804e-02,-5.696490135793269571e-01,-1.175809165818677976e-01,1.893857980444107192e-01,-3.468228580223059552e-03,1.000000000000000000e+00,1.000000000000000000e+00,6.329107880592346191e-01,5.446050167083740234e-01,6.556247472763061523e-01,6.452443599700927734e-01,5.847132205963134766e-01
8.600000000000672884e+00,2.145840083711154644e+00,-2.722811138910913309e-02,-5.439785630472274702e-01,-1.175984133926834263e-01,1.893903103102254348e-01,-3.454140131790661792e-03,1.000000000000000000e+00,1.000000000000000000e+00,6.274574398994445801e-01,5.424861907958984375e-01,6.589610576629638672e-01,6.453630328178405762e-01,5.809510350227355957e-01
8.620000000000661800e+00,2.149191480470596272e+00,-3.338003479209433744e-02,-5.098635765174834855e-01,-1.176240181395726975e-01,1.893969116458194824e-01,-3.434877333816836829e-03,1.000000000000000000e+00,1.000000000000000000e+00,6.229794025421142578e-01,5.412329435348510742e-01,6.617972850799560547e-01,6.455329060554504395e-01,5.781343579292297363e-01
8.640000000000650715e+00,2.152662619998974680e+00,-3.933861249650333347e-02,-4.678896327726442261e-01,-1.176584545958138106e-01,1.894057864040120387e-01,-3.410356197876872678e-03,1.000000000000000000e+00,1.000000000000000000e+00,6.194790005683898926e-01,5.407334566116333008e-01,6.640668511390686035e-01,6.456726789474487305e-01,5.762181878089904785e-01
8.660000000000639631e+00,2.156285431744665804e+00,-4.503795151228423554e-02,-4.187808367797027365e-01,-1.176987898197851268e-01,1.894161761991863813e-01,-3.381039200938180771e-03,1.000000000000000000e+00,1.000000000000000000e+00,6.167346239089965820e-01,5.408656597137451172e-01,6.658729910850524902e-01,6.457167863845825195e-01,5.751435160636901855e-01
8.680000000000628546e+00,2.160079759251829046e+00,-5.042257858308807350e-02,-3.634253248709494177e-01,-1.177305038059787007e-01,1.894243413803348153e-01,-3.347711487585015508e-03,1.000000000000000000e+00,1.000000000000000000e+00,6.144962310791015625e-01,5.416177511215209961e-01,6.673769354820251465e-01,6.456264257431030273e-01,5.749246478080749512e-01
8.700000000000617462e+00,2.164026405143910647e+00,-5.543648630650455100e-02,-3.028541846530459214e-01,-1.177475389587199495e-01,1.894287258868717350e-01,-3.306467633498159746e-03,1.000000000000000000e+00,1.000000000000000000e+00,6.125830411911010742e-01,5.430563688278198242e-01,6.687067747116088867e-01,6.453762054443359375e-01,5.756394267082214355e-01
8.720000000000606377e+00,2.168085327731615664e+00,-5.998873693406581165e-02,-2.380524970133957863e-01,-1.177509699733114562e-01,1.894296088414850754e-01,-3.257958358533373597e-03,1.000000000000000000e+00,1.000000000000000000e+00,6.108645200729370117e-01,5.453056097030639648e-01,6.699588298797607422e-01,6.449465155601501465e-01,5.773898363113403320e-01
8.740000000000595293e+00,2.172218151963996924e+00,-6.398882527987576063e-02,-1.699940182782683773e-01,-1.177440487224906684e-01,1.894278276506898007e-01,-3.203095996474772042e-03,1.000000000000000000e+00,1.000000000000000000e+00,6.092730164527893066e-01,5.485559105873107910e-01,6.711956858634948730e-01,6.443211436271667480e-01,5.803359746932983398e-01
8.760000000000584208e+00,2.176395312300820173e+00,-6.735478912938430707e-02,-9.968136005150367296e-02,-1.177294694688074544e-01,1.894240751308286230e-01,-3.142687413901816811e-03,1.000000000000000000e+00,1.000000000000000000e+00,6.078164577484130859e-01,5.530601143836975098e-01,6.724411249160766602e-01,6.434884071350097656e-01,5.847405791282653809e-01
8.780000000000573124e+00,2.180594636915722528e+00,-7.001253220557845935e-02,-2.813130108407200375e-02,-1.177090130234609983e-01,1.894188086718678610e-01,-3.077664057096955990e-03,1.000000000000000000e+00,1.000000000000000000e+00,6.065579652786254883e-01,5.590782761573791504e-01,6.736927628517150879e-01,6.424584984779357910e-01,5.909088850021362305e-01
8.800000000000562039e+00,2.184798098208153405e+00,-7.189733287299499009e-02,4.363318418216708544e-02,-1.176827412425151542e-01,1.894120429740187850e-01,-3.009140484545164834e-03,1.000000000000000000e+00,1.000000000000000000e+00,6.055919528007507324e-01,5.667436122894287109e-01,6.749263405799865723e-01,6.412914395332336426e-01,5.990498661994934082e-01
8.820000000000550955e+00,2.188985418805041494e+00,-7.295569253716838176e-02,1.145719191253168762e-01,-1.176483019321485080e-01,1.894031703420210599e-01,-2.938386113535645591e-03,1.000000000000000000e+00,1.000000000000000000e+00,6.050091385841369629e-01,5.759086012840270996e-01,6.760997176170349121e-01,6.401198506355285645e-01,6.091037392616271973e-01
8.840000000000539870e+00,2.193128592585631864e+00,-7.314856395559043989e-02,1.836360667287148807e-01,-1.176066194081663713e-01,1.893924262041051521e-01,-2.867328816933295901e-03,1.000000000000000000e+00,1.000000000000000000e+00,6.048694252967834473e-01,5.861357450485229492e-01,6.771644949913024902e-01,6.391345262527465820e-01,6.206891536712646484e-01
8.860000000000528786e+00,2.197200534046080289e+00,-7.245845086521884859e-02,2.498021884385475122e-01,-1.175613472171766066e-01,1.893807500415171374e-01,-2.797917531806691591e-03,1.000000000000000000e+00,1.000000000000000000e+00,6.051867008209228516e-01,5.969017744064331055e-01,6.780851483345031738e-01,6.385158896446228027e-01,6.332364082336425781e-01
8.880000000000517701e+00,2.201184551294574021e+00,-7.089114990751665957e-02,3.120562462113520841e-01,-1.175185415895258767e-01,1.893697035572375065e-01,-2.732034385388173569e-03,1.000000000000000000e+00,1.000000000000000000e+00,6.059302687644958496e-01,6.077545881271362305e-01,6.788374185562133789e-01,6.383571028709411621e-01,6.461104154586791992e-01
8.900000000000506617e+00,2.205081219914806656e+00,-6.847690024286728905e-02,3.694010730289154498e-01,-1.174859653494237516e-01,1.893612926607248503e-01,-2.673174502603381172e-03,1.000000000000000000e+00,1.000000000000000000e+00,6.070378422737121582e-01,6.182945966720581055e-01,6.793893575668334961e-01,6.386168003082275391e-01,6.586187481880187988e-01
8.920000000000495533e+00,2.208908103461770800e+00,-6.528026317557689140e-02,4.208621532342373683e-01,-1.174738289123123530e-01,1.893581582058604940e-01,-2.625784524934336381e-03,1.000000000000000000e+00,1.000000000000000000e+00,6.084451079368591309e-01,6.280951499938964844e-01,6.796711087226867676e-01,6.391157507896423340e-01,6.700339317321777344e-01
8.940000000000484448e+00,2.212683789992436978e+00,-6.138261892744539816e-02,4.654839660651327038e-01,-1.177721541171758424e-01,1.893523445973720187e-01,-2.590999365389221130e-03,1.000000000000000000e+00,1.002003192901611328e+00,6.101291775703430176e-01,6.367784738540649414e-01,6.795600652694702148e-01,6.396108269691467285e-01,6.798061132431030273e-01
8.960000000000473364e+00,2.216380560338857553e+00,-5.685267419284045776e-02,5.024626572678327907e-01,-1.180619898365996845e-01,1.893448219687162704e-01,-2.572136133686228794e-03,1.000000000000000000e+00,1.003990650177001953e+00,6.121586561203002930e-01,6.442891955375671387e-01,6.789223551750183105e-01,6.399258375167846680e-01,6.878772377967834473e-01
8.980000000000462279e+00,2.219982591795383708e+00,-5.177054957024296300e-02,5.311925877689878117e-01,-1.182555268593624004e-01,1.893372896054295318e-01,-2.571216476344893084e-03,1.000000000000000000e+00,1.005375862121582031e+00,6.147181987762451172e-01,6.508727669715881348e-01,6.776202321052551270e-01,6.400090456008911133e-01,6.945664882659912109e-01
9.000000000000451195e+00,2.223499253153172983e+00,-4.624031092603553272e-02,5.511627866465295122e-01,-1.183163306805574688e-01,1.893283951696708156e-01,-2.585862371833445080e-03,1.000000000000000000e+00,1.005967497825622559e+00,6.181694865226745605e-01,6.569154262542724609e-01,6.754829883575439453e-01,6.399276256561279297e-01,7.003383040428161621e-01
9.020000000000440110e+00,2.226945433261768859e+00,-4.037222497192871629e-02,5.619820095034552265e-01,-1.182083337541720569e-01,1.893181179300347239e-01,-2.611987613717495736e-03,1.000000000000000000e+00,1.005543231964111328e+00,6.230261325836181641e-01,6.626468896865844727e-01,6.722570061683654785e-01,6.398370265960693359e-01,7.055047154426574707e-01
9.040000000000429026e+00,2.230345932135572973e+00,-3.427326893170501432e-02,5.634144975190487070e-01,-1.178898592367298298e-01,1.893070528057191060e-01,-2.646019374472678883e-03,1.000000000000000000e+00,1.003827810287475586e+00,6.296286582946777344e-01,6.678625941276550293e-01,6.677935719490051270e-01,6.399061083793640137e-01,7.100575566291809082e-01
9.060000000000417941e+00,2.233735375576981319e+00,-2.804938119657662821e-02,5.554184042013367018e-01,-1.173511101976277837e-01,1.892958032462399021e-01,-2.684675328864801792e-03,1.000000000000000000e+00,1.000739097595214844e+00,6.375634670257568359e-01,6.718599796295166016e-01,6.623755097389221191e-01,6.402344107627868652e-01,7.136314511299133301e-01
9.080000000000406857e+00,2.237152768708154049e+00,-2.179917191655544872e-02,5.381749306205271255e-01,-1.171887291679477028e-01,1.892843794735396545e-01,-2.721813866750179018e-03,1.000000000000000000e+00,1.000000000000000000e+00,6.456065177917480469e-01,6.738657355308532715e-01,6.566538214683532715e-01,6.408544778823852539e-01,7.157567739486694336e-01
9.100000000000395772e+00,2.240631211172321002e+00,-1.561098730050586303e-02,5.120387778691831704e-01,-1.171439086944720542e-01,1.892727550429283701e-01,-2.750349657181254751e-03,1.000000000000000000e+00,1.000000000000000000e+00,6.527191400527954102e-01,6.736993789672851562e-01,6.511478424072265625e-01,6.417335867881774902e-01,7.163277268409729004e-01
9.120000000000384688e+00,2.244193431037323272e+00,-9.559168178274346506e-03,4.774792384963301162e-01,-1.171020921553011240e-01,1.892619033730577049e-01,-2.769356279710503185e-03,1.000000000000000000e+00,1.000000000000000000e+00,6.586524248123168945e-01,6.717670559883117676e-01,6.460179090499877930e-01,6.427854895591735840e-01,7.156109809875488281e-01
9.140000000000373603e+00,2.247863644607263289e+00,-3.708690212390841623e-03,4.350858732518262939e-01,-1.170678764448037507e-01,1.892530196189594616e-01,-2.783491638396413774e-03,1.000000000000000000e+00,1.000000000000000000e+00,6.635450124740600586e-01,6.686139702796936035e-01,6.413170695304870605e-01,6.439347863197326660e-01,7.139174938201904297e-01
9.160000000000362519e+00,2.251671280633570582e+00,1.875383893014392900e-03,3.855846668658509668e-01,-1.170430133371397619e-01,1.892465615986699823e-01,-2.797930653944954299e-03,1.000000000000000000e+00,1.000000000000000000e+00,6.675660610198974609e-01,6.646766066551208496e-01,6.372127532958984375e-01,6.451351046562194824e-01,7.114986777305603027e-01
9.180000000000351434e+00,2.255634693239399802e+00,7.137425957179088787e-03,3.298750768714548975e-01,-1.170226801445219678e-01,1.892412785813526455e-01,-2.815686500088594637e-03,1.000000000000000000e+00,1.000000000000000000e+00,6.708744764328002930e-01,6.601386666297912598e-01,6.338542103767395020e-01,6.463481187820434570e-01,7.085227966308593750e-01
9.200000000000340350e+00,2.259734261366270314e+00,1.201990687219656184e-02,2.690010302584410207e-01,-1.170023054440027521e-01,1.892359833239693756e-01,-2.838699513011738208e-03,1.000000000000000000e+00,1.000000000000000000e+00,6.736341714859008789e-01,6.549757122993469238e-01,6.312061548233032227e-01,6.475371718406677246e-01,7.050306200981140137e-01
9.220000000000329266e+00,2.263929332123371552e+00,1.643162680030951783e-02,2.039608833268258536e-01,-1.169787876827694112e-01,1.892298693918522123e-01,-2.865471932122636099e-03,1.000000000000000000e+00,1.000000000000000000e+00,6.760063767433166504e-01,6.491129994392395020e-01,6.291094422340393066e-01,6.486792564392089844e-01,7.009733319282531738e-01
9.240000000000318181e+00,2.268180719632889364e+00,2.028323580265245507e-02,1.357407820054271352e-01,-1.169508155408810479e-01,1.892225949187098799e-01,-2.894123292505914637e-03,1.000000000000000000e+00,1.000000000000000000e+00,6.780773401260375977e-01,6.426081657409667969e-01,6.274312138557434082e-01,6.497341990470886230e-01,6.963511705398559570e-01
9.260000000000307097e+00,2.272457784341334719e+00,2.349430456493217800e-02,6.535016338146813764e-02,-1.169183824069065375e-01,1.892141568659430340e-01,-2.923384897897904691e-03,1.000000000000000000e+00,1.000000000000000000e+00,6.798528432846069336e-01,6.356841325759887695e-01,6.260939836502075195e-01,6.506294012069702148e-01,6.912559866905212402e-01
9.280000000000296012e+00,2.276736977772922721e+00,2.599244269572376087e-02,-6.192830400441117628e-03,-1.168823599474472230e-01,1.892047806411443489e-01,-2.952714582693884843e-03,1.000000000000000000e+00,1.000000000000000000e+00,6.813054680824279785e-01,6.286293268203735352e-01,6.250611543655395508e-01,6.512914299964904785e-01,6.858064532279968262e-01
9.300000000000284928e+00,2.280998595872907320e+00,2.771462498776183780e-02,-7.786715148195999525e-02,-1.168435874087401100e-01,1.891946834849497217e-01,-2.982015736770775218e-03,1.000000000000000000e+00,1.000000000000000000e+00,6.823979020118713379e-01,6.216669678688049316e-01,6.243405342102050781e-01,6.516774892807006836e-01,6.800531744956970215e-01
9.320000000000273843e+00,2.285220167375920486e+00,2.860894387953416551e-02,-1.486357450185989970e-01,-1.168022774144387849e-01,1.891839196762389597e-01,-3.011222125850181001e-03,1.000000000000000000e+00,1.000000000000000000e+00,6.830762028694152832e-01,6.148774623870849609e-01,6.239846348762512207e-01,6.517789363861083984e-01,6.739269495010375977e-01
9.340000000000262759e+00,2.289371665952513180e+00,2.863822410639632610e-02,-2.174562502717289347e-01,-1.167593995902748705e-01,1.891727409595693743e-01,-3.039903819006640334e-03,1.000000000000000000e+00,1.000000000000000000e+00,6.832569837570190430e-01,6.082240939140319824e-01,6.240621209144592285e-01,6.516028642654418945e-01,6.672928333282470703e-01
9.360000000000251674e+00,2.293424784319748166e+00,2.778677857669120677e-02,-2.833123597509746849e-01,-1.167165177180998908e-01,1.891615546650317337e-01,-3.067390837217772673e-03,1.000000000000000000e+00,1.000000000000000000e+00,6.828372478485107422e-01,6.016572117805480957e-01,6.246066689491271973e-01,6.511666178703308105e-01,6.600952744483947754e-01
9.380000000000240590e+00,2.297362296117809066e+00,2.606178202098552443e-02,-3.451978526818291759e-01,-1.166759059116742464e-01,1.891509545223402089e-01,-3.092889577118215338e-03,1.000000000000000000e+00,1.000000000000000000e+00,6.817255616188049316e-01,5.952213406562805176e-01,6.255863308906555176e-01,6.505135893821716309e-01,6.524916887283325195e-01
9.400000000000229505e+00,2.301184896872695784e+00,2.349464083948016313e-02,-4.021255328925945616e-01,-1.166396657315747210e-01,1.891414904674570130e-01,-3.115170181470507029e-03,1.000000000000000000e+00,1.000000000000000000e+00,6.798613071441650391e-01,5.889998078346252441e-01,6.269518733024597168e-01,6.497226357460021973e-01,6.447585225105285645e-01
9.420000000000218421e+00,2.304910957767429824e+00,2.015096633042673391e-02,-4.531324618408044125e-01,-1.166095254542648119e-01,1.891336158251034349e-01,-3.133786496229182695e-03,1.000000000000000000e+00,1.000000000000000000e+00,6.771952509880065918e-01,5.829822421073913574e-01,6.287180781364440918e-01,6.488890647888183594e-01,6.370853781700134277e-01
9.440000000000207336e+00,2.308560152143245947e+00,1.611205161087186921e-02,-4.972756489229471777e-01,-1.165762871742669071e-01,1.891249280192807414e-01,-3.149507541907726766e-03,1.000000000000000000e+00,1.000000000000000000e+00,6.736339330673217773e-01,5.770766139030456543e-01,6.309848427772521973e-01,6.480849385261535645e-01,6.295374035835266113e-01
9.460000000000196252e+00,2.312106362841039875e+00,1.144980546889973194e-02,-5.337712765683507721e-01,-1.165439693186830078e-01,1.891164770077237434e-01,-3.161969642857761099e-03,1.000000000000000000e+00,1.000000000000000000e+00,6.690462231636047363e-01,5.712097883224487305e-01,6.338754296302795410e-01,6.473327279090881348e-01,6.221064329147338867e-01
9.480000000000185167e+00,2.315537716891868047e+00,6.249270211779511808e-03,-5.620447831705920327e-01,-1.165166138596843842e-01,1.891093207256784592e-01,-3.170565541430689534e-03,1.000000000000000000e+00,1.000000000000000000e+00,6.635044217109680176e-01,5.654646754264831543e-01,6.373589634895324707e-01,6.466338038444519043e-01,6.148397922515869141e-01
9.500000000000174083e+00,2.318867480268809622e+00,6.178104007067419801e-04,-5.816333242294864370e-01,-1.164944493615643617e-01,1.891035204508395295e-01,-3.175494150753013431e-03,1.000000000000000000e+00,1.000000000000000000e+00,6.574066877365112305e-01,5.601407885551452637e-01,6.411522626876831055e-01,6.460098624229431152e-01,6.079650521278381348e-01
9.520000000000162999e+00,2.322113886405193117e+00,-5.334571896060236185e-03,-5.921958610027999725e-01,-1.164785893298333763e-01,1.890993689240857978e-01,-3.177217639882357145e-03,1.000000000000000000e+00,1.000000000000000000e+00,6.511588096618652344e-01,5.554841160774230957e-01,6.449625492095947266e-01,6.455112099647521973e-01,6.016957163810729980e-01
9.540000000000151914e+00,2.325304595765101290e+00,-1.150524664824975618e-02,-5.935249989145384708e-01,-1.164698137636051428e-01,1.890970714413506837e-01,-3.176000067783334505e-03,1.000000000000000000e+00,1.000000000000000000e+00,6.449273228645324707e-01,5.515071153640747070e-01,6.486727595329284668e-01,6.451815962791442871e-01,5.960751771926879883e-01
9.560000000000140830e+00,2.328477299377206933e+00,-1.779663650867457925e-02,-5.855626140947105540e-01,-1.164680596454044093e-01,1.890966121721640580e-01,-3.172232147541473920e-03,1.000000000000000000e+00,1.000000000000000000e+00,6.387711763381958008e-01,5.481064319610595703e-01,6.522844433784484863e-01,6.450279951095581055e-01,5.910471081733703613e-01
9.580000000000129745e+00,2.331675068225232295e+00,-2.411963199431582661e-02,-5.684299681536956195e-01,-1.164719250803970541e-01,1.890976242188386058e-01,-3.166083299007544944e-03,1.000000000000000000e+00,1.000000000000000000e+00,6.328740715980529785e-01,5.452920198440551758e-01,6.557680368423461914e-01,6.450237631797790527e-01,5.866400599479675293e-01
9.600000000000118661e+00,2.334936565286140464e+00,-3.039025101534337248e-02,-5.424308568736034841e-01,-1.164789129018609509e-01,1.890994536314160035e-01,-3.157820983232543111e-03,1.000000000000000000e+00,1.000000000000000000e+00,6.275982856750488281e-01,5.432271957397460938e-01,6.589645743370056152e-01,6.451283097267150879e-01,5.830171108245849609e-01
9.620000000000107576e+00,2.338290119845380932e+00,-3.653296199793781840e-02,-5.080160757709201169e-01,-1.164883928348782183e-01,1.891019351990520236e-01,-3.147648715631695682e-03,1.000000000000000000e+00,1.000000000000000000e+00,6.232514381408691406e-01,5.419915914535522461e-01,6.616737842559814453e-01,6.452836394309997559e-01,5.802897810935974121e-01
9.640000000000096492e+00,2.341764055397919986e+00,-4.248036992705711556e-02,-4.657758647157340115e-01,-1.165002230163377783e-01,1.891050315404968207e-01,-3.135457768181825356e-03,1.000000000000000000e+00,1.000000000000000000e+00,6.198391318321228027e-01,5.414727330207824707e-01,6.638410091400146484e-01,6.454148888587951660e-01,5.784208774566650391e-01
9.660000000000085407e+00,2.345390140391837797e+00,-4.816651886313971787e-02,-4.164383443801175089e-01,-1.165127410172089872e-01,1.891083073602056741e-01,-3.121388223831377158e-03,1.000000000000000000e+00,1.000000000000000000e+00,6.171557903289794922e-01,5.415644049644470215e-01,6.655691266059875488e-01,6.454609632492065430e-01,5.773726701736450195e-01
9.680000000000074323e+00,2.349187194130311074e+00,-5.353635204385054358e-02,-3.608970967939064689e-01,-1.165204164542492371e-01,1.891103156578454458e-01,-3.105538159927638975e-03,1.000000000000000000e+00,1.000000000000000000e+00,6.149688363075256348e-01,5.422667860984802246e-01,6.670088171958923340e-01,6.453838944435119629e-01,5.771763920783996582e-01
9.700000000000063238e+00,2.353134975449354016e+00,-5.853282662959735649e-02,-3.001832737554578912e-01,-1.165213617759833370e-01,1.891105629890862672e-01,-3.086530732213418893e-03,1.000000000000000000e+00,1.000000000000000000e+00,6.131096482276916504e-01,5.436511635780334473e-01,6.682772040367126465e-01,6.451575756072998047e-01,5.779182910919189453e-01
9.720000000000052154e+00,2.357193314632181735e+00,-6.306465118228693489e-02,-2.352802853997846277e-01,-1.165161667546063262e-01,1.891092037391949865e-01,-3.064772946841975813e-03,1.000000000000000000e+00,1.000000000000000000e+00,6.114529371261596680e-01,5.458398461341857910e-01,6.694636940956115723e-01,6.447618007659912109e-01,5.797004699707031250e-01
9.740000000000041069e+00,2.361324120490209566e+00,-6.704179989156228148e-02,-1.671629451098262942e-01,-1.165061499196222983e-01,1.891065826142778183e-01,-3.040724549187355172e-03,1.000000000000000000e+00,1.000000000000000000e+00,6.099317669868469238e-01,5.490169525146484375e-01,6.706274151802062988e-01,6.441795229911804199e-01,5.826767086982727051e-01
9.760000000000029985e+00,2.365498152603861204e+00,-7.038273863957822396e-02,-9.683484134874525973e-02,-1.164924195270753970e-01,1.891029891710892807e-01,-3.014796758181265742e-03,1.000000000000000000e+00,1.000000000000000000e+00,6.085478067398071289e-01,5.534238815307617188e-01,6.717940568923950195e-01,6.433974504470825195e-01,5.870915055274963379e-01
9.780000000000018900e+00,2.369693487173112345e+00,-7.301380018471026467e-02,-2.531318016956744799e-02,-1.164757671568467934e-01,1.890986300966448486e-01,-2.987450526854650186e-03,1.000000000000000000e+00,1.000000000000000000e+00,6.073513627052307129e-01,5.593014359474182129e-01,6.729694008827209473e-01,6.424210071563720703e-01,5.932177305221557617e-01
9.800000000000007816e+00,2.373892238094470919e+00,-7.487076469676207102e-02,4.637888388770328857e-02,-1.164563640684297963e-01,1.890935497140866506e-01,-2.959218301425446240e-03,1.000000000000000000e+00,1.000000000000000000e+00,6.064246892929077148e-01,5.667588114738464355e-01,6.741405725479125977e-01,6.413016915321350098e-01,6.012265682220458984e-01
9.819999999999996732e+00,2.378074046300293620e+00,-7.590068412366346440e-02,1.172009609753736359e-01,-1.164336604372926270e-01,1.890876034214074852e-01,-2.930701209113518568e-03,1.000000000000000000e+00,1.000000000000000000e+00,6.058582067489624023e-01,5.756340622901916504e-01,6.752727627754211426e-01,6.401618719100952148e-01,6.110364198684692383e-01
9.839999999999985647e+00,2.382210903412759873e+00,-7.606523246919916215e-02,1.861055655095491812e-01,-1.164083409622833909e-01,1.890809698291998353e-01,-2.902713041647972305e-03,1.000000000000000000e+00,1.000000000000000000e+00,6.057217717170715332e-01,5.854985713958740234e-01,6.763156056404113770e-01,6.391857266426086426e-01,6.222712397575378418e-01
9.859999999999974563e+00,2.386276036462419370e+00,-7.534772179652726720e-02,2.520710658488912181e-01,-1.163820337468228633e-01,1.890740750095051548e-01,-2.876037157121277485e-03,1.000000000000000000e+00,1.000000000000000000e+00,6.060311198234558105e-01,5.958553552627563477e-01,6.772246956825256348e-01,6.385518908500671387e-01,6.343800425529479980e-01
9.879999999999963478e+00,2.390253284347591212e+00,-7.375469899443110045e-02,3.140854461789734930e-01,-1.163571486599096760e-01,1.890675506187632082e-01,-2.851394240373605286e-03,1.000000000000000000e+00,1.000000000000000000e+00,6.067419052124023438e-01,6.062813401222229004e-01,6.779683232307434082e-01,6.383526921272277832e-01,6.467479467391967773e-01
9.899999999999952394e+00,2.394143868567994549e+00,-7.131724787927357090e-02,3.711542538477972109e-01,-1.163358121965985814e-01,1.890619548306564368e-01,-2.829895022923074703e-03,1.000000000000000000e+00,1.000000000000000000e+00,6.077780127525329590e-01,6.164044141769409180e-01,6.785122752189636230e-01,6.385493278503417969e-01,6.587170958518981934e-01
9.919999999999941309e+00,2.397965832982116741e+00,-6.810090749198338678e-02,4.223059150848268439e-01,-1.163195435780581127e-01,1.890576870522259756e-01,-2.811951956376257302e-03,1.000000000000000000e+00,1.000000000000000000e+00,6.090794801712036133e-01,6.258288621902465820e-01,6.787896752357482910e-01,6.389762163162231445e-01,6.696219444274902344e-01
9.939999999999930225e+00,2.401736877630865852e+00,-6.418699371260772057e-02,4.665862303334352701e-01,-1.163003007091440028e-01,1.890526377987784279e-01,-2.797603540092015017e-03,1.000000000000000000e+00,1.000000000000000000e+00,6.106436252593994141e-01,6.342027187347412109e-01,6.786835789680480957e-01,6.394131183624267578e-01,6.789719462394714355e-01
9.959999999999919140e+00,2.405428746162310283e+00,-5.964576195054666075e-02,5.032014547827571294e-01,-1.162835573247197052e-01,1.890482433113186977e-01,-2.790101229545543723e-03,1.000000000000000000e+00,1.000000000000000000e+00,6.125605106353759766e-01,6.414315104484558105e-01,6.780541539192199707e-01,6.396970748901367188e-01,6.866925954818725586e-01
9.979999999999908056e+00,2.409027322164122076e+00,-5.456129483251154211e-02,5.315645648910817256e-01,-1.163337549955295869e-01,1.890457101256861339e-01,-2.793501761418194437e-03,1.000000000000000000e+00,1.000373959541320801e+00,6.150189042091369629e-01,6.477056741714477539e-01,6.767604947090148926e-01,6.397746801376342773e-01,6.930587887763977051e-01
9.999999999999896971e+00,2.412542062914214025e+00,-4.904043859011786299e-02,5.511986758661121533e-01,-1.164129021704668199e-01,1.890442071261304313e-01,-2.808615008997352759e-03,1.000000000000000000e+00,1.000904083251953125e+00,6.183632612228393555e-01,6.534158587455749512e-01,6.746515631675720215e-01,6.397025585174560547e-01,6.985281109809875488e-01
