frame_index,time_s,detected,x_px,y_px,x_smooth_px,y_smooth_px,red_area_px,component_count
0,0.0,True,314.86699507389164,251.89162561576356,314.86699507389164,250.73869346733667,203,7
1,0.03333333333333333,True,315.06532663316585,250.73869346733667,314.9661608535288,249.68184673366835,199,7
2,0.06666666666666667,True,313.8279069767442,246.05581395348838,315.06532663316585,250.73869346733667,215,7
3,0.1,True,315.4051724137931,248.625,315.4051724137931,248.9748743718593,232,7
4,0.13333333333333333,True,316.5073170731707,251.88292682926829,315.4051724137931,248.625,205,7
5,0.16666666666666666,True,316.11557788944725,248.9748743718593,316.11557788944725,248.625,199,7
6,0.2,True,314.62605042016804,236.10504201680672,316.1788617886179,248.61306532663318,238,7
7,0.23333333333333334,True,316.1788617886179,241.3739837398374,316.1788617886179,244.33516483516485,246,7
8,0.26666666666666666,True,318.1507537688442,248.61306532663318,316.1788617886179,241.3739837398374,199,7
9,0.3,True,316.7142857142857,244.33516483516485,316.1788617886179,241.3739837398374,182,7
10,0.3333333333333333,True,315.6727272727273,238.50454545454545,315.6727272727273,238.50454545454545,220,7
11,0.36666666666666664,True,314.7042253521127,237.38028169014083,314.7042253521127,237.38028169014083,213,7
12,0.4,True,312.84037558685446,234.65258215962442,312.84037558685446,235.73636363636365,213,7
13,0.43333333333333335,True,312.7181818181818,235.73636363636365,312.7181818181818,234.65258215962442,220,7
14,0.4666666666666667,True,309.6781115879828,230.41630901287553,310.0120481927711,230.55421686746988,233,7
15,0.5,True,310.0120481927711,230.55421686746988,309.6781115879828,230.41630901287553,249,7
16,0.5333333333333333,True,307.45299145299145,227.42307692307693,307.45299145299145,229.52697095435684,234,7
17,0.5666666666666667,True,305.984126984127,227.6468253968254,305.984126984127,227.6468253968254,252,7
18,0.6,True,304.3319502074689,229.52697095435684,304.3319502074689,227.42307692307693,241,7
19,0.6333333333333333,True,301.9186991869919,227.1991869918699,301.9186991869919,227.1991869918699,246,7
20,0.6666666666666666,True,300.93277310924367,225.81512605042016,300.93277310924367,226.75324675324674,238,7
21,0.7,True,299.8508064516129,225.54435483870967,299.8508064516129,226.45258620689654,248,7
22,0.7333333333333333,True,298.31601731601734,226.75324675324674,298.31601731601734,225.81512605042016,231,7
23,0.7666666666666667,True,297.20258620689657,226.45258620689654,297.39908256880733,226.13247863247864,232,7
24,0.8,True,297.39908256880733,225.36697247706422,297.20258620689657,226.13247863247864,218,7
25,0.8333333333333334,True,296.0683760683761,226.13247863247864,296.0683760683761,225.36697247706422,234,7
26,0.8666666666666667,True,294.7907949790795,224.47280334728035,295.76824034334766,224.79710144927537,239,7
27,0.9,True,295.3478260869565,224.79710144927537,295.3478260869565,224.79710144927537,207,7
28,0.9333333333333333,True,295.76824034334766,220.49356223175965,294.7907949790795,224.47280334728035,233,7
29,0.9666666666666667,True,292.06280193236717,225.3768115942029,294.4861111111111,220.49356223175965,207,7
30,1.0,True,293.75586854460096,218.093896713615,294.28506787330315,218.093896713615,213,7
31,1.0333333333333334,True,294.4861111111111,217.23611111111111,294.28506787330315,217.23611111111111,216,7
32,1.0666666666666667,True,294.28506787330315,214.39366515837105,294.4861111111111,214.39366515837105,221,7
33,1.1,True,295.23115577889445,212.678391959799,294.89302325581394,212.678391959799,199,7
34,1.1333333333333333,True,295.625,210.2685185185185,295.23115577889445,211.39069767441862,216,7
35,1.1666666666666667,True,294.89302325581394,211.39069767441862,295.23115577889445,211.39069767441862,215,7
36,1.2,True,310.55299539170505,205.36866359447004,295.625,210.2685185185185,217,8
37,1.2333333333333334,True,294.99484536082474,212.92268041237114,296.4739336492891,209.85308056872037,194,7
38,1.2666666666666666,True,296.4739336492891,209.85308056872037,299.0769230769231,205.36866359447004,211,7
39,1.3,True,300.3911111111111,200.48888888888888,298.9904761904762,207.94761904761904,225,7
40,1.3333333333333333,True,299.0769230769231,205.11111111111111,299.0769230769231,205.11111111111111,234,7
41,1.3666666666666667,True,298.9904761904762,207.94761904761904,300.3911111111111,203.90825688073394,210,7
42,1.4,True,302.8089430894309,196.6910569105691,300.9342723004695,203.92488262910797,246,7
43,1.4333333333333333,True,301.1605504587156,203.90825688073394,301.1605504587156,203.90825688073394,218,7
44,1.4666666666666666,True,300.9342723004695,203.92488262910797,301.1605504587156,197.82110091743118,213,7
45,1.5,True,302.5366972477064,197.82110091743118,301.0787037037037,197.82110091743118,218,7
46,1.5333333333333334,True,301.0787037037037,197.61111111111111,301.0787037037037,197.61111111111111,216,7
47,1.5666666666666667,True,300.86899563318775,195.16157205240174,301.0787037037037,195.59349593495935,229,7
48,1.6,True,301.8455284552846,195.59349593495935,300.9916317991632,195.16157205240174,246,7
49,1.6333333333333333,True,300.9916317991632,190.68200836820083,300.86899563318775,190.68200836820083,239,7
50,1.6666666666666667,True,300.4096385542169,186.60642570281124,300.42960288808666,187.3655462184874,249,7
51,1.7,True,300.42960288808666,185.11552346570397,300.4096385542169,186.60642570281124,277,7
52,1.7333333333333334,True,296.2773109243698,187.3655462184874,299.01433691756273,185.77075098814228,238,7
53,1.7666666666666666,True,299.01433691756273,184.8279569892473,296.2773109243698,185.11552346570397,279,7
54,1.8,True,296.2490118577075,185.77075098814228,296.2773109243698,184.8279569892473,253,7
55,1.8333333333333333,True,294.98706896551727,183.82758620689654,296.2490118577075,183.82758620689654,232,7
56,1.8666666666666667,True,296.31451612903226,181.20967741935485,294.98706896551727,183.7907949790795,248,7
57,1.9,True,292.1548117154812,183.7907949790795,292.93172690763055,183.7907949790795,239,7
58,1.9333333333333333,True,292.93172690763055,182.53012048192772,292.1548117154812,182.53012048192772,249,7
59,1.9666666666666666,True,289.0082644628099,184.12396694214877,290.31904761904764,182.53012048192772,242,7
60,2.0,True,290.31904761904764,181.66666666666666,290.31904761904764,181.66666666666666,210,7
61,2.033333333333333,True,288.4906542056075,181.10280373831776,289.41148325358853,181.10280373831776,214,7
62,2.066666666666667,True,291.8103448275862,178.5043103448276,290.31904761904764,178.5043103448276,232,7
63,2.1,True,289.41148325358853,178.31578947368422,291.8103448275862,178.31578947368422,209,7
64,2.1333333333333333,True,293.1174089068826,174.8825910931174,293.1174089068826,174.8825910931174,247,7
65,2.1666666666666665,True,294.56962025316454,174.46413502109704,294.5662100456621,174.46413502109704,237,7
66,2.2,True,294.5662100456621,172.34703196347033,294.56962025316454,172.34703196347033,219,7
67,2.2333333333333334,True,296.0608695652174,171.27826086956523,296.0608695652174,171.27826086956523,230,7
68,2.2666666666666666,True,297.26008968609864,169.42152466367713,297.17699115044246,170.641592920354,223,7
69,2.3,True,298.72115384615387,168.61057692307693,297.26008968609864,169.42152466367713,208,7
70,2.3333333333333335,True,297.17699115044246,170.641592920354,298.72115384615387,168.61057692307693,226,7
71,2.3666666666666667,True,300.1725663716814,168.58849557522123,300.1725663716814,168.58849557522123,226,7
72,2.4,True,302.8189655172414,167.0301724137931,302.8189655172414,167.92056074766356,232,7
73,2.433333333333333,True,303.0140186915888,167.92056074766356,303.0140186915888,167.0301724137931,214,7
74,2.466666666666667,True,304.3333333333333,166.4404761904762,304.3333333333333,166.4404761904762,252,7
75,2.5,True,305.9617021276596,165.26382978723404,305.9617021276596,165.26382978723404,235,7
76,2.533333333333333,True,312.98425196850394,158.98425196850394,307.8050847457627,165.11864406779662,254,7
77,2.566666666666667,True,307.8050847457627,165.11864406779662,308.2200956937799,164.29665071770336,236,7
78,2.6,True,308.2200956937799,164.29665071770336,308.2200956937799,162.6728971962617,209,7
79,2.6333333333333333,True,308.26635514018693,162.6728971962617,308.2200956937799,162.6728971962617,214,7
80,2.6666666666666665,True,306.94392523364485,162.34112149532712,308.26635514018693,162.34112149532712,214,7
81,2.7,True,312.087962962963,155.80555555555554,310.4429824561403,155.80555555555554,216,7
82,2.7333333333333334,True,314.6244725738397,153.84810126582278,310.4429824561403,155.08771929824562,237,7
83,2.7666666666666666,True,310.4429824561403,155.08771929824562,312.087962962963,153.84810126582278,228,7
84,2.8,True,308.86175115207374,152.97235023041475,312.5151515151515,152.97235023041475,217,7
85,2.8333333333333335,True,316.21800947867297,147.2227488151659,312.5151515151515,147.2227488151659,211,7
86,2.8666666666666667,True,312.5151515151515,146.3852813852814,312.5151515151515,146.3852813852814,231,7
87,2.9,True,312.7688888888889,146.0222222222222,312.5151515151515,146.0222222222222,225,7
88,2.933333333333333,True,311.0319634703196,144.74429223744292,311.0319634703196,144.74429223744292,219,7
89,2.966666666666667,True,309.5869565217391,143.0,309.5869565217391,143.0,230,7
90,3.0,True,308.6839622641509,142.88679245283018,309.5869565217391,142.88679245283018,212,7
91,3.033333333333333,True,308.73127753303964,141.14537444933922,309.4077253218884,141.67464114832535,227,7
92,3.066666666666667,True,311.9665071770335,141.67464114832535,308.848623853211,141.14537444933922,209,7
93,3.1,True,309.4077253218884,140.94849785407726,309.4077253218884,140.94849785407726,233,7
94,3.1333333333333333,True,308.848623853211,139.91743119266056,310.99590163934425,139.91743119266056,218,7
95,3.1666666666666665,True,310.99590163934425,137.61475409836066,309.4077253218884,137.87234042553192,244,7
96,3.2,True,313.668085106383,137.87234042553192,310.99590163934425,137.61475409836066,235,7
97,3.2333333333333334,True,309.34703196347033,136.76712328767124,311.0311111111111,136.76712328767124,219,7
98,3.2666666666666666,True,311.09478672985784,135.1611374407583,311.09478672985784,135.1611374407583,211,7
99,3.3,True,311.0311111111111,134.63111111111112,311.09478672985784,134.63111111111112,225,7
100,3.3333333333333335,True,315.6831683168317,133.2029702970297,314.88947368421054,133.55789473684212,202,7
101,3.3666666666666667,True,317.1937172774869,133.33507853403142,315.6831683168317,133.33507853403142,191,7
102,3.4,True,314.88947368421054,133.55789473684212,317.1937172774869,133.2029702970297,190,7
103,3.433333333333333,True,319.9537037037037,132.7037037037037,319.9537037037037,133.02336448598132,216,7
104,3.466666666666667,True,321.92056074766356,133.02336448598132,321.92056074766356,132.7037037037037,214,7
105,3.5,True,330.7536945812808,130.84729064039408,324.23744292237444,132.49771689497717,203,8
106,3.533333333333333,True,324.23744292237444,132.49771689497717,326.3333333333333,132.44607843137254,219,7
107,3.566666666666667,True,326.3333333333333,132.44607843137254,330.7536945812808,131.44298245614036,204,7
108,3.6,True,331.5657894736842,131.44298245614036,326.92039800995025,132.44607843137254,228,7
109,3.6333333333333333,True,364.8391304347826,122.62608695652175,331.4481132075472,132.43867924528303,230,8
110,3.6666666666666665,True,326.92039800995025,133.3781094527363,331.5657894736842,131.65898617511522,201,7
111,3.7,True,331.4481132075472,132.43867924528303,332.2073732718894,131.65898617511522,212,7
112,3.7333333333333334,True,332.2073732718894,131.65898617511522,332.2073732718894,131.65898617511522,217,7
113,3.7666666666666666,True,335.7857142857143,129.03809523809525,333.8288288288288,129.03809523809525,210,7
114,3.8,True,333.8288288288288,128.96846846846847,335.7857142857143,128.96846846846847,222,7
115,3.8333333333333335,True,336.03846153846155,126.61538461538461,336.03846153846155,126.61538461538461,234,7
116,3.8666666666666667,True,336.58247422680415,124.61340206185567,336.58247422680415,124.61340206185567,194,7
117,3.9,True,337.4401913875598,121.93301435406698,337.1764705882353,121.93301435406698,209,7
118,3.933333333333333,True,337.1764705882353,120.80392156862744,337.4401913875598,120.80392156862744,204,7
119,3.966666666666667,True,338.4682926829268,120.08292682926829,338.29353233830847,120.08292682926829,205,7
120,4.0,True,339.77560975609754,118.08780487804879,338.4682926829268,118.08780487804879,205,7
121,4.033333333333333,True,338.29353233830847,116.69154228855722,338.6328502415459,116.69154228855722,201,7
122,4.066666666666666,True,338.7117117117117,115.70270270270271,338.7117117117117,115.70270270270271,222,7
123,4.1,True,338.6328502415459,112.96618357487922,338.7117117117117,113.00909090909092,207,7
124,4.133333333333334,True,340.17727272727274,113.00909090909092,340.17727272727274,112.96618357487922,220,7
125,4.166666666666667,True,340.7894736842105,112.622009569378,340.17727272727274,112.68205128205128,209,7
126,4.2,True,341.1794871794872,112.68205128205128,340.7894736842105,112.622009569378,195,7
127,4.233333333333333,True,338.14146341463413,110.8829268292683,341.1794871794872,110.8829268292683,205,7
128,4.266666666666667,True,341.5781990521327,109.44549763033176,341.5781990521327,109.44549763033176,211,7
129,4.3,True,342.1421568627451,109.26960784313725,341.5781990521327,109.26960784313725,204,7
130,4.333333333333333,True,343.44594594594594,109.0945945945946,342.1421568627451,109.0945945945946,222,7
131,4.366666666666666,True,335.22935779816515,105.07339449541284,343.44594594594594,108.6651376146789,218,8
132,4.4,True,343.921568627451,108.04411764705883,343.921568627451,108.58744394618834,204,7
133,4.433333333333334,True,350.07798165137615,108.6651376146789,350.07798165137615,108.07373271889401,218,7
134,4.466666666666667,True,350.6591928251121,108.58744394618834,350.2442396313364,108.58744394618834,223,7
135,4.5,True,350.2442396313364,108.07373271889401,350.6591928251121,108.6651376146789,217,7
136,4.533333333333333,True,351.17874396135267,108.69565217391305,351.17874396135267,108.69565217391305,207,7
137,4.566666666666666,True,353.3070175438597,109.11842105263158,353.3070175438597,109.11842105263158,228,7
138,4.6,True,357.9357798165138,110.61467889908256,356.64761904761906,109.11842105263158,218,7
139,4.633333333333334,True,356.64761904761906,110.57142857142857,356.64761904761906,110.57142857142857,210,7
140,4.666666666666667,True,372.8310502283105,106.78995433789954,357.9357798165138,110.61467889908256,219,8
141,4.7,True,356.0851063829787,110.77127659574468,361.6261261261261,110.77127659574468,188,7
142,4.733333333333333,True,361.6261261261261,112.92342342342343,361.6261261261261,111.05154639175258,222,7
143,4.766666666666667,True,362.42512077294685,112.95169082125604,361.6261261261261,111.86764705882354,207,7
144,4.8,True,360.60309278350513,111.05154639175258,361.62745098039215,112.21363636363637,194,7
145,4.833333333333333,True,361.62745098039215,111.86764705882354,362.42512077294685,112.1745283018868,204,7
146,4.866666666666666,True,366.9590909090909,112.21363636363637,366.1010101010101,111.86764705882354,220,7
147,4.9,True,367.6792452830189,112.1745283018868,366.9590909090909,111.86764705882354,212,7
148,4.933333333333334,True,366.1010101010101,107.91919191919192,367.6792452830189,109.30805687203791,198,7
149,4.966666666666667,True,368.5734597156398,109.30805687203791,368.5734597156398,107.91919191919192,211,7
150,5.0,True,376.4954954954955,105.31531531531532,372.06341463414634,107.3609756097561,222,8
151,5.033333333333333,True,372.06341463414634,107.3609756097561,373.9111111111111,107.24,205,7
152,5.066666666666666,True,373.9111111111111,107.24,374.76,105.59512195121951,225,7
153,5.1,True,374.76,105.48,374.76,105.59512195121951,200,7
154,5.133333333333334,True,375.90731707317076,105.59512195121951,375.90731707317076,105.48,205,7
155,5.166666666666667,True,376.9438775510204,101.62755102040816,376.23364485981307,102.24454148471615,196,7
156,5.2,True,376.23364485981307,101.54672897196262,376.9438775510204,102.1919191919192,214,7
157,5.233333333333333,True,379.43231441048033,102.24454148471615,379.43231441048033,101.94117647058823,229,7
158,5.266666666666667,True,379.45959595959596,102.1919191919192,379.43231441048033,101.94117647058823,198,7
159,5.3,True,380.3235294117647,101.94117647058823,379.45959595959596,101.94117647058823,204,7
160,5.333333333333333,True,379.07070707070704,98.72727272727273,380.3235294117647,100.14851485148515,198,7
161,5.366666666666666,True,380.4776119402985,97.57213930348259,380.4776119402985,100.14851485148515,201,7
162,5.4,True,381.5990099009901,100.14851485148515,381.5990099009901,98.72727272727273,202,7
163,5.433333333333334,True,382.8820754716981,100.2877358490566,382.64141414141415,99.59,212,7
164,5.466666666666667,True,382.64141414141415,97.44444444444444,382.8820754716981,100.14851485148515,198,7
165,5.5,True,384.885,99.59,384.885,100.2877358490566,200,7
166,5.533333333333333,True,387.7570093457944,101.30841121495327,387.7570093457944,100.83333333333333,214,7
167,5.566666666666666,True,387.90909090909093,100.83333333333333,387.90909090909093,101.30841121495327,198,7
168,5.6,True,393.15023474178406,105.38967136150235,388.65,101.40454545454546,213,7
169,5.633333333333334,True,389.9198113207547,102.49056603773585,389.04,102.125,212,7
170,5.666666666666667,True,388.65,101.40454545454546,389.04,102.2994923857868,220,7
171,5.7,True,389.04,102.125,389.04,102.125,200,7
172,5.733333333333333,True,388.8071065989848,102.2994923857868,388.93617021276594,102.125,197,7
173,5.766666666666667,True,400.6530612244898,98.28571428571429,388.962441314554,102.2994923857868,196,8
174,5.8,True,388.93617021276594,103.63829787234043,388.962441314554,103.63829787234043,188,7
175,5.833333333333333,True,388.962441314554,105.53521126760563,389.2807881773399,105.53521126760563,213,7
176,5.866666666666666,True,390.9672897196262,107.65420560747664,389.2807881773399,106.3103448275862,214,7
177,5.9,True,389.2807881773399,106.3103448275862,390.9672897196262,107.65420560747664,203,7
178,5.933333333333334,True,393.7843137254902,109.47549019607843,393.7843137254902,109.47549019607843,204,7
179,5.966666666666667,True,395.8447488584475,110.3607305936073,395.8447488584475,110.3607305936073,219,7
180,6.0,True,399.9622641509434,111.98113207547169,399.9622641509434,110.6116504854369,212,7
181,6.033333333333333,True,400.0093457943925,111.20560747663552,400.0093457943925,111.20560747663552,214,7
182,6.066666666666666,True,400.77669902912623,110.6116504854369,400.77669902912623,111.98113207547169,206,7
183,6.1,True,404.734126984127,112.53571428571429,404.734126984127,112.53571428571429,252,7
184,6.133333333333334,True,407.03982300884957,113.67256637168141,407.03982300884957,112.85333333333334,226,7
185,6.166666666666667,True,410.6991525423729,113.63559322033899,410.6991525423729,112.85333333333334,236,7
186,6.2,True,413.34222222222223,112.85333333333334,413.2266666666667,113.63559322033899,225,7
187,6.233333333333333,True,413.2266666666667,112.81333333333333,413.34222222222223,112.85333333333334,225,7
188,6.266666666666667,True,415.5265306122449,116.17551020408163,415.5265306122449,112.85333333333334,245,7
189,6.3,True,416.4439024390244,110.98536585365854,416.4439024390244,112.81333333333333,205,7
190,6.333333333333333,True,417.5740740740741,113.37037037037037,417.5740740740741,110.98536585365854,216,7
191,6.366666666666666,True,418.4492753623188,108.3719806763285,418.4492753623188,109.78894472361809,207,7
192,6.4,True,418.97989949748745,109.78894472361809,418.97989949748745,109.78894472361809,199,7
193,6.433333333333334,True,419.2029702970297,109.07425742574257,419.2029702970297,109.78894472361809,202,7
194,6.466666666666667,True,419.7788944723618,110.4321608040201,419.7788944723618,109.9906103286385,199,7
195,6.5,True,421.76056338028167,109.9906103286385,421.76056338028167,110.4321608040201,213,7
196,6.533333333333333,True,424.18468468468467,114.90090090090091,424.18468468468467,112.01010101010101,222,7
197,6.566666666666666,True,424.3727272727273,115.96363636363637,424.3727272727273,114.90090090090091,220,7
198,6.6,True,424.4343434343434,112.01010101010101,424.4343434343434,115.45539906103286,198,7
199,6.633333333333334,True,426.09389671361504,115.69953051643192,426.09389671361504,115.45539906103286,213,7
200,6.666666666666667,True,426.19718309859155,115.45539906103286,426.09389671361504,112.55913978494624,213,7
201,6.7,True,435.65533980582524,109.07281553398059,426.09389671361504,114.00454545454545,206,8
202,6.733333333333333,True,425.1505376344086,112.55913978494624,425.1505376344086,112.55913978494624,186,7
203,6.766666666666667,True,424.23636363636365,114.00454545454545,424.23636363636365,112.55913978494624,220,7
204,6.8,True,422.185393258427,109.51123595505618,422.43654822335026,112.55913978494624,178,7
205,6.833333333333333,True,422.43654822335026,115.49238578680203,422.185393258427,114.00454545454545,197,7
206,6.866666666666666,True,420.3131313131313,111.20707070707071,421.8,115.49238578680203,198,7
207,6.9,True,421.25925925925924,116.62433862433862,421.8,116.62433862433862,189,7
208,6.933333333333334,True,421.8,120.14736842105263,421.8,120.14736842105263,190,7
209,6.966666666666667,True,424.50454545454545,131.79545454545453,422.25125628140705,126.44723618090453,220,7
210,7.0,True,422.25125628140705,126.44723618090453,423.1027027027027,128.10270270270271,199,7
211,7.033333333333333,True,423.1027027027027,128.10270270270271,424.50454545454545,131.79545454545453,185,7
212,7.066666666666666,True,425.0188679245283,134.50943396226415,425.0188679245283,132.33658536585367,212,7
213,7.1,True,425.74146341463415,132.33658536585367,425.74146341463415,134.50943396226415,205,7
214,7.133333333333334,True,427.8989898989899,135.84848484848484,427.8989898989899,135.84848484848484,198,7
215,7.166666666666667,True,429.86602870813397,141.28708133971293,429.86602870813397,139.17,209,7
216,7.2,True,431.835,139.17,431.835,139.695,200,7
217,7.233333333333333,True,433.1212121212121,141.23232323232324,433.1212121212121,141.035,198,7
218,7.266666666666667,True,434.59,139.695,434.59,141.035,200,7
219,7.3,True,436.06,141.035,436.06,141.035,200,7
220,7.333333333333333,True,438.0109289617486,141.8087431693989,438.0109289617486,140.316091954023,183,7
221,7.366666666666666,True,438.05172413793105,140.316091954023,438.05172413793105,140.316091954023,174,7
222,7.4,True,440.54375,139.41875,440.02,140.316091954023,160,7
223,7.433333333333334,True,440.02,139.605,440.54375,139.605,200,7
224,7.466666666666667,True,442.9050279329609,140.45810055865923,442.9050279329609,139.41875,179,7
225,7.5,True,444.2151162790698,137.96511627906978,444.2151162790698,139.605,172,7
226,7.533333333333333,True,445.53551912568304,136.33879781420765,445.32105263157894,140.45810055865923,183,7
227,7.566666666666666,True,445.32105263157894,140.75263157894736,445.53551912568304,138.646408839779,190,7
228,7.6,True,446.14044943820227,142.90449438202248,446.14044943820227,140.75263157894736,178,7
229,7.633333333333334,True,448.30939226519337,138.646408839779,447.921568627451,142.90449438202248,181,7
230,7.666666666666667,True,447.921568627451,145.85294117647058,448.30939226519337,144.3089005235602,204,7
231,7.7,True,449.1047120418848,144.3089005235602,448.8480392156863,145.85294117647058,191,7
232,7.733333333333333,True,448.8480392156863,148.5392156862745,449.1047120418848,148.0974358974359,204,7
233,7.766666666666667,True,449.46666666666664,148.0974358974359,449.1047120418848,148.0974358974359,195,7
234,7.8,True,449.10552763819095,149.01005025125627,448.962441314554,148.0974358974359,199,7
235,7.833333333333333,True,448.962441314554,146.71361502347418,448.962441314554,146.71361502347418,213,7
236,7.866666666666666,True,448.2889908256881,145.9678899082569,448.7415730337079,145.9678899082569,218,7
237,7.9,True,448.7415730337079,141.07865168539325,448.2889908256881,144.2741116751269,178,7
238,7.933333333333334,True,447.9540816326531,140.33163265306123,447.9540816326531,144.2741116751269,196,7
239,7.966666666666667,True,446.492385786802,144.2741116751269,446.492385786802,144.2741116751269,197,7
240,8.0,True,445.0049751243781,146.06467661691542,445.0049751243781,146.06467661691542,201,7
241,8.033333333333333,True,443.7566137566138,149.4814814814815,443.7566137566138,149.4814814814815,189,7
242,8.066666666666666,True,443.07065217391306,153.7445652173913,443.07065217391306,153.7445652173913,184,7
243,8.1,True,442.22613065326635,154.55276381909547,442.45197740112997,153.7445652173913,199,7
244,8.133333333333333,True,442.0676328502415,159.6280193236715,442.45197740112997,154.55276381909547,207,7
245,8.166666666666666,True,442.45197740112997,149.3954802259887,442.45197740112997,154.63020833333334,177,7
246,8.2,True,443.2708333333333,154.63020833333334,443.2708333333333,154.63020833333334,192,7
247,8.233333333333333,True,445.38121546961327,155.6022099447514,445.38121546961327,154.63020833333334,181,7
248,8.266666666666667,True,445.748502994012,154.2994011976048,445.748502994012,155.6022099447514,167,6
249,8.3,True,446.89690721649487,158.81958762886597,446.89690721649487,158.81958762886597,194,7
250,8.333333333333334,True,448.67676767676767,163.3838383838384,448.67676767676767,163.3838383838384,198,7
251,8.366666666666667,True,449.57377049180326,167.71038251366122,449.57377049180326,167.71038251366122,183,7
252,8.4,True,451.6502732240437,169.87431693989072,451.4906542056075,169.87431693989072,183,7
253,8.433333333333334,True,451.4906542056075,173.71028037383178,451.62672811059906,173.71028037383178,214,7
254,8.466666666666667,True,451.62672811059906,177.50230414746545,451.6502732240437,177.43589743589743,217,7
255,8.5,True,451.89230769230767,177.43589743589743,451.89230769230767,177.50230414746545,195,7
256,8.533333333333333,True,453.3018867924528,178.92924528301887,453.3018867924528,178.26288659793815,212,7
257,8.566666666666666,True,455.3298969072165,178.26288659793815,453.5,178.92924528301887,194,7
258,8.6,True,456.4642857142857,179.80102040816325,455.3298969072165,179.256038647343,196,7
259,8.633333333333333,True,453.5,182.2409090909091,456.4642857142857,179.256038647343,220,7
260,8.666666666666666,True,458.3478260869565,179.256038647343,457.9375,179.80102040816325,207,7
261,8.7,True,460.81018518518516,179.03240740740742,457.9375,181.64583333333334,216,7
262,8.733333333333333,True,457.9375,181.64583333333334,457.9375,181.64583333333334,192,7
263,8.766666666666667,True,456.85853658536587,183.77073170731708,457.0353535353535,183.77073170731708,205,7
264,8.8,True,457.0353535353535,186.17676767676767,456.85853658536587,186.17676767676767,198,7
265,8.833333333333334,True,453.8756476683938,190.61658031088083,455.87628865979383,189.12886597938143,193,7
266,8.866666666666667,True,455.87628865979383,189.12886597938143,454.23880597014926,190.61658031088083,194,7
267,8.9,True,454.23880597014926,192.02985074626866,453.8756476683938,192.02985074626866,201,7
268,8.933333333333334,True,452.25125628140705,193.7889447236181,453.43203883495147,192.73300970873785,199,7
269,8.966666666666667,True,453.43203883495147,192.73300970873785,452.63793103448273,193.01694915254237,206,7
270,9.0,True,452.63793103448273,193.83333333333334,452.25125628140705,193.7889447236181,174,7
271,9.033333333333333,True,451.954802259887,193.01694915254237,451.954802259887,193.83333333333334,177,7
272,9.066666666666666,True,449.84615384615387,195.75897435897437,449.84615384615387,194.74489795918367,195,7
273,9.1,True,447.54545454545456,197.54545454545453,448.8520408163265,194.74489795918367,187,7
274,9.133333333333333,True,448.8520408163265,194.74489795918367,447.54545454545456,195.75897435897437,196,7
275,9.166666666666666,True,408.08878504672896,183.81308411214954,446.59090909090907,197.54545454545453,214,8
276,9.2,True,446.59090909090907,198.04545454545453,444.8020833333333,198.04545454545453,176,7
277,9.233333333333333,True,444.8020833333333,198.25,442.7932960893855,198.25,192,7
278,9.266666666666667,True,442.7932960893855,202.2290502793296,442.7932960893855,202.2290502793296,179,7
279,9.3,True,441.81481481481484,205.8042328042328,441.81481481481484,205.8042328042328,189,7
280,9.333333333333334,True,441.3862433862434,208.02116402116403,441.3862433862434,208.02116402116403,189,7
281,9.366666666666667,True,440.32022471910113,211.34831460674158,441.0054054054054,211.34831460674158,178,7
282,9.4,True,439.2299465240642,214.67379679144386,440.32022471910113,213.34594594594594,187,7
283,9.433333333333334,True,441.0054054054054,213.34594594594594,440.32022471910113,214.67379679144386,185,7
284,9.466666666666667,True,439.1510416666667,217.17708333333334,440.30939226519337,217.17708333333334,192,7
285,9.5,True,441.08152173913044,220.7554347826087,441.0054054054054,217.17708333333334,184,7
286,9.533333333333333,True,440.30939226519337,220.92265193370164,440.33529411764704,220.7554347826087,181,7
287,9.566666666666666,True,450.32369942196533,216.42196531791907,441.08152173913044,220.92265193370164,173,8
288,9.6,True,440.33529411764704,222.42352941176472,441.8258064516129,222.42352941176472,170,7
289,9.633333333333333,True,441.8258064516129,224.18064516129033,442.2267441860465,224.18064516129033,155,7
290,9.666666666666666,True,442.6514285714286,227.0742857142857,442.2267441860465,226.50581395348837,175,7
291,9.7,True,442.2267441860465,226.50581395348837,442.31481481481484,227.0742857142857,172,7
292,9.733333333333333,True,445.82530120481925,227.44578313253012,442.31481481481484,227.44578313253012,166,7
293,9.766666666666667,True,442.31481481481484,229.37037037037038,442.2267441860465,229.37037037037038,162,7
294,9.8,True,438.75581395348837,231.5406976744186,441.6193181818182,229.37037037037038,172,7
295,9.833333333333334,True,441.6193181818182,231.91477272727272,438.75581395348837,231.5406976744186,176,7
296,9.866666666666667,True,420.02941176470586,228.16470588235293,437.00558659217876,231.91477272727272,170,8
297,9.9,True,435.4381443298969,235.7422680412371,435.79651162790697,235.7422680412371,194,7
298,9.933333333333334,True,437.00558659217876,236.91620111731842,435.4381443298969,236.91620111731842,179,7
299,9.966666666666667,True,435.79651162790697,237.87209302325581,435.79651162790697,236.91620111731842,172,7
300,10.0,True,431.2111111111111,238.90555555555557,435.79651162790697,237.7,180,7
301,10.033333333333333,True,443.56666666666666,231.27619047619046,435.6923076923077,237.7,210,8
302,10.066666666666666,True,430.88,237.7,433.49723756906076,235.85641025641024,200,7
303,10.1,True,435.6923076923077,235.85641025641024,435.6923076923077,235.6961325966851,195,7
304,10.133333333333333,True,433.49723756906076,235.6961325966851,435.6923076923077,235.6961325966851,181,7
305,10.166666666666666,True,437.15909090909093,233.6590909090909,436.04597701149424,233.6590909090909,176,7
306,10.2,True,436.04597701149424,232.79885057471265,436.04597701149424,233.6590909090909,174,7
307,10.233333333333333,True,437.92972972972973,231.44324324324324,437.15909090909093,232.79885057471265,185,7
308,10.266666666666667,True,429.21311475409834,234.59016393442624,436.04597701149424,232.09302325581396,183,7
309,10.3,True,437.35849056603774,230.31446540880503,434.0174418604651,232.09302325581396,159,6
310,10.333333333333334,True,434.0174418604651,232.09302325581396,432.53164556962025,232.79113924050634,172,6
311,10.366666666666667,True,431.4010416666667,233.66666666666666,432.53164556962025,232.79113924050634,192,6
312,10.4,True,432.53164556962025,232.79113924050634,431.4010416666667,233.66666666666666,158,6
313,10.433333333333334,True,430.9569892473118,234.36559139784947,430.9569892473118,234.36559139784947,186,6
314,10.466666666666667,True,429.9653179190751,235.89595375722544,429.9653179190751,235.89595375722544,173,6
315,10.5,True,427.0655737704918,239.224043715847,427.0655737704918,239.224043715847,183,6
316,10.533333333333333,True,424.56,242.6342857142857,424.56,242.6342857142857,175,6
317,10.566666666666666,True,423.57923497267757,244.27322404371586,423.57923497267757,244.27322404371586,183,6
318,10.6,True,420.234375,249.59375,420.659217877095,249.59375,192,6
319,10.633333333333333,True,420.659217877095,249.95530726256985,420.234375,249.95530726256985,179,6
320,10.666666666666666,True,418.15706806282725,252.18324607329842,418.15706806282725,252.18324607329842,191,7
321,10.7,True,416.605,252.19,416.605,252.19,200,7
322,10.733333333333333,True,410.88990825688074,255.26605504587155,410.88990825688074,254.23348017621146,218,7
323,10.766666666666667,True,409.6167400881057,254.23348017621146,410.88990825688074,255.26605504587155,227,7
324,10.8,True,409.84232365145226,255.4813278008299,409.84232365145226,255.4813278008299,241,7
325,10.833333333333334,True,412.24242424242425,256.64646464646466,409.6167400881057,255.7991266375546,198,7
326,10.866666666666667,True,408.26637554585153,255.7991266375546,409.47297297297297,256.64646464646466,229,7
327,10.9,True,409.47297297297297,257.8288288288288,409.47297297297297,257.8288288288288,222,7
328,10.933333333333334,True,408.9908675799087,258.986301369863,409.47297297297297,258.986301369863,219,7
329,10.966666666666667,True,409.74634146341464,259.590243902439,409.47297297297297,259.590243902439,205,7
330,11.0,True,410.75384615384615,260.2717948717949,408.9908675799087,259.590243902439,195,7
331,11.033333333333333,True,406.3953488372093,259.87441860465117,406.3953488372093,259.590243902439,215,7
332,11.066666666666666,True,402.780487804878,259.5073170731707,406.3953488372093,259.5073170731707,205,7
333,11.1,True,399.31944444444446,259.3611111111111,402.780487804878,259.3611111111111,216,7
334,11.133333333333333,True,407.7586206896552,251.67241379310346,399.31944444444446,257.4830917874396,232,8
335,11.166666666666666,True,392.1159420289855,257.4830917874396,395.35175879396985,257.20100502512565,207,7
336,11.2,True,395.35175879396985,257.20100502512565,393.38009049773757,256.2352941176471,199,7
337,11.233333333333333,True,390.955,256.195,392.768115942029,256.32850241545896,200,7
338,11.266666666666667,True,393.38009049773757,256.2352941176471,392.768115942029,256.2352941176471,221,7
339,11.3,True,392.768115942029,256.32850241545896,390.955,256.195,207,7
340,11.333333333333334,True,389.4039408866995,255.1576354679803,389.4039408866995,255.1576354679803,203,7
341,11.366666666666667,True,383.2563025210084,254.16806722689077,386.5596330275229,254.61467889908258,238,7
342,11.4,True,386.5596330275229,254.61467889908258,386.53960396039605,254.24257425742573,218,7
343,11.433333333333334,True,383.5204081632653,254.01530612244898,383.5204081632653,254.24257425742573,196,7
344,11.466666666666667,True,386.53960396039605,254.24257425742573,383.5204081632653,254.42990654205607,202,7
345,11.5,True,381.3411214953271,254.42990654205607,381.421568627451,254.42990654205607,214,7
346,11.533333333333333,True,381.421568627451,255.56372549019608,381.421568627451,254.42990654205607,204,7
347,11.566666666666666,True,380.13963963963965,255.75675675675674,381.3411214953271,255.56372549019608,222,7
348,11.6,True,391.4170854271357,249.50251256281408,380.13963963963965,255.75675675675674,199,8
349,11.633333333333333,True,375.3157894736842,257.99043062200957,375.3157894736842,257.99043062200957,209,7
350,11.666666666666666,True,375.1767441860465,258.48837209302326,375.1767441860465,258.48837209302326,215,7
351,11.7,True,372.8767772511848,260.8862559241706,372.8767772511848,260.8862559241706,211,7
352,11.733333333333333,True,370.16915422885575,261.04477611940297,370.16915422885575,261.04477611940297,201,7
353,11.766666666666667,True,369.9423076923077,262.4855769230769,369.9423076923077,262.4855769230769,208,7
354,11.8,True,368.39896373056996,263.13471502590676,368.39896373056996,263.13471502590676,193,7
355,11.833333333333334,True,366.328125,264.15625,368.39896373056996,264.15625,192,7
356,11.866666666666667,True,367.8279569892473,265.0537634408602,367.8279569892473,265.0537634408602,186,7
357,11.9,True,369.03684210526313,266.56315789473683,367.5425531914894,265.25,190,7
358,11.933333333333334,True,367.5425531914894,266.84574468085106,367.5425531914894,266.56060606060606,188,7
359,11.966666666666667,True,366.0531914893617,265.25,366.0531914893617,266.56315789473683,188,7
360,12.0,True,365.8838383838384,266.56060606060606,365.8838383838384,266.84574468085106,198,7
361,12.033333333333333,True,364.78712871287127,268.08415841584156,364.78712871287127,267.04245283018867,202,7
362,12.066666666666666,True,364.335,270.07,364.335,267.04245283018867,200,7
363,12.1,True,360.438679245283,267.04245283018867,360.438679245283,267.04245283018867,212,7
364,12.133333333333333,True,359.7887323943662,266.8732394366197,359.7887323943662,266.9377990430622,213,7
365,12.166666666666666,True,358.47846889952154,266.9377990430622,358.47846889952154,266.8732394366197,209,7
366,12.2,True,357.07,265.13,357.1111111111111,266.3968253968254,200,7
367,12.233333333333333,True,357.1111111111111,266.3968253968254,357.07,265.13,189,7
368,12.266666666666667,True,351.9020618556701,260.6185567010309,353.35981308411215,261.71495327102804,194,7
369,12.3,True,353.35981308411215,261.71495327102804,352.60869565217394,260.6185567010309,214,7
370,12.333333333333334,True,351.9948717948718,259.56410256410254,352.60869565217394,260.1479591836735,195,7
371,12.366666666666667,True,352.60869565217394,259.79347826086956,352.60869565217394,259.79347826086956,184,7
372,12.4,True,354.21938775510205,260.1479591836735,352.55223880597015,259.56410256410254,196,7
373,12.433333333333334,True,352.55223880597015,258.40796019900495,352.55223880597015,258.40796019900495,201,7
374,12.466666666666667,True,349.35096153846155,255.61057692307693,349.63436123348015,255.61057692307693,208,7
375,12.5,True,347.77477477477476,253.69819819819818,349.35096153846155,255.46696035242292,222,7
376,12.533333333333333,True,349.63436123348015,255.46696035242292,349.126213592233,255.46696035242292,227,7
377,12.566666666666666,True,347.29145728643215,254.26130653266333,347.77477477477476,254.26130653266333,199,7
378,12.6,True,349.126213592233,256.621359223301,347.29145728643215,254.26130653266333,206,7
379,12.633333333333333,True,342.8222222222222,251.77333333333334,342.8222222222222,252.81578947368422,225,7
380,12.666666666666666,True,342.390350877193,252.81578947368422,342.390350877193,251.77333333333334,228,7
381,12.7,True,338.58995815899584,251.76569037656904,338.58995815899584,251.77333333333334,239,7
382,12.733333333333333,True,337.1806722689076,250.41176470588235,338.58995815899584,251.76569037656904,238,7
383,12.766666666666667,True,335.553488372093,251.86511627906978,337.1806722689076,251.76569037656904,215,7
384,12.8,True,356.09302325581393,237.70542635658916,335.553488372093,251.86511627906978,258,8
385,12.833333333333334,True,333.98148148148147,254.38888888888889,333.98148148148147,253.28508771929825,216,7
386,12.866666666666667,True,332.5921052631579,253.28508771929825,332.5921052631579,253.28508771929825,228,7
387,12.9,True,328.8743961352657,253.29951690821255,328.8743961352657,253.28508771929825,207,7
388,12.933333333333334,True,328.8471074380165,252.25619834710744,328.8471074380165,253.28508771929825,242,7
389,12.966666666666667,True,326.77477477477476,252.5855855855856,326.7943925233645,253.29951690821255,222,7
390,13.0,True,326.7943925233645,253.93457943925233,326.77477477477476,253.93457943925233,214,7
391,13.033333333333333,True,325.531914893617,256.27659574468083,325.531914893617,255.97272727272727,235,7
392,13.066666666666666,True,325.48858447488584,258.68036529680364,325.48858447488584,255.97272727272727,219,7
393,13.1,True,323.68636363636364,255.97272727272727,323.68636363636364,255.97272727272727,220,7
394,13.133333333333333,True,322.696261682243,254.29906542056074,322.696261682243,254.29906542056074,214,7
395,13.166666666666666,True,321.33632286995515,254.07623318385652,321.33632286995515,254.07623318385652,223,7
396,13.2,True,320.96774193548384,246.96370967741936,320.96774193548384,249.55760368663596,248,7
397,13.233333333333333,True,319.8815165876777,248.2559241706161,319.8815165876777,249.55760368663596,211,7
398,13.266666666666667,True,318.52073732718895,249.55760368663596,318.5693779904306,248.2559241706161,217,7
399,13.3,True,318.5693779904306,249.74162679425837,318.52073732718895,248.2559241706161,209,7
400,13.333333333333334,True,317.44059405940595,245.84653465346534,318.4252336448598,245.84653465346534,202,7
401,13.366666666666667,True,318.0,245.45410628019323,318.0877192982456,245.45410628019323,207,7
402,13.4,True,318.4252336448598,244.65420560747663,318.0,244.65420560747663,214,7
403,13.433333333333334,True,318.0877192982456,240.21929824561403,318.0877192982456,240.21929824561403,228,7
404,13.466666666666667,True,317.45299145299145,233.22649572649573,318.1544715447154,233.9698275862069,234,7
405,13.5,True,318.42672413793105,233.9698275862069,318.1544715447154,233.9698275862069,232,7
406,13.533333333333333,True,318.1544715447154,231.3089430894309,318.42672413793105,233.24056603773585,246,7
407,13.566666666666666,True,318.9680365296804,235.00913242009133,318.7311320754717,233.86893203883494,219,7
408,13.6,True,318.7311320754717,233.24056603773585,318.9680365296804,233.86893203883494,212,7
409,13.633333333333333,True,319.28155339805824,233.86893203883494,318.9680365296804,233.86893203883494,206,7
410,13.666666666666666,True,319.64814814814815,234.375,318.7311320754717,233.24056603773585,216,7
411,13.7,True,317.17596566523605,226.8540772532189,317.17596566523605,231.04065040650406,233,7
412,13.733333333333333,True,316.5617021276596,227.67234042553193,316.8333333333333,228.56696428571428,235,7
413,13.766666666666667,True,316.8333333333333,231.04065040650406,316.5617021276596,227.67234042553193,246,7
414,13.8,True,314.89732142857144,228.56696428571428,314.89732142857144,227.67234042553193,224,7
415,13.833333333333334,True,313.97169811320754,227.04716981132074,313.97169811320754,227.04716981132074,212,7
416,13.866666666666667,True,313.3347280334728,225.34728033472803,313.3347280334728,226.17903930131004,239,7
417,13.9,True,311.0829694323144,226.17903930131004,311.0829694323144,225.34728033472803,229,7
418,13.933333333333334,True,308.3852140077821,223.3385214007782,308.3852140077821,223.3385214007782,257,7
419,13.966666666666667,True,306.2326530612245,222.25714285714287,306.2326530612245,222.25714285714287,245,7
420,14.0,True,305.59030837004406,222.09691629955947,305.59030837004406,222.25714285714287,227,7
421,14.033333333333333,True,304.35564853556485,221.85774058577405,304.35564853556485,222.25714285714287,239,7
422,14.066666666666666,True,302.4899598393574,222.89156626506025,302.4899598393574,222.10859728506787,249,7
423,14.1,True,301.97872340425533,222.85531914893616,301.97872340425533,222.67932489451476,235,7
424,14.133333333333333,True,301.158371040724,222.10859728506787,301.158371040724,222.67932489451476,221,7
425,14.166666666666666,True,300.0717299578059,222.67932489451476,301.0420560747664,222.10859728506787,237,7
426,14.2,True,301.0420560747664,219.48130841121494,300.0717299578059,219.62704918032787,214,7
427,14.233333333333333,True,298.6188524590164,219.62704918032787,298.6188524590164,219.48130841121494,244,7
428,14.266666666666667,True,294.0590551181102,215.80708661417322,297.5833333333333,219.03968253968253,254,8
429,14.3,True,297.5833333333333,219.03968253968253,297.5833333333333,215.80708661417322,252,7
430,14.333333333333334,True,287.0210970464135,205.69198312236287,297.5833333333333,214.25114155251143,237,8
431,14.366666666666667,True,297.9086757990868,214.25114155251143,297.85589519650654,212.840206185567,219,7
432,14.4,True,298.69072164948454,212.840206185567,297.9086757990868,212.66812227074234,194,7
433,14.433333333333334,True,297.85589519650654,212.66812227074234,298.69072164948454,212.66812227074234,229,7
434,14.466666666666667,True,299.90909090909093,208.6161616161616,299.90909090909093,208.6161616161616,198,7
435,14.5,True,300.235632183908,207.83333333333334,300.235632183908,207.83333333333334,174,7
436,14.533333333333333,True,301.26190476190476,205.17619047619047,301.26190476190476,205.17619047619047,210,7
437,14.566666666666666,True,302.4,202.83,302.4,202.83,200,7
438,14.6,True,303.5590909090909,199.78636363636363,303.5450643776824,202.04721030042919,220,7
439,14.633333333333333,True,303.5450643776824,202.04721030042919,303.5590909090909,202.04721030042919,233,7
440,14.666666666666666,True,305.21634615384613,198.73076923076923,303.62051282051283,202.04721030042919,208,7
441,14.7,True,303.62051282051283,205.65641025641025,304.2392344497608,202.04721030042919,195,7
442,14.733333333333333,True,304.2392344497608,204.41148325358853,305.21634615384613,200.96923076923076,209,7
443,14.766666666666667,True,305.7230769230769,200.96923076923076,305.7230769230769,200.96923076923076,195,7
444,14.8,True,307.5550847457627,193.73305084745763,306.2686567164179,197.1044776119403,236,7
445,14.833333333333334,True,306.2686567164179,197.1044776119403,307.07531380753136,194.68229166666666,201,7
446,14.866666666666667,True,320.65625,194.68229166666666,307.5550847457627,193.73305084745763,192,8
447,14.9,True,307.07531380753136,191.10878661087867,307.07531380753136,191.10878661087867,239,7
448,14.933333333333334,True,308.1255060728745,183.9838056680162,307.07531380753136,191.10878661087867,247,7
449,14.966666666666667,True,305.1488372093023,186.89767441860465,306.7679324894515,186.89767441860465,215,7
450,15.0,True,302.8708133971292,191.4641148325359,305.1488372093023,183.9838056680162,209,7
451,15.033333333333333,True,306.7679324894515,182.18987341772151,304.171568627451,183.55940594059405,237,7
452,15.066666666666666,True,304.171568627451,182.0441176470588,302.8708133971292,182.18987341772151,204,7
453,15.1,True,301.53960396039605,183.55940594059405,301.53960396039605,182.0441176470588,202,7
454,15.133333333333333,True,299.4481132075472,181.94811320754718,301.10648148148147,181.94811320754718,212,7
455,15.166666666666666,True,301.10648148148147,178.53240740740742,299.4481132075472,178.99557522123894,216,7
456,15.2,True,298.94690265486724,178.99557522123894,298.94690265486724,178.53240740740742,226,7
457,15.233333333333333,True,297.6067961165049,178.41747572815535,297.6067961165049,178.41747572815535,206,7
458,15.266666666666667,True,297.32876712328766,176.21004566210047,297.32876712328766,176.542600896861,219,7
459,15.3,True,294.9506726457399,176.542600896861,296.0518867924528,176.21004566210047,223,7
460,15.333333333333334,True,295.3586497890295,175.1772151898734,295.8237885462555,175.1772151898734,237,7
461,15.366666666666667,True,296.0518867924528,172.71226415094338,295.8237885462555,172.71226415094338,212,7
462,15.4,True,295.8237885462555,171.85462555066078,295.9299065420561,171.85462555066078,227,7
463,15.433333333333334,True,295.9299065420561,170.53271028037383,296.0518867924528,170.53271028037383,214,7
464,15.466666666666667,True,298.77777777777777,167.81333333333333,298.77777777777777,167.81333333333333,225,7
465,15.5,True,300.71889400921657,164.80184331797236,300.58482142857144,164.80184331797236,217,7
466,15.533333333333333,True,300.58482142857144,164.6875,300.71889400921657,164.6875,224,7
467,15.566666666666666,True,301.5925925925926,163.8148148148148,301.5925925925926,163.8148148148148,216,7
468,15.6,True,301.963133640553,163.52073732718895,301.5925925925926,163.8148148148148,217,7
469,15.633333333333333,True,303.6470588235294,162.5343137254902,301.963133640553,163.8148148148148,204,7
470,15.666666666666666,True,300.09313725490193,166.13235294117646,301.963133640553,165.49,204,7
471,15.7,True,301.97,165.49,301.97,165.49,200,7
472,15.733333333333333,True,300.814606741573,167.17977528089887,301.97,165.49,178,7
473,15.766666666666667,True,310.7889908256881,159.848623853211,306.9036697247706,165.19724770642202,218,7
474,15.8,True,319.05434782608694,154.21014492753622,306.9036697247706,165.19724770642202,276,7
475,15.833333333333334,True,306.9036697247706,165.19724770642202,306.9036697247706,165.19724770642202,218,7
476,15.866666666666667,True,302.3426966292135,169.0056179775281,306.9036697247706,165.19724770642202,178,7
477,15.9,True,301.3491124260355,169.90532544378698,306.9036697247706,165.19724770642202,169,7
478,15.933333333333334,True,312.716894977169,158.92694063926942,312.716894977169,158.92694063926942,219,7
479,15.966666666666667,True,316.81140350877195,153.89473684210526,315.5945945945946,155.7027027027027,228,7
480,16.0,True,315.5945945945946,155.7027027027027,315.5945945945946,153.89473684210526,222,7
481,16.033333333333335,True,316.6177777777778,150.61333333333334,315.5945945945946,150.68041237113403,225,7
482,16.066666666666666,True,313.819587628866,150.68041237113403,315.06542056074767,150.61333333333334,194,7
483,16.1,True,315.02222222222224,149.54666666666665,315.02222222222224,149.54666666666665,225,7
484,16.133333333333333,True,315.06542056074767,145.79439252336448,315.02222222222224,145.79439252336448,214,7
485,16.166666666666668,True,314.8636363636364,143.6090909090909,315.06542056074767,143.6090909090909,220,7
486,16.2,True,316.56502242152465,142.65919282511211,315.06542056074767,142.65919282511211,223,7
487,16.233333333333334,True,316.4273127753304,142.0308370044053,316.4273127753304,142.0308370044053,227,7
488,16.266666666666666,True,314.9307359307359,139.67099567099567,316.4273127753304,139.67099567099567,231,7
489,16.3,True,316.92558139534884,138.09302325581396,315.89150943396226,138.36529680365297,215,7
490,16.333333333333332,True,315.46118721461187,138.36529680365297,315.46118721461187,138.09302325581396,219,7
491,16.366666666666667,True,315.89150943396226,136.91509433962264,315.46118721461187,136.91509433962264,212,7
492,16.4,True,312.3860465116279,136.2325581395349,315.1981981981982,136.2325581395349,215,7
493,16.433333333333334,True,315.1981981981982,135.90540540540542,315.1981981981982,135.90540540540542,222,7
494,16.466666666666665,True,315.0783410138249,134.75115207373273,315.1981981981982,134.75115207373273,217,7
495,16.5,True,315.8767772511848,132.4218009478673,315.8767772511848,132.4218009478673,211,7
496,16.533333333333335,True,321.3772727272727,132.20454545454547,320.7562189054726,132.20454545454547,220,7
497,16.566666666666666,True,320.7562189054726,130.12437810945275,321.3772727272727,130.12437810945275,201,7
498,16.6,True,323.07943925233644,128.7289719626168,323.07943925233644,128.7289719626168,214,7
499,16.633333333333333,True,323.5299539170507,127.77880184331798,323.5299539170507,127.77880184331798,217,7
500,16.666666666666668,True,324.2598039215686,126.92647058823529,324.2598039215686,126.92647058823529,204,7
501,16.7,True,325.7435897435897,125.96153846153847,325.7435897435897,125.96153846153847,234,7
502,16.733333333333334,True,329.5,125.66666666666667,329.5,125.66666666666667,204,7
503,16.766666666666666,True,329.94472361809045,125.35175879396985,329.94472361809045,125.6559633027523,199,7
504,16.8,True,330.61009174311926,125.6559633027523,330.61009174311926,125.6470588235294,218,7
505,16.833333333333332,True,331.08597285067873,125.6470588235294,331.08597285067873,125.35175879396985,221,7
506,16.866666666666667,True,336.6740088105727,124.95154185022027,336.6740088105727,124.95154185022027,227,7
507,16.9,True,340.0,124.58847736625515,338.23318385650225,124.95154185022027,243,7
508,16.933333333333334,True,339.70212765957444,124.71063829787234,338.23318385650225,124.95154185022027,235,7
509,16.966666666666665,True,338.23318385650225,125.99551569506727,338.23318385650225,125.95187165775401,223,7
510,17.0,True,336.55238095238093,126.91428571428571,336.55238095238093,125.95187165775401,210,7
511,17.033333333333335,True,334.8983957219251,125.95187165775401,336.55238095238093,125.95187165775401,187,7
512,17.066666666666666,True,336.11538461538464,125.54807692307692,336.55238095238093,125.54807692307692,208,7
513,17.1,True,344.1321585903084,123.12775330396475,342.95215311004785,123.12775330396475,227,7
514,17.133333333333333,True,344.2181818181818,121.49545454545455,342.95215311004785,121.49545454545455,220,7
515,17.166666666666668,True,342.95215311004785,121.43540669856459,342.95215311004785,121.43540669856459,209,7
516,17.2,True,340.6923076923077,119.10576923076923,342.95215311004785,119.10576923076923,208,7
517,17.233333333333334,True,341.9641025641026,118.14358974358974,342.95215311004785,118.14358974358974,195,7
518,17.266666666666666,True,346.08755760368666,114.36866359447005,346.08755760368666,114.93939393939394,217,7
519,17.3,True,350.4155844155844,114.93939393939394,347.7175925925926,114.36866359447005,231,7
520,17.333333333333332,True,347.7175925925926,111.42129629629629,347.7175925925926,111.45794392523365,216,7
521,17.366666666666667,True,349.51869158878503,111.45794392523365,349.51869158878503,111.42129629629629,214,7
522,17.4,True,347.34703196347033,108.76712328767124,349.4299065420561,109.09049773755656,219,7
523,17.433333333333334,True,351.2262443438914,109.09049773755656,349.4299065420561,108.76712328767124,221,7
524,17.466666666666665,True,349.4299065420561,106.78971962616822,349.4299065420561,106.85714285714286,214,7
525,17.5,True,348.1256544502618,105.61780104712042,351.2262443438914,106.78971962616822,191,7
526,17.533333333333335,True,351.6305418719212,106.85714285714286,350.5098039215686,105.61780104712042,203,7
527,17.566666666666666,True,351.9076923076923,104.77948717948718,351.6305418719212,105.01980198019803,195,7
528,17.6,True,350.5098039215686,103.59313725490196,351.9076923076923,104.77948717948718,204,7
529,17.633333333333333,True,354.4504950495049,105.01980198019803,353.21596244131456,103.59313725490196,202,7
530,17.666666666666668,True,353.21596244131456,102.21596244131456,354.4504950495049,102.53170731707317,213,7
531,17.7,True,356.23222748815164,102.06161137440758,356.23222748815164,102.21596244131456,211,7
532,17.733333333333334,True,358.26341463414633,102.53170731707317,357.48258706467664,102.06161137440758,205,7
533,17.766666666666666,True,357.48258706467664,101.3731343283582,358.0253807106599,101.73684210526316,201,7
534,17.8,True,358.0253807106599,100.6243654822335,358.26341463414633,101.73684210526316,197,7
535,17.833333333333332,True,362.72727272727275,101.73684210526316,362.72727272727275,101.73684210526316,209,7
536,17.866666666666667,True,365.36842105263156,103.09569377990431,364.212962962963,101.73684210526316,209,7
537,17.9,True,364.212962962963,102.39814814814815,364.212962962963,102.39814814814815,216,7
538,17.933333333333334,True,374.318407960199,100.56218905472637,365.36842105263156,102.55665024630542,201,8
539,17.966666666666665,True,363.42364532019707,102.55665024630542,365.83937823834196,102.55665024630542,203,7
540,18.0,True,365.83937823834196,102.98963730569949,372.1304347826087,102.98963730569949,193,7
541,18.033333333333335,True,372.1304347826087,104.99033816425121,372.1304347826087,104.99033816425121,207,7
542,18.066666666666666,True,372.8047619047619,105.45238095238095,372.8047619047619,105.45238095238095,210,7
543,18.1,True,373.9906542056075,105.74299065420561,373.9906542056075,105.74299065420561,214,7
544,18.133333333333333,True,376.4564315352697,106.95435684647303,375.45762711864404,105.74299065420561,241,7
545,18.166666666666668,True,375.45762711864404,106.61016949152543,376.4564315352697,105.74299065420561,236,7
546,18.2,True,376.87280701754383,104.86842105263158,376.87280701754383,104.86842105263158,228,7
547,18.233333333333334,True,378.6093023255814,104.2139534883721,378.6093023255814,104.2139534883721,215,7
548,18.266666666666666,True,380.555,103.635,380.555,103.83561643835617,200,7
549,18.3,True,382.958904109589,103.83561643835617,381.81865284974094,103.635,219,7
550,18.333333333333332,True,381.81865284974094,100.78756476683938,382.958904109589,100.78756476683938,193,7
551,18.366666666666667,True,385.5801886792453,100.34905660377359,385.5801886792453,100.34905660377359,212,7
552,18.4,True,388.27149321266967,99.67873303167421,387.8495575221239,100.28708133971291,221,7
553,18.433333333333334,True,388.7464114832536,100.28708133971291,387.8495575221239,99.67873303167421,209,7
554,18.466666666666665,True,387.8495575221239,98.85398230088495,387.8495575221239,98.85398230088495,226,7
555,18.5,True,386.7525773195876,94.81443298969072,387.8495575221239,94.98963730569949,194,7
556,18.533333333333335,True,385.804469273743,90.86033519553072,387.8495575221239,94.81443298969072,179,7
557,18.566666666666666,True,389.72020725388603,94.98963730569949,388.6686390532544,93.58579881656804,193,7
558,18.6,True,388.6686390532544,93.58579881656804,389.72020725388603,93.58579881656804,169,7
559,18.633333333333333,True,391.6815642458101,93.52513966480447,391.6815642458101,93.83980582524272,179,7
560,18.666666666666668,True,393.33004926108373,93.85714285714286,393.33004926108373,93.58579881656804,203,7
561,18.7,True,394.90291262135923,93.83980582524272,394.90291262135923,93.83980582524272,206,7
562,18.733333333333334,True,396.93650793650795,91.73015873015873,396.86255924170615,93.83980582524272,189,7
563,18.766666666666666,True,396.86255924170615,93.85308056872037,396.93650793650795,93.1170731707317,211,7
564,18.8,True,399.1830357142857,93.04910714285714,399.1830357142857,93.04910714285714,224,7
565,18.833333333333332,True,401.06341463414634,93.1170731707317,399.1830357142857,93.04910714285714,205,7
566,18.866666666666667,True,399.5885416666667,90.14583333333333,399.1830357142857,90.93908629441624,192,7
567,18.9,True,398.5049504950495,89.87128712871286,399.58152173913044,90.93908629441624,202,7
568,18.933333333333334,True,398.6345177664975,90.93908629441624,398.6345177664975,90.14583333333333,197,7
569,18.966666666666665,True,399.58152173913044,91.70108695652173,398.5049504950495,90.43783783783783,184,7
570,19.0,True,395.6826923076923,88.80288461538461,396.15135135135137,90.43783783783783,208,7
571,19.033333333333335,True,396.15135135135137,90.43783783783783,395.6826923076923,88.80288461538461,185,7
572,19.066666666666666,True,391.78680203045684,84.4771573604061,393.59659090909093,88.80288461538461,197,8
573,19.1,True,391.4764397905759,87.06806282722513,392.9072164948454,90.38068181818181,191,8
574,19.133333333333333,True,393.59659090909093,90.38068181818181,392.9072164948454,90.38068181818181,176,6
575,19.166666666666668,True,392.9072164948454,91.11340206185567,393.03389830508473,91.11340206185567,194,6
576,19.2,True,393.03389830508473,92.03954802259886,393.59659090909093,92.03954802259886,177,6
577,19.233333333333334,True,399.19767441860466,97.31395348837209,399.19767441860466,97.31395348837209,172,7
578,19.266666666666666,True,406.012987012987,104.54978354978356,405.1666666666667,101.45833333333333,231,7
579,19.3,True,405.2232558139535,101.81860465116279,405.2232558139535,101.45833333333333,215,7
580,19.333333333333332,True,405.1666666666667,101.45833333333333,405.57073170731707,101.45833333333333,192,7
581,19.366666666666667,True,405.57073170731707,99.11219512195122,405.57073170731707,100.90186915887851,205,7
582,19.4,True,408.0607476635514,100.90186915887851,408.0607476635514,99.68348623853211,214,7
583,19.433333333333334,True,409.60091743119267,99.68348623853211,409.60091743119267,99.68348623853211,218,7
584,19.466666666666665,True,413.7760416666667,99.36458333333333,413.7760416666667,100.60377358490567,192,7
585,19.5,True,417.72169811320754,100.60377358490567,417.72169811320754,100.60377358490567,212,7
586,19.533333333333335,True,419.2311111111111,101.95111111111112,419.2311111111111,101.32051282051282,225,7
587,19.566666666666666,True,421.7521367521368,101.32051282051282,421.7521367521368,101.95111111111112,234,7
588,19.6,True,423.68995633187774,103.46288209606988,423.54273504273505,103.00854700854701,229,7
589,19.633333333333333,True,423.54273504273505,103.00854700854701,423.68995633187774,103.00854700854701,234,7
590,19.666666666666668,True,426.0946502057613,104.86008230452676,425.99159663865544,103.46288209606988,243,7
591,19.7,True,425.99159663865544,102.94957983193277,426.0946502057613,104.86008230452676,238,7
592,19.733333333333334,True,429.0426356589147,105.9922480620155,429.0426356589147,105.80416666666666,258,7
593,19.766666666666666,True,430.1125,105.80416666666666,430.1125,105.80416666666666,240,7
594,19.8,True,430.78242677824267,106.96652719665272,430.2102803738318,105.80416666666666,239,7
595,19.833333333333332,True,430.2102803738318,99.69626168224299,430.78242677824267,105.80416666666666,214,7
596,19.866666666666667,True,431.9463414634146,100.74634146341464,431.9463414634146,106.72429906542057,205,7
597,19.9,True,432.5607476635514,106.72429906542057,432.5607476635514,106.72429906542057,214,7
598,19.933333333333334,True,435.33640552995394,108.06912442396313,435.33640552995394,108.06912442396313,217,7
599,19.966666666666665,True,435.40796019900495,109.82587064676616,435.33640552995394,108.35714285714286,201,7
600,20.0,True,436.7298578199052,113.15165876777252,435.40796019900495,109.82587064676616,211,7
601,20.033333333333335,True,434.9175824175824,108.35714285714286,436.2512315270936,111.67980295566502,182,7
602,20.066666666666666,True,436.2512315270936,111.67980295566502,436.7298578199052,113.15165876777252,203,7
603,20.1,True,437.7294685990338,116.52173913043478,437.7294685990338,116.52173913043478,207,7
604,20.133333333333333,True,438.72935779816515,120.44954128440367,438.72935779816515,120.44954128440367,218,6
605,20.166666666666668,True,440.33175355450237,125.37914691943128,440.3066037735849,125.37914691943128,211,7
606,20.2,True,440.3066037735849,126.04716981132076,440.33175355450237,126.04716981132076,212,7
607,20.233333333333334,True,441.3350785340314,129.7539267015707,441.1761658031088,129.7539267015707,191,7
608,20.266666666666666,True,441.8411214953271,131.2196261682243,441.3350785340314,130.40414507772022,214,7
609,20.3,True,441.1761658031088,130.40414507772022,441.8411214953271,131.2196261682243,193,7
610,20.333333333333332,True,443.79396984924625,136.24120603015075,442.1736842105263,134.03684210526316,199,7
611,20.366666666666667,True,442.1736842105263,134.03684210526316,443.4,134.88717948717948,190,7
612,20.4,True,444.105,137.22,443.79396984924625,136.24120603015075,200,7
613,20.433333333333334,True,443.4,134.88717948717948,444.105,137.22,195,7
614,20.466666666666665,True,447.1173469387755,138.05102040816325,447.1173469387755,138.05102040816325,196,7
615,20.5,True,447.66137566137564,139.66137566137567,447.66137566137564,139.66137566137567,189,6
616,20.533333333333335,True,448.3636363636364,140.44949494949495,448.3636363636364,140.44949494949495,198,7
617,20.566666666666666,True,450.37948717948717,141.35897435897436,450.37948717948717,141.35897435897436,195,7
618,20.6,True,451.5562130177515,141.74556213017752,451.5562130177515,141.74556213017752,169,7
619,20.633333333333333,True,452.327868852459,142.5136612021858,452.327868852459,142.5136612021858,183,7
620,20.666666666666668,True,453.6723163841808,144.36723163841808,453.6723163841808,142.80327868852459,177,6
621,20.7,True,453.682119205298,143.88079470198676,453.682119205298,142.80327868852459,151,6
622,20.733333333333334,True,455.672131147541,142.80327868852459,455.672131147541,143.88079470198676,183,7
623,20.766666666666666,True,457.046783625731,140.7485380116959,457.046783625731,143.88079470198676,171,6
624,20.8,True,457.6686746987952,146.21686746987953,457.6686746987952,143.00641025641025,166,6
625,20.833333333333332,True,459.65193370165747,144.67403314917127,459.65193370165747,144.67403314917127,181,7
626,20.866666666666667,True,461.46153846153845,143.00641025641025,460.5379746835443,146.21686746987953,156,7
627,20.9,True,460.5379746835443,146.4620253164557,461.28,145.53757225433526,158,6
628,20.933333333333334,True,461.28,147.41142857142856,461.46153846153845,146.4620253164557,175,7
629,20.966666666666665,True,463.21387283236993,145.53757225433526,463.21387283236993,147.41142857142856,173,7
630,21.0,True,465.5,147.84567901234567,463.4156626506024,147.41142857142856,162,7
631,21.033333333333335,True,463.4156626506024,149.86144578313252,465.5,147.45054945054946,166,7
632,21.066666666666666,True,465.83870967741933,146.63978494623655,465.83870967741933,147.45054945054946,186,7
633,21.1,True,466.032967032967,147.45054945054946,465.83870967741933,147.45054945054946,182,7
634,21.133333333333333,True,466.4032258064516,147.41935483870967,466.032967032967,147.41935483870967,186,7
635,21.166666666666668,True,464.94179894179894,148.02116402116403,466.3723404255319,147.41935483870967,189,7
636,21.2,True,469.53374233128835,133.98159509202455,466.3723404255319,144.3233830845771,163,6
637,21.233333333333334,True,466.3723404255319,139.03191489361703,464.94179894179894,143.8994708994709,188,6
638,21.266666666666666,True,463.7213930348259,144.3233830845771,463.7213930348259,142.4945054945055,201,7
639,21.3,True,463.015873015873,143.8994708994709,463.015873015873,142.4945054945055,189,6
640,21.333333333333332,True,461.77472527472526,142.4945054945055,461.77472527472526,143.67906976744186,182,7
641,21.366666666666667,True,461.1774193548387,142.252688172043,461.1774193548387,143.67906976744186,186,6
642,21.4,True,459.5581395348837,143.67906976744186,459.5581395348837,143.67906976744186,215,6
643,21.433333333333334,True,458.45714285714286,145.15428571428572,458.45714285714286,145.15428571428572,175,6
644,21.466666666666665,True,457.89637305699483,148.9015544041451,457.89637305699483,148.9015544041451,193,6
645,21.5,True,457.7098445595855,150.98445595854923,457.7647058823529,150.98445595854923,193,6
646,21.533333333333335,True,457.7647058823529,152.9656862745098,457.7647058823529,152.9656862745098,204,6
647,21.566666666666666,True,457.67632850241546,158.10628019323673,457.7647058823529,158.10628019323673,207,6
648,21.6,True,458.1412429378531,159.59322033898306,458.1412429378531,159.59322033898306,177,6
649,21.633333333333333,True,459.36150234741785,163.3661971830986,458.1412429378531,163.3661971830986,213,6
650,21.666666666666668,True,460.6467661691542,165.00497512437812,459.36150234741785,165.00497512437812,201,6
651,21.7,True,452.65656565656565,166.32828282828282,460.6467661691542,166.32828282828282,198,7
652,21.733333333333334,True,462.51295336787564,171.8341968911917,462.51295336787564,171.8341968911917,193,6
653,21.766666666666666,True,463.67336683417085,173.28643216080403,463.67336683417085,173.28643216080403,199,6
654,21.8,True,465.2,174.89302325581394,465.2,174.89302325581394,215,6
655,21.833333333333332,True,466.54455445544556,176.2128712871287,465.2,176.2128712871287,202,6
656,21.866666666666667,True,467.38277511961724,177.7177033492823,465.5527638190955,177.7177033492823,209,7
657,21.9,True,464.45971563981044,179.39336492890996,465.5527638190955,179.39336492890996,211,7
658,21.933333333333334,True,465.5527638190955,181.59798994974875,465.5527638190955,180.25333333333333,199,7
659,21.966666666666665,True,464.37668161434976,183.4304932735426,464.45971563981044,181.59798994974875,223,7
660,22.0,True,466.08444444444444,180.25333333333333,464.37668161434976,183.4304932735426,225,7
661,22.033333333333335,True,463.1488372093023,185.67441860465115,464.37668161434976,183.4304932735426,215,7
662,22.066666666666666,True,461.17488789237666,186.2421524663677,463.4010152284264,185.67441860465115,223,7
663,22.1,True,468.95,182.5888888888889,463.1488372093023,186.2421524663677,180,7
664,22.133333333333333,True,463.4010152284264,188.4720812182741,461.17488789237666,188.4720812182741,197,7
665,22.166666666666668,True,458.89270386266094,191.92703862660943,460.3072916666667,191.11458333333334,233,7
666,22.2,True,460.3072916666667,191.11458333333334,459.3333333333333,191.92703862660943,192,7
667,22.233333333333334,True,458.5314009661836,194.23671497584542,458.89270386266094,192.83098591549296,207,7
668,22.266666666666666,True,459.3333333333333,192.83098591549296,459.0,192.83098591549296,213,7
669,22.3,True,457.6038647342995,194.61352657004832,459.0,192.83098591549296,207,7
670,22.333333333333332,True,459.0,192.10106382978722,459.0,192.83098591549296,188,7
671,22.366666666666667,True,470.10731707317075,187.9512195121951,457.6038647342995,194.61352657004832,205,8
672,22.4,True,452.0473933649289,198.79146919431278,452.0473933649289,198.3399014778325,211,7
673,22.433333333333334,True,450.55172413793105,199.45320197044336,451.9845360824742,198.3399014778325,203,7
674,22.466666666666665,True,451.3743842364532,198.3399014778325,451.3743842364532,198.3399014778325,203,7
675,22.5,True,451.9845360824742,196.79896907216494,450.55172413793105,198.3399014778325,194,7
676,22.533333333333335,True,450.34574468085106,198.04787234042553,450.34574468085106,198.3399014778325,188,7
677,22.566666666666666,True,446.9425287356322,203.27011494252875,446.9425287356322,203.27011494252875,174,7
678,22.6,True,445.84158415841586,204.1980198019802,445.84158415841586,204.1980198019802,202,7
679,22.633333333333333,True,445.51063829787233,205.34574468085106,445.51063829787233,205.34574468085106,188,7
680,22.666666666666668,True,444.03414634146344,207.94146341463414,445.0689655172414,207.94146341463414,205,7
681,22.7,True,445.0689655172414,210.8505747126437,444.03414634146344,210.8505747126437,174,7
682,22.733333333333334,True,443.5086705202312,212.7398843930636,443.9781420765027,212.7398843930636,173,7
683,22.766666666666666,True,443.9781420765027,213.03825136612022,443.5086705202312,213.03825136612022,183,7
684,22.8,True,441.75132275132273,218.2962962962963,442.59562841530055,217.54644808743168,189,7
685,22.833333333333332,True,442.59562841530055,217.54644808743168,441.75132275132273,218.2962962962963,183,7
686,22.866666666666667,True,440.0670731707317,222.01829268292684,441.75132275132273,221.23353293413174,164,7
687,22.9,True,441.34736842105264,221.67894736842106,441.5,221.67894736842106,190,7
688,22.933333333333334,True,444.0,221.23353293413174,441.5,222.01829268292684,167,7
689,22.966666666666665,True,441.5,222.8858695652174,442.6923076923077,222.8858695652174,184,7
690,23.0,True,443.0357142857143,226.61309523809524,443.0357142857143,225.07692307692307,168,7
691,23.033333333333335,True,442.6923076923077,225.07692307692307,443.0357142857143,225.55621301775147,182,7
692,23.066666666666666,True,444.8165680473373,225.55621301775147,443.0357142857143,225.55621301775147,169,7
693,23.1,True,446.56804733727813,225.9940828402367,443.8313953488372,225.55621301775147,169,7
694,23.133333333333333,True,435.0734463276836,223.045197740113,443.8313953488372,225.9940828402367,177,8
695,23.166666666666668,True,443.8313953488372,228.50581395348837,438.467032967033,228.50581395348837,172,7
696,23.2,True,437.825,229.5875,437.825,229.5875,160,7
697,23.233333333333334,True,438.467032967033,231.37912087912088,437.825,231.37912087912088,182,7
698,23.266666666666666,True,436.96491228070175,232.42105263157896,437.825,232.42105263157896,171,7
699,23.3,True,437.78823529411767,233.0705882352941,437.9263157894737,232.60526315789474,170,7
700,23.333333333333332,True,437.9263157894737,232.60526315789474,437.78823529411767,232.6576086956522,190,7
701,23.366666666666667,True,438.82065217391306,232.6576086956522,437.78823529411767,232.78191489361703,184,7
702,23.4,True,436.6968085106383,232.78191489361703,436.6968085106383,232.6576086956522,188,7
703,23.433333333333334,True,434.7886597938144,232.88144329896906,435.16577540106954,232.6576086956522,194,7
704,23.466666666666665,True,435.16577540106954,232.52941176470588,434.7886597938144,232.52941176470588,187,7
705,23.5,True,434.5464480874317,231.66120218579235,434.5464480874317,232.31491712707182,183,7
706,23.533333333333335,True,433.74594594594595,231.87567567567567,433.74594594594595,232.31491712707182,185,7
707,23.566666666666666,True,431.3370165745856,232.31491712707182,431.3370165745856,232.31491712707182,181,7
708,23.6,True,424.32460732984293,234.44502617801047,425.89861751152074,233.50230414746545,191,7
709,23.633333333333333,True,425.89861751152074,233.50230414746545,424.32460732984293,234.42105263157896,217,7
710,23.666666666666668,True,422.89473684210526,234.42105263157896,423.27472527472526,234.44502617801047,209,7
711,23.7,True,421.1057268722467,235.19823788546256,422.89473684210526,235.19823788546256,227,7
712,23.733333333333334,True,423.27472527472526,237.05494505494505,421.1057268722467,237.05494505494505,182,7
713,23.766666666666666,True,419.8267326732673,238.40594059405942,419.9214659685864,238.40594059405942,202,7
714,23.8,True,419.9214659685864,240.13089005235602,419.8267326732673,240.13089005235602,191,7
715,23.833333333333332,True,418.1489361702128,241.97340425531914,418.1489361702128,241.88541666666666,188,7
716,23.866666666666667,True,418.0416666666667,241.88541666666666,418.0416666666667,241.97340425531914,192,7
717,23.9,True,416.4095238095238,243.71428571428572,416.4095238095238,241.97340425531914,210,7
718,23.933333333333334,True,412.7177033492823,244.7177033492823,412.7177033492823,243.71428571428572,209,7
719,23.966666666666665,True,401.2538860103627,238.95336787564767,411.32828282828285,244.7177033492823,193,8
720,24.0,True,411.32828282828285,248.07575757575756,411.32828282828285,248.07575757575756,198,7
721,24.033333333333335,True,410.75132275132273,250.06878306878306,411.32828282828285,250.06878306878306,189,7
722,24.066666666666666,True,411.8680203045685,250.24365482233503,411.32828282828285,250.24365482233503,197,7
723,24.1,True,412.68926553672316,250.63841807909606,411.2916666666667,250.63841807909606,177,7
724,24.133333333333333,True,411.2916666666667,253.04166666666666,411.2916666666667,253.0,192,7
725,24.166666666666668,True,408.5263157894737,253.0,409.90710382513663,253.04166666666666,171,7
726,24.2,True,409.31868131868134,254.37912087912088,409.31868131868134,253.88717948717948,182,7
727,24.233333333333334,True,409.90710382513663,254.53551912568307,408.5263157894737,254.37912087912088,183,7
728,24.266666666666666,True,406.2307692307692,253.88717948717948,406.2307692307692,254.53551912568307,195,7
729,24.3,True,406.16326530612247,255.71428571428572,406.16326530612247,254.93229166666666,196,7
730,24.333333333333332,True,401.4010416666667,254.93229166666666,401.80748663101605,254.95675675675676,192,7
731,24.366666666666667,True,401.80748663101605,255.59893048128342,401.4010416666667,254.95675675675676,187,7
732,24.4,True,399.4216216216216,254.95675675675676,399.4216216216216,254.93229166666666,185,7
733,24.433333333333334,True,397.9261083743842,253.70443349753694,397.9261083743842,253.70443349753694,203,7
734,24.466666666666665,True,383.15263157894736,243.52631578947367,397.9261083743842,253.70443349753694,190,8
735,24.5,True,395.224043715847,252.7704918032787,397.43636363636364,252.7704918032787,183,7
736,24.533333333333335,True,401.91907514450867,254.0520231213873,397.43636363636364,251.22727272727272,173,7
737,24.566666666666666,True,397.43636363636364,251.22727272727272,397.43636363636364,251.22727272727272,220,7
738,24.6,True,398.964824120603,250.76381909547737,397.43636363636364,250.76381909547737,199,7
739,24.633333333333333,True,396.1063829787234,249.5212765957447,396.1063829787234,249.5212765957447,188,7
740,24.666666666666668,True,392.4433497536946,247.6206896551724,392.4433497536946,247.6206896551724,203,7
741,24.7,True,387.73023255813956,246.39069767441862,392.4433497536946,247.6206896551724,215,7
742,24.733333333333334,True,385.5330188679245,244.91981132075472,392.4433497536946,247.6206896551724,212,7
743,24.766666666666666,True,397.3532608695652,248.8804347826087,397.3532608695652,248.8804347826087,184,7
744,24.8,True,403.22159090909093,250.1875,397.3532608695652,249.8846153846154,176,6
745,24.833333333333332,True,399.0858895705521,250.68098159509202,397.3532608695652,250.1875,163,6
746,24.866666666666667,True,395.1105769230769,249.8846153846154,395.1105769230769,250.68098159509202,208,7
747,24.9,True,394.51190476190476,252.16071428571428,394.51190476190476,252.16071428571428,168,6
748,24.933333333333334,True,393.1896551724138,252.45977011494253,393.1896551724138,252.45977011494253,174,6
749,24.966666666666665,True,387.2361809045226,252.68844221105527,387.2361809045226,252.45977011494253,199,7
750,25.0,True,382.1170731707317,252.66341463414633,382.1170731707317,252.45977011494253,205,7
751,25.033333333333335,True,377.9086757990868,250.77625570776254,377.9086757990868,252.1036036036036,219,7
752,25.066666666666666,True,377.7567567567568,252.1036036036036,377.7567567567568,252.1036036036036,222,7
753,25.1,True,374.5022624434389,251.99547511312218,374.5022624434389,252.1036036036036,221,7
754,25.133333333333333,True,372.8203883495146,253.59223300970874,372.96363636363634,252.6743119266055,206,7
755,25.166666666666668,True,372.96363636363634,254.98181818181817,372.8203883495146,253.59223300970874,220,7
756,25.2,True,370.9403669724771,252.6743119266055,371.57560975609755,254.32682926829267,218,7
757,25.233333333333334,True,371.57560975609755,254.32682926829267,371.0243902439024,254.98181818181817,205,7
758,25.266666666666666,True,371.0243902439024,255.7951219512195,370.9403669724771,255.2212389380531,205,7
759,25.3,True,368.53846153846155,255.31674208144796,368.6371681415929,255.2212389380531,221,7
760,25.333333333333332,True,368.6371681415929,255.2212389380531,368.54787234042556,255.31674208144796,226,7
761,25.366666666666667,True,367.3080357142857,253.79017857142858,368.53846153846155,255.31674208144796,224,7
762,25.4,True,368.54787234042556,258.98936170212767,367.3080357142857,255.9949494949495,188,7
763,25.433333333333334,True,367.13917525773195,257.83505154639175,367.13917525773195,255.9949494949495,194,7
764,25.466666666666665,True,365.57070707070704,255.9949494949495,365.57070707070704,255.9949494949495,198,7
765,25.5,True,363.0205128205128,251.35897435897436,363.0205128205128,251.35897435897436,195,7
766,25.533333333333335,True,359.6923076923077,248.56730769230768,362.0752688172043,251.0,208,7
767,25.566666666666666,True,360.2857142857143,249.44973544973544,360.2857142857143,249.44973544973544,189,7
768,25.6,True,362.0752688172043,251.0,359.6923076923077,248.56730769230768,186,7
769,25.633333333333333,True,359.6354166666667,248.26041666666666,360.1505376344086,248.26041666666666,192,7
770,25.666666666666668,True,357.53846153846155,244.48901098901098,359.6354166666667,246.13440860215053,182,7
771,25.7,True,360.1505376344086,246.13440860215053,357.53846153846155,244.48901098901098,186,7
772,25.733333333333334,True,357.0373831775701,242.41121495327104,357.0373831775701,242.41121495327104,214,7
773,25.766666666666666,True,355.92792792792795,240.018018018018,357.0373831775701,240.018018018018,222,7
774,25.8,True,355.2072072072072,238.82882882882882,355.92792792792795,238.82882882882882,222,7
775,25.833333333333332,True,362.6275510204082,238.21428571428572,355.74871794871797,238.6871794871795,196,8
776,25.866666666666667,True,355.74871794871797,238.6871794871795,355.2072072072072,238.21428571428572,195,7
777,25.9,True,353.87692307692305,237.91794871794872,353.87692307692305,237.91794871794872,195,7
778,25.933333333333334,True,352.2881355932203,234.42796610169492,352.2881355932203,237.91794871794872,236,7
779,25.966666666666665,True,346.8181818181818,229.32575757575756,351.46927374301674,234.42796610169492,264,7
780,26.0,True,351.46927374301674,240.23463687150837,346.8181818181818,234.42796610169492,179,7
781,26.033333333333335,True,343.97169811320754,230.39150943396226,344.47715736040607,233.44541484716157,212,7
782,26.066666666666666,True,344.47715736040607,235.23350253807106,343.97169811320754,235.23350253807106,197,7
783,26.1,True,341.9912663755459,233.44541484716157,342.33653846153845,233.55238095238096,229,7
784,26.133333333333333,True,342.33653846153845,235.78846153846155,341.9912663755459,234.54298642533936,208,7
785,26.166666666666668,True,339.3904761904762,233.55238095238096,339.3904761904762,234.5373831775701,210,7
786,26.2,True,338.6244343891403,234.54298642533936,338.6244343891403,234.54298642533936,221,7
787,26.233333333333334,True,337.57943925233644,234.5373831775701,337.57943925233644,234.5373831775701,214,7
788,26.266666666666666,True,336.21608040201005,235.5929648241206,336.21608040201005,234.54298642533936,199,7
789,26.3,True,336.06161137440756,234.30805687203792,336.06161137440756,234.58878504672896,211,7
790,26.333333333333332,True,334.3495145631068,235.51941747572815,334.3495145631068,234.83823529411765,206,7
791,26.366666666666667,True,334.01869158878503,234.58878504672896,334.01869158878503,234.83823529411765,214,7
792,26.4,True,333.3578431372549,234.83823529411765,333.3578431372549,234.83823529411765,204,7
793,26.433333333333334,True,332.0334928229665,235.05741626794259,332.0334928229665,234.58878504672896,209,7
794,26.466666666666665,True,331.6764705882353,230.59803921568627,332.0334928229665,230.59803921568627,204,7
795,26.5,True,330.0755555555556,230.39111111111112,331.6764705882353,230.39111111111112,225,7
796,26.533333333333335,True,337.40851063829786,224.82553191489362,330.0755555555556,228.5188679245283,235,8
797,26.566666666666666,True,328.7877358490566,228.5188679245283,328.7877358490566,228.0952380952381,212,7
798,26.6,True,327.8809523809524,228.0952380952381,327.8809523809524,227.61904761904762,210,7
799,26.633333333333333,True,327.4095238095238,227.61904761904762,327.6223175965665,227.61904761904762,210,7
800,26.666666666666668,True,327.6223175965665,219.48497854077254,327.6223175965665,226.68586387434556,233,7
801,26.7,True,327.47058823529414,224.70053475935828,327.6223175965665,224.70053475935828,187,7
802,26.733333333333334,True,328.25130890052355,226.68586387434556,328.25130890052355,220.92342342342343,191,7
803,26.766666666666666,True,328.51502145922746,219.1845493562232,328.51502145922746,220.92342342342343,233,7
804,26.8,True,329.8873873873874,220.92342342342343,329.632,219.1845493562232,222,7
805,26.833333333333332,True,342.990990990991,209.63513513513513,329.8873873873874,218.54106280193236,222,8
806,26.866666666666667,True,329.632,212.192,330.65700483091786,218.54106280193236,250,7
807,26.9,True,330.65700483091786,218.54106280193236,331.1179487179487,218.54106280193236,207,7
808,26.933333333333334,True,331.1179487179487,220.62564102564102,330.65700483091786,218.54106280193236,195,7
809,26.966666666666665,True,332.14054054054054,222.05405405405406,330.65700483091786,218.54106280193236,185,7
810,27.0,True,328.98,212.705,329.1527093596059,212.705,200,7
811,27.033333333333335,True,329.1527093596059,211.89655172413794,328.98,211.89655172413794,203,7
812,27.066666666666666,True,327.90625,211.234375,327.90625,211.49545454545455,192,7
813,27.1,True,326.99545454545455,211.49545454545455,326.99545454545455,211.234375,220,7
814,27.133333333333333,True,325.94520547945206,203.39269406392694,325.94520547945206,203.39269406392694,219,7
815,27.166666666666668,True,324.675,202.12083333333334,324.675,202.48888888888888,240,7
816,27.2,True,322.7733333333333,202.48888888888888,322.7733333333333,202.12083333333334,225,7
817,27.233333333333334,True,321.68831168831167,201.1125541125541,321.68831168831167,201.1125541125541,231,7
818,27.266666666666666,True,319.5450819672131,199.26639344262296,319.8167330677291,199.26639344262296,244,7
819,27.3,True,319.8167330677291,197.76494023904382,319.5450819672131,197.8617886178862,251,7
820,27.333333333333332,True,316.42918454935625,196.75107296137338,317.2886178861789,197.76494023904382,233,7
821,27.366666666666667,True,317.2886178861789,197.8617886178862,316.42918454935625,197.76494023904382,246,7
822,27.4,True,315.22857142857146,196.56326530612245,315.22857142857146,197.8617886178862,245,7
823,27.433333333333334,True,314.87394957983196,199.2689075630252,314.87394957983196,198.29880478087648,238,7
824,27.466666666666665,True,314.76892430278883,198.29880478087648,314.76892430278883,198.29880478087648,251,7
825,27.5,True,313.5541666666667,198.85416666666666,313.5541666666667,198.29880478087648,240,7
826,27.533333333333335,True,313.4811715481172,196.00836820083683,313.4811715481172,196.00836820083683,239,7
827,27.566666666666666,True,312.9237288135593,194.1864406779661,312.9237288135593,196.0,236,7
828,27.6,True,312.39719626168227,196.0,312.80973451327435,194.1864406779661,214,7
829,27.633333333333333,True,312.65777777777777,191.86222222222221,312.65777777777777,191.86222222222221,225,7
830,27.666666666666668,True,312.80973451327435,188.44247787610618,312.65777777777777,188.44247787610618,226,7
831,27.7,True,312.2248803827751,187.6602870813397,312.80973451327435,187.6602870813397,209,7
832,27.733333333333334,True,315.3389121338912,183.0753138075314,314.2651162790698,183.74883720930234,239,7
833,27.766666666666666,True,315.5708333333333,183.44583333333333,315.1370558375635,183.44583333333333,240,7
834,27.8,True,314.2651162790698,183.74883720930234,315.26237623762376,183.0753138075314,215,7
835,27.833333333333332,True,315.1370558375635,182.42131979695432,315.26237623762376,182.95049504950495,197,7
836,27.866666666666667,True,315.26237623762376,182.95049504950495,315.26237623762376,182.42131979695432,202,7
837,27.9,True,318.0618556701031,178.17525773195877,318.0618556701031,178.17525773195877,194,7
838,27.933333333333334,True,319.15813953488373,175.96279069767442,319.15813953488373,176.61682242990653,215,7
839,27.966666666666665,True,319.95631067961165,175.3640776699029,319.95631067961165,175.96279069767442,206,7
840,28.0,True,320.66355140186914,176.61682242990653,320.66355140186914,175.3640776699029,214,7
841,28.033333333333335,True,322.48458149779736,171.1718061674009,322.48458149779736,173.42060085836908,227,7
842,28.066666666666666,True,322.52789699570815,173.42060085836908,322.52789699570815,173.12735849056602,233,7
843,28.1,True,323.12735849056605,173.12735849056602,322.52789699570815,171.85572139303483,212,7
844,28.133333333333333,True,323.06467661691545,171.85572139303483,323.06467661691545,171.85572139303483,201,7
845,28.166666666666668,True,322.0047393364929,169.781990521327,323.12735849056605,169.781990521327,211,7
846,28.2,True,325.6157205240175,159.74235807860262,323.06467661691545,163.22707423580786,229,7
847,28.233333333333334,True,323.6431924882629,163.093896713615,322.32489451476795,163.093896713615,213,7
848,28.266666666666666,True,322.0480349344978,163.22707423580786,322.6666666666667,161.1350210970464,229,7
849,28.3,True,322.32489451476795,161.1350210970464,322.32489451476795,161.1350210970464,237,7
850,28.333333333333332,True,322.6666666666667,158.67567567567568,322.0480349344978,158.67567567567568,222,7
851,28.366666666666667,True,321.4218009478673,154.69668246445497,321.6,156.2578947368421,211,7
852,28.4,True,321.6,156.2578947368421,321.4218009478673,155.37614678899084,190,7
853,28.433333333333334,True,321.197247706422,155.37614678899084,321.197247706422,154.69668246445497,218,7
854,28.466666666666665,True,319.94685990338166,154.10628019323673,321.197247706422,154.10628019323673,207,7
855,28.5,True,319.64220183486236,152.39449541284404,319.94685990338166,152.39449541284404,218,7
856,28.533333333333335,True,333.8341232227488,147.90521327014218,319.64220183486236,152.18957345971563,211,8
857,28.566666666666666,True,318.13270142180096,152.18957345971563,318.13270142180096,149.44827586206895,211,7
858,28.6,True,317.4329896907216,149.16494845360825,317.4329896907216,149.44827586206895,194,7
859,28.633333333333333,True,317.13793103448273,149.44827586206895,317.13793103448273,149.44827586206895,203,7
860,28.666666666666668,True,316.7959183673469,149.98979591836735,316.7959183673469,149.16494845360825,196,7
861,28.7,True,316.3443396226415,147.27358490566039,316.7959183673469,147.27358490566039,212,7
862,28.733333333333334,True,316.1015228426396,145.25888324873097,316.7959183673469,145.25888324873097,197,7
863,28.766666666666666,True,318.19354838709677,144.55299539170508,318.19354838709677,144.55299539170508,217,7
864,28.8,True,318.5,141.44690265486724,318.5,141.44690265486724,226,7
865,28.833333333333332,True,321.9425837320574,138.92822966507177,321.06451612903226,139.14746543778801,209,7
866,28.866666666666667,True,321.06451612903226,139.14746543778801,321.9425837320574,139.14746543778801,217,7
867,28.9,True,322.04484304932737,138.04484304932734,322.04484304932737,138.92822966507177,223,7
868,28.933333333333334,True,334.3407079646018,142.00442477876106,322.2535211267606,139.14746543778801,226,8
869,28.966666666666665,True,326.5514018691589,135.75233644859813,323.41293532338307,139.2636815920398,214,7
870,29.0,True,322.2535211267606,139.5399061032864,326.5514018691589,139.2636815920398,213,7
871,29.033333333333335,True,323.41293532338307,139.2636815920398,326.5514018691589,136.44827586206895,201,7
872,29.066666666666666,True,328.37931034482756,136.44827586206895,328.37931034482756,136.44827586206895,203,7
873,29.1,True,331.1598173515982,135.42465753424656,329.5024630541872,136.44827586206895,219,7
874,29.133333333333333,True,331.8293838862559,135.17535545023696,330.3072916666667,136.203125,211,7
875,29.166666666666668,True,329.5024630541872,137.00492610837438,331.1598173515982,135.42465753424656,203,7
876,29.2,True,330.3072916666667,136.203125,331.2843137254902,135.38235294117646,192,7
877,29.233333333333334,True,331.2843137254902,135.38235294117646,331.2843137254902,135.38235294117646,204,7
878,29.266666666666666,True,337.37179487179486,129.5940170940171,337.37179487179486,129.5940170940171,234,7
879,29.3,True,338.50442477876106,126.32300884955752,337.37179487179486,127.03846153846153,226,7
880,29.333333333333332,True,337.6730769230769,127.03846153846153,337.37179487179486,126.32300884955752,208,7
881,29.366666666666667,True,335.1111111111111,126.08796296296296,337.15611814345993,126.08796296296296,216,7
882,29.4,True,336.84274193548384,123.59274193548387,337.15611814345993,123.59274193548387,248,7
883,29.433333333333334,True,337.15611814345993,121.81012658227849,337.15611814345993,121.81012658227849,237,7
884,29.466666666666665,True,339.5953488372093,116.9953488372093,339.5953488372093,116.9953488372093,215,7
885,29.5,True,340.1333333333333,114.7911111111111,340.1255605381166,114.81614349775785,225,7
886,29.533333333333335,True,340.1255605381166,114.81614349775785,340.1333333333333,114.7911111111111,223,7
887,29.566666666666666,True,341.1121495327103,111.5233644859813,340.64732142857144,112.69651741293532,214,7
888,29.6,True,340.8905472636816,112.69651741293532,340.8905472636816,111.5233644859813,201,7
889,29.633333333333333,True,340.64732142857144,110.86160714285714,340.8905472636816,110.86160714285714,224,7
890,29.666666666666668,True,340.9177489177489,108.98268398268398,340.64732142857144,108.98268398268398,231,7
891,29.7,True,338.6497461928934,108.91878172588832,340.64732142857144,108.91878172588832,197,7
892,29.733333333333334,True,338.46907216494844,107.72680412371135,340.9177489177489,107.72680412371135,194,7
893,29.766666666666666,True,342.4484536082474,106.84536082474227,342.4484536082474,106.84536082474227,194,7
894,29.8,True,343.5700934579439,105.05140186915888,343.5700934579439,106.84536082474227,214,7
895,29.833333333333332,True,345.96491228070175,104.26754385964912,345.96491228070175,105.05140186915888,228,7
896,29.866666666666667,True,353.52252252252254,110.24324324324324,348.86893203883494,104.26754385964912,222,8
897,29.9,True,349.337962962963,102.60185185185185,349.1761658031088,102.60185185185185,216,7
898,29.933333333333334,True,348.86893203883494,101.66990291262135,349.1761658031088,101.66990291262135,206,7
899,29.966666666666665,True,349.1761658031088,100.51813471502591,349.1761658031088,100.51813471502591,193,7
900,30.0,True,343.25581395348837,99.90116279069767,349.1761658031088,100.51813471502591,172,7
901,30.033333333333335,True,350.0923913043478,100.0054347826087,350.0923913043478,100.51813471502591,184,7
902,30.066666666666666,True,352.32850241545896,100.79710144927536,352.32850241545896,100.79710144927536,207,7
903,30.1,True,356.62264150943395,101.26886792452831,355.85853658536587,101.26886792452831,212,7
904,30.133333333333333,True,372.38831615120273,102.80068728522336,356.62264150943395,102.5609756097561,291,7
905,30.166666666666668,True,355.85853658536587,102.5609756097561,356.62264150943395,102.80068728522336,205,7
906,30.2,True,362.39748953974896,103.42677824267783,356.7056074766355,103.42677824267783,239,7
907,30.233333333333334,True,345.7081339712919,104.96172248803828,356.7056074766355,103.44285714285714,209,7
908,30.266666666666666,True,356.7056074766355,104.50934579439253,357.9577464788732,104.14084507042253,214,7
909,30.3,True,362.3333333333333,103.44285714285714,356.7056074766355,104.14084507042253,210,7
910,30.333333333333332,True,357.9577464788732,104.14084507042253,356.7056074766355,103.44285714285714,213,7
911,30.366666666666667,True,352.74074074074076,103.26984126984127,357.9577464788732,103.26984126984127,189,7
912,30.4,True,355.62105263157895,101.83157894736843,357.9577464788732,103.26984126984127,190,7
913,30.433333333333334,True,365.0247524752475,98.24752475247524,365.0247524752475,101.83157894736843,202,7
914,30.466666666666665,True,373.72983870967744,104.95161290322581,367.16346153846155,98.24752475247524,248,8
915,30.5,True,367.16346153846155,97.5625,369.5508474576271,97.5625,208,7
916,30.533333333333335,True,376.57028112449797,93.02008032128514,371.48497854077254,93.33474576271186,249,8
917,30.566666666666666,True,369.5508474576271,93.33474576271186,371.48497854077254,93.02008032128514,236,7
918,30.6,True,371.48497854077254,90.26609442060087,372.8018433179723,91.12903225806451,233,7
919,30.633333333333333,True,372.8018433179723,91.12903225806451,371.79126213592235,90.26609442060087,217,7
920,30.666666666666668,True,374.12295081967216,90.17622950819673,372.8018433179723,90.17622950819673,244,7
921,30.7,True,371.79126213592235,86.3883495145631,374.12295081967216,87.01826484018265,206,7
922,30.733333333333334,True,375.1826484018265,87.01826484018265,374.5098039215686,86.69902912621359,219,7
923,30.766666666666666,True,375.373786407767,86.69902912621359,375.1826484018265,86.69902912621359,206,7
924,30.8,True,374.5098039215686,85.6421568627451,375.373786407767,86.69902912621359,204,7
925,30.833333333333332,True,378.67659574468087,87.05106382978724,377.7381974248927,85.6421568627451,235,7
926,30.866666666666667,True,377.7381974248927,83.81115879828326,377.7381974248927,83.81115879828326,233,8
927,30.9,True,377.7563025210084,79.91596638655462,377.7563025210084,83.16431924882629,238,8
928,30.933333333333334,True,376.26008968609864,79.74887892376681,377.7563025210084,82.9504132231405,223,8
929,30.966666666666665,True,381.1267605633803,83.16431924882629,381.1267605633803,82.02898550724638,213,7
930,31.0,True,381.56198347107437,82.9504132231405,381.56198347107437,82.9504132231405,242,7
931,31.033333333333335,True,385.2463768115942,82.02898550724638,385.2463768115942,83.16431924882629,207,8
932,31.066666666666666,True,388.1818181818182,85.15656565656566,388.1818181818182,84.99450549450549,198,7
933,31.1,True,389.15384615384613,84.99450549450549,389.15384615384613,84.99450549450549,182,7
934,31.133333333333333,True,393.6902173913044,87.27173913043478,390.27314814814815,85.15656565656566,184,7
935,31.166666666666668,True,390.27314814814815,84.75,393.6902173913044,87.27173913043478,216,7
936,31.2,True,396.255,87.68,396.255,87.27173913043478,200,7
937,31.233333333333334,True,397.41743119266056,88.11009174311927,397.41743119266056,87.68,218,7
938,31.266666666666666,True,409.69953051643193,85.76525821596245,398.02830188679246,88.11009174311927,213,8
939,31.3,True,398.91,89.51,398.91,89.43396226415095,200,7
940,31.333333333333332,True,398.02830188679246,89.43396226415095,398.91,89.51,212,7
941,31.366666666666667,True,399.7201834862385,90.5137614678899,398.02830188679246,89.55675675675676,218,7
942,31.4,True,397.10747663551405,89.74299065420561,397.9222222222222,89.69444444444444,214,7
943,31.433333333333334,True,397.35675675675674,89.55675675675676,397.35675675675674,89.69444444444444,185,7
944,31.466666666666665,True,397.9222222222222,89.69444444444444,397.35675675675674,89.55675675675676,180,7
945,31.5,True,395.0662983425414,86.41988950276243,397.9222222222222,86.80540540540541,181,7
946,31.533333333333335,True,399.4594594594595,86.80540540540541,399.4594594594595,86.80540540540541,185,7
947,31.566666666666666,True,402.0531914893617,86.40957446808511,402.0531914893617,86.80540540540541,188,7
948,31.6,True,406.9695652173913,90.0,406.9695652173913,86.80540540540541,230,7
949,31.633333333333333,True,408.87894736842105,87.4,407.1047120418848,87.4,190,7
950,31.666666666666668,True,407.1047120418848,86.49738219895288,408.87894736842105,87.4,191,7
951,31.7,True,410.5761904761905,87.89047619047619,410.5761904761905,86.49738219895288,210,7
952,31.733333333333334,True,411.68,83.73,411.68,83.73,200,7
953,31.766666666666666,True,415.005076142132,83.21319796954315,415.005076142132,83.21319796954315,197,7
954,31.8,True,418.0197044334975,82.6256157635468,416.33816425120773,82.6256157635468,203,7
955,31.833333333333332,True,416.33816425120773,80.94685990338164,417.5578947368421,82.56315789473685,207,7
956,31.866666666666667,True,417.5578947368421,82.56315789473685,417.95212765957444,80.94685990338164,190,7
957,31.9,True,417.95212765957444,80.88297872340425,417.95212765957444,80.94685990338164,188,7
958,31.933333333333334,True,418.2732558139535,79.04651162790698,418.2732558139535,80.88297872340425,172,7
959,31.966666666666665,True,421.23115577889445,82.34170854271356,421.23115577889445,80.88297872340425,199,7
960,32.0,True,422.12254901960785,79.02941176470588,422.12254901960785,82.1298076923077,204,8
961,32.03333333333333,True,425.0576923076923,82.1298076923077,425.0576923076923,82.34170854271356,208,7
962,32.06666666666667,True,427.8756476683938,85.38341968911917,427.4180790960452,85.38341968911917,193,7
963,32.1,True,427.4180790960452,85.78531073446328,427.8756476683938,85.78531073446328,177,7
964,32.13333333333333,True,429.09090909090907,86.1010101010101,429.09090909090907,86.1010101010101,198,7
965,32.166666666666664,True,429.64039408866995,87.06403940886699,429.09090909090907,86.1010101010101,203,7
966,32.2,True,430.6914893617021,88.82446808510639,429.64039408866995,87.06403940886699,188,7
967,32.233333333333334,True,426.1796407185629,82.83233532934132,430.2708333333333,88.48958333333333,167,7
968,32.266666666666666,True,430.2708333333333,88.48958333333333,430.2817679558011,88.82446808510639,192,7
969,32.3,True,430.2817679558011,90.70718232044199,430.2708333333333,88.48958333333333,181,7
970,32.333333333333336,True,440.1578947368421,93.7719298245614,430.2708333333333,90.70718232044199,228,8
971,32.36666666666667,True,425.840490797546,88.41717791411043,428.25888324873097,91.29850746268657,163,6
972,32.4,True,426.46268656716416,91.29850746268657,428.25888324873097,92.0253807106599,201,7
973,32.43333333333333,True,428.25888324873097,92.0253807106599,428.25888324873097,92.0253807106599,197,7
974,32.46666666666667,True,429.1005025125628,94.77386934673366,429.1005025125628,94.77386934673366,199,7
975,32.5,True,433.6214953271028,100.10280373831776,432.72105263157897,99.66842105263157,214,7
976,32.53333333333333,True,432.72105263157897,99.66842105263157,433.6214953271028,100.10280373831776,190,7
977,32.56666666666667,True,440.52416356877325,107.59851301115242,435.8292682926829,101.45327102803738,269,7
978,32.6,True,435.8292682926829,102.93170731707319,436.803738317757,102.44444444444444,205,7
979,32.63333333333333,True,436.803738317757,101.45327102803738,437.02222222222224,102.44444444444444,214,7
980,32.666666666666664,True,437.02222222222224,102.44444444444444,437.02222222222224,102.43181818181819,225,7
981,32.7,True,438.07272727272726,102.43181818181819,438.07272727272726,102.43181818181819,220,7
982,32.733333333333334,True,438.1206030150754,100.95477386934674,438.1206030150754,102.43181818181819,199,7
983,32.766666666666666,True,442.22966507177034,102.61244019138756,439.9340659340659,100.95477386934674,209,7
984,32.8,True,439.9340659340659,99.5,440.25130890052355,100.85310734463278,182,6
985,32.833333333333336,True,440.25130890052355,98.19371727748691,441.07909604519773,99.5,191,7
986,32.86666666666667,True,444.316384180791,100.85310734463278,441.07909604519773,99.5,177,7
987,32.9,True,441.07909604519773,97.36723163841808,442.4971098265896,98.19371727748691,177,6
988,32.93333333333333,True,444.1411764705882,100.10588235294118,444.1411764705882,97.36723163841808,170,7
989,32.96666666666667,True,442.4971098265896,95.69942196531792,444.1411764705882,97.02906976744185,173,7
990,33.0,True,445.51162790697674,97.02906976744185,445.51162790697674,95.69942196531792,172,7
991,33.03333333333333,True,446.1676300578035,94.10404624277457,446.1676300578035,95.69942196531792,173,7
992,33.06666666666667,True,446.5900621118012,95.03105590062111,446.5900621118012,95.79347826086956,161,7
993,33.1,True,449.4502923976608,97.4093567251462,449.39130434782606,95.79347826086956,171,7
994,33.13333333333333,True,449.39130434782606,95.79347826086956,449.4502923976608,97.35978835978835,184,7
995,33.166666666666664,True,452.47906976744184,100.68837209302326,451.8095238095238,97.35978835978835,215,7
996,33.2,True,451.8095238095238,97.35978835978835,452.47906976744184,97.35978835978835,189,6
997,33.233333333333334,True,453.47486033519556,95.42458100558659,453.47486033519556,97.35978835978835,179,7
998,33.266666666666666,True,454.96078431372547,98.5343137254902,453.97297297297297,95.42458100558659,204,7
999,33.3,True,453.97297297297297,93.25405405405405,454.1798941798942,95.42458100558659,185,7
1000,33.333333333333336,True,454.1798941798942,94.01587301587301,454.5703392468098,95.2593331559812,189,7
1001,33.36666666666667,True,454.99441340782124,96.50279329608938,454.1798941798942,94.01587301587301,179,7
