{
  "source_summary": "mujoco_simulation/outputs/fitted_curve_comparison/sim_fitted_summary.json",
  "radius_definition": "Fitted trajectory-circle radius R from plot_fitted_gait_curves.py; MuJoCo values are already in meters.",
  "coordinate_note": "Sign is assigned from rotated camera-view lateral_drift_m: left turn is negative lateral drift, right turn is positive lateral drift.",
  "generated_for": "RL / fixed-gait radius target lookup",
  "units": {
    "radius": "m",
    "speed": "m/s",
    "arc": "deg",
    "rmse": "m"
  },
  "turn_targets": {
    "left": {
      "gait_name": "turn_left",
      "signed_radius_m": -0.44627445475571564,
      "abs_radius_m": 0.44627445475571564,
      "arc_deg": 90.79505839337143,
      "rmse_m": 0.03375153602338279,
      "duration_s": 6.202000000000406,
      "mean_speed_m_s": 0.20200375474648596,
      "forward_displacement_m": 0.3564262169341601,
      "lateral_drift_m": -0.618852892068066,
      "gait_parameters": {
        "ajoint_deg": 15.0,
        "freq_hz": 1.0,
        "wavelength": 1.6275,
        "amp_scales": [1.24, 1.08, 1.0, 1.05, 1.1, 1.2],
        "phase_lags": [0.614439, 0.614439, 0.614439, 0.614439, 0.614439],
        "joint_bias": [0.08, 0.10, 0.12, 0.14, 0.16, 0.18]
      }
    },
    "right": {
      "gait_name": "turn_right",
      "signed_radius_m": 0.45748333410991127,
      "abs_radius_m": 0.45748333410991127,
      "arc_deg": 90.98298998740171,
      "rmse_m": 0.032323673101207956,
      "duration_s": 6.465000000000494,
      "mean_speed_m_s": 0.19657879052939667,
      "forward_displacement_m": 0.4207957185674581,
      "lateral_drift_m": 0.6135363721603614,
      "gait_parameters": {
        "ajoint_deg": 15.0,
        "freq_hz": 1.0,
        "wavelength": 1.6275,
        "amp_scales": [1.24, 1.08, 1.0, 1.05, 1.1, 1.2],
        "phase_lags": [0.614439, 0.614439, 0.614439, 0.614439, 0.614439],
        "joint_bias": [-0.08, -0.10, -0.12, -0.14, -0.16, -0.18]
      }
    }
  },
  "summary": {
    "average_abs_radius_m": 0.4518788944328135,
    "left_right_abs_radius_difference_m": 0.011208879354195622,
    "left_right_abs_radius_difference_percent_of_average": 2.4805051734635035,
    "recommended_left_radius_m": 0.44627445475571564,
    "recommended_right_radius_m": 0.45748333410991127
  }
}
