{
  "label": "real_turn_2",
  "kind": "turn",
  "video": "C:\\Users\\ytyla\\Documents\\GitHub\\robot_eel\\Release\\python_backend\\recordings\\clean_v_20260608_141254.mp4",
  "summary": "C:\\Users\\ytyla\\Documents\\GitHub\\robot_eel\\mujoco_simulation\\outputs\\video_analysis\\clean_v_20260608_141254\\tracked_center_summary_cleaned_physical.json",
  "point_count": 36,
  "duration_s": 8.0,
  "straight_distance_px": 301.4226095790981,
  "path_distance_px": 1078.6506224450832,
  "net_dx_px": -166.3050850273732,
  "net_dy_px": 251.39253819378087,
  "fit_kind": "circle",
  "radius_px": 166.31540769770587,
  "radius_m": 0.28511212748178144,
  "rmse_px": 18.561699198649762,
  "rmse_m": 0.03182005576911388,
  "arc_deg": 210.2642912409124,
  "speed_m_s": 0.23113941909537494
}