{
  "name": "spin_right",
  "ajoint": 15.0,
  "freq": 1.0,
  "wavelength": 1.6275,
  "amp_scales": [1.24, 1.08, 1.0, 1.05, 1.1, 1.2],
  "phase_lags": [0.614439, 0.614439, 0.614439, 0.614439, 0.614439],
  "joint_bias": [-0.12, -0.15, -0.18, -0.21, -0.24, -0.27]
}
