time,x,y,yaw,reward,yaw_rate,turn_radius,steady_state,action_0,action_1,action_2,action_3,action_4,action_5
2.000000000000001082e-02,5.998763330454871534e-01,-2.505263747115349382e-03,4.115556611665576597e-02,0.000000000000000000e+00,3.873319636043832226e+00,inf,0.000000000000000000e+00,2.901886403560638428e-01,2.401953935623168945e-01,1.632727384567260742e-01,1.488510668277740479e-01,4.583679884672164917e-02,8.994081988930702209e-03
4.000000000000002859e-02,5.985234180703571383e-01,-8.050190346444496825e-03,1.494619928610230186e-01,0.000000000000000000e+00,5.341608673927479956e+00,inf,0.000000000000000000e+00,2.682045996189117432e-01,3.165620863437652588e-01,2.225276231765747070e-01,2.361354082822799683e-01,1.152955889701843262e-01,2.077761851251125336e-02
6.000000000000004635e-02,5.944290264638130150e-01,-1.405061599110490889e-02,3.083003538419930578e-01,0.000000000000000000e+00,6.537353407965976082e+00,inf,0.000000000000000000e+00,2.241418063640594482e-01,3.020296990871429443e-01,2.328974753618240356e-01,2.561872303485870361e-01,1.318187862634658813e-01,3.293858096003532410e-02
8.000000000000005718e-02,5.874468475542012902e-01,-1.910068389891733664e-02,4.967875512436957797e-01,0.000000000000000000e+00,7.276145677526056232e+00,inf,0.000000000000000000e+00,1.860700696706771851e-01,2.592572271823883057e-01,2.267710864543914795e-01,2.493105232715606689e-01,1.293495744466781616e-01,3.863901272416114807e-02
1.000000000000000749e-01,5.810261551591316964e-01,-2.076930130390503004e-02,6.499819632789020085e-01,0.000000000000000000e+00,6.960864815237108871e+00,inf,0.000000000000000000e+00,1.300449669361114502e-01,1.873639822006225586e-01,1.905325204133987427e-01,2.021628618240356445e-01,1.160434484481811523e-01,4.739419370889663696e-02
1.200000000000000927e-01,5.785177744908249764e-01,-1.832893792338591288e-02,7.294011358437919590e-01,0.000000000000000000e+00,6.195736696512086361e+00,inf,0.000000000000000000e+00,1.686905026435852051e-01,1.728575825691223145e-01,1.857475787401199341e-01,1.745400130748748779e-01,1.022121086716651917e-01,5.525315180420875549e-02
1.400000000000000966e-01,5.791227248108720138e-01,-1.417859727326992170e-02,7.617639071015208652e-01,0.000000000000000000e+00,5.453622373660991229e+00,inf,0.000000000000000000e+00,2.410362511873245239e-01,1.809290051460266113e-01,1.785261332988739014e-01,1.465429663658142090e-01,6.404265761375427246e-02,5.987861379981040955e-02
1.600000000000001144e-01,5.808485381064470987e-01,-9.650525427867984174e-03,7.671930498478970462e-01,0.000000000000000000e+00,4.740635088500705585e+00,inf,0.000000000000000000e+00,2.288964688777923584e-01,1.606395095586776733e-01,1.514017283916473389e-01,1.224101334810256958e-01,2.927668206393718719e-02,5.754493921995162964e-02
1.800000000000001321e-01,5.817737915058618370e-01,-5.669642558116583242e-03,7.714613572648628681e-01,0.000000000000000000e+00,4.294465974211437498e+00,inf,0.000000000000000000e+00,2.705730795860290527e-01,1.875182539224624634e-01,1.621647328138351440e-01,1.537420451641082764e-01,1.950147189199924469e-02,2.675685845315456390e-02
2.000000000000001499e-01,5.801464301407173174e-01,-4.249037576278980044e-03,8.209843933619392908e-01,0.000000000000000000e+00,4.257101842692810223e+00,inf,0.000000000000000000e+00,3.401500284671783447e-01,3.008071482181549072e-01,2.409059256315231323e-01,2.550762593746185303e-01,7.808149605989456177e-02,2.443321980535984039e-03
2.200000000000001676e-01,5.747856437763011472e-01,-3.424698174594897893e-03,9.063877309118900660e-01,0.000000000000000000e+00,4.277756085150591581e+00,inf,0.000000000000000000e+00,2.612198889255523682e-01,3.192874193191528320e-01,2.622150182723999023e-01,2.930514812469482422e-01,1.447897702455520630e-01,3.135949745774269104e-02
2.400000000000001854e-01,5.676475495786037495e-01,9.011876661619844242e-04,9.728221276050003086e-01,0.000000000000000000e+00,4.095539044604458390e+00,inf,0.000000000000000000e+00,2.102547883987426758e-01,2.343527227640151978e-01,2.153658866882324219e-01,2.528282105922698975e-01,1.311874538660049438e-01,1.675999723374843597e-02
2.600000000000001754e-01,5.627056917451279672e-01,9.043941252606657599e-03,9.900526229436469317e-01,0.000000000000000000e+00,3.764144074128267459e+00,inf,0.000000000000000000e+00,2.068751603364944458e-01,2.213627547025680542e-01,2.113334834575653076e-01,2.569190561771392822e-01,1.220437362790107727e-01,1.537193730473518372e-02
2.800000000000001932e-01,5.615547338811410771e-01,1.867565302222051749e-02,9.682113165736596638e-01,0.000000000000000000e+00,3.367148318071537805e+00,inf,0.000000000000000000e+00,2.099413275718688965e-01,1.932239085435867310e-01,2.008511424064636230e-01,2.544472515583038330e-01,9.062802046537399292e-02,5.113428458571434021e-03
3.000000000000002109e-01,5.643693322649860900e-01,2.731309668830572690e-02,9.305364519773460241e-01,0.000000000000000000e+00,3.016965958060486397e+00,inf,0.000000000000000000e+00,2.743229866027832031e-01,1.768537014722824097e-01,1.841057837009429932e-01,2.313013970851898193e-01,3.001287579536437988e-02,-8.012817241251468658e-03
3.200000000000002287e-01,5.698437465775889610e-01,3.489659501907765859e-02,8.792184192712599877e-01,0.000000000000000000e+00,2.633226187491559234e+00,inf,0.000000000000000000e+00,2.505213320255279541e-01,1.320134997367858887e-01,1.356664448976516724e-01,1.712081432342529297e-01,-1.558512076735496521e-02,-1.253988302778452635e-04
3.400000000000002465e-01,5.763456973103912029e-01,4.323840101108478162e-02,7.908501623815168413e-01,0.000000000000000000e+00,2.158196845923637142e+00,inf,0.000000000000000000e+00,2.122192084789276123e-01,7.314225286245346069e-02,7.592765241861343384e-02,8.632461726665496826e-02,-5.075670033693313599e-02,-4.762088065035641193e-04
3.600000000000002642e-01,5.829826969711396911e-01,5.247776613820626102e-02,6.578320747691233095e-01,0.000000000000000000e+00,1.615116775315972086e+00,inf,0.000000000000000000e+00,1.609484106302261353e-01,7.942360825836658478e-03,6.512153428047895432e-03,-4.811411257833242416e-03,-7.885351032018661499e-02,-1.828387007117271423e-02
3.800000000000002820e-01,5.893182222236208467e-01,6.119657575362474899e-02,4.930812968443810118e-01,0.000000000000000000e+00,1.080629846492615842e+00,inf,0.000000000000000000e+00,1.191348508000373840e-01,-4.916904028505086899e-03,-2.857772633433341980e-02,-5.833120271563529968e-02,-8.005323261022567749e-02,-2.401708811521530151e-02
4.000000000000002998e-01,5.950449046191881308e-01,6.789754514647838857e-02,3.287467327797944927e-01,0.000000000000000000e+00,6.461467380741459099e-01,inf,0.000000000000000000e+00,1.159998625516891479e-01,7.403317838907241821e-03,-2.886071614921092987e-02,-6.631319224834442139e-02,-7.354311645030975342e-02,-2.936307154595851898e-02
4.200000000000003175e-01,6.010655409081981926e-01,7.099521790557844492e-02,2.095794191666979778e-01,0.000000000000000000e+00,4.062242291891521306e-01,inf,0.000000000000000000e+00,1.518525630235671997e-01,3.980552032589912415e-02,-3.324100514873862267e-03,-3.214308246970176697e-02,-6.798347085714340210e-02,-4.067710787057876587e-02
4.400000000000003353e-01,6.080574807166369000e-01,6.923705786506079152e-02,1.740994510261900108e-01,0.000000000000000000e+00,4.051640880254094301e-01,inf,0.000000000000000000e+00,2.266308814287185669e-01,1.155063658952713013e-01,7.762170583009719849e-02,7.516737282276153564e-02,-4.095936939120292664e-02,-4.588590189814567566e-02
4.600000000000003531e-01,6.132440127701096477e-01,6.387250096939273147e-02,2.229894310052895068e-01,0.000000000000000000e+00,5.691107929457607240e-01,inf,0.000000000000000000e+00,2.516382038593292236e-01,2.606442570686340332e-01,2.075458317995071411e-01,2.449567466974258423e-01,7.691960036754608154e-02,-1.251280214637517929e-02
4.800000000000003708e-01,6.128976448475838001e-01,5.935050113303802499e-02,3.083308803341892057e-01,0.000000000000000000e+00,7.045036664553537831e-01,inf,0.000000000000000000e+00,1.764334887266159058e-01,2.392423897981643677e-01,2.142160236835479736e-01,2.353795170783996582e-01,1.111691594123840332e-01,3.116966597735881805e-02
5.000000000000003331e-01,6.092384970198663208e-01,5.918524335659230973e-02,3.582790823132450120e-01,0.000000000000000000e+00,7.177772819761483181e-01,inf,0.000000000000000000e+00,1.836584508419036865e-01,2.149378508329391479e-01,2.043791413307189941e-01,2.436040788888931274e-01,1.103014051914215088e-01,1.312432903796434402e-02
5.200000000000003508e-01,6.070619892471057488e-01,6.107360390227523084e-02,3.696140118644485884e-01,0.000000000000000000e+00,6.904391589398575224e-01,inf,0.000000000000000000e+00,2.693381905555725098e-01,2.415083050727844238e-01,2.294068634510040283e-01,2.774481475353240967e-01,8.594517409801483154e-02,-1.161656901240348816e-02
5.400000000000003686e-01,6.076388487110151448e-01,6.282610681512651452e-02,3.601578167119451335e-01,0.000000000000000000e+00,6.261343484995488540e-01,inf,0.000000000000000000e+00,3.041466176509857178e-01,2.515827119350433350e-01,1.806618720293045044e-01,1.642445027828216553e-01,1.579490862786769867e-02,-2.457680180668830872e-03
5.600000000000003864e-01,6.094231357068529142e-01,6.541920535145767657e-02,3.020982800273275815e-01,0.000000000000000000e+00,4.380514067595426275e-01,inf,0.000000000000000000e+00,2.130183279514312744e-01,1.449149698019027710e-01,8.798624575138092041e-02,1.783605664968490601e-02,-3.908907622098922729e-02,1.416649390012025833e-02
5.800000000000004041e-01,6.109094412831237442e-01,6.883322366796379432e-02,1.749059614108888772e-01,0.000000000000000000e+00,1.540484598174984565e-01,inf,0.000000000000000000e+00,1.682591736316680908e-01,7.480416446924209595e-02,1.429387461394071579e-02,-3.208509087562561035e-02,-7.263107597827911377e-02,-1.951058767735958099e-02
6.000000000000004219e-01,6.120613646356305448e-01,6.995126549736641053e-02,5.120129440452226080e-03,0.000000000000000000e+00,-1.421400204529019995e-01,inf,0.000000000000000000e+00,1.666291058063507080e-01,7.840347290039062500e-02,-1.287107262760400772e-02,-4.007095471024513245e-02,-7.466227561235427856e-02,-4.094256088137626648e-02
6.200000000000004396e-01,6.136283922752127085e-01,6.639044638387797681e-02,-1.588573225215779983e-01,0.000000000000000000e+00,-3.749407624055235977e-01,inf,0.000000000000000000e+00,1.619523316621780396e-01,8.983135968446731567e-02,-1.239040773361921310e-02,-5.136748030781745911e-02,-7.210394740104675293e-02,-4.245639592409133911e-02
6.400000000000004574e-01,6.162071910481533576e-01,5.892680109569869984e-02,-2.876827459303568091e-01,0.000000000000000000e+00,-5.316175984862451243e-01,inf,0.000000000000000000e+00,1.341614574193954468e-01,7.521197199821472168e-02,-1.523580588400363922e-02,-8.916050195693969727e-02,-7.406541705131530762e-02,-3.228746354579925537e-02
6.600000000000004752e-01,6.192183806019875281e-01,4.998729105102522885e-02,-3.883659091143915609e-01,0.000000000000000000e+00,-6.541442675460119593e-01,inf,0.000000000000000000e+00,8.482001721858978271e-02,2.915182150900363922e-02,-4.278706014156341553e-02,-1.346748769283294678e-01,-8.561421930789947510e-02,-1.291143707931041718e-02
6.800000000000004929e-01,6.217748549582723383e-01,4.096902680457198409e-02,-4.766357110702752475e-01,0.000000000000000000e+00,-7.565696437225086779e-01,inf,0.000000000000000000e+00,6.000158190727233887e-02,1.739311963319778442e-03,-6.143470108509063721e-02,-1.482596695423126221e-01,-9.209242463111877441e-02,-4.475608468055725098e-03
7.000000000000005107e-01,6.237959746325605348e-01,3.176474494183600950e-02,-5.517288596622681451e-01,0.000000000000000000e+00,-8.272447643050748756e-01,inf,0.000000000000000000e+00,4.669363424181938171e-02,-4.289316013455390930e-03,-6.993956863880157471e-02,-1.484177410602569580e-01,-9.215202927589416504e-02,-2.229691948741674423e-03
7.200000000000005285e-01,6.276600927804361074e-01,2.092886151279049756e-02,-5.784247100678252540e-01,0.000000000000000000e+00,-7.928312974683967562e-01,inf,0.000000000000000000e+00,1.161506250500679016e-01,7.831250876188278198e-02,-2.259408496320247650e-02,-9.590741246938705444e-02,-7.097455859184265137e-02,-4.070838913321495056e-03
7.400000000000005462e-01,6.352351414290592357e-01,8.779823907511530301e-03,-5.336153270145348460e-01,0.000000000000000000e+00,-6.643410414787677132e-01,inf,0.000000000000000000e+00,2.751257717609405518e-01,2.655619680881500244e-01,1.288087964057922363e-01,7.694892585277557373e-02,1.673624292016029358e-02,9.227667935192584991e-03
7.600000000000005640e-01,6.457408432115127050e-01,-2.999335662697777405e-03,-4.235794847622801340e-01,0.000000000000000000e+00,-4.648740753642630619e-01,inf,0.000000000000000000e+00,2.500945627689361572e-01,3.144289255142211914e-01,1.967613101005554199e-01,1.867317408323287964e-01,9.218560159206390381e-02,2.287445217370986938e-02
7.800000000000005818e-01,6.568587882418921442e-01,-1.299955063029306634e-02,-2.622527298078922153e-01,0.000000000000000000e+00,-2.203488532037725101e-01,inf,0.000000000000000000e+00,2.191422581672668457e-01,3.107079863548278809e-01,2.200386226177215576e-01,2.245266437530517578e-01,1.181322112679481506e-01,3.195757791399955750e-02
8.000000000000005995e-01,6.670888466822640916e-01,-2.039309812782202913e-02,-6.724165700052030237e-02,0.000000000000000000e+00,3.902628846916504635e-02,inf,0.000000000000000000e+00,2.139192968606948853e-01,3.006125390529632568e-01,2.232537716627120972e-01,2.336359322071075439e-01,1.223568022251129150e-01,3.072968311607837677e-02
8.200000000000006173e-01,6.759334769220055605e-01,-2.437168429616126675e-02,1.333014034318349972e-01,0.000000000000000000e+00,2.713178116190699818e-01,inf,0.000000000000000000e+00,2.239170223474502563e-01,2.890914082527160645e-01,2.229371368885040283e-01,2.358601242303848267e-01,1.212805435061454773e-01,2.896030619740486145e-02
8.400000000000006350e-01,6.836347701680446365e-01,-2.481043564361312681e-02,3.022045530983730743e-01,0.000000000000000000e+00,4.363451521305788394e-01,inf,0.000000000000000000e+00,2.364077568054199219e-01,2.690867483615875244e-01,2.160668224096298218e-01,2.178126871585845947e-01,1.104565262794494629e-01,2.981041744351387024e-02
8.600000000000006528e-01,6.906147546216540034e-01,-2.334218472329629979e-02,4.299467199768721160e-01,0.000000000000000000e+00,5.563576880275903358e-01,inf,0.000000000000000000e+00,2.948837578296661377e-01,2.746723890304565430e-01,2.153983563184738159e-01,1.894565820693969727e-01,8.450643718242645264e-02,3.740204870700836182e-02
8.800000000000006706e-01,6.969430476725537726e-01,-2.108842936641824872e-02,5.235954665961313204e-01,0.000000000000000000e+00,6.329431720336131661e-01,inf,0.000000000000000000e+00,2.985425591468811035e-01,2.564747333526611328e-01,1.979581713676452637e-01,1.443130522966384888e-01,6.259721517562866211e-02,5.116508156061172485e-02
9.000000000000006883e-01,7.026707180257562024e-01,-1.785496789339058310e-02,5.872673120630960142e-01,0.000000000000000000e+00,6.787234094517382577e-01,inf,0.000000000000000000e+00,2.845396101474761963e-01,2.424866706132888794e-01,1.801676899194717407e-01,1.101086735725402832e-01,5.121350288391113281e-02,6.591895222663879395e-02
9.200000000000007061e-01,7.076353195469696766e-01,-1.475881284858637787e-02,6.531313926492882116e-01,0.000000000000000000e+00,7.494605539559857643e-01,inf,0.000000000000000000e+00,3.162636756896972656e-01,2.790377736091613770e-01,2.042094916105270386e-01,1.403351128101348877e-01,6.260347366333007812e-02,6.618397682905197144e-02
9.400000000000007239e-01,7.114479479502983095e-01,-1.276120902505584187e-02,7.549217943664927599e-01,0.000000000000000000e+00,8.646964614487252510e-01,inf,0.000000000000000000e+00,3.283137381076812744e-01,3.441925346851348877e-01,2.581313550472259521e-01,2.535909116268157959e-01,1.208172962069511414e-01,4.963406175374984741e-02
9.600000000000007416e-01,7.135920910431350350e-01,-1.013707722829637614e-02,8.891623024541187581e-01,0.000000000000000000e+00,9.953278511885769175e-01,inf,0.000000000000000000e+00,2.818927764892578125e-01,3.402096331119537354e-01,2.676375508308410645e-01,2.888516485691070557e-01,1.499320417642593384e-01,4.063303396105766296e-02
9.800000000000007594e-01,7.143516354699170900e-01,-5.248538408448466530e-03,1.029919283341971692e+00,0.000000000000000000e+00,1.114563983306633865e+00,inf,0.000000000000000000e+00,2.708008885383605957e-01,3.219033181667327881e-01,2.655036449432373047e-01,2.968456447124481201e-01,1.540751010179519653e-01,3.253182023763656616e-02
1.000000000000000666e+00,7.144586923254571120e-01,1.315042441027647335e-03,1.163004429575770216e+00,0.000000000000000000e+00,1.220931643185140469e+00,inf,0.000000000000000000e+00,2.809942662715911865e-01,3.253791332244873047e-01,2.720598876476287842e-01,3.136264681816101074e-01,1.543510705232620239e-01,2.746755816042423248e-02
1.019999999999998463e+00,7.144846701728513327e-01,8.631627016406184794e-03,1.285831520076842871e+00,0.000000000000000000e+00,1.259359841501260791e+00,inf,0.000000000000000000e+00,2.835223078727722168e-01,3.225975632667541504e-01,2.736149132251739502e-01,3.218201100826263428e-01,1.502853333950042725e-01,2.409422583878040314e-02
1.039999999999996261e+00,7.149626621115294789e-01,1.636229966921359802e-02,1.392836390560660442e+00,0.000000000000000000e+00,1.221224696315364344e+00,inf,0.000000000000000000e+00,2.858301103115081787e-01,3.142918944358825684e-01,2.734285891056060791e-01,3.217829465866088867e-01,1.453120112419128418e-01,2.464001998305320740e-02
1.059999999999994058e+00,7.157580443709440354e-01,2.435665241216966592e-02,1.482600000385811967e+00,0.000000000000000000e+00,1.124559668211194685e+00,inf,0.000000000000000000e+00,2.921262979507446289e-01,3.080595731735229492e-01,2.745452225208282471e-01,3.168800473213195801e-01,1.414308547973632812e-01,3.433765843510627747e-02
1.079999999999991855e+00,7.166813850371933636e-01,3.280588464986128328e-02,1.552812350256911333e+00,0.000000000000000000e+00,9.946983433256291196e-01,inf,0.000000000000000000e+00,2.808137238025665283e-01,2.912078797817230225e-01,2.653453648090362549e-01,2.976383566856384277e-01,1.338709145784378052e-01,4.818215221166610718e-02
1.099999999999989653e+00,7.178115278945255140e-01,4.215976048144742805e-02,1.598006658490892740e+00,0.000000000000000000e+00,9.140008145595571731e-01,inf,0.000000000000000000e+00,2.645800113677978516e-01,2.632939219474792480e-01,2.463430911302566528e-01,2.743619382381439209e-01,1.215327680110931396e-01,4.995965585112571716e-02
1.119999999999987450e+00,7.188628633168987481e-01,5.184612331585497502e-02,1.626343210144669538e+00,0.000000000000000000e+00,8.920187071269538581e-01,inf,0.000000000000000000e+00,2.800951600074768066e-01,2.607675492763519287e-01,2.422914206981658936e-01,2.710756957530975342e-01,1.116937473416328430e-01,4.277631640434265137e-02
1.139999999999985247e+00,7.188983085705844545e-01,6.037987051400772742e-02,1.657284428235624940e+00,0.000000000000000000e+00,9.082074337333750913e-01,inf,0.000000000000000000e+00,2.941485941410064697e-01,2.799348235130310059e-01,2.567492127418518066e-01,2.917142808437347412e-01,1.154010444879531860e-01,3.609029576182365417e-02
1.159999999999983045e+00,7.171713080198629520e-01,6.742295351999305630e-02,1.697279381086474359e+00,0.000000000000000000e+00,9.554252394942658322e-01,inf,0.000000000000000000e+00,2.829355001449584961e-01,2.884319722652435303e-01,2.647857964038848877e-01,3.112108409404754639e-01,1.295393109321594238e-01,2.895919792354106903e-02
1.179999999999980842e+00,7.139165007479639780e-01,7.408980618953586728e-02,1.735902310565149209e+00,0.000000000000000000e+00,9.748385762347316907e-01,inf,0.000000000000000000e+00,2.708451151847839355e-01,2.832399308681488037e-01,2.606989741325378418e-01,3.113134503364562988e-01,1.337461918592453003e-01,2.431022375822067261e-02
1.199999999999978639e+00,7.105174163746205140e-01,8.150636205091099651e-02,1.759808554434230343e+00,0.000000000000000000e+00,9.105743967064419131e-01,inf,0.000000000000000000e+00,2.606819868087768555e-01,2.670854330062866211e-01,2.533310949802398682e-01,3.026297390460968018e-01,1.273582428693771362e-01,2.535984106361865997e-02
1.219999999999976437e+00,7.082646967593868581e-01,9.026040108190935829e-02,1.762223019775055022e+00,0.000000000000000000e+00,8.130387457489625103e-01,inf,0.000000000000000000e+00,2.624026536941528320e-01,2.449135929346084595e-01,2.449603378772735596e-01,2.919082343578338623e-01,1.077658087015151978e-01,2.623324468731880188e-02
1.239999999999974234e+00,7.077356969245595097e-01,1.000990125711588852e-01,1.747560578627171068e+00,0.000000000000000000e+00,7.507477388522257877e-01,inf,0.000000000000000000e+00,2.924115955829620361e-01,2.236398607492446899e-01,2.348834276199340820e-01,2.770838737487792969e-01,7.258203625679016113e-02,2.260255999863147736e-02
1.259999999999972031e+00,7.087126729338795172e-01,1.102669396373009980e-01,1.723008013933901239e+00,0.000000000000000000e+00,7.268658615055586525e-01,inf,0.000000000000000000e+00,3.128377795219421387e-01,2.100093364715576172e-01,2.235677391290664673e-01,2.628560960292816162e-01,4.238936305046081543e-02,2.344419620931148529e-02
1.279999999999969829e+00,7.101381183858882506e-01,1.204387448180970210e-01,1.690040969407474725e+00,0.000000000000000000e+00,7.255125941997350170e-01,inf,0.000000000000000000e+00,3.157237172126770020e-01,1.986902952194213867e-01,2.132595479488372803e-01,2.484996020793914795e-01,2.696983888745307922e-02,2.183599583804607391e-02
1.299999999999967626e+00,7.111846100544629845e-01,1.301915026537803222e-01,1.651241640781290876e+00,0.000000000000000000e+00,7.229782884271318544e-01,inf,0.000000000000000000e+00,3.275783956050872803e-01,2.017766833305358887e-01,2.126244604587554932e-01,2.376049458980560303e-01,2.346206828951835632e-02,1.552452985197305679e-02
1.319999999999965423e+00,7.116342634671541933e-01,1.391420861092941830e-01,1.610618085812608902e+00,0.000000000000000000e+00,7.441036110129742864e-01,inf,0.000000000000000000e+00,3.321508467197418213e-01,2.068625688552856445e-01,2.156375646591186523e-01,2.272712439298629761e-01,2.777674049139022827e-02,1.312842685729265213e-02
1.339999999999963221e+00,7.115996292985676819e-01,1.477225286867889786e-01,1.564596109039583904e+00,0.000000000000000000e+00,8.025732010018473694e-01,inf,0.000000000000000000e+00,3.210210204124450684e-01,1.992526352405548096e-01,2.096837013959884644e-01,2.126288264989852905e-01,3.017308376729488373e-02,1.361811719834804535e-02
1.359999999999961018e+00,7.115092653869939943e-01,1.567498984686488406e-01,1.506171014717632373e+00,0.000000000000000000e+00,8.898424869451545538e-01,inf,0.000000000000000000e+00,3.121125400066375732e-01,1.835769712924957275e-01,1.950071752071380615e-01,1.959194093942642212e-01,2.060789801180362701e-02,1.037112157791852951e-02
1.379999999999958815e+00,7.121051277739569585e-01,1.665090098499280025e-01,1.434120009116126360e+00,0.000000000000000000e+00,9.834238717872346713e-01,inf,0.000000000000000000e+00,3.146120309829711914e-01,1.719665825366973877e-01,1.756717413663864136e-01,1.765492111444473267e-01,3.369019250385463238e-04,1.343106850981712341e-03
1.399999999999956612e+00,7.138916617937943743e-01,1.767826501424786256e-01,1.349549244195863862e+00,0.000000000000000000e+00,1.045938388155511323e+00,inf,0.000000000000000000e+00,3.096320629119873047e-01,1.616878062486648560e-01,1.471451222896575928e-01,1.448593437671661377e-01,-2.196063660085201263e-02,-1.070400513708591461e-02
1.419999999999954410e+00,7.166707049318010725e-01,1.873159174881313671e-01,1.248004197011426841e+00,0.000000000000000000e+00,1.024070863229764594e+00,inf,0.000000000000000000e+00,2.847928702831268311e-01,1.425554305315017700e-01,1.106545776128768921e-01,9.678975492715835571e-02,-4.105320572853088379e-02,-1.659608073532581329e-02
1.439999999999952207e+00,7.198115285127312246e-01,1.977860879201561728e-01,1.121006700517883869e+00,0.000000000000000000e+00,8.776607228731309052e-01,inf,0.000000000000000000e+00,2.406773865222930908e-01,1.097853481769561768e-01,6.579858064651489258e-02,3.474964201450347900e-02,-5.578597262501716614e-02,-1.702671870589256287e-02
1.459999999999950004e+00,7.230696747186020623e-01,2.075902330935986972e-01,9.642197978063939967e-01,0.000000000000000000e+00,6.267238724302193198e-01,inf,0.000000000000000000e+00,1.893156915903091431e-01,7.166238874197006226e-02,1.918233186006546021e-02,-2.278126776218414307e-02,-6.749087572097778320e-02,-1.952810399234294891e-02
1.479999999999947802e+00,7.272217834449498097e-01,2.155713317036885845e-01,7.919269110620906771e-01,0.000000000000000000e+00,3.811726293221288087e-01,inf,0.000000000000000000e+00,1.622327268123626709e-01,5.723482370376586914e-02,-5.694952793419361115e-03,-5.001019313931465149e-02,-7.224904745817184448e-02,-2.366343513131141663e-02
1.499999999999945599e+00,7.335358310368449430e-01,2.208124941833010668e-01,6.402038720505563996e-01,0.000000000000000000e+00,2.297656070208610180e-01,inf,0.000000000000000000e+00,1.643771529197692871e-01,7.099913805723190308e-02,-5.208866205066442490e-03,-5.025852844119071960e-02,-7.306352257728576660e-02,-2.821036241948604584e-02
1.519999999999943396e+00,7.431643937865715088e-01,2.235710496917450163e-01,5.507383313671450065e-01,0.000000000000000000e+00,1.766849344542669731e-01,inf,0.000000000000000000e+00,2.093745917081832886e-01,1.227302551269531250e-01,3.262417018413543701e-02,-1.201078388839960098e-02,-6.516766548156738281e-02,-3.207302466034889221e-02
1.539999999999941194e+00,7.554385798787572881e-01,2.246032342934231041e-01,5.461626010158960876e-01,0.000000000000000000e+00,2.368106017060720991e-01,inf,0.000000000000000000e+00,3.250783383846282959e-01,2.518099546432495117e-01,1.510797441005706787e-01,1.116850674152374268e-01,-1.760911568999290466e-02,-1.737736910581588745e-02
1.559999999999938991e+00,7.671410918211921670e-01,2.235573123844815102e-01,6.235135063669341449e-01,0.000000000000000000e+00,4.408235989750973194e-01,inf,0.000000000000000000e+00,3.134496212005615234e-01,3.300122618675231934e-01,2.315282076597213745e-01,2.348238378763198853e-01,8.327177911996841431e-02,1.654701307415962219e-02
1.579999999999936788e+00,7.742436069313727298e-01,2.211486561842478382e-01,7.393662030766453563e-01,0.000000000000000000e+00,7.050797926740134391e-01,inf,0.000000000000000000e+00,2.364193946123123169e-01,3.023126423358917236e-01,2.428307831287384033e-01,2.579883337020874023e-01,1.191588193178176880e-01,3.744705021381378174e-02
1.599999999999934586e+00,7.767945425186915109e-01,2.196456915400168963e-01,8.294131120697497694e-01,0.000000000000000000e+00,9.466953692293231803e-01,inf,0.000000000000000000e+00,2.587834298610687256e-01,3.043422102928161621e-01,2.572015821933746338e-01,2.720205783843994141e-01,1.282887011766433716e-01,3.244430571794509888e-02
1.619999999999932383e+00,7.788769503716470588e-01,2.193479388620386272e-01,8.859855271891970974e-01,0.000000000000000000e+00,1.138031753108737609e+00,inf,0.000000000000000000e+00,3.357257544994354248e-01,3.352934718132019043e-01,2.648405432701110840e-01,2.538565993309020996e-01,1.054729670286178589e-01,3.656895458698272705e-02
1.639999999999930180e+00,7.811412497131304811e-01,2.199875113643866564e-01,9.041235967777787597e-01,0.000000000000000000e+00,1.238704243288191620e+00,inf,0.000000000000000000e+00,3.291509151458740234e-01,2.778332829475402832e-01,2.006265521049499512e-01,1.239967644214630127e-01,4.174466431140899658e-02,5.138595029711723328e-02
1.659999999999927978e+00,7.819282567716427934e-01,2.214319050789841370e-01,8.566583110897727504e-01,0.000000000000000000e+00,1.246258178076845358e+00,inf,0.000000000000000000e+00,2.532115578651428223e-01,1.841335296630859375e-01,1.229706853628158569e-01,4.070360958576202393e-02,-1.853805035352706909e-02,3.736538067460060120e-02
1.679999999999925775e+00,7.808973341150733383e-01,2.220328169109725414e-01,7.389790239748200706e-01,0.000000000000000000e+00,1.186222267399264840e+00,inf,0.000000000000000000e+00,2.081973701715469360e-01,1.300147771835327148e-01,5.332624912261962891e-02,-7.180289365351200104e-03,-5.189961567521095276e-02,-3.968650940805673599e-03
1.699999999999923572e+00,7.803523342089128123e-01,2.190232978350696857e-01,5.967499524167533265e-01,0.000000000000000000e+00,1.118415256340020925e+00,inf,0.000000000000000000e+00,2.216845899820327759e-01,1.521142870187759399e-01,4.002812877297401428e-02,-5.405817646533250809e-03,-4.805277660489082336e-02,-3.072647377848625183e-02
1.719999999999921370e+00,7.828297418124858797e-01,2.122006076219535853e-01,4.885488108577845656e-01,0.000000000000000000e+00,1.029306295847741470e+00,inf,0.000000000000000000e+00,2.206946611404418945e-01,1.582179218530654907e-01,4.762516543269157410e-02,-1.582984067499637604e-02,-4.614857956767082214e-02,-3.041441738605499268e-02
1.739999999999919167e+00,7.887281248535753519e-01,2.034916603427159298e-01,4.375570024949348436e-01,0.000000000000000000e+00,9.286025720023652896e-01,inf,0.000000000000000000e+00,2.168210744857788086e-01,1.605268120765686035e-01,5.588426813483238220e-02,-3.397135436534881592e-02,-4.285125434398651123e-02,1.989395590499043465e-03
1.759999999999916964e+00,7.979113932683511434e-01,1.950714617170914433e-01,4.508917042366135663e-01,0.000000000000000000e+00,8.345081996585881345e-01,inf,0.000000000000000000e+00,2.279330193996429443e-01,1.837106496095657349e-01,9.035353362560272217e-02,-8.398140780627727509e-04,-1.224727649241685867e-02,3.549194335937500000e-02
1.779999999999914762e+00,8.095893292050806433e-01,1.885567771329739184e-01,5.298166278821184738e-01,0.000000000000000000e+00,7.631445094847433275e-01,inf,0.000000000000000000e+00,2.546105980873107910e-01,2.460981756448745728e-01,1.653874665498733521e-01,1.179932802915573120e-01,4.817941412329673767e-02,4.882247745990753174e-02
1.799999999999912559e+00,8.213350732370304774e-01,1.848791884646474593e-01,6.635773840200518414e-01,0.000000000000000000e+00,7.132230598322186754e-01,inf,0.000000000000000000e+00,2.540750205516815186e-01,3.055824339389801025e-01,2.267682105302810669e-01,2.195604741573333740e-01,1.082607060670852661e-01,5.224634706974029541e-02
1.819999999999910356e+00,8.310106238393428768e-01,1.841416974138380125e-01,8.300684795205497402e-01,0.000000000000000000e+00,6.972309544655910241e-01,inf,0.000000000000000000e+00,2.600745856761932373e-01,3.345668613910675049e-01,2.529620230197906494e-01,2.624778151512145996e-01,1.355745047330856323e-01,4.307208210229873657e-02
1.839999999999908153e+00,8.377735598909210601e-01,1.857584928799225210e-01,1.007181074846754010e+00,0.000000000000000000e+00,7.269969409017517092e-01,inf,0.000000000000000000e+00,2.740206718444824219e-01,3.446952104568481445e-01,2.615694105625152588e-01,2.803967893123626709e-01,1.446249485015869141e-01,3.768243640661239624e-02
1.859999999999905951e+00,8.419827227515830348e-01,1.892808403991480537e-01,1.172108605038677975e+00,0.000000000000000000e+00,7.678211706044819618e-01,inf,0.000000000000000000e+00,2.851928770542144775e-01,3.438731133937835693e-01,2.630184590816497803e-01,2.846168577671051025e-01,1.414809972047805786e-01,3.293448686599731445e-02
1.879999999999903748e+00,8.447213669261208757e-01,1.939673315442294044e-01,1.314378134150357091e+00,0.000000000000000000e+00,8.199200965102980687e-01,inf,0.000000000000000000e+00,3.118979930877685547e-01,3.484060168266296387e-01,2.692716121673583984e-01,2.861270606517791748e-01,1.343928575515747070e-01,3.289357572793960571e-02
1.899999999999901545e+00,8.467931946379455566e-01,1.991220565469322690e-01,1.435268833041404735e+00,0.000000000000000000e+00,8.776169106768975103e-01,inf,0.000000000000000000e+00,3.371583521366119385e-01,3.435113131999969482e-01,2.662211656570434570e-01,2.663993239402770996e-01,1.176453903317451477e-01,4.110406339168548584e-02
1.919999999999899343e+00,8.483746996388277228e-01,2.048967771447669506e-01,1.532150832940848639e+00,0.000000000000000000e+00,8.837201101551976912e-01,inf,0.000000000000000000e+00,3.364726006984710693e-01,3.138320147991180420e-01,2.497554272413253784e-01,2.257432341575622559e-01,9.649445116519927979e-02,5.726046487689018250e-02
1.939999999999897140e+00,8.492388440070912647e-01,2.112930541052473465e-01,1.606826888210045601e+00,0.000000000000000000e+00,8.284522687631410420e-01,inf,0.000000000000000000e+00,3.337899446487426758e-01,3.027578294277191162e-01,2.421913743019104004e-01,1.995265930891036987e-01,8.817989379167556763e-02,7.365269213914871216e-02
1.959999999999894937e+00,8.493040519193351123e-01,2.172350534359349661e-01,1.681444760599909438e+00,0.000000000000000000e+00,7.677571245814140966e-01,inf,0.000000000000000000e+00,3.491442799568176270e-01,3.224088847637176514e-01,2.572430372238159180e-01,2.248943597078323364e-01,9.849518537521362305e-02,7.393833249807357788e-02
1.979999999999892735e+00,8.481977372624572853e-01,2.218502017289101236e-01,1.777364508287230693e+00,0.000000000000000000e+00,7.394580767550329448e-01,inf,0.000000000000000000e+00,3.414542675018310547e-01,3.499999940395355225e-01,2.886754274368286133e-01,3.022172152996063232e-01,1.412317007780075073e-01,5.510933697223663330e-02
1.999999999999890532e+00,8.450448711729676710e-01,2.256500870365051314e-01,1.890732477401260603e+00,0.000000000000000000e+00,7.275902161374376842e-01,inf,0.000000000000000000e+00,3.142876625061035156e-01,3.499999940395355225e-01,2.897844910621643066e-01,3.222172260284423828e-01,1.566326171159744263e-01,4.027298837900161743e-02
2.019999999999888551e+00,8.399899857954045146e-01,2.295051133459046211e-01,2.005887876480911824e+00,-2.922311763694631498e-02,7.243525980307885526e-01,inf,1.000000000000000000e+00,3.055129051208496094e-01,3.439729809761047363e-01,2.864698767662048340e-01,3.256427645683288574e-01,1.569823324680328369e-01,3.358085080981254578e-02
2.039999999999886349e+00,8.339554621604234885e-01,2.334228591124558605e-01,2.117469973464705113e+00,-4.234907978311656940e-02,7.352908998192637657e-01,inf,1.000000000000000000e+00,3.166797459125518799e-01,3.495047390460968018e-01,2.949901521205902100e-01,3.393635153770446777e-01,1.574500948190689087e-01,3.215719014406204224e-02
2.059999999999884146e+00,8.278714973432100832e-01,2.375778414330116384e-01,2.221507888151776022e+00,-6.179144590677303206e-02,7.514928715889774846e-01,inf,1.000000000000000000e+00,3.183074891567230225e-01,3.453616499900817871e-01,2.971939742565155029e-01,3.425737321376800537e-01,1.542477160692214966e-01,3.359264880418777466e-02
2.079999999999881943e+00,8.221020460129531138e-01,2.423113778114730499e-01,2.312733748566410785e+00,-9.051629701559424368e-02,7.754302475129951633e-01,inf,1.000000000000000000e+00,3.241313397884368896e-01,3.404057919979095459e-01,3.006253838539123535e-01,3.400320112705230713e-01,1.493471264839172363e-01,4.271076247096061707e-02
2.099999999999879741e+00,8.163550569363704490e-01,2.477644070521100028e-01,2.386515417047295973e+00,-1.275606509769766639e-01,8.063005424808138422e-01,inf,1.000000000000000000e+00,3.212213516235351562e-01,3.274727463722229004e-01,2.973555624485015869e-01,3.274793028831481934e-01,1.409309357404708862e-01,5.483879894018173218e-02
2.119999999999877538e+00,8.103748536528316837e-01,2.540141747409685458e-01,2.439340180987361162e+00,-1.485707115602124262e-01,8.238089263001769913e-01,inf,1.000000000000000000e+00,3.178452849388122559e-01,3.114352226257324219e-01,2.893088459968566895e-01,3.155966401100158691e-01,1.302766948938369751e-01,5.750643834471702576e-02
2.139999999999875335e+00,8.041348089819366773e-01,2.604499267212121438e-01,2.476528865754525466e+00,-1.441788431158613493e-01,8.201490359298844179e-01,inf,1.000000000000000000e+00,3.280184268951416016e-01,3.109053671360015869e-01,2.887258529663085938e-01,3.155653476715087891e-01,1.227520406246185303e-01,5.390259623527526855e-02
2.159999999999873133e+00,7.977134787438361352e-01,2.660356981044719182e-01,2.508521672586313755e+00,-1.313054127606293753e-01,8.094211773005244304e-01,inf,1.000000000000000000e+00,3.351201415061950684e-01,3.199315071105957031e-01,2.941394448280334473e-01,3.239346444606781006e-01,1.242717877030372620e-01,4.878415167331695557e-02
2.179999999999870930e+00,7.910961962736661190e-01,2.704228619924570198e-01,2.539016918574443782e+00,-1.252949722250913667e-01,8.044124768542427750e-01,inf,1.000000000000000000e+00,3.290251791477203369e-01,3.234170675277709961e-01,2.967483103275299072e-01,3.305102884769439697e-01,1.307908296585083008e-01,4.468978941440582275e-02
2.199999999999868727e+00,7.841343438218431050e-01,2.742760837202008473e-01,2.562600255553040718e+00,-1.302156691106030606e-01,8.085130575921691820e-01,inf,1.000000000000000000e+00,3.188664615154266357e-01,3.156419992446899414e-01,2.925138175487518311e-01,3.279374539852142334e-01,1.311025023460388184e-01,4.239921644330024719e-02
2.219999999999866525e+00,7.769970082626149743e-01,2.787414915327157683e-01,2.572554029027323885e+00,-1.422534122389778888e-01,8.185445101991482009e-01,inf,1.000000000000000000e+00,3.159132003784179688e-01,3.003017008304595947e-01,2.852434813976287842e-01,3.199180662631988525e-01,1.203738525509834290e-01,4.135804623365402222e-02
2.239999999999864322e+00,7.700715633392598569e-01,2.844332629206451912e-01,2.568643331413893449e+00,-1.554087903664206904e-01,8.295073253053505402e-01,inf,1.000000000000000000e+00,3.344722390174865723e-01,2.862197756767272949e-01,2.794931232929229736e-01,3.100606501102447510e-01,9.779866784811019897e-02,3.884986415505409241e-02
2.259999999999862119e+00,7.637472726094650666e-01,2.911382618579967385e-01,2.555207858060467796e+00,-1.685176908042770594e-01,8.404314090035641671e-01,inf,1.000000000000000000e+00,3.499999940395355225e-01,2.782904505729675293e-01,2.770145535469055176e-01,3.033946454524993896e-01,7.324595749378204346e-02,3.740182518959045410e-02
2.279999999999859916e+00,7.576747205459896106e-01,2.983317226682535850e-01,2.533012175864645776e+00,-1.809071048615623345e-01,8.507559207179685723e-01,inf,1.000000000000000000e+00,3.499999940395355225e-01,2.706879675388336182e-01,2.720464766025543213e-01,2.974069118499755859e-01,5.829722434282302856e-02,3.516317903995513916e-02
2.299999999999857714e+00,7.514285695409029797e-01,3.055488729758938371e-01,2.501206345949732679e+00,-1.857562141815579937e-01,8.547968451512982790e-01,inf,1.000000000000000000e+00,3.499999940395355225e-01,2.676379382610321045e-01,2.678657770156860352e-01,2.895911633968353271e-01,5.183138325810432434e-02,3.060682117938995361e-02
2.319999999999855511e+00,7.449932495961226753e-01,3.125982313454362949e-01,2.460821793643463540e+00,-1.826215808199638524e-01,8.521846506833031798e-01,inf,1.000000000000000000e+00,3.499999940395355225e-01,2.658413052558898926e-01,2.638933360576629639e-01,2.771465778350830078e-01,4.926458373665809631e-02,2.756990864872932434e-02
2.339999999999853308e+00,7.385244813771916217e-01,3.196912839628971437e-01,2.412746785717838627e+00,-1.813398219733814987e-01,8.511165183111512045e-01,inf,1.000000000000000000e+00,3.499999940395355225e-01,2.585094869136810303e-01,2.571155726909637451e-01,2.606269121170043945e-01,4.521781206130981445e-02,2.718450874090194702e-02
2.359999999999851106e+00,7.321762952078818554e-01,3.271350709439708737e-01,2.357449286898015473e+00,-1.895025392960241473e-01,8.579187827466867589e-01,inf,1.000000000000000000e+00,3.499999940395355225e-01,2.498841136693954468e-01,2.497974336147308350e-01,2.475047856569290161e-01,3.794923424720764160e-02,2.688167057931423187e-02
2.379999999999848903e+00,7.261574829448925739e-01,3.349306547351391661e-01,2.296826168686545877e+00,-2.075381502757412122e-01,8.729484585631176463e-01,inf,1.000000000000000000e+00,3.499999940395355225e-01,2.472556829452514648e-01,2.446741610765457153e-01,2.413895726203918457e-01,2.943682298064231873e-02,2.431993000209331512e-02
2.399999999999846700e+00,7.207409391124273146e-01,3.428079348904539136e-01,2.234487535822897275e+00,-2.406464129230541926e-01,9.005386774358784541e-01,inf,1.000000000000000000e+00,3.499999940395355225e-01,2.523429989814758301e-01,2.420837432146072388e-01,2.383135557174682617e-01,2.223209664225578308e-02,1.939751207828521729e-02
2.419999999999844498e+00,7.161314866226209386e-01,3.505198449459245857e-01,2.173975370053430556e+00,-3.014534257895835068e-01,9.512111881579862205e-01,inf,1.000000000000000000e+00,3.499999940395355225e-01,2.625085711479187012e-01,2.415767461061477661e-01,2.333594411611557007e-01,1.802732795476913452e-02,1.474814955145120621e-02
2.439999999999842295e+00,7.123628922805341768e-01,3.579946284428903169e-01,2.117004679392274991e+00,-4.015155847825643276e-01,1.034596320652136914e+00,inf,1.000000000000000000e+00,3.499999940395355225e-01,2.739417552947998047e-01,2.425080090761184692e-01,2.249229997396469116e-01,1.744141988456249237e-02,1.407772116363048553e-02
2.459999999999840092e+00,7.093066281893738445e-01,3.652934500046353117e-01,2.062741509694793862e+00,-5.380660754538552082e-01,1.148388396211545981e+00,inf,1.000000000000000000e+00,3.499999940395355225e-01,2.811523079872131348e-01,2.430208921432495117e-01,2.132440358400344849e-01,1.850838214159011841e-02,1.845084503293037415e-02
2.479999999999837890e+00,7.067758788817107840e-01,3.725095323062467267e-01,2.008303457062994291e+00,-6.747592591747324509e-01,1.262299382645610368e+00,inf,1.000000000000000000e+00,3.499999940395355225e-01,2.806330919265747070e-01,2.403030395507812500e-01,2.005300819873809814e-01,1.768069714307785034e-02,2.473189495503902435e-02
2.499999999999835687e+00,7.047087314623667886e-01,3.796784175569273279e-01,1.951078991395401641e+00,-7.612810386656482242e-01,1.334400865554706828e+00,inf,1.000000000000000000e+00,3.499999940395355225e-01,2.769645154476165771e-01,2.337361127138137817e-01,1.892187893390655518e-01,1.378312241286039352e-02,2.864251099526882172e-02
2.519999999999833484e+00,7.032752392146585096e-01,3.867496381079571499e-01,1.891170997097437745e+00,-7.525438176323967499e-01,1.327119848026997229e+00,inf,1.000000000000000000e+00,3.499999940395355225e-01,2.760002911090850830e-01,2.247051000595092773e-01,1.776810288429260254e-01,8.427096530795097351e-03,2.810321561992168427e-02
2.539999999999831282e+00,7.027731240264208923e-01,3.936337150467136281e-01,1.831477645365339857e+00,-6.357828153632106849e-01,1.229819012802675582e+00,inf,1.000000000000000000e+00,3.499999940395355225e-01,2.790346145629882812e-01,2.153137177228927612e-01,1.628568470478057861e-01,4.269082564860582352e-03,2.500709705054759979e-02
2.559999999999829079e+00,7.034373318255129348e-01,4.002495894154158851e-01,1.776458668309837341e+00,-4.409005545991815933e-01,1.067417128832651274e+00,inf,1.000000000000000000e+00,3.499999940395355225e-01,2.860639691352844238e-01,2.092449367046356201e-01,1.478041410446166992e-01,3.164333058521151543e-03,2.280936576426029205e-02
2.579999999999826876e+00,7.053234869899720483e-01,4.065491901419836518e-01,1.731741773661123585e+00,-2.650665312879200708e-01,9.208887760732666905e-01,inf,1.000000000000000000e+00,3.499999940395355225e-01,2.996001839637756348e-01,2.116007655858993530e-01,1.415165364742279053e-01,6.143238861113786697e-03,2.320997975766658783e-02
2.599999999999824674e+00,7.083341260517725946e-01,4.125612509510364623e-01,1.704129431031446540e+00,-1.627000446791804222e-01,8.355833705659836408e-01,inf,1.000000000000000000e+00,3.499999940395355225e-01,3.237468004226684570e-01,2.255660742521286011e-01,1.517853140830993652e-01,1.504263933748006821e-02,2.555297315120697021e-02
2.619999999999822471e+00,7.122218260502919396e-01,4.183366714002489939e-01,1.698724801569365450e+00,-1.155474693181580415e-01,7.962895577651316614e-01,inf,1.000000000000000000e+00,3.499999940395355225e-01,3.499999940395355225e-01,2.479620128870010376e-01,1.783828735351562500e-01,3.304851800203323364e-02,2.759559452533721924e-02
2.639999999999820268e+00,7.164928997758046592e-01,4.237430596394208271e-01,1.712630072569217621e+00,-1.482100905948237624e-01,8.235084088290197668e-01,inf,1.000000000000000000e+00,3.499999940395355225e-01,3.499999940395355225e-01,2.692124843597412109e-01,2.122539430856704712e-01,5.800953134894371033e-02,2.871778793632984161e-02
2.659999999999818066e+00,7.206952866458131712e-01,4.286501987394237823e-01,1.737326451535555538e+00,-2.814535007902599362e-01,9.345445839918832265e-01,inf,1.000000000000000000e+00,3.499999940395355225e-01,3.499999940395355225e-01,2.830416858196258545e-01,2.438598424196243286e-01,7.731583714485168457e-02,3.004930168390274048e-02
2.679999999999815863e+00,7.246655372724133404e-01,4.331090229469773956e-01,1.764825134406767360e+00,-4.850823512234723189e-01,1.104235292686226888e+00,inf,1.000000000000000000e+00,3.499999940395355225e-01,3.499999940395355225e-01,2.864315211772918701e-01,2.563619315624237061e-01,8.543025702238082886e-02,3.191513195633888245e-02
2.699999999999813660e+00,7.284680184216355547e-01,4.372235635249409613e-01,1.788875184174298250e+00,-6.698883924987218963e-01,1.258240327082268184e+00,inf,1.000000000000000000e+00,3.499999940395355225e-01,3.499999940395355225e-01,2.790947556495666504e-01,2.385982573032379150e-01,7.774835079908370972e-02,3.468586876988410950e-02
2.719999999999811457e+00,7.323547347272336694e-01,4.408830502351951397e-01,1.805442058311631515e+00,-7.828247354836920247e-01,1.352353946236410032e+00,inf,1.000000000000000000e+00,3.499999940395355225e-01,3.499999940395355225e-01,2.581198811531066895e-01,1.942880153656005859e-01,5.941968783736228943e-02,4.188453406095504761e-02
2.739999999999809255e+00,7.365333583304835008e-01,4.438081981371947426e-01,1.812821602039628388e+00,-8.138894119784021441e-01,1.378241176648668409e+00,inf,1.000000000000000000e+00,3.499999940395355225e-01,3.312202692031860352e-01,2.353691607713699341e-01,1.549095511436462402e-01,4.218216985464096069e-02,4.997662082314491272e-02
2.759999999999807052e+00,7.410611766220291940e-01,4.459985675090385460e-01,1.815976107318246102e+00,-7.668991925425440170e-01,1.339082660452119988e+00,inf,1.000000000000000000e+00,3.499999940395355225e-01,3.116388320922851562e-01,2.256947457790374756e-01,1.413867324590682983e-01,3.279207274317741394e-02,5.194496363401412964e-02
2.779999999999804849e+00,7.462356113443114891e-01,4.480620048055097282e-01,1.833824514935866734e+00,-6.724116328292737421e-01,1.260343027357728074e+00,inf,1.000000000000000000e+00,3.499999940395355225e-01,3.408164083957672119e-01,2.386275380849838257e-01,1.636811643838882446e-01,4.257027059793472290e-02,4.787882417440414429e-02
2.799999999999802647e+00,7.522048110040360225e-01,4.506176184138466212e-01,1.885437579501939576e+00,-5.728152606650780410e-01,1.177346050554231693e+00,inf,1.000000000000000000e+00,3.499999940395355225e-01,3.499999940395355225e-01,2.729323208332061768e-01,2.283336222171783447e-01,7.752930372953414917e-02,3.554276004433631897e-02
2.819999999999800444e+00,7.582739617743727845e-01,4.534141971741399990e-01,1.973246520981591479e+00,-4.859264654371230341e-01,1.104938721197602502e+00,inf,1.000000000000000000e+00,3.499999940395355225e-01,3.499999940395355225e-01,2.934029400348663330e-01,2.976174056529998779e-01,1.294613182544708252e-01,3.595912829041481018e-02
2.839999999999798241e+00,7.630575531111771781e-01,4.557864323488343139e-01,2.084236944331370189e+00,-4.161425634454200551e-01,1.046785469537850011e+00,inf,1.000000000000000000e+00,3.387907743453979492e-01,3.499999940395355225e-01,2.967451214790344238e-01,3.228793442249298096e-01,1.521151661872863770e-01,4.023169353604316711e-02
2.859999999999796039e+00,7.660532347802138098e-01,4.575344226382854762e-01,2.199302268029057483e+00,-3.674206291338827368e-01,1.006183857611568921e+00,inf,1.000000000000000000e+00,3.375930190086364746e-01,3.499999940395355225e-01,3.025391697883605957e-01,3.324325084686279297e-01,1.558986604213714600e-01,4.185318201780319214e-02
2.879999999999793836e+00,7.678990097449027719e-01,4.589274825936444646e-01,2.307812428106751135e+00,-3.353729529913089813e-01,9.794774608260907733e-01,inf,1.000000000000000000e+00,3.499999940395355225e-01,3.499999940395355225e-01,3.072690665721893311e-01,3.272941112518310547e-01,1.500834822654724121e-01,4.920219630002975464e-02
2.899999999999791633e+00,7.689380767597048250e-01,4.603366730189348832e-01,2.403907956242103516e+00,-3.082685288089141995e-01,9.568904406740951218e-01,inf,1.000000000000000000e+00,3.499999940395355225e-01,3.499999940395355225e-01,2.992836833000183105e-01,2.956721484661102295e-01,1.248489096760749817e-01,5.628991872072219849e-02
2.919999999999789431e+00,7.690703043775829473e-01,4.618460998664610795e-01,2.484242601754600432e+00,-2.949165335687065626e-01,9.457637779739220818e-01,inf,1.000000000000000000e+00,3.499999940395355225e-01,3.499999940395355225e-01,2.827707529067993164e-01,2.548013329505920410e-01,1.008836105465888977e-01,6.041720882058143616e-02
2.939999999999787228e+00,7.683270102079886588e-01,4.632544709653604320e-01,2.553958560179752979e+00,-2.946530291283463998e-01,9.455441909402886314e-01,inf,1.000000000000000000e+00,3.499999940395355225e-01,3.499999940395355225e-01,2.785148322582244873e-01,2.392526865005493164e-01,9.275724738836288452e-02,6.138479709625244141e-02
2.959999999999785025e+00,7.668780313757064260e-01,4.641145232610766058e-01,2.626906509704969306e+00,-2.905018410153930586e-01,9.420848675128274952e-01,inf,1.000000000000000000e+00,3.499999940395355225e-01,3.499999940395355225e-01,2.998050749301910400e-01,2.782197892665863037e-01,1.091371029615402222e-01,5.686105042695999146e-02
2.979999999999782823e+00,7.648049264842725625e-01,4.638521716226188252e-01,2.714208275640539458e+00,-2.751417280619641303e-01,9.292847733849700642e-01,inf,1.000000000000000000e+00,3.499999940395355225e-01,3.499999940395355225e-01,3.193168342113494873e-01,3.448130488395690918e-01,1.532873213291168213e-01,4.984445869922637939e-02
2.999999999999780620e+00,7.616748630740572956e-01,4.622575992282558222e-01,2.814450229766725098e+00,-2.598872799534170386e-01,9.165727332945141637e-01,inf,1.000000000000000000e+00,3.389450609683990479e-01,3.499999940395355225e-01,3.114151656627655029e-01,3.499999940395355225e-01,1.596625149250030518e-01,4.479826986789703369e-02
3.019999999999778417e+00,7.571556733201783018e-01,4.597495663838669921e-01,2.916462796994923945e+00,-2.433074723969880782e-01,9.027562269974900300e-01,inf,1.000000000000000000e+00,3.220134973526000977e-01,3.499999940395355225e-01,3.038243055343627930e-01,3.499999940395355225e-01,1.572485268115997314e-01,3.914129734039306641e-02
3.039999999999776215e+00,7.517636425628525521e-01,4.572408767539235530e-01,3.010881428730174392e+00,-2.199737792500720268e-01,8.833114827083933251e-01,inf,1.000000000000000000e+00,3.254998326301574707e-01,3.499999940395355225e-01,3.024505972862243652e-01,3.451094925403594971e-01,1.552884727716445923e-01,3.726153820753097534e-02
3.059999999999774012e+00,7.462783466250473285e-01,4.553069852732702927e-01,3.097560540152172859e+00,-2.021019970026441681e-01,8.684183308355367670e-01,inf,1.000000000000000000e+00,3.422452211380004883e-01,3.499999940395355225e-01,3.077927529811859131e-01,3.399685621261596680e-01,1.509709954261779785e-01,4.301207885146141052e-02
3.079999999999771809e+00,7.407047321230326720e-01,4.538325490581424093e-01,3.176474718030945610e+00,-1.902992905048289385e-01,8.585827420873574090e-01,inf,1.000000000000000000e+00,3.480591475963592529e-01,3.497557640075683594e-01,3.076825737953186035e-01,3.281708359718322754e-01,1.411729305982589722e-01,5.455312132835388184e-02
3.099999999999769607e+00,7.343648624360880062e-01,4.527084077005738560e-01,3.241204552083303270e+00,-1.803162000502527285e-01,8.502635000418772293e-01,inf,1.000000000000000000e+00,3.399825692176818848e-01,3.344275653362274170e-01,3.008122742176055908e-01,3.160684704780578613e-01,1.320003122091293335e-01,6.127797439694404602e-02
3.119999999999767404e+00,7.269001244750178392e-01,4.516350745495829599e-01,3.287636738736688269e+00,-1.747024556835248543e-01,8.455853797362706814e-01,inf,1.000000000000000000e+00,3.341393172740936279e-01,3.241369724273681641e-01,2.980931997299194336e-01,3.205826878547668457e-01,1.275990158319473267e-01,5.867123231291770935e-02
3.139999999999765201e+00,7.188206796397442755e-01,4.500454842454170157e-01,3.320666013108903414e+00,-1.702938117211638680e-01,8.419115097676365123e-01,inf,1.000000000000000000e+00,3.324900567531585693e-01,3.259465098381042480e-01,2.996979057788848877e-01,3.326202929019927979e-01,1.290666460990905762e-01,5.131216347217559814e-02
3.159999999999762998e+00,7.107994936891001148e-01,4.477860925076346810e-01,3.346368068313062327e+00,-1.603838822113232698e-01,8.336532351761026804e-01,inf,1.000000000000000000e+00,3.270643353462219238e-01,3.266724050045013428e-01,2.978403568267822266e-01,3.358750343322753906e-01,1.326548606157302856e-01,4.378895461559295654e-02
3.179999999999760796e+00,7.030728968279548186e-01,4.453793238759804485e-01,3.366352269505207495e+00,-1.460952152908604751e-01,8.217460127423836802e-01,inf,1.000000000000000000e+00,3.228631019592285156e-01,3.218899369239807129e-01,2.946020364761352539e-01,3.303471505641937256e-01,1.313540637493133545e-01,4.198901355266571045e-02
3.199999999999758593e+00,6.954053247223290768e-01,4.434303589506007892e-01,3.378849505121451990e+00,-1.340113583645891615e-01,8.116761319704909328e-01,inf,1.000000000000000000e+00,3.238918781280517578e-01,3.100501000881195068e-01,2.911529541015625000e-01,3.220451176166534424e-01,1.214742958545684814e-01,4.484566673636436462e-02
3.219999999999756390e+00,6.874100183953850696e-01,4.423342215855492476e-01,3.381905315935399781e+00,-1.290978464576132134e-01,8.075815387146776381e-01,inf,1.000000000000000000e+00,3.346293568611145020e-01,2.920081615447998047e-01,2.860572338104248047e-01,3.121906518936157227e-01,1.006519943475723267e-01,4.560270905494689941e-02
3.239999999999754188e+00,6.790205933619452017e-01,4.421359052062743267e-01,3.375166166055246553e+00,-1.267500998155070280e-01,8.056250831795891409e-01,inf,1.000000000000000000e+00,3.499999940395355225e-01,2.770689725875854492e-01,2.810861766338348389e-01,3.050271272659301758e-01,7.686466723680496216e-02,4.411519691348075867e-02
3.259999999999751985e+00,6.702739552572756221e-01,4.423226295373264838e-01,3.358158493518268894e+00,-1.207764642286371232e-01,8.006470535238642272e-01,inf,1.000000000000000000e+00,3.499999940395355225e-01,2.704853117465972900e-01,2.776284217834472656e-01,3.022588193416595459e-01,6.236143782734870911e-02,4.155544564127922058e-02
3.279999999999749782e+00,6.613352876931394286e-01,4.423205767364155605e-01,3.331224900678758871e+00,-1.156742220604315141e-01,7.963951850503595553e-01,inf,1.000000000000000000e+00,3.499999940395355225e-01,2.697248458862304688e-01,2.752078175544738770e-01,2.976232767105102539e-01,5.721371620893478394e-02,3.598206117749214172e-02
3.299999999999747580e+00,6.524178884001360368e-01,4.420621469709502538e-01,3.296363869384459910e+00,-1.134571321792426229e-01,7.945476101493688104e-01,inf,1.000000000000000000e+00,3.499999940395355225e-01,2.699687480926513672e-01,2.721434235572814941e-01,2.868269085884094238e-01,5.660114064812660217e-02,3.249691426753997803e-02
3.319999999999745377e+00,6.434327553358346607e-01,4.418890318683409424e-01,3.254344684898964335e+00,-1.117361251528615901e-01,7.931134376273846209e-01,inf,1.000000000000000000e+00,3.499999940395355225e-01,2.626529932022094727e-01,2.656085789203643799e-01,2.700802683830261230e-01,5.387591943144798279e-02,3.280883282423019409e-02
3.339999999999743174e+00,6.341170896450110117e-01,4.421534972074111502e-01,3.204551646493565720e+00,-1.093837992310712909e-01,7.911531660258926957e-01,inf,1.000000000000000000e+00,3.499999940395355225e-01,2.509229779243469238e-01,2.582938373088836670e-01,2.565780580043792725e-01,4.618431255221366882e-02,3.381972387433052063e-02
3.359999999999740972e+00,6.245085211736735031e-01,4.429416794803487933e-01,3.147781043196341777e+00,-1.081593730158703914e-01,7.901328108465586197e-01,inf,1.000000000000000000e+00,3.499999940395355225e-01,2.444905489683151245e-01,2.533323466777801514e-01,2.524150609970092773e-01,3.659329190850257874e-02,3.263151645660400391e-02
3.379999999999738769e+00,6.150324646521547756e-01,4.441613388752448932e-01,3.087422868964307288e+00,-1.097615153194384935e-01,7.914679294328653691e-01,inf,1.000000000000000000e+00,3.499999940395355225e-01,2.469140887260437012e-01,2.508464753627777100e-01,2.530802190303802490e-01,2.889674343168735504e-02,2.816670760512351990e-02
3.399999999999736566e+00,6.061235547645564825e-01,4.457496502260471782e-01,3.027591481484000813e+00,-1.137520955235154368e-01,7.947934129362628219e-01,inf,1.000000000000000000e+00,3.499999940395355225e-01,2.555967569351196289e-01,2.503625750541687012e-01,2.509543299674987793e-01,2.436824142932891846e-02,2.245253324508666992e-02
3.419999999999734364e+00,5.979223647544457121e-01,4.477266951256282379e-01,2.970666076423134072e+00,-1.180003362121646998e-01,7.983336135101372077e-01,inf,1.000000000000000000e+00,3.499999940395355225e-01,2.664843797683715820e-01,2.511038482189178467e-01,2.433970719575881958e-01,2.327327430248260498e-02,1.987334713339805603e-02
3.439999999999732161e+00,5.902887469344926252e-01,4.501147250328516591e-01,2.916196828607313662e+00,-1.197081474301886495e-01,7.997567895251571635e-01,inf,1.000000000000000000e+00,3.499999940395355225e-01,2.745810151100158691e-01,2.513521313667297363e-01,2.311303764581680298e-01,2.442723698914051056e-02,2.318125404417514801e-02
3.459999999999729958e+00,5.829767862738743922e-01,4.528795275255339536e-01,2.861258646179798415e+00,-1.167997157220207610e-01,7.973330964350172634e-01,inf,1.000000000000000000e+00,3.499999940395355225e-01,2.746437489986419678e-01,2.487561553716659546e-01,2.170789390802383423e-01,2.408573776483535767e-02,2.990255877375602722e-02
3.479999999999727756e+00,5.758774696001864868e-01,4.559777094683915566e-01,2.802849703601308917e+00,-1.108133644576869692e-01,7.923444703814057632e-01,inf,1.000000000000000000e+00,3.499999940395355225e-01,2.702771127223968506e-01,2.431939691305160522e-01,2.063390612602233887e-01,2.038888633251190186e-02,3.493867814540863037e-02
3.499999999999725553e+00,5.691723323486274078e-01,4.594559965025964976e-01,2.741256954120601108e+00,-1.066537020140410907e-01,7.888780850117008692e-01,inf,1.000000000000000000e+00,3.499999940395355225e-01,2.704589068889617920e-01,2.371058911085128784e-01,1.997389048337936401e-01,1.541523821651935577e-02,3.498205542564392090e-02
3.519999999999723350e+00,5.632008325930554227e-01,4.634594027663294646e-01,2.680586789865606612e+00,-1.086390634734746286e-01,7.905325528945621461e-01,inf,1.000000000000000000e+00,3.499999940395355225e-01,2.781352400779724121e-01,2.321513593196868896e-01,1.919678449630737305e-01,1.222775503993034363e-02,3.096346557140350342e-02
3.539999999999721148e+00,5.582123255034414644e-01,4.681259918656206498e-01,2.626238321967025779e+00,-1.184109989947011721e-01,7.986758324955842703e-01,inf,1.000000000000000000e+00,3.499999940395355225e-01,2.921249866485595703e-01,2.298546433448791504e-01,1.810373067855834961e-01,1.277618110179901123e-02,2.724095247685909271e-02
3.559999999999718945e+00,5.542643175605566075e-01,4.734642076459453230e-01,2.582572206312027774e+00,-1.343622135034377163e-01,8.119685112528647331e-01,inf,1.000000000000000000e+00,3.499999940395355225e-01,3.098057210445404053e-01,2.318648695945739746e-01,1.714223921298980713e-01,1.630048826336860657e-02,2.662005461752414703e-02
3.579999999999716742e+00,5.512687865180646574e-01,4.793149375735872297e-01,2.551586957469902384e+00,-1.500517539285876334e-01,8.250431282738229788e-01,inf,1.000000000000000000e+00,3.499999940395355225e-01,3.257760405540466309e-01,2.378892451524734497e-01,1.685562878847122192e-01,2.192024700343608856e-02,2.952607348561286926e-02
3.599999999999714539e+00,5.490589299500391318e-01,4.854522301118113781e-01,2.533383957211252646e+00,-1.568308197896013667e-01,8.306923498246677751e-01,inf,1.000000000000000000e+00,3.499999940395355225e-01,3.408367931842803955e-01,2.477597594261169434e-01,1.766100525856018066e-01,3.016278706490993500e-02,3.356221318244934082e-02
3.619999999999712337e+00,5.474286645911689009e-01,4.916593143189466053e-01,2.526940473356403150e+00,-1.489473927298563816e-01,8.241228272748802874e-01,inf,1.000000000000000000e+00,3.499999940395355225e-01,3.499999940395355225e-01,2.599518895149230957e-01,1.944933980703353882e-01,4.114463180303573608e-02,3.500016778707504272e-02
3.639999999999710134e+00,5.461995715698468867e-01,4.977531005808846221e-01,2.529632476419446441e+00,-1.319225400169101170e-01,8.099354500140917290e-01,inf,1.000000000000000000e+00,3.499999940395355225e-01,3.499999940395355225e-01,2.700854241847991943e-01,2.151517719030380249e-01,5.320335552096366882e-02,3.342736139893531799e-02
3.659999999999707931e+00,5.452741879082805276e-01,5.036726013534913449e-01,2.538474085917920675e+00,-1.127312059662533006e-01,7.939426716385443727e-01,inf,1.000000000000000000e+00,3.499999940395355225e-01,3.499999940395355225e-01,2.752089798450469971e-01,2.294132560491561890e-01,6.269130110740661621e-02,3.190092369914054871e-02
3.679999999999705729e+00,5.446654492019531446e-01,5.094639368194845419e-01,2.551171646953034777e+00,-9.749584549495272923e-02,7.812465379124605702e-01,inf,1.000000000000000000e+00,3.499999940395355225e-01,3.499999940395355225e-01,2.746239304542541504e-01,2.294584959745407104e-01,6.616519391536712646e-02,3.260981664061546326e-02
3.699999999999703526e+00,5.444755260647793360e-01,5.151783210156533066e-01,2.566021086149901986e+00,-9.075250567026627024e-02,7.756270880585551808e-01,inf,1.000000000000000000e+00,3.499999940395355225e-01,3.499999940395355225e-01,2.687170505523681641e-01,2.152051031589508057e-01,6.293438374996185303e-02,3.624852374196052551e-02
3.719999999999701323e+00,5.448374014435609647e-01,5.208216350334281541e-01,2.582543395869400182e+00,-9.646909893595685681e-02,7.803909157799640006e-01,inf,1.000000000000000000e+00,3.499999940395355225e-01,3.499999940395355225e-01,2.595517635345458984e-01,1.949407905340194702e-01,5.703258514404296875e-02,4.235781356692314148e-02
3.739999999999699121e+00,5.457886736709003372e-01,5.263941826802517321e-01,2.602767234797399354e+00,-1.192788680846224858e-01,7.993990567371853651e-01,inf,1.000000000000000000e+00,3.499999940395355225e-01,3.499999940395355225e-01,2.537421286106109619e-01,1.827501952648162842e-01,5.420989915728569031e-02,4.754389077425003052e-02
3.759999999999696918e+00,5.471792911222413958e-01,5.319607878828175318e-01,2.631797883914958724e+00,-1.552914121225192068e-01,8.294095101020992900e-01,inf,1.000000000000000000e+00,3.499999940395355225e-01,3.499999940395355225e-01,2.578898370265960693e-01,1.901969462633132935e-01,5.920759961009025574e-02,4.827542230486869812e-02
3.779999999999694715e+00,5.487347854514377232e-01,5.376448522993770851e-01,2.676460303920370265e+00,-1.820148075281791400e-01,8.516790062734825861e-01,inf,1.000000000000000000e+00,3.499999940395355225e-01,3.499999940395355225e-01,2.739925980567932129e-01,2.243566662073135376e-01,7.537583261728286743e-02,4.347234591841697693e-02
3.799999999999692513e+00,5.502872097453774813e-01,5.433838209206969250e-01,2.741978139198666842e+00,-1.885737461923001901e-01,8.571447884935834427e-01,inf,1.000000000000000000e+00,3.499999940395355225e-01,3.499999940395355225e-01,2.935085594654083252e-01,2.776395082473754883e-01,1.053329557180404663e-01,3.900518640875816345e-02
3.819999999999690310e+00,5.517890951550137313e-01,5.486785860651547386e-01,2.826952766215018009e+00,-1.754728588423995206e-01,8.462273823686662366e-01,inf,1.000000000000000000e+00,3.499999940395355225e-01,3.499999940395355225e-01,3.010829389095306396e-01,3.140563368797302246e-01,1.359404772520065308e-01,4.127724096179008484e-02
3.839999999999688107e+00,5.531631302481069268e-01,5.530195844923073700e-01,2.922587860432049212e+00,-1.534098686021322933e-01,8.278415571684435426e-01,inf,1.000000000000000000e+00,3.499999940395355225e-01,3.499999940395355225e-01,3.044415116310119629e-01,3.264337778091430664e-01,1.479371190071105957e-01,4.503654316067695618e-02
3.859999999999685905e+00,5.543009027926997234e-01,5.563738590540698858e-01,3.018585056987377335e+00,-1.312649166577460613e-01,8.093874305481216780e-01,inf,1.000000000000000000e+00,3.499999940395355225e-01,3.499999940395355225e-01,3.081334829330444336e-01,3.239304125308990479e-01,1.453521251678466797e-01,5.062045902013778687e-02
3.879999999999683702e+00,5.550528906021986453e-01,5.589419209291042190e-01,3.107420720352491283e+00,-1.076707854604066483e-01,7.897256545503388292e-01,inf,1.000000000000000000e+00,3.499999940395355225e-01,3.499999940395355225e-01,3.036872446537017822e-01,3.030335009098052979e-01,1.289539784193038940e-01,5.506992340087890625e-02
3.899999999999681499e+00,5.552778108698263049e-01,5.608972326605398129e-01,3.185716851605826960e+00,-8.931816699094748124e-02,7.744318058257895210e-01,inf,1.000000000000000000e+00,3.499999940395355225e-01,3.499999940395355225e-01,2.923941612243652344e-01,2.739602923393249512e-01,1.092505827546119690e-01,5.738411471247673035e-02
3.919999999999679297e+00,5.550677445815751510e-01,5.622176896490624909e-01,3.256479679436089292e+00,-8.418759543818739310e-02,7.701563295318227809e-01,inf,1.000000000000000000e+00,3.499999940395355225e-01,3.499999940395355225e-01,2.877721190452575684e-01,2.613782584667205811e-01,1.003449857234954834e-01,5.762750282883644104e-02
3.939999999999677094e+00,5.546637526940938479e-01,5.628286492441985089e-01,3.329176347600150354e+00,-9.467662505007057305e-02,7.788971875417254331e-01,inf,1.000000000000000000e+00,3.499999940395355225e-01,3.499999940395355225e-01,2.995167076587677002e-01,2.850891053676605225e-01,1.105896905064582825e-01,5.463476851582527161e-02
3.959999999999674891e+00,5.544015103338971739e-01,5.624190816427402373e-01,3.413527982803002292e+00,-1.106259571966178024e-01,7.921882976638481288e-01,inf,1.000000000000000000e+00,3.499999940395355225e-01,3.499999940395355225e-01,3.157790601253509521e-01,3.340708017349243164e-01,1.435316205024719238e-01,5.169270932674407959e-02
3.979999999999672688e+00,5.542865556845795183e-01,5.605377900868853125e-01,3.511630016849294655e+00,-1.195908097051034402e-01,7.996590080875861650e-01,inf,1.000000000000000000e+00,3.483166396617889404e-01,3.499999940395355225e-01,3.148210942745208740e-01,3.499999940395355225e-01,1.582670658826828003e-01,4.628430679440498352e-02
3.999999999999670486e+00,5.537705986302338124e-01,5.571247246527158969e-01,3.612832691821298070e+00,-1.125621802826021756e-01,7.938018169021684445e-01,inf,1.000000000000000000e+00,3.289553523063659668e-01,3.499999940395355225e-01,3.079129159450531006e-01,3.499999940395355225e-01,1.569750458002090454e-01,4.202799126505851746e-02
4.019999999999677165e+00,5.525603061795251181e-01,5.529038524684779521e-01,3.707439736559341448e+00,-1.026447408390498833e-01,7.855372840325415273e-01,inf,1.000000000000000000e+00,3.337273597717285156e-01,3.499999940395355225e-01,3.083267807960510254e-01,3.482112884521484375e-01,1.557228714227676392e-01,4.323806986212730408e-02
4.039999999999683844e+00,5.507997126161597867e-01,5.486940963694973972e-01,3.794987656735740345e+00,-9.604507270076538539e-02,7.800375605839711124e-01,inf,1.000000000000000000e+00,3.458791375160217285e-01,3.499999940395355225e-01,3.108411729335784912e-01,3.405677080154418945e-01,1.499697268009185791e-01,4.852699488401412964e-02
4.059999999999690523e+00,5.485192443133000140e-01,5.445284704438128065e-01,3.874549325991977433e+00,-8.596850121811251688e-02,7.716404176817603933e-01,inf,1.000000000000000000e+00,3.499999940395355225e-01,3.499999940395355225e-01,3.079013228416442871e-01,3.275889456272125244e-01,1.391741931438446045e-01,5.581359937787055969e-02
4.079999999999697202e+00,5.454880666734571726e-01,5.400150429570202970e-01,3.942125128831832193e+00,-6.992357873217928954e-02,7.582696489434826992e-01,inf,1.000000000000000000e+00,3.465097248554229736e-01,3.409331738948822021e-01,3.033200800418853760e-01,3.182535767555236816e-01,1.309096217155456543e-01,5.972725152969360352e-02
4.099999999999703881e+00,5.417333132814847740e-01,5.347263889478712784e-01,3.995277524244446266e+00,-5.872581356414281056e-02,7.489381779701189679e-01,inf,1.000000000000000000e+00,3.393993079662322998e-01,3.329790532588958740e-01,3.023256659507751465e-01,3.229450583457946777e-01,1.294747143983840942e-01,5.824469774961471558e-02
4.119999999999710560e+00,5.377283477058508732e-01,5.284775617396081371e-01,4.035956378807130207e+00,-5.592840079750947130e-02,7.466070006645911805e-01,inf,1.000000000000000000e+00,3.307098746299743652e-01,3.303748369216918945e-01,3.022509217262268066e-01,3.336111307144165039e-01,1.329593956470489502e-01,5.264036357402801514e-02
4.139999999999717240e+00,5.338447226189696471e-01,5.215711511799082656e-01,4.067386192330943118e+00,-5.474201407059426511e-02,7.456183450588285133e-01,inf,1.000000000000000000e+00,3.224911987781524658e-01,3.279115259647369385e-01,2.987847626209259033e-01,3.359542489051818848e-01,1.355946063995361328e-01,4.641226679086685181e-02
4.159999999999723919e+00,5.299945747188448131e-01,5.146142714937246287e-01,4.091058582707608693e+00,-5.100324826646085441e-02,7.425027068887173343e-01,inf,1.000000000000000000e+00,3.172850608825683594e-01,3.210730850696563721e-01,2.944404482841491699e-01,3.300342261791229248e-01,1.328107863664627075e-01,4.498207569122314453e-02
4.179999999999730598e+00,5.258112061994961728e-01,5.080298673639989104e-01,4.106651735753628962e+00,-4.450078690916945551e-02,7.370839890909745007e-01,inf,1.000000000000000000e+00,3.181290626525878906e-01,3.081375062465667725e-01,2.906309366226196289e-01,3.222534060478210449e-01,1.217409968376159668e-01,4.750261083245277405e-02
4.199999999999737277e+00,5.209024594656306295e-01,5.019312381299955161e-01,4.113536088982280958e+00,-3.775851621940797681e-02,7.314654301828399374e-01,inf,1.000000000000000000e+00,3.276126682758331299e-01,2.891315817832946777e-01,2.855064570903778076e-01,3.134818673133850098e-01,1.004310771822929382e-01,4.818732663989067078e-02
4.219999999999743956e+00,5.152717213283346531e-01,4.962632577373349285e-01,4.112089167030775094e+00,-3.357070372454007412e-02,7.279755864371166840e-01,inf,1.000000000000000000e+00,3.435200750827789307e-01,2.738045156002044678e-01,2.809411883354187012e-01,3.067631125450134277e-01,7.761422544717788696e-02,4.691302776336669922e-02
4.239999999999750635e+00,5.093280446660471972e-01,4.907521748933508787e-01,4.102716174609892796e+00,-3.133308996657428735e-02,7.261109083054785307e-01,inf,1.000000000000000000e+00,3.499999940395355225e-01,2.675786018371582031e-01,2.787378132343292236e-01,3.043168783187866211e-01,6.499506533145904541e-02,4.535202682018280029e-02
4.259999999999757314e+00,5.035237137256278750e-01,4.850180605908351872e-01,4.085231730652067128e+00,-3.213480323085717710e-02,7.267790026923809377e-01,inf,1.000000000000000000e+00,3.499999940395355225e-01,2.666456103324890137e-01,2.779831588268280029e-01,3.010835051536560059e-01,6.196330115199089050e-02,4.245577007532119751e-02
4.279999999999763993e+00,4.979184389454713866e-01,4.789846085939112319e-01,4.059312164173476845e+00,-3.350803486282751681e-02,7.279233623856895541e-01,inf,1.000000000000000000e+00,3.499999940395355225e-01,2.645909488201141357e-01,2.746082842350006104e-01,2.910692691802978516e-01,6.274906545877456665e-02,3.996587172150611877e-02
4.299999999999770672e+00,4.920728135157521055e-01,4.727992218924007561e-01,4.024086380848907574e+00,-3.141006042394645092e-02,7.261750503532886647e-01,inf,1.000000000000000000e+00,3.499999940395355225e-01,2.559505701065063477e-01,2.672486305236816406e-01,2.747996449470520020e-01,5.989410355687141418e-02,3.956012800335884094e-02
4.319999999999777351e+00,4.854874259135510961e-01,4.666047024742149274e-01,3.978833201538852560e+00,-2.614732145093876317e-02,7.217894345424489266e-01,inf,1.000000000000000000e+00,3.499999940395355225e-01,2.440320402383804321e-01,2.597460150718688965e-01,2.610693573951721191e-01,5.026751011610031128e-02,3.930385410785675049e-02
4.339999999999784031e+00,4.781372228605841879e-01,4.605479101574819767e-01,3.925005756844542226e+00,-2.193643776430316203e-02,7.182803648035859245e-01,inf,1.000000000000000000e+00,3.499999940395355225e-01,2.370356917381286621e-01,2.546657919883728027e-01,2.564104795455932617e-01,3.892368823289871216e-02,3.719270974397659302e-02
4.359999999999790710e+00,4.704562716570173109e-01,4.548431267801767985e-01,3.866429138320643499e+00,-2.164388697189529795e-02,7.180365724765793711e-01,inf,1.000000000000000000e+00,3.499999940395355225e-01,2.374894171953201294e-01,2.514790892601013184e-01,2.568055391311645508e-01,3.066374920308589935e-02,3.257692232728004456e-02
4.379999999999797389e+00,4.628904439272188975e-01,4.497054299031008062e-01,3.807329602619355935e+00,-2.452527172585701118e-02,7.204377264382141322e-01,inf,1.000000000000000000e+00,3.499999940395355225e-01,2.431600391864776611e-01,2.503794431686401367e-01,2.552291154861450195e-01,2.629226073622703552e-02,2.756092138588428497e-02
4.399999999999804068e+00,4.556006002960928392e-01,4.452361614939254197e-01,3.750210039753597790e+00,-2.778242739656069243e-02,7.231520228304672004e-01,inf,1.000000000000000000e+00,3.499999940395355225e-01,2.507640123367309570e-01,2.511341273784637451e-01,2.496150285005569458e-01,2.531650848686695099e-02,2.561714872717857361e-02
4.419999999999810747e+00,4.484941259482717602e-01,4.413820966361958753e-01,3.694990686146867098e+00,-2.859797932897434336e-02,7.238316494408119084e-01,inf,1.000000000000000000e+00,3.499999940395355225e-01,2.566727995872497559e-01,2.518404722213745117e-01,2.408099025487899780e-01,2.628405950963497162e-02,2.832957357168197632e-02
4.439999999999817426e+00,4.413975753291073945e-01,4.380047503239359319e-01,3.639601648100369236e+00,-2.593500493326863360e-02,7.216125041110571514e-01,inf,1.000000000000000000e+00,3.499999940395355225e-01,2.583317756652832031e-01,2.506974935531616211e-01,2.311150878667831421e-01,2.634170651435852051e-02,3.354207798838615417e-02
4.459999999999824105e+00,4.342183983796874536e-01,4.350369232740737280e-01,3.582013105570454936e+00,-2.259633776004607922e-02,7.188302814667050233e-01,inf,1.000000000000000000e+00,3.499999940395355225e-01,2.585497498512268066e-01,2.476870715618133545e-01,2.233202457427978516e-01,2.399603463709354401e-02,3.754369914531707764e-02
4.479999999999830784e+00,4.269969866696737837e-01,4.325974296707756350e-01,3.522344722761989733e+00,-2.282308937116783731e-02,7.190192411426398200e-01,inf,1.000000000000000000e+00,3.499999940395355225e-01,2.621845602989196777e-01,2.437032610177993774e-01,2.166058421134948730e-01,2.040188759565353394e-02,3.814775124192237854e-02
4.499999999999837463e+00,4.198325493096963790e-01,4.309242434642756026e-01,3.462847921531941875e+00,-2.709582415790716750e-02,7.225798534649225946e-01,inf,1.000000000000000000e+00,3.499999940395355225e-01,2.696794569492340088e-01,2.390182316303253174e-01,2.065968960523605347e-01,1.741532608866691589e-02,3.610164672136306763e-02
4.519999999999844142e+00,4.128224657876016224e-01,4.302112431420674898e-01,3.406145127352649293e+00,-3.184554448100013896e-02,7.265379537341667415e-01,inf,1.000000000000000000e+00,3.499999940395355225e-01,2.783431112766265869e-01,2.342966645956039429e-01,1.921414583921432495e-01,1.618877425789833069e-02,3.428827226161956787e-02
4.539999999999850822e+00,4.060614616505618946e-01,4.305184369073266071e-01,3.354179417230666704e+00,-3.280677182276279386e-02,7.273389765189689493e-01,inf,1.000000000000000000e+00,3.499999940395355225e-01,2.863161861896514893e-01,2.310848981142044067e-01,1.776366531848907471e-01,1.625755988061428070e-02,3.443303331732749939e-02
4.559999999999857501e+00,3.996511082704128914e-01,4.317904784846423594e-01,3.308765454449359655e+00,-2.824184103244258004e-02,7.235348675270354413e-01,inf,1.000000000000000000e+00,3.499999940395355225e-01,2.946805357933044434e-01,2.311744093894958496e-01,1.691355407238006592e-01,1.742193475365638733e-02,3.603852912783622742e-02
4.579999999999864180e+00,3.936521490889948183e-01,4.339443248621386306e-01,3.272795294951284184e+00,-2.159080154377037569e-02,7.179923346198086032e-01,inf,1.000000000000000000e+00,3.499999940395355225e-01,3.076916038990020752e-01,2.361209392547607422e-01,1.712138205766677856e-01,2.094177156686782837e-02,3.700740262866020203e-02
4.599999999999870859e+00,3.880337697778605821e-01,4.369206199985354866e-01,3.250347563296056119e+00,-1.826567214501513201e-02,7.152213934541792328e-01,inf,1.000000000000000000e+00,3.499999940395355225e-01,3.288122415542602539e-01,2.458611875772476196e-01,1.835386604070663452e-01,2.836905233561992645e-02,3.528684377670288086e-02
4.619999999999877538e+00,3.827280605978502503e-01,4.405962564140658566e-01,3.243913240888197880e+00,-2.110680991999225320e-02,7.175890082666601666e-01,inf,1.000000000000000000e+00,3.499999940395355225e-01,3.499999940395355225e-01,2.573059499263763428e-01,1.999236345291137695e-01,4.055264964699745178e-02,3.205364942550659180e-02
4.639999999999884217e+00,3.777651947518335107e-01,4.446381246486850181e-01,3.249910290743501573e+00,-2.561979542524950304e-02,7.213498295210412081e-01,inf,1.000000000000000000e+00,3.499999940395355225e-01,3.499999940395355225e-01,2.662175297737121582e-01,2.135368436574935913e-01,5.506225302815437317e-02,3.142190724611282349e-02
4.659999999999890896e+00,3.731642497105238099e-01,4.487371084770466201e-01,3.262017794038390317e+00,-2.862457011882382080e-02,7.238538084323531407e-01,inf,1.000000000000000000e+00,3.499999940395355225e-01,3.499999940395355225e-01,2.718998193740844727e-01,2.237127721309661865e-01,6.407310068607330322e-02,3.403115645051002502e-02
4.679999999999897575e+00,3.689097018179126053e-01,4.528217160711849321e-01,3.276435798789944176e+00,-2.969223994364775590e-02,7.247435332863730872e-01,inf,1.000000000000000000e+00,3.499999940395355225e-01,3.499999940395355225e-01,2.732671499252319336e-01,2.258230447769165039e-01,6.628367304801940918e-02,3.762665018439292908e-02
4.699999999999904254e+00,3.650245678190640608e-01,4.569811297103941738e-01,3.291923381358529799e+00,-3.018138937122114354e-02,7.251511578093509103e-01,inf,1.000000000000000000e+00,3.499999940395355225e-01,3.499999940395355225e-01,2.695351541042327881e-01,2.182967811822891235e-01,6.323018670082092285e-02,4.078164696693420410e-02
4.719999999999910933e+00,3.615655319168922799e-01,4.613584757831223904e-01,3.309271477718860321e+00,-3.160791429056035440e-02,7.263399285754669199e-01,inf,1.000000000000000000e+00,3.499999940395355225e-01,3.499999940395355225e-01,2.628144621849060059e-01,2.056097686290740967e-01,5.865470692515373230e-02,4.337792098522186279e-02
4.739999999999917613e+00,3.585397243839605896e-01,4.660499748576028001e-01,3.331254753979619121e+00,-3.422317378058536974e-02,7.285193114838210970e-01,inf,1.000000000000000000e+00,3.499999940395355225e-01,3.499999940395355225e-01,2.586551308631896973e-01,1.977658122777938843e-01,5.742601677775382996e-02,4.489341005682945251e-02
4.759999999999924292e+00,3.558250630638076784e-01,4.710500380662976383e-01,3.362551120398262761e+00,-3.687430713065293492e-02,7.307285892755440715e-01,inf,1.000000000000000000e+00,3.499999940395355225e-01,3.499999940395355225e-01,2.625740468502044678e-01,2.049418836832046509e-01,6.332253664731979370e-02,4.430448636412620544e-02
4.779999999999930971e+00,3.532169909401960406e-01,4.762622715726704259e-01,3.408624104445551417e+00,-3.762177867595797170e-02,7.313514822299649332e-01,inf,1.000000000000000000e+00,3.499999940395355225e-01,3.499999940395355225e-01,2.758073806762695312e-01,2.331714332103729248e-01,7.891945540904998779e-02,4.173717275261878967e-02
4.799999999999937650e+00,3.506663884966227385e-01,4.815075823399957988e-01,3.473132673399074832e+00,-3.471101824664044738e-02,7.289258485388669939e-01,inf,1.000000000000000000e+00,3.499999940395355225e-01,3.499999940395355225e-01,2.912635803222656250e-01,2.755346894264221191e-01,1.045543253421783447e-01,4.060323908925056458e-02
4.819999999999944329e+00,3.483784094259451680e-01,4.864355785281645472e-01,3.554741561291175245e+00,-2.993389736638744913e-02,7.249449144719894988e-01,inf,1.000000000000000000e+00,3.499999940395355225e-01,3.499999940395355225e-01,3.003385365009307861e-01,3.093349039554595947e-01,1.309673488140106201e-01,4.410463571548461914e-02
4.839999999999951008e+00,3.465758263952428142e-01,4.906518480479404865e-01,3.646569272128635575e+00,-2.585415328141094093e-02,7.215451277345090730e-01,inf,1.000000000000000000e+00,3.499999940395355225e-01,3.499999940395355225e-01,3.043788373470306396e-01,3.234939575195312500e-01,1.436538100242614746e-01,4.814847186207771301e-02
4.859999999999957687e+00,3.452320485780656645e-01,4.940188255369100112e-01,3.739702143668926393e+00,-2.314829210767594889e-02,7.192902434230632469e-01,inf,1.000000000000000000e+00,3.499999940395355225e-01,3.499999940395355225e-01,3.058268725872039795e-01,3.213999271392822266e-01,1.421016305685043335e-01,5.181314796209335327e-02
4.879999999999964366e+00,3.441525721139694904e-01,4.965651454707842305e-01,3.827155014643436104e+00,-2.243078698416036548e-02,7.186923224868002613e-01,inf,1.000000000000000000e+00,3.499999940395355225e-01,3.499999940395355225e-01,3.015429079532623291e-01,3.042231500148773193e-01,1.290146559476852417e-01,5.432949960231781006e-02
4.899999999999971045e+00,3.431315612035395479e-01,4.983337050243488164e-01,3.906005275928014608e+00,-2.414665125393322676e-02,7.201222093782776446e-01,inf,1.000000000000000000e+00,3.499999940395355225e-01,3.499999940395355225e-01,2.932623922824859619e-01,2.817050218582153320e-01,1.128837913274765015e-01,5.574528872966766357e-02
4.919999999999977724e+00,3.422191741510219876e-01,4.993646165666982828e-01,3.978886661765095756e+00,-2.712412168700830545e-02,7.226034347391735446e-01,inf,1.000000000000000000e+00,3.499999940395355225e-01,3.499999940395355225e-01,2.902568578720092773e-01,2.730089426040649414e-01,1.055477038025856018e-01,5.609911680221557617e-02
4.939999999999984404e+00,3.416102698267900473e-01,4.997310119496134462e-01,4.053367427159406233e+00,-2.832814590946011041e-02,7.236067882578833821e-01,inf,1.000000000000000000e+00,3.499999940395355225e-01,3.499999940395355225e-01,2.983818352222442627e-01,2.913635671138763428e-01,1.142907366156578064e-01,5.414603650569915771e-02
4.959999999999991083e+00,3.417365023016120662e-01,4.993836214914224580e-01,4.137700324810809960e+00,-2.678929390703621571e-02,7.223244115891968020e-01,inf,1.000000000000000000e+00,3.499999940395355225e-01,3.499999940395355225e-01,3.105562627315521240e-01,3.293672800064086914e-01,1.405643224716186523e-01,5.259780213236808777e-02
4.979999999999997762e+00,3.428287221354812120e-01,4.979419481602325170e-01,4.232641911456870076e+00,-2.088131719084289697e-02,7.174010976590357025e-01,inf,1.000000000000000000e+00,3.418534398078918457e-01,3.499999940395355225e-01,3.110699355602264404e-01,3.496699333190917969e-01,1.552697271108627319e-01,4.787003621459007263e-02
5.000000000000004441e+00,3.445159320612822818e-01,4.950839856806065198e-01,4.328344226893769076e+00,-1.409156716186012875e-02,7.117429726348833974e-01,inf,1.000000000000000000e+00,3.242492973804473877e-01,3.499999940395355225e-01,3.049759268760681152e-01,3.486994802951812744e-01,1.547758132219314575e-01,4.384538903832435608e-02
5.020000000000011120e+00,3.462029350669578731e-01,4.912607198285044996e-01,4.417719320957878892e+00,-8.569445697889043617e-03,7.071412047482408259e-01,inf,1.000000000000000000e+00,3.293519318103790283e-01,3.499999940395355225e-01,3.058288991451263428e-01,3.439316749572753906e-01,1.530743241310119629e-01,4.566294699907302856e-02
5.040000000000017799e+00,3.475246671281486122e-01,4.871357954956745395e-01,4.501031304751814233e+00,-4.055226054180893595e-03,7.033793550451507004e-01,inf,1.000000000000000000e+00,3.390192985534667969e-01,3.499999940395355225e-01,3.074162900447845459e-01,3.355599641799926758e-01,1.461317241191864014e-01,5.146297439932823181e-02
5.060000000000024478e+00,3.484296381021235733e-01,4.826515055300202306e-01,4.576401789569240819e+00,-1.245551713450021624e-03,6.989620402387916043e-01,inf,1.000000000000000000e+00,3.406334817409515381e-01,3.445522189140319824e-01,3.034622669219970703e-01,3.230194747447967529e-01,1.349722445011138916e-01,5.774359777569770813e-02
5.080000000000031157e+00,3.489780694319186138e-01,4.773398844091172322e-01,4.639461934744329774e+00,-6.538159929224196705e-03,6.945515333923131251e-01,inf,1.000000000000000000e+00,3.370147943496704102e-01,3.320793509483337402e-01,2.992254197597503662e-01,3.166911602020263672e-01,1.267853230237960815e-01,6.043792888522148132e-02
5.100000000000037836e+00,3.494828674269432334e-01,4.709414577740351771e-01,4.688100209396602658e+00,-1.183297314219267093e-02,6.901391890481727298e-01,inf,1.000000000000000000e+00,3.285157382488250732e-01,3.215425908565521240e-01,2.971421778202056885e-01,3.224802613258361816e-01,1.243104115128517151e-01,5.806004628539085388e-02
5.120000000000044516e+00,3.503806001896732636e-01,4.636608626092133534e-01,4.724256562774113100e+00,-1.717218427406832365e-02,6.856898464382763514e-01,inf,1.000000000000000000e+00,3.193719089031219482e-01,3.163575232028961182e-01,2.957698106765747070e-01,3.312832117080688477e-01,1.261456608772277832e-01,5.184802040457725525e-02
5.140000000000051195e+00,3.517590690667183884e-01,4.560390528419651091e-01,4.751831952330910269e+00,-2.104436550912134121e-02,6.824630287423988362e-01,inf,1.000000000000000000e+00,3.129151761531829834e-01,3.144944012165069580e-01,2.926266789436340332e-01,3.316803872585296631e-01,1.283046156167984009e-01,4.623048380017280579e-02
5.160000000000057874e+00,3.532205322474550879e-01,4.485097265904530728e-01,4.773158716509892763e+00,-2.292190315411404139e-02,6.808984140382382533e-01,inf,1.000000000000000000e+00,3.088633120059967041e-01,3.085793852806091309e-01,2.891285419464111328e-01,3.245830237865447998e-01,1.258382648229598999e-01,4.659708961844444275e-02
5.180000000000064553e+00,3.542171653549611166e-01,4.410586698171543585e-01,4.787265456642911587e+00,-2.470534000762416443e-02,6.794122166603131507e-01,inf,1.000000000000000000e+00,3.086946606636047363e-01,2.939337790012359619e-01,2.846839129924774170e-01,3.150281906127929688e-01,1.143410354852676392e-01,5.032357573509216309e-02
5.200000000000071232e+00,3.543288261783589244e-01,4.333833601700891602e-01,4.791961942166305555e+00,-2.806105584410665058e-02,6.766157867965777450e-01,inf,1.000000000000000000e+00,3.169483244419097900e-01,2.722393274307250977e-01,2.778632044792175293e-01,3.045955002307891846e-01,9.197971224784851074e-02,5.098073929548263550e-02
5.220000000000077911e+00,3.535894028354310548e-01,4.254768354915534623e-01,4.787623580871136930e+00,-3.151656928423891141e-02,6.737361922631341926e-01,inf,1.000000000000000000e+00,3.340773582458496094e-01,2.576593756675720215e-01,2.732902467250823975e-01,2.981919944286346436e-01,6.947556883096694946e-02,4.926377907395362854e-02
5.240000000000084590e+00,3.525449059351126735e-01,4.175928408722527907e-01,4.776635010160182659e+00,-3.212647499589538214e-02,6.732279375034204705e-01,inf,1.000000000000000000e+00,3.451535701751708984e-01,2.543400526046752930e-01,2.725969552993774414e-01,2.976734042167663574e-01,5.903282389044761658e-02,4.736654460430145264e-02
5.260000000000091269e+00,3.518340195968722717e-01,4.098508134402002456e-01,4.760185182386702074e+00,-2.951127846919545522e-02,6.754072679423370751e-01,inf,1.000000000000000000e+00,3.482540547847747803e-01,2.558085620403289795e-01,2.736217081546783447e-01,2.966845631599426270e-01,5.855865776538848877e-02,4.531769827008247375e-02
5.280000000000097948e+00,3.515867321160275338e-01,4.021083845212919394e-01,4.736788824908448881e+00,-2.646395644767682645e-02,6.779467029602692651e-01,inf,1.000000000000000000e+00,3.463286757469177246e-01,2.548487186431884766e-01,2.714855670928955078e-01,2.885064482688903809e-01,6.140353530645370483e-02,4.391640424728393555e-02
5.300000000000104627e+00,3.513201309908874359e-01,3.939938074138791269e-01,4.703333864833174616e+00,-2.536954981104648857e-02,6.788587084907945490e-01,inf,1.000000000000000000e+00,3.450241982936859131e-01,2.455228716135025024e-01,2.636831998825073242e-01,2.720047235488891602e-01,5.881849676370620728e-02,4.320470243692398071e-02
5.320000000000111307e+00,3.503843695081088061e-01,3.852527570621504527e-01,4.658670079590567781e+00,-2.510362746558514324e-02,6.790803104453456696e-01,inf,1.000000000000000000e+00,3.499999940395355225e-01,2.326473891735076904e-01,2.555530667304992676e-01,2.574353814125061035e-01,4.765922948718070984e-02,4.213759303092956543e-02
5.340000000000117986e+00,3.486317287624958183e-01,3.760513182225171391e-01,4.604970292838932444e+00,-2.510922653498726120e-02,6.790756445541772379e-01,inf,1.000000000000000000e+00,3.499999940395355225e-01,2.275146543979644775e-01,2.517001330852508545e-01,2.543109953403472900e-01,3.612983226776123047e-02,4.024163633584976196e-02
5.360000000000124665e+00,3.463584125097842747e-01,3.668845983093123042e-01,4.546292531952570215e+00,-2.535620037602268409e-02,6.788698330199810504e-01,inf,1.000000000000000000e+00,3.499999940395355225e-01,2.283276319503784180e-01,2.487500756978988647e-01,2.551149129867553711e-01,2.857335843145847321e-02,3.574220836162567139e-02
5.380000000000131344e+00,3.438220495125878795e-01,3.582073359949788927e-01,4.486797296748228803e+00,-2.601871641892636658e-02,6.783177363175613150e-01,inf,1.000000000000000000e+00,3.499999940395355225e-01,2.332227677106857300e-01,2.474647164344787598e-01,2.532988786697387695e-01,2.489157579839229584e-02,3.110827691853046417e-02
5.400000000000138023e+00,3.410897511642587698e-01,3.501997213583825097e-01,4.428975266139344669e+00,-2.697222999801960133e-02,6.775231416683169527e-01,inf,1.000000000000000000e+00,3.499999940395355225e-01,2.401308864355087280e-01,2.480500638484954834e-01,2.478195875883102417e-01,2.442310191690921783e-02,2.968101017177104950e-02
5.420000000000144702e+00,3.381124509216143492e-01,3.427835924761276631e-01,4.373016456547034636e+00,-2.774742016272080392e-02,6.768771498643992857e-01,inf,1.000000000000000000e+00,3.499999940395355225e-01,2.461068779230117798e-01,2.488209754228591919e-01,2.396855950355529785e-01,2.574579417705535889e-02,3.272460028529167175e-02
5.440000000000151381e+00,3.348304650105625169e-01,3.357725809434529696e-01,4.317295905211253171e+00,-2.779878849826280390e-02,6.768343429181142845e-01,inf,1.000000000000000000e+00,3.499999940395355225e-01,2.487595379352569580e-01,2.480610013008117676e-01,2.309516370296478271e-01,2.619599737226963043e-02,3.795794770121574402e-02
5.460000000000158060e+00,3.312092378187115882e-01,3.290686448309091405e-01,4.260103757543480363e+00,-2.691310797101191879e-02,6.775724100241566905e-01,inf,1.000000000000000000e+00,3.499999940395355225e-01,2.503331303596496582e-01,2.456960082054138184e-01,2.239479422569274902e-01,2.447287179529666901e-02,4.191017523407936096e-02
5.480000000000164739e+00,3.272108345122377027e-01,3.227687808227425181e-01,4.201479509189691264e+00,-2.544702562607090504e-02,6.787941453116075330e-01,inf,1.000000000000000000e+00,3.499999940395355225e-01,2.547604441642761230e-01,2.423726171255111694e-01,2.177682518959045410e-01,2.159053087234497070e-02,4.259594157338142395e-02
5.500000000000171418e+00,3.227752396682276870e-01,3.170833793801675071e-01,4.143234380485361967e+00,-2.403315329500039718e-02,6.799723722541662907e-01,inf,1.000000000000000000e+00,3.499999940395355225e-01,2.622886002063751221e-01,2.381957024335861206e-01,2.085097432136535645e-01,1.905188336968421936e-02,4.060646146535873413e-02
5.520000000000178098e+00,3.178654370764079640e-01,3.122002737177641540e-01,4.087525030433674544e+00,-2.311685846682198786e-02,6.807359512776482990e-01,inf,1.000000000000000000e+00,3.499999940395355225e-01,2.706240415573120117e-01,2.337881922721862793e-01,1.951888352632522583e-01,1.785562932491302490e-02,3.849403187632560730e-02
5.540000000000184777e+00,3.125135265039685750e-01,3.082264143229608289e-01,4.036112327126878618e+00,-2.270688632927883935e-02,6.810775947256009211e-01,inf,1.000000000000000000e+00,3.499999940395355225e-01,2.785200774669647217e-01,2.307670414447784424e-01,1.818042099475860596e-01,1.786366477608680725e-02,3.808100149035453796e-02
5.560000000000191456e+00,3.068183056600872760e-01,3.051970527970883085e-01,3.990884844101510787e+00,-2.264554428627904917e-02,6.811287130947674129e-01,inf,1.000000000000000000e+00,3.499999940395355225e-01,2.870602011680603027e-01,2.307823449373245239e-01,1.736627221107482910e-01,1.892663352191448212e-02,3.904930874705314636e-02
5.580000000000198135e+00,3.008704321335998744e-01,3.030954958923889331e-01,3.954672757703555863e+00,-2.320523267101886125e-02,6.806623061074842385e-01,inf,1.000000000000000000e+00,3.499999940395355225e-01,2.994872927665710449e-01,2.349266856908798218e-01,1.744631081819534302e-01,2.204189077019691467e-02,3.955339640378952026e-02
5.600000000000204814e+00,2.946909040544758440e-01,3.018572771441905278e-01,3.931102158485049625e+00,-2.513325608769103464e-02,6.790556199269240922e-01,inf,1.000000000000000000e+00,3.499999940395355225e-01,3.183293640613555908e-01,2.429844886064529419e-01,1.838012635707855225e-01,2.851240523159503937e-02,3.785086050629615784e-02
5.620000000000211493e+00,2.882964104331552924e-01,3.013576231303191078e-01,3.922609944372164037e+00,-2.789825707322495310e-02,6.767514524389791619e-01,inf,1.000000000000000000e+00,3.499999940395355225e-01,3.397292494773864746e-01,2.526651918888092041e-01,1.967859566211700439e-01,3.889104351401329041e-02,3.488630801439285278e-02
5.640000000000218172e+00,2.818517534829365068e-01,3.014139992288252801e-01,3.927366595508623437e+00,-2.820445230851476026e-02,6.764962897429043220e-01,inf,1.000000000000000000e+00,3.499999940395355225e-01,3.499999940395355225e-01,2.603702843189239502e-01,2.077167928218841553e-01,5.136649683117866516e-02,3.397743403911590576e-02
5.660000000000224851e+00,2.755881095689162730e-01,3.018080282749957544e-01,3.939743938550590130e+00,-2.743070970705456871e-02,6.771410752441211489e-01,inf,1.000000000000000000e+00,3.499999940395355225e-01,3.499999940395355225e-01,2.652780413627624512e-01,2.156273722648620605e-01,6.036780774593353271e-02,3.577757254242897034e-02
5.680000000000231530e+00,2.696128582586903577e-01,3.024125289670456240e-01,3.955111636463347402e+00,-2.611317302002378118e-02,6.782390224833134695e-01,inf,1.000000000000000000e+00,3.499999940395355225e-01,3.499999940395355225e-01,2.678032815456390381e-01,2.198558747768402100e-01,6.371863931417465210e-02,3.889869898557662964e-02
5.700000000000238209e+00,2.639075317915042795e-01,3.032590028259324333e-01,3.972202819401270624e+00,-2.380981552904346335e-02,6.801584870591304011e-01,inf,1.000000000000000000e+00,3.499999940395355225e-01,3.499999940395355225e-01,2.671051025390625000e-01,2.188807576894760132e-01,6.326914578676223755e-02,4.139446839690208435e-02
5.720000000000244889e+00,2.584079898153283650e-01,3.044570274425225653e-01,3.992238505468407528e+00,-1.997905267124688855e-02,6.833507894406275485e-01,inf,1.000000000000000000e+00,3.499999940395355225e-01,3.499999940395355225e-01,2.643648684024810791e-01,2.145769000053405762e-01,6.183190643787384033e-02,4.267043620347976685e-02
5.740000000000251568e+00,2.530416530433580169e-01,3.060792926786976009e-01,4.017981797141811917e+00,-1.514202238192345791e-02,6.873816480150637398e-01,inf,1.000000000000000000e+00,3.499999940395355225e-01,3.499999940395355225e-01,2.630194425582885742e-01,2.125955671072006226e-01,6.281220167875289917e-02,4.296265542507171631e-02
5.760000000000258247e+00,2.477394098059129690e-01,3.080842294869826636e-01,4.053035596996113377e+00,-1.118930166807521366e-02,6.906755819432706112e-01,inf,1.000000000000000000e+00,3.499999940395355225e-01,3.499999940395355225e-01,2.664543986320495605e-01,2.197290360927581787e-01,6.902193278074264526e-02,4.246551170945167542e-02
5.780000000000264926e+00,2.424742449297244695e-01,3.103325019970856191e-01,4.100924706840699763e+00,-1.068228025551123429e-02,6.910980997870739273e-01,inf,1.000000000000000000e+00,3.499999940395355225e-01,3.499999940395355225e-01,2.752899825572967529e-01,2.399778664112091064e-01,8.208572864532470703e-02,4.179337993264198303e-02
5.800000000000271605e+00,2.373367068132063440e-01,3.126833580908497945e-01,4.163584846996321254e+00,-1.516928028622022140e-02,6.873589330948164378e-01,inf,1.000000000000000000e+00,3.499999940395355225e-01,3.499999940395355225e-01,2.858096361160278320e-01,2.689985334873199463e-01,1.008855253458023071e-01,4.223779588937759399e-02
5.820000000000278284e+00,2.325671689240668694e-01,3.150020175842901393e-01,4.239805078500706870e+00,-2.297878103288102450e-02,6.808510158059324358e-01,inf,1.000000000000000000e+00,3.499999940395355225e-01,3.499999940395355225e-01,2.938692569732666016e-01,2.951855957508087158e-01,1.202985122799873352e-01,4.509219527244567871e-02
5.840000000000284963e+00,2.284706958569232005e-01,3.171406925900495111e-01,4.325112486044125681e+00,-3.030247964327989832e-02,6.747479336306000386e-01,inf,1.000000000000000000e+00,3.499999940395355225e-01,3.499999940395355225e-01,2.984656095504760742e-01,3.099199831485748291e-01,1.326525360345840454e-01,4.886351898312568665e-02
5.860000000000291642e+00,2.251749888192970950e-01,3.189763993623631055e-01,4.413397298030888649e+00,-3.448233710900518861e-02,6.712647190758289639e-01,inf,1.000000000000000000e+00,3.499999940395355225e-01,3.499999940395355225e-01,2.997579574584960938e-01,3.117274641990661621e-01,1.345145255327224731e-01,5.170283839106559753e-02
5.880000000000298321e+00,2.226216297842881220e-01,3.204218274545513889e-01,4.499379588975792821e+00,-3.415175787452277845e-02,6.715402017712309712e-01,inf,1.000000000000000000e+00,3.499999940395355225e-01,3.499999940395355225e-01,2.975182533264160156e-01,3.031810522079467773e-01,1.281125545501708984e-01,5.344981700181961060e-02
5.900000000000305000e+00,2.206988840503786298e-01,3.214118474743189457e-01,4.580594087833460115e+00,-2.943773717351842734e-02,6.754685523554012638e-01,inf,1.000000000000000000e+00,3.499999940395355225e-01,3.499999940395355225e-01,2.934372127056121826e-01,2.913057804107666016e-01,1.189264357089996338e-01,5.429465323686599731e-02
5.920000000000311680e+00,2.193461595426727806e-01,3.219423237547385241e-01,4.658323570948094350e+00,-2.315467078504904533e-02,6.807044410124590827e-01,inf,1.000000000000000000e+00,3.499999940395355225e-01,3.499999940395355225e-01,2.920958995819091797e-01,2.873493134975433350e-01,1.146646663546562195e-01,5.449778586626052856e-02
5.940000000000318359e+00,2.186689056057198877e-01,3.221248157581857452e-01,4.736898397874979239e+00,-1.985318602626535631e-02,6.834556783114454914e-01,inf,1.000000000000000000e+00,3.499999940395355225e-01,3.499999940395355225e-01,2.964212596416473389e-01,2.989554703235626221e-01,1.208993345499038696e-01,5.400951206684112549e-02
5.960000000000325038e+00,2.189272020196617596e-01,3.220904686595096322e-01,4.821179199848866226e+00,-2.311714585776489597e-02,6.807357117851958739e-01,inf,1.000000000000000000e+00,3.499999940395355225e-01,3.499999940395355225e-01,3.036623597145080566e-01,3.223317265510559082e-01,1.374169290065765381e-01,5.382764711976051331e-02
5.980000000000331717e+00,2.204288388338856985e-01,3.216633318118440332e-01,4.910784863893637997e+00,-3.199708097964264197e-02,6.733357658502977516e-01,inf,1.000000000000000000e+00,3.380216062068939209e-01,3.499999940395355225e-01,3.061126172542572021e-01,3.389460444450378418e-01,1.500742882490158081e-01,5.208988487720489502e-02
6.000000000000338396e+00,2.231592540768537747e-01,3.205022821197568428e-01,4.999234645648924946e+00,-3.999865338956802574e-02,6.666677888420265985e-01,inf,1.000000000000000000e+00,3.236443102359771729e-01,3.499999940395355225e-01,3.029125034809112549e-01,3.414832353591918945e-01,1.517813205718994141e-01,4.870688915252685547e-02
6.020000000000345075e+00,2.265863693622794939e-01,3.186271143389454163e-01,5.082049250145153074e+00,-4.740431410334933204e-02,6.604964049138755122e-01,inf,1.000000000000000000e+00,3.237379193305969238e-01,3.487554192543029785e-01,3.020172119140625000e-01,3.378283381462097168e-01,1.495425105094909668e-01,4.865061864256858826e-02
6.040000000000351754e+00,2.301041487870798541e-01,3.162503969804355552e-01,5.159074089632784244e+00,-5.473516985803996565e-02,6.543873584516333164e-01,inf,1.000000000000000000e+00,3.289597630500793457e-01,3.455775380134582520e-01,3.023516833782196045e-01,3.315109610557556152e-01,1.434657275676727295e-01,5.241251736879348755e-02
6.060000000000358433e+00,2.335974189754077557e-01,3.133362914814833422e-01,5.228852383243315138e+00,-6.058546157042856567e-02,6.495121153579761497e-01,inf,1.000000000000000000e+00,3.292171359062194824e-01,3.377068042755126953e-01,2.998670041561126709e-01,3.236180841922760010e-01,1.346865594387054443e-01,5.738395825028419495e-02
6.080000000000365112e+00,2.373415676396417595e-01,3.096589723966191032e-01,5.287902393880887786e+00,-6.430381471534704629e-02,6.464134877372107457e-01,inf,1.000000000000000000e+00,3.240520954132080078e-01,3.256568908691406250e-01,2.959783375263214111e-01,3.192140758037567139e-01,1.272175163030624390e-01,6.026420369744300842e-02
6.100000000000371791e+00,2.416193070718547498e-01,3.051228431781742856e-01,5.333380437167560828e+00,-6.807919828814705532e-02,6.432673347598774072e-01,inf,1.000000000000000000e+00,3.145929574966430664e-01,3.111170530319213867e-01,2.916583716869354248e-01,3.206276595592498779e-01,1.222264394164085388e-01,5.892825499176979065e-02
6.120000000000378471e+00,2.465098642798329576e-01,2.999990373808162358e-01,5.365902618715922223e+00,-7.287959461081587598e-02,6.392670044909867233e-01,inf,1.000000000000000000e+00,3.077203035354614258e-01,3.011496961116790771e-01,2.880893349647521973e-01,3.238258361816406250e-01,1.189038380980491638e-01,5.419101566076278687e-02
6.140000000000385150e+00,2.517854782820392878e-01,2.947874057267848569e-01,5.389620230944600188e+00,-7.731655592272369815e-02,6.355695367310635335e-01,inf,1.000000000000000000e+00,3.053685724735260010e-01,2.972843945026397705e-01,2.853611707687377930e-01,3.232159912586212158e-01,1.168580129742622375e-01,4.974657669663429260e-02
6.160000000000391829e+00,2.570829254551985632e-01,2.897629188339143624e-01,5.408124812677319149e+00,-7.977553639215119452e-02,6.335203863398739532e-01,inf,1.000000000000000000e+00,3.042396903038024902e-01,2.927156090736389160e-01,2.831398546695709229e-01,3.183135390281677246e-01,1.137061342597007751e-01,4.955575242638587952e-02
6.180000000000398508e+00,2.621561301209214268e-01,2.847154850045069407e-01,5.421075344937315243e+00,-8.035136935192718766e-02,6.330405255400606279e-01,inf,1.000000000000000000e+00,3.034916222095489502e-01,2.814717590808868408e-01,2.794922888278961182e-01,3.105031847953796387e-01,1.052384600043296814e-01,5.198255181312561035e-02
6.200000000000405187e+00,2.669247950221480536e-01,2.791657031251736365e-01,5.425629771943601298e+00,-8.026669676369299622e-02,6.331110860302557874e-01,inf,1.000000000000000000e+00,3.078877925872802734e-01,2.645701169967651367e-01,2.736339271068572998e-01,3.011245131492614746e-01,8.928360790014266968e-02,5.264258757233619690e-02
6.220000000000411866e+00,2.713841235711946798e-01,2.729433103811812478e-01,5.420960301864351294e+00,-8.113619740907891675e-02,6.323865021591008606e-01,inf,1.000000000000000000e+00,3.206224739551544189e-01,2.512129843235015869e-01,2.690728008747100830e-01,2.936727404594421387e-01,7.114632427692413330e-02,5.118845775723457336e-02
6.240000000000418545e+00,2.755902925765832401e-01,2.663847935441818748e-01,5.408792926417608449e+00,-8.298456325437748859e-02,6.308461972880187174e-01,inf,1.000000000000000000e+00,3.325479328632354736e-01,2.462244331836700439e-01,2.677749395370483398e-01,2.910318970680236816e-01,5.986089631915092468e-02,4.940161108970642090e-02
6.260000000000425224e+00,2.797805581973653588e-01,2.598782834291241128e-01,5.390632862873164122e+00,-8.514436904199533529e-02,6.290463591316705072e-01,inf,1.000000000000000000e+00,3.379411101341247559e-01,2.456129938364028931e-01,2.677252888679504395e-01,2.891951799392700195e-01,5.627980455756187439e-02,4.779173061251640320e-02
6.280000000000431903e+00,2.841274743039996498e-01,2.534798644706068860e-01,5.365874373719512924e+00,-8.631303748357455063e-02,6.280724687636878301e-01,inf,1.000000000000000000e+00,3.392810225486755371e-01,2.438960969448089600e-01,2.658688724040985107e-01,2.830094099044799805e-01,5.560198053717613220e-02,4.632751643657684326e-02
6.300000000000438583e+00,2.885658113881445219e-01,2.468696896935359542e-01,5.332766703581454770e+00,-8.465539967477483940e-02,6.294538336043542515e-01,inf,1.000000000000000000e+00,3.410660624504089355e-01,2.380433529615402222e-01,2.609125077724456787e-01,2.717306315898895264e-01,5.254490301012992859e-02,4.511601850390434265e-02
6.320000000000445262e+00,2.928676099232316865e-01,2.396778644577171047e-01,5.290717953319497013e+00,-8.052108537176771996e-02,6.328990955235268556e-01,inf,1.000000000000000000e+00,3.460917472839355469e-01,2.300869375467300415e-01,2.554173469543457031e-01,2.610881328582763672e-01,4.515420645475387573e-02,4.392806813120841980e-02
6.340000000000451941e+00,2.968477383866515162e-01,2.318850741393938542e-01,5.241313054347207512e+00,-7.488239495805401602e-02,6.375980042016216043e-01,inf,1.000000000000000000e+00,3.499999940395355225e-01,2.262098938226699829e-01,2.523409426212310791e-01,2.569703459739685059e-01,3.723477199673652649e-02,4.244481399655342102e-02
6.360000000000458620e+00,3.004605768144377742e-01,2.238195765444355168e-01,5.187066229516762661e+00,-7.024158134706089129e-02,6.414653488774492152e-01,inf,1.000000000000000000e+00,3.499999940395355225e-01,2.270971387624740601e-01,2.507635354995727539e-01,2.565617561340332031e-01,3.181409090757369995e-02,4.011090099811553955e-02
6.380000000000465299e+00,3.036848638144132306e-01,2.157995137552041198e-01,5.130250193241961298e+00,-6.847459729285265695e-02,6.429378355892894081e-01,inf,1.000000000000000000e+00,3.499999940395355225e-01,2.298356145620346069e-01,2.491895258426666260e-01,2.542991638183593750e-01,2.840907312929630280e-02,3.707324713468551636e-02
6.400000000000471978e+00,3.064506974107269466e-01,2.079434557271724326e-01,5.072494333560927160e+00,-6.981325318237398270e-02,6.418222890146882964e-01,inf,1.000000000000000000e+00,3.499999940395355225e-01,2.344914972782135010e-01,2.480633556842803955e-01,2.491291612386703491e-01,2.672187983989715576e-02,3.555370122194290161e-02
6.420000000000478657e+00,3.086889170633340118e-01,2.002249890140080923e-01,5.014562007345978678e+00,-7.285294242818447785e-02,6.392892146431795597e-01,inf,1.000000000000000000e+00,3.499999940395355225e-01,2.398707121610641479e-01,2.470355480909347534e-01,2.414400577545166016e-01,2.618137933313846588e-02,3.683698549866676331e-02
6.440000000000485336e+00,3.103674742886989302e-01,1.925805487687952677e-01,4.956362476215192991e+00,-7.553739841650730646e-02,6.370521679862438669e-01,inf,1.000000000000000000e+00,3.499999940395355225e-01,2.441439777612686157e-01,2.453161180019378662e-01,2.323734313249588013e-01,2.566290833055973053e-02,4.013682529330253601e-02
6.460000000000492015e+00,3.114722560450571276e-01,1.850008194059727940e-01,4.897490748275218131e+00,-7.684681294073496260e-02,6.359609892160541511e-01,inf,1.000000000000000000e+00,3.499999940395355225e-01,2.471725195646286011e-01,2.426797449588775635e-01,2.235826849937438965e-01,2.428821846842765808e-02,4.334295541048049927e-02
6.480000000000498694e+00,3.119544005872541548e-01,1.775696290297906765e-01,4.838243141409723336e+00,-7.709060773137506317e-02,6.357578268905207386e-01,inf,1.000000000000000000e+00,3.499999940395355225e-01,2.510527372360229492e-01,2.397179156541824341e-01,2.160308361053466797e-01,2.233433723449707031e-02,4.473818466067314148e-02
6.500000000000505374e+00,3.117163504510836458e-01,1.704264614323049987e-01,4.780156749955777329e+00,-7.655710178960854762e-02,6.362024151753261636e-01,inf,1.000000000000000000e+00,3.499999940395355225e-01,2.573309242725372314e-01,2.370037138462066650e-01,2.087679207324981689e-01,2.077065780758857727e-02,4.405160620808601379e-02
6.520000000000512053e+00,3.106610537560556828e-01,1.636987660575145442e-01,4.725473779561895071e+00,-7.479281060241595169e-02,6.376726578313199889e-01,inf,1.000000000000000000e+00,3.499999940395355225e-01,2.658078968524932861e-01,2.349520921707153320e-01,2.006424069404602051e-01,2.038639783859252930e-02,4.240565374493598938e-02
6.540000000000518732e+00,3.087455425895180294e-01,1.574596728687954750e-01,4.676397468800715274e+00,-7.126133601528107653e-02,6.406155533205990515e-01,inf,1.000000000000000000e+00,3.499999940395355225e-01,2.760464847087860107e-01,2.342516481876373291e-01,1.924657523632049561e-01,2.135364152491092682e-02,4.119330272078514099e-02
6.560000000000525411e+00,3.060062040547077977e-01,1.517446847173741231e-01,4.634800983843867073e+00,-6.648360061200588034e-02,6.445969994899950484e-01,inf,1.000000000000000000e+00,3.499999940395355225e-01,2.878620922565460205e-01,2.354668229818344116e-01,1.864038407802581787e-01,2.337943576276302338e-02,4.082976281642913818e-02
6.580000000000532090e+00,3.025297620143733157e-01,1.465633033505037153e-01,4.602158446495673516e+00,-6.293592103434154927e-02,6.475533991380486576e-01,inf,1.000000000000000000e+00,3.499999940395355225e-01,3.006566762924194336e-01,2.385545819997787476e-01,1.843425482511520386e-01,2.647562138736248016e-02,4.072132334113121033e-02
6.600000000000538769e+00,2.984271220243425726e-01,1.418964355624235951e-01,4.579478060749913482e+00,-6.405646917179992628e-02,6.466196090235000193e-01,inf,1.000000000000000000e+00,3.499999940395355225e-01,3.140478730201721191e-01,2.432131320238113403e-01,1.870189309120178223e-01,3.112778812646865845e-02,4.013624414801597595e-02
6.620000000000545448e+00,2.938193584894924215e-01,1.376933636834292152e-01,4.567263710853670666e+00,-7.102881387023049498e-02,6.408093217748078718e-01,inf,1.000000000000000000e+00,3.499999940395355225e-01,3.276667594909667969e-01,2.488010525703430176e-01,1.932533383369445801e-01,3.751213476061820984e-02,3.900167346000671387e-02
6.640000000000552127e+00,2.888390791776736521e-01,1.339010488646957264e-01,4.565249711248211995e+00,-7.949358441650997142e-02,6.337553463195749748e-01,inf,1.000000000000000000e+00,3.499999940395355225e-01,3.395794332027435303e-01,2.540374696254730225e-01,2.004719674587249756e-01,4.498061537742614746e-02,3.816706687211990356e-02
6.660000000000558806e+00,2.836217007376233834e-01,1.304938909680142811e-01,4.572120051020472253e+00,-8.400961253815898699e-02,6.299919895515341262e-01,inf,1.000000000000000000e+00,3.499999940395355225e-01,3.476074337959289551e-01,2.579379677772521973e-01,2.067299038171768188e-01,5.209548026323318481e-02,3.825034201145172119e-02
6.680000000000565485e+00,2.782964227970144422e-01,1.274530196628975709e-01,4.585844343820409286e+00,-8.371613903121807865e-02,6.302365508073182188e-01,inf,1.000000000000000000e+00,3.499999940395355225e-01,3.499999940395355225e-01,2.606908679008483887e-01,2.116631418466567993e-01,5.768761038780212402e-02,3.915781527757644653e-02
6.700000000000572165e+00,2.729425272154727966e-01,1.247627641458680658e-01,4.604989150122383634e+00,-7.964404420587234412e-02,6.336299631617730022e-01,inf,1.000000000000000000e+00,3.499999940395355225e-01,3.499999940395355225e-01,2.628872990608215332e-01,2.160899341106414795e-01,6.178535521030426025e-02,4.051135852932929993e-02
6.720000000000578844e+00,2.675662892702906914e-01,1.224102561204653550e-01,4.629780243977305254e+00,-7.297772857109578737e-02,6.391852261907534638e-01,inf,1.000000000000000000e+00,3.499999940395355225e-01,3.499999940395355225e-01,2.650015056133270264e-01,2.210027873516082764e-01,6.563724577426910400e-02,4.166831821203231812e-02
6.740000000000585523e+00,2.621442209283308400e-01,1.203731548087994541e-01,4.661729663917759225e+00,-6.537197474791178742e-02,6.455233543767401327e-01,inf,1.000000000000000000e+00,3.499999940395355225e-01,3.499999940395355225e-01,2.676841616630554199e-01,2.277202904224395752e-01,7.075119018554687500e-02,4.224970564246177673e-02
6.760000000000592202e+00,2.566837736558676974e-01,1.186161510787281381e-01,4.702632049676198633e+00,-5.930777294502495578e-02,6.505768558791458211e-01,inf,1.000000000000000000e+00,3.499999940395355225e-01,3.499999940395355225e-01,2.715679705142974854e-01,2.376859337091445923e-01,7.811777293682098389e-02,4.246507585048675537e-02
6.780000000000598881e+00,2.512521287903273781e-01,1.171161707440435129e-01,4.753709617408839350e+00,-5.764718225753714953e-02,6.519606814520523264e-01,inf,1.000000000000000000e+00,3.499999940395355225e-01,3.499999940395355225e-01,2.765203416347503662e-01,2.510320246219635010e-01,8.767453581094741821e-02,4.283729940652847290e-02
6.800000000000605560e+00,2.459705613555828174e-01,1.158620730598959314e-01,4.815002538584026048e+00,-6.203249978059188763e-02,6.483062501828400492e-01,inf,1.000000000000000000e+00,3.499999940395355225e-01,3.499999940395355225e-01,2.816185951232910156e-01,2.657338380813598633e-01,9.823027253150939941e-02,4.386487603187561035e-02
6.820000000000612239e+00,2.409994965585243731e-01,1.148486355428522399e-01,4.885199486664521196e+00,-7.127255060760200045e-02,6.406062078269982862e-01,inf,1.000000000000000000e+00,3.499999940395355225e-01,3.499999940395355225e-01,2.860282957553863525e-01,2.789942920207977295e-01,1.082387194037437439e-01,4.584485664963722229e-02
6.840000000000618918e+00,2.365232632431837345e-01,1.140677849847562264e-01,4.962031893293689322e+00,-8.158116930305565895e-02,6.320156922474535754e-01,inf,1.000000000000000000e+00,3.499999940395355225e-01,3.499999940395355225e-01,2.893125712871551514e-01,2.887913882732391357e-01,1.161229982972145081e-01,4.842542856931686401e-02
6.860000000000625597e+00,2.326960712031389544e-01,1.135039116542257975e-01,5.042975487296521564e+00,-8.852674703143392776e-02,6.262277108071383491e-01,inf,1.000000000000000000e+00,3.499999940395355225e-01,3.499999940395355225e-01,2.913090288639068604e-01,2.945277988910675049e-01,1.208946406841278076e-01,5.082879215478897095e-02
6.880000000000632276e+00,2.296024681884357155e-01,1.131282095043540936e-01,5.125939160001056649e+00,-8.909422456504922927e-02,6.257548128624589312e-01,inf,1.000000000000000000e+00,3.499999940395355225e-01,3.499999940395355225e-01,2.922810018062591553e-01,2.973765432834625244e-01,1.231125667691230774e-01,5.258015170693397522e-02
6.900000000000638956e+00,2.272781911376436370e-01,1.129127021532200237e-01,5.209782117826722292e+00,-8.301693996236089723e-02,6.308192166980325366e-01,inf,1.000000000000000000e+00,3.499999940395355225e-01,3.499999940395355225e-01,2.930119633674621582e-01,2.998183071613311768e-01,1.245806515216827393e-01,5.364418774843215942e-02
6.920000000000645635e+00,2.257466312553966792e-01,1.128522871748892653e-01,5.294416318391704124e+00,-7.342874771201213235e-02,6.388093769066565120e-01,inf,1.000000000000000000e+00,3.499999940395355225e-01,3.499999940395355225e-01,2.943865656852722168e-01,3.043578863143920898e-01,1.273184716701507568e-01,5.426768213510513306e-02
6.940000000000652314e+00,2.250494181842591090e-01,1.129723689211311055e-01,5.380367925011212193e+00,-6.585806864071849787e-02,6.451182761327345361e-01,inf,1.000000000000000000e+00,3.499999940395355225e-01,3.499999940395355225e-01,2.966067194938659668e-01,3.117478191852569580e-01,1.322692930698394775e-01,5.476575344800949097e-02
6.960000000000658993e+00,2.253351172525877022e-01,1.132548407110148259e-01,5.466895988992104272e+00,-6.771436452759313496e-02,6.435713628936723385e-01,inf,1.000000000000000000e+00,3.432414531707763672e-01,3.499999940395355225e-01,2.988099157810211182e-01,3.199917376041412354e-01,1.382597684860229492e-01,5.521053075790405273e-02
6.980000000000665672e+00,2.267423353359303007e-01,1.136343778900374413e-01,5.552028043728227225e+00,-7.591249527583178447e-02,6.367395872701401283e-01,inf,1.000000000000000000e+00,3.357893228530883789e-01,3.499999940395355225e-01,3.000673949718475342e-01,3.262335062026977539e-01,1.427317559719085693e-01,5.484784767031669617e-02
7.000000000000672351e+00,2.292211258445870925e-01,1.140439452125713848e-01,5.634068348492536238e+00,-8.272115436424040680e-02,6.310657046964662786e-01,inf,1.000000000000000000e+00,3.297870755195617676e-01,3.499999940395355225e-01,3.000357747077941895e-01,3.287104964256286621e-01,1.441609412431716919e-01,5.423622205853462219e-02
7.020000000000679030e+00,2.325909205086832965e-01,1.143511667929795195e-01,5.711348406274860068e+00,-8.894667071062527242e-02,6.258777744078122263e-01,inf,1.000000000000000000e+00,3.256301879882812500e-01,3.450209498405456543e-01,2.991430163383483887e-01,3.278018236160278320e-01,1.427185237407684326e-01,5.441688746213912964e-02
7.040000000000685709e+00,2.366603869420751960e-01,1.143936615119804934e-01,5.782421065997711551e+00,-9.645753264458231668e-02,6.196187227961813537e-01,inf,1.000000000000000000e+00,3.224668204784393311e-01,3.388447761535644531e-01,2.980664670467376709e-01,3.259063661098480225e-01,1.393090039491653442e-01,5.602265521883964539e-02
7.060000000000692388e+00,2.413532843704397912e-01,1.140859678321775039e-01,5.845853146824291358e+00,-1.037099190342527927e-01,6.135750674714559594e-01,inf,1.000000000000000000e+00,3.175593614578247070e-01,3.306996226310729980e-01,2.961614429950714111e-01,3.238234221935272217e-01,1.349522769451141357e-01,5.805574357509613037e-02
7.080000000000699067e+00,2.467441211364931886e-01,1.134547018115246719e-01,5.899820490600081513e+00,-1.084393258346639521e-01,6.096338951377799908e-01,inf,1.000000000000000000e+00,3.105869889259338379e-01,3.197828233242034912e-01,2.931385040283203125e-01,3.220879435539245605e-01,1.302522569894790649e-01,5.926376208662986755e-02
7.100000000000705747e+00,2.528234808879347151e-01,1.125509262846939307e-01,5.943155964645312039e+00,-1.090641534667688983e-01,6.091132054443592070e-01,inf,1.000000000000000000e+00,3.039403557777404785e-01,3.076053559780120850e-01,2.891639471054077148e-01,3.205008208751678467e-01,1.248356550931930542e-01,5.890557542443275452e-02
7.120000000000712426e+00,2.593939758887755520e-01,1.114598068268443098e-01,5.976382178946307633e+00,-1.071894152521628979e-01,6.106754872898642050e-01,inf,1.000000000000000000e+00,3.007568717002868652e-01,2.967614531517028809e-01,2.849653959274291992e-01,3.182016611099243164e-01,1.182442605495452881e-01,5.713260918855667114e-02
7.140000000000719105e+00,2.661677072805048727e-01,1.102732627461880943e-01,6.001479792621541520e+00,-1.060723611934581978e-01,6.116063656721181241e-01,inf,1.000000000000000000e+00,3.011755943298339844e-01,2.880980372428894043e-01,2.814764678478240967e-01,3.149043619632720947e-01,1.108430027961730957e-01,5.533562973141670227e-02
7.160000000000725784e+00,2.729560766660716897e-01,1.090228066323135070e-01,6.020060328486530388e+00,-1.070841993976474199e-01,6.107631671686271080e-01,inf,1.000000000000000000e+00,3.028763830661773682e-01,2.799739837646484375e-01,2.785421609878540039e-01,3.107429146766662598e-01,1.029119640588760376e-01,5.451260507106781006e-02
7.180000000000732463e+00,2.797661885498034517e-01,1.076366382730665761e-01,6.032021141396414876e+00,-1.084572234250488904e-01,6.096189804791258826e-01,inf,1.000000000000000000e+00,3.049446046352386475e-01,2.707862854003906250e-01,2.753285467624664307e-01,3.056380748748779297e-01,9.402789175510406494e-02,5.411675572395324707e-02
7.200000000000739142e+00,2.867179517160562963e-01,1.059771179306996380e-01,6.036241257785051495e+00,-1.080674105020857922e-01,6.099438245815951287e-01,inf,1.000000000000000000e+00,3.089075684547424316e-01,2.610517442226409912e-01,2.717334032058715820e-01,2.995594143867492676e-01,8.389397710561752319e-02,5.333366245031356812e-02
7.220000000000745821e+00,2.938858337142095101e-01,1.039695712812482298e-01,6.032193970763475299e+00,-1.070196252229079076e-01,6.108169789809100303e-01,inf,1.000000000000000000e+00,3.156180083751678467e-01,2.525474727153778076e-01,2.684191465377807617e-01,2.931125462055206299e-01,7.354577630758285522e-02,5.215320736169815063e-02
7.240000000000752500e+00,3.011950531428385647e-01,1.016383869167724607e-01,6.020137114635767617e+00,-1.076722744554648309e-01,6.102731046204459275e-01,inf,1.000000000000000000e+00,3.231306076049804688e-01,2.462205290794372559e-01,2.658555209636688232e-01,2.873057126998901367e-01,6.478644907474517822e-02,5.098771676421165466e-02
7.260000000000759179e+00,3.085638085860436530e-01,9.904033220583025043e-02,6.000532498049655494e+00,-1.102095094317201845e-01,6.081587421402331328e-01,inf,1.000000000000000000e+00,3.294627070426940918e-01,2.415370941162109375e-01,2.637325823307037354e-01,2.821109890937805176e-01,5.820821598172187805e-02,4.988950490951538086e-02
7.280000000000765858e+00,3.159728964346762980e-01,9.620933969723383106e-02,5.973674261301429311e+00,-1.125566996451199397e-01,6.062027502957333391e-01,inf,1.000000000000000000e+00,3.345465064048767090e-01,2.374957352876663208e-01,2.614573240280151367e-01,2.768138349056243896e-01,5.303449928760528564e-02,4.863626137375831604e-02
7.300000000000772538e+00,3.234199201168212467e-01,9.311374895602908541e-02,5.939827370381390637e+00,-1.121657166006644751e-01,6.065285694994462240e-01,inf,1.000000000000000000e+00,3.393622636795043945e-01,2.337692826986312866e-01,2.589090168476104736e-01,2.713551223278045654e-01,4.824183508753776550e-02,4.714374244213104248e-02
7.320000000000779217e+00,3.308703651644590571e-01,8.969454857769593170e-02,5.899664616534652239e+00,-1.084836278780691998e-01,6.095969767682756224e-01,inf,1.000000000000000000e+00,3.444428443908691406e-01,2.309982627630233765e-01,2.565476298332214355e-01,2.665447890758514404e-01,4.356317222118377686e-02,4.557836055755615234e-02
7.340000000000785896e+00,3.382400936664296531e-01,8.592936061547640225e-02,5.854363039744425734e+00,-1.028473517817516392e-01,6.142938735152069230e-01,inf,1.000000000000000000e+00,3.495167791843414307e-01,2.299884557723999023e-01,2.547930181026458740e-01,2.629207670688629150e-01,3.942638635635375977e-02,4.420070350170135498e-02
7.360000000000792575e+00,3.454748036854424775e-01,8.186951192322428073e-02,5.804691427369099266e+00,-9.787859798310490078e-02,6.184345016807458739e-01,inf,1.000000000000000000e+00,3.499999940395355225e-01,2.309408038854598999e-01,2.536229193210601807e-01,2.600000798702239990e-01,3.621740639209747314e-02,4.324217140674591064e-02
7.380000000000799254e+00,3.525448031476370869e-01,7.754856479822136439e-02,5.750943667771809764e+00,-9.555455356543984813e-02,6.203712053621334155e-01,inf,1.000000000000000000e+00,3.499999940395355225e-01,2.322552502155303955e-01,2.517537772655487061e-01,2.558594346046447754e-01,3.319890052080154419e-02,4.189515486359596252e-02
7.400000000000805933e+00,3.593696140655801008e-01,7.293466165209205876e-02,5.693809875985618163e+00,-9.617925547094245686e-02,6.198506204408812392e-01,inf,1.000000000000000000e+00,3.499999940395355225e-01,2.350856363773345947e-01,2.497068345546722412e-01,2.506709694862365723e-01,3.065977804362773895e-02,4.106773063540458679e-02
7.420000000000812612e+00,3.658199670614422638e-01,6.799225694861821268e-02,5.634508105452862736e+00,-9.852504727937584639e-02,6.178957939338534100e-01,inf,1.000000000000000000e+00,3.499999940395355225e-01,2.394949942827224731e-01,2.476729750633239746e-01,2.443404495716094971e-01,2.883222885429859161e-02,4.138986021280288696e-02
7.440000000000819291e+00,3.717638473005988597e-01,6.271802472685050756e-02,5.574349197389035560e+00,-1.006611666632990093e-01,6.161156944472507835e-01,inf,1.000000000000000000e+00,3.499999940395355225e-01,2.445077002048492432e-01,2.455149292945861816e-01,2.367558628320693970e-01,2.756570279598236084e-02,4.273933917284011841e-02
7.460000000000825970e+00,3.770960944315784324e-01,5.714744748164318766e-02,5.514364624964509964e+00,-1.011840366057848717e-01,6.156799694951792246e-01,inf,1.000000000000000000e+00,3.499999940395355225e-01,2.492745071649551392e-01,2.432271987199783325e-01,2.285141646862030029e-01,2.650263719260692596e-02,4.439776018261909485e-02
7.480000000000832650e+00,3.817290077611108501e-01,5.134445954120947508e-02,5.455430168096204291e+00,-1.000603089700419918e-01,6.166164091916316314e-01,inf,1.000000000000000000e+00,3.499999940395355225e-01,2.540308833122253418e-01,2.411219626665115356e-01,2.207770794630050659e-01,2.552034705877304077e-02,4.559015855193138123e-02
7.500000000000839329e+00,3.855735283693122462e-01,4.538271518359182632e-02,5.398663566719147155e+00,-9.820213282639586594e-02,6.181648893113367293e-01,inf,1.000000000000000000e+00,3.499999940395355225e-01,2.596608102321624756e-01,2.395610809326171875e-01,2.141718268394470215e-01,2.486853674054145813e-02,4.593345522880554199e-02
7.520000000000846008e+00,3.885479280591090934e-01,3.932340213449769806e-02,5.345547199952228823e+00,-9.642426451690030986e-02,6.196464462359163594e-01,inf,1.000000000000000000e+00,3.499999940395355225e-01,2.667893767356872559e-01,2.387559264898300171e-01,2.084334045648574829e-01,2.487078495323657990e-02,4.552915692329406738e-02
7.540000000000852687e+00,3.906046979292072674e-01,3.319947749225937716e-02,5.297768621414784995e+00,-9.513176988608952611e-02,6.207235250949253436e-01,inf,1.000000000000000000e+00,3.499999940395355225e-01,2.757435739040374756e-01,2.388592958450317383e-01,2.031849175691604614e-01,2.569794468581676483e-02,4.477731883525848389e-02
7.560000000000859366e+00,3.917437892962254420e-01,2.703778193442185618e-02,5.256939214287927875e+00,-9.455209610711938495e-02,6.212065865774004658e-01,inf,1.000000000000000000e+00,3.499999940395355225e-01,2.866236567497253418e-01,2.399362325668334961e-01,1.985269933938980103e-01,2.734102308750152588e-02,4.396278411149978638e-02
7.580000000000866045e+00,3.920010615271417587e-01,2.086983940649023150e-02,5.224288820238506936e+00,-9.501621838900344008e-02,6.208198180091637486e-01,inf,1.000000000000000000e+00,3.499999940395355225e-01,2.986157536506652832e-01,2.417681813240051270e-01,1.949588209390640259e-01,2.974419482052326202e-02,4.304302483797073364e-02
7.600000000000872724e+00,3.914500335965208078e-01,1.473529067463819064e-02,5.200447411202299364e+00,-9.709070498806915417e-02,6.190910791766089938e-01,inf,1.000000000000000000e+00,3.499999940395355225e-01,3.102709352970123291e-01,2.442400902509689331e-01,1.933704316616058350e-01,3.308496251702308655e-02,4.208261519670486450e-02
7.620000000000879403e+00,3.901946535822637951e-01,8.684449667520632854e-03,5.185547154975623130e+00,-1.010598074223555548e-01,6.157834938147036530e-01,inf,1.000000000000000000e+00,3.499999940395355225e-01,3.210321962833404541e-01,2.474541515111923218e-01,1.945813894271850586e-01,3.752875700592994690e-02,4.133144021034240723e-02
7.640000000000886082e+00,3.883576651815412450e-01,2.751778022191841977e-03,5.179643842962562417e+00,-1.059942848866602672e-01,6.116714292611163950e-01,inf,1.000000000000000000e+00,3.499999940395355225e-01,3.307318985462188721e-01,2.512461245059967041e-01,1.985744237899780273e-01,4.295726120471954346e-02,4.092303663492202759e-02
7.660000000000892761e+00,3.860506363452311240e-01,-3.028399943485859946e-03,5.182763248660602784e+00,-1.098074476563408730e-01,6.084937936197158947e-01,inf,1.000000000000000000e+00,3.499999940395355225e-01,3.388951718807220459e-01,2.552425861358642578e-01,2.045988142490386963e-01,4.908224567770957947e-02,4.076456278562545776e-02
7.680000000000899441e+00,3.833637664180148397e-01,-8.627381425975633178e-03,5.194779996869796967e+00,-1.102206080890425627e-01,6.081494932591311464e-01,inf,1.000000000000000000e+00,3.499999940395355225e-01,3.450839817523956299e-01,2.591079771518707275e-01,2.117670774459838867e-01,5.560697242617607117e-02,4.077981039881706238e-02
7.700000000000906120e+00,3.803765845122093481e-01,-1.402143546752565584e-02,5.215365019761539322e+00,-1.068290867461180321e-01,6.109757610449015885e-01,inf,1.000000000000000000e+00,3.499999940395355225e-01,3.492213785648345947e-01,2.626946866512298584e-01,2.194238305091857910e-01,6.221630051732063293e-02,4.102487862110137939e-02
7.720000000000912799e+00,3.771700698762794346e-01,-1.918758309829693420e-02,5.243925577229044066e+00,-1.017183598046303289e-01,6.152347001628080125e-01,inf,1.000000000000000000e+00,3.499999940395355225e-01,3.499999940395355225e-01,2.660756409168243408e-01,2.273101955652236938e-01,6.868591159582138062e-02,4.156835749745368958e-02
7.740000000000919478e+00,3.738178568286800174e-01,-2.410901184725794399e-02,5.280022744022311088e+00,-9.725071758525562216e-02,6.189577353456202635e-01,inf,1.000000000000000000e+00,3.499999940395355225e-01,3.499999940395355225e-01,2.695025503635406494e-01,2.357719540596008301e-01,7.500383257865905762e-02,4.245664551854133606e-02
7.760000000000926157e+00,3.703736379265271106e-01,-2.876542799763748270e-02,5.323725889103855025e+00,-9.508557868787570477e-02,6.207620177601035349e-01,inf,1.000000000000000000e+00,3.499999940395355225e-01,3.499999940395355225e-01,2.729189693927764893e-01,2.447965145111083984e-01,8.144645392894744873e-02,4.345050454139709473e-02
7.780000000000932836e+00,3.668842106160190575e-01,-3.312722078046698160e-02,5.375269854176751849e+00,-9.593441047599204907e-02,6.200546579366732480e-01,inf,1.000000000000000000e+00,3.499999940395355225e-01,3.499999940395355225e-01,2.761849761009216309e-01,2.541242539882659912e-01,8.813423663377761841e-02,4.443211853504180908e-02
7.800000000000939515e+00,3.634139766129415583e-01,-3.715393347689938119e-02,5.434612417679578478e+00,-9.937684152851881947e-02,6.171859653929009371e-01,inf,1.000000000000000000e+00,3.499999940395355225e-01,3.499999940395355225e-01,2.792264223098754883e-01,2.633756101131439209e-01,9.495056420564651489e-02,4.550598189234733582e-02
7.820000000000946194e+00,3.600501584246224018e-01,-4.079524321199695658e-02,5.501258707409561133e+00,-1.040323105810317672e-01,6.133064078491401450e-01,inf,1.000000000000000000e+00,3.499999940395355225e-01,3.499999940395355225e-01,2.820702195167541504e-01,2.722760140895843506e-01,1.017575785517692566e-01,4.686342924833297729e-02
7.840000000000952873e+00,3.569003588940521388e-01,-4.399409300608148055e-02,5.574333862912541626e+00,-1.081076634842960266e-01,6.099102804297532598e-01,inf,1.000000000000000000e+00,3.499999940395355225e-01,3.499999940395355225e-01,2.847748100757598877e-01,2.807351350784301758e-01,1.084644347429275513e-01,4.858367517590522766e-02
7.860000000000959552e+00,3.540828615540094204e-01,-4.668571140727201252e-02,5.652744131864834820e+00,-1.100564482640385283e-01,6.082862931133011797e-01,inf,1.000000000000000000e+00,3.499999940395355225e-01,3.499999940395355225e-01,2.873209416866302490e-01,2.886607646942138672e-01,1.148806735873222351e-01,5.051264911890029907e-02
7.880000000000966232e+00,3.516989457426983323e-01,-4.881071798875624701e-02,5.735326146062125652e+00,-1.092105739779049706e-01,6.089911883517458158e-01,inf,1.000000000000000000e+00,3.499999940395355225e-01,3.499999940395355225e-01,2.896054685115814209e-01,2.958497405052185059e-01,1.206867173314094543e-01,5.234209075570106506e-02
7.900000000000972911e+00,3.498277006857321569e-01,-5.032805786427135830e-02,5.820915586429650013e+00,-1.061914193261884048e-01,6.115071505615096159e-01,inf,1.000000000000000000e+00,3.499999940395355225e-01,3.499999940395355225e-01,2.915176749229431152e-01,3.020813763141632080e-01,1.256079077720642090e-01,5.382687970995903015e-02
7.920000000000979590e+00,3.485788749751763671e-01,-5.121402901044125322e-02,5.907844224856733994e+00,-1.038556627782898367e-01,6.134536143514250917e-01,inf,1.000000000000000000e+00,3.465686440467834473e-01,3.499999940395355225e-01,2.930118441581726074e-01,3.072337508201599121e-01,1.295484304428100586e-01,5.492338910698890686e-02
7.940000000000986269e+00,3.480448628861849136e-01,-5.146566668425461843e-02,5.994453238209438872e+00,-1.044468728507095684e-01,6.129609392910753130e-01,inf,1.000000000000000000e+00,3.430880010128021240e-01,3.499999940395355225e-01,2.942377626895904541e-01,3.115339577198028564e-01,1.325801461935043335e-01,5.548982322216033936e-02
7.960000000000992948e+00,3.482419761212657838e-01,-5.109983993658084866e-02,6.079823232564860902e+00,-1.064506280418071604e-01,6.112911432984939886e-01,inf,1.000000000000000000e+00,3.397216796875000000e-01,3.499999940395355225e-01,2.952225804328918457e-01,3.149769306182861328e-01,1.349245011806488037e-01,5.593024939298629761e-02
7.980000000000999627e+00,3.491648071678743470e-01,-5.014393369542091694e-02,6.163275248443871313e+00,-1.084005651479242466e-01,6.096661957100630858e-01,inf,1.000000000000000000e+00,3.356590867042541504e-01,3.496760129928588867e-01,2.959325611591339111e-01,3.176089823246002197e-01,1.366930007934570312e-01,5.654028803110122681e-02
8.000000000001005418e+00,3.508493365375922601e-01,-4.864828718090113968e-02,6.243594602530873061e+00,-1.105079575249413304e-01,6.079100353958821756e-01,inf,1.000000000000000000e+00,3.305502831935882568e-01,3.463689386844635010e-01,2.962917983531951904e-01,3.195106685161590576e-01,1.378104686737060547e-01,5.731968581676483154e-02
8.020000000000994334e+00,3.533496353146362567e-01,-4.668507577707342593e-02,6.319182004270005315e+00,-1.123904589330367160e-01,6.063412842224693566e-01,inf,1.000000000000000000e+00,3.246437013149261475e-01,3.416907787322998047e-01,2.963156402111053467e-01,3.210856914520263672e-01,1.380848586559295654e-01,5.826608091592788696e-02
8.040000000000983249e+00,3.566859786192743131e-01,-4.434995677416780913e-02,6.388495506869282359e+00,-1.145625290422569859e-01,6.045312257981191317e-01,inf,1.000000000000000000e+00,3.179088234901428223e-01,3.349637389183044434e-01,2.955849170684814453e-01,3.218841254711151123e-01,1.371933221817016602e-01,5.910980328917503357e-02
8.060000000000972165e+00,3.608130081232224784e-01,-4.177865713561168537e-02,6.450249154149244823e+00,-1.163170307816611682e-01,6.030691410152823062e-01,inf,1.000000000000000000e+00,3.112795054912567139e-01,3.267820775508880615e-01,2.940463721752166748e-01,3.216097056865692139e-01,1.349101960659027100e-01,5.979051813483238220e-02
8.080000000000961080e+00,3.656196902566297702e-01,-3.905612486330006794e-02,6.503630344417925535e+00,-1.160441308011066486e-01,6.032965576657444151e-01,inf,1.000000000000000000e+00,3.057716190814971924e-01,3.180043101310729980e-01,2.918454110622406006e-01,3.201910257339477539e-01,1.311869621276855469e-01,6.042467802762985229e-02
8.100000000000949996e+00,3.709550479417130786e-01,-3.622298649256150416e-02,6.548502992929695843e+00,-1.129801876534711064e-01,6.058498436221073646e-01,inf,1.000000000000000000e+00,3.019884824752807617e-01,3.085297048091888428e-01,2.889319360256195068e-01,3.175885975360870361e-01,1.258109509944915771e-01,6.084929034113883972e-02
8.120000000000938911e+00,3.766752553494017719e-01,-3.335392376316642649e-02,6.584934887419470861e+00,-1.087704205578018529e-01,6.093579828684984045e-01,inf,1.000000000000000000e+00,3.004532456398010254e-01,2.981724143028259277e-01,2.852092385292053223e-01,3.140552639961242676e-01,1.185512915253639221e-01,6.053978577256202698e-02
8.140000000000927827e+00,3.826787984995034253e-01,-3.052213324914920811e-02,6.613105903729985968e+00,-1.058367482590418379e-01,6.118027097841317596e-01,inf,1.000000000000000000e+00,3.016062974929809570e-01,2.877762615680694580e-01,2.812362313270568848e-01,3.102537989616394043e-01,1.096211075782775879e-01,5.934308469295501709e-02
8.160000000000916742e+00,3.889044413426996361e-01,-2.776260083290899017e-02,6.633296721106364480e+00,-1.049154153258337191e-01,6.125704872284718494e-01,inf,1.000000000000000000e+00,3.046279549598693848e-01,2.782437801361083984e-01,2.776807248592376709e-01,3.065895140171051025e-01,9.991801530122756958e-02,5.768994241952896118e-02
8.180000000000905658e+00,3.953438183419994978e-01,-2.506865832919791259e-02,6.645654883733183915e+00,-1.048269542254054443e-01,6.126442048121620854e-01,inf,1.000000000000000000e+00,3.083875775337219238e-01,2.698262333869934082e-01,2.746113538742065430e-01,3.026635348796844482e-01,9.052177518606185913e-02,5.600018799304962158e-02
8.200000000000894573e+00,4.020418359928581431e-01,-2.242797051468092828e-02,6.650121100052092338e+00,-1.043328778640524312e-01,6.130559351132895962e-01,inf,1.000000000000000000e+00,3.126507401466369629e-01,2.624225020408630371e-01,2.717821896076202393e-01,2.978703975677490234e-01,8.195482939481735229e-02,5.453993007540702820e-02
8.220000000000883489e+00,4.090459444302070868e-01,-1.984224102474640983e-02,6.646613974413249970e+00,-1.035300199538701366e-01,6.137249833717748349e-01,inf,1.000000000000000000e+00,3.175380229949951172e-01,2.556114196777343750e-01,2.689080238342285156e-01,2.919621169567108154e-01,7.403498142957687378e-02,5.342509597539901733e-02
8.240000000000872404e+00,4.163497858432664289e-01,-1.737557734669858966e-02,6.634979844417109973e+00,-1.032664813718972702e-01,6.139445988567522328e-01,inf,1.000000000000000000e+00,3.229532837867736816e-01,2.490439414978027344e-01,2.659301459789276123e-01,2.854533791542053223e-01,6.647681444883346558e-02,5.253822728991508484e-02
8.260000000000861320e+00,4.239301318916843808e-01,-1.512426545825468205e-02,6.615180076809171972e+00,-1.038750943773180807e-01,6.134374213522348906e-01,inf,1.000000000000000000e+00,3.286081850528717041e-01,2.429423332214355469e-01,2.630997300148010254e-01,2.794507145881652832e-01,5.934228003025054932e-02,5.158684775233268738e-02
8.280000000000850235e+00,4.317468119802149173e-01,-1.312813623303266120e-02,6.587690557854698703e+00,-1.046738981178366446e-01,6.127717515684694138e-01,inf,1.000000000000000000e+00,3.340835571289062500e-01,2.381436377763748169e-01,2.607845366001129150e-01,2.748821377754211426e-01,5.317476764321327209e-02,5.035996437072753906e-02
8.300000000000839151e+00,4.397283998116560122e-01,-1.138274405573247439e-02,6.553499497399888796e+00,-1.047009046496068796e-01,6.127492461253275513e-01,inf,1.000000000000000000e+00,3.391533195972442627e-01,2.352029234170913696e-01,2.590573430061340332e-01,2.716141045093536377e-01,4.834748432040214539e-02,4.887713491916656494e-02
8.320000000000828067e+00,4.477915830789432339e-01,-9.889180179707190987e-03,6.513819626789022266e+00,-1.036195998404502855e-01,6.136503334662913867e-01,inf,1.000000000000000000e+00,3.438850045204162598e-01,2.340077161788940430e-01,2.577356398105621338e-01,2.688084542751312256e-01,4.472685977816581726e-02,4.740640521049499512e-02
8.340000000000816982e+00,4.558749811539645758e-01,-8.679987294707980361e-03,6.469754924247407502e+00,-1.018725221246874063e-01,6.151062315627604526e-01,inf,1.000000000000000000e+00,3.484002947807312012e-01,2.341820150613784790e-01,2.566511631011962891e-01,2.658497393131256104e-01,4.191812872886657715e-02,4.631857573986053467e-02
8.360000000000805898e+00,4.639685167346832007e-01,-7.773785997225335365e-03,6.421769551812014143e+00,-9.973670452821981058e-02,6.168860795598167801e-01,inf,1.000000000000000000e+00,3.499999940395355225e-01,2.355730235576629639e-01,2.557502985000610352e-01,2.626646459102630615e-01,3.962527960538864136e-02,4.586378857493400574e-02
8.380000000000794813e+00,4.720939214088362146e-01,-7.181718090313038427e-03,6.369785364669181327e+00,-9.776626156751784535e-02,6.185281153604017534e-01,inf,1.000000000000000000e+00,3.499999940395355225e-01,2.375184297561645508e-01,2.544104158878326416e-01,2.587775886058807373e-01,3.732280433177947998e-02,4.544135183095932007e-02
8.400000000000783729e+00,4.802377172326710020e-01,-6.963514653418712008e-03,6.314097711027100601e+00,-9.632575828735978618e-02,6.197285347605334671e-01,inf,1.000000000000000000e+00,3.499999940395355225e-01,2.405122369527816772e-01,2.527196109294891357e-01,2.543317675590515137e-01,3.514837473630905151e-02,4.509031400084495544e-02
8.420000000000772644e+00,4.883137820084400005e-01,-7.214332968214332009e-03,6.255783502578605493e+00,-9.540133263277640607e-02,6.204988894726862769e-01,inf,1.000000000000000000e+00,3.499999940395355225e-01,2.449717521667480469e-01,2.509765028953552246e-01,2.492833286523818970e-01,3.354256972670555115e-02,4.527103528380393982e-02
8.440000000000761560e+00,4.961939571564030205e-01,-8.017272550958576272e-03,6.196299375879950944e+00,-9.469622704538002700e-02,6.210864774621832618e-01,inf,1.000000000000000000e+00,3.499999940395355225e-01,2.501312792301177979e-01,2.491587847471237183e-01,2.431923598051071167e-01,3.248631209135055542e-02,4.601216316223144531e-02
8.460000000000750475e+00,5.037526373494581877e-01,-9.416394132916172666e-03,6.136946385247583180e+00,-9.389603731833763567e-02,6.217533022347185856e-01,inf,1.000000000000000000e+00,3.499999940395355225e-01,2.551200389862060547e-01,2.473065555095672607e-01,2.362789362668991089e-01,3.166816011071205139e-02,4.698392748832702637e-02
8.480000000000739391e+00,5.108796568402984573e-01,-1.141869665016881363e-02,6.078746636948421767e+00,-9.296437312157461441e-02,6.225296890653544413e-01,inf,1.000000000000000000e+00,3.499999940395355225e-01,2.597814798355102539e-01,2.456154376268386841e-01,2.294619828462600708e-01,3.089124150574207306e-02,4.776589944958686829e-02
8.500000000000728306e+00,5.174718221006036067e-01,-1.401276907628284940e-02,6.022700419429554586e+00,-9.218410862783499304e-02,6.231799094768041281e-01,inf,1.000000000000000000e+00,3.499999940395355225e-01,2.646439373493194580e-01,2.443093508481979370e-01,2.234518378973007202e-01,3.024469129741191864e-02,4.808926954865455627e-02
8.520000000000717222e+00,5.234366498006800539e-01,-1.718571317005190835e-02,5.970007042757606186e+00,-9.191462825267211756e-02,6.234044764561065266e-01,inf,1.000000000000000000e+00,3.499999940395355225e-01,2.703789174556732178e-01,2.435393333435058594e-01,2.182231992483139038e-01,2.995673194527626038e-02,4.791477695107460022e-02
8.540000000000706137e+00,5.287137603676027586e-01,-2.093103531563561548e-02,5.922118635288740940e+00,-9.234816537973804251e-02,6.230431955168849179e-01,inf,1.000000000000000000e+00,3.499999940395355225e-01,2.775866389274597168e-01,2.434350997209548950e-01,2.134290486574172974e-01,3.025091439485549927e-02,4.739315435290336609e-02
8.560000000000695053e+00,5.332765071059206718e-01,-2.523112152625500704e-02,5.880603974210043994e+00,-9.341215094324221979e-02,6.221565408806314368e-01,inf,1.000000000000000000e+00,3.499999940395355225e-01,2.867362499237060547e-01,2.441063076257705688e-01,2.089601010084152222e-01,3.129813820123672485e-02,4.667813703417778015e-02
8.580000000000683968e+00,5.371209673104270221e-01,-3.005204325233962193e-02,5.846886100832513478e+00,-9.476463904598277088e-02,6.210294674616809729e-01,inf,1.000000000000000000e+00,3.499999940395355225e-01,2.976121008396148682e-01,2.455031126737594604e-01,2.050843983888626099e-01,3.320344537496566772e-02,4.573149979114532471e-02
8.600000000000672884e+00,5.402739056227344738e-01,-3.533942854509974918e-02,5.821976263350650882e+00,-9.588572566773002903e-02,6.200952286102249245e-01,inf,1.000000000000000000e+00,3.499999940395355225e-01,3.091126978397369385e-01,2.476466447114944458e-01,2.025662809610366821e-01,3.616522997617721558e-02,4.461494460701942444e-02
8.620000000000661800e+00,5.427837291845825085e-01,-4.100167233576823556e-02,5.806309817804208073e+00,-9.656817893934141472e-02,6.195265175505487720e-01,inf,1.000000000000000000e+00,3.499999940395355225e-01,3.200887143611907959e-01,2.506177127361297607e-01,2.024050354957580566e-01,4.034277796745300293e-02,4.372385144233703613e-02
8.640000000000650715e+00,5.447329137972288793e-01,-4.692980464799512141e-02,5.799922465204882194e+00,-9.703586078719465824e-02,6.191367826773377381e-01,inf,1.000000000000000000e+00,3.499999940395355225e-01,3.295531570911407471e-01,2.540768384933471680e-01,2.050336450338363647e-01,4.547560960054397583e-02,4.331636428833007812e-02
8.660000000000639631e+00,5.462006486803101524e-01,-5.301081710417920867e-02,5.802613967115839877e+00,-9.757104622475307187e-02,6.186907948127057244e-01,inf,1.000000000000000000e+00,3.499999940395355225e-01,3.371920287609100342e-01,2.577739357948303223e-01,2.102283239364624023e-01,5.116047337651252747e-02,4.316317662596702576e-02
8.680000000000628546e+00,5.472509636560505264e-01,-5.915757164639628973e-02,5.814138857132515881e+00,-9.818195068268854853e-02,6.181817077644261582e-01,inf,1.000000000000000000e+00,3.499999940395355225e-01,3.431119620800018311e-01,2.614920139312744141e-01,2.171589732170104980e-01,5.717765912413597107e-02,4.301394522190093994e-02
8.700000000000617462e+00,5.479379070796404072e-01,-6.530566778911828241e-02,5.834218721402682384e+00,-9.875305974932521713e-02,6.177057835422289367e-01,inf,1.000000000000000000e+00,3.499999940395355225e-01,3.472065925598144531e-01,2.649181485176086426e-01,2.247693538665771484e-01,6.335950642824172974e-02,4.292973503470420837e-02
8.720000000000606377e+00,5.483073063439987127e-01,-7.140279930977494471e-02,5.862514639505986835e+00,-9.884308778482094049e-02,6.176307601793158408e-01,inf,1.000000000000000000e+00,3.499999940395355225e-01,3.495672345161437988e-01,2.680063545703887939e-01,2.324105203151702881e-01,6.948694586753845215e-02,4.312163963913917542e-02
8.740000000000595293e+00,5.484042783315785652e-01,-7.739470251802887946e-02,5.898627284559722739e+00,-9.875377584802155773e-02,6.177051867933153195e-01,inf,1.000000000000000000e+00,3.499999940395355225e-01,3.499999940395355225e-01,2.709432840347290039e-01,2.400293946266174316e-01,7.545092701911926270e-02,4.370194673538208008e-02
8.760000000000584208e+00,5.482657922578552112e-01,-8.322067779849678937e-02,5.942312492197947549e+00,-9.889185943409226076e-02,6.175901171382564003e-01,inf,1.000000000000000000e+00,3.499999940395355225e-01,3.499999940395355225e-01,2.739185392856597900e-01,2.480156421661376953e-01,8.136679232120513916e-02,4.463881999254226685e-02
8.780000000000573124e+00,5.479196913458097562e-01,-8.882173217265187937e-02,5.993574775682929179e+00,-9.939580280685786362e-02,6.171701643276183979e-01,inf,1.000000000000000000e+00,3.499999940395355225e-01,3.499999940395355225e-01,2.768428623676300049e-01,2.564581632614135742e-01,8.745905011892318726e-02,4.571342468261718750e-02
8.800000000000562039e+00,5.473992807041809794e-01,-9.412885386053015946e-02,6.052347773922048368e+00,-1.001983121835720719e-01,6.165014065136898980e-01,inf,1.000000000000000000e+00,3.499999940395355225e-01,3.499102294445037842e-01,2.795463204383850098e-01,2.650460898876190186e-01,9.373843669891357422e-02,4.680446907877922058e-02
8.820000000000550955e+00,5.467494813667095332e-01,-9.905498935374956737e-02,6.118177886243117314e+00,-1.012723149905562919e-01,6.156064041745363813e-01,inf,1.000000000000000000e+00,3.499999940395355225e-01,3.492904901504516602e-01,2.819922566413879395e-01,2.733628451824188232e-01,1.000639274716377258e-01,4.798192158341407776e-02
8.840000000000539870e+00,5.460210036517707533e-01,-1.035001974800253133e-01,6.190316172835076181e+00,-1.023736330341369766e-01,6.146886391382191395e-01,inf,1.000000000000000000e+00,3.499999940395355225e-01,3.491974174976348877e-01,2.842946350574493408e-01,2.812266051769256592e-01,1.063130646944046021e-01,4.940119385719299316e-02
8.860000000000528786e+00,5.452639610182689056e-01,-1.073517862245982613e-01,6.267836533401423438e+00,-1.033586960393567400e-01,6.138677533005360010e-01,inf,1.000000000000000000e+00,3.499999940395355225e-01,3.492283821105957031e-01,2.864017784595489502e-01,2.883544266223907471e-01,1.122910827398300171e-01,5.101417005062103271e-02
8.880000000000517701e+00,5.445231401002552651e-01,-1.105045552926262886e-01,6.349628615599838710e+00,-1.042373475599715632e-01,6.131355437000236552e-01,inf,1.000000000000000000e+00,3.499999940395355225e-01,3.492282330989837646e-01,2.882556021213531494e-01,2.945730686187744141e-01,1.177027747035026550e-01,5.266508087515830994e-02
8.900000000000506617e+00,5.438431546563514685e-01,-1.128777957523246778e-01,6.434484446169134841e+00,-1.050922745559548649e-01,6.124231045367042325e-01,inf,1.000000000000000000e+00,3.499999940395355225e-01,3.491411209106445312e-01,2.898077368736267090e-01,2.998316287994384766e-01,1.223247796297073364e-01,5.417571589350700378e-02
8.920000000000495533e+00,5.433038175464235398e-01,-1.143896175299155826e-01,6.520735450210129791e+00,-1.058494320801278005e-01,6.117921399332267862e-01,inf,1.000000000000000000e+00,3.469753861427307129e-01,3.489238619804382324e-01,2.910704314708709717e-01,3.042080998420715332e-01,1.261234581470489502e-01,5.546542629599571228e-02
8.940000000000484448e+00,5.429903858882834111e-01,-1.149762361342987760e-01,6.606655329034617274e+00,-1.067134398348753704e-01,6.110721334709371400e-01,inf,1.000000000000000000e+00,3.431323170661926270e-01,3.486051857471466064e-01,2.922202944755554199e-01,3.079990446567535400e-01,1.292053908109664917e-01,5.635863542556762695e-02
8.960000000000473364e+00,5.429374439424107246e-01,-1.146299366711488743e-01,6.691238217528960419e+00,-1.076902977694082636e-01,6.102580851921597382e-01,inf,1.000000000000000000e+00,3.395588994026184082e-01,3.480501770973205566e-01,2.933053076267242432e-01,3.112779855728149414e-01,1.317811012268066406e-01,5.709294974803924561e-02
8.980000000000462279e+00,5.431552197517536262e-01,-1.133730952397128400e-01,6.773848419643924146e+00,-1.086836218952582644e-01,6.094303150872847352e-01,inf,1.000000000000000000e+00,3.354669809341430664e-01,3.468507826328277588e-01,2.942599952220916748e-01,3.140095174312591553e-01,1.339266449213027954e-01,5.797226354479789734e-02
9.000000000000451195e+00,5.436723149136384325e-01,-1.112279629566833294e-01,6.853598516605773128e+00,-1.090677540397402695e-01,6.091102049668830620e-01,inf,1.000000000000000000e+00,3.305260539054870605e-01,3.444628715515136719e-01,2.949824631214141846e-01,3.161509335041046143e-01,1.354781389236450195e-01,5.905012413859367371e-02
9.020000000000440110e+00,5.445443458138209403e-01,-1.082232067988611324e-01,6.929195489838696709e+00,-1.087351357446096622e-01,6.093873868794918991e-01,inf,1.000000000000000000e+00,3.248381912708282471e-01,3.404442369937896729e-01,2.953342795372009277e-01,3.176113367080688477e-01,1.361256390810012817e-01,6.021133065223693848e-02
9.040000000000429026e+00,5.458359935891170522e-01,-1.044250344975250488e-01,6.999157769244825467e+00,-1.076490108032479576e-01,6.102924909972933243e-01,inf,1.000000000000000000e+00,3.187941312789916992e-01,3.346842825412750244e-01,2.951162755489349365e-01,3.182170689105987549e-01,1.355402916669845581e-01,6.129690259695053101e-02
9.060000000000417941e+00,5.475931710750618908e-01,-9.996913873230445224e-02,7.062217470695767219e+00,-1.057480412957486765e-01,6.118766322535427182e-01,inf,1.000000000000000000e+00,3.131086528301239014e-01,3.276448249816894531e-01,2.942009270191192627e-01,3.178304135799407959e-01,1.335299611091613770e-01,6.220367178320884705e-02
9.080000000000406857e+00,5.498082398272842175e-01,-9.500721923553939741e-02,7.117458128519246863e+00,-1.033821197820602167e-01,6.138482335149497704e-01,inf,1.000000000000000000e+00,3.085437715053558350e-01,3.199340999126434326e-01,2.926019430160522461e-01,3.165028095245361328e-01,1.301027536392211914e-01,6.289564073085784912e-02
9.100000000000395772e+00,5.524022395772059113e-01,-8.964368566695146701e-02,7.164458831640322600e+00,-1.008230877075162873e-01,6.159807602437363805e-01,inf,1.000000000000000000e+00,3.056245148181915283e-01,3.115752637386322021e-01,2.902855277061462402e-01,3.143428564071655273e-01,1.251942813396453857e-01,6.324966996908187866e-02
9.120000000000384688e+00,5.553045839258597960e-01,-8.400034377139842245e-02,7.203063912377413835e+00,-9.831948158820925932e-02,6.180670986764922326e-01,inf,1.000000000000000000e+00,3.047385215759277344e-01,3.022671639919281006e-01,2.871212363243103027e-01,3.114899694919586182e-01,1.185749694705009460e-01,6.284364312887191772e-02
9.140000000000373603e+00,5.584821828433405022e-01,-7.818872185741426728e-02,7.233191170259331670e+00,-9.622271237248226916e-02,6.198144063562647244e-01,inf,1.000000000000000000e+00,3.061829805374145508e-01,2.924280166625976562e-01,2.833807468414306641e-01,3.082506358623504639e-01,1.101920679211616516e-01,6.150809302926063538e-02
9.160000000000362519e+00,5.619249733073045094e-01,-7.228372861383974834e-02,7.254853347436387878e+00,-9.481154055380426604e-02,6.209903828718297270e-01,inf,1.000000000000000000e+00,3.094587028026580811e-01,2.828242480754852295e-01,2.796429693698883057e-01,3.048186004161834717e-01,1.005474776029586792e-01,5.961650609970092773e-02
9.180000000000351434e+00,5.656406321845336427e-01,-6.630608199241172507e-02,7.268083674291007767e+00,-9.409624777549704944e-02,6.215864601870857431e-01,inf,1.000000000000000000e+00,3.136549293994903564e-01,2.739341855049133301e-01,2.761752605438232422e-01,3.008652925491333008e-01,9.062457084655761719e-02,5.766150355339050293e-02
9.200000000000340350e+00,5.696575529785768977e-01,-6.023087472415833421e-02,7.272927192211215086e+00,-9.384384856706402822e-02,6.217967928607799344e-01,inf,1.000000000000000000e+00,3.183433413505554199e-01,2.660261690616607666e-01,2.729809284210205078e-01,2.960087358951568604e-01,8.137291669845581055e-02,5.599013715982437134e-02
9.220000000000329266e+00,5.739788636665066335e-01,-5.402828936362880086e-02,7.269510283206573220e+00,-9.383825743703307076e-02,6.218014521358057323e-01,inf,1.000000000000000000e+00,3.231880068778991699e-01,2.590183913707733154e-01,2.699507772922515869e-01,2.903190851211547852e-01,7.322184741497039795e-02,5.474344640970230103e-02
9.240000000000318181e+00,5.785924734037396489e-01,-4.774704966852832966e-02,7.257802516278867522e+00,-9.396210241767373461e-02,6.216982479852718457e-01,inf,1.000000000000000000e+00,3.278151154518127441e-01,2.526394128799438477e-01,2.670170962810516357e-01,2.843543887138366699e-01,6.612673401832580566e-02,5.377267673611640930e-02
9.260000000000307097e+00,5.835079097988202790e-01,-4.146140880942256191e-02,7.237841009500727729e+00,-9.416320371514345922e-02,6.215306635707137373e-01,inf,1.000000000000000000e+00,3.322033286094665527e-01,2.469092756509780884e-01,2.642871439456939697e-01,2.789035439491271973e-01,5.988372862339019775e-02,5.277516320347785950e-02
9.280000000000296012e+00,5.887185515035191496e-01,-3.522855014756964831e-02,7.210137643836749710e+00,-9.441117321005555729e-02,6.213240223249536509e-01,inf,1.000000000000000000e+00,3.364686071872711182e-01,2.423723638057708740e-01,2.620344460010528564e-01,2.746534049510955811e-01,5.455343797802925110e-02,5.159255862236022949e-02
9.300000000000284928e+00,5.941886196911781992e-01,-2.910547440995442381e-02,7.175733432246429899e+00,-9.461967649973591910e-02,6.211502695835533494e-01,inf,1.000000000000000000e+00,3.406794667243957520e-01,2.395154386758804321e-01,2.603956162929534912e-01,2.716530263423919678e-01,5.025614053010940552e-02,5.029673129320144653e-02
9.320000000000273843e+00,5.998718750874219019e-01,-2.315869979449275418e-02,7.135942053252842143e+00,-9.464950103921773716e-02,6.211254158006518367e-01,inf,1.000000000000000000e+00,3.448466062545776367e-01,2.384147346019744873e-01,2.592946290969848633e-01,2.693898677825927734e-01,4.696122929453849792e-02,4.913041740655899048e-02
9.340000000000262759e+00,6.057375637593245266e-01,-1.745653064084023987e-02,7.091978257511780903e+00,-9.438166873337335006e-02,6.213486093888554995e-01,inf,1.000000000000000000e+00,3.489395976066589355e-01,2.388713061809539795e-01,2.585718333721160889e-01,2.672964334487915039e-01,4.449114948511123657e-02,4.838293045759201050e-02
9.360000000000251674e+00,6.117756696975632513e-01,-1.201376883532545570e-02,7.044344283099933435e+00,-9.383267644122290918e-02,6.218061029656475336e-01,inf,1.000000000000000000e+00,3.499999940395355225e-01,2.407457232475280762e-01,2.580944895744323730e-01,2.650662362575531006e-01,4.266895726323127747e-02,4.824335873126983643e-02
9.380000000000240590e+00,6.180045132653330109e-01,-6.821699049482543575e-03,6.992987214456928058e+00,-9.293183037023453053e-02,6.225568080248045089e-01,inf,1.000000000000000000e+00,3.499999940395355225e-01,2.432393431663513184e-01,2.571610808372497559e-01,2.619557678699493408e-01,4.092017561197280884e-02,4.806449264287948608e-02
9.400000000000229505e+00,6.244515099943237502e-01,-1.931916998469007662e-03,6.938208379650499857e+00,-9.172640826778510892e-02,6.235613264435123648e-01,inf,1.000000000000000000e+00,3.499999940395355225e-01,2.468150407075881958e-01,2.559476494789123535e-01,2.582183182239532471e-01,3.940754383802413940e-02,4.803770408034324646e-02
9.420000000000218421e+00,6.311098111046310466e-01,2.541169459232550665e-03,6.880976160441814926e+00,-9.040814444914087311e-02,6.246598796257158970e-01,inf,1.000000000000000000e+00,3.499999940395355225e-01,2.515318095684051514e-01,2.546707391738891602e-01,2.539315223693847656e-01,3.842251747846603394e-02,4.849326983094215393e-02
9.440000000000207336e+00,6.379312986296931109e-01,6.469547752078086411e-03,6.822577549925783025e+00,-8.917372429593281580e-02,6.256885630867226045e-01,inf,1.000000000000000000e+00,3.499999940395355225e-01,2.565825283527374268e-01,2.533296048641204834e-01,2.489504516124725342e-01,3.783344104886054993e-02,4.932209849357604980e-02
9.460000000000196252e+00,6.448427942959698012e-01,9.749935378204510616e-03,6.764207853087948585e+00,-8.807954954535550385e-02,6.266003753788703667e-01,inf,1.000000000000000000e+00,3.499999940395355225e-01,2.613228559494018555e-01,2.519893646240234375e-01,2.435676753520965576e-01,3.730327636003494263e-02,5.014816299080848694e-02
9.480000000000185167e+00,6.517611690151519088e-01,1.230856248032002886e-02,6.706890589314570050e+00,-8.707772526887520848e-02,6.274352289426039508e-01,inf,1.000000000000000000e+00,3.499999940395355225e-01,2.657656669616699219e-01,2.507743835449218750e-01,2.383180856704711914e-01,3.666652739048004150e-02,5.063941702246665955e-02
9.500000000000174083e+00,6.586027988524733034e-01,1.408872314412712434e-02,6.651636761072732718e+00,-8.619232001374647900e-02,6.281730666552112208e-01,inf,1.000000000000000000e+00,3.499999940395355225e-01,2.703125476837158203e-01,2.497693747282028198e-01,2.333911210298538208e-01,3.601488471031188965e-02,5.068616569042205811e-02
9.520000000000162999e+00,6.652921043536759171e-01,1.504472766018244423e-02,6.599554816645639477e+00,-8.560227856838760474e-02,6.286647678596769540e-01,inf,1.000000000000000000e+00,3.499999940395355225e-01,2.754186391830444336e-01,2.490477710962295532e-01,2.285912036895751953e-01,3.555612266063690186e-02,5.038470029830932617e-02
9.540000000000151914e+00,6.717756114854573912e-01,1.514639876103024418e-02,6.551921341885345029e+00,-8.552818580600773934e-02,6.287265118283268395e-01,inf,1.000000000000000000e+00,3.499999940395355225e-01,2.815940976142883301e-01,2.487612813711166382e-01,2.237912714481353760e-01,3.552114218473434448e-02,4.991532862186431885e-02
9.560000000000140830e+00,6.780124547518507905e-01,1.438994240273588909e-02,6.510164177909921968e+00,-8.608036811764993579e-02,6.282663599019583378e-01,inf,1.000000000000000000e+00,3.499999940395355225e-01,2.893427312374114990e-01,2.490916699171066284e-01,2.191969752311706543e-01,3.613254427909851074e-02,4.936029016971588135e-02
9.580000000000129745e+00,6.839677393759168167e-01,1.279407090501483157e-02,6.475720275890463284e+00,-8.714205187210168069e-02,6.273816234399152147e-01,inf,1.000000000000000000e+00,3.499999940395355225e-01,2.987742125988006592e-01,2.501356601715087891e-01,2.152538895606994629e-01,3.759161382913589478e-02,4.858713969588279724e-02
9.600000000000118661e+00,6.896270463021404451e-01,1.040516347368231065e-02,6.449854049551658086e+00,-8.825612145500683070e-02,6.264532321208275967e-01,inf,1.000000000000000000e+00,3.499999940395355225e-01,3.094524741172790527e-01,2.520852684974670410e-01,2.126534879207611084e-01,4.017846286296844482e-02,4.751615971326828003e-02
9.620000000000107576e+00,6.949811517578485809e-01,7.310359928052179157e-03,6.433409130641250862e+00,-8.895548355042305622e-02,6.258704303746474018e-01,inf,1.000000000000000000e+00,3.499999940395355225e-01,3.204408288002014160e-01,2.550574541091918945e-01,2.121672183275222778e-01,4.412193223834037781e-02,4.645705595612525940e-02
9.640000000000096492e+00,7.000370242947557831e-01,3.640970028432055638e-03,6.426629503707722790e+00,-8.919784546535133862e-02,6.256684621122071688e-01,inf,1.000000000000000000e+00,3.499999940395355225e-01,3.299703001976013184e-01,2.584123611450195312e-01,2.140352725982666016e-01,4.909085854887962341e-02,4.582130908966064453e-02
9.660000000000085407e+00,7.047903024229206226e-01,-4.524050542430990696e-04,6.429134857367799327e+00,-8.940145615151071090e-02,6.254987865404076919e-01,inf,1.000000000000000000e+00,3.499999940395355225e-01,3.371390104293823242e-01,2.617216706275939941e-01,2.181885987520217896e-01,5.445776134729385376e-02,4.556021094322204590e-02
9.680000000000074323e+00,7.092362335610998825e-01,-4.844900137889407432e-03,6.440337676608672624e+00,-8.993248644443423145e-02,6.250562612963047604e-01,inf,1.000000000000000000e+00,3.499999940395355225e-01,3.424467742443084717e-01,2.649883627891540527e-01,2.241114377975463867e-01,5.987467616796493530e-02,4.539176821708679199e-02
9.700000000000063238e+00,7.133792680695052457e-01,-9.445571319289081114e-03,6.459785972770740514e+00,-9.084379386423901970e-02,6.242968384464674392e-01,inf,1.000000000000000000e+00,3.499999940395355225e-01,3.461245596408843994e-01,2.680093348026275635e-01,2.308364957571029663e-01,6.527022272348403931e-02,4.525212571024894714e-02
9.720000000000052154e+00,7.172275589682735042e-01,-1.418875615430137405e-02,6.487197601440682249e+00,-9.196875387156962234e-02,6.233593717736919393e-01,inf,1.000000000000000000e+00,3.499999940395355225e-01,3.482445478439331055e-01,2.706964612007141113e-01,2.376796305179595947e-01,7.063215225934982300e-02,4.527292400598526001e-02
9.740000000000041069e+00,7.207891918686785138e-01,-1.901656464115442091e-02,6.522414967837264932e+00,-9.293640409261123836e-02,6.225529965894905926e-01,inf,1.000000000000000000e+00,3.499999940395355225e-01,3.491281867027282715e-01,2.732266783714294434e-01,2.445698529481887817e-01,7.599328458309173584e-02,4.560346528887748718e-02
9.760000000000029985e+00,7.240615001169278253e-01,-2.386369765315815572e-02,6.565368197404441553e+00,-9.369463933928674770e-02,6.219211338839276682e-01,inf,1.000000000000000000e+00,3.499999940395355225e-01,3.491671383380889893e-01,2.757881581783294678e-01,2.518098652362823486e-01,8.148426562547683716e-02,4.626816138625144958e-02
9.780000000000018900e+00,7.270328984977210141e-01,-2.865838466631109860e-02,6.615996946495549480e+00,-9.442566149057753100e-02,6.213119487578520062e-01,inf,1.000000000000000000e+00,3.499999940395355225e-01,3.486567437648773193e-01,2.783662378787994385e-01,2.595832943916320801e-01,8.723071962594985962e-02,4.716915264725685120e-02
9.800000000000007816e+00,7.296920045479701189e-01,-3.331557497447645844e-02,6.674081997986935022e+00,-9.529717286837321999e-02,6.205856892763556010e-01,inf,1.000000000000000000e+00,3.499999940395355225e-01,3.478704988956451416e-01,2.807628512382507324e-01,2.675860822200775146e-01,9.316050261259078979e-02,4.818294942378997803e-02
9.819999999999996732e+00,7.320252672963538654e-01,-3.773824937580860794e-02,6.739130360290992883e+00,-9.624897579031811701e-02,6.197925201747348511e-01,inf,1.000000000000000000e+00,3.499999940395355225e-01,3.471171855926513672e-01,2.828308939933776855e-01,2.752202451229095459e-01,9.904135018587112427e-02,4.927235841751098633e-02
9.839999999999985647e+00,7.340157630653990628e-01,-4.181947931227980586e-02,6.810376160982926308e+00,-9.737300061235018567e-02,6.188558328230414629e-01,inf,1.000000000000000000e+00,3.499999940395355225e-01,3.465648889541625977e-01,2.846022248268127441e-01,2.820685505867004395e-01,1.046701222658157349e-01,5.048782005906105042e-02
9.859999999999974563e+00,7.356419017913816694e-01,-4.544134546897188320e-02,6.886840254653833426e+00,-9.870775242105329916e-02,6.177435396491222086e-01,inf,1.000000000000000000e+00,3.499999940395355225e-01,3.461877703666687012e-01,2.861588299274444580e-01,2.880116701126098633e-01,1.099069938063621521e-01,5.184540152549743652e-02
9.879999999999963478e+00,7.368820366827818491e-01,-4.849563547734481173e-02,6.967435584730869991e+00,-1.001676300960653992e-01,6.165269749199454585e-01,inf,1.000000000000000000e+00,3.499999940395355225e-01,3.459415435791015625e-01,2.875351607799530029e-01,2.931092679500579834e-01,1.146496981382369995e-01,5.326846241950988770e-02
9.899999999999952394e+00,7.377250360213897240e-01,-5.089401066431903375e-02,7.051077775235032874e+00,-1.015596000090812218e-01,6.153669999924322731e-01,inf,1.000000000000000000e+00,3.499999940395355225e-01,3.458040058612823486e-01,2.887525558471679688e-01,2.975277900695800781e-01,1.188855469226837158e-01,5.465745553374290466e-02
9.919999999999941309e+00,7.381766005848786616e-01,-5.254926163141482309e-02,7.136563940291292596e+00,-1.020512240847598340e-01,6.149573132627000893e-01,inf,1.000000000000000000e+00,3.488468825817108154e-01,3.457254171371459961e-01,2.898528873920440674e-01,3.014413118362426758e-01,1.226778924465179443e-01,5.596521869301795959e-02
9.939999999999930225e+00,7.382647811137350580e-01,-5.334159682939887404e-02,7.222215539606878565e+00,-1.022525284122457051e-01,6.147895596564618703e-01,inf,1.000000000000000000e+00,3.442339599132537842e-01,3.456381559371948242e-01,2.909293472766876221e-01,3.049874901771545410e-01,1.260764896869659424e-01,5.713075026869773865e-02
9.959999999999919140e+00,7.380176034070745628e-01,-5.319778118712836790e-02,7.306664553314274002e+00,-1.024018189788181432e-01,6.146651508509848316e-01,inf,1.000000000000000000e+00,3.402664661407470703e-01,3.454792797565460205e-01,2.921294867992401123e-01,3.082379102706909180e-01,1.290406733751296997e-01,5.802990868687629700e-02
9.979999999999908056e+00,7.374545690761086236e-01,-5.212559192979876466e-02,7.389227763606753818e+00,-1.023969130143209672e-01,6.146692391547324830e-01,inf,1.000000000000000000e+00,3.362592160701751709e-01,3.448262214660644531e-01,2.933007776737213135e-01,3.109883368015289307e-01,1.315053999423980713e-01,5.898771062493324280e-02
9.999999999999896971e+00,7.366088955847570618e-01,-5.014811121607976041e-02,7.469163443844487382e+00,-1.020178143591816272e-01,6.149851547006819352e-01,inf,1.000000000000000000e+00,3.318164050579071045e-01,3.431384861469268799e-01,2.942832708358764648e-01,3.130768835544586182e-01,1.332332044839859009e-01,6.013663113117218018e-02
