time,x,y,yaw,reward,yaw_rate,turn_radius,steady_state,action_0,action_1,action_2,action_3,action_4,action_5
2.000000000000001082e-02,5.999185561554055690e-01,6.455172548189280768e-04,-1.822372587596786386e-02,0.000000000000000000e+00,-1.562523458173866064e+00,2.082000060941938818e-02,0.000000000000000000e+00,-1.247020959854125977e-01,-9.076170623302459717e-02,-9.882765263319015503e-02,-6.273675709962844849e-02,-3.629020974040031433e-02,1.740378141403198242e-02
4.000000000000002859e-02,5.993426118889042531e-01,1.280921224829201233e-03,-5.451764359165092722e-02,0.000000000000000000e+00,-1.683754551132684796e+00,2.137727382296062198e-02,0.000000000000000000e+00,-1.010990440845489502e-01,-1.391616761684417725e-01,-1.029698327183723450e-01,-8.237506449222564697e-02,2.163619268685579300e-03,5.348869040608406067e-02
6.000000000000004635e-02,5.984809183863516457e-01,1.168231157269217224e-03,-8.524008361661489230e-02,0.000000000000000000e+00,-1.492097802335035084e+00,2.140547408287817033e-02,0.000000000000000000e+00,-1.089854687452316284e-01,-1.457039415836334229e-01,-1.130827888846397400e-01,-8.238446712493896484e-02,-4.945996683090925217e-03,6.092055141925811768e-02
8.000000000000005718e-02,5.979218819674475549e-01,3.268806301379156842e-04,-9.618093806704869353e-02,0.000000000000000000e+00,-1.109919263457664673e+00,2.369169544739297556e-02,0.000000000000000000e+00,-1.257476359605789185e-01,-1.264308243989944458e-01,-1.141786500811576843e-01,-7.696737349033355713e-02,-2.231168560683727264e-02,4.708790034055709839e-02
1.000000000000000749e-01,5.977324472315743709e-01,-1.655762574223507144e-03,-7.669194103410423291e-02,0.000000000000000000e+00,-5.345263882869268901e-01,5.252742647610821741e-02,0.000000000000000000e+00,-1.286749988794326782e-01,-7.275380194187164307e-02,-9.037353098392486572e-02,-6.083500012755393982e-02,-4.319966956973075867e-02,-8.158709853887557983e-03
1.200000000000000927e-01,5.973012559073347383e-01,-5.252539577047410368e-03,-1.737929617694355597e-02,0.000000000000000000e+00,1.931355711366017636e-01,2.547987850005410393e-01,0.000000000000000000e+00,-8.467091619968414307e-02,-3.661384433507919312e-02,-5.107633769512176514e-02,-3.296854346990585327e-02,-4.772824794054031372e-02,-4.479201883077621460e-02
1.400000000000000966e-01,5.959166315843192896e-01,-9.877024485385021979e-03,7.684844674786728280e-02,0.000000000000000000e+00,8.986393172751144798e-01,8.495241040843456992e-02,0.000000000000000000e+00,-4.795608296990394592e-02,-1.815522118704393506e-04,-1.494392286986112595e-02,-4.217179492115974426e-03,-5.467518046498298645e-02,-5.721926316618919373e-02
1.600000000000001144e-01,5.936050665768963785e-01,-1.379931247582294462e-02,1.811366302059231326e-01,0.000000000000000000e+00,1.400364796437145287e+00,6.788000346010517050e-02,0.000000000000000000e+00,-3.044641576707363129e-02,2.907553128898143768e-02,9.591867215931415558e-03,1.491995342075824738e-02,-6.094333902001380920e-02,-6.403892487287521362e-02
1.800000000000001321e-01,5.912985046725965921e-01,-1.535140860995082290e-02,2.639082259791766805e-01,0.000000000000000000e+00,1.601265852143003210e+00,6.122244113011023059e-02,0.000000000000000000e+00,-3.206119313836097717e-02,3.822724521160125732e-02,1.401061564683914185e-02,1.954961009323596954e-02,-6.456711143255233765e-02,-6.362718343734741211e-02
2.000000000000001499e-01,5.902007066555444714e-01,-1.328290438918766636e-02,2.971308739410479793e-01,0.000000000000000000e+00,1.468108443132230656e+00,5.621660291423667688e-02,0.000000000000000000e+00,-6.695045530796051025e-02,2.015917748212814331e-02,-1.554952934384346008e-02,-1.561863580718636513e-03,-6.161747127771377563e-02,-5.302633717656135559e-02
2.200000000000001676e-01,5.908031414837164874e-01,-7.416736913867627567e-03,2.658701497071881970e-01,0.000000000000000000e+00,1.044666688288123702e+00,5.140756421265219728e-02,0.000000000000000000e+00,-1.376633197069168091e-01,-4.219114035367965698e-02,-1.053664311766624451e-01,-6.036657094955444336e-02,-2.616384811699390411e-02,6.586661329492926598e-04
2.400000000000001854e-01,5.921525984076272398e-01,8.801048741068906445e-04,1.764127457997875514e-01,0.000000000000000000e+00,5.014080231115242148e-01,6.562021297003173270e-02,0.000000000000000000e+00,-1.465821862220764160e-01,-8.961835503578186035e-02,-1.428049504756927490e-01,-7.547472417354583740e-02,-2.769751474261283875e-03,4.400067403912544250e-02
2.600000000000001754e-01,5.930621126113987396e-01,9.004064377916620732e-03,6.639977094895002652e-02,0.000000000000000000e+00,7.059007207912469661e-02,2.914601486259605911e-01,0.000000000000000000e+00,-1.394813656806945801e-01,-9.661201387643814087e-02,-1.395718455314636230e-01,-7.729325443506240845e-02,5.313061643391847610e-03,4.963188990950584412e-02
2.800000000000001932e-01,5.935878818544046975e-01,1.449435980705909843e-02,-1.592752347356729895e-02,0.000000000000000000e+00,-1.521822061606456222e-01,3.719541442630110439e-01,0.000000000000000000e+00,-1.381514668464660645e-01,-9.257369488477706909e-02,-1.318546384572982788e-01,-8.182158321142196655e-02,7.574204355478286743e-03,4.094961285591125488e-02
3.000000000000002109e-01,5.941758619971264643e-01,1.710011456476201452e-02,-5.652869412414647521e-02,0.000000000000000000e+00,-2.203287443832836756e-01,2.732996539038615169e-01,0.000000000000000000e+00,-1.419588327407836914e-01,-7.988459616899490356e-02,-1.242197379469871521e-01,-8.666034787893295288e-02,-5.639402661472558975e-04,2.135601267218589783e-02
3.200000000000002287e-01,5.947935862639227578e-01,1.808335100086733149e-02,-7.195365383084911803e-02,0.000000000000000000e+00,-2.430330248341305566e-01,2.419671887505631946e-01,0.000000000000000000e+00,-1.499665528535842896e-01,-7.355779409408569336e-02,-1.174297183752059937e-01,-9.380906820297241211e-02,-1.860091276466846466e-02,-8.046354167163372040e-03
3.400000000000002465e-01,5.953072315285206084e-01,1.912137451933754173e-02,-8.908100595668529131e-02,0.000000000000000000e+00,-3.028824238187107776e-01,1.911905255308806451e-01,0.000000000000000000e+00,-1.527677476406097412e-01,-8.000420033931732178e-02,-1.163534224033355713e-01,-9.958768635988235474e-02,-2.469828724861145020e-02,-1.982585713267326355e-02
3.600000000000002642e-01,5.957447159053261831e-01,2.153046244327283532e-02,-1.298249839211233769e-01,0.000000000000000000e+00,-4.400253617986666366e-01,1.385459398522809471e-01,0.000000000000000000e+00,-1.624227613210678101e-01,-9.655319154262542725e-02,-1.319501399993896484e-01,-1.060846820473670959e-01,-1.423391606658697128e-02,8.774361573159694672e-03
3.800000000000002820e-01,5.960121099784178034e-01,2.527710684054318424e-02,-1.959780241784225829e-01,0.000000000000000000e+00,-6.133925910135936688e-01,1.097852388258226952e-01,0.000000000000000000e+00,-1.571825444698333740e-01,-1.006950065493583679e-01,-1.398488283157348633e-01,-9.507725387811660767e-02,-8.021640824154019356e-04,4.377627372741699219e-02
4.000000000000002998e-01,5.961286241121054319e-01,2.911077794429106635e-02,-2.705630665214516228e-01,0.000000000000000000e+00,-7.658467761170372201e-01,9.586471262060000664e-02,0.000000000000000000e+00,-1.465549468994140625e-01,-9.120859205722808838e-02,-1.318687498569488525e-01,-8.130053430795669556e-02,1.023043645545840263e-03,5.241796746850013733e-02
4.200000000000003175e-01,5.962965990217438117e-01,3.223265990179824403e-02,-3.418323866257671484e-01,0.000000000000000000e+00,-8.933229997278628876e-01,8.647412177020180613e-02,0.000000000000000000e+00,-1.475714445114135742e-01,-9.645985066890716553e-02,-1.316316425800323486e-01,-8.232408016920089722e-02,1.596521353349089622e-03,5.640709772706031799e-02
4.400000000000003353e-01,5.965238640146941496e-01,3.484403181893308554e-02,-4.148395600582425180e-01,0.000000000000000000e+00,-1.025393283861475879e+00,7.761322919709698342e-02,0.000000000000000000e+00,-1.579585373401641846e-01,-1.257813274860382080e-01,-1.436110287904739380e-01,-9.860466420650482178e-02,4.233948886394500732e-03,6.497128307819366455e-02
4.600000000000003531e-01,5.966478507440639012e-01,3.703028396188839944e-02,-4.956793223400589588e-01,0.000000000000000000e+00,-1.163245083708354111e+00,6.948646018508893019e-02,0.000000000000000000e+00,-1.578851789236068726e-01,-1.513521075248718262e-01,-1.513987183570861816e-01,-1.109679490327835083e-01,8.799312636256217957e-03,7.409669458866119385e-02
4.800000000000003708e-01,5.966953547021141002e-01,3.827773092016273360e-02,-5.793928401012011786e-01,0.000000000000000000e+00,-1.285859327828246634e+00,6.224779647123909743e-02,0.000000000000000000e+00,-1.518548876047134399e-01,-1.600191593170166016e-01,-1.506261974573135376e-01,-1.118030250072479248e-01,1.072950661182403564e-02,7.808952778577804565e-02
5.000000000000003331e-01,5.968526835656872143e-01,3.826707051164618401e-02,-6.582494192983917580e-01,0.000000000000000000e+00,-1.384271573932331023e+00,5.547506762706005262e-02,0.000000000000000000e+00,-1.511172205209732056e-01,-1.642964631319046021e-01,-1.503319889307022095e-01,-1.107150241732597351e-01,9.731635451316833496e-03,8.115153759717941284e-02
5.200000000000003508e-01,5.972262257984038980e-01,3.709982075595624762e-02,-7.294260042703901714e-01,0.000000000000000000e+00,-1.460358578066314639e+00,4.899134897546570527e-02,0.000000000000000000e+00,-1.534364670515060425e-01,-1.675975918769836426e-01,-1.507594734430313110e-01,-1.104355454444885254e-01,8.166186511516571045e-03,8.404805511236190796e-02
5.400000000000003686e-01,5.978347251076614466e-01,3.496016116058042744e-02,-7.930834715023856729e-01,0.000000000000000000e+00,-1.517557552479045890e+00,4.274308655955789266e-02,0.000000000000000000e+00,-1.544433534145355225e-01,-1.695378124713897705e-01,-1.498686820268630981e-01,-1.102279722690582275e-01,6.550165824592113495e-03,8.493494987487792969e-02
5.600000000000003864e-01,5.986262953440859569e-01,3.190691982218629708e-02,-8.493534006804790426e-01,0.000000000000000000e+00,-1.557436946347279472e+00,3.661748508944858566e-02,0.000000000000000000e+00,-1.520816981792449951e-01,-1.704417616128921509e-01,-1.465577632188796997e-01,-1.091868728399276733e-01,3.978217020630836487e-03,8.326470106840133667e-02
5.800000000000004041e-01,5.995492797903843041e-01,2.789659925365167714e-02,-8.972578976117425720e-01,0.000000000000000000e+00,-1.578961728354890015e+00,3.046550236657273245e-02,0.000000000000000000e+00,-1.455696970224380493e-01,-1.695508360862731934e-01,-1.393136084079742432e-01,-1.062487587332725525e-01,-1.005977625027298927e-03,7.860308885574340820e-02
6.000000000000004219e-01,6.006797902889466911e-01,2.287458016690269158e-02,-9.343032604904277783e-01,0.000000000000000000e+00,-1.578813581973848468e+00,2.415809699878510367e-02,0.000000000000000000e+00,-1.342498511075973511e-01,-1.648926287889480591e-01,-1.262840330600738525e-01,-1.000372096896171570e-01,-9.749725461006164551e-03,6.932321935892105103e-02
6.200000000000004396e-01,6.022030572817049787e-01,1.685350513239325387e-02,-9.573478477232517658e-01,0.000000000000000000e+00,-1.554212504805317030e+00,1.763872727492525258e-02,0.000000000000000000e+00,-1.189729049801826477e-01,-1.558410227298736572e-01,-1.081693246960639954e-01,-9.003485739231109619e-02,-2.075382508337497711e-02,5.522398278117179871e-02
6.400000000000004574e-01,6.042297871285926547e-01,1.000636330686188735e-02,-9.647066324372689516e-01,0.000000000000000000e+00,-1.506699916829342900e+00,1.126595815009256811e-02,0.000000000000000000e+00,-1.030594110488891602e-01,-1.442101001739501953e-01,-8.973608165979385376e-02,-7.752669602632522583e-02,-2.930902503430843353e-02,4.165778309106826782e-02
6.600000000000004752e-01,6.066968343147700615e-01,2.669027523978961813e-03,-9.578261346581671276e-01,0.000000000000000000e+00,-1.442833463445388098e+00,7.570449015593912374e-03,0.000000000000000000e+00,-8.978259563446044922e-02,-1.320762634277343750e-01,-7.538143545389175415e-02,-6.450311094522476196e-02,-3.474897891283035278e-02,3.235974162817001343e-02
6.800000000000004929e-01,6.094129125970586536e-01,-4.747239187235074986e-03,-9.410959049882464678e-01,0.000000000000000000e+00,-1.371790571399501557e+00,1.130152145092932006e-02,0.000000000000000000e+00,-8.121472597122192383e-02,-1.217902228236198425e-01,-6.656847894191741943e-02,-5.324432998895645142e-02,-3.858723118901252747e-02,2.653096057474613190e-02
7.000000000000005107e-01,6.121273831834641577e-01,-1.184569557154419028e-02,-9.202683452318272117e-01,0.000000000000000000e+00,-1.302340146987802649e+00,1.859586241207081964e-02,0.000000000000000000e+00,-7.850631326436996460e-02,-1.164745837450027466e-01,-6.380157917737960815e-02,-4.654335230588912964e-02,-4.073249548673629761e-02,2.416919730603694916e-02
7.200000000000005285e-01,6.146172369286245774e-01,-1.836517603539372656e-02,-8.999805447072619646e-01,0.000000000000000000e+00,-1.239052228923396060e+00,2.631063596647034014e-02,0.000000000000000000e+00,-8.013905584812164307e-02,-1.166288554668426514e-01,-6.592959165573120117e-02,-4.481953755021095276e-02,-4.137307405471801758e-02,2.461705729365348816e-02
7.400000000000005462e-01,6.167966467671081032e-01,-2.430758067265020861e-02,-8.814891985302178989e-01,0.000000000000000000e+00,-1.180651338323780664e+00,3.381817844871445877e-02,0.000000000000000000e+00,-8.367629349231719971e-02,-1.198964864015579224e-01,-7.026930153369903564e-02,-4.654536023736000061e-02,-4.140698909759521484e-02,2.608524449169635773e-02
7.600000000000005640e-01,6.187895612453147010e-01,-2.996576701784348096e-02,-8.618125295574616818e-01,0.000000000000000000e+00,-1.120525825544608889e+00,4.153290324064191907e-02,0.000000000000000000e+00,-8.602710813283920288e-02,-1.218094602227210999e-01,-7.285495847463607788e-02,-4.863413423299789429e-02,-4.200517386198043823e-02,2.568233758211135864e-02
7.800000000000005818e-01,6.208882185296448197e-01,-3.584141314245475884e-02,-8.342553347843699729e-01,0.000000000000000000e+00,-1.048861644523799042e+00,5.070702261792288390e-02,0.000000000000000000e+00,-8.379373699426651001e-02,-1.172051951289176941e-01,-6.926413625478744507e-02,-4.754416644573211670e-02,-4.425085708498954773e-02,1.991404592990875244e-02
8.000000000000005995e-01,6.234383484310768164e-01,-4.244821524108466360e-02,-7.910345663541218375e-01,0.000000000000000000e+00,-9.576698252322998206e-01,6.329066467414894148e-02,0.000000000000000000e+00,-7.621842622756958008e-02,-1.031689494848251343e-01,-5.785366520285606384e-02,-4.224070906639099121e-02,-4.830726981163024902e-02,7.201556582003831863e-03
8.200000000000006173e-01,6.266460270424955015e-01,-4.993843186342511453e-02,-7.278598947643307726e-01,0.000000000000000000e+00,-8.464264456101692202e-01,8.155179701643258672e-02,0.000000000000000000e+00,-6.702832877635955811e-02,-8.306255191564559937e-02,-4.333985969424247742e-02,-3.497580811381340027e-02,-5.272312089800834656e-02,-8.792000822722911835e-03
8.400000000000006350e-01,6.305067709905451956e-01,-5.781850210073352647e-02,-6.473500476635249967e-01,0.000000000000000000e+00,-7.238675795676319247e-01,1.075129233176592564e-01,0.000000000000000000e+00,-6.061559170484542847e-02,-6.382445245981216431e-02,-3.256087750196456909e-02,-2.743808180093765259e-02,-5.626339837908744812e-02,-2.214633114635944366e-02
8.600000000000006528e-01,6.348606454579736047e-01,-6.521294510963593360e-02,-5.581405742564630179e-01,0.000000000000000000e+00,-6.025349717255829018e-01,1.427030506452021397e-01,0.000000000000000000e+00,-5.826158076524734497e-02,-4.823488369584083557e-02,-2.726623788475990295e-02,-2.068119682371616364e-02,-5.916782096028327942e-02,-3.066925518214702606e-02
8.800000000000006706e-01,6.395305401582650484e-01,-7.139815605626109729e-02,-4.699472854479835870e-01,0.000000000000000000e+00,-4.921394456690357244e-01,1.884421339559070319e-01,0.000000000000000000e+00,-5.929345637559890747e-02,-3.694999217987060547e-02,-2.605970576405525208e-02,-1.606768555939197540e-02,-6.144085153937339783e-02,-3.538020700216293335e-02
9.000000000000006883e-01,6.444236094422584049e-01,-7.609225255646678843e-02,-3.895398163426981863e-01,0.000000000000000000e+00,-3.971832650372856266e-01,2.464875518077765115e-01,0.000000000000000000e+00,-6.383799016475677490e-02,-3.097065351903438568e-02,-2.811796404421329498e-02,-1.464344747364521027e-02,-6.301059573888778687e-02,-3.775691241025924683e-02
9.200000000000007061e-01,6.494940926860049979e-01,-7.938540887431300153e-02,-3.195489002235097908e-01,0.000000000000000000e+00,-3.175019781252059192e-01,3.202669733255656959e-01,0.000000000000000000e+00,-7.178507000207901001e-02,-2.972416579723358154e-02,-3.310373798012733459e-02,-1.664681918919086456e-02,-6.397529691457748413e-02,-3.890902176499366760e-02
9.400000000000007239e-01,6.546779358186469722e-01,-8.157113970753371301e-02,-2.588952801066440879e-01,0.000000000000000000e+00,-2.495734083356596633e-01,4.185928423633308859e-01,0.000000000000000000e+00,-8.116037398576736450e-02,-3.118924610316753387e-02,-3.989718481898307800e-02,-2.093357220292091370e-02,-6.404301524162292480e-02,-3.941240161657333374e-02
9.600000000000007416e-01,6.598763712570534512e-01,-8.302009402673249383e-02,-2.036607309467128868e-01,0.000000000000000000e+00,-1.876871297879253164e-01,5.680982314131153288e-01,0.000000000000000000e+00,-8.879430592060089111e-02,-3.183128312230110168e-02,-4.603895917534828186e-02,-2.468821033835411072e-02,-6.326947361230850220e-02,-3.994418680667877197e-02
9.800000000000007594e-01,6.649360594418836090e-01,-8.406953291769997394e-02,-1.479930872513280371e-01,0.000000000000000000e+00,-1.251440294478934900e-01,7.226391418906021880e-01,0.000000000000000000e+00,-9.157565981149673462e-02,-2.767421677708625793e-02,-4.797780141234397888e-02,-2.463289350271224976e-02,-6.247901543974876404e-02,-4.167968407273292542e-02
1.000000000000000666e+00,6.696954564238926100e-01,-8.491793357542515297e-02,-8.572060237102618885e-02,0.000000000000000000e+00,-5.635662096366744755e-02,7.323785326320146893e-01,0.000000000000000000e+00,-8.770187944173812866e-02,-1.709253340959548950e-02,-4.305234178900718689e-02,-1.934817805886268616e-02,-6.243223696947097778e-02,-4.546866565942764282e-02
1.019999999999998463e+00,6.740635096052730590e-01,-8.550637528701782175e-02,-1.308024602912017872e-02,0.000000000000000000e+00,5.179260515901434880e-02,7.577634550474690034e-01,0.000000000000000000e+00,-7.845819741487503052e-02,-2.502323361113667488e-03,-3.254162892699241638e-02,-1.072410494089126587e-02,-6.287108361721038818e-02,-5.056316778063774109e-02
1.039999999999996261e+00,6.780978395339533060e-01,-8.547701026561266291e-02,6.825358881602319738e-02,0.000000000000000000e+00,1.707792996255661777e-01,6.861030622875039509e-01,0.000000000000000000e+00,-6.850181519985198975e-02,1.141644269227981567e-02,-2.148192189633846283e-02,-2.524855080991983414e-03,-6.307893991470336914e-02,-5.513791739940643311e-02
1.059999999999994058e+00,6.820646126996583458e-01,-8.432785096583894635e-02,1.500662608879442805e-01,0.000000000000000000e+00,2.711515342314365640e-01,4.409530781372265063e-01,0.000000000000000000e+00,-6.359837949275970459e-02,2.028667181730270386e-02,-1.541554462164640427e-02,1.797214732505381107e-03,-6.281559914350509644e-02,-5.781712383031845093e-02
1.079999999999991855e+00,6.864726979271215113e-01,-8.167305087796866703e-02,2.193645679248379110e-01,0.000000000000000000e+00,3.298871771899553051e-01,3.658417997301223190e-01,0.000000000000000000e+00,-6.984269618988037109e-02,2.052908204495906830e-02,-1.992989890277385712e-02,-1.587239792570471764e-03,-6.152458488941192627e-02,-5.722796171903610229e-02
1.099999999999989653e+00,6.920038618190293978e-01,-7.730461645029090834e-02,2.600412860280442162e-01,0.000000000000000000e+00,3.186491853640258665e-01,3.793237598971321844e-01,0.000000000000000000e+00,-9.720464050769805908e-02,6.071241572499275208e-03,-4.592538252472877502e-02,-2.102146483957767487e-02,-5.570695549249649048e-02,-4.857525601983070374e-02
1.119999999999987450e+00,6.990656744923230415e-01,-7.134797515042706761e-02,2.590381537803545520e-01,0.000000000000000000e+00,2.213547436787260958e-01,5.481923503929018171e-01,0.000000000000000000e+00,-1.333775371313095093e-01,-2.565430290997028351e-02,-9.305416792631149292e-02,-5.082932114601135254e-02,-3.760035708546638489e-02,-2.110242843627929688e-02
1.139999999999985247e+00,7.069347446376428312e-01,-6.465563321691336629e-02,2.212787589056151860e-01,0.000000000000000000e+00,7.044790370238661337e-02,8.253138770049949224e-01,0.000000000000000000e+00,-1.464437246322631836e-01,-5.568613484501838684e-02,-1.246483176946640015e-01,-6.807138770818710327e-02,-1.857661828398704529e-02,8.964784443378448486e-03
1.159999999999983045e+00,7.142920855299718097e-01,-5.857064339904410888e-02,1.722365989590226576e-01,0.000000000000000000e+00,-7.312427851963577974e-02,8.581589755961986921e-01,0.000000000000000000e+00,-1.471396982669830322e-01,-6.483921408653259277e-02,-1.297677606344223022e-01,-7.128525525331497192e-02,-1.251137908548116684e-02,1.967480406165122986e-02
1.179999999999980842e+00,7.202780713274630209e-01,-5.405074710614526934e-02,1.386328376458668132e-01,0.000000000000000000e+00,-1.589088523328139879e-01,8.474052289296338802e-01,0.000000000000000000e+00,-1.425629854202270508e-01,-5.494169518351554871e-02,-1.198089420795440674e-01,-6.836891174316406250e-02,-1.486418303102254868e-02,1.417784672230482101e-02
1.199999999999978639e+00,7.247198129522336441e-01,-5.101124199845391560e-02,1.293815536446115133e-01,0.000000000000000000e+00,-1.639889385920319242e-01,8.519462504825819904e-01,0.000000000000000000e+00,-1.411212831735610962e-01,-4.106761887669563293e-02,-1.063582077622413635e-01,-6.643858551979064941e-02,-2.444273792207241058e-02,-2.923787105828523636e-03
1.219999999999976437e+00,7.281103097366411481e-01,-4.849726232782708424e-02,1.329584946886215591e-01,0.000000000000000000e+00,-9.672868779986500132e-02,9.554723793187885894e-01,0.000000000000000000e+00,-1.438009142875671387e-01,-3.731789812445640564e-02,-9.780800342559814453e-02,-6.904705613851547241e-02,-3.652856498956680298e-02,-2.384786866605281830e-02
1.239999999999974234e+00,7.314086016077953056e-01,-4.544041395790965332e-02,1.286042373309211895e-01,0.000000000000000000e+00,-1.093333964502991515e-03,9.783847207890619124e-01,0.000000000000000000e+00,-1.475149095058441162e-01,-4.424683377146720886e-02,-1.016631051898002625e-01,-7.508478313684463501e-02,-3.757118806242942810e-02,-2.859485521912574768e-02
1.259999999999972031e+00,7.354344742476115471e-01,-4.122050545202404770e-02,1.001513418580657622e-01,0.000000000000000000e+00,5.867984574336494730e-02,1.006476732026162280e+00,0.000000000000000000e+00,-1.523229330778121948e-01,-5.818355828523635864e-02,-1.172398030757904053e-01,-8.136158436536788940e-02,-2.459008246660232544e-02,-5.074045155197381973e-03
1.279999999999969829e+00,7.402049202494008773e-01,-3.603750624768581323e-02,4.571056205593713312e-02,0.000000000000000000e+00,5.520254123564601739e-02,1.033871374649583341e+00,0.000000000000000000e+00,-1.510158032178878784e-01,-6.888411194086074829e-02,-1.281493604183197021e-01,-7.843360304832458496e-02,-1.134643703699111938e-02,2.276735007762908936e-02
1.299999999999967626e+00,7.451854663995716166e-01,-3.074773910293776558e-02,-2.408345476960474171e-02,0.000000000000000000e+00,5.633949425250195375e-03,1.056058031284060394e+00,0.000000000000000000e+00,-1.479004621505737305e-01,-7.380402088165283203e-02,-1.292015910148620605e-01,-7.484499365091323853e-02,-6.391048897057771683e-03,3.544372320175170898e-02
1.319999999999965423e+00,7.499857924046603452e-01,-2.608673542000650158e-02,-9.831844200973695325e-02,0.000000000000000000e+00,-5.679610018121492715e-02,1.075703746520460191e+00,0.000000000000000000e+00,-1.486243158578872681e-01,-8.065328001976013184e-02,-1.307152807712554932e-01,-7.812198251485824585e-02,-3.613314824178814888e-03,4.086413607001304626e-02
1.339999999999963221e+00,7.546047447527269858e-01,-2.212135936785752932e-02,-1.756370052136143056e-01,0.000000000000000000e+00,-1.108634879160352027e-01,1.096999155634400314e+00,0.000000000000000000e+00,-1.569511443376541138e-01,-1.005453914403915405e-01,-1.397227942943572998e-01,-9.091161936521530151e-02,-6.473959074355661869e-04,4.688466340303421021e-02
1.359999999999961018e+00,7.591055396142276646e-01,-1.864106353058908594e-02,-2.606248513305104986e-01,0.000000000000000000e+00,-1.443869759251660279e-01,1.121517032553509541e+00,0.000000000000000000e+00,-1.625040322542190552e-01,-1.288231760263442993e-01,-1.503294706344604492e-01,-1.057229861617088318e-01,4.030322190374135971e-03,5.713847652077674866e-02
1.379999999999958815e+00,7.633805548479921654e-01,-1.580791459090796769e-02,-3.528855509674385660e-01,0.000000000000000000e+00,-1.635317968770372832e-01,1.053846354979738553e+00,0.000000000000000000e+00,-1.618388444185256958e-01,-1.457018852233886719e-01,-1.546209901571273804e-01,-1.114623695611953735e-01,6.938162259757518768e-03,6.616806238889694214e-02
1.399999999999956612e+00,7.672985682526382023e-01,-1.395841817966331222e-02,-4.464917551957864883e-01,0.000000000000000000e+00,-1.824826503383417953e-01,9.672440408736224793e-01,0.000000000000000000e+00,-1.623476445674896240e-01,-1.525119841098785400e-01,-1.560499817132949829e-01,-1.116320639848709106e-01,7.491365540772676468e-03,7.207985967397689819e-02
1.419999999999954410e+00,7.708545428021765789e-01,-1.317672741427539096e-02,-5.369463062176813573e-01,0.000000000000000000e+00,-2.017255733160619735e-01,8.941238551814747471e-01,0.000000000000000000e+00,-1.653333604335784912e-01,-1.569717675447463989e-01,-1.582574397325515747e-01,-1.117197871208190918e-01,7.696385495364665985e-03,7.705462723970413208e-02
1.439999999999952207e+00,7.741034401098644269e-01,-1.334433914765226215e-02,-6.234041424070265736e-01,0.000000000000000000e+00,-2.102587543138380866e-01,8.751202717152360977e-01,0.000000000000000000e+00,-1.683946549892425537e-01,-1.616731584072113037e-01,-1.610890179872512817e-01,-1.127154082059860229e-01,8.220588788390159607e-03,8.133934438228607178e-02
1.459999999999950004e+00,7.770610363292503875e-01,-1.434930562675068577e-02,-7.066695618892455677e-01,0.000000000000000000e+00,-2.081432919951856086e-01,9.012383928859816207e-01,0.000000000000000000e+00,-1.695362627506256104e-01,-1.666272431612014771e-01,-1.631103157997131348e-01,-1.140267476439476013e-01,8.669628761708736420e-03,8.456396311521530151e-02
1.479999999999947802e+00,7.797039507393092039e-01,-1.617797548367616578e-02,-7.870162358275225589e-01,0.000000000000000000e+00,-2.047438029250576996e-01,9.325735520329062611e-01,0.000000000000000000e+00,-1.680846810340881348e-01,-1.708015799522399902e-01,-1.630970537662506104e-01,-1.147949993610382080e-01,8.608679287135601044e-03,8.650732785463333130e-02
1.499999999999945599e+00,7.820314682612687918e-01,-1.887613309160973696e-02,-8.634202092581653165e-01,0.000000000000000000e+00,-2.038709709758905475e-01,9.505770543938795170e-01,0.000000000000000000e+00,-1.645924001932144165e-01,-1.733254641294479370e-01,-1.607510745525360107e-01,-1.145891994237899780e-01,7.796392310410737991e-03,8.703468739986419678e-02
1.519999999999943396e+00,7.841058870083693622e-01,-2.246355892832929690e-02,-9.341809572055469468e-01,0.000000000000000000e+00,-2.042555453940582411e-01,9.602789732647645238e-01,0.000000000000000000e+00,-1.600859463214874268e-01,-1.742400377988815308e-01,-1.565669775009155273e-01,-1.136209070682525635e-01,6.102315150201320648e-03,8.620389550924301147e-02
1.539999999999941194e+00,7.860181926175444644e-01,-2.688474252570399736e-02,-9.978025030409620744e-01,0.000000000000000000e+00,-2.041152444185461989e-01,9.704584281858590344e-01,0.000000000000000000e+00,-1.552737951278686523e-01,-1.740253567695617676e-01,-1.511560976505279541e-01,-1.121506392955780029e-01,3.361608367413282394e-03,8.410135656595230103e-02
1.559999999999938991e+00,7.877833047524183119e-01,-3.203495311914861254e-02,-1.053400930340520958e+00,0.000000000000000000e+00,-2.032096364786861731e-01,9.825915637221662724e-01,0.000000000000000000e+00,-1.501917988061904907e-01,-1.728918105363845825e-01,-1.447978466749191284e-01,-1.099742054939270020e-01,-7.409482495859265327e-04,8.052018284797668457e-02
1.579999999999936788e+00,7.893920354890627822e-01,-3.782302999597580984e-02,-1.100504984090402427e+00,0.000000000000000000e+00,-2.026525707019140032e-01,9.913338114430253478e-01,0.000000000000000000e+00,-1.442722380161285400e-01,-1.705996096134185791e-01,-1.371988952159881592e-01,-1.065589115023612976e-01,-6.483475212007761002e-03,7.490388303995132446e-02
1.599999999999934586e+00,7.908690636338144841e-01,-4.418320682888760009e-02,-1.138304944896468385e+00,0.000000000000000000e+00,-2.044908307847765339e-01,9.861803399733799491e-01,0.000000000000000000e+00,-1.368037462234497070e-01,-1.668218076229095459e-01,-1.278172731399536133e-01,-1.014398634433746338e-01,-1.373273320496082306e-02,6.688661128282546997e-02
1.619999999999932383e+00,7.922671469869330130e-01,-5.107524402019331111e-02,-1.165553660207159670e+00,0.000000000000000000e+00,-2.103791398078556363e-01,9.594023214741435046e-01,0.000000000000000000e+00,-1.275013983249664307e-01,-1.614171117544174194e-01,-1.166313216090202332e-01,-9.440611302852630615e-02,-2.138668298721313477e-02,5.724689364433288574e-02
1.639999999999930180e+00,7.936577573409996367e-01,-5.845419025786763312e-02,-1.181072967766526594e+00,0.000000000000000000e+00,-2.198337491588050752e-01,9.162354359100229884e-01,0.000000000000000000e+00,-1.170474439859390259e-01,-1.544574499130249023e-01,-1.047913059592247009e-01,-8.558444678783416748e-02,-2.794526331126689911e-02,4.804806411266326904e-02
1.659999999999927978e+00,7.951132976249702944e-01,-6.623220712516086905e-02,-1.184389066284642134e+00,0.000000000000000000e+00,-2.298521354218166224e-01,8.728193886309598692e-01,0.000000000000000000e+00,-1.065383926033973694e-01,-1.459825485944747925e-01,-9.364465624094009399e-02,-7.532065361738204956e-02,-3.314673900604248047e-02,4.050249233841896057e-02
1.679999999999925775e+00,7.966911936226812596e-01,-7.429222715894356899e-02,-1.175948330774744921e+00,0.000000000000000000e+00,-2.360043698470735141e-01,8.464844197764256339e-01,0.000000000000000000e+00,-9.682172536849975586e-02,-1.361350566148757935e-01,-8.369195461273193359e-02,-6.439010798931121826e-02,-3.757509961724281311e-02,3.396537154912948608e-02
1.699999999999923572e+00,7.984122976726286680e-01,-8.250282089678645514e-02,-1.157178421230079080e+00,0.000000000000000000e+00,-2.344349912154040094e-01,8.498508771570867371e-01,0.000000000000000000e+00,-8.910892158746719360e-02,-1.262060552835464478e-01,-7.538428902626037598e-02,-5.478358268737792969e-02,-4.128270968794822693e-02,2.784615196287631989e-02
1.719999999999921370e+00,8.002284109284497626e-01,-9.070554035064254395e-02,-1.130462875404030898e+00,0.000000000000000000e+00,-2.244406788639712047e-01,8.875843338010894756e-01,0.000000000000000000e+00,-8.413201570510864258e-02,-1.181548312306404114e-01,-6.942363828420639038e-02,-4.819773510098457336e-02,-4.402836039662361145e-02,2.239640802145004272e-02
1.739999999999919167e+00,8.020584491539528571e-01,-9.872521717045978917e-02,-1.098371541598780698e+00,0.000000000000000000e+00,-2.088902755186396176e-01,9.557625048855969974e-01,0.000000000000000000e+00,-8.147674798965454102e-02,-1.127042770385742188e-01,-6.588435918092727661e-02,-4.467846080660820007e-02,-4.596644267439842224e-02,1.780941523611545563e-02
1.759999999999916964e+00,8.038706018995506186e-01,-1.064528079528724025e-01,-1.062449349157998268e+00,0.000000000000000000e+00,-1.933621302465295955e-01,1.035688707282391485e+00,0.000000000000000000e+00,-8.031304180622100830e-02,-1.089296340942382812e-01,-6.384904682636260986e-02,-4.312786087393760681e-02,-4.761176928877830505e-02,1.370206847786903381e-02
1.779999999999914762e+00,8.056999197527014989e-01,-1.139056147062983415e-01,-1.022611075607034792e+00,0.000000000000000000e+00,-1.848076745892753836e-01,1.085574464862899990e+00,0.000000000000000000e+00,-7.990320771932601929e-02,-1.051026880741119385e-01,-6.199981272220611572e-02,-4.232135042548179626e-02,-4.944114014506340027e-02,9.172588586807250977e-03
1.799999999999912559e+00,8.076287062960775254e-01,-1.211980671047272196e-01,-9.773407163181294655e-01,0.000000000000000000e+00,-1.883805220253616519e-01,1.063373280254311215e+00,0.000000000000000000e+00,-7.948148995637893677e-02,-9.945084154605865479e-02,-5.912848189473152161e-02,-4.128477722406387329e-02,-5.163074657320976257e-02,3.172703087329864502e-03
1.819999999999910356e+00,8.097491098038507307e-01,-1.284581398644729922e-01,-9.245264683243386017e-01,0.000000000000000000e+00,-2.036603653774740619e-01,9.782400277420729706e-01,0.000000000000000000e+00,-7.837475091218948364e-02,-9.087634831666946411e-02,-5.465233325958251953e-02,-3.932808712124824524e-02,-5.407041683793067932e-02,-4.807940218597650528e-03
1.839999999999908153e+00,8.121291983904623812e-01,-1.357310103755164921e-01,-8.626726690330821512e-01,0.000000000000000000e+00,-2.236581282822579231e-01,8.836191441821559245e-01,0.000000000000000000e+00,-7.651312649250030518e-02,-7.961230725049972534e-02,-4.909582436084747314e-02,-3.613421693444252014e-02,-5.655921995639801025e-02,-1.408732682466506958e-02
1.859999999999905951e+00,8.148041101261765951e-01,-1.429070575573420099e-01,-7.919487467234641587e-01,0.000000000000000000e+00,-2.393494401941940741e-01,8.188866667537157973e-01,0.000000000000000000e+00,-7.457429170608520508e-02,-6.689628958702087402e-02,-4.373612999916076660e-02,-3.189472481608390808e-02,-5.900343507528305054e-02,-2.310747839510440826e-02
1.879999999999903748e+00,8.177948720564425233e-01,-1.497326099847409997e-01,-7.143803436943726437e-01,0.000000000000000000e+00,-2.448562764891528687e-01,7.952271318720203208e-01,0.000000000000000000e+00,-7.322365045547485352e-02,-5.390569567680358887e-02,-3.947403281927108765e-02,-2.722199819982051849e-02,-6.131147220730781555e-02,-3.062491677701473236e-02
1.899999999999901545e+00,8.211227154789654259e-01,-1.559132377450974938e-01,-6.331672479433724243e-01,0.000000000000000000e+00,-2.388667003464958194e-01,8.117147706278188268e-01,0.000000000000000000e+00,-7.267059385776519775e-02,-4.187601432204246521e-02,-3.645890206098556519e-02,-2.282693237066268921e-02,-6.319472193717956543e-02,-3.623391687870025635e-02
1.919999999999899343e+00,8.248115467048440230e-01,-1.612205141331097269e-01,-5.516785155725373313e-01,0.000000000000000000e+00,-2.237501398446776202e-01,8.646993407683378763e-01,0.000000000000000000e+00,-7.316542416810989380e-02,-3.201388940215110779e-02,-3.466342017054557800e-02,-1.932789012789726257e-02,-6.449808925390243530e-02,-4.015843197703361511e-02
1.939999999999897140e+00,8.288798290212151532e-01,-1.655342674501009692e-01,-4.727404329722025289e-01,0.000000000000000000e+00,-2.043220797712889392e-01,9.464504736344763192e-01,0.000000000000000000e+00,-7.513491064310073853e-02,-2.472849190235137939e-02,-3.426179289817810059e-02,-1.715233735740184784e-02,-6.534164398908615112e-02,-4.287167638540267944e-02
1.959999999999894937e+00,8.333178451873340942e-01,-1.688227322231461991e-01,-3.983471877999691380e-01,0.000000000000000000e+00,-1.869209406418219366e-01,1.035221727450057694e+00,0.000000000000000000e+00,-7.871728390455245972e-02,-1.994238235056400299e-02,-3.550241887569427490e-02,-1.645274274051189423e-02,-6.575658172369003296e-02,-4.462425783276557922e-02
1.979999999999892735e+00,8.380877874336615241e-01,-1.711178145177521537e-01,-3.296486756585865763e-01,0.000000000000000000e+00,-1.785772234522738922e-01,1.085251778297644076e+00,0.000000000000000000e+00,-8.376901596784591675e-02,-1.729677617549896240e-02,-3.848847001791000366e-02,-1.709447428584098816e-02,-6.569282710552215576e-02,-4.546170309185981750e-02
1.999999999999890532e+00,8.431476111560926023e-01,-1.724874552724186549e-01,-2.672796887509837349e-01,0.000000000000000000e+00,-1.854483324141636968e-01,1.047753118972317710e+00,0.000000000000000000e+00,-9.027761220932006836e-02,-1.630167663097381592e-02,-4.329637065529823303e-02,-1.898890174925327301e-02,-6.509031355381011963e-02,-4.536079987883567810e-02
2.019999999999888551e+00,8.484762338927628322e-01,-1.730056166471395374e-01,-2.118987410029320451e-01,-3.911924866613104568e-01,-2.102256309005949841e-01,9.281956172190977128e-01,1.000000000000000000e+00,-9.864576905965805054e-02,-1.675639115273952484e-02,-5.033739656209945679e-02,-2.254058979451656342e-02,-6.374524533748626709e-02,-4.418873414397239685e-02
2.039999999999886349e+00,8.544012919366316128e-01,-1.724903150341805802e-01,-1.718338290834544868e-01,-8.396687804008928779e-02,-2.624991229918959834e-01,7.489806788567187068e-01,1.000000000000000000e+00,-1.274394690990447998e-01,-3.754345327615737915e-02,-8.034859597682952881e-02,-4.004801437258720398e-02,-6.422360241413116455e-02,-3.705407679080963135e-02
2.059999999999884146e+00,8.611295547738482270e-01,-1.709183910828569186e-01,-1.550051505868862423e-01,-1.774871253517522618e-01,-3.334682585366134377e-01,5.964658435448111362e-01,1.000000000000000000e+00,-1.550822854042053223e-01,-5.511181056499481201e-02,-1.102314665913581848e-01,-6.057217344641685486e-02,-5.417511612176895142e-02,-2.312787435948848724e-02
2.079999999999881943e+00,8.681624612198243218e-01,-1.687880943858501570e-01,-1.551225762255346585e-01,-3.285845704261933231e-01,-3.963894178057597584e-01,5.083256672513871699e-01,1.000000000000000000e+00,-1.663831919431686401e-01,-6.837042421102523804e-02,-1.314962655305862427e-01,-7.184886932373046875e-02,-3.977920487523078918e-02,-4.498350434005260468e-03
2.099999999999879741e+00,8.746448974404865684e-01,-1.667903440179767938e-01,-1.552418801790730052e-01,-3.608813662719501103e-01,-4.155073230620163205e-01,4.894858696746957061e-01,1.000000000000000000e+00,-1.640651971101760864e-01,-6.661985814571380615e-02,-1.332441866397857666e-01,-7.133306562900543213e-02,-3.443764150142669678e-02,1.902398071251809597e-03
2.119999999999877538e+00,8.799947041349140964e-01,-1.652384675890343491e-01,-1.405608301316421671e-01,-2.596197955583098849e-01,-3.715943485539396907e-01,5.485551192576525459e-01,1.000000000000000000e+00,-1.589692234992980957e-01,-5.374426394701004028e-02,-1.207852885127067566e-01,-6.602217257022857666e-02,-3.986053913831710815e-02,-7.322257850319147110e-03
2.139999999999875335e+00,8.841597900698143775e-01,-1.638425264226783529e-01,-1.085445564832092924e-01,-1.852159029826973627e-02,-2.857227878125923048e-01,7.108042610073239675e-01,1.000000000000000000e+00,-1.525079607963562012e-01,-3.973263874650001526e-02,-1.029977127909660339e-01,-6.100023910403251648e-02,-5.089778825640678406e-02,-2.640161104500293732e-02
2.159999999999873133e+00,8.875798568708122005e-01,-1.620914642408598227e-01,-6.793798279758694880e-02,-5.256410644275406607e-01,-2.005261567196066352e-01,1.006623954249398656e+00,1.000000000000000000e+00,-1.420687139034271240e-01,-3.095247782766819000e-02,-8.805212378501892090e-02,-5.523642525076866150e-02,-5.778176337480545044e-02,-4.175255447626113892e-02
2.179999999999870930e+00,8.911208839220920996e-01,-1.594949532641143364e-01,-3.432386828488559471e-02,-1.035422640962497587e+00,-1.539596975402011403e-01,1.303996540561456863e+00,1.000000000000000000e+00,-1.397319436073303223e-01,-2.978014200925827026e-02,-8.491282165050506592e-02,-5.515057221055030823e-02,-5.815087258815765381e-02,-4.442145675420761108e-02
2.199999999999868727e+00,8.958668942204759400e-01,-1.556708123331604077e-01,-2.592294514262172972e-02,-9.240163876192584169e-01,-1.619127443793435817e-01,1.239009559444567365e+00,1.000000000000000000e+00,-1.534427553415298462e-01,-4.030238837003707886e-02,-1.022259294986724854e-01,-6.581848114728927612e-02,-5.022788792848587036e-02,-3.031009808182716370e-02
2.219999999999866525e+00,9.021500897635994498e-01,-1.507797380618920158e-01,-5.095240379504676481e-02,-4.872221852596160807e-01,-2.051081861624748370e-01,9.842129414014426647e-01,1.000000000000000000e+00,-1.581026911735534668e-01,-5.541034042835235596e-02,-1.238383054733276367e-01,-7.329665869474411011e-02,-3.049837797880172729e-02,-1.405011862516403198e-03
2.239999999999864322e+00,9.092381720867792616e-01,-1.455618736102548549e-01,-1.014481685880607442e-01,-2.035391982374872843e-01,-2.492607957910325245e-01,8.187311989718675243e-01,1.000000000000000000e+00,-1.563615500926971436e-01,-6.920916587114334106e-02,-1.346768140792846680e-01,-7.489577680826187134e-02,-1.666303910315036774e-02,2.162825688719749451e-02
2.259999999999862119e+00,9.161663499033676494e-01,-1.407930532813212454e-01,-1.624380725217765831e-01,-1.162876983745388948e-01,-2.687377015293494487e-01,7.678344907184809776e-01,1.000000000000000000e+00,-1.557816416025161743e-01,-7.696389406919479370e-02,-1.376819312572479248e-01,-7.655923068523406982e-02,-1.162160001695156097e-02,3.058667108416557312e-02
2.279999999999859916e+00,9.224785749418680236e-01,-1.368402745237957130e-01,-2.242482080195426497e-01,-1.467431862321569580e-01,-2.651353503442377413e-01,7.856001919687581880e-01,1.000000000000000000e+00,-1.601836234331130981e-01,-8.575917780399322510e-02,-1.415066719055175781e-01,-8.350444585084915161e-02,-1.014958135783672333e-02,3.270445391535758972e-02
2.299999999999857714e+00,9.283135426193154238e-01,-1.335467396424358799e-01,-2.880380632471887248e-01,-1.957587105780008163e-01,-2.579345499578677980e-01,8.141925811705004179e-01,1.000000000000000000e+00,-1.693781018257141113e-01,-1.038207411766052246e-01,-1.502510011196136475e-01,-9.663071483373641968e-02,-8.588206954300403595e-03,3.520454838871955872e-02
2.319999999999855511e+00,9.339442280533227780e-01,-1.306120781562260524e-01,-3.594636068309359778e-01,-1.977314369799082205e-01,-2.594984970219693654e-01,8.153433382382797578e-01,1.000000000000000000e+00,-1.748712658882141113e-01,-1.266096830368041992e-01,-1.595885902643203735e-01,-1.085442081093788147e-01,-4.756952170282602310e-03,4.363851249217987061e-02
2.339999999999853308e+00,9.393380066008911733e-01,-1.280174342263947496e-01,-4.393382188684787359e-01,-1.885493901728272914e-01,-2.628841125516349075e-01,8.099871442674825284e-01,1.000000000000000000e+00,-1.750881969928741455e-01,-1.416512429714202881e-01,-1.644933223724365234e-01,-1.124761253595352173e-01,-1.304323552176356316e-03,5.491302907466888428e-02
2.359999999999851106e+00,9.442751117252790038e-01,-1.259828403003973585e-01,-5.231843170572945123e-01,-2.224819121165154401e-01,-2.579388322949951462e-01,8.297811154013006174e-01,1.000000000000000000e+00,-1.753393411636352539e-01,-1.474276781082153320e-01,-1.657583862543106079e-01,-1.111028417944908142e-01,-2.102362850564531982e-05,6.320968270301818848e-02
2.379999999999848903e+00,9.486629370926827898e-01,-1.246498434206310402e-01,-6.068189761901623402e-01,-2.923502503441705591e-01,-2.468432145898100394e-01,8.705376460340994438e-01,1.000000000000000000e+00,-1.774133592844009399e-01,-1.512103676795959473e-01,-1.670795381069183350e-01,-1.100257560610771179e-01,5.479579558596014977e-04,6.903978437185287476e-02
2.399999999999846700e+00,9.525492945114708565e-01,-1.239850599251383634e-01,-6.897135914329488582e-01,-3.562982028634930631e-01,-2.373341509603518196e-01,9.078406183370375526e-01,1.000000000000000000e+00,-1.804152429103851318e-01,-1.580993831157684326e-01,-1.700959354639053345e-01,-1.116342544555664062e-01,1.460445462726056576e-03,7.447750121355056763e-02
2.419999999999844498e+00,9.559701041493549045e-01,-1.239243866975830999e-01,-7.732753646701335803e-01,-3.855805501876366503e-01,-2.332247088578849881e-01,9.249219876094546544e-01,1.000000000000000000e+00,-1.815253943204879761e-01,-1.668477505445480347e-01,-1.728540807962417603e-01,-1.145688369870185852e-01,2.841393230482935905e-03,7.997803390026092529e-02
2.439999999999842295e+00,9.588954738091961527e-01,-1.245225625060920327e-01,-8.575633809006008024e-01,-3.877227800289835824e-01,-2.328496545413450136e-01,9.261716216835736981e-01,1.000000000000000000e+00,-1.797636449337005615e-01,-1.736595481634140015e-01,-1.733240336179733276e-01,-1.164104565978050232e-01,3.914695233106613159e-03,8.431249856948852539e-02
2.459999999999840092e+00,9.612996716941886177e-01,-1.258995179659927743e-01,-9.407275789904521179e-01,-3.850965782219491484e-01,-2.329309191056175010e-01,9.246396706294702783e-01,1.000000000000000000e+00,-1.769790202379226685e-01,-1.776438951492309570e-01,-1.719919890165328979e-01,-1.167696714401245117e-01,4.111671354621648788e-03,8.693471550941467285e-02
2.479999999999837890e+00,9.632071463775455644e-01,-1.281082868463805924e-01,-1.020691123995563387e+00,-3.873395960977940033e-01,-2.321362080336455969e-01,9.259480977237131150e-01,1.000000000000000000e+00,-1.747126877307891846e-01,-1.800961047410964966e-01,-1.701390892267227173e-01,-1.166175752878189087e-01,3.607613267377018929e-03,8.839887380599975586e-02
2.499999999999835687e+00,9.646742336068443446e-01,-1.311086612543862218e-01,-1.096287812400085659e+00,-3.883704851640820688e-01,-2.313638567393425660e-01,9.265494496790478429e-01,1.000000000000000000e+00,-1.730272024869918823e-01,-1.819116622209548950e-01,-1.681467592716217041e-01,-1.164552047848701477e-01,2.697386778891086578e-03,8.905895799398422241e-02
2.519999999999833484e+00,9.657594593515665959e-01,-1.348309975100152880e-01,-1.167035374384339352e+00,-3.783059117803963534e-01,-2.320015567493813324e-01,9.206784485385645089e-01,1.000000000000000000e+00,-1.713236868381500244e-01,-1.832831948995590210e-01,-1.658111065626144409e-01,-1.161828786134719849e-01,1.385646173730492592e-03,8.884231001138687134e-02
2.539999999999831282e+00,9.665089170893408355e-01,-1.392278407018335828e-01,-1.232410892770892996e+00,-3.536333513145579199e-01,-2.345814523884347802e-01,9.062861216001587561e-01,1.000000000000000000e+00,-1.690133661031723022e-01,-1.841255575418472290e-01,-1.627429723739624023e-01,-1.154897734522819519e-01,-6.510952371172606945e-04,8.753855526447296143e-02
2.559999999999829079e+00,9.669394918817344475e-01,-1.442726864460726066e-01,-1.291344803601479851e+00,-3.208232531761686657e-01,-2.383034226001606304e-01,8.871468976860983346e-01,1.000000000000000000e+00,-1.656334549188613892e-01,-1.841731071472167969e-01,-1.583920121192932129e-01,-1.140208020806312561e-01,-3.987119067460298538e-03,8.477395772933959961e-02
2.579999999999826876e+00,9.670541552932608864e-01,-1.499672577889258340e-01,-1.342339696184331022e+00,-2.878284658247911021e-01,-2.420735156191056725e-01,8.678999383977947790e-01,1.000000000000000000e+00,-1.606563180685043335e-01,-1.828841865062713623e-01,-1.520289033651351929e-01,-1.113240569829940796e-01,-9.296612814068794250e-03,7.980638742446899414e-02
2.599999999999824674e+00,9.668980225155934249e-01,-1.563218174264898175e-01,-1.383591393760683408e+00,-2.601320119339619041e-01,-2.450424419731600245e-01,8.517436736281444043e-01,1.000000000000000000e+00,-1.536200046539306641e-01,-1.797173917293548584e-01,-1.431783288717269897e-01,-1.069924756884574890e-01,-1.677505113184452057e-02,7.179723680019378662e-02
2.619999999999822471e+00,9.665676395303427482e-01,-1.633151077775668869e-01,-1.413322823915560411e+00,-2.388521867203812765e-01,-2.469974062976196538e-01,8.393304422535556863e-01,1.000000000000000000e+00,-1.445183306932449341e-01,-1.747434735298156738e-01,-1.322519481182098389e-01,-1.008151397109031677e-01,-2.521275542676448822e-02,6.121934205293655396e-02
2.639999999999820268e+00,9.661653274846175865e-01,-1.708787087599622778e-01,-1.430439473663023486e+00,-2.218286748043549195e-01,-2.482614625456466551e-01,8.294000603025403207e-01,1.000000000000000000e+00,-1.341146379709243774e-01,-1.682906001806259155e-01,-1.207210347056388855e-01,-9.266176819801330566e-02,-3.236658871173858643e-02,5.091755837202072144e-02
2.659999999999818066e+00,9.657768557170622881e-01,-1.788799076154193313e-01,-1.435021593306218923e+00,-2.048379631142283053e-01,-2.495318011127989899e-01,8.194888118166331337e-01,1.000000000000000000e+00,-1.240039765834808350e-01,-1.605630964040756226e-01,-1.104292422533035278e-01,-8.298407495021820068e-02,-3.772404044866561890e-02,4.296513274312019348e-02
2.679999999999815863e+00,9.654617977903023895e-01,-1.871479601737193188e-01,-1.428312514081573559e+00,-1.832097199313841296e-01,-2.516221195369680586e-01,8.068723366266407071e-01,1.000000000000000000e+00,-1.154194772243499756e-01,-1.519334018230438232e-01,-1.020169779658317566e-01,-7.305160909891128540e-02,-4.199830070137977600e-02,3.687203302979469299e-02
2.699999999999813660e+00,9.652436024040278451e-01,-1.955050888680698040e-01,-1.412428035027667894e+00,-1.543285212308978527e-01,-2.550550621449482191e-01,7.900249707180236891e-01,1.000000000000000000e+00,-1.094387099146842957e-01,-1.438283324241638184e-01,-9.576600044965744019e-02,-6.489881128072738647e-02,-4.532691463828086853e-02,3.196635842323303223e-02
2.719999999999811457e+00,9.650977601503902825e-01,-2.037769060897265672e-01,-1.389894361722178173e+00,-1.199855039463112727e-01,-2.596360631982708167e-01,7.699915439686815244e-01,1.000000000000000000e+00,-1.062716841697692871e-01,-1.377478241920471191e-01,-9.191717952489852905e-02,-5.969813838601112366e-02,-4.776079952716827393e-02,2.793728932738304138e-02
2.739999999999809255e+00,9.649848925882451578e-01,-2.118308016431104390e-01,-1.362717975991983188e+00,-8.526120508588190539e-02,-2.645436789354082552e-01,7.497357029667643946e-01,1.000000000000000000e+00,-1.050514206290245056e-01,-1.338661909103393555e-01,-8.997343480587005615e-02,-5.722108855843544006e-02,-4.958708956837654114e-02,2.440220676362514496e-02
2.759999999999807052e+00,9.648999223028933425e-01,-2.196477275069121937e-01,-1.331447041423017730e+00,-5.572082107090117059e-02,-2.687136417928510657e-01,7.325038122913589689e-01,1.000000000000000000e+00,-1.046233698725700378e-01,-1.309016346931457520e-01,-8.864298462867736816e-02,-5.625934153795242310e-02,-5.130219459533691406e-02,2.068257331848144531e-02
2.779999999999804849e+00,9.648788447736769136e-01,-2.273390952026595468e-01,-1.294969056944582197e+00,-3.539070078901446897e-02,-2.712310850498260151e-01,7.206445754602583964e-01,1.000000000000000000e+00,-1.040547117590904236e-01,-1.268791258335113525e-01,-8.644618839025497437e-02,-5.543190985918045044e-02,-5.334098264575004578e-02,1.578920334577560425e-02
2.799999999999802647e+00,9.649901823995289396e-01,-2.350775323533831340e-01,-1.251109467244473583e+00,-2.556968650988863598e-02,-2.717035501886650994e-01,7.149156504641016596e-01,1.000000000000000000e+00,-1.027521044015884399e-01,-1.201088279485702515e-01,-8.238539099693298340e-02,-5.376817658543586731e-02,-5.580240860581398010e-02,8.839881978929042816e-03
2.819999999999800444e+00,9.653184173335505047e-01,-2.429851560001647093e-01,-1.197830584841697910e+00,-2.385005986993528684e-02,-2.705924091377666096e-01,7.139125349241288720e-01,1.000000000000000000e+00,-1.007018536329269409e-01,-1.101147234439849854e-01,-7.661044597625732422e-02,-5.093039572238922119e-02,-5.846869945526123047e-02,-2.082835562760010362e-04
2.839999999999798241e+00,9.659470615427439011e-01,-2.510338138171436806e-01,-1.134607627630420446e+00,-2.408189305500777616e-02,-2.692200529430399669e-01,7.140477709487544900e-01,1.000000000000000000e+00,-9.864820539951324463e-02,-9.804341197013854980e-02,-7.056629657745361328e-02,-4.719556868076324463e-02,-6.110912933945655823e-02,-1.014369539916515350e-02
2.859999999999796039e+00,9.669565840248166566e-01,-2.590055982810343105e-01,-1.063140945615010491e+00,-1.888275866827722124e-02,-2.691753363485137607e-01,7.110149425564949999e-01,1.000000000000000000e+00,-9.757480770349502563e-02,-8.567267656326293945e-02,-6.589004397392272949e-02,-4.323375225067138672e-02,-6.371266394853591919e-02,-1.924963295459747314e-02
2.879999999999793836e+00,9.684264799251025568e-01,-2.665747915681167535e-01,-9.868692360223255688e-01,-3.203469199557940073e-03,-2.716116559309151302e-01,7.018686903664087540e-01,1.000000000000000000e+00,-9.794566780328750610e-02,-7.446202635765075684e-02,-6.330349296331405640e-02,-3.980984538793563843e-02,-6.619248539209365845e-02,-2.632300928235054016e-02
2.899999999999791633e+00,9.704260710103602694e-01,-2.734516259048194176e-01,-9.097818955695902154e-01,-2.380651768062687010e-02,-2.769483137453008226e-01,6.861128646863009495e-01,1.000000000000000000e+00,-9.993777424097061157e-02,-6.565263867378234863e-02,-6.281419098377227783e-02,-3.751518949866294861e-02,-6.826195865869522095e-02,-3.098722733557224274e-02
2.919999999999789431e+00,9.730006267517954388e-01,-2.794752985729047623e-01,-8.352373694410041294e-01,-5.888586031557219158e-02,-2.848187100004282990e-01,6.656499148159161772e-01,1.000000000000000000e+00,-1.037683337926864624e-01,-5.968840047717094421e-02,-6.422185897827148438e-02,-3.664661198854446411e-02,-6.981293112039566040e-02,-3.367030620574951172e-02
2.939999999999787228e+00,9.761523716413105234e-01,-2.846165453391840683e-01,-7.652559610948491686e-01,-9.608629138149657467e-02,-2.941118350775301371e-01,6.439496633607936227e-01,1.000000000000000000e+00,-1.092254444956779480e-01,-5.613601580262184143e-02,-6.720852106809616089e-02,-3.716387599706649780e-02,-7.079875469207763672e-02,-3.504991531372070312e-02
2.959999999999785025e+00,9.798224697837789599e-01,-2.889267897442556188e-01,-7.003013210143075318e-01,-1.284373886523061115e-01,-3.030706288181772012e-01,6.250781899528213836e-01,1.000000000000000000e+00,-1.153751909732818604e-01,-5.407320708036422729e-02,-7.118582725524902344e-02,-3.855621069669723511e-02,-7.109773159027099609e-02,-3.560688719153404236e-02
2.979999999999782823e+00,9.839055346195733076e-01,-2.924983890784626506e-01,-6.394539533985342805e-01,-1.491863068915731672e-01,-3.095173238711658725e-01,6.129746543132489345e-01,1.000000000000000000e+00,-1.209204494953155518e-01,-5.210456624627113342e-02,-7.514891028404235840e-02,-3.987188264727592468e-02,-7.073382288217544556e-02,-3.575003147125244141e-02
2.999999999999780620e+00,9.882785105483811172e-01,-2.954174418396571244e-01,-5.809638119661977296e-01,-1.517989948445512549e-01,-3.110580612274795875e-01,6.114505863406783925e-01,1.000000000000000000e+00,-1.247463449835777283e-01,-4.884658381342887878e-02,-7.789219170808792114e-02,-4.022242873907089233e-02,-6.994479894638061523e-02,-3.595958650112152100e-02
3.019999999999778417e+00,9.928396192985148305e-01,-2.977215995980196372e-01,-5.231154158146267275e-01,-1.294496123854631253e-01,-3.054893962072571800e-01,6.244877261084798015e-01,1.000000000000000000e+00,-1.264479160308837891e-01,-4.381324350833892822e-02,-7.868891209363937378e-02,-3.935988992452621460e-02,-6.904502213001251221e-02,-3.660987317562103271e-02
3.039999999999776215e+00,9.975572980417214408e-01,-2.993796163388043885e-01,-4.654128428321861466e-01,-2.441431432494781811e-02,-2.789568589999871229e-01,6.857583166437803968e-01,1.000000000000000000e+00,-1.268602460622787476e-01,-3.792626783251762390e-02,-7.813783735036849976e-02,-3.805820643901824951e-02,-6.815773993730545044e-02,-3.761948272585868835e-02
3.059999999999774012e+00,1.002516481556778194e+00,-3.003089429630716456e-01,-4.097855067038010390e-01,-2.115385760401201909e-01,-2.327629187924956933e-01,8.233975026900700600e-01,1.000000000000000000e+00,-1.283647119998931885e-01,-3.329295292496681213e-02,-7.862725108861923218e-02,-3.818267211318016052e-02,-6.698422878980636597e-02,-3.824510052800178528e-02
3.079999999999771809e+00,1.007943032006237249e+00,-3.004452172556474898e-01,-3.613262619876132509e-01,-5.694608537522878322e-01,-1.860337787121677244e-01,1.032185498022167858e+00,1.000000000000000000e+00,-1.346532404422760010e-01,-3.271806612610816956e-02,-8.418446779251098633e-02,-4.253637045621871948e-02,-6.460661441087722778e-02,-3.703163936734199524e-02
3.099999999999769607e+00,1.014129791562571992e+00,-2.997845102543961193e-01,-3.274938508776847890e-01,-7.950227810961351116e-01,-1.656062279155926797e-01,1.163763288972745391e+00,1.000000000000000000e+00,-1.479170471429824829e-01,-3.882595151662826538e-02,-9.840340912342071533e-02,-5.318435281515121460e-02,-5.924756079912185669e-02,-3.160837292671203613e-02
3.119999999999767404e+00,1.021169302980305948e+00,-2.984595332372386167e-01,-3.133506242789262375e-01,-6.105258507911583976e-01,-1.837905115952077062e-01,1.056140079628175688e+00,1.000000000000000000e+00,-1.607477068901062012e-01,-5.065625533461570740e-02,-1.170345097780227661e-01,-6.526570767164230347e-02,-4.926569759845733643e-02,-1.932247355580329895e-02
3.139999999999765201e+00,1.028650725057096871e+00,-2.967765826121844253e-01,-3.156581193298068633e-01,-2.710256576241704685e-01,-2.288073881872474402e-01,8.580983002807660576e-01,1.000000000000000000e+00,-1.639547348022460938e-01,-5.942566692829132080e-02,-1.286446750164031982e-01,-7.115632295608520508e-02,-3.815152868628501892e-02,-5.542619619518518448e-03
3.159999999999762998e+00,1.035878330560413785e+00,-2.950292424681278391e-01,-3.244364685640563906e-01,-2.966277934988794177e-02,-2.776516805889036044e-01,7.173032879541012541e-01,1.000000000000000000e+00,-1.621942222118377686e-01,-6.025160849094390869e-02,-1.297872662544250488e-01,-7.174865156412124634e-02,-3.316732868552207947e-02,3.202766529284417629e-04
3.179999999999760796e+00,1.042419198769193978e+00,-2.933138652184177908e-01,-3.318611237976055173e-01,-7.826372988668520159e-02,-3.086849858712132355e-01,6.543461575661002616e-01,1.000000000000000000e+00,-1.612923443317413330e-01,-5.760118737816810608e-02,-1.261635720729827881e-01,-7.195089757442474365e-02,-3.378832712769508362e-02,-1.579250209033489227e-03
3.199999999999758593e+00,1.048361881801674889e+00,-2.915182190117773242e-01,-3.384097592206968264e-01,-6.655619381589099326e-02,-3.088867976559001582e-01,6.611755536073968820e-01,1.000000000000000000e+00,-1.636740714311599731e-01,-5.799088627099990845e-02,-1.245635151863098145e-01,-7.526969909667968750e-02,-3.627929091453552246e-02,-6.189111154526472092e-03
3.219999999999756390e+00,1.054170006883401012e+00,-2.894868395111431236e-01,-3.512807988260117642e-01,-2.720600820967002467e-02,-2.874689748193948180e-01,7.158701714556408024e-01,1.000000000000000000e+00,-1.679311990737915039e-01,-6.406757980585098267e-02,-1.286375969648361206e-01,-8.159627020359039307e-02,-3.560540825128555298e-02,-6.585367955267429352e-03
3.239999999999754188e+00,1.060270781375225901e+00,-2.871721760366382492e-01,-3.777338942750949058e-01,-1.466744837184301709e-01,-2.635533728265301856e-01,7.855601155024175553e-01,1.000000000000000000e+00,-1.705819517374038696e-01,-7.385990768671035767e-02,-1.368910223245620728e-01,-8.738861232995986938e-02,-2.901751920580863953e-02,2.229488687589764595e-03
3.259999999999751985e+00,1.066711622303258444e+00,-2.846777195310672415e-01,-4.196682806745251626e-01,-2.251082530901418188e-01,-2.505032816710486276e-01,8.313131476359160166e-01,1.000000000000000000e+00,-1.702746897935867310e-01,-8.394018560647964478e-02,-1.443909704685211182e-01,-8.911515027284622192e-02,-2.014244534075260162e-02,1.709178090095520020e-02
3.279999999999749782e+00,1.073194330091512549e+00,-2.821929055215914861e-01,-4.736459777760677059e-01,-2.487562517520503780e-01,-2.477628358799650876e-01,8.451078135220293497e-01,1.000000000000000000e+00,-1.693736314773559570e-01,-9.160657227039337158e-02,-1.481118202209472656e-01,-8.853645622730255127e-02,-1.421366445720195770e-02,2.924237400293350220e-02
3.299999999999747580e+00,1.079417049389027383e+00,-2.799057199512383631e-01,-5.351890895862116970e-01,-2.665662003196790919e-01,-2.458974228206166346e-01,8.554969501864794212e-01,1.000000000000000000e+00,-1.705439090728759766e-01,-9.918796271085739136e-02,-1.508907526731491089e-01,-9.028890728950500488e-02,-1.080351509153842926e-02,3.678732365369796753e-02
3.319999999999745377e+00,1.085320010404014823e+00,-2.778882506196762026e-01,-6.033578671596978582e-01,-2.991895971043790348e-01,-2.415004384584215902e-01,8.745272649775543972e-01,1.000000000000000000e+00,-1.756289750337600708e-01,-1.129094213247299194e-01,-1.571303308010101318e-01,-9.693226963281631470e-02,-8.019142784178256989e-03,4.351044446229934692e-02
3.339999999999743174e+00,1.090974337600690847e+00,-2.761304587357927276e-01,-6.800768335841477219e-01,-3.171544872232401335e-01,-2.395116592523354737e-01,8.850067842135567187e-01,1.000000000000000000e+00,-1.806891709566116333e-01,-1.327231526374816895e-01,-1.652406156063079834e-01,-1.061107218265533447e-01,-4.444125574082136154e-03,5.288452282547950745e-02
3.359999999999740972e+00,1.096272216872316463e+00,-2.747239732213340169e-01,-7.648534107439466379e-01,-3.015068431935706839e-01,-2.428035290926151002e-01,8.758789918629161786e-01,1.000000000000000000e+00,-1.812339127063751221e-01,-1.499428153038024902e-01,-1.701878309249877930e-01,-1.124513596296310425e-01,-9.019308490678668022e-04,6.354017555713653564e-02
3.379999999999738769e+00,1.100965396132805640e+00,-2.738979793840985444e-01,-8.533334628639236419e-01,-2.708397990664400679e-01,-2.485337091539659704e-01,8.579898827887566526e-01,1.000000000000000000e+00,-1.804524958133697510e-01,-1.598158180713653564e-01,-1.718311756849288940e-01,-1.146485656499862671e-01,8.883004193194210529e-04,7.145625352859497070e-02
3.399999999999736566e+00,1.104927118455423685e+00,-2.738031909383637497e-01,-9.411051830769192605e-01,-2.522527760509382655e-01,-2.522494445425689236e-01,8.471474526963805873e-01,1.000000000000000000e+00,-1.813092678785324097e-01,-1.659646332263946533e-01,-1.730981022119522095e-01,-1.154990568757057190e-01,1.528239226900041103e-03,7.700483500957489014e-02
3.419999999999734364e+00,1.108187772703156160e+00,-2.744294037994399194e-01,-1.026490681163585661e+00,-2.545212501683262185e-01,-2.522900108691208398e-01,8.484707292648568933e-01,1.000000000000000000e+00,-1.829870343208312988e-01,-1.713350564241409302e-01,-1.747798919677734375e-01,-1.165811493992805481e-01,2.029857132583856583e-03,8.148323744535446167e-02
3.439999999999732161e+00,1.110806516162628377e+00,-2.757031268769936094e-01,-1.109692773140461330e+00,-2.676842924997400175e-01,-2.503287513730139691e-01,8.561491706248482991e-01,1.000000000000000000e+00,-1.837356239557266235e-01,-1.762291491031646729e-01,-1.759687364101409912e-01,-1.177495867013931274e-01,2.594108693301677704e-03,8.510000258684158325e-02
3.459999999999729958e+00,1.112793733377529737e+00,-2.775852415591972822e-01,-1.190932812193505885e+00,-2.783124929496320621e-01,-2.486006666746930494e-01,8.623489542206186353e-01,1.000000000000000000e+00,-1.828095018863677979e-01,-1.801390349864959717e-01,-1.758738160133361816e-01,-1.184618473052978516e-01,2.891714684665203094e-03,8.771221339702606201e-02
3.479999999999727756e+00,1.114133698507759007e+00,-2.800859280136094864e-01,-1.269627790752790197e+00,-2.816069317727953880e-01,-2.478238544017947187e-01,8.642707102007972653e-01,1.000000000000000000e+00,-1.805665940046310425e-01,-1.827996820211410522e-01,-1.743856817483901978e-01,-1.184951812028884888e-01,2.623447217047214508e-03,8.926048874855041504e-02
3.499999999999725553e+00,1.114833626904302655e+00,-2.832280097313712441e-01,-1.344631439214777124e+00,-2.809902068756082727e-01,-2.474188342113902983e-01,8.639109540107714480e-01,1.000000000000000000e+00,-1.776655167341232300e-01,-1.843818873167037964e-01,-1.718057692050933838e-01,-1.180309504270553589e-01,1.709477277472615242e-03,8.976417779922485352e-02
3.519999999999723350e+00,1.114945938321244778e+00,-2.870184321017245632e-01,-1.414761868705988856e+00,-2.811893253682759553e-01,-2.466521027767399898e-01,8.640271064648276100e-01,1.000000000000000000e+00,-1.744932532310485840e-01,-1.852064877748489380e-01,-1.684070825576782227e-01,-1.172969117760658264e-01,1.082783564925193787e-04,8.919771015644073486e-02
3.539999999999721148e+00,1.114555171912313458e+00,-2.914409791251489912e-01,-1.479031148115081740e+00,-2.837845417293716754e-01,-2.453215977799484970e-01,8.655409826754667524e-01,1.000000000000000000e+00,-1.711117923259735107e-01,-1.854594945907592773e-01,-1.642872989177703857e-01,-1.162910237908363342e-01,-2.372386399656534195e-03,8.741451799869537354e-02
3.559999999999718945e+00,1.113714148275027238e+00,-2.964444493649485146e-01,-1.536495820904393295e+00,-2.863301933596532067e-01,-2.438467822112289074e-01,8.670259461264643308e-01,1.000000000000000000e+00,-1.672842949628829956e-01,-1.850770264863967896e-01,-1.593285948038101196e-01,-1.147203743457794189e-01,-6.103217136114835739e-03,8.411309123039245605e-02
3.579999999999716742e+00,1.112434793449875947e+00,-3.019824140992024564e-01,-1.586245444441909624e+00,-2.846047206880835678e-01,-2.428847437835116863e-01,8.660194204013820229e-01,1.000000000000000000e+00,-1.625101268291473389e-01,-1.837049126625061035e-01,-1.531324088573455811e-01,-1.121115833520889282e-01,-1.146800816059112549e-02,7.879868894815444946e-02
3.599999999999714539e+00,1.110752115999822820e+00,-3.080337109721696942e-01,-1.627106446298055120e+00,-2.748963483632866911e-01,-2.430046517166315478e-01,8.603562032119171921e-01,1.000000000000000000e+00,-1.562770009040832520e-01,-1.809905022382736206e-01,-1.453215479850769043e-01,-1.080954521894454956e-01,-1.839514821767807007e-02,7.114394754171371460e-02
3.619999999999712337e+00,1.108739557076447779e+00,-3.145809380956061663e-01,-1.657694397647965445e+00,-2.560081358976072363e-01,-2.444155561850860914e-01,8.493380792736041629e-01,1.000000000000000000e+00,-1.483834534883499146e-01,-1.769432872533798218e-01,-1.360339671373367310e-01,-1.024705320596694946e-01,-2.588999643921852112e-02,6.187335401773452759e-02
3.639999999999710134e+00,1.106491251470926862e+00,-3.215929984612683756e-01,-1.676873394528770156e+00,-2.299748310226344683e-01,-2.468705569834162283e-01,8.341519847632034024e-01,1.000000000000000000e+00,-1.393144726753234863e-01,-1.716437637805938721e-01,-1.262093335390090942e-01,-9.510982781648635864e-02,-3.248745575547218323e-02,5.295206233859062195e-02
3.659999999999707931e+00,1.104117346805123523e+00,-3.290064098526497283e-01,-1.684192753605995740e+00,-2.018693951359387950e-01,-2.496427563886286227e-01,8.177571471626309263e-01,1.000000000000000000e+00,-1.300812661647796631e-01,-1.649189442396163940e-01,-1.169778630137443542e-01,-8.619660884141921997e-02,-3.778260946273803711e-02,4.563260450959205627e-02
3.679999999999705729e+00,1.101725825868097086e+00,-3.367395246145654109e-01,-1.679992195867230143e+00,-1.779219722888121247e-01,-2.517455393159593879e-01,8.037878171684736950e-01,1.000000000000000000e+00,-1.215278953313827515e-01,-1.567271500825881958e-01,-1.087103933095932007e-01,-7.661910355091094971e-02,-4.216682538390159607e-02,3.949533402919769287e-02
3.699999999999703526e+00,1.099398128414645903e+00,-3.447019374767108513e-01,-1.665391473138155831e+00,-1.635505955823384205e-01,-2.522512857934386954e-01,7.954045140896973676e-01,1.000000000000000000e+00,-1.145940646529197693e-01,-1.480514854192733765e-01,-1.016291230916976929e-01,-6.809149682521820068e-02,-4.573495313525199890e-02,3.393278643488883972e-02
3.719999999999701323e+00,1.097164296693100338e+00,-3.527728552177499255e-01,-1.642260829650674436e+00,-1.609142165664608770e-01,-2.507995448699808505e-01,7.938666263304354764e-01,1.000000000000000000e+00,-1.098822280764579773e-01,-1.404292136430740356e-01,-9.618443250656127930e-02,-6.189887225627899170e-02,-4.849639907479286194e-02,2.879790775477886200e-02
3.739999999999699121e+00,1.095021709288865441e+00,-3.607944701457193037e-01,-1.612731347303966389e+00,-1.674164713631993151e-01,-2.478959203289196056e-01,7.976596082951995514e-01,1.000000000000000000e+00,-1.072465851902961731e-01,-1.346805840730667114e-01,-9.254639595746994019e-02,-5.826381966471672058e-02,-5.063806474208831787e-02,2.407726459205150604e-02
3.759999999999696918e+00,1.092991128387351241e+00,-3.686483648529665369e-01,-1.578285974212003007e+00,-1.761871556725486676e-01,-2.447639395808719753e-01,8.027758408089866737e-01,1.000000000000000000e+00,-1.061174124479293823e-01,-1.303965598344802856e-01,-9.020984172821044922e-02,-5.651335790753364563e-02,-5.250793322920799255e-02,1.957511156797409058e-02
3.779999999999694715e+00,1.091109036707786029e+00,-3.763212266661831729e-01,-1.539245575101330310e+00,-1.781145816122130243e-01,-2.429012681020751852e-01,8.039001726071242082e-01,1.000000000000000000e+00,-1.058990806341171265e-01,-1.263286024332046509e-01,-8.824517577886581421e-02,-5.564126372337341309e-02,-5.444023758172988892e-02,1.474139187484979630e-02
3.799999999999692513e+00,1.089415760870949601e+00,-3.838939941059141270e-01,-1.494811383357463663e+00,-1.658004853711278759e-01,-2.434736012809091688e-01,7.967169497998245475e-01,1.000000000000000000e+00,-1.060128957033157349e-01,-1.210584193468093872e-01,-8.573126047849655151e-02,-5.476025864481925964e-02,-5.656659603118896484e-02,8.835072629153728485e-03
3.819999999999690310e+00,1.087951179039625016e+00,-3.914785441450997494e-01,-1.443624163603334676e+00,-1.382840319525751871e-01,-2.466936346048945738e-01,7.806656853056688217e-01,1.000000000000000000e+00,-1.059559136629104614e-01,-1.136073768138885498e-01,-8.216510713100433350e-02,-5.326184630393981934e-02,-5.883669108152389526e-02,1.378467772156000137e-03
3.839999999999688107e+00,1.086757521706151586e+00,-3.991357479582762213e-01,-1.384661833974938361e+00,-1.027385215994685713e-01,-2.515051741184950451e-01,7.599308042663566187e-01,1.000000000000000000e+00,-1.055867299437522888e-01,-1.039618849754333496e-01,-7.782889157533645630e-02,-5.093054473400115967e-02,-6.117995083332061768e-02,-7.310125976800918579e-03
3.859999999999685905e+00,1.085895744289297360e+00,-4.068116292819244362e-01,-1.318060064722674118e+00,-7.024347551270863910e-02,-2.560390110545167630e-01,7.409753607157466559e-01,1.000000000000000000e+00,-1.052255779504776001e-01,-9.298524260520935059e-02,-7.362718135118484497e-02,-4.798001796007156372e-02,-6.361470371484756470e-02,-1.611221767961978912e-02
3.879999999999683702e+00,1.085463101833094246e+00,-4.143372518405580296e-01,-1.245378514260947700e+00,-4.976013992396761954e-02,-2.585605010171111440e-01,7.290267482889810635e-01,1.000000000000000000e+00,-1.052651628851890564e-01,-8.183661848306655884e-02,-7.036912441253662109e-02,-4.486552998423576355e-02,-6.607908010482788086e-02,-2.374405786395072937e-02
3.899999999999681499e+00,1.085580615306446228e+00,-4.214969217730270556e-01,-1.169256193926025977e+00,-4.546318297620923626e-02,-2.581592869893059028e-01,7.265201900694553405e-01,1.000000000000000000e+00,-1.059710532426834106e-01,-7.174199819564819336e-02,-6.838929653167724609e-02,-4.203087463974952698e-02,-6.828172504901885986e-02,-2.936990186572074890e-02
3.919999999999679297e+00,1.086362214504544621e+00,-4.281107665273508056e-01,-1.092670919966451715e+00,-5.703747333892866117e-02,-2.549278377951128549e-01,7.332718594477083407e-01,1.000000000000000000e+00,-1.077172085642814636e-01,-6.353618204593658447e-02,-6.774754077196121216e-02,-3.982335701584815979e-02,-7.000360637903213501e-02,-3.294096142053604126e-02
3.939999999999677094e+00,1.087886326110383939e+00,-4.340759521768338125e-01,-1.018243034951775483e+00,-8.043067322228240890e-02,-2.498375296075406038e-01,7.469178927129980217e-01,1.000000000000000000e+00,-1.108801588416099548e-01,-5.741282552480697632e-02,-6.850533187389373779e-02,-3.854344785213470459e-02,-7.121475040912628174e-02,-3.494777902960777283e-02
3.959999999999674891e+00,1.090174385237381305e+00,-4.393507540341409223e-01,-9.478540529765927536e-01,-1.077315397134501057e-01,-2.445596995269690432e-01,7.628433981661791874e-01,1.000000000000000000e+00,-1.154372245073318481e-01,-5.334796383976936340e-02,-7.074655592441558838e-02,-3.838580474257469177e-02,-7.186051458120346069e-02,-3.582886606454849243e-02
3.979999999999672688e+00,1.093189091228231824e+00,-4.439316415723340015e-01,-8.825571760471959681e-01,-1.274897116701302069e-01,-2.411618949401009848e-01,7.743689984742425647e-01,1.000000000000000000e+00,-1.210549846291542053e-01,-5.109725147485733032e-02,-7.444159686565399170e-02,-3.932092338800430298e-02,-7.188457995653152466e-02,-3.582482412457466125e-02
3.999999999999670486e+00,1.096860311292973345e+00,-4.478442444438441306e-01,-8.227979366279101203e-01,-1.268567868373085827e-01,-2.417918405157281903e-01,7.739997923217633025e-01,1.000000000000000000e+00,-1.274166107177734375e-01,-5.010442435741424561e-02,-7.941524684429168701e-02,-4.122215881943702698e-02,-7.125299423933029175e-02,-3.510960564017295837e-02
4.019999999999677165e+00,1.101115373282655074e+00,-4.511270144751483580e-01,-7.688014938213808547e-01,-9.749742249805386229e-02,-2.480838648827571324e-01,7.568734964571980361e-01,1.000000000000000000e+00,-1.344280987977981567e-01,-4.985305666923522949e-02,-8.555419743061065674e-02,-4.413000494241714478e-02,-6.989671289920806885e-02,-3.381654620170593262e-02
4.039999999999683844e+00,1.105898016468267020e+00,-4.538245399715268857e-01,-7.209988255600926488e-01,-4.235956614924526326e-02,-2.603188767413694427e-01,7.247097469203930276e-01,1.000000000000000000e+00,-1.422096937894821167e-01,-5.019595101475715637e-02,-9.296279400587081909e-02,-4.827068373560905457e-02,-6.770546734333038330e-02,-3.194703534245491028e-02
4.059999999999690523e+00,1.111169936824694338e+00,-4.559824575357512288e-01,-6.802708672669391943e-01,-2.253656568861269957e-02,-2.763930143231385639e-01,6.868536700149758811e-01,1.000000000000000000e+00,-1.507057547569274902e-01,-5.134287104010581970e-02,-1.016946062445640564e-01,-5.377050489187240601e-02,-6.450779736042022705e-02,-2.931216731667518616e-02
4.079999999999697202e+00,1.116883629432041003e+00,-4.576203946296004688e-01,-6.474411948938082473e-01,-7.131962206439146357e-02,-2.904605276282807846e-01,6.583968871291049352e-01,1.000000000000000000e+00,-1.587911993265151978e-01,-5.334044992923736572e-02,-1.108596995472908020e-01,-5.992959812283515930e-02,-6.020512804388999939e-02,-2.563433721661567688e-02
4.099999999999703881e+00,1.122939521539644048e+00,-4.587816734063792090e-01,-6.222963202120288528e-01,-7.656244938559497726e-02,-2.939924902726687717e-01,6.553385711917362189e-01,1.000000000000000000e+00,-1.642906218767166138e-01,-5.543458089232444763e-02,-1.181966438889503479e-01,-6.501916050910949707e-02,-5.521665886044502258e-02,-2.105296403169631958e-02
4.119999999999710560e+00,1.129172133267948075e+00,-4.595287894650400551e-01,-6.032732958005647683e-01,-2.297641771157905508e-02,-2.824474639463414039e-01,6.865970896682455082e-01,1.000000000000000000e+00,-1.662368923425674438e-01,-5.624495074152946472e-02,-1.217704564332962036e-01,-6.791208684444427490e-02,-5.078157410025596619e-02,-1.695613376796245575e-02
4.139999999999717240e+00,1.135422769540383126e+00,-4.598957573945888777e-01,-5.885627852551283956e-01,-7.430464823929318341e-02,-2.622697587928862761e-01,7.433443781395876471e-01,1.000000000000000000e+00,-1.659608632326126099e-01,-5.544358119368553162e-02,-1.219638884067535400e-01,-6.921413540840148926e-02,-4.797193035483360291e-02,-1.487169507890939713e-02
4.159999999999723919e+00,1.141655532173723175e+00,-4.598904115504059975e-01,-5.781066026461741947e-01,-1.676327582352185042e-01,-2.455265228941883315e-01,7.977857756372107589e-01,1.000000000000000000e+00,-1.656602472066879272e-01,-5.488864332437515259e-02,-1.214830651879310608e-01,-7.057731598615646362e-02,-4.627338051795959473e-02,-1.416149362921714783e-02
4.179999999999730598e+00,1.147982663849564489e+00,-4.595319617898899200e-01,-5.744349812159615931e-01,-2.054236814162084257e-01,-2.401793169566598940e-01,8.198304808261215326e-01,1.000000000000000000e+00,-1.665273010730743408e-01,-5.671036243438720703e-02,-1.231997981667518616e-01,-7.317979633808135986e-02,-4.388822987675666809e-02,-1.240264344960451126e-02
4.199999999999737277e+00,1.154560661315191084e+00,-4.588845986273427657e-01,-5.812180589713215051e-01,-1.866250043223732225e-01,-2.450549370517360326e-01,8.088645858547176548e-01,1.000000000000000000e+00,-1.679492145776748657e-01,-6.128951162099838257e-02,-1.278941482305526733e-01,-7.676875591278076172e-02,-3.919088467955589294e-02,-7.365217898041009903e-03
4.219999999999743956e+00,1.161442004134629613e+00,-4.580548078891962804e-01,-6.007694075952680901e-01,-1.562981401987405261e-01,-2.525437271060526623e-01,7.911739151159319361e-01,1.000000000000000000e+00,-1.687539964914321899e-01,-6.762105226516723633e-02,-1.340952515602111816e-01,-8.019690215587615967e-02,-3.228412568569183350e-02,1.251889159902930260e-03
4.239999999999750635e+00,1.168520469672493789e+00,-4.571521705144959702e-01,-6.330003302226921980e-01,-1.482872959639284505e-01,-2.562262616361587475e-01,7.865009226456248781e-01,1.000000000000000000e+00,-1.692027896642684937e-01,-7.532896101474761963e-02,-1.401652395725250244e-01,-8.305311203002929688e-02,-2.509222738444805145e-02,1.164396759122610092e-02
4.259999999999757314e+00,1.175600119656850406e+00,-4.562566920058068742e-01,-6.763495326027321175e-01,-1.634621354764420609e-01,-2.555020410191417013e-01,7.953529123612578244e-01,1.000000000000000000e+00,-1.703153997659683228e-01,-8.416438847780227661e-02,-1.455436050891876221e-01,-8.610600978136062622e-02,-1.920771226286888123e-02,2.122594043612480164e-02
4.279999999999763993e+00,1.182524674490813554e+00,-4.554280413397028826e-01,-7.294276082349722135e-01,-1.796053646114463276e-01,-2.545448837111395912e-01,8.047697960233436421e-01,1.000000000000000000e+00,-1.732082813978195190e-01,-9.492125362157821655e-02,-1.512634605169296265e-01,-9.067891538143157959e-02,-1.473516598343849182e-02,2.926248684525489807e-02
4.299999999999770672e+00,1.189229372573180399e+00,-4.547116070976402469e-01,-7.920350220034864108e-01,-1.753044295231852290e-01,-2.573178498943656245e-01,8.022609172218579943e-01,1.000000000000000000e+00,-1.778760850429534912e-01,-1.092737168073654175e-01,-1.582874953746795654e-01,-9.726639091968536377e-02,-1.083678938448429108e-02,3.724685683846473694e-02
4.319999999999777351e+00,1.195661939756583525e+00,-4.541631770979338012e-01,-8.641967662350389379e-01,-1.603565701550237477e-01,-2.620682575323138308e-01,7.935413325904304704e-01,1.000000000000000000e+00,-1.820906847715377808e-01,-1.260914355516433716e-01,-1.652429103851318359e-01,-1.044086217880249023e-01,-7.029408123344182968e-03,4.645854234695434570e-02
4.339999999999784031e+00,1.201672714807261677e+00,-4.538803605750277304e-01,-9.440988013860474037e-01,-1.615213686982693575e-01,-2.636570417439474956e-01,7.942207984073237359e-01,1.000000000000000000e+00,-1.839373558759689331e-01,-1.411959379911422729e-01,-1.700281053781509399e-01,-1.098665595054626465e-01,-3.785336855798959732e-03,5.620515719056129456e-02
4.359999999999790710e+00,1.207030343792599769e+00,-4.539659317844961239e-01,-1.028082549383640076e+00,-1.844817538243396782e-01,-2.608934687304127475e-01,8.076143563975314299e-01,1.000000000000000000e+00,-1.846121251583099365e-01,-1.521828323602676392e-01,-1.727510392665863037e-01,-1.130322515964508057e-01,-1.733295968733727932e-03,6.465876847505569458e-02
4.379999999999797389e+00,1.211589555357166059e+00,-4.544930526315208441e-01,-1.112910582896313061e+00,-2.137289312909073369e-01,-2.568084722642864914e-01,8.246752099196958952e-01,1.000000000000000000e+00,-1.856630444526672363e-01,-1.603471040725708008e-01,-1.748069226741790771e-01,-1.149671673774719238e-01,-5.731216515414416790e-04,7.145038247108459473e-02
4.399999999999804068e+00,1.215338776095079787e+00,-4.554717331257830959e-01,-1.197153793306861891e+00,-2.344326249541051899e-01,-2.540647254313870285e-01,8.367523645565613233e-01,1.000000000000000000e+00,-1.868591606616973877e-01,-1.673231869935989380e-01,-1.767006218433380127e-01,-1.165737211704254150e-01,3.057297435589134693e-04,7.713769376277923584e-02
4.419999999999810747e+00,1.218311669123888219e+00,-4.568770939059673131e-01,-1.280647279828141416e+00,-2.436729685430742975e-01,-2.530529039903908206e-01,8.421425649834599625e-01,1.000000000000000000e+00,-1.872656941413879395e-01,-1.733721494674682617e-01,-1.779798716306686401e-01,-1.179318130016326904e-01,1.094234641641378403e-03,8.187965303659439087e-02
4.439999999999817426e+00,1.220518567662245424e+00,-4.586957976127557512e-01,-1.363271503311722421e+00,-2.464100063725753742e-01,-2.528759182301815178e-01,8.437391703840022572e-01,1.000000000000000000e+00,-1.864540278911590576e-01,-1.781471073627471924e-01,-1.781854182481765747e-01,-1.188094392418861389e-01,1.643265015445649624e-03,8.552599698305130005e-02
4.459999999999824105e+00,1.221946676566370460e+00,-4.609408327427082508e-01,-1.444353671508200820e+00,-2.474395081916473393e-01,-2.527254379650336058e-01,8.443397131117942322e-01,1.000000000000000000e+00,-1.846646517515182495e-01,-1.815394461154937744e-01,-1.773009747266769409e-01,-1.191403716802597046e-01,1.796463737264275551e-03,8.802528679370880127e-02
4.479999999999830784e+00,1.222590971291093620e+00,-4.636354817075110657e-01,-1.522815097391446493e+00,-2.478936638758729161e-01,-2.524235179574909615e-01,8.446046372609258279e-01,1.000000000000000000e+00,-1.823453307151794434e-01,-1.838134974241256714e-01,-1.755828708410263062e-01,-1.190712153911590576e-01,1.498802215792238712e-03,8.948035538196563721e-02
4.499999999999837463e+00,1.222474029271593210e+00,-4.667951788652199285e-01,-1.597548913753630506e+00,-2.465018268946473357e-01,-2.521933032369108041e-01,8.437927323552109060e-01,1.000000000000000000e+00,-1.797608733177185059e-01,-1.853154748678207397e-01,-1.732253432273864746e-01,-1.187549531459808350e-01,7.096388144418597221e-04,8.997265249490737915e-02
4.519999999999844142e+00,1.221646523526000339e+00,-4.704272659749084706e-01,-1.667597454289497794e+00,-2.420869883492655084e-01,-2.522393824317565314e-01,8.412174098704048308e-01,1.000000000000000000e+00,-1.769339144229888916e-01,-1.862440258264541626e-01,-1.702365577220916748e-01,-1.182107329368591309e-01,-7.003984646871685982e-04,8.945448696613311768e-02
4.539999999999850822e+00,1.220178336473261904e+00,-4.745367245482491336e-01,-1.732064914608816286e+00,-2.347855251864237047e-01,-2.525540186122674502e-01,8.369582230254137833e-01,1.000000000000000000e+00,-1.737262308597564697e-01,-1.866087168455123901e-01,-1.664746105670928955e-01,-1.173051744699478149e-01,-3.003338119015097618e-03,8.774084597826004028e-02
4.559999999999857501e+00,1.218122019746424645e+00,-4.791029329764923128e-01,-1.789872697280479041e+00,-2.262041739194843581e-01,-2.528904048425285600e-01,8.319524347863658242e-01,1.000000000000000000e+00,-1.698464453220367432e-01,-1.862305402755737305e-01,-1.616485118865966797e-01,-1.157424673438072205e-01,-6.626168731600046158e-03,8.447356522083282471e-02
4.579999999999864180e+00,1.215495686820471821e+00,-4.841007821198685113e-01,-1.839841025804792585e+00,-2.179290406136921709e-01,-2.529935653035496057e-01,8.271252736913203840e-01,1.000000000000000000e+00,-1.648168414831161499e-01,-1.847140043973922729e-01,-1.552894711494445801e-01,-1.130746454000473022e-01,-1.202815584838390350e-02,7.906029373407363892e-02
4.599999999999870859e+00,1.212341809397053716e+00,-4.895290302069177368e-01,-1.880606780929164668e+00,-2.107757655694150467e-01,-2.527397643753491185e-01,8.229525299154920592e-01,1.000000000000000000e+00,-1.582250744104385376e-01,-1.817504018545150757e-01,-1.471166461706161499e-01,-1.089426875114440918e-01,-1.916660927236080170e-02,7.109865546226501465e-02
4.619999999999877538e+00,1.208746899105930250e+00,-4.953854239229494305e-01,-1.910790295569554598e+00,-2.042194423994884434e-01,-2.522435698324795861e-01,8.191280080663682073e-01,1.000000000000000000e+00,-1.500407755374908447e-01,-1.775264889001846313e-01,-1.375822722911834717e-01,-1.031774729490280151e-01,-2.685182169079780579e-02,6.152561306953430176e-02
4.639999999999884217e+00,1.204818600705012122e+00,-5.016418163973002109e-01,-1.929489086625774119e+00,-1.965653547622305541e-01,-2.518198522435686204e-01,8.146631236113011099e-01,1.000000000000000000e+00,-1.409140825271606445e-01,-1.722614765167236328e-01,-1.279300153255462646e-01,-9.570598602294921875e-02,-3.338375315070152283e-02,5.269566178321838379e-02
4.659999999999890896e+00,1.200682909817382349e+00,-5.082344557304201427e-01,-1.936603218775117208e+00,-1.859259607035735340e-01,-2.518215380753672794e-01,8.084568104104178365e-01,1.000000000000000000e+00,-1.319729983806610107e-01,-1.657901257276535034e-01,-1.192933544516563416e-01,-8.683487027883529663e-02,-3.847573325037956238e-02,4.581596329808235168e-02
4.679999999999897575e+00,1.196464619352774150e+00,-5.150852790276038151e-01,-1.932794177948795156e+00,-1.709633784981058058e-01,-2.525195796823833660e-01,7.997286374572283307e-01,1.000000000000000000e+00,-1.240989863872528076e-01,-1.581776589155197144e-01,-1.119086146354675293e-01,-7.765632122755050659e-02,-4.261018708348274231e-02,4.029214009642601013e-02
4.699999999999904254e+00,1.192263081376156331e+00,-5.221130848280139958e-01,-1.919347920354754322e+00,-1.516234643525324610e-01,-2.539757011792059260e-01,7.884470208723105555e-01,1.000000000000000000e+00,-1.180659532546997070e-01,-1.504530310630798340e-01,-1.058693677186965942e-01,-6.983499228954315186e-02,-4.591959714889526367e-02,3.541063889861106873e-02
4.719999999999910933e+00,1.188134337938348661e+00,-5.292225147167608501e-01,-1.897977806818518021e+00,-1.300969096222709120e-01,-2.558605378189079960e-01,7.758898639463246427e-01,1.000000000000000000e+00,-1.140774190425872803e-01,-1.438049823045730591e-01,-1.013263538479804993e-01,-6.432510912418365479e-02,-4.848045855760574341e-02,3.082248009741306305e-02
4.739999999999917613e+00,1.184098041854885208e+00,-5.363101244744209462e-01,-1.870297137693075262e+00,-1.101103198779239956e-01,-2.575473234208141560e-01,7.642310199287889461e-01,1.000000000000000000e+00,-1.116637513041496277e-01,-1.385615170001983643e-01,-9.805905073881149292e-02,-6.103006005287170410e-02,-5.052025988698005676e-02,2.632157504558563232e-02
4.759999999999924292e+00,1.180174600838848065e+00,-5.433246627808230311e-01,-1.837103011325337043e+00,-9.543977669678145592e-02,-2.583456881878800626e-01,7.556732030731224681e-01,1.000000000000000000e+00,-1.101774945855140686e-01,-1.340274810791015625e-01,-9.537056088447570801e-02,-5.914931744337081909e-02,-5.239085480570793152e-02,2.160007320344448090e-02
4.779999999999930971e+00,1.176388833625078068e+00,-5.503019294733084710e-01,-1.798133086664597480e+00,-8.837759767134897859e-02,-2.578091527787941817e-01,7.515535986416201908e-01,1.000000000000000000e+00,-1.091201826930046082e-01,-1.289411932229995728e-01,-9.239211678504943848e-02,-5.771940946578979492e-02,-5.439629405736923218e-02,1.609702408313751221e-02
4.799999999999937650e+00,1.172769189630984421e+00,-5.573337995423877089e-01,-1.752397979748937518e+00,-8.869872173643798818e-02,-2.559786472030274873e-01,7.517409210129221142e-01,1.000000000000000000e+00,-1.081681773066520691e-01,-1.221911534667015076e-01,-8.850622922182083130e-02,-5.603456124663352966e-02,-5.659504979848861694e-02,9.256158955395221710e-03
4.819999999999944329e+00,1.169358026880408463e+00,-5.645015961321062647e-01,-1.698916447109401151e+00,-9.316631496978931837e-02,-2.534871671834799667e-01,7.543470170657103901e-01,1.000000000000000000e+00,-1.072431728243827820e-01,-1.134433224797248840e-01,-8.376215398311614990e-02,-5.380206555128097534e-02,-5.886989086866378784e-02,1.033406122587621212e-03
4.839999999999951008e+00,1.166227601699160399e+00,-5.718078587686028502e-01,-1.637581372194448326e+00,-9.609267860711888376e-02,-2.514131849649922645e-01,7.560540625208193033e-01,1.000000000000000000e+00,-1.066344305872917175e-01,-1.033828854560852051e-01,-7.900688797235488892e-02,-5.116749554872512817e-02,-6.115667521953582764e-02,-7.791116368025541306e-03
4.859999999999957687e+00,1.163494731190377163e+00,-5.791461395679247115e-01,-1.569638288623205202e+00,-9.181963721524968869e-02,-2.508082560957703988e-01,7.535614550422289337e-01,1.000000000000000000e+00,-1.068165227770805359e-01,-9.310922026634216309e-02,-7.528926432132720947e-02,-4.854581505060195923e-02,-6.353424489498138428e-02,-1.605423167347908020e-02
4.879999999999964366e+00,1.161310186610277739e+00,-5.863435182969948256e-01,-1.497458635662436865e+00,-7.772295731201094016e-02,-2.522163535759432973e-01,7.453383917653396695e-01,1.000000000000000000e+00,-1.080620288848876953e-01,-8.355672657489776611e-02,-7.316135615110397339e-02,-4.635395854711532593e-02,-6.597267836332321167e-02,-2.284330502152442932e-02
4.899999999999971045e+00,1.159818360845692453e+00,-5.932369956523615429e-01,-1.423859786727829313e+00,-5.538152706575390216e-02,-2.554924496999015360e-01,7.323058907883563950e-01,1.000000000000000000e+00,-1.104571744799613953e-01,-7.554400712251663208e-02,-7.267519831657409668e-02,-4.487388953566551208e-02,-6.820335984230041504e-02,-2.770869806408882141e-02
4.919999999999977724e+00,1.159118940956920696e+00,-5.997266281463724535e-01,-1.351344683740544284e+00,-2.936829249174044421e-02,-2.599266225470023284e-01,7.171315039535152147e-01,1.000000000000000000e+00,-1.140716001391410828e-01,-6.943478435277938843e-02,-7.365179061889648438e-02,-4.420310258865356445e-02,-6.999740004539489746e-02,-3.074510209262371063e-02
4.939999999999984404e+00,1.159249153320467407e+00,-6.057789034751768220e-01,-1.281592825547688719e+00,-5.302943476297450331e-03,-2.644632303577537646e-01,7.030933836945068016e-01,1.000000000000000000e+00,-1.187701821327209473e-01,-6.495243310928344727e-02,-7.579874247312545776e-02,-4.423632472753524780e-02,-7.125376164913177490e-02,-3.238302096724510193e-02
4.959999999999991083e+00,1.160182812815473863e+00,-6.113901416600567851e-01,-1.215275616915878709e+00,-1.127779341440637850e-02,-2.678578565643868203e-01,6.934212871749295681e-01,1.000000000000000000e+00,-1.239378526806831360e-01,-6.148235127329826355e-02,-7.864543795585632324e-02,-4.463868960738182068e-02,-7.189702242612838745e-02,-3.307536616921424866e-02
4.979999999999997762e+00,1.161844828015740294e+00,-6.165620589540730112e-01,-1.152130677414471061e+00,-1.530335431292221063e-02,-2.688308936603885924e-01,6.910730433174619991e-01,1.000000000000000000e+00,-1.286599934101104736e-01,-5.822743475437164307e-02,-8.150218427181243896e-02,-4.491480812430381775e-02,-7.194550335407257080e-02,-3.327013552188873291e-02
5.000000000000004441e+00,1.164144736042253658e+00,-6.212895998257035313e-01,-1.091385213384825414e+00,-2.375517500982495239e-03,-2.662970674237507551e-01,6.986142814577601667e-01,1.000000000000000000e+00,-1.322424858808517456e-01,-5.450299009680747986e-02,-8.370462805032730103e-02,-4.471184685826301575e-02,-7.155620306730270386e-02,-3.338919952511787415e-02
5.020000000000011120e+00,1.167020752210466306e+00,-6.255520289416222068e-01,-1.032491252081188637e+00,-3.038912078717537213e-02,-2.597933970988768881e-01,7.177269871258522560e-01,1.000000000000000000e+00,-1.347437351942062378e-01,-5.027508363127708435e-02,-8.514413982629776001e-02,-4.420085251331329346e-02,-7.090747356414794922e-02,-3.362781554460525513e-02
5.040000000000017799e+00,1.170481365147984398e+00,-6.293228934247309114e-01,-9.760479030245404752e-01,-8.234878799935856086e-02,-2.499937119745667402e-01,7.480367929996257770e-01,1.000000000000000000e+00,-1.372799426317214966e-01,-4.643587768077850342e-02,-8.677702397108078003e-02,-4.428974911570549011e-02,-6.998709589242935181e-02,-3.376001119613647461e-02
5.060000000000024478e+00,1.174623010149536517e+00,-6.326049065958727624e-01,-9.246103527341554829e-01,-1.443733694707761972e-01,-2.393144748613561801e-01,7.842177988579527304e-01,1.000000000000000000e+00,-1.419940590858459473e-01,-4.465368762612342834e-02,-9.082100540399551392e-02,-4.662951081991195679e-02,-6.839023530483245850e-02,-3.306884318590164185e-02
5.080000000000031157e+00,1.179596063382794657e+00,-6.354698403441951804e-01,-8.828436238743232467e-01,-1.904036395997859010e-01,-2.325108278016868313e-01,8.110687897665417312e-01,1.000000000000000000e+00,-1.510988473892211914e-01,-4.681695997714996338e-02,-1.000997349619865417e-01,-5.306262522935867310e-02,-6.517646461725234985e-02,-3.034725598990917206e-02
5.100000000000037836e+00,1.185492411914530919e+00,-6.380037831963291106e-01,-8.555822208846670662e-01,-1.877890386459507011e-01,-2.344836402073577075e-01,8.095436058768045173e-01,1.000000000000000000e+00,-1.631374806165695190e-01,-5.357705801725387573e-02,-1.147056072950363159e-01,-6.296209990978240967e-02,-5.905117839574813843e-02,-2.394720166921615601e-02
5.120000000000044516e+00,1.192120442436527039e+00,-6.403166393959724978e-01,-8.436980993993785649e-01,-1.374312732039846274e-01,-2.453744750841803934e-01,7.801682427023243216e-01,1.000000000000000000e+00,-1.707277148962020874e-01,-6.196377426385879517e-02,-1.281913369894027710e-01,-7.089513540267944336e-02,-4.975732043385505676e-02,-1.341978088021278381e-02
5.140000000000051195e+00,1.198965188070829857e+00,-6.424182452765542228e-01,-8.417897844461289525e-01,-8.076930712044574912e-02,-2.586841336160287108e-01,7.471154291535933023e-01,1.000000000000000000e+00,-1.709390580654144287e-01,-6.545838713645935059e-02,-1.336639970541000366e-01,-7.351856678724288940e-02,-4.171698167920112610e-02,-4.815325140953063965e-03
5.160000000000057874e+00,1.205528161480135418e+00,-6.442331810389605451e-01,-8.423092954314417291e-01,-5.392856569443412601e-02,-2.667202797492246313e-01,7.314583299884198642e-01,1.000000000000000000e+00,-1.687898933887481689e-01,-6.356398761272430420e-02,-1.319184750318527222e-01,-7.331012189388275146e-02,-3.923526406288146973e-02,-3.111863275989890099e-03
5.180000000000064553e+00,1.211691623436359722e+00,-6.456843557651494869e-01,-8.423975669800957133e-01,-6.542318628911614198e-02,-2.665432398829876703e-01,7.381635253353177051e-01,1.000000000000000000e+00,-1.687044799327850342e-01,-6.171102449297904968e-02,-1.288960874080657959e-01,-7.439050078392028809e-02,-4.057249426841735840e-02,-6.021337117999792099e-03
5.200000000000071232e+00,1.217741334401400977e+00,-6.467944871721800215e-01,-8.461107484892529396e-01,-1.003392266856456966e-01,-2.613565845283049027e-01,7.585312155666266154e-01,1.000000000000000000e+00,-1.714942604303359985e-01,-6.429380923509597778e-02,-1.298586875200271606e-01,-7.867068797349929810e-02,-4.121103137731552124e-02,-8.114335127174854279e-03
5.220000000000077911e+00,1.224076793197697466e+00,-6.476946850976177394e-01,-8.605994716081220020e-01,-1.324791660907539970e-01,-2.569420577304118991e-01,7.772795135529397825e-01,1.000000000000000000e+00,-1.748666912317276001e-01,-7.170617580413818359e-02,-1.361079663038253784e-01,-8.467235416173934937e-02,-3.706116229295730591e-02,-3.890032181516289711e-03
5.240000000000084590e+00,1.230859128588916329e+00,-6.485384622160883517e-01,-8.902082863706890503e-01,-1.470560533434784045e-01,-2.561559809870592175e-01,7.857826977836956939e-01,1.000000000000000000e+00,-1.758301258087158203e-01,-8.118584007024765015e-02,-1.443863362073898315e-01,-8.879224956035614014e-02,-2.806258946657180786e-02,7.953000254929065704e-03
5.260000000000091269e+00,1.237882209208598150e+00,-6.493954652052380538e-01,-9.339701751150151221e-01,-1.505626796774427179e-01,-2.575848424697467776e-01,7.878282298118415294e-01,1.000000000000000000e+00,-1.749947965145111084e-01,-9.018825739622116089e-02,-1.504995822906494141e-01,-8.967038244009017944e-02,-1.953524723649024963e-02,2.167408354580402374e-02
5.280000000000097948e+00,1.244779353089158436e+00,-6.502751103546492439e-01,-9.878188657533940598e-01,-1.607476125865641703e-01,-2.576954699850863562e-01,7.937694406754957077e-01,1.000000000000000000e+00,-1.750179827213287354e-01,-9.762483835220336914e-02,-1.538213193416595459e-01,-9.038599580526351929e-02,-1.450798194855451584e-02,3.131160885095596313e-02
5.300000000000104627e+00,1.251324401197582148e+00,-6.511974304641048317e-01,-1.048955526218765089e+00,-1.855755840608216412e-01,-2.549503530561971765e-01,8.082524240354792555e-01,1.000000000000000000e+00,-1.782469898462295532e-01,-1.075656190514564514e-01,-1.582639813423156738e-01,-9.459954500198364258e-02,-1.140552572906017303e-02,3.794952854514122009e-02
5.320000000000111307e+00,1.257517834018620162e+00,-6.521943326414224584e-01,-1.117989206456204698e+00,-2.128139606702712239e-01,-2.517369250688314963e-01,8.241414770576581672e-01,1.000000000000000000e+00,-1.839154213666915894e-01,-1.234845817089080811e-01,-1.655018925666809082e-01,-1.026279330253601074e-01,-8.323352783918380737e-03,4.535201564431190491e-02
5.340000000000117986e+00,1.263351926675490677e+00,-6.533087336549425750e-01,-1.195902473399018895e+00,-2.259602822302214375e-01,-2.509570865544445972e-01,8.318101646342958011e-01,1.000000000000000000e+00,-1.871801167726516724e-01,-1.416352987289428711e-01,-1.721117049455642700e-01,-1.105921715497970581e-01,-4.635054152458906174e-03,5.541841313242912292e-02
5.360000000000124665e+00,1.268601354844473894e+00,-6.545889723142438443e-01,-1.280383004663405044e+00,-2.248001889931710018e-01,-2.524967688473959138e-01,8.311334435793497066e-01,1.000000000000000000e+00,-1.871367096900939941e-01,-1.552768945693969727e-01,-1.754157096147537231e-01,-1.150220781564712524e-01,-1.814342453144490719e-03,6.546353548765182495e-02
5.380000000000131344e+00,1.272986273769056265e+00,-6.561027416581672878e-01,-1.366971104894625144e+00,-2.208435241141764038e-01,-2.542768320834510321e-01,8.288253890666028578e-01,1.000000000000000000e+00,-1.870077997446060181e-01,-1.632911264896392822e-01,-1.766444742679595947e-01,-1.165248453617095947e-01,-5.823907558806240559e-04,7.271961122751235962e-02
5.400000000000138023e+00,1.276405764282898758e+00,-6.578959677848763565e-01,-1.452373346884608729e+00,-2.225828659253388797e-01,-2.547900459519654159e-01,8.298400051231142882e-01,1.000000000000000000e+00,-1.877736300230026245e-01,-1.688177883625030518e-01,-1.776656508445739746e-01,-1.173111572861671448e-01,2.019698695221450180e-05,7.795242965221405029e-02
5.420000000000144702e+00,1.278911939056445179e+00,-6.599643637127829976e-01,-1.535710555010590950e+00,-2.300204015697286386e-01,-2.540654037155348766e-01,8.341785675823416568e-01,1.000000000000000000e+00,-1.885223984718322754e-01,-1.738153994083404541e-01,-1.787490248680114746e-01,-1.182925105094909668e-01,5.861171521246433258e-04,8.216508477926254272e-02
5.440000000000151381e+00,1.280572032464009524e+00,-6.622738164919552695e-01,-1.617370607817025796e+00,-2.383244905749494769e-01,-2.529739449602546042e-01,8.390226195020538125e-01,1.000000000000000000e+00,-1.882087290287017822e-01,-1.783868372440338135e-01,-1.792190819978713989e-01,-1.192600131034851074e-01,1.074484549462795258e-03,8.556965738534927368e-02
5.460000000000158060e+00,1.281396812412761932e+00,-6.647994544132204142e-01,-1.697490190274445920e+00,-2.434147704586607508e-01,-2.521999351001758538e-01,8.419919494342187338e-01,1.000000000000000000e+00,-1.865433454513549805e-01,-1.819609403610229492e-01,-1.785378754138946533e-01,-1.197647154331207275e-01,1.250352011993527412e-03,8.806192874908447266e-02
5.480000000000164739e+00,1.281365518410200632e+00,-6.675458024645888333e-01,-1.775385679184112941e+00,-2.444623781199462553e-01,-2.518526867370375899e-01,8.426030539033019240e-01,1.000000000000000000e+00,-1.839649975299835205e-01,-1.842937022447586060e-01,-1.767419725656509399e-01,-1.196966245770454407e-01,9.671312873251736164e-04,8.956287056207656860e-02
5.500000000000171418e+00,1.280477118796066627e+00,-6.705376629474083527e-01,-1.849876879535905738e+00,-2.427338703295188194e-01,-2.517102740952810724e-01,8.415947576922192530e-01,1.000000000000000000e+00,-1.810147017240524292e-01,-1.856556385755538940e-01,-1.741585433483123779e-01,-1.192623898386955261e-01,1.630410988582298160e-04,9.006971120834350586e-02
5.520000000000178098e+00,1.278772330623127340e+00,-6.738067591028567005e-01,-1.919782918061939680e+00,-2.395262845736545465e-01,-2.515708924866436047e-01,8.397236660012984411e-01,1.000000000000000000e+00,-1.779278665781021118e-01,-1.863940358161926270e-01,-1.709735542535781860e-01,-1.186211407184600830e-01,-1.275129732675850391e-03,8.953058719635009766e-02
5.540000000000184777e+00,1.276324565474368899e+00,-6.773843495049021168e-01,-1.984091211135958988e+00,-2.352058688258742147e-01,-2.514019840889832880e-01,8.372034234817599119e-01,1.000000000000000000e+00,-1.746368706226348877e-01,-1.866349279880523682e-01,-1.671384721994400024e-01,-1.177011057734489441e-01,-3.600626718252897263e-03,8.775932341814041138e-02
5.560000000000191456e+00,1.273198542675579192e+00,-6.812644480457374918e-01,-2.041751297050315106e+00,-2.294529667664964578e-01,-2.512805988316543226e-01,8.338475639471228940e-01,1.000000000000000000e+00,-1.708191633224487305e-01,-1.862301677465438843e-01,-1.623830944299697876e-01,-1.161871328949928284e-01,-7.215857505798339844e-03,8.439954370260238647e-02
5.580000000000198135e+00,1.269419668735567441e+00,-6.854216092330648324e-01,-2.091669904818339809e+00,-2.217896061723849677e-01,-2.512940107384881716e-01,8.293772702672245201e-01,1.000000000000000000e+00,-1.659178286790847778e-01,-1.847683936357498169e-01,-1.562036275863647461e-01,-1.135850250720977783e-01,-1.255189627408981323e-02,7.889714837074279785e-02
5.600000000000204814e+00,1.265025715387149807e+00,-6.898612263110713849e-01,-2.132534713391905701e+00,-2.121805779386315149e-01,-2.514577683214417325e-01,8.237720037975350129e-01,1.000000000000000000e+00,-1.594409346580505371e-01,-1.819084882736206055e-01,-1.482557803392410278e-01,-1.094976216554641724e-01,-1.954839751124382019e-02,7.095015048980712891e-02
5.620000000000211493e+00,1.260096171837462142e+00,-6.946017598263366510e-01,-2.162951530670269129e+00,-2.009972644526707153e-01,-2.517321815882425096e-01,8.172484042640578705e-01,1.000000000000000000e+00,-1.513588279485702515e-01,-1.778150200843811035e-01,-1.390000879764556885e-01,-1.037668287754058838e-01,-2.703624963760375977e-02,6.159895658493041992e-02
5.640000000000218172e+00,1.254740816472035725e+00,-6.996424249485455604e-01,-2.181985831270245146e+00,-1.885703736009472775e-01,-2.520954159091809421e-01,8.099993846005525411e-01,1.000000000000000000e+00,-1.423896849155426025e-01,-1.727258265018463135e-01,-1.297349929809570312e-01,-9.637311846017837524e-02,-3.340647369623184204e-02,5.313077569007873535e-02
5.660000000000224851e+00,1.249098348294813920e+00,-7.049535916152547266e-01,-2.189506247643819403e+00,-1.753724758197378886e-01,-2.525106141940970383e-01,8.023006108948470549e-01,1.000000000000000000e+00,-1.335929036140441895e-01,-1.664415299892425537e-01,-1.214769110083580017e-01,-8.760180324316024780e-02,-3.839918971061706543e-02,4.657026752829551697e-02
5.680000000000231530e+00,1.243309767876864758e+00,-7.104941122914953944e-01,-2.186126464364447131e+00,-1.619828691418053745e-01,-2.529238424802653373e-01,7.944900069993864333e-01,1.000000000000000000e+00,-1.258179992437362671e-01,-1.590165048837661743e-01,-1.143707334995269775e-01,-7.855938374996185303e-02,-4.244869947433471680e-02,4.126230254769325256e-02
5.700000000000238209e+00,1.237491886650849526e+00,-7.162140240971023308e-01,-2.173087065742074220e+00,-1.488291256675676466e-01,-2.533001054377919670e-01,7.868169899727477379e-01,1.000000000000000000e+00,-1.198564767837524414e-01,-1.515040993690490723e-01,-1.085288971662521362e-01,-7.090821862220764160e-02,-4.568908363580703735e-02,3.650081530213356018e-02
5.720000000000244889e+00,1.231722826934953829e+00,-7.220389813805968560e-01,-2.152065972518282688e+00,-1.362551364713021906e-01,-2.536067421077042860e-01,7.794821629415928932e-01,1.000000000000000000e+00,-1.158882305026054382e-01,-1.450413763523101807e-01,-1.041014716029167175e-01,-6.554053723812103271e-02,-4.820262640714645386e-02,3.194678574800491333e-02
5.740000000000251568e+00,1.226045063480456498e+00,-7.278777174947890227e-01,-2.124640219254138263e+00,-1.245546487359512622e-01,-2.538077926158872621e-01,7.726568784293048608e-01,1.000000000000000000e+00,-1.134306490421295166e-01,-1.398757547140121460e-01,-1.008468717336654663e-01,-6.229687109589576721e-02,-5.020881816744804382e-02,2.741732075810432434e-02
5.760000000000258247e+00,1.220488263049413824e+00,-7.336877274582804809e-01,-2.091571962544001018e+00,-1.139605498726618260e-01,-2.538692154063591500e-01,7.664769874257193472e-01,1.000000000000000000e+00,-1.118551343679428101e-01,-1.352868974208831787e-01,-9.807834774255752563e-02,-6.037304922938346863e-02,-5.204622447490692139e-02,2.263053320348262787e-02
5.780000000000264926e+00,1.215067859069881129e+00,-7.395103203683038862e-01,-2.052576820725775963e+00,-1.045331169192925957e-01,-2.537806700099400903e-01,7.609776515362539628e-01,1.000000000000000000e+00,-1.106823235750198364e-01,-1.300398111343383789e-01,-9.495192766189575195e-02,-5.883900448679924011e-02,-5.400764569640159607e-02,1.703754253685474396e-02
5.800000000000271605e+00,1.209791136722155658e+00,-7.454398786148519473e-01,-2.006675062757486305e+00,-9.611712918592450750e-02,-2.535679401633257890e-01,7.560683253584559171e-01,1.000000000000000000e+00,-1.096039041876792908e-01,-1.230794787406921387e-01,-9.086287021636962891e-02,-5.702520534396171570e-02,-5.614776164293289185e-02,1.008818857371807098e-02
5.820000000000278284e+00,1.204682535691404155e+00,-7.515618133713224402e-01,-1.952935227150231601e+00,-8.837726753126455559e-02,-2.532971639085537241e-01,7.515534060599042832e-01,1.000000000000000000e+00,-1.085684373974800110e-01,-1.141596883535385132e-01,-8.588232100009918213e-02,-5.468376725912094116e-02,-5.835617706179618835e-02,1.769239548593759537e-03
5.840000000000284963e+00,1.199816101955248904e+00,-7.578904053536966723e-01,-1.891342251625612425e+00,-8.086134734077481123e-02,-2.530747863371382578e-01,7.471691192821185989e-01,1.000000000000000000e+00,-1.079012751579284668e-01,-1.040710806846618652e-01,-8.092574030160903931e-02,-5.202854424715042114e-02,-6.058101356029510498e-02,-7.075653411448001862e-03
5.860000000000291642e+00,1.195336899874019920e+00,-7.643443463460313225e-01,-1.823261834869391196e+00,-7.316088287696624615e-02,-2.530247002103279685e-01,7.426771816782302693e-01,1.000000000000000000e+00,-1.081085130572319031e-01,-9.396668523550033569e-02,-7.711605727672576904e-02,-4.951891675591468811e-02,-6.291499733924865723e-02,-1.526250224560499191e-02
5.880000000000298321e+00,1.191437538985280931e+00,-7.707886313459155758e-01,-1.751184302201324705e+00,-6.506780447138275913e-02,-2.532527267646333402e-01,7.379562192749732352e-01,1.000000000000000000e+00,-1.095018833875656128e-01,-8.476419746875762939e-02,-7.503777742385864258e-02,-4.756080359220504761e-02,-6.534891575574874878e-02,-2.192999608814716339e-02
5.900000000000305000e+00,1.188298341340179531e+00,-7.771006177581828434e-01,-1.678011614958421882e+00,-5.661691603161874559e-02,-2.538193029849134530e-01,7.330265343517775589e-01,1.000000000000000000e+00,-1.122157350182533264e-01,-7.722143083810806274e-02,-7.475574314594268799e-02,-4.642336443066596985e-02,-6.763506680727005005e-02,-2.667862176895141602e-02
5.920000000000311680e+00,1.186037091290434109e+00,-7.832111253965583497e-01,-1.606279425538892580e+00,-4.802362513715063841e-02,-2.547321335397652042e-01,7.280137813300044947e-01,1.000000000000000000e+00,-1.163319647312164307e-01,-7.164863497018814087e-02,-7.609612494707107544e-02,-4.620059952139854431e-02,-6.952548027038574219e-02,-2.959249541163444519e-02
5.940000000000318359e+00,1.184691774931838637e+00,-7.891009410962206427e-01,-1.537641379471105019e+00,-3.966111914202232608e-02,-2.559397562432522699e-01,7.231356528328463096e-01,1.000000000000000000e+00,-1.216635406017303467e-01,-6.773064285516738892e-02,-7.873788475990295410e-02,-4.674258083105087280e-02,-7.086326926946640015e-02,-3.105386719107627869e-02
5.960000000000325038e+00,1.184228187026854506e+00,-7.947638522219859780e-01,-1.472655824267077529e+00,-3.227405173185379089e-02,-2.572852990672920837e-01,7.188265301769146687e-01,1.000000000000000000e+00,-1.274513304233551025e-01,-6.474329531192779541e-02,-8.208732306957244873e-02,-4.759271070361137390e-02,-7.153370976448059082e-02,-3.152552992105484009e-02
5.980000000000331717e+00,1.184558455632505503e+00,-8.001864600516377379e-01,-1.410806808269740475e+00,-2.723986033545981039e-02,-2.584529511343545694e-01,7.158899185290181766e-01,1.000000000000000000e+00,-1.325212717056274414e-01,-6.169119104743003845e-02,-8.521093428134918213e-02,-4.807317629456520081e-02,-7.157546281814575195e-02,-3.156755119562149048e-02
6.000000000000338396e+00,1.185578242865122256e+00,-8.053409904862541824e-01,-1.350910203863286529e+00,-2.653883307318568793e-02,-2.589799023638653663e-01,7.154809859593582733e-01,1.000000000000000000e+00,-1.359074562788009644e-01,-5.770807713270187378e-02,-8.716175705194473267e-02,-4.765564575791358948e-02,-7.123282551765441895e-02,-3.173365443944931030e-02
6.020000000000345075e+00,1.187219072988135338e+00,-8.101850505343702880e-01,-1.291933311290811570e+00,-3.221614486155648799e-02,-2.583979240726257398e-01,7.187927511692412397e-01,1.000000000000000000e+00,-1.375293880701065063e-01,-5.270555615425109863e-02,-8.764505386352539062e-02,-4.642640426754951477e-02,-7.077072560787200928e-02,-3.227362409234046936e-02
6.040000000000351754e+00,1.189496502519953314e+00,-8.146821074287988740e-01,-1.234105924110755481e+00,-4.558377993706581865e-02,-2.564470477939931881e-01,7.265905382966216797e-01,1.000000000000000000e+00,-1.385591030120849609e-01,-4.769432917237281799e-02,-8.764159679412841797e-02,-4.533855617046356201e-02,-7.020430266857147217e-02,-3.292729333043098450e-02
6.060000000000358433e+00,1.192526857300177046e+00,-8.188439602936075090e-01,-1.179927546419000661e+00,-6.653325652464214812e-02,-2.532415450861023598e-01,7.388110663060412087e-01,1.000000000000000000e+00,-1.414081752300262451e-01,-4.459101706743240356e-02,-8.962558209896087646e-02,-4.619443044066429138e-02,-6.914071738719940186e-02,-3.290222212672233582e-02
6.080000000000365112e+00,1.196483588191177949e+00,-8.227827504968276973e-01,-1.134521755030784895e+00,-9.202663834287587441e-02,-2.495383734718125968e-01,7.536822057000108765e-01,1.000000000000000000e+00,-1.490163654088973999e-01,-4.566844925284385681e-02,-9.707122296094894409e-02,-5.127437040209770203e-02,-6.666081398725509644e-02,-3.093681856989860535e-02
6.100000000000371791e+00,1.201501985564390251e+00,-8.266460860342630390e-01,-1.104105997457022870e+00,-1.135012484446672326e-01,-2.470871705564655907e-01,7.662090615927225068e-01,1.000000000000000000e+00,-1.615910381078720093e-01,-5.230181664228439331e-02,-1.117179468274116516e-01,-6.122164428234100342e-02,-6.129776313900947571e-02,-2.529369667172431946e-02
6.120000000000378471e+00,1.207444594756367673e+00,-8.305345164376771727e-01,-1.091422270870512579e+00,-1.204808731443910846e-01,-2.477462967818019057e-01,7.702805093342280918e-01,1.000000000000000000e+00,-1.715657413005828857e-01,-6.226770207285881042e-02,-1.277955174446105957e-01,-7.078859210014343262e-02,-5.178331211209297180e-02,-1.448509097099304199e-02
6.140000000000385150e+00,1.213788851196860641e+00,-8.343523611518067762e-01,-1.091817534636256637e+00,-1.134965662509082318e-01,-2.512452530627204417e-01,7.662063303130297598e-01,1.000000000000000000e+00,-1.729915887117385864e-01,-6.822121143341064453e-02,-1.362371295690536499e-01,-7.467263191938400269e-02,-4.166142642498016357e-02,-3.595476038753986359e-03
6.160000000000391829e+00,1.219943671580724143e+00,-8.378758940510648845e-01,-1.096309723413282144e+00,-1.040205217597343773e-01,-2.552701431455586256e-01,7.606786376931783389e-01,1.000000000000000000e+00,-1.706291735172271729e-01,-6.740270555019378662e-02,-1.358314156532287598e-01,-7.459550350904464722e-02,-3.752065077424049377e-02,6.427886546589434147e-06
6.180000000000398508e+00,1.225679841586803098e+00,-8.409451533885100583e-01,-1.099592111252168047e+00,-1.033768619596066446e-01,-2.574778229760328885e-01,7.603031694764371684e-01,1.000000000000000000e+00,-1.699368357658386230e-01,-6.489756703376770020e-02,-1.323292106389999390e-01,-7.507318258285522461e-02,-3.868621587753295898e-02,-2.620038343593478203e-03
6.200000000000405187e+00,1.231222718746663336e+00,-8.435996146268749385e-01,-1.104222974533785262e+00,-1.146749855928869410e-01,-2.572277249707282665e-01,7.668937415958506643e-01,1.000000000000000000e+00,-1.726327687501907349e-01,-6.637048721313476562e-02,-1.319022029638290405e-01,-7.903814315795898438e-02,-4.053607955574989319e-02,-6.080719176679849625e-03
6.220000000000411866e+00,1.236988840733724171e+00,-8.460572145046022507e-01,-1.117739445516468200e+00,-1.324204613605216296e-01,-2.557523811281129378e-01,7.772452691269708946e-01,1.000000000000000000e+00,-1.767005324363708496e-01,-7.341257482767105103e-02,-1.372296512126922607e-01,-8.561211079359054565e-02,-3.793556615710258484e-02,-4.036677069962024689e-03
6.240000000000418545e+00,1.243210014710717903e+00,-8.485416052750132110e-01,-1.146083146284128995e+00,-1.481328863695608733e-01,-2.548084567457313820e-01,7.864108503822437868e-01,1.000000000000000000e+00,-1.785231679677963257e-01,-8.357921987771987915e-02,-1.458660364151000977e-01,-9.083133935928344727e-02,-2.927408739924430847e-02,6.712739821523427963e-03
6.260000000000425224e+00,1.249737449917548648e+00,-8.511084772571884116e-01,-1.189484255386479949e+00,-1.583660105631020665e-01,-2.550052380908378602e-01,7.923801728284761703e-01,1.000000000000000000e+00,-1.776827275753021240e-01,-9.334811568260192871e-02,-1.528276205062866211e-01,-9.201779216527938843e-02,-1.978649571537971497e-02,2.120966836810112000e-02
6.280000000000431903e+00,1.256193549025987455e+00,-8.536767233984541292e-01,-1.243795507115480703e+00,-1.659951334217702745e-01,-2.556649442254416149e-01,7.968304944960326042e-01,1.000000000000000000e+00,-1.771261692047119141e-01,-1.006632074713706970e-01,-1.561425924301147461e-01,-9.193893522024154663e-02,-1.427737809717655182e-02,3.182688355445861816e-02
6.300000000000438583e+00,1.262287717579720914e+00,-8.561932864954291400e-01,-1.305213852492260296e+00,-1.768877095156598800e-01,-2.555935904978477446e-01,8.031844972174682074e-01,1.000000000000000000e+00,-1.794457137584686279e-01,-1.092020273208618164e-01,-1.595979928970336914e-01,-9.500678628683090210e-02,-1.124272681772708893e-02,3.858105838298797607e-02
6.320000000000445262e+00,1.267974972655270260e+00,-8.586832993753489296e-01,-1.373574432752100449e+00,-1.929196512679772491e-01,-2.544545320587075499e-01,8.125364632396533393e-01,1.000000000000000000e+00,-1.847000569105148315e-01,-1.234595701098442078e-01,-1.659727692604064941e-01,-1.023986861109733582e-01,-8.517695590853691101e-03,4.536920040845870972e-02
6.340000000000451941e+00,1.273268684240056459e+00,-8.611918796080401117e-01,-1.450152645715236943e+00,-2.098528695046130432e-01,-2.530592860231635211e-01,8.224141738776908905e-01,1.000000000000000000e+00,-1.882394105195999146e-01,-1.410084068775177002e-01,-1.725277155637741089e-01,-1.105546206235885620e-01,-5.036106798797845840e-03,5.492564663290977478e-02
6.360000000000458620e+00,1.277993427820550476e+00,-8.637130733825251205e-01,-1.533517770968939598e+00,-2.224909569915447527e-01,-2.522756493711112435e-01,8.297863915784010613e-01,1.000000000000000000e+00,-1.882946193218231201e-01,-1.551849842071533203e-01,-1.761319488286972046e-01,-1.154588311910629272e-01,-2.068676985800266266e-03,6.525571644306182861e-02
6.380000000000465299e+00,1.281869868651866362e+00,-8.662387223827833216e-01,-1.619671051019028862e+00,-2.298203408053235142e-01,-2.521679561539267866e-01,8.340618654697720125e-01,1.000000000000000000e+00,-1.878445297479629517e-01,-1.635821908712387085e-01,-1.773222684860229492e-01,-1.170879825949668884e-01,-7.180757238529622555e-04,7.288284599781036377e-02
6.400000000000471978e+00,1.284757639620699443e+00,-8.687887824612003929e-01,-1.705061052414110101e+00,-2.344904385330606189e-01,-2.522247083793330291e-01,8.367860891442853166e-01,1.000000000000000000e+00,-1.881384402513504028e-01,-1.688600182533264160e-01,-1.779577583074569702e-01,-1.176575422286987305e-01,-1.111064120777882636e-04,7.813129574060440063e-02
6.420000000000478657e+00,1.286683143680900532e+00,-8.713806806894637269e-01,-1.788340200059584051e+00,-2.388386947679739802e-01,-2.520593418276446118e-01,8.393225719479847635e-01,1.000000000000000000e+00,-1.885955780744552612e-01,-1.734140068292617798e-01,-1.786978244781494141e-01,-1.183930039405822754e-01,3.987719246651977301e-04,8.218755573034286499e-02
6.440000000000485336e+00,1.287720794259131996e+00,-8.740045589473912635e-01,-1.869722676254173876e+00,-2.428972152941687168e-01,-2.516976332152227047e-01,8.416900422549317140e-01,1.000000000000000000e+00,-1.882800310850143433e-01,-1.777557134628295898e-01,-1.790792793035507202e-01,-1.192735284566879272e-01,8.212042157538235188e-04,8.546966314315795898e-02
6.460000000000492015e+00,1.287899388311273263e+00,-8.766356999417154183e-01,-1.949486309988464283e+00,-2.453650346308748065e-01,-2.513682634925160642e-01,8.431296035346769191e-01,1.000000000000000000e+00,-1.867343038320541382e-01,-1.813533604145050049e-01,-1.784806549549102783e-01,-1.198337674140930176e-01,9.715076303109526634e-04,8.794987201690673828e-02
6.480000000000498694e+00,1.287202666426351616e+00,-8.792655383641521105e-01,-2.027138126635596560e+00,-2.453394278423101926e-01,-2.512116022429473072e-01,8.431146662413475656e-01,1.000000000000000000e+00,-1.842202097177505493e-01,-1.837754994630813599e-01,-1.767740249633789062e-01,-1.198421344161033630e-01,7.080624927766621113e-04,8.950730413198471069e-02
6.500000000000505374e+00,1.285618378439520537e+00,-8.819136426039896337e-01,-2.101554316743953432e+00,-2.429007643926592575e-01,-2.512064592495426574e-01,8.416921125623845201e-01,1.000000000000000000e+00,-1.812563538551330566e-01,-1.851731091737747192e-01,-1.742327362298965454e-01,-1.194417774677276611e-01,-6.202030635904520750e-05,9.007277339696884155e-02
6.520000000000512053e+00,1.283170678037718115e+00,-8.846219884767043684e-01,-2.171490368977358365e+00,-2.386592085944988784e-01,-2.512590758592776474e-01,8.392178716801242944e-01,1.000000000000000000e+00,-1.781299263238906860e-01,-1.858967095613479614e-01,-1.710648983716964722e-01,-1.188044771552085876e-01,-1.478316728025674820e-03,8.956310898065567017e-02
6.540000000000518732e+00,1.279919678040088993e+00,-8.874441119523395205e-01,-2.235849873235448815e+00,-2.331499694211493778e-01,-2.513032084220735429e-01,8.360041488290037570e-01,1.000000000000000000e+00,-1.748182475566864014e-01,-1.861084252595901489e-01,-1.672455370426177979e-01,-1.178857311606407166e-01,-3.802517894655466080e-03,8.777808398008346558e-02
6.560000000000525411e+00,1.275931346530116306e+00,-8.903958422867875866e-01,-2.293537825344900138e+00,-2.266719606077752247e-01,-2.513132515905416864e-01,8.322253103545355080e-01,1.000000000000000000e+00,-1.710138916969299316e-01,-1.856795400381088257e-01,-1.625140756368637085e-01,-1.163790002465248108e-01,-7.431650534272193909e-03,8.434554189443588257e-02
6.580000000000532090e+00,1.271238556583552004e+00,-8.934590689495310878e-01,-2.343454089599519730e+00,-2.192153875795582185e-01,-2.513003163274986074e-01,8.278756427547422359e-01,1.000000000000000000e+00,-1.661313921213150024e-01,-1.841997653245925903e-01,-1.563606560230255127e-01,-1.137704998254776001e-01,-1.278364844620227814e-02,7.871232926845550537e-02
6.600000000000538769e+00,1.265877748924386204e+00,-8.966475524073964642e-01,-2.384298716746073854e+00,-2.107760542575305429e-01,-2.512757803127806389e-01,8.229526983168927723e-01,1.000000000000000000e+00,-1.596439927816390991e-01,-1.813327372074127197e-01,-1.484524607658386230e-01,-1.096397116780281067e-01,-1.975430920720100403e-02,7.065103203058242798e-02
6.620000000000545448e+00,1.259922755061043453e+00,-8.999965928334903165e-01,-2.414698273445611054e+00,-2.013254817689021647e-01,-2.512660749366312785e-01,8.174398643651928920e-01,1.000000000000000000e+00,-1.515564769506454468e-01,-1.772652864456176758e-01,-1.393404453992843628e-01,-1.038546189665794373e-01,-2.709151245653629303e-02,6.137954071164131165e-02
6.640000000000552127e+00,1.253483284646639495e+00,-9.035274013875305155e-01,-2.433768154872071321e+00,-1.906556296364330938e-01,-2.513373858944698558e-01,8.112157839545859339e-01,1.000000000000000000e+00,-1.426746249198913574e-01,-1.722559630870819092e-01,-1.304016113281250000e-01,-9.646100550889968872e-02,-3.323051333427429199e-02,5.323220416903495789e-02
6.660000000000558806e+00,1.246704302456270952e+00,-9.072407270116471523e-01,-2.441432721577390552e+00,-1.787576592582980628e-01,-2.515324059107026389e-01,8.042753012340071450e-01,1.000000000000000000e+00,-1.340152174234390259e-01,-1.660932302474975586e-01,-1.225278601050376892e-01,-8.775395154953002930e-02,-3.802600130438804626e-02,4.704214632511138916e-02
6.680000000000565485e+00,1.239733464608353319e+00,-9.111303099965127883e-01,-2.438325290350697561e+00,-1.659027975063659122e-01,-2.518498417479612672e-01,7.967766318787133928e-01,1.000000000000000000e+00,-1.263884902000427246e-01,-1.588656008243560791e-01,-1.157514005899429321e-01,-7.887250185012817383e-02,-4.191607609391212463e-02,4.203691333532333374e-02
6.700000000000572165e+00,1.232695245159899367e+00,-9.151783353341302885e-01,-2.425669304096590206e+00,-1.524955023004573584e-01,-2.522601956399348477e-01,7.889557096752667364e-01,1.000000000000000000e+00,-1.205694749951362610e-01,-1.516484916210174561e-01,-1.101806014776229858e-01,-7.145638018846511841e-02,-4.504057392477989197e-02,3.748406097292900085e-02
6.720000000000578844e+00,1.225680683909581070e+00,-9.193380619771571727e-01,-2.405078355540946067e+00,-1.392166262305676305e-01,-2.526742530346486326e-01,7.812096986344977401e-01,1.000000000000000000e+00,-1.166664510965347290e-01,-1.454731971025466919e-01,-1.059297472238540649e-01,-6.629753112792968750e-02,-4.748353734612464905e-02,3.303262218832969666e-02
6.740000000000585523e+00,1.218745203114774078e+00,-9.235416003485498182e-01,-2.378011325936603360e+00,-1.269048471507998044e-01,-2.529624914517102363e-01,7.740278275046331702e-01,1.000000000000000000e+00,-1.141464933753013611e-01,-1.404421478509902954e-01,-1.026928573846817017e-01,-6.313561648130416870e-02,-4.945480823516845703e-02,2.850376255810260773e-02
6.760000000000592202e+00,1.211917066185343117e+00,-9.277628056275942781e-01,-2.345099121514505391e+00,-1.163106942176155012e-01,-2.529983546463182020e-01,7.678479049602756623e-01,1.000000000000000000e+00,-1.123882830142974854e-01,-1.357659846544265747e-01,-9.976609051227569580e-02,-6.113811209797859192e-02,-5.127703025937080383e-02,2.362706325948238373e-02
6.780000000000598881e+00,1.205196503466336111e+00,-9.320500449957804801e-01,-2.305959327114646573e+00,-1.078025309548121397e-01,-2.527152255517499113e-01,7.628848097236403669e-01,1.000000000000000000e+00,-1.109488829970359802e-01,-1.302328407764434814e-01,-9.634111821651458740e-02,-5.941333994269371033e-02,-5.322636291384696960e-02,1.786821708083152771e-02
6.800000000000605560e+00,1.198571404534852558e+00,-9.364960944453215586e-01,-2.259604144770896106e+00,-1.011387438184384452e-01,-2.521554353328785414e-01,7.589976005607557141e-01,1.000000000000000000e+00,-1.095827519893646240e-01,-1.228904202580451965e-01,-9.188054502010345459e-02,-5.736146122217178345e-02,-5.534718185663223267e-02,1.071393024176359177e-02
6.820000000000612239e+00,1.192055817246627125e+00,-9.411836247566465197e-01,-2.205215862134934923e+00,-9.545190261826361211e-02,-2.514843278235306956e-01,7.556802765273203937e-01,1.000000000000000000e+00,-1.083276197314262390e-01,-1.136638298630714417e-01,-8.656059950590133667e-02,-5.482387915253639221e-02,-5.752525478601455688e-02,2.239921130239963531e-03
6.840000000000618918e+00,1.185734145483159363e+00,-9.461347274397816642e-01,-2.142997885248274503e+00,-8.953865170196737000e-02,-2.509472893666567783e-01,7.522308801594809191e-01,1.000000000000000000e+00,-1.075836420059204102e-01,-1.035023927688598633e-01,-8.141987025737762451e-02,-5.210687592625617981e-02,-5.971140787005424500e-02,-6.609342992305755615e-03
6.860000000000625597e+00,1.179781933954361151e+00,-9.512967081469908548e-01,-2.074558729775611621e+00,-8.245263087773262167e-02,-2.507672962805780337e-01,7.480973680120106550e-01,1.000000000000000000e+00,-1.078747287392616272e-01,-9.359540045261383057e-02,-7.763456553220748901e-02,-4.970959946513175964e-02,-6.200547143816947937e-02,-1.464961748570203781e-02
6.880000000000632276e+00,1.174424299632419899e+00,-9.565816843088249533e-01,-2.002561552261715061e+00,-7.393382011345714377e-02,-2.510608808455908059e-01,7.431280617328499538e-01,1.000000000000000000e+00,-1.095091626048088074e-01,-8.481453359127044678e-02,-7.576198130846023560e-02,-4.801819473505020142e-02,-6.441368162631988525e-02,-2.110756002366542816e-02
6.900000000000638956e+00,1.169859856590722558e+00,-9.619166656103830260e-01,-1.929958035496321722e+00,-6.440700619776494606e-02,-2.518179344986324342e-01,7.375707536153628396e-01,1.000000000000000000e+00,-1.126341894268989563e-01,-7.782816141843795776e-02,-7.582835108041763306e-02,-4.728067293763160706e-02,-6.671755760908126831e-02,-2.566594630479812622e-02
6.920000000000645635e+00,1.166206268008413538e+00,-9.672678621364895202e-01,-1.859214349301578917e+00,-5.472157996627353971e-02,-2.529261902955370345e-01,7.319209216469928503e-01,1.000000000000000000e+00,-1.173015832901000977e-01,-7.283817231655120850e-02,-7.761634886264801025e-02,-4.756352677941322327e-02,-6.866110861301422119e-02,-2.842952497303485870e-02
6.940000000000652314e+00,1.163489272754498538e+00,-9.726290234830685666e-01,-1.791817494146703549e+00,-4.597973332301810712e-02,-2.541872439573394371e-01,7.268215111050938537e-01,1.000000000000000000e+00,-1.231941580772399902e-01,-6.942792981863021851e-02,-8.071071654558181763e-02,-4.862137883901596069e-02,-7.002377510070800781e-02,-2.975717745721340179e-02
6.960000000000658993e+00,1.161660490571507331e+00,-9.779862306951271345e-01,-1.728054442523193623e+00,-3.964923797537370231e-02,-2.552892517242423831e-01,7.231287221523012843e-01,1.000000000000000000e+00,-1.293237060308456421e-01,-6.670652329921722412e-02,-8.432182669639587402e-02,-4.980545118451118469e-02,-7.066104561090469360e-02,-3.014995716512203217e-02
6.980000000000665672e+00,1.160620996714249564e+00,-9.833030322457844141e-01,-1.667019078578970914e+00,-3.760524453933524608e-02,-2.558044295299919391e-01,7.219363926479455129e-01,1.000000000000000000e+00,-1.342546343803405762e-01,-6.346625089645385742e-02,-8.724719285964965820e-02,-5.021312460303306580e-02,-7.069159299135208130e-02,-3.028275072574615479e-02
7.000000000000672351e+00,1.160265258289242762e+00,-9.885207909027675655e-01,-1.607076973263053210e+00,-4.172672020492854128e-02,-2.552949403300232012e-01,7.243405867862082737e-01,1.000000000000000000e+00,-1.368906348943710327e-01,-5.875004455447196960e-02,-8.834960311651229858e-02,-4.920416697859764099e-02,-7.047864794731140137e-02,-3.077260591089725494e-02
7.020000000000679030e+00,1.160541828551677757e+00,-9.935739846238774708e-01,-1.546865519498708208e+00,-5.299247828692234957e-02,-2.535449548169717016e-01,7.309122790007046566e-01,1.000000000000000000e+00,-1.372615098953247070e-01,-5.262261256575584412e-02,-8.739786595106124878e-02,-4.696758836507797241e-02,-7.030847668647766113e-02,-3.180722519755363464e-02
7.040000000000685709e+00,1.161501221715733667e+00,-9.984281166842595701e-01,-1.486638197260334859e+00,-7.056097708438517635e-02,-2.507775542106315259e-01,7.411605699658913027e-01,1.000000000000000000e+00,-1.368681192398071289e-01,-4.645376652479171753e-02,-8.574222773313522339e-02,-4.472617805004119873e-02,-7.012406736612319946e-02,-3.297463431954383850e-02
7.060000000000692388e+00,1.163296511062498428e+00,-1.003131852770481114e+00,-1.429392168133065910e+00,-9.146338681766597034e-02,-2.476813417007781570e-01,7.533536423103051050e-01,1.000000000000000000e+00,-1.385666131973266602e-01,-4.254614934325218201e-02,-8.636276423931121826e-02,-4.458171129226684570e-02,-6.946736574172973633e-02,-3.333121910691261292e-02
7.080000000000699067e+00,1.166113763228342926e+00,-1.007866355686084070e+00,-1.381156763145835242e+00,-1.108123370315386297e-01,-2.452900362230762965e-01,7.646405299350641505e-01,1.000000000000000000e+00,-1.458459049463272095e-01,-4.348350688815116882e-02,-9.328719973564147949e-02,-4.916897043585777283e-02,-6.737474352121353149e-02,-3.153767064213752747e-02
7.100000000000705747e+00,1.170076109092989647e+00,-1.012858578187844305e+00,-1.349390559356778763e+00,-1.218762397567689781e-01,-2.449059776561964830e-01,7.710944731914485262e-01,1.000000000000000000e+00,-1.596964150667190552e-01,-5.097550153732299805e-02,-1.091432049870491028e-01,-5.981830880045890808e-02,-6.221072375774383545e-02,-2.578531950712203979e-02
7.120000000000712426e+00,1.175028181339303313e+00,-1.018198533531343042e+00,-1.337795536141524799e+00,-1.209975970299088932e-01,-2.471420343398916808e-01,7.705819316007801456e-01,1.000000000000000000e+00,-1.716638058423995972e-01,-6.273809820413589478e-02,-1.278080344200134277e-01,-7.086215913295745850e-02,-5.207337811589241028e-02,-1.411901786923408508e-02
7.140000000000719105e+00,1.180423294263894585e+00,-1.023630894644379730e+00,-1.341331668692987922e+00,-1.138424921994377892e-01,-2.507760950242978737e-01,7.664081204496719923e-01,1.000000000000000000e+00,-1.736997216939926147e-01,-7.038755714893341064e-02,-1.381711661815643311e-01,-7.546328753232955933e-02,-4.032234102487564087e-02,-1.597299706190824509e-03
7.160000000000725784e+00,1.185644317015998928e+00,-1.028726519790753580e+00,-1.349294683996882904e+00,-1.097205666288515874e-01,-2.538053848600874129e-01,7.640036638668300517e-01,1.000000000000000000e+00,-1.711994558572769165e-01,-7.004946470260620117e-02,-1.382408589124679565e-01,-7.534331828355789185e-02,-3.552304580807685852e-02,2.682215999811887741e-03
7.180000000000732463e+00,1.190445729060913838e+00,-1.033218311511491905e+00,-1.354627288356406334e+00,-1.148720243830845950e-01,-2.548534808810914987e-01,7.670086808901326325e-01,1.000000000000000000e+00,-1.702314019203186035e-01,-6.677484512329101562e-02,-1.340015381574630737e-01,-7.541029900312423706e-02,-3.720552474260330200e-02,-5.505129811353981495e-04
7.200000000000739142e+00,1.195047029100404723e+00,-1.037178057532700981e+00,-1.359278947693632222e+00,-1.290174242712072983e-01,-2.540175246370902640e-01,7.752601641582042014e-01,1.000000000000000000e+00,-1.729978919029235840e-01,-6.732277572154998779e-02,-1.323972791433334351e-01,-7.932151854038238525e-02,-4.031594097614288330e-02,-5.502918735146522522e-03
7.220000000000745821e+00,1.199867180528239929e+00,-1.040946426388269064e+00,-1.371532395162778917e+00,-1.467815946613082179e-01,-2.525297794244011351e-01,7.856225968857630804e-01,1.000000000000000000e+00,-1.775023490190505981e-01,-7.401680201292037964e-02,-1.370369046926498413e-01,-8.638552576303482056e-02,-3.882467374205589294e-02,-5.041467491537332535e-03
7.240000000000752500e+00,1.205155859903352056e+00,-1.044847899893524446e+00,-1.398653864161559790e+00,-1.620874534592218197e-01,-2.516650189814009231e-01,7.945510145178793504e-01,1.000000000000000000e+00,-1.797359287738800049e-01,-8.453637361526489258e-02,-1.459135562181472778e-01,-9.218330681324005127e-02,-3.020742535591125488e-02,5.221777129918336868e-03
7.260000000000759179e+00,1.210787143766493656e+00,-1.048933796284176712e+00,-1.441602499787512315e+00,-1.736649910892111848e-01,-2.516188914580579361e-01,8.013045781353731467e-01,1.000000000000000000e+00,-1.785700470209121704e-01,-9.447374194860458374e-02,-1.533362269401550293e-01,-9.320304542779922485e-02,-1.982125639915466309e-02,2.048943005502223969e-02
7.280000000000765858e+00,1.216391021803427286e+00,-1.053021088255409854e+00,-1.495995615873662699e+00,-1.839387939707984587e-01,-2.518020029996651532e-01,8.072976298162990449e-01,1.000000000000000000e+00,-1.774621158838272095e-01,-1.013308092951774597e-01,-1.564840525388717651e-01,-9.233386814594268799e-02,-1.400086935609579086e-02,3.175874426960945129e-02
7.300000000000772538e+00,1.221655790476743997e+00,-1.056962951773223303e+00,-1.557329470290002904e+00,-1.963243006124769374e-01,-2.514847221625234885e-01,8.145225086906114909e-01,1.000000000000000000e+00,-1.791654676198959351e-01,-1.087978631258010864e-01,-1.592373400926589966e-01,-9.465059638023376465e-02,-1.105741783976554871e-02,3.849961236119270325e-02
7.320000000000779217e+00,1.226511628618922600e+00,-1.060766874849845554e+00,-1.625040685311512023e+00,-2.112225924271393385e-01,-2.505953961667883312e-01,8.232131789158312341e-01,1.000000000000000000e+00,-1.841685026884078979e-01,-1.221003904938697815e-01,-1.651346087455749512e-01,-1.018395274877548218e-01,-8.542370051145553589e-03,4.485634341835975647e-02
7.340000000000785896e+00,1.230979689482518458e+00,-1.064491666152168392e+00,-1.700686880810380330e+00,-2.256198682663312916e-01,-2.496977472129838505e-01,8.316115898220265423e-01,1.000000000000000000e+00,-1.877885758876800537e-01,-1.394886076450347900e-01,-1.717452555894851685e-01,-1.103022769093513489e-01,-5.115813110023736954e-03,5.420868843793869019e-02
7.360000000000792575e+00,1.234920109205586147e+00,-1.068096962366182900e+00,-1.783372382486982266e+00,-2.365483217499186885e-01,-2.492562411652593790e-01,8.379865210207858572e-01,1.000000000000000000e+00,-1.878016144037246704e-01,-1.540864408016204834e-01,-1.755569428205490112e-01,-1.155092567205429077e-01,-2.013948978856205940e-03,6.485508382320404053e-02
7.380000000000799254e+00,1.238066108622416506e+00,-1.071500141101151105e+00,-1.869305175729458535e+00,-2.436250254637616630e-01,-2.492337118872761381e-01,8.421145981871942521e-01,1.000000000000000000e+00,-1.871722340583801270e-01,-1.626802980899810791e-01,-1.767312586307525635e-01,-1.171485036611557007e-01,-6.087784422561526299e-04,7.274623215198516846e-02
7.400000000000805933e+00,1.240257259909915311e+00,-1.074679554278910709e+00,-1.954716726401888982e+00,-2.486035507827090429e-01,-2.492784332223955956e-01,8.450187379565802237e-01,1.000000000000000000e+00,-1.872352957725524902e-01,-1.677465885877609253e-01,-1.771518141031265259e-01,-1.175441220402717590e-01,-8.374964636459480971e-06,7.798869162797927856e-02
7.420000000000812612e+00,1.241499054747972508e+00,-1.077660583036318842e+00,-2.037956317312615173e+00,-2.529202087025574919e-01,-2.491579717696490726e-01,8.475367884098251592e-01,1.000000000000000000e+00,-1.875625550746917725e-01,-1.720155626535415649e-01,-1.777167618274688721e-01,-1.181278675794601440e-01,4.702816659118980169e-04,8.193511515855789185e-02
7.440000000000819291e+00,1.241866285146548066e+00,-1.080456563937649328e+00,-2.119154871871559376e+00,-2.564287764879025766e-01,-2.489255363998102433e-01,8.495834529512764632e-01,1.000000000000000000e+00,-1.872938126325607300e-01,-1.762722879648208618e-01,-1.780965924263000488e-01,-1.189804449677467346e-01,8.440053206868469715e-04,8.515848219394683838e-02
7.460000000000825970e+00,1.241401161987518265e+00,-1.083049605563079165e+00,-2.198713171979065351e+00,-2.581465558321108245e-01,-2.487537783552331572e-01,8.505854909020645893e-01,1.000000000000000000e+00,-1.858716458082199097e-01,-1.799751371145248413e-01,-1.776015907526016235e-01,-1.196037679910659790e-01,9.594868170097470284e-04,8.768057823181152344e-02
7.480000000000832650e+00,1.240093763541545435e+00,-1.085422290904726417e+00,-2.276270021326327164e+00,-2.575065112377785681e-01,-2.487269804158183384e-01,8.502121315553707870e-01,1.000000000000000000e+00,-1.834418922662734985e-01,-1.825250834226608276e-01,-1.759869158267974854e-01,-1.196784302592277527e-01,6.935349665582180023e-04,8.933154493570327759e-02
7.500000000000839329e+00,1.237924132361739815e+00,-1.087587116540369880e+00,-2.350722678250037667e+00,-2.546819921264574238e-01,-2.488096639697369994e-01,8.485644954071001056e-01,1.000000000000000000e+00,-1.805142760276794434e-01,-1.839907765388488770e-01,-1.735022664070129395e-01,-1.193141043186187744e-01,-6.208354898262768984e-05,8.997947722673416138e-02
7.520000000000846008e+00,1.234900395816791452e+00,-1.089590883617027162e+00,-2.420768378132903464e+00,-2.501585944658621385e-01,-2.489296663686460243e-01,8.459258467717528651e-01,1.000000000000000000e+00,-1.774213314056396484e-01,-1.847458183765411377e-01,-1.703881323337554932e-01,-1.186985000967979431e-01,-1.469176728278398514e-03,8.951520174741744995e-02
7.540000000000852687e+00,1.231065262984451625e+00,-1.091503336954488201e+00,-2.485255107384007456e+00,-2.442807182932885401e-01,-2.490524112573492543e-01,8.424970856710849443e-01,1.000000000000000000e+00,-1.741775125265121460e-01,-1.849902123212814331e-01,-1.666451990604400635e-01,-1.178042665123939514e-01,-3.797443583607673645e-03,8.773138374090194702e-02
7.560000000000859366e+00,1.226479683324615211e+00,-1.093360221003335742e+00,-2.543069251792482444e+00,-2.372390068690958531e-01,-2.491704929826775994e-01,8.383894206736391963e-01,1.000000000000000000e+00,-1.704774498939514160e-01,-1.846048235893249512e-01,-1.620122045278549194e-01,-1.163225024938583374e-01,-7.435608655214309692e-03,8.425019681453704834e-02
7.580000000000866045e+00,1.221181028965598880e+00,-1.095152534999101146e+00,-2.593104890552669239e+00,-2.291028753870650303e-01,-2.492821921283203401e-01,8.336433439757878761e-01,1.000000000000000000e+00,-1.656852960586547852e-01,-1.831608414649963379e-01,-1.559497714042663574e-01,-1.137119010090827942e-01,-1.278663799166679382e-02,7.852822542190551758e-02
7.600000000000872724e+00,1.215200357070735482e+00,-1.096902698632529427e+00,-2.634046408672217510e+00,-2.201044130498019946e-01,-2.493594820763322117e-01,8.283942409457177858e-01,1.000000000000000000e+00,-1.592180281877517700e-01,-1.803036034107208252e-01,-1.481107026338577271e-01,-1.095234900712966919e-01,-1.971223205327987671e-02,7.039751857519149780e-02
7.620000000000879403e+00,1.208600039488862299e+00,-1.098663518786892723e+00,-2.664494074632899334e+00,-2.105153477918048355e-01,-2.493788891451170775e-01,8.228006195452194360e-01,1.000000000000000000e+00,-1.511050164699554443e-01,-1.762233078479766846e-01,-1.391090303659439087e-01,-1.036547198891639709e-01,-2.689634077250957489e-02,6.119412556290626526e-02
7.640000000000886082e+00,1.201483325596156337e+00,-1.100481669704282961e+00,-2.683560054925888672e+00,-2.004362395574412203e-01,-2.493547484338307363e-01,8.169211397418406628e-01,1.000000000000000000e+00,-1.422118693590164185e-01,-1.711829453706741333e-01,-1.303681433200836182e-01,-9.620194882154464722e-02,-3.281384706497192383e-02,5.326897278428077698e-02
7.660000000000892761e+00,1.193992912823603092e+00,-1.102392717042156356e+00,-2.691179626721265539e+00,-1.900660038306439259e-01,-2.492939797470332119e-01,8.108718355678755652e-01,1.000000000000000000e+00,-1.335049569606781006e-01,-1.649624556303024292e-01,-1.226709708571434021e-01,-8.744764328002929688e-02,-3.741862624883651733e-02,4.730908200144767761e-02
7.680000000000899441e+00,1.186274274474659274e+00,-1.104427096773934247e+00,-2.687994978033454441e+00,-1.795984052206004156e-01,-2.492067668840681482e-01,8.047657363786835383e-01,1.000000000000000000e+00,-1.258012503385543823e-01,-1.577142328023910522e-01,-1.159872487187385559e-01,-7.857496291399002075e-02,-4.116278886795043945e-02,4.246298596262931824e-02
7.700000000000906120e+00,1.178453983642486769e+00,-1.106597631389238501e+00,-2.675262265938854522e+00,-1.689626265606318234e-01,-2.491428902539313539e-01,7.985615321603685146e-01,1.000000000000000000e+00,-1.199373379349708557e-01,-1.505935341119766235e-01,-1.104796156287193298e-01,-7.125702500343322754e-02,-4.418421909213066101e-02,3.800858557224273682e-02
7.720000000000912799e+00,1.170634757809723592e+00,-1.108880200281880057e+00,-2.654647450869167091e+00,-1.580222566113321514e-01,-2.491523778880261053e-01,7.921796496899436990e-01,1.000000000000000000e+00,-1.160224750638008118e-01,-1.446027904748916626e-01,-1.062995195388793945e-01,-6.624081730842590332e-02,-4.655538871884346008e-02,3.362329676747322083e-02
7.740000000000919478e+00,1.162888176423154452e+00,-1.111222969642713831e+00,-2.627637931963428208e+00,-1.468154251908330432e-01,-2.492444822864307852e-01,7.856423313613192239e-01,1.000000000000000000e+00,-1.135080084204673767e-01,-1.397643238306045532e-01,-1.031367704272270203e-01,-6.319822371006011963e-02,-4.847142845392227173e-02,2.916095219552516937e-02
7.760000000000926157e+00,1.155244713591025985e+00,-1.113608990949425559e+00,-2.594847492822134338e+00,-1.356195882726063395e-01,-2.493802903694470607e-01,7.791114264923536537e-01,1.000000000000000000e+00,-1.117567792534828186e-01,-1.352257579565048218e-01,-1.002682521939277649e-01,-6.125802174210548401e-02,-5.024414137005805969e-02,2.436701208353042603e-02
7.780000000000932836e+00,1.147686443808080270e+00,-1.116087359121768152e+00,-2.555831870594537314e+00,-1.248920980378148970e-01,-2.494828429350766652e-01,7.728537238553919719e-01,1.000000000000000000e+00,-1.102936193346977234e-01,-1.297376006841659546e-01,-9.685297310352325439e-02,-5.952247232198715210e-02,-5.214560031890869141e-02,1.868925057351589203e-02
7.800000000000939515e+00,1.140172264319665896e+00,-1.118747251659474085e+00,-2.509515751428355479e+00,-1.151407803195189511e-01,-2.494625596316359384e-01,7.671654551863860139e-01,1.000000000000000000e+00,-1.088414117693901062e-01,-1.223247051239013672e-01,-9.230299293994903564e-02,-5.739874392747879028e-02,-5.423169583082199097e-02,1.156431064009666443e-02
7.820000000000946194e+00,1.132690868666768491e+00,-1.121673662231669422e+00,-2.455000061517826015e+00,-1.067851221600105288e-01,-2.492514784009689788e-01,7.622913212600060939e-01,1.000000000000000000e+00,-1.074292883276939392e-01,-1.129186376929283142e-01,-8.675469458103179932e-02,-5.474313348531723022e-02,-5.639541149139404297e-02,3.030410036444664001e-03
7.840000000000952873e+00,1.125318706707046479e+00,-1.124908818496235030e+00,-2.392452358941140833e+00,-1.000030828876851546e-01,-2.488433478637701868e-01,7.583351316844829659e-01,1.000000000000000000e+00,-1.064775511622428894e-01,-1.025312170386314392e-01,-8.129099756479263306e-02,-5.189816653728485107e-02,-5.856996402144432068e-02,-5.930368788540363312e-03
7.860000000000959552e+00,1.118245691541559728e+00,-1.128443604272476808e+00,-2.323520326442444439e+00,-9.465865131061970694e-02,-2.483133725431973526e-01,7.552175465978614444e-01,1.000000000000000000e+00,-1.065457388758659363e-01,-9.243719279766082764e-02,-7.720202952623367310e-02,-4.940631613135337830e-02,-6.083583831787109375e-02,-1.405758969485759735e-02
7.880000000000966232e+00,1.111722564327981333e+00,-1.132246703549776745e+00,-2.250980864697071038e+00,-9.035391584010055155e-02,-2.477991115601214378e-01,7.527064509067252773e-01,1.000000000000000000e+00,-1.079937443137168884e-01,-8.357456326484680176e-02,-7.512726634740829468e-02,-4.767655581235885620e-02,-6.321125477552413940e-02,-2.054272778332233429e-02
7.900000000000972911e+00,1.105970129009316016e+00,-1.136295976551764841e+00,-2.177944579260064017e+00,-8.652021392944179989e-02,-2.474648096201913505e-01,7.504701247921743423e-01,1.000000000000000000e+00,-1.110654175281524658e-01,-7.664028555154800415e-02,-7.514030486345291138e-02,-4.699290916323661804e-02,-6.551735848188400269e-02,-2.507584914565086365e-02
7.920000000000979590e+00,1.101117271460429592e+00,-1.140589090428093755e+00,-2.107045010585337330e+00,-8.252297353051389617e-02,-2.474676022918435025e-01,7.481384012261330652e-01,1.000000000000000000e+00,-1.159138232469558716e-01,-7.184256613254547119e-02,-7.706344127655029297e-02,-4.748455807566642761e-02,-6.750383228063583374e-02,-2.777229435741901398e-02
7.940000000000986269e+00,1.097191772797580400e+00,-1.145127887873364392e+00,-2.039904210153740571e+00,-7.786791259160860679e-02,-2.479135883505025340e-01,7.454229490117716406e-01,1.000000000000000000e+00,-1.222338974475860596e-01,-6.878555566072463989e-02,-8.049461245536804199e-02,-4.893592372536659241e-02,-6.888335943222045898e-02,-2.898156829178333282e-02
7.960000000000992948e+00,1.094144144770149207e+00,-1.149886183872512291e+00,-1.976844454663238881e+00,-7.263475407871584910e-02,-2.487756546964292881e-01,7.423702732125841974e-01,1.000000000000000000e+00,-1.289052218198776245e-01,-6.654396653175354004e-02,-8.457005023956298828e-02,-5.061572417616844177e-02,-6.945484876632690430e-02,-2.922993525862693787e-02
7.980000000000999627e+00,1.091872112779558979e+00,-1.154800156511154530e+00,-1.916820124161711103e+00,-6.780364329919656707e-02,-2.498320579998956903e-01,7.395521252578646232e-01,1.000000000000000000e+00,-1.342650651931762695e-01,-6.374002993106842041e-02,-8.789236843585968018e-02,-5.142336338758468628e-02,-6.940079480409622192e-02,-2.927715331315994263e-02
8.000000000001005418e+00,1.090267864708134082e+00,-1.159778054743775488e+00,-1.857868354925495957e+00,-6.515115771144396051e-02,-2.506893587759486675e-01,7.380048419983422647e-01,1.000000000000000000e+00,-1.370344460010528564e-01,-5.919338017702102661e-02,-8.908116817474365234e-02,-5.052893981337547302e-02,-6.920464336872100830e-02,-2.980835549533367157e-02
8.020000000000994334e+00,1.089282688631272089e+00,-1.164732446302007451e+00,-1.798200609340155465e+00,-6.661942119876947122e-02,-2.509263752523607782e-01,7.388613290326154770e-01,1.000000000000000000e+00,-1.371674388647079468e-01,-5.285325646400451660e-02,-8.774904906749725342e-02,-4.804965481162071228e-02,-6.919140368700027466e-02,-3.102023340761661530e-02
8.040000000000983249e+00,1.088973223230856435e+00,-1.169633883503709448e+00,-1.737722207687582232e+00,-7.354324903244524592e-02,-2.502822403799767059e-01,7.429002286022596824e-01,1.000000000000000000e+00,-1.361788660287857056e-01,-4.615442827343940735e-02,-8.527824282646179199e-02,-4.525251314043998718e-02,-6.926354765892028809e-02,-3.246019035577774048e-02
8.060000000000972165e+00,1.089490687376711398e+00,-1.174565046751938624e+00,-1.679304655652663847e+00,-8.627538955771717200e-02,-2.487524538357133164e-01,7.503273105753349714e-01,1.000000000000000000e+00,-1.369801312685012817e-01,-4.154867678880691528e-02,-8.478671312332153320e-02,-4.430915415287017822e-02,-6.892520189285278320e-02,-3.313285112380981445e-02
8.080000000000961080e+00,1.090995006938315637e+00,-1.179754319813848706e+00,-1.629088651127950760e+00,-1.043109581828089993e-01,-2.465478413843335270e-01,7.608480589399718719e-01,1.000000000000000000e+00,-1.431642174720764160e-01,-4.172584414482116699e-02,-9.040487557649612427e-02,-4.789925739169120789e-02,-6.724788248538970947e-02,-3.170895203948020935e-02
8.100000000000949996e+00,1.093565585796544060e+00,-1.185484833739414157e+00,-1.595022751102481928e+00,-1.247920362873531086e-01,-2.443361376447425459e-01,7.727953545009559333e-01,1.000000000000000000e+00,-1.564481258392333984e-01,-4.864117503166198730e-02,-1.053402572870254517e-01,-5.786721408367156982e-02,-6.266482174396514893e-02,-2.647307887673377991e-02
8.120000000000938911e+00,1.097064179076807644e+00,-1.191851290072439395e+00,-1.581860140738239329e+00,-1.404793669247659527e-01,-2.434328635639874949e-01,7.819462973727800970e-01,1.000000000000000000e+00,-1.695196032524108887e-01,-6.059801205992698669e-02,-1.246937364339828491e-01,-6.954421848058700562e-02,-5.307849869132041931e-02,-1.538470573723316193e-02
8.140000000000927827e+00,1.101035287834863707e+00,-1.198508210844609234e+00,-1.585606105541498279e+00,-1.461918534141336268e-01,-2.445672963157614621e-01,7.852785811582445596e-01,1.000000000000000000e+00,-1.728036701679229736e-01,-6.964516639709472656e-02,-1.368429958820343018e-01,-7.508355379104614258e-02,-4.054328054189682007e-02,-2.125368453562259674e-03
8.160000000000916742e+00,1.104952400594269912e+00,-1.204864158571169686e+00,-1.595487726487063496e+00,-1.447586169814424062e-01,-2.469794726430700749e-01,7.844425265725080143e-01,1.000000000000000000e+00,-1.706224679946899414e-01,-7.060863077640533447e-02,-1.383550167083740234e-01,-7.544572651386260986e-02,-3.443389758467674255e-02,3.505453700199723244e-03
8.180000000000905658e+00,1.108578705680302479e+00,-1.210537905025743211e+00,-1.603195590809600501e+00,-1.440117014179556898e-01,-2.491126731655466109e-01,7.840068258271407631e-01,1.000000000000000000e+00,-1.693844646215438843e-01,-6.755401939153671265e-02,-1.344853043556213379e-01,-7.535713911056518555e-02,-3.547267988324165344e-02,1.063202042132616043e-03
8.200000000000894573e+00,1.112066181501671025e+00,-1.215587091036583356e+00,-1.609246498097371525e+00,-1.505131850275608918e-01,-2.497625954097698886e-01,7.877993579327438045e-01,1.000000000000000000e+00,-1.717129945755004883e-01,-6.735171377658843994e-02,-1.321882158517837524e-01,-7.888278365135192871e-02,-3.876139968633651733e-02,-4.049018025398254395e-03
8.220000000000883489e+00,1.115739930021827142e+00,-1.220420321025661003e+00,-1.621316085041556221e+00,-1.652312708453153589e-01,-2.488905737829512910e-01,7.963849079931005770e-01,1.000000000000000000e+00,-1.760818064212799072e-01,-7.314603775739669800e-02,-1.357524096965789795e-01,-8.587789535522460938e-02,-3.814383596181869507e-02,-4.744497593492269516e-03
8.240000000000872404e+00,1.119809823488687295e+00,-1.225447208841300650e+00,-1.647265763215764345e+00,-1.831225409408415716e-01,-2.475764328837865014e-01,8.068214822154908816e-01,1.000000000000000000e+00,-1.787790656089782715e-01,-8.342008292675018311e-02,-1.441711485385894775e-01,-9.216853976249694824e-02,-3.043132275342941284e-02,4.037389997392892838e-03
8.260000000000861320e+00,1.124194265053779951e+00,-1.230748651769224988e+00,-1.689164281635586962e+00,-1.984899286661283013e-01,-2.468572554172144551e-01,8.157857917219081267e-01,1.000000000000000000e+00,-1.779513359069824219e-01,-9.367458522319793701e-02,-1.520006358623504639e-01,-9.377375990152359009e-02,-1.991661079227924347e-02,1.892246678471565247e-02
8.280000000000850235e+00,1.128601595888101716e+00,-1.236085620746378400e+00,-1.743310592893310806e+00,-2.088351790853374135e-01,-2.470443571736039290e-01,8.218205211331134352e-01,1.000000000000000000e+00,-1.768931299448013306e-01,-1.009812131524085999e-01,-1.557055264711380005e-01,-9.295769035816192627e-02,-1.371099799871444702e-02,3.079991601407527924e-02
8.300000000000839151e+00,1.132744155320871249e+00,-1.241221796342699690e+00,-1.804979275131525007e+00,-2.172200651613435674e-01,-2.474730386383718894e-01,8.267117046774503653e-01,1.000000000000000000e+00,-1.781424134969711304e-01,-1.081474050879478455e-01,-1.582503914833068848e-01,-9.475528448820114136e-02,-1.063298992812633514e-02,3.805867582559585571e-02
8.320000000000828067e+00,1.136506983816485850e+00,-1.246115514280216274e+00,-1.872773361419451055e+00,-2.286489824810081506e-01,-2.472417781199728881e-01,8.333785731139213837e-01,1.000000000000000000e+00,-1.823924034833908081e-01,-1.202992126345634460e-01,-1.634024977684020996e-01,-1.012490242719650269e-01,-8.187402039766311646e-03,4.437186568975448608e-02
8.340000000000816982e+00,1.139879828936788631e+00,-1.250822013788985387e+00,-1.947799200496910466e+00,-2.434172380783181378e-01,-2.463300244942651096e-01,8.419933888790188670e-01,1.000000000000000000e+00,-1.858158111572265625e-01,-1.367543488740921021e-01,-1.696555316448211670e-01,-1.094286367297172546e-01,-4.965218249708414078e-03,5.333717539906501770e-02
8.360000000000805898e+00,1.142767957970936665e+00,-1.255284708089581258e+00,-2.029536944946208177e+00,-2.573531558032903788e-01,-2.454251554421768566e-01,8.501226742185860052e-01,1.000000000000000000e+00,-1.860224902629852295e-01,-1.513700634241104126e-01,-1.736543774604797363e-01,-1.148257255554199219e-01,-1.893637119792401791e-03,6.390321254730224609e-02
8.380000000000794813e+00,1.144965408701433152e+00,-1.259367810474560923e+00,-2.114803189076245982e+00,-2.670151007038961688e-01,-2.450119970824627680e-01,8.557588087439393920e-01,1.000000000000000000e+00,-1.854135394096374512e-01,-1.604090332984924316e-01,-1.750568449497222900e-01,-1.166963651776313782e-01,-3.919893060810863972e-04,7.205715775489807129e-02
8.400000000000783729e+00,1.146322605743642198e+00,-1.263004098722126933e+00,-2.200034035543922073e+00,-2.723394733835342030e-01,-2.450345764017417827e-01,8.588646928070615694e-01,1.000000000000000000e+00,-1.853161156177520752e-01,-1.656835824251174927e-01,-1.754793822765350342e-01,-1.171202957630157471e-01,2.569148200564086437e-04,7.747794687747955322e-02
8.420000000000772644e+00,1.146819860844834782e+00,-1.266210929282951536e+00,-2.283383441942797631e+00,-2.751002248342743206e-01,-2.451978925444489865e-01,8.604751311533266334e-01,1.000000000000000000e+00,-1.854914128780364990e-01,-1.699240058660507202e-01,-1.759417802095413208e-01,-1.176251471042633057e-01,7.305193576030433178e-04,8.147482573986053467e-02
8.440000000000761560e+00,1.146511930870969254e+00,-1.269019468789522431e+00,-2.364735192265345010e+00,-2.765711537823831168e-01,-2.453193940040102328e-01,8.613331730397234542e-01,1.000000000000000000e+00,-1.852369904518127441e-01,-1.741437315940856934e-01,-1.763021200895309448e-01,-1.184271499514579773e-01,1.069588586688041687e-03,8.472671359777450562e-02
8.460000000000750475e+00,1.145442097015773042e+00,-1.271426585469148218e+00,-2.444403672528040694e+00,-2.768179136467777135e-01,-2.454036433809829720e-01,8.614771162939536264e-01,1.000000000000000000e+00,-1.839878559112548828e-01,-1.779236495494842529e-01,-1.759167909622192383e-01,-1.190819591283798218e-01,1.151547417975962162e-03,8.731469511985778809e-02
8.480000000000739391e+00,1.143608566284917138e+00,-1.273413811375610383e+00,-2.522067707781320944e+00,-2.754092492205975629e-01,-2.455174886994760941e-01,8.606553953786818534e-01,1.000000000000000000e+00,-1.817651689052581787e-01,-1.806235164403915405e-01,-1.744636893272399902e-01,-1.192358285188674927e-01,8.724944782443344593e-04,8.905938267707824707e-02
8.500000000000728306e+00,1.140990150931938896e+00,-1.274985896006010755e+00,-2.596670342622874106e+00,-2.721693385883531269e-01,-2.456836095927627528e-01,8.587654475098726037e-01,1.000000000000000000e+00,-1.789980679750442505e-01,-1.822295784950256348e-01,-1.721222400665283203e-01,-1.189444810152053833e-01,1.145264104707166553e-04,8.979047089815139771e-02
8.520000000000717222e+00,1.137581417078155521e+00,-1.276187414969098377e+00,-2.666907796968088551e+00,-2.672643170761203057e-01,-2.458804554258654518e-01,8.559041849610701247e-01,1.000000000000000000e+00,-1.760283261537551880e-01,-1.830915510654449463e-01,-1.691286265850067139e-01,-1.183782517910003662e-01,-1.303755096159875393e-03,8.937472105026245117e-02
8.540000000000706137e+00,1.133404683145862402e+00,-1.277095933933326322e+00,-2.731606530160628932e+00,-2.609223817580405558e-01,-2.460903264635159460e-01,8.522047226921902752e-01,1.000000000000000000e+00,-1.729110181331634521e-01,-1.834250986576080322e-01,-1.655065268278121948e-01,-1.175170019268989563e-01,-3.657418070361018181e-03,8.759901672601699829e-02
8.560000000000695053e+00,1.128510121543170541e+00,-1.277764012772929725e+00,-2.789638576681136684e+00,-2.533796827882630609e-01,-2.462982227716327410e-01,8.478048149598200744e-01,1.000000000000000000e+00,-1.693545877933502197e-01,-1.831179708242416382e-01,-1.610006541013717651e-01,-1.160537898540496826e-01,-7.321560755372047424e-03,8.408650755882263184e-02
8.580000000000683968e+00,1.122936855872624040e+00,-1.278193699612166778e+00,-2.839878236210793716e+00,-2.448190878711490881e-01,-2.464848635034522784e-01,8.428111345915035857e-01,1.000000000000000000e+00,-1.646807342767715454e-01,-1.817246228456497192e-01,-1.550485640764236450e-01,-1.134259924292564392e-01,-1.267811562865972519e-02,7.830929756164550781e-02
8.600000000000672884e+00,1.116708508050534565e+00,-1.278415333685431809e+00,-2.880978375585911966e+00,-2.355612151806647236e-01,-2.466085796431445321e-01,8.374107088553877087e-01,1.000000000000000000e+00,-1.582555323839187622e-01,-1.788741350173950195e-01,-1.472927480936050415e-01,-1.091610640287399292e-01,-1.955357752740383148e-02,7.014776766300201416e-02
8.620000000000661800e+00,1.109871814895427189e+00,-1.278496806669730423e+00,-2.911499493317998510e+00,-2.259564540373912855e-01,-2.466336557087462078e-01,8.318079315218115388e-01,1.000000000000000000e+00,-1.501228511333465576e-01,-1.747535318136215210e-01,-1.383903473615646362e-01,-1.031869798898696899e-01,-2.657601051032543182e-02,6.101081520318984985e-02
8.640000000000650715e+00,1.102516133889205996e+00,-1.278509466890351831e+00,-2.930526538315630702e+00,-2.163010770928688875e-01,-2.465420326708059329e-01,8.261756283041734594e-01,1.000000000000000000e+00,-1.411588490009307861e-01,-1.696036159992218018e-01,-1.297584474086761475e-01,-9.562923014163970947e-02,-3.226490318775177002e-02,5.323134362697601318e-02
8.660000000000639631e+00,1.094770468672527475e+00,-1.278523725252554755e+00,-2.937966299187649621e+00,-2.070509766957669417e-01,-2.462980372945048346e-01,8.207797364058639911e-01,1.000000000000000000e+00,-1.322603523731231689e-01,-1.631840169429779053e-01,-1.220665648579597473e-01,-8.673655986785888672e-02,-3.667685016989707947e-02,4.737589508295059204e-02
8.680000000000628546e+00,1.086766754291224268e+00,-1.278605836376626392e+00,-2.934440806707408367e+00,-1.984889499394529577e-01,-2.458968947738344735e-01,8.157852207980141879e-01,1.000000000000000000e+00,-1.242851093411445618e-01,-1.557294577360153198e-01,-1.152606680989265442e-01,-7.774303108453750610e-02,-4.028793051838874817e-02,4.255193099379539490e-02
8.700000000000617462e+00,1.078626898929095468e+00,-1.278798697052792921e+00,-2.921252625720395013e+00,-1.903130512756677217e-01,-2.454259405439797315e-01,8.110159465774727794e-01,1.000000000000000000e+00,-1.181863024830818176e-01,-1.485105305910110474e-01,-1.095997318625450134e-01,-7.039043307304382324e-02,-4.322289302945137024e-02,3.808203339576721191e-02
8.720000000000606377e+00,1.070464961698415429e+00,-1.279101011177377067e+00,-2.900192492328104166e+00,-1.817942384308907089e-01,-2.450320330899962984e-01,8.060466390846862117e-01,1.000000000000000000e+00,-1.141394749283790588e-01,-1.425565481185913086e-01,-1.053348630666732788e-01,-6.542344391345977783e-02,-4.552984982728958130e-02,3.370033949613571167e-02
8.740000000000595293e+00,1.062374735850055707e+00,-1.279477286085849208e+00,-2.872894432605919590e+00,-1.722146753946738329e-01,-2.448483856677038106e-01,8.004585606468930248e-01,1.000000000000000000e+00,-1.116357520222663879e-01,-1.378821134567260742e-01,-1.022230908274650574e-01,-6.248812749981880188e-02,-4.738324880599975586e-02,2.932077832520008087e-02
8.760000000000584208e+00,1.054397330578414449e+00,-1.279918239973705685e+00,-2.840074847869789032e+00,-1.612121564129723739e-01,-2.449455723595133361e-01,7.940404245742338496e-01,1.000000000000000000e+00,-1.100295856595039368e-01,-1.336125731468200684e-01,-9.955159574747085571e-02,-6.068590655922889709e-02,-4.908218979835510254e-02,2.472658827900886536e-02
8.780000000000573124e+00,1.046501205873038076e+00,-1.280466431339594813e+00,-2.801305903635466166e+00,-1.490058351620694999e-01,-2.452926738872233392e-01,7.869200705112071592e-01,1.000000000000000000e+00,-1.087703853845596313e-01,-1.284410506486892700e-01,-9.641551971435546875e-02,-5.908865109086036682e-02,-5.089958757162094116e-02,1.934565603733062744e-02
8.800000000000562039e+00,1.038613096607054365e+00,-1.281197236554282748e+00,-2.755413749030100057e+00,-1.364815722163774392e-01,-2.457414859497376314e-01,7.796142504595534595e-01,1.000000000000000000e+00,-1.074718013405799866e-01,-1.212823688983917236e-01,-9.209267795085906982e-02,-5.706434696912765503e-02,-5.292123928666114807e-02,1.251110807061195374e-02
8.820000000000550955e+00,1.030683374549339115e+00,-1.282189630793151736e+00,-2.701291695946875571e+00,-1.250698419211166978e-01,-2.460504274974700256e-01,7.729574077873180293e-01,1.000000000000000000e+00,-1.060573980212211609e-01,-1.119200065732002258e-01,-8.654221892356872559e-02,-5.441885441541671753e-02,-5.506857484579086304e-02,4.099682904779911041e-03
8.840000000000539870e+00,1.022757753771422529e+00,-1.283503300681277270e+00,-2.638850653903880961e+00,-1.163094894959330883e-01,-2.459702517082325846e-01,7.678472022059609214e-01,1.000000000000000000e+00,-1.048884168267250061e-01,-1.012948527932167053e-01,-8.075983077287673950e-02,-5.146063491702079773e-02,-5.724946036934852600e-02,-4.980866797268390656e-03
8.860000000000528786e+00,1.015014213556110878e+00,-1.285177103918318631e+00,-2.569547390944448839e+00,-1.111786807382333098e-01,-2.453743273792371449e-01,7.648542304306360506e-01,1.000000000000000000e+00,-1.045412123203277588e-01,-9.076876938343048096e-02,-7.614548504352569580e-02,-4.875283315777778625e-02,-5.949500948190689087e-02,-1.336537580937147141e-02
8.880000000000517701e+00,1.007711318776201681e+00,-1.287244881595361434e+00,-2.496135316347426691e+00,-1.096779605643770222e-01,-2.443290190153977193e-01,7.639788103292198818e-01,1.000000000000000000e+00,-1.054476946592330933e-01,-8.142277598381042480e-02,-7.350459694862365723e-02,-4.674883931875228882e-02,-6.182320788502693176e-02,-2.010170184075832367e-02
8.900000000000506617e+00,1.001088469232473521e+00,-1.289744367773775213e+00,-2.421894288372348214e+00,-1.108177285259347028e-01,-2.430767242445798226e-01,7.646436749734618621e-01,1.000000000000000000e+00,-1.079991459846496582e-01,-7.406924664974212646e-02,-7.303778827190399170e-02,-4.580000042915344238e-02,-6.410687416791915894e-02,-2.480924315750598907e-02
8.920000000000495533e+00,9.952938332290472978e-01,-1.292712682890897247e+00,-2.349775813119228118e+00,-1.128572470671476147e-01,-2.419730680163406922e-01,7.658333941225027308e-01,1.000000000000000000e+00,-1.125629469752311707e-01,-6.901975721120834351e-02,-7.468767464160919189e-02,-4.616047814488410950e-02,-6.612820178270339966e-02,-2.758851088583469391e-02
8.940000000000484448e+00,9.903714502295315469e-01,-1.296167427107995707e+00,-2.281792172106438699e+00,-1.137024797958164496e-01,-2.414062712569899904e-01,7.663264465475595477e-01,1.000000000000000000e+00,-1.190096065402030945e-01,-6.602222472429275513e-02,-7.818140834569931030e-02,-4.776545614004135132e-02,-6.754653900861740112e-02,-2.876942791044712067e-02
8.960000000000473364e+00,9.862873146386934575e-01,-1.300076802609494653e+00,-2.218620501184696447e+00,-1.116059522460112058e-01,-2.416748154942509053e-01,7.651034721435064911e-01,1.000000000000000000e+00,-1.262355595827102661e-01,-6.427930295467376709e-02,-8.273455500602722168e-02,-4.994690418243408203e-02,-6.806474924087524414e-02,-2.886142767965793610e-02
8.980000000000462279e+00,9.829506030494009616e-01,-1.304352173426889472e+00,-2.159397452963558894e+00,-1.059969909396440146e-01,-2.428525023419505491e-01,7.618315780481256239e-01,1.000000000000000000e+00,-1.324235349893569946e-01,-6.235373392701148987e-02,-8.688247203826904297e-02,-5.149118229746818542e-02,-6.786844134330749512e-02,-2.866357378661632538e-02
9.000000000000451195e+00,9.802580782976293428e-01,-1.308865945064649150e+00,-2.102059113841343585e+00,-9.801618355682975570e-02,-2.447010892768179957e-01,7.571761070748173061e-01,1.000000000000000000e+00,-1.360773891210556030e-01,-5.877972021698951721e-02,-8.900383114814758301e-02,-5.134005472064018250e-02,-6.755059212446212769e-02,-2.893857471644878387e-02
9.020000000000440110e+00,9.781565218670605910e-01,-1.313499353150064719e+00,-2.044405236126756620e+00,-9.035283945225806856e-02,-2.466960760777150707e-01,7.527058230138171657e-01,1.000000000000000000e+00,-1.369171440601348877e-01,-5.315064638853073120e-02,-8.835462480783462524e-02,-4.937460273504257202e-02,-6.752461194992065430e-02,-2.997788973152637482e-02
9.040000000000429026e+00,9.766857442888163821e-01,-1.318211355974510335e+00,-1.985707197176257210e+00,-8.651801344375119329e-02,-2.481591631481021576e-01,7.504688411755214839e-01,1.000000000000000000e+00,-1.361957639455795288e-01,-4.665292054414749146e-02,-8.599077910184860229e-02,-4.667326807975769043e-02,-6.771826744079589844e-02,-3.141975402832031250e-02
9.060000000000417941e+00,9.759649092385762614e-01,-1.323094551601507352e+00,-1.928142022724424587e+00,-9.000718820568343048e-02,-2.484329372188463503e-01,7.525041931199819567e-01,1.000000000000000000e+00,-1.365488022565841675e-01,-4.164288192987442017e-02,-8.482626080513000488e-02,-4.527426511049270630e-02,-6.762233376502990723e-02,-3.230953216552734375e-02
9.080000000000406857e+00,9.761070499109933962e-01,-1.328389104032807744e+00,-1.877239205709913206e+00,-1.039441822415201055e-01,-2.469787115939673927e-01,7.606341063075533482e-01,1.000000000000000000e+00,-1.413398236036300659e-01,-4.076838865876197815e-02,-8.880955725908279419e-02,-4.771298542618751526e-02,-6.635097414255142212e-02,-3.135713934898376465e-02
9.100000000000395772e+00,9.771333864256069868e-01,-1.334397500289514538e+00,-1.840689931071319174e+00,-1.290799393275274543e-01,-2.438132807214796471e-01,7.752966312743909683e-01,1.000000000000000000e+00,-1.526892036199569702e-01,-4.608349874615669250e-02,-1.013162359595298767e-01,-5.602794140577316284e-02,-6.251363456249237061e-02,-2.699800021946430206e-02
9.120000000000384688e+00,9.789293085028212271e-01,-1.341237859988526404e+00,-1.824055859832088178e+00,-1.583549654177370813e-01,-2.403570414636053421e-01,7.923737298270132623e-01,1.000000000000000000e+00,-1.655438840389251709e-01,-5.675752088427543640e-02,-1.194075569510459900e-01,-6.726512312889099121e-02,-5.421509221196174622e-02,-1.744613237679004669e-02
9.140000000000373603e+00,9.811733988386104333e-01,-1.348578937697751723e+00,-1.825286270167241875e+00,-1.784671754383691800e-01,-2.388525563744682279e-01,8.041058523390486323e-01,1.000000000000000000e+00,-1.703177094459533691e-01,-6.641313433647155762e-02,-1.326358467340469360e-01,-7.366956770420074463e-02,-4.207907617092132568e-02,-4.661971703171730042e-03
9.160000000000362519e+00,9.835055020508869372e-01,-1.355766318826672645e+00,-1.835051406800972673e+00,-1.840718127907940427e-01,-2.399168171003318306e-01,8.073752241279631425e-01,1.000000000000000000e+00,-1.688221544027328491e-01,-6.894390285015106201e-02,-1.360622197389602661e-01,-7.481736689805984497e-02,-3.444534540176391602e-02,2.446604426950216293e-03
9.180000000000351434e+00,9.857430713666139876e-01,-1.362321365508308624e+00,-1.844671104141972329e+00,-1.811022297711914475e-01,-2.423665192121792766e-01,8.056429673665282953e-01,1.000000000000000000e+00,-1.674656420946121216e-01,-6.700140982866287231e-02,-1.334792077541351318e-01,-7.490106672048568726e-02,-3.396344557404518127e-02,1.779085956513881683e-03
9.200000000000340350e+00,9.879610921471483342e-01,-1.368232563658946521e+00,-1.852966661353792288e+00,-1.809362238270049994e-01,-2.442194741325470209e-01,8.055461305657528603e-01,1.000000000000000000e+00,-1.690792441368103027e-01,-6.654565036296844482e-02,-1.311739385128021240e-01,-7.792031764984130859e-02,-3.639230877161026001e-02,-2.295824233442544937e-03
9.220000000000329266e+00,9.903461463928124875e-01,-1.373886080785761354e+00,-1.865967538788273483e+00,-1.908434816442732829e-01,-2.442670713178507202e-01,8.113253642924926901e-01,1.000000000000000000e+00,-1.728469282388687134e-01,-7.127630710601806641e-02,-1.336755454540252686e-01,-8.438831567764282227e-02,-3.611037880182266235e-02,-3.406629431992769241e-03
9.240000000000318181e+00,9.930164687600273599e-01,-1.379722313441865023e+00,-1.891189265962680777e+00,-2.091406990405216548e-01,-2.429361036841329313e-01,8.219987411069709093e-01,1.000000000000000000e+00,-1.757529526948928833e-01,-8.071593195199966431e-02,-1.410754024982452393e-01,-9.088521450757980347e-02,-2.967668510973453522e-02,3.529510693624615669e-03
9.260000000000307097e+00,9.959177951777378190e-01,-1.385871062556303546e+00,-1.931708964704282883e+00,-2.280118684528685269e-01,-2.416430996433107381e-01,8.330069232641732491e-01,1.000000000000000000e+00,-1.756549924612045288e-01,-9.108809381723403931e-02,-1.489556729793548584e-01,-9.349010139703750610e-02,-1.988793723285198212e-02,1.695737987756729126e-02
9.280000000000296012e+00,9.988643091865003765e-01,-1.392104412318673656e+00,-1.985116756415791439e+00,-2.406439923886661558e-01,-2.414549403501494718e-01,8.403756622267218868e-01,1.000000000000000000e+00,-1.750665754079818726e-01,-9.930537641048431396e-02,-1.535538434982299805e-01,-9.344130009412765503e-02,-1.340964343398809433e-02,2.906612493097782135e-02
9.300000000000284928e+00,1.001638395351251098e+00,-1.398132831669087306e+00,-2.047089892310462123e+00,-2.475218683370814243e-01,-2.421570307333301975e-01,8.443877565299641175e-01,1.000000000000000000e+00,-1.761878430843353271e-01,-1.069150194525718689e-01,-1.564409285783767700e-01,-9.511651843786239624e-02,-1.006512809544801712e-02,3.714384883642196655e-02
9.320000000000273843e+00,1.004100568691911777e+00,-1.403840357614074552e+00,-2.115426100094714990e+00,-2.557550122828983197e-01,-2.425056172766729967e-01,8.491904238316906328e-01,1.000000000000000000e+00,-1.795435845851898193e-01,-1.181428506970405579e-01,-1.609245240688323975e-01,-1.007257923483848572e-01,-7.549994625151157379e-03,4.382320865988731384e-02
9.340000000000262759e+00,1.006193533266685369e+00,-1.409242049249789908e+00,-2.190282637641974173e+00,-2.690468166122365612e-01,-2.418938661300280291e-01,8.569439763571379265e-01,1.000000000000000000e+00,-1.825279742479324341e-01,-1.332521438598632812e-01,-1.665491014719009399e-01,-1.081618368625640869e-01,-4.568228498101234436e-03,5.242264643311500549e-02
9.360000000000251674e+00,1.007854363501816009e+00,-1.414273988665911475e+00,-2.271159292626062864e+00,-2.839451545431849744e-01,-2.408831792297271290e-01,8.656346734835245194e-01,1.000000000000000000e+00,-1.830242723226547241e-01,-1.474457234144210815e-01,-1.706080436706542969e-01,-1.135472208261489868e-01,-1.678002881817519665e-03,6.257784366607666016e-02
9.380000000000240590e+00,1.008954609381236711e+00,-1.418783208972068444e+00,-2.355577401132893822e+00,-2.953050523449771703e-01,-2.402403970137504396e-01,8.722612805345699716e-01,1.000000000000000000e+00,-1.826192438602447510e-01,-1.569777727127075195e-01,-1.723775118589401245e-01,-1.157704442739486694e-01,-9.709587175166234374e-05,7.088358700275421143e-02
9.400000000000229505e+00,1.009382252159911175e+00,-1.422671700282655216e+00,-2.440484559451623792e+00,-3.011795407271520286e-01,-2.402091556005845618e-01,8.756880654241719908e-01,1.000000000000000000e+00,-1.824929565191268921e-01,-1.627893894910812378e-01,-1.730189919471740723e-01,-1.164117306470870972e-01,6.273596081882715225e-04,7.660424709320068359e-02
9.420000000000218421e+00,1.009103429746140090e+00,-1.425936923519030231e+00,-2.524021218467653149e+00,-3.029244690197546719e-01,-2.405579391962976987e-01,8.767059402615234864e-01,1.000000000000000000e+00,-1.825718134641647339e-01,-1.672676056623458862e-01,-1.735066473484039307e-01,-1.169377788901329041e-01,1.111003453843295574e-03,8.080228418111801147e-02
9.440000000000207336e+00,1.008144684460502871e+00,-1.428612661402226536e+00,-2.605776699979962530e+00,-3.026929772342517033e-01,-2.409659863659976142e-01,8.765709033866467825e-01,1.000000000000000000e+00,-1.823333650827407837e-01,-1.715306788682937622e-01,-1.738660335540771484e-01,-1.176901087164878845e-01,1.428016112186014652e-03,8.417531102895736694e-02
9.460000000000196252e+00,1.006537745601906675e+00,-1.430708138134994201e+00,-2.685825721328171767e+00,-3.015396917574954538e-01,-2.412849385268534264e-01,8.758981535252056139e-01,1.000000000000000000e+00,-1.812828928232192993e-01,-1.753588169813156128e-01,-1.735867112874984741e-01,-1.183412000536918640e-01,1.480074948631227016e-03,8.685369789600372314e-02
9.480000000000185167e+00,1.004285035538623916e+00,-1.432209691465770263e+00,-2.763787456783823426e+00,-2.993354838215190328e-01,-2.415372392772696941e-01,8.746123655625527293e-01,1.000000000000000000e+00,-1.793528795242309570e-01,-1.782004386186599731e-01,-1.723363846540451050e-01,-1.185648813843727112e-01,1.174158765934407711e-03,8.868225663900375366e-02
9.500000000000174083e+00,1.001368313483159689e+00,-1.433117402202709556e+00,-2.838651939266908730e+00,-2.956557052095460381e-01,-2.417857790458590728e-01,8.724658280389018250e-01,1.000000000000000000e+00,-1.768560111522674561e-01,-1.799923479557037354e-01,-1.702097505331039429e-01,-1.183654665946960449e-01,3.893542161677032709e-04,8.948431909084320068e-02
9.520000000000162999e+00,9.977734474042547763e-01,-1.433470016088535637e+00,-2.909162984750367276e+00,-2.903351361326638735e-01,-2.420600414824660707e-01,8.693621627440538679e-01,1.000000000000000000e+00,-1.741057485342025757e-01,-1.810262203216552734e-01,-1.674059629440307617e-01,-1.178709790110588074e-01,-1.065300893969833851e-03,8.911251276731491089e-02
9.540000000000151914e+00,9.935032954115584625e-01,-1.433345174764014907e+00,-2.974162273085366959e+00,-2.834546465818710281e-01,-2.423635311257569258e-01,8.653485438394247220e-01,1.000000000000000000e+00,-1.711836457252502441e-01,-1.815035492181777954e-01,-1.639583408832550049e-01,-1.170542463660240173e-01,-3.463614033535122871e-03,8.735071122646331787e-02
9.560000000000140830e+00,9.885929235925645653e-01,-1.432807494996185316e+00,-3.032512108785927918e+00,-2.753192177282963726e-01,-2.426703165508680982e-01,8.606028770081728396e-01,1.000000000000000000e+00,-1.678100228309631348e-01,-1.813068687915802002e-01,-1.596143990755081177e-01,-1.156082674860954285e-01,-7.162720430642366409e-03,8.382905274629592896e-02
9.580000000000129745e+00,9.830790686961031755e-01,-1.431870666016624494e+00,-3.083047030423200496e+00,-2.662785667005231338e-01,-2.429360686518520773e-01,8.553291639086384457e-01,1.000000000000000000e+00,-1.632724553346633911e-01,-1.799725294113159180e-01,-1.537917107343673706e-01,-1.129520386457443237e-01,-1.252303831279277802e-02,7.804001867771148682e-02
9.600000000000118661e+00,9.769752880854308819e-01,-1.430571427306020826e+00,-3.124365393225308374e+00,-2.567873806397955039e-01,-2.430990218613619802e-01,8.497926387065473097e-01,1.000000000000000000e+00,-1.568967550992965698e-01,-1.771135330200195312e-01,-1.461222767829895020e-01,-1.085911467671394348e-01,-1.934227161109447479e-02,6.989624351263046265e-02
9.620000000000107576e+00,9.703087075259926308e-01,-1.428989453184660974e+00,-3.154970008559648154e+00,-2.472946090088330995e-01,-2.431088928244194980e-01,8.442551885884859164e-01,1.000000000000000000e+00,-1.487333327531814575e-01,-1.729099750518798828e-01,-1.372858285903930664e-01,-1.024823784828186035e-01,-2.620573714375495911e-02,6.082338467240333557e-02
9.640000000000096492e+00,9.631474523984403513e-01,-1.427217634379891020e+00,-3.173895601940972089e+00,-2.382794990661050716e-01,-2.429189481249795779e-01,8.389963744552279001e-01,1.000000000000000000e+00,-1.396205127239227295e-01,-1.675604581832885742e-01,-1.286501735448837280e-01,-9.475903213024139404e-02,-3.167445212602615356e-02,5.310029536485671997e-02
9.660000000000085407e+00,9.555957294099370891e-01,-1.425356855538884915e+00,-3.180987257680876201e+00,-2.304217129871088121e-01,-2.424586798084596984e-01,8.344126659091467557e-01,1.000000000000000000e+00,-1.303717195987701416e-01,-1.607908010482788086e-01,-1.207743659615516663e-01,-8.562013506889343262e-02,-3.590335324406623840e-02,4.720744490623474121e-02
9.680000000000074323e+00,9.477617333329508842e-01,-1.423504064280466608e+00,-3.176828991608280361e+00,-2.240216604486437446e-01,-2.417216337738768706e-01,8.306793019283754687e-01,1.000000000000000000e+00,-1.219328716397285461e-01,-1.529420167207717896e-01,-1.136255487799644470e-01,-7.637110352516174316e-02,-3.940001875162124634e-02,4.226189851760864258e-02
9.700000000000063238e+00,9.397574704577271731e-01,-1.421729946723869098e+00,-3.162797746970960500e+00,-2.184506408687086620e-01,-2.408469348447089819e-01,8.274295405067466636e-01,1.000000000000000000e+00,-1.154296770691871643e-01,-1.454424411058425903e-01,-1.076047569513320923e-01,-6.886084377765655518e-02,-4.226322472095489502e-02,3.767207637429237366e-02
9.720000000000052154e+00,9.317098222789192974e-01,-1.420058402514915219e+00,-3.140892275745260420e+00,-2.123075370377820181e-01,-2.400846058971875530e-01,8.238460632720394639e-01,1.000000000000000000e+00,-1.111621111631393433e-01,-1.394011676311492920e-01,-1.031258031725883484e-01,-6.386803835630416870e-02,-4.450792819261550903e-02,3.325026854872703552e-02
9.740000000000041069e+00,9.237417038502185873e-01,-1.418477611798777183e+00,-3.113011992592318755e+00,-2.040837482836272421e-01,-2.396885130337848002e-01,8.190488531654491755e-01,1.000000000000000000e+00,-1.087143868207931519e-01,-1.348943263292312622e-01,-1.000816896557807922e-01,-6.105101481080055237e-02,-4.628757759928703308e-02,2.898985520005226135e-02
9.760000000000029985e+00,9.159122196010103245e-01,-1.416991925428285448e+00,-3.080088155647056514e+00,-1.927990034158703903e-01,-2.398279178055570671e-01,8.124660853259243476e-01,1.000000000000000000e+00,-1.074320524930953979e-01,-1.310561895370483398e-01,-9.778621047735214233e-02,-5.948901548981666565e-02,-4.788734018802642822e-02,2.472573146224021912e-02
9.780000000000018900e+00,9.081812929165105075e-01,-1.415633540175979199e+00,-3.041770360701931519e+00,-1.785580601209177387e-01,-2.404964803828475439e-01,8.041588684038686319e-01,1.000000000000000000e+00,-1.066333875060081482e-01,-1.264895200729370117e-01,-9.522185474634170532e-02,-5.819040536880493164e-02,-4.958163201808929443e-02,1.985899172723293304e-02
9.800000000000007816e+00,9.004423556139229401e-01,-1.414451124474419341e+00,-2.996750358250351631e+00,-1.628263680783344769e-01,-2.414616583134002181e-01,7.949820480456950555e-01,1.000000000000000000e+00,-1.057345122098922729e-01,-1.199037805199623108e-01,-9.143945574760437012e-02,-5.642973631620407104e-02,-5.149999633431434631e-02,1.357051637023687363e-02
9.819999999999996732e+00,8.925972046970516161e-01,-1.413500038886595256e+00,-2.943566967889088115e+00,-1.482036580814878601e-01,-2.422936914145586706e-01,7.864521338808678763e-01,1.000000000000000000e+00,-1.044587716460227966e-01,-1.107873618602752686e-01,-8.609432727098464966e-02,-5.390346795320510864e-02,-5.361831560730934143e-02,5.461732856929302216e-03
9.839999999999985647e+00,8.846410085177583982e-01,-1.412840621774641647e+00,-2.881651065320852911e+00,-1.375962698699312592e-01,-2.425080857282333191e-01,7.802644907574598498e-01,1.000000000000000000e+00,-1.030454561114311218e-01,-9.988979250192642212e-02,-7.997588813304901123e-02,-5.083334445953369141e-02,-5.582476779818534851e-02,-3.752762917429208755e-03
9.859999999999974563e+00,8.767157235219951161e-01,-1.412550710679717714e+00,-2.812059482412214706e+00,-1.329453309993082755e-01,-2.418069048763824558e-01,7.775514430829297829e-01,1.000000000000000000e+00,-1.020915210247039795e-01,-8.868587017059326172e-02,-7.460186630487442017e-02,-4.778998345136642456e-02,-5.806692317128181458e-02,-1.257333811372518539e-02
9.879999999999963478e+00,8.690703929807053196e-01,-1.412732779048293530e+00,-2.737425682362195634e+00,-1.344173761629476049e-01,-2.402316008743600184e-01,7.784101360950527182e-01,1.000000000000000000e+00,-1.021418869495391846e-01,-7.850109040737152100e-02,-7.105243206024169922e-02,-4.530131816864013672e-02,-6.033832579851150513e-02,-1.977592334151268005e-02
9.899999999999952394e+00,8.619573185652524838e-01,-1.413497814355670013e+00,-2.661254544011112166e+00,-1.404039323029281916e-01,-2.381438764810109021e-01,7.819022938433747294e-01,1.000000000000000000e+00,-1.037873923778533936e-01,-7.035276293754577637e-02,-6.974528729915618896e-02,-4.382233321666717529e-02,-6.257198750972747803e-02,-2.482674829661846161e-02
9.919999999999941309e+00,8.555464908352883313e-01,-1.414939690226520330e+00,-2.586994033013813699e+00,-1.479609941661358952e-01,-2.361123574060951247e-01,7.863105799302458898e-01,1.000000000000000000e+00,-1.077093034982681274e-01,-6.473728269338607788e-02,-7.081502676010131836e-02,-4.378556832671165466e-02,-6.461705267429351807e-02,-2.779511921107769012e-02
9.939999999999930225e+00,8.499035115830776421e-01,-1.417108616493820250e+00,-2.517295776013083408e+00,-1.534053125764257008e-01,-2.347844606337892159e-01,7.894864323362482672e-01,1.000000000000000000e+00,-1.140979677438735962e-01,-6.163397803902626038e-02,-7.420950382947921753e-02,-4.537849873304367065e-02,-6.610386818647384644e-02,-2.898868732154369354e-02
9.959999999999919140e+00,8.450162331488400014e-01,-1.419980756095398977e+00,-2.453462207426503117e+00,-1.533312878547926639e-01,-2.347168665736157067e-01,7.894432512486290188e-01,1.000000000000000000e+00,-1.219758838415145874e-01,-6.048372387886047363e-02,-7.933047413825988770e-02,-4.811574891209602356e-02,-6.658892333507537842e-02,-2.886804193258285522e-02
9.979999999999908056e+00,8.408117399337208253e-01,-1.423448274310965989e+00,-2.395036228552208879e+00,-1.460809308000772522e-01,-2.361627028852641974e-01,7.852138763000450217e-01,1.000000000000000000e+00,-1.293568015098571777e-01,-5.984342098236083984e-02,-8.470439910888671875e-02,-5.071105062961578369e-02,-6.617897748947143555e-02,-2.825430780649185181e-02
9.999999999999896971e+00,8.371957749072846955e-01,-1.427341203977552819e+00,-2.339937927135557594e+00,-1.329853161340899537e-01,-2.388842896358861490e-01,7.775747677448857642e-01,1.000000000000000000e+00,-1.344048380851745605e-01,-5.785060301423072815e-02,-8.840491622686386108e-02,-5.178697407245635986e-02,-6.558095663785934448e-02,-2.802057750523090363e-02
