time,x,y,yaw,reward,yaw_rate,turn_radius,steady_state,action_0,action_1,action_2,action_3,action_4,action_5
2.000000000000001082e-02,5.998267731726220076e-01,1.883528183284799429e-03,-3.714915490935198628e-02,0.000000000000000000e+00,-3.282508395897109743e+00,2.881146000868683651e-02,0.000000000000000000e+00,-1.850922107696533203e-01,-1.411711126565933228e-01,-1.384310573339462280e-01,-7.121842354536056519e-02,-5.549004301428794861e-02,7.810201350366696715e-05
4.000000000000002859e-02,5.988638690402844356e-01,2.591518429983286076e-03,-8.614208680720872313e-02,0.000000000000000000e+00,-2.369096360640972954e+00,2.985971956429214758e-02,0.000000000000000000e+00,-5.351347103714942932e-02,-1.257815212011337280e-01,-1.289661377668380737e-01,-2.749164029955863953e-02,-1.596975512802600861e-02,2.382124541327357292e-03
6.000000000000004635e-02,5.978156885388256070e-01,3.460978174915640970e-04,-1.012477326191181526e-01,0.000000000000000000e+00,-1.599498542188917627e+00,2.304431185941410373e-02,0.000000000000000000e+00,-8.263556659221649170e-02,-1.268701702356338501e-01,-1.224873065948486328e-01,-8.891145884990692139e-02,-1.496368553489446640e-02,1.058149337768554688e-02
8.000000000000005718e-02,5.971580136593743759e-01,-2.259536745775336808e-03,-9.880915500053577549e-02,0.000000000000000000e+00,-1.123006544855458477e+00,4.041334958538375655e-02,0.000000000000000000e+00,-1.269714534282684326e-01,-1.314350068569183350e-01,-1.244440004229545593e-01,-8.899476379156112671e-02,-3.657043725252151489e-02,3.715121420100331306e-03
1.000000000000000749e-01,5.968139624728060477e-01,-3.449505765738991592e-03,-9.890891001266668980e-02,0.000000000000000000e+00,-9.433306083325379010e-01,4.977825103470337464e-02,0.000000000000000000e+00,-1.776555031538009644e-01,-1.417116522789001465e-01,-1.364260613918304443e-01,-6.610864400863647461e-02,-6.550785154104232788e-02,-1.543090119957923889e-02
1.200000000000000927e-01,5.964624787711999554e-01,-3.854153346572741778e-03,-9.887653967548039324e-02,0.000000000000000000e+00,-7.446862539439377260e-01,5.854251103305222609e-02,0.000000000000000000e+00,-1.641795933246612549e-01,-1.247486844658851624e-01,-1.271925717592239380e-01,-6.272643059492111206e-02,-5.163438990712165833e-02,-2.052859030663967133e-02
1.400000000000000966e-01,5.958632325820796272e-01,-4.584535812046985903e-03,-8.953530156530335737e-02,0.000000000000000000e+00,-5.448416085685201526e-01,8.095426461520066619e-02,0.000000000000000000e+00,-1.769306361675262451e-01,-1.110667511820793152e-01,-1.164760068058967590e-01,-8.148840069770812988e-02,-4.307219013571739197e-02,-1.510227192193269730e-02
1.600000000000001144e-01,5.950295608007392101e-01,-5.281818151806949579e-03,-7.844600195012267629e-02,0.000000000000000000e+00,-4.208234210809826958e-01,1.077171439230920208e-01,0.000000000000000000e+00,-1.992938369512557983e-01,-1.138243898749351501e-01,-1.197908148169517517e-01,-7.689626514911651611e-02,-4.609303548932075500e-02,-8.555014617741107941e-03
1.800000000000001321e-01,5.941233713894734647e-01,-5.167529562184636216e-03,-7.691116083171213591e-02,0.000000000000000000e+00,-3.997795542696648829e-01,1.087471440120682808e-01,0.000000000000000000e+00,-2.236977964639663696e-01,-1.242233440279960632e-01,-1.283994466066360474e-01,-6.431655585765838623e-02,-5.019126087427139282e-02,-1.444923400413244963e-04
2.000000000000001499e-01,5.932317876280682745e-01,-3.926528461561162864e-03,-8.875580244273133246e-02,0.000000000000000000e+00,-4.445668801725086716e-01,8.800391515843945800e-02,0.000000000000000000e+00,-2.404527515172958374e-01,-1.338374912738800049e-01,-1.367074400186538696e-01,-5.037549138069152832e-02,-4.954641684889793396e-02,8.608276955783367157e-03
2.200000000000001676e-01,5.923018625686986560e-01,-2.020629088317626998e-03,-1.071192164991282419e-01,0.000000000000000000e+00,-4.877875096043423619e-01,7.416521899538121299e-02,0.000000000000000000e+00,-2.420973330736160278e-01,-1.343863755464553833e-01,-1.379437297582626343e-01,-4.309889674186706543e-02,-4.332385957241058350e-02,1.522427238523960114e-02
2.400000000000001854e-01,5.912760909369104700e-01,-4.116455738428781430e-05,-1.235591785981192403e-01,0.000000000000000000e+00,-5.069584586510192947e-01,7.170217823102113808e-02,0.000000000000000000e+00,-2.442050576210021973e-01,-1.311546266078948975e-01,-1.355911493301391602e-01,-3.994649648666381836e-02,-4.131576791405677795e-02,1.728400588035583496e-02
2.600000000000001754e-01,5.901610185911442263e-01,1.882411130570804669e-03,-1.365594254485403281e-01,0.000000000000000000e+00,-5.154995188200836020e-01,7.474032299475184826e-02,0.000000000000000000e+00,-2.456332892179489136e-01,-1.308224499225616455e-01,-1.352068334817886353e-01,-3.519727289676666260e-02,-4.381405562162399292e-02,1.562015432864427567e-02
2.800000000000001932e-01,5.890000386424559808e-01,3.963684007354806305e-03,-1.503590816234979255e-01,0.000000000000000000e+00,-5.360311353660797140e-01,7.790260848921112813e-02,0.000000000000000000e+00,-2.450427412986755371e-01,-1.342651546001434326e-01,-1.375675946474075317e-01,-3.018373437225818634e-02,-4.635515436530113220e-02,1.415577996522188187e-02
3.000000000000002109e-01,5.878318739363993517e-01,6.553791351509186125e-03,-1.713013351605729984e-01,0.000000000000000000e+00,-5.871035318400160685e-01,7.846903764519647106e-02,0.000000000000000000e+00,-2.469319254159927368e-01,-1.410527080297470093e-01,-1.428752243518829346e-01,-2.385024167597293854e-02,-4.705083742737770081e-02,1.599074155092239380e-02
3.200000000000002287e-01,5.866559717721764322e-01,9.846340357233640539e-03,-2.032865656031622725e-01,0.000000000000000000e+00,-6.676310366465443291e-01,7.762301664042552118e-02,0.000000000000000000e+00,-2.478077858686447144e-01,-1.472924947738647461e-01,-1.482884734869003296e-01,-1.536469161510467529e-02,-4.480545222759246826e-02,2.100525982677936554e-02
3.400000000000002465e-01,5.854698508103313159e-01,1.365902927881873508e-02,-2.450675100933575323e-01,0.000000000000000000e+00,-7.621115922972877543e-01,7.696215281740888259e-02,0.000000000000000000e+00,-2.455177605152130127e-01,-1.502610146999359131e-01,-1.507509648799896240e-01,-8.688569068908691406e-03,-4.188877344131469727e-02,2.566836401820182800e-02
3.600000000000002642e-01,5.843200255750325978e-01,1.763220048537694762e-02,-2.931581183261567913e-01,0.000000000000000000e+00,-8.594047985373111098e-01,7.626621858371152030e-02,0.000000000000000000e+00,-2.427011281251907349e-01,-1.539352089166641235e-01,-1.530668735504150391e-01,-4.067968111485242844e-03,-4.124585166573524475e-02,2.789808437228202820e-02
3.800000000000002820e-01,5.832809715228990388e-01,2.144857485103257577e-02,-3.447640837721667184e-01,0.000000000000000000e+00,-9.530892187889796752e-01,7.508819934266497409e-02,0.000000000000000000e+00,-2.365473210811614990e-01,-1.594904065132141113e-01,-1.558561027050018311e-01,-8.825093391351401806e-04,-4.153868928551673889e-02,2.854787185788154602e-02
4.000000000000002998e-01,5.824212933489891775e-01,2.485673305497981822e-02,-3.976744305574584915e-01,0.000000000000000000e+00,-1.038618701653033938e+00,7.328124503486718733e-02,0.000000000000000000e+00,-2.256058156490325928e-01,-1.648277938365936279e-01,-1.572988033294677734e-01,-3.970827965531498194e-04,-4.132877662777900696e-02,2.889073267579078674e-02
4.200000000000003175e-01,5.817667592935709120e-01,2.769596104043708928e-02,-4.503880763881863980e-01,0.000000000000000000e+00,-1.114744702675045218e+00,7.082332804288390959e-02,0.000000000000000000e+00,-2.125749439001083374e-01,-1.687613129615783691e-01,-1.569128185510635376e-01,-2.305948175489902496e-03,-4.110587388277053833e-02,2.921665273606777191e-02
4.400000000000003353e-01,5.812753726602494231e-01,2.994518232730081220e-02,-5.027705182905148895e-01,0.000000000000000000e+00,-1.183929121012957886e+00,6.779716609058918098e-02,0.000000000000000000e+00,-2.008932679891586304e-01,-1.713906526565551758e-01,-1.557309329509735107e-01,-4.845019429922103882e-03,-4.131853953003883362e-02,2.915909700095653534e-02
4.600000000000003531e-01,5.808671729236194459e-01,3.167658264452977157e-02,-5.558904400600170881e-01,0.000000000000000000e+00,-1.249993364071023239e+00,6.435923519127492720e-02,0.000000000000000000e+00,-1.915128678083419800e-01,-1.736226081848144531e-01,-1.552603542804718018e-01,-7.808908820152282715e-03,-4.132118076086044312e-02,2.852525934576988220e-02
4.800000000000003708e-01,5.804697064881348956e-01,3.292123187050899347e-02,-6.107294706379535754e-01,0.000000000000000000e+00,-1.314369536740455091e+00,6.067302411008744512e-02,0.000000000000000000e+00,-1.830684393644332886e-01,-1.756260544061660767e-01,-1.556810885667800903e-01,-1.150356885045766830e-02,-4.051020368933677673e-02,2.739978395402431488e-02
5.000000000000003331e-01,5.800547214887207259e-01,3.358672682983193658e-02,-6.669858291362565916e-01,0.000000000000000000e+00,-1.375183271393532802e+00,5.681067381226893170e-02,0.000000000000000000e+00,-1.746091395616531372e-01,-1.770624667406082153e-01,-1.563121378421783447e-01,-1.618872396647930145e-02,-3.900985792279243469e-02,2.599269896745681763e-02
5.200000000000003508e-01,5.796367776930940741e-01,3.349486032383169887e-02,-7.231127318403456350e-01,0.000000000000000000e+00,-1.429161711981510985e+00,5.274617394351537730e-02,0.000000000000000000e+00,-1.660082191228866577e-01,-1.780858784914016724e-01,-1.567725092172622681e-01,-2.251007407903671265e-02,-3.734892606735229492e-02,2.434626221656799316e-02
5.400000000000003686e-01,5.792479247219712857e-01,3.245618830945373734e-02,-7.769460290780033640e-01,0.000000000000000000e+00,-1.472883716072211246e+00,4.843535130132128191e-02,0.000000000000000000e+00,-1.564140617847442627e-01,-1.785496920347213745e-01,-1.565377116203308105e-01,-3.084037266671657562e-02,-3.572871163487434387e-02,2.216375060379505157e-02
5.600000000000003864e-01,5.789398638363892902e-01,3.033161224562591629e-02,-8.261475889460028199e-01,0.000000000000000000e+00,-1.503349317629162130e+00,4.386169174052461511e-02,0.000000000000000000e+00,-1.453010588884353638e-01,-1.779103428125381470e-01,-1.549879014492034912e-01,-4.047129303216934204e-02,-3.423989191651344299e-02,1.915679872035980225e-02
5.800000000000004041e-01,5.787879069850067060e-01,2.710542131518917097e-02,-8.688246993356354420e-01,0.000000000000000000e+00,-1.519359274992883035e+00,3.905780138226905979e-02,0.000000000000000000e+00,-1.343193948268890381e-01,-1.761151999235153198e-01,-1.522698253393173218e-01,-4.951921477913856506e-02,-3.323639929294586182e-02,1.560057513415813446e-02
6.000000000000004219e-01,5.788489017824144378e-01,2.292162161214689187e-02,-9.042226344073363009e-01,0.000000000000000000e+00,-1.522127937595253000e+00,3.415093576418561094e-02,0.000000000000000000e+00,-1.254545748233795166e-01,-1.737923771142959595e-01,-1.492270529270172119e-01,-5.770119279623031616e-02,-3.268535435199737549e-02,1.197193004190921783e-02
6.200000000000004396e-01,5.790870845141010692e-01,1.799293158807274695e-02,-9.326619115061223209e-01,0.000000000000000000e+00,-1.513904759435113823e+00,2.939201549114747389e-02,0.000000000000000000e+00,-1.187132298946380615e-01,-1.711451262235641479e-01,-1.463477462530136108e-01,-6.603959947824478149e-02,-3.227632120251655579e-02,8.484778925776481628e-03
6.400000000000004574e-01,5.794743735802856399e-01,1.251509123772331922e-02,-9.545850665772669386e-01,0.000000000000000000e+00,-1.496058198466428291e+00,2.510780369541891488e-02,0.000000000000000000e+00,-1.134035661816596985e-01,-1.680332422256469727e-01,-1.436062008142471313e-01,-7.426913082599639893e-02,-3.197118639945983887e-02,5.204371176660060883e-03
6.600000000000004752e-01,5.799999033820751881e-01,6.614546209270155686e-03,-9.698173746447650290e-01,0.000000000000000000e+00,-1.468648902707677451e+00,2.173252763891991152e-02,0.000000000000000000e+00,-1.092393770813941956e-01,-1.642562597990036011e-01,-1.405980885028839111e-01,-8.222977817058563232e-02,-3.192442655563354492e-02,2.113766036927700043e-03
6.800000000000004929e-01,5.806832955816281228e-01,3.551695507904018001e-04,-9.774630772922986433e-01,0.000000000000000000e+00,-1.430835482086618926e+00,1.985673402837371745e-02,0.000000000000000000e+00,-1.058994531631469727e-01,-1.593872010707855225e-01,-1.366601586341857910e-01,-9.020173549652099609e-02,-3.238967433571815491e-02,-9.923137258738279343e-04
7.000000000000005107e-01,5.815876334548379933e-01,-6.232556775775943692e-03,-9.761995476260822979e-01,0.000000000000000000e+00,-1.381549475487075407e+00,2.010022787898148311e-02,0.000000000000000000e+00,-1.030488684773445129e-01,-1.528442800045013428e-01,-1.311623007059097290e-01,-9.842892736196517944e-02,-3.363772481679916382e-02,-4.460114054381847382e-03
7.200000000000005285e-01,5.828017346336752391e-01,-1.311668844243990550e-02,-9.648069490771897794e-01,0.000000000000000000e+00,-1.320393395699893890e+00,2.275135122262767623e-02,0.000000000000000000e+00,-1.008265763521194458e-01,-1.443091481924057007e-01,-1.240055486559867859e-01,-1.067986711859703064e-01,-3.570513799786567688e-02,-8.426353335380554199e-03
7.400000000000005462e-01,5.844089546940141044e-01,-2.022808434915057685e-02,-9.428777104271256482e-01,0.000000000000000000e+00,-1.248506050697223868e+00,2.764309716246146284e-02,0.000000000000000000e+00,-1.000180169939994812e-01,-1.343719065189361572e-01,-1.161471828818321228e-01,-1.146392822265625000e-01,-3.809973597526550293e-02,-1.242922525852918625e-02
7.600000000000005640e-01,5.864520692910129007e-01,-2.743018897810545198e-02,-9.113490226101275127e-01,0.000000000000000000e+00,-1.168821112305363341e+00,3.444033740217098544e-02,0.000000000000000000e+00,-1.016694158315658569e-01,-1.245483458042144775e-01,-1.091906577348709106e-01,-1.214642301201820374e-01,-4.012473300099372864e-02,-1.579383760690689087e-02
7.800000000000005818e-01,5.889084956295703721e-01,-3.453509682374905632e-02,-8.725424505821588461e-01,0.000000000000000000e+00,-1.085588123039265218e+00,4.283687925512289635e-02,0.000000000000000000e+00,-1.063359826803207397e-01,-1.165904700756072998e-01,-1.045397147536277771e-01,-1.275088191032409668e-01,-4.164014011621475220e-02,-1.834394223988056183e-02
8.000000000000005995e-01,5.916794586407901901e-01,-4.133670454749244216e-02,-8.294996464847546047e-01,0.000000000000000000e+00,-1.002786472930178530e+00,5.256078873530885959e-02,0.000000000000000000e+00,-1.135373935103416443e-01,-1.118920817971229553e-01,-1.030880585312843323e-01,-1.328864842653274536e-01,-4.291539266705513000e-02,-2.005786076188087463e-02
8.200000000000006173e-01,5.946777856051801425e-01,-4.766808085178592114e-02,-7.845922674119927276e-01,0.000000000000000000e+00,-9.225329011067674445e-01,6.340480761523045738e-02,0.000000000000000000e+00,-1.220998615026473999e-01,-1.103125289082527161e-01,-1.043493822216987610e-01,-1.375927329063415527e-01,-4.409072920680046082e-02,-2.091527730226516724e-02
8.400000000000006350e-01,5.978688055817361624e-01,-5.350808825441749628e-02,-7.384926096941346607e-01,0.000000000000000000e+00,-8.443754208557950891e-01,7.550031628006473317e-02,0.000000000000000000e+00,-1.305450648069381714e-01,-1.099968850612640381e-01,-1.063887327909469604e-01,-1.412435322999954224e-01,-4.520929604768753052e-02,-2.120485901832580566e-02
8.600000000000006528e-01,6.012689764547141102e-01,-5.898932443164939254e-02,-6.898552461091799204e-01,0.000000000000000000e+00,-7.657176299540605635e-01,8.959974829750387559e-02,0.000000000000000000e+00,-1.375396996736526489e-01,-1.085554957389831543e-01,-1.068439856171607971e-01,-1.430327743291854858e-01,-4.636163637042045593e-02,-2.144644409418106079e-02
8.800000000000006706e-01,6.049306081608532004e-01,-6.430217029095502967e-02,-6.360084236983376549e-01,0.000000000000000000e+00,-6.833423825665582152e-01,1.072451367644392806e-01,0.000000000000000000e+00,-1.421745419502258301e-01,-1.043373793363571167e-01,-1.040516570210456848e-01,-1.423194408416748047e-01,-4.753738269209861755e-02,-2.204268611967563629e-02
9.000000000000006883e-01,6.089049002727344728e-01,-6.954884868230482020e-02,-5.743890098380082243e-01,0.000000000000000000e+00,-5.952273505562737377e-01,1.308867093512894875e-01,0.000000000000000000e+00,-1.440870165824890137e-01,-9.720046818256378174e-02,-9.793766587972640991e-02,-1.391561180353164673e-01,-4.832726344466209412e-02,-2.282139100134372711e-02
9.200000000000007061e-01,6.132133281872468311e-01,-7.463182160169085089e-02,-5.041283548128154823e-01,0.000000000000000000e+00,-5.020381364554014070e-01,1.640973668750685122e-01,0.000000000000000000e+00,-1.441604793071746826e-01,-8.836205303668975830e-02,-9.004428237676620483e-02,-1.345742046833038330e-01,-4.826113209128379822e-02,-2.306455373764038086e-02
9.400000000000007239e-01,6.178489583362387627e-01,-7.923374190584903110e-02,-4.272830604775422758e-01,0.000000000000000000e+00,-4.078211992922109452e-01,2.118661014180792390e-01,0.000000000000000000e+00,-1.447546929121017456e-01,-8.016280084848403931e-02,-8.297025412321090698e-02,-1.299879699945449829e-01,-4.768364876508712769e-02,-2.235584519803524017e-02
9.600000000000007416e-01,6.228077150952840979e-01,-8.292169303995361451e-02,-3.490489622368107003e-01,0.000000000000000000e+00,-3.192154087588564004e-01,2.806397696371401018e-01,0.000000000000000000e+00,-1.485936045646667480e-01,-7.538363337516784668e-02,-7.941005378961563110e-02,-1.263148933649063110e-01,-4.756033793091773987e-02,-2.097570151090621948e-02
9.800000000000007594e-01,6.281087597234845665e-01,-8.532763846529772822e-02,-2.764129829226332768e-01,0.000000000000000000e+00,-2.430764022752050502e-01,3.771310844010256069e-01,0.000000000000000000e+00,-1.575160771608352661e-01,-7.579342275857925415e-02,-8.104163408279418945e-02,-1.234307736158370972e-01,-4.851678386330604553e-02,-1.935896091163158417e-02
1.000000000000000666e+00,6.337788267223315453e-01,-8.628584172068087810e-02,-2.157469779718383940e-01,0.000000000000000000e+00,-1.840286159818222689e-01,5.035197927099677173e-01,0.000000000000000000e+00,-1.724500358104705811e-01,-8.172731846570968628e-02,-8.849434554576873779e-02,-1.199953407049179077e-01,-5.030679702758789062e-02,-1.728949882090091705e-02
1.019999999999998463e+00,6.398392716415909343e-01,-8.587012118978198938e-02,-1.708617418782728270e-01,0.000000000000000000e+00,-8.050981066562683253e-02,6.429689127449810249e-01,0.000000000000000000e+00,-1.933412551879882812e-01,-9.222152084112167358e-02,-1.015827208757400513e-01,-1.132223829627037048e-01,-5.164608731865882874e-02,-1.350871846079826355e-02
1.039999999999996261e+00,6.461338209426300550e-01,-8.440001206845532122e-02,-1.401856361635155090e-01,0.000000000000000000e+00,-2.521269870002280922e-02,6.600328184201118553e-01,0.000000000000000000e+00,-2.126684635877609253e-01,-1.011295169591903687e-01,-1.143162101507186890e-01,-1.008301898837089539e-01,-4.995457082986831665e-02,-7.315292488783597946e-03
1.059999999999994058e+00,6.523114599426179661e-01,-8.237204245667290037e-02,-1.161621195223250941e-01,0.000000000000000000e+00,-1.910475186613558231e-04,6.603729529191435521e-01,0.000000000000000000e+00,-2.249133735895156860e-01,-1.038629859685897827e-01,-1.192654445767402649e-01,-8.951064199209213257e-02,-4.691168293356895447e-02,-1.147768227383494377e-03
1.079999999999991855e+00,6.580337292567938201e-01,-8.019313518256260265e-02,-9.052020405878347109e-02,0.000000000000000000e+00,2.173094944904102252e-02,6.592756467789131491e-01,0.000000000000000000e+00,-2.311218231916427612e-01,-1.028882116079330444e-01,-1.178925931453704834e-01,-8.216350525617599487e-02,-4.668139666318893433e-02,2.033494180068373680e-03
1.099999999999989653e+00,6.631751047721243797e-01,-7.796980782594076231e-02,-5.965943923589896863e-02,0.000000000000000000e+00,5.918780719744555496e-02,6.652343488964972407e-01,0.000000000000000000e+00,-2.322281599044799805e-01,-1.011954769492149353e-01,-1.142117232084274292e-01,-7.686167955398559570e-02,-4.929770529270172119e-02,2.132555702701210976e-03
1.119999999999987450e+00,6.678478505727947212e-01,-7.551594620172363825e-02,-2.614765195569795572e-02,0.000000000000000000e+00,8.694978284803962787e-02,6.743320600570195111e-01,0.000000000000000000e+00,-2.316510826349258423e-01,-1.005456373095512390e-01,-1.111254394054412842e-01,-7.260268181562423706e-02,-5.268776789307594299e-02,1.295631984248757362e-03
1.139999999999985247e+00,6.723846688763435164e-01,-7.248795671983149225e-02,2.659256200291096675e-03,0.000000000000000000e+00,9.774642254631697724e-02,6.820363230313291059e-01,0.000000000000000000e+00,-2.346103489398956299e-01,-1.026317328214645386e-01,-1.117107644677162170e-01,-6.748873740434646606e-02,-5.506354570388793945e-02,1.879172516055405140e-03
1.159999999999983045e+00,6.771138637400774263e-01,-6.854225813603470607e-02,1.816760616767459577e-02,0.000000000000000000e+00,9.604295395231435273e-02,6.908840087898819871e-01,0.000000000000000000e+00,-2.430379241704940796e-01,-1.083468049764633179e-01,-1.178700625896453857e-01,-5.967314541339874268e-02,-5.483822524547576904e-02,5.288943182677030563e-03
1.179999999999980842e+00,6.821300668820076130e-01,-6.363138326796508037e-02,1.579061013626302523e-02,0.000000000000000000e+00,8.978091529650671088e-02,7.043736584653524924e-01,0.000000000000000000e+00,-2.510828375816345215e-01,-1.153110191226005554e-01,-1.269651353359222412e-01,-4.837638512253761292e-02,-5.056576058268547058e-02,1.153352204710245132e-02
1.199999999999978639e+00,6.872346587338212798e-01,-5.816340134687658647e-02,-1.598803573840127746e-03,0.000000000000000000e+00,8.409681832374252264e-02,7.235154350347162699e-01,0.000000000000000000e+00,-2.524760365486145020e-01,-1.185747459530830383e-01,-1.327091008424758911e-01,-3.696910664439201355e-02,-4.300486296415328979e-02,1.907498016953468323e-02
1.219999999999976437e+00,6.921566651470274500e-01,-5.268100908327422172e-02,-2.740357451487230103e-02,0.000000000000000000e+00,7.426057547270867309e-02,7.464718703992658799e-01,0.000000000000000000e+00,-2.522834837436676025e-01,-1.205825954675674438e-01,-1.351471394300460815e-01,-2.892211452126502991e-02,-3.893650695681571960e-02,2.382128871977329254e-02
1.239999999999974234e+00,6.968250566028693083e-01,-4.745413214556515324e-02,-5.846776852131325974e-02,0.000000000000000000e+00,5.505327187245798171e-02,7.713933612099412862e-01,0.000000000000000000e+00,-2.541572749614715576e-01,-1.272465139627456665e-01,-1.397288143634796143e-01,-2.216623350977897644e-02,-4.019808769226074219e-02,2.509617805480957031e-02
1.259999999999972031e+00,7.013407033019465331e-01,-4.249916489874605574e-02,-9.602715155159054217e-02,0.000000000000000000e+00,2.613872137005487581e-02,7.980711910110456220e-01,0.000000000000000000e+00,-2.541853785514831543e-01,-1.385714262723922729e-01,-1.471859067678451538e-01,-1.560484245419502258e-02,-4.310008883476257324e-02,2.492335252463817596e-02
1.279999999999969829e+00,7.057813738904802348e-01,-3.781781346842960634e-02,-1.415600947947062427e-01,0.000000000000000000e+00,-7.267605656871243061e-03,8.268702382043146004e-01,0.000000000000000000e+00,-2.496053874492645264e-01,-1.498122662305831909e-01,-1.538155227899551392e-01,-1.054653152823448181e-02,-4.421169310808181763e-02,2.556481584906578064e-02
1.299999999999967626e+00,7.101203224356630317e-01,-3.349057148571638054e-02,-1.942473054780051722e-01,0.000000000000000000e+00,-3.691846735422697062e-02,8.578530211171897513e-01,0.000000000000000000e+00,-2.427127212285995483e-01,-1.568965464830398560e-01,-1.568533331155776978e-01,-7.434708531945943832e-03,-4.356095567345619202e-02,2.732161059975624084e-02
1.319999999999965423e+00,7.142946915993614310e-01,-2.956664378575513119e-02,-2.525516870912334344e-01,0.000000000000000000e+00,-6.021131246150458749e-02,8.905685105139764524e-01,0.000000000000000000e+00,-2.383157461881637573e-01,-1.616067886352539062e-01,-1.586854010820388794e-01,-5.237953271716833115e-03,-4.325102269649505615e-02,2.878325432538986206e-02
1.339999999999963221e+00,7.182719163861577272e-01,-2.605613499577308367e-02,-3.155543760314740709e-01,0.000000000000000000e+00,-7.989415977833552729e-02,9.240895313662425004e-01,0.000000000000000000e+00,-2.340744882822036743e-01,-1.655647605657577515e-01,-1.605035960674285889e-01,-2.853119280189275742e-03,-4.311227798461914062e-02,2.931266278028488159e-02
1.359999999999961018e+00,7.220495057850910836e-01,-2.303337413376072007e-02,-3.821665721859390796e-01,0.000000000000000000e+00,-9.776954795761698402e-02,9.573829763832274464e-01,0.000000000000000000e+00,-2.275314480066299438e-01,-1.687092483043670654e-01,-1.615033894777297974e-01,-1.511994283646345139e-03,-4.235104471445083618e-02,2.940286882221698761e-02
1.379999999999958815e+00,7.256277612433557067e-01,-2.062103468248777105e-02,-4.509667798733537625e-01,0.000000000000000000e+00,-1.146963436386470581e-01,9.895556935654303832e-01,0.000000000000000000e+00,-2.189795672893524170e-01,-1.711661368608474731e-01,-1.614855080842971802e-01,-1.879142248071730137e-03,-4.122217744588851929e-02,2.950572036206722260e-02
1.399999999999956612e+00,7.290036004953620585e-01,-1.893045590269576417e-02,-5.207771940758740836e-01,0.000000000000000000e+00,-1.317454603229364918e-01,1.019884322093460360e+00,0.000000000000000000e+00,-2.093835622072219849e-01,-1.730421781539916992e-01,-1.606377065181732178e-01,-3.388414392247796059e-03,-4.030359908938407898e-02,2.960969880223274231e-02
1.419999999999954410e+00,7.321595663357012285e-01,-1.800545420939830832e-02,-5.910219654325039595e-01,0.000000000000000000e+00,-1.496464255925195885e-01,1.047889217339135870e+00,0.000000000000000000e+00,-2.000141888856887817e-01,-1.745597422122955322e-01,-1.594686210155487061e-01,-5.415183957666158676e-03,-3.985612839460372925e-02,2.945705689489841461e-02
1.439999999999952207e+00,7.350610214647119722e-01,-1.782438873177843996e-02,-6.617387483746637322e-01,0.000000000000000000e+00,-1.681001678634207741e-01,9.579646978774074562e-01,0.000000000000000000e+00,-1.916767060756683350e-01,-1.761295348405838013e-01,-1.587377041578292847e-01,-7.937184534966945648e-03,-3.965372964739799500e-02,2.887907251715660095e-02
1.459999999999950004e+00,7.376648608457849754e-01,-1.835394069622259261e-02,-7.331141750759511133e-01,0.000000000000000000e+00,-1.858215901521823588e-01,8.857208192282721715e-01,0.000000000000000000e+00,-1.842614114284515381e-01,-1.778698265552520752e-01,-1.587963104248046875e-01,-1.118492521345615387e-02,-3.931069001555442810e-02,2.790315635502338409e-02
1.479999999999947802e+00,7.399305575381814881e-01,-1.960006955725374089e-02,-8.048745935077142866e-01,0.000000000000000000e+00,-2.017025010335221080e-01,8.323526516402770525e-01,0.000000000000000000e+00,-1.774224936962127686e-01,-1.796243190765380859e-01,-1.594810187816619873e-01,-1.533469744026660919e-02,-3.868217766284942627e-02,2.667319029569625854e-02
1.499999999999945599e+00,7.418310208098666259e-01,-2.161115898353338505e-02,-8.760658320341224714e-01,0.000000000000000000e+00,-2.155396946652238244e-01,7.930503945352456174e-01,0.000000000000000000e+00,-1.709116846323013306e-01,-1.812889873981475830e-01,-1.604677736759185791e-01,-2.067810669541358948e-02,-3.785435482859611511e-02,2.528694272041320801e-02
1.519999999999943396e+00,7.433600421172534833e-01,-2.445160846194405213e-02,-9.451836926281123041e-01,0.000000000000000000e+00,-2.275740640535741099e-01,7.631593434419268185e-01,0.000000000000000000e+00,-1.642354577779769897e-01,-1.827371120452880859e-01,-1.613374501466751099e-01,-2.750006690621376038e-02,-3.690893203020095825e-02,2.363913692533969879e-02
1.539999999999941194e+00,7.445444457843877206e-01,-2.817770359031968042e-02,-1.010335509951330035e+00,0.000000000000000000e+00,-2.380616059278727603e-01,7.395837258443277440e-01,0.000000000000000000e+00,-1.566295325756072998e-01,-1.835808306932449341e-01,-1.615004986524581909e-01,-3.566474467515945435e-02,-3.583461046218872070e-02,2.145316079258918762e-02
1.559999999999938991e+00,7.454592674955997644e-01,-3.279683367057872889e-02,-1.069467260641465911e+00,0.000000000000000000e+00,-2.472795356927222077e-01,7.201728339383817179e-01,0.000000000000000000e+00,-1.480800211429595947e-01,-1.833819150924682617e-01,-1.605360954999923706e-01,-4.428987950086593628e-02,-3.478083014488220215e-02,1.861572265625000000e-02
1.579999999999936788e+00,7.461933901413881909e-01,-3.822589703692985674e-02,-1.120985069863693617e+00,0.000000000000000000e+00,-2.555340111225362643e-01,7.032406785155185247e-01,0.000000000000000000e+00,-1.403005421161651611e-01,-1.824750751256942749e-01,-1.589346975088119507e-01,-5.250141024589538574e-02,-3.414747864007949829e-02,1.541972626000642776e-02
1.599999999999934586e+00,7.467518584328737274e-01,-4.430431650908589480e-02,-1.164445690000468936e+00,0.000000000000000000e+00,-2.631396996990027493e-01,6.873196192307537977e-01,0.000000000000000000e+00,-1.344107985496520996e-01,-1.813609451055526733e-01,-1.574055552482604980e-01,-6.054965406656265259e-02,-3.390160575509071350e-02,1.218564715236425400e-02
1.619999999999932383e+00,7.471356948864525949e-01,-5.084697316844960513e-02,-1.200150279200213443e+00,0.000000000000000000e+00,-2.698074113040332400e-01,6.730799138243857005e-01,0.000000000000000000e+00,-1.297945827245712280e-01,-1.798292547464370728e-01,-1.559125483036041260e-01,-6.867886334657669067e-02,-3.374587371945381165e-02,9.080595336854457855e-03
1.639999999999930180e+00,7.473629430236333748e-01,-5.771457990490169720e-02,-1.228130815528302833e+00,0.000000000000000000e+00,-2.750705459369663930e-01,6.615962967631506819e-01,0.000000000000000000e+00,-1.258936226367950439e-01,-1.775368303060531616e-01,-1.540685147047042847e-01,-7.678741216659545898e-02,-3.370450437068939209e-02,6.114985793828964233e-03
1.659999999999927978e+00,7.474727705029788893e-01,-6.484534390641016888e-02,-1.247809856862684974e+00,0.000000000000000000e+00,-2.786309867359602621e-01,6.534862271454336957e-01,0.000000000000000000e+00,-1.224798336625099182e-01,-1.741376817226409912e-01,-1.513423323631286621e-01,-8.498118072748184204e-02,-3.401718661189079285e-02,3.140276297926902771e-03
1.679999999999925775e+00,7.475376412199260523e-01,-7.223073152077480463e-02,-1.258126382624398909e+00,0.000000000000000000e+00,-2.804554697163303967e-01,6.487982644779002328e-01,0.000000000000000000e+00,-1.192561909556388855e-01,-1.691138297319412231e-01,-1.470825523138046265e-01,-9.351640939712524414e-02,-3.497876971960067749e-02,-1.589218300068750978e-04
1.699999999999923572e+00,7.476595774671185302e-01,-7.988733519122792615e-02,-1.257875388683090234e+00,0.000000000000000000e+00,-2.807884621699340277e-01,6.470086158680050659e-01,0.000000000000000000e+00,-1.160983890295028687e-01,-1.619000285863876343e-01,-1.407580375671386719e-01,-1.025218069553375244e-01,-3.680700436234474182e-02,-4.100532270967960358e-03
1.719999999999921370e+00,7.479524917201015866e-01,-8.782120453997538378e-02,-1.246252854539551702e+00,0.000000000000000000e+00,-2.801641927193498360e-01,6.469811964594961440e-01,0.000000000000000000e+00,-1.135379895567893982e-01,-1.524799168109893799e-01,-1.326627433300018311e-01,-1.116002872586250305e-01,-3.932743147015571594e-02,-8.551368489861488342e-03
1.739999999999919167e+00,7.485148565992151282e-01,-9.598093383173583737e-02,-1.223562035482963939e+00,0.000000000000000000e+00,-2.793971741735001846e-01,6.469154370418935818e-01,0.000000000000000000e+00,-1.128320321440696716e-01,-1.420658826828002930e-01,-1.244309917092323303e-01,-1.198086738586425781e-01,-4.176957905292510986e-02,-1.264608558267354965e-02
1.759999999999916964e+00,7.493933871508173805e-01,-1.042234371808193616e-01,-1.191723046717385381e+00,0.000000000000000000e+00,-2.795784107648789374e-01,6.442940955521909707e-01,0.000000000000000000e+00,-1.153455972671508789e-01,-1.327227205038070679e-01,-1.180884763598442078e-01,-1.268904060125350952e-01,-4.354506731033325195e-02,-1.572316698729991913e-02
1.779999999999914762e+00,7.505579786775982143e-01,-1.123010139396622975e-01,-1.154009342837170271e+00,0.000000000000000000e+00,-2.813774617234292563e-01,6.375156423318054655e-01,0.000000000000000000e+00,-1.213887631893157959e-01,-1.264424324035644531e-01,-1.151246502995491028e-01,-1.333314776420593262e-01,-4.482763260602951050e-02,-1.786512508988380432e-02
1.799999999999912559e+00,7.519744706675540735e-01,-1.199501414111435738e-01,-1.113666707112918930e+00,0.000000000000000000e+00,-2.846644296580715383e-01,6.271752604304460244e-01,0.000000000000000000e+00,-1.299324184656143188e-01,-1.240638792514801025e-01,-1.158771514892578125e-01,-1.393309533596038818e-01,-4.593989253044128418e-02,-1.917003281414508820e-02
1.819999999999910356e+00,7.536177074013066246e-01,-1.270556085192617590e-01,-1.072513810279431601e+00,0.000000000000000000e+00,-2.885565860004223326e-01,6.156968629188225295e-01,0.000000000000000000e+00,-1.392727941274642944e-01,-1.244235560297966003e-01,-1.188995018601417542e-01,-1.445545703172683716e-01,-4.695992171764373779e-02,-1.970138214528560638e-02
1.839999999999908153e+00,7.554762957250495958e-01,-1.337124144546263105e-01,-1.030008331253708942e+00,0.000000000000000000e+00,-2.916537788933896702e-01,6.063399128406604666e-01,0.000000000000000000e+00,-1.476686000823974609e-01,-1.247975528240203857e-01,-1.214260384440422058e-01,-1.483043432235717773e-01,-4.792517796158790588e-02,-1.984695717692375183e-02
1.859999999999905951e+00,7.575632878456737274e-01,-1.401748577394648088e-01,-9.834227014360803487e-01,0.000000000000000000e+00,-2.927041807439277332e-01,6.017068961426875751e-01,0.000000000000000000e+00,-1.537939757108688354e-01,-1.224310472607612610e-01,-1.207123994827270508e-01,-1.497555524110794067e-01,-4.902420938014984131e-02,-2.024915255606174469e-02
1.879999999999903748e+00,7.599154327956305632e-01,-1.467008188735287877e-01,-9.291596633058853971e-01,0.000000000000000000e+00,-2.911170794319124511e-01,6.029440136454120580e-01,0.000000000000000000e+00,-1.567290723323822021e-01,-1.161238476634025574e-01,-1.154862493276596069e-01,-1.482483595609664917e-01,-5.022887885570526123e-02,-2.127150632441043854e-02
1.899999999999901545e+00,7.625877763839477019e-01,-1.533748859045474255e-01,-8.645471651379810218e-01,0.000000000000000000e+00,-2.871926685025472104e-01,6.095482660337099290e-01,0.000000000000000000e+00,-1.562780886888504028e-01,-1.065887436270713806e-01,-1.066009849309921265e-01,-1.440795212984085083e-01,-5.084219574928283691e-02,-2.239176817238330841e-02
1.919999999999899343e+00,7.656533469685287141e-01,-1.600035973982622817e-01,-7.895672694287139137e-01,0.000000000000000000e+00,-2.821889649011455337e-01,6.191516767779764452e-01,0.000000000000000000e+00,-1.541939079761505127e-01,-9.580589085817337036e-02,-9.655881673097610474e-02,-1.388525515794754028e-01,-5.034432187676429749e-02,-2.262543514370918274e-02
1.939999999999897140e+00,7.692112906418205887e-01,-1.661449617984103733e-01,-7.079817157853937060e-01,0.000000000000000000e+00,-2.780649054844981927e-01,6.276941896524483866e-01,0.000000000000000000e+00,-1.538755744695663452e-01,-8.683374524116516113e-02,-8.872044831514358521e-02,-1.343073695898056030e-01,-4.944622144103050232e-02,-2.171155065298080444e-02
1.959999999999894937e+00,7.733895158640892165e-01,-1.712901137502577109e-01,-6.269981369973659513e-01,0.000000000000000000e+00,-2.767154044727703766e-01,6.309596947792458499e-01,0.000000000000000000e+00,-1.584867089986801147e-01,-8.284042775630950928e-02,-8.608286082744598389e-02,-1.312508583068847656e-01,-4.939756914973258972e-02,-2.020763978362083435e-02
1.979999999999892735e+00,7.783046635068107122e-01,-1.750824414311732136e-01,-5.550708157718494684e-01,0.000000000000000000e+00,-2.791100046774195875e-01,6.268878351291621298e-01,0.000000000000000000e+00,-1.697863340377807617e-01,-8.551973104476928711e-02,-9.020263701677322388e-02,-1.291039884090423584e-01,-5.081816017627716064e-02,-1.861873269081115723e-02
1.999999999999890532e+00,7.840206304494239387e-01,-1.774364315696553007e-01,-4.990247876598077892e-01,0.000000000000000000e+00,-2.852666464171006444e-01,6.160201091367781823e-01,0.000000000000000000e+00,-1.887377351522445679e-01,-9.502086788415908813e-02,-1.016282737255096436e-01,-1.258848309516906738e-01,-5.320376530289649963e-02,-1.637382619082927704e-02
2.019999999999888551e+00,7.904835263650289434e-01,-1.785270668703347330e-01,-4.617482056214581299e-01,-1.668867329375684772e-01,-2.934686435802333904e-01,6.026494057864183462e-01,1.000000000000000000e+00,-2.137218713760375977e-01,-1.088850051164627075e-01,-1.189300641417503357e-01,-1.178088262677192688e-01,-5.444597452878952026e-02,-1.160430908203125000e-02
2.039999999999886349e+00,7.975862201011072461e-01,-1.784964707555624641e-01,-4.447919655874463252e-01,-2.167210565662251454e-01,-3.108602599066084271e-01,5.735793836697019588e-01,1.000000000000000000e+00,-2.508696913719177246e-01,-1.345714777708053589e-01,-1.455460339784622192e-01,-1.136431023478507996e-01,-5.667212232947349548e-02,-3.951969090849161148e-03
2.059999999999884146e+00,8.046471479544250460e-01,-1.779796094287380837e-01,-4.374391688021958546e-01,-2.530936872939583138e-01,-3.256064417747314144e-01,5.523620157451909485e-01,1.000000000000000000e+00,-2.578189969062805176e-01,-1.381861716508865356e-01,-1.527203321456909180e-01,-9.351387619972229004e-02,-5.228367820382118225e-02,3.346432233229279518e-03
2.079999999999881943e+00,8.109155528792638679e-01,-1.776197540531571362e-01,-4.228145280243850723e-01,-2.658066911233765706e-01,-3.326686974342983882e-01,5.449460968446969700e-01,1.000000000000000000e+00,-2.648028433322906494e-01,-1.344686597585678101e-01,-1.475498825311660767e-01,-9.078750759363174438e-02,-5.200587213039398193e-02,6.721843965351581573e-03
2.099999999999879741e+00,8.162520589405632965e-01,-1.774215336938992638e-01,-3.951541153339603873e-01,-2.588325574474927282e-01,-3.324984754784315322e-01,5.490143414889625539e-01,1.000000000000000000e+00,-2.658486366271972656e-01,-1.311672478914260864e-01,-1.405526697635650635e-01,-9.042039513587951660e-02,-5.663987249135971069e-02,4.388768225908279419e-03
2.119999999999877538e+00,8.209535386037867255e-01,-1.770448278655022134e-01,-3.588440288452626192e-01,-2.396104984077974398e-01,-3.279210166761876710e-01,5.602272092621181088e-01,1.000000000000000000e+00,-2.622209489345550537e-01,-1.295266151428222656e-01,-1.348672211170196533e-01,-9.040442854166030884e-02,-6.159270927309989929e-02,7.506149704568088055e-04
2.139999999999875335e+00,8.255966253738447058e-01,-1.760364983743577805e-01,-3.246277780599184926e-01,-2.168202916434676941e-01,-3.224328259031284949e-01,5.735214965413104604e-01,1.000000000000000000e+00,-2.625452280044555664e-01,-1.303009837865829468e-01,-1.332615464925765991e-01,-8.773207664489746094e-02,-6.466729193925857544e-02,-7.912529690656810999e-05
2.159999999999873133e+00,8.307881101228943299e-01,-1.739942300167541533e-01,-3.045104420874308326e-01,-1.986695965931276342e-01,-3.190766571295557963e-01,5.841094019873421805e-01,1.000000000000000000e+00,-2.713505327701568604e-01,-1.345393210649490356e-01,-1.382876783609390259e-01,-7.967677712440490723e-02,-6.410735100507736206e-02,3.959635272622108459e-03
2.179999999999870930e+00,8.367106524225962350e-01,-1.708084465550449016e-01,-3.048169064162889463e-01,-1.870017459731837250e-01,-3.183216602284556496e-01,5.909156481823094609e-01,1.000000000000000000e+00,-2.800374627113342285e-01,-1.397270560264587402e-01,-1.469526290893554688e-01,-6.553488969802856445e-02,-5.889052897691726685e-02,1.156621892005205154e-02
2.199999999999868727e+00,8.429739348108153951e-01,-1.669013896720485945e-01,-3.216614275129036638e-01,-1.759798308650629695e-01,-3.179801196848387468e-01,5.973450986620465475e-01,1.000000000000000000e+00,-2.795380949974060059e-01,-1.400495320558547974e-01,-1.511469781398773193e-01,-5.149095505475997925e-02,-5.015943571925163269e-02,1.970633305609226227e-02
2.219999999999866525e+00,8.490621058412648470e-01,-1.628722858317899480e-01,-3.465582695873693497e-01,-1.619100177923067096e-01,-3.166244385837116981e-01,6.055524896211543773e-01,1.000000000000000000e+00,-2.775302529335021973e-01,-1.397732198238372803e-01,-1.518916040658950806e-01,-4.297715052962303162e-02,-4.537141695618629456e-02,2.432445250451564789e-02
2.239999999999864322e+00,8.548391397168214612e-01,-1.590087042693001385e-01,-3.764083426477594085e-01,-1.494198844300460571e-01,-3.156200319197060566e-01,6.128384007491397556e-01,1.000000000000000000e+00,-2.805855274200439453e-01,-1.470064967870712280e-01,-1.569488346576690674e-01,-3.657073900103569031e-02,-4.711167514324188232e-02,2.527268603444099426e-02
2.259999999999862119e+00,8.604510397674107747e-01,-1.553240660588042499e-01,-4.138096789978199519e-01,-1.425198738568128343e-01,-3.162008026545751749e-01,6.168634069168591472e-01,1.000000000000000000e+00,-2.818480432033538818e-01,-1.603168398141860962e-01,-1.661189496517181396e-01,-2.948805876076221466e-02,-5.089649930596351624e-02,2.476446516811847687e-02
2.279999999999859916e+00,8.659490606601185636e-01,-1.518606534160859278e-01,-4.602809430368651755e-01,-1.379392273708502092e-01,-3.173669614220545054e-01,6.195354507003373312e-01,1.000000000000000000e+00,-2.763856947422027588e-01,-1.719587147235870361e-01,-1.728440821170806885e-01,-2.381369471549987793e-02,-5.223946273326873779e-02,2.515060454607009888e-02
2.299999999999857714e+00,8.712240331715188635e-01,-1.487350083984768367e-01,-5.138580788423892098e-01,-1.320128307027417236e-01,-3.179492429096537620e-01,6.229925154234006168e-01,1.000000000000000000e+00,-2.690784931182861328e-01,-1.779693365097045898e-01,-1.746810078620910645e-01,-2.087713032960891724e-02,-5.170032382011413574e-02,2.668541111052036285e-02
2.319999999999855511e+00,8.761894822208626810e-01,-1.459606212050728047e-01,-5.726640084260443686e-01,-1.263121020986134047e-01,-3.183571288046860293e-01,6.263179404424754626e-01,1.000000000000000000e+00,-2.664262950420379639e-01,-1.821510344743728638e-01,-1.762270778417587280e-01,-1.910627447068691254e-02,-5.188341066241264343e-02,2.792351506650447845e-02
2.339999999999853308e+00,8.808319866111495866e-01,-1.434896000112278469e-01,-6.363379548761892712e-01,-1.230609456284762759e-01,-3.192226136499201061e-01,6.282144483833888016e-01,1.000000000000000000e+00,-2.641954123973846436e-01,-1.860379129648208618e-01,-1.784654557704925537e-01,-1.701054163277149200e-02,-5.218093842267990112e-02,2.825395017862319946e-02
2.359999999999851106e+00,8.851382903480382591e-01,-1.413903249641430548e-01,-7.041432330751529189e-01,-1.225995223772597953e-01,-3.206290408093860345e-01,6.284836119465984083e-01,1.000000000000000000e+00,-2.590131163597106934e-01,-1.891897618770599365e-01,-1.798541694879531860e-01,-1.594465598464012146e-02,-5.166390910744667053e-02,2.829217724502086639e-02
2.379999999999848903e+00,8.890724419743352147e-01,-1.398195715137580397e-01,-7.745413357642567664e-01,-1.240204206015632915e-01,-3.222997851434294403e-01,6.276547546490880425e-01,1.000000000000000000e+00,-2.513613104820251465e-01,-1.916961222887039185e-01,-1.800291389226913452e-01,-1.673603616654872894e-02,-5.068412423133850098e-02,2.858197130262851715e-02
2.399999999999846700e+00,8.925927372228534828e-01,-1.389166040880256414e-01,-8.460941628461845498e-01,-1.266342208622969756e-01,-3.240134376803977534e-01,6.261300378303267244e-01,1.000000000000000000e+00,-2.425417900085449219e-01,-1.937492638826370239e-01,-1.793311238288879395e-01,-1.884618215262889862e-02,-4.993788152933120728e-02,2.907812036573886871e-02
2.419999999999844498e+00,8.956657442508546563e-01,-1.387291284329100205e-01,-9.180780870374627423e-01,-1.302345061346754373e-01,-3.256973355740750420e-01,6.240298714214392861e-01,1.000000000000000000e+00,-2.339387685060501099e-01,-1.955256015062332153e-01,-1.783182770013809204e-01,-2.151797339320182800e-02,-4.969632625579833984e-02,2.936765924096107483e-02
2.439999999999842295e+00,8.982650516133452445e-01,-1.392178620325458804e-01,-9.905123749843157688e-01,-1.349116908178281948e-01,-3.273787477769963816e-01,6.213015136896001822e-01,1.000000000000000000e+00,-2.264162153005599976e-01,-1.973336637020111084e-01,-1.777573376893997192e-01,-2.460502833127975464e-02,-4.965000227093696594e-02,2.918383851647377014e-02
2.459999999999840092e+00,9.003631622934546996e-01,-1.403250473062217785e-01,-1.063609144630511594e+00,-1.407155535766108634e-01,-3.290760127227289056e-01,6.179159270803102899e-01,1.000000000000000000e+00,-2.198144495487213135e-01,-1.991969048976898193e-01,-1.779663711786270142e-01,-2.828345447778701782e-02,-4.932705312967300415e-02,2.855593338608741760e-02
2.479999999999837890e+00,9.019264353893003960e-01,-1.420373018803035015e-01,-1.137087858323129863e+00,-1.475578451031624994e-01,-3.307579436978415055e-01,6.139245903564884976e-01,1.000000000000000000e+00,-2.137473374605178833e-01,-2.009460777044296265e-01,-1.787485778331756592e-01,-3.271559625864028931e-02,-4.860521852970123291e-02,2.762561105191707611e-02
2.499999999999835687e+00,9.029231476423538183e-01,-1.443931434206955355e-01,-1.209949454987256479e+00,-1.553027898110927452e-01,-3.323707753127632114e-01,6.094067059435291922e-01,1.000000000000000000e+00,-2.079620361328125000e-01,-2.025133073329925537e-01,-1.797722280025482178e-01,-3.816736117005348206e-02,-4.764864593744277954e-02,2.646936289966106415e-02
2.519999999999833484e+00,9.033378049043740976e-01,-1.474575293904196449e-01,-1.280612317730281724e+00,-1.636878552069614690e-01,-3.338215117890604988e-01,6.045154177959390918e-01,1.000000000000000000e+00,-2.019123584032058716e-01,-2.037092447280883789e-01,-1.805548071861267090e-01,-4.483199492096900940e-02,-4.655587300658226013e-02,2.499510161578655243e-02
2.539999999999831282e+00,9.031929698412775043e-01,-1.513013851938312115e-01,-1.347040442990473874e+00,-1.721350836278048024e-01,-3.349305688055952968e-01,5.995878678837804898e-01,1.000000000000000000e+00,-1.947108209133148193e-01,-2.039750516414642334e-01,-1.803731471300125122e-01,-5.258910730481147766e-02,-4.522109031677246094e-02,2.297652512788772583e-02
2.559999999999829079e+00,9.025766093892887421e-01,-1.559620185088689548e-01,-1.407000163136059578e+00,-1.799577701325349444e-01,-3.355129628541400622e-01,5.950246340893545760e-01,1.000000000000000000e+00,-1.862869709730148315e-01,-2.028483748435974121e-01,-1.788091510534286499e-01,-6.099927797913551331e-02,-4.369907081127166748e-02,2.034231275320053101e-02
2.579999999999826876e+00,9.015902945720155603e-01,-1.613803847533690494e-01,-1.458849202522122246e+00,-1.874208133879825267e-01,-3.356870570237587281e-01,5.906711921903434748e-01,1.000000000000000000e+00,-1.785978525876998901e-01,-2.009553909301757812e-01,-1.766607165336608887e-01,-6.959146261215209961e-02,-4.250933974981307983e-02,1.743488386273384094e-02
2.599999999999824674e+00,9.002678905900141082e-01,-1.673810682691856955e-01,-1.502449719773203407e+00,-1.956837963106191347e-01,-3.358556810191874464e-01,5.858511188188054719e-01,1.000000000000000000e+00,-1.730665713548660278e-01,-1.991144716739654541e-01,-1.749502271413803101e-01,-7.822394371032714844e-02,-4.181824252009391785e-02,1.464301999658346176e-02
2.619999999999822471e+00,8.986562231213398588e-01,-1.737515565150557217e-01,-1.538552463162716766e+00,-2.060409262303448397e-01,-3.364898403497804114e-01,5.798094596989654681e-01,1.000000000000000000e+00,-1.691630482673645020e-01,-1.972800493240356445e-01,-1.737669110298156738e-01,-8.677894622087478638e-02,-4.135787114500999451e-02,1.210779137909412384e-02
2.639999999999820268e+00,8.967992383873962803e-01,-1.803349174299359314e-01,-1.567666479006059932e+00,-2.196956714991807613e-01,-3.380384734801731295e-01,5.718441916254778379e-01,1.000000000000000000e+00,-1.664483398199081421e-01,-1.952842026948928833e-01,-1.728401780128479004e-01,-9.532879292964935303e-02,-4.108936712145805359e-02,9.772934019565582275e-03
2.659999999999818066e+00,8.947400301358209296e-01,-1.870688293718202888e-01,-1.589581772737870269e+00,-2.372516607220540585e-01,-3.407740488282916536e-01,5.616031979121350881e-01,1.000000000000000000e+00,-1.645725667476654053e-01,-1.929105669260025024e-01,-1.717421114444732666e-01,-1.039119213819503784e-01,-4.118271917104721069e-02,7.465443108230829239e-03
2.679999999999815863e+00,8.925381332262753986e-01,-1.939664016607267893e-01,-1.603400306919481988e+00,-2.585850135063991195e-01,-3.447582525130024056e-01,5.491587421212671405e-01,1.000000000000000000e+00,-1.631027013063430786e-01,-1.897623091936111450e-01,-1.698938757181167603e-01,-1.126647740602493286e-01,-4.187510907649993896e-02,4.924715030938386917e-03
2.699999999999813660e+00,8.902760600213625031e-01,-2.010867651152149493e-01,-1.607849357429076198e+00,-2.828330371110081010e-01,-3.498220683638424977e-01,5.350140616852452347e-01,1.000000000000000000e+00,-1.616250127553939819e-01,-1.852464824914932251e-01,-1.666119396686553955e-01,-1.216874718666076660e-01,-4.336841404438018799e-02,1.839686534367501736e-03
2.719999999999811457e+00,8.880567084111792298e-01,-2.085073486197435433e-01,-1.601701733581447185e+00,-3.079368609494899101e-01,-3.553568610209709711e-01,5.203701644461308229e-01,1.000000000000000000e+00,-1.599666327238082886e-01,-1.787811070680618286e-01,-1.613419204950332642e-01,-1.308362483978271484e-01,-4.566432163119316101e-02,-2.012537093833088875e-03
2.739999999999809255e+00,8.859910584319117266e-01,-2.162922460060265617e-01,-1.584283183166608877e+00,-3.304150768066926314e-01,-3.601460908795633964e-01,5.072578718627626104e-01,1.000000000000000000e+00,-1.585024893283843994e-01,-1.703989058732986450e-01,-1.543031632900238037e-01,-1.394567638635635376e-01,-4.836332798004150391e-02,-6.418401375412940979e-03
2.759999999999807052e+00,8.841684763976114247e-01,-2.244411825290852369e-01,-1.556110555205337587e+00,-3.464878365600333465e-01,-3.627379893855521842e-01,4.978820953399805127e-01,1.000000000000000000e+00,-1.584081798791885376e-01,-1.613350510597229004e-01,-1.470347344875335693e-01,-1.465241163969039917e-01,-5.074725672602653503e-02,-1.051347237080335617e-02
2.779999999999804849e+00,8.826479874806821835e-01,-2.327880114550747170e-01,-1.519308500896745295e+00,-3.540485414793871355e-01,-3.623050180577099821e-01,4.934716841370241358e-01,1.000000000000000000e+00,-1.611676663160324097e-01,-1.535339057445526123e-01,-1.415467411279678345e-01,-1.519620865583419800e-01,-5.244557932019233704e-02,-1.366629451513290405e-02
2.799999999999802647e+00,8.815250533000453803e-01,-2.410367775106149191e-01,-1.477009637529185238e+00,-3.540922999409562566e-01,-3.593670749907792450e-01,4.934461583677755003e-01,1.000000000000000000e+00,-1.671810448169708252e-01,-1.485690921545028687e-01,-1.391422450542449951e-01,-1.566537618637084961e-01,-5.370479077100753784e-02,-1.602846756577491760e-02
2.819999999999800444e+00,8.808581285409955441e-01,-2.489347100734507490e-01,-1.432325960616571470e+00,-3.509881012809296097e-01,-3.557646102689239753e-01,4.952569409194577110e-01,1.000000000000000000e+00,-1.752744764089584351e-01,-1.470096856355667114e-01,-1.400042772293090820e-01,-1.606012731790542603e-01,-5.479033291339874268e-02,-1.761867478489875793e-02
2.839999999999798241e+00,8.806342652679559624e-01,-2.563848474323591753e-01,-1.386932297245200729e+00,-3.509494681509756075e-01,-3.538433944849742607e-01,4.952794769119308604e-01,1.000000000000000000e+00,-1.837269365787506104e-01,-1.476129591464996338e-01,-1.426111608743667603e-01,-1.633771061897277832e-01,-5.568741261959075928e-02,-1.839698292315006256e-02
2.859999999999796039e+00,8.807922900664774124e-01,-2.634863435438535295e-01,-1.340231768557110792e+00,-3.590695940848364631e-01,-3.553828190777288953e-01,4.905427367838453567e-01,1.000000000000000000e+00,-1.911264508962631226e-01,-1.478463262319564819e-01,-1.443576663732528687e-01,-1.645128130912780762e-01,-5.648240447044372559e-02,-1.878568902611732483e-02
2.879999999999793836e+00,8.812658006702444036e-01,-2.704589740085036054e-01,-1.289765891025497879e+00,-3.767105484334593579e-01,-3.609067655916813333e-01,4.802521800804819829e-01,1.000000000000000000e+00,-1.965062320232391357e-01,-1.455296427011489868e-01,-1.430572420358657837e-01,-1.634078323841094971e-01,-5.742819607257843018e-02,-1.941045373678207397e-02
2.899999999999791633e+00,8.820203743730831158e-01,-2.775001288465518412e-01,-1.232474553374569792e+00,-4.003893807827610951e-01,-3.692940963876655824e-01,4.664395278767226594e-01,1.000000000000000000e+00,-1.989471018314361572e-01,-1.396805942058563232e-01,-1.377863287925720215e-01,-1.597113460302352905e-01,-5.836784467101097107e-02,-2.045562677085399628e-02
2.919999999999789431e+00,8.830819883835506756e-01,-2.846554062060905887e-01,-1.166163049607363389e+00,-4.225778198248641981e-01,-3.776280443632697437e-01,4.534962717688291733e-01,1.000000000000000000e+00,-1.980940103530883789e-01,-1.306348890066146851e-01,-1.291462928056716919e-01,-1.540254205465316772e-01,-5.863059312105178833e-02,-2.135556191205978394e-02
2.939999999999787228e+00,8.845604925915192540e-01,-2.917483414761692928e-01,-1.090980867239736307e+00,-4.346608301172675271e-01,-3.819783664805994072e-01,4.464478490982605741e-01,1.000000000000000000e+00,-1.954959630966186523e-01,-1.202862337231636047e-01,-1.193308979272842407e-01,-1.479381024837493896e-01,-5.796421319246292114e-02,-2.139903232455253601e-02
2.959999999999785025e+00,8.866592914662808633e-01,-2.984142533717888957e-01,-1.010574860664584129e+00,-4.306562812649830096e-01,-3.793947463363530059e-01,4.487838359287598666e-01,1.000000000000000000e+00,-1.944883018732070923e-01,-1.118317469954490662e-01,-1.116075068712234497e-01,-1.429406106472015381e-01,-5.704963207244873047e-02,-2.042521163821220398e-02
2.979999999999782823e+00,8.896419068600377456e-01,-3.042506507533149218e-01,-9.320017344319170283e-01,-4.098095797941367913e-01,-3.699573789398169499e-01,4.609444117867534940e-01,1.000000000000000000e+00,-1.987119019031524658e-01,-1.084814518690109253e-01,-1.090824753046035767e-01,-1.395732611417770386e-01,-5.695514380931854248e-02,-1.877211034297943115e-02
2.999999999999780620e+00,8.937413993806726520e-01,-3.089778882235909019e-01,-8.639039493213643839e-01,-3.768623137247494315e-01,-3.567418917678382151e-01,4.801636503272294632e-01,1.000000000000000000e+00,-2.109005451202392578e-01,-1.124143525958061218e-01,-1.140024214982986450e-01,-1.371226161718368530e-01,-5.832073464989662170e-02,-1.656302809715270996e-02
3.019999999999778417e+00,8.991033147813236592e-01,-3.125426229866561934e-01,-8.141446896719045645e-01,-3.453365680886267830e-01,-3.460135246548028398e-01,4.985536686149676933e-01,1.000000000000000000e+00,-2.332585901021957397e-01,-1.249100714921951294e-01,-1.284369379281997681e-01,-1.332608163356781006e-01,-6.085626035928726196e-02,-1.275020558387041092e-02
3.039999999999776215e+00,9.055621528170969547e-01,-3.151120675975469521e-01,-7.851765680360319744e-01,-3.058178664458110485e-01,-3.338417156736208091e-01,5.216062445732768671e-01,1.000000000000000000e+00,-2.578263282775878906e-01,-1.394788026809692383e-01,-1.473453640937805176e-01,-1.223720833659172058e-01,-6.104525923728942871e-02,-5.773465149104595184e-03
3.059999999999774012e+00,9.123957478095958695e-01,-3.170637259868853142e-01,-7.681982796081423537e-01,-2.780144382341304121e-01,-3.271286211751826545e-01,5.378249110300905578e-01,1.000000000000000000e+00,-2.690356671810150146e-01,-1.434876173734664917e-01,-1.551405638456344604e-01,-1.064122319221496582e-01,-5.726135522127151489e-02,1.876212307251989841e-03
3.079999999999771809e+00,9.187924238840967650e-01,-3.187254104112904329e-01,-7.496189206035294150e-01,-2.652986157545712542e-01,-3.257600243263801265e-01,5.452424741431667332e-01,1.000000000000000000e+00,-2.741088569164276123e-01,-1.407719850540161133e-01,-1.525078713893890381e-01,-9.887467324733734131e-02,-5.544146522879600525e-02,6.045560352504253387e-03
3.099999999999769607e+00,9.244776169149661049e-01,-3.201520970788773734e-01,-7.227179749978317469e-01,-2.642501758573498338e-01,-3.281504615322207163e-01,5.458540640832125757e-01,1.000000000000000000e+00,-2.759426832199096680e-01,-1.380459070205688477e-01,-1.473806798458099365e-01,-9.667544066905975342e-02,-5.774902552366256714e-02,5.640081129968166351e-03
3.119999999999767404e+00,9.296964293079721386e-01,-3.211884751960304429e-01,-6.901040130251350213e-01,-2.692259264264492136e-01,-3.325552153018051516e-01,5.429515429179045949e-01,1.000000000000000000e+00,-2.752792537212371826e-01,-1.375941634178161621e-01,-1.438167989253997803e-01,-9.498006850481033325e-02,-6.163709238171577454e-02,3.411721671000123024e-03
3.139999999999765201e+00,9.349966212980033164e-01,-3.216530055361354612e-01,-6.604294507915090540e-01,-2.729549081961261670e-01,-3.367996414259707416e-01,5.407763035522596962e-01,1.000000000000000000e+00,-2.768897116184234619e-01,-1.396548449993133545e-01,-1.438396126031875610e-01,-9.102882444858551025e-02,-6.468079984188079834e-02,2.833853708580136299e-03
3.159999999999762998e+00,9.409169097767732248e-01,-3.214026547095691355e-01,-6.433017234604792023e-01,-2.680391347068342145e-01,-3.384648634143341273e-01,5.436438380876800203e-01,1.000000000000000000e+00,-2.835211753845214844e-01,-1.440687626600265503e-01,-1.485364288091659546e-01,-8.290852606296539307e-02,-6.483710557222366333e-02,5.944525357335805893e-03
3.179999999999760796e+00,9.475964742754663384e-01,-3.204037281669547821e-01,-6.435861417830194275e-01,-2.528651090377918575e-01,-3.370357223135420632e-01,5.524953530612880526e-01,1.000000000000000000e+00,-2.897077202796936035e-01,-1.486726105213165283e-01,-1.555102765560150146e-01,-6.999154388904571533e-02,-6.102668493986129761e-02,1.207558996975421906e-02
3.199999999999758593e+00,9.546608519740176213e-01,-3.188667678912893155e-01,-6.583894976321562620e-01,-2.340695369079412169e-01,-3.347061321809109424e-01,5.634594368037009193e-01,1.000000000000000000e+00,-2.894876897335052490e-01,-1.494353711605072021e-01,-1.591195613145828247e-01,-5.662973970174789429e-02,-5.422697961330413818e-02,1.883340813219547272e-02
3.219999999999756390e+00,9.616058544112636719e-01,-3.171027639431009404e-01,-6.813458443572796286e-01,-2.180458565505889179e-01,-3.333185203637687999e-01,5.728065836788230891e-01,1.000000000000000000e+00,-2.879942059516906738e-01,-1.495652496814727783e-01,-1.600888073444366455e-01,-4.773269966244697571e-02,-4.998166114091873169e-02,2.304012700915336609e-02
3.239999999999754188e+00,9.682624759907174639e-01,-3.153075863493128850e-01,-7.101485991982624535e-01,-2.048544890357831549e-01,-3.326727506737637285e-01,5.805015480624597934e-01,1.000000000000000000e+00,-2.900404632091522217e-01,-1.557515561580657959e-01,-1.645762175321578979e-01,-4.104349017143249512e-02,-5.083798244595527649e-02,2.420257031917572021e-02
3.259999999999751985e+00,9.747316503112002373e-01,-3.135576332171581271e-01,-7.469442176881988527e-01,-1.926021725535843887e-01,-3.321489067181233601e-01,5.876487326770757358e-01,1.000000000000000000e+00,-2.909002602100372314e-01,-1.672224551439285278e-01,-1.726294159889221191e-01,-3.415710851550102234e-02,-5.347836390137672424e-02,2.414646372199058533e-02
3.279999999999749782e+00,9.810331572577737358e-01,-3.119276912730010731e-01,-7.930378597657182782e-01,-1.817992337785570844e-01,-3.319201554501042817e-01,5.939504469625083161e-01,1.000000000000000000e+00,-2.865185439586639404e-01,-1.778454184532165527e-01,-1.789647042751312256e-01,-2.858771383762359619e-02,-5.435546115040779114e-02,2.478855103254318237e-02
3.299999999999747580e+00,9.870306628676434046e-01,-3.105158366486360788e-01,-8.466097405474425353e-01,-1.729888177072432531e-01,-3.321001218681617906e-01,5.990898563374413843e-01,1.000000000000000000e+00,-2.796812653541564941e-01,-1.839455217123031616e-01,-1.811001747846603394e-01,-2.535497210919857025e-02,-5.377163365483283997e-02,2.627794817090034485e-02
3.319999999999745377e+00,9.926163550323319207e-01,-3.093569967667010312e-01,-9.054388095675353076e-01,-1.639745195080870299e-01,-3.319824233838919447e-01,6.043481969536158571e-01,1.000000000000000000e+00,-2.756759524345397949e-01,-1.880219280719757080e-01,-1.823140680789947510e-01,-2.345822192728519440e-02,-5.380023270845413208e-02,2.748789079487323761e-02
3.339999999999743174e+00,9.977741731523713797e-01,-3.084300894755716560e-01,-9.687526180262329145e-01,-1.542509162263031308e-01,-3.314481650517753231e-01,6.100202988679898075e-01,1.000000000000000000e+00,-2.725914716720581055e-01,-1.918537914752960205e-01,-1.840790659189224243e-01,-2.177532576024532318e-02,-5.418340861797332764e-02,2.791441977024078369e-02
3.359999999999740972e+00,1.002481263990156357e+00,-3.077714467224015316e-01,-1.035992093791314517e+00,-1.452685533432188369e-01,-3.309133773104198095e-01,6.152600105497889604e-01,1.000000000000000000e+00,-2.672636806964874268e-01,-1.951503455638885498e-01,-1.853573322296142578e-01,-2.096736244857311249e-02,-5.392875149846076965e-02,2.803348749876022339e-02
3.379999999999738769e+00,1.006669560947091036e+00,-3.074843313751579044e-01,-1.105958201167202004e+00,-1.381088619704908815e-01,-3.306132779148588940e-01,6.194364971838802747e-01,1.000000000000000000e+00,-2.595213651657104492e-01,-1.976286321878433228e-01,-1.855393201112747192e-01,-2.172785997390747070e-02,-5.301807075738906860e-02,2.838958427309989929e-02
3.399999999999736566e+00,1.010260787057832621e+00,-3.076717972214116359e-01,-1.177349122513143165e+00,-1.331786372095930537e-01,-3.305866351649618951e-01,6.223124616277373455e-01,1.000000000000000000e+00,-2.507968842983245850e-01,-1.994639933109283447e-01,-1.849019080400466919e-01,-2.371407300233840942e-02,-5.210907757282257080e-02,2.899595722556114197e-02
3.419999999999734364e+00,1.013207401816825337e+00,-3.083704489421020822e-01,-1.249436252785549373e+00,-1.304506358221979856e-01,-3.307940591780265116e-01,6.239037957703844617e-01,1.000000000000000000e+00,-2.424656152725219727e-01,-2.010342031717300415e-01,-1.840487867593765259e-01,-2.628868632018566132e-02,-5.163222178816795349e-02,2.943778969347476959e-02
3.439999999999732161e+00,1.015491781688390827e+00,-3.095494210498272447e-01,-1.322134173534278867e+00,-1.293826228734117068e-01,-3.310869783389195908e-01,6.245268033238431382e-01,1.000000000000000000e+00,-2.350873202085494995e-01,-2.026800215244293213e-01,-1.836007535457611084e-01,-2.932011522352695465e-02,-5.141352489590644836e-02,2.940312400460243225e-02
3.459999999999729958e+00,1.017099658909282445e+00,-3.111647157260410967e-01,-1.395485595392149447e+00,-1.293179035551840494e-01,-3.312939834947571383e-01,6.245645562594759337e-01,1.000000000000000000e+00,-2.284481972455978394e-01,-2.044109553098678589e-01,-1.837797164916992188e-01,-3.298160433769226074e-02,-5.105257406830787659e-02,2.888932451605796814e-02
3.479999999999727756e+00,1.018000444068171362e+00,-3.132049750597973303e-01,-1.469089902574258755e+00,-1.300233776228751914e-01,-3.313495617337248733e-01,6.241530297199894273e-01,1.000000000000000000e+00,-2.222807109355926514e-01,-2.060791850090026855e-01,-1.844446361064910889e-01,-3.745452314615249634e-02,-5.040254816412925720e-02,2.802936173975467682e-02
3.499999999999725553e+00,1.018153938248205215e+00,-3.156969762506469102e-01,-1.541934145326304240e+00,-1.316714054958949554e-01,-3.312844602449275255e-01,6.231916801273945650e-01,1.000000000000000000e+00,-2.163818031549453735e-01,-2.075635790824890137e-01,-1.853069514036178589e-01,-4.296648502349853516e-02,-4.951924458146095276e-02,2.690671198070049286e-02
3.519999999999723350e+00,1.017530914678978826e+00,-3.186919790126844787e-01,-1.612475236819395530e+00,-1.344845805861448473e-01,-3.311373146136322720e-01,6.215506613247487877e-01,1.000000000000000000e+00,-2.102162837982177734e-01,-2.085701674222946167e-01,-1.858692169189453125e-01,-4.964190721511840820e-02,-4.839029163122177124e-02,2.544893883168697357e-02
3.539999999999721148e+00,1.016138910796767769e+00,-3.222596342450061990e-01,-1.678708272312924521e+00,-1.385737001903719623e-01,-3.309273993057710861e-01,6.191653415556163109e-01,1.000000000000000000e+00,-2.029358893632888794e-01,-2.085144668817520142e-01,-1.854319423437118530e-01,-5.733269080519676208e-02,-4.688458517193794250e-02,2.345148473978042603e-02
3.559999999999718945e+00,1.014057219988030223e+00,-3.264580805629946902e-01,-1.738449638255777474e+00,-1.440865125371593447e-01,-3.307214390550117233e-01,6.159495343533236689e-01,1.000000000000000000e+00,-1.945600509643554688e-01,-2.070810645818710327e-01,-1.837252527475357056e-01,-6.566632539033889771e-02,-4.514819383621215820e-02,2.085224539041519165e-02
3.579999999999716742e+00,1.011396770886463514e+00,-3.312534617460666797e-01,-1.790172442890742177e+00,-1.513987256713298923e-01,-3.306819711089169500e-01,6.116840766917241989e-01,1.000000000000000000e+00,-1.870652586221694946e-01,-2.050673812627792358e-01,-1.816636025905609131e-01,-7.427977025508880615e-02,-4.382254555821418762e-02,1.797870732843875885e-02
3.599999999999714539e+00,1.008238425617543621e+00,-3.364835669969009624e-01,-1.833877457188133775e+00,-1.606249440703547693e-01,-3.309113133682397567e-01,6.063021159589596643e-01,1.000000000000000000e+00,-1.817724704742431641e-01,-2.032857388257980347e-01,-1.801677793264389038e-01,-8.295813947916030884e-02,-4.311855882406234741e-02,1.521546952426433563e-02
3.619999999999712337e+00,1.004687183687508867e+00,-3.419628558419171571e-01,-1.870351648651317644e+00,-1.713892204375801476e-01,-3.313884123454443054e-01,6.000229547447448741e-01,1.000000000000000000e+00,-1.780816614627838135e-01,-2.016141414642333984e-01,-1.791914403438568115e-01,-9.144741296768188477e-02,-4.272072762250900269e-02,1.271167583763599396e-02
3.639999999999710134e+00,1.000830901723786415e+00,-3.475631852949412903e-01,-1.900047902792882493e+00,-1.831635285955887926e-01,-3.320321334057891316e-01,5.931546083192398289e-01,1.000000000000000000e+00,-1.755855679512023926e-01,-1.998554766178131104e-01,-1.784574836492538452e-01,-9.988671541213989258e-02,-4.253592342138290405e-02,1.041208859533071518e-02
3.659999999999707931e+00,9.967303844065895646e-01,-3.532458125250231284e-01,-1.922674957947026364e+00,-1.955477150047932600e-01,-3.327681867094504642e-01,5.859304995805372229e-01,1.000000000000000000e+00,-1.739414185285568237e-01,-1.977781206369400024e-01,-1.775928437709808350e-01,-1.083862036466598511e-01,-4.270671680569648743e-02,8.132480084896087646e-03
3.679999999999705729e+00,9.924389825136835652e-01,-3.590449901393809040e-01,-1.937280498618560109e+00,-2.083531682871038737e-01,-3.335640423372417951e-01,5.784606518325227098e-01,1.000000000000000000e+00,-1.727155894041061401e-01,-1.949853301048278809e-01,-1.760705411434173584e-01,-1.170911639928817749e-01,-4.345261305570602417e-02,5.613145884126424789e-03
3.699999999999703526e+00,9.880170442642748352e-01,-3.650417940218093626e-01,-1.942580421800776724e+00,-2.215506093462845105e-01,-3.344271693118220923e-01,5.707621445480006717e-01,1.000000000000000000e+00,-1.714847534894943237e-01,-1.908989548683166504e-01,-1.732232719659805298e-01,-1.260794699192047119e-01,-4.495419189333915710e-02,2.566306153312325478e-03
3.719999999999701323e+00,9.835379751729015352e-01,-3.713402592919945455e-01,-1.937354593751107190e+00,-2.350943605181102236e-01,-3.353619321817327137e-01,5.628616230311023205e-01,1.000000000000000000e+00,-1.700274795293807983e-01,-1.849294453859329224e-01,-1.684429198503494263e-01,-1.351918876171112061e-01,-4.720048606395721436e-02,-1.209705951623618603e-03
3.739999999999699121e+00,9.790855901770251224e-01,-3.780392463399117609e-01,-1.920896905431772161e+00,-2.487074350047458748e-01,-3.363083387865204998e-01,5.549206629138981883e-01,1.000000000000000000e+00,-1.686220616102218628e-01,-1.770084351301193237e-01,-1.617922186851501465e-01,-1.438048779964447021e-01,-4.982363805174827576e-02,-5.536635871976613998e-03
3.759999999999696918e+00,9.747394943066189921e-01,-3.851768182251492645e-01,-1.893613056373090631e+00,-2.618092090147314255e-01,-3.371170984957751471e-01,5.472779614080732768e-01,1.000000000000000000e+00,-1.683576107025146484e-01,-1.682062745094299316e-01,-1.546524316072463989e-01,-1.508888453245162964e-01,-5.216000974178314209e-02,-9.617688134312629700e-03
3.779999999999694715e+00,9.706038254151327926e-01,-3.926265863920622157e-01,-1.857427301196767466e+00,-2.734734926459125304e-01,-3.375569272496645179e-01,5.404737959565509842e-01,1.000000000000000000e+00,-1.706735491752624512e-01,-1.603331863880157471e-01,-1.489761620759963989e-01,-1.562419533729553223e-01,-5.380290001630783081e-02,-1.280998717993497849e-02
3.799999999999692513e+00,9.668614707192578761e-01,-4.001513474513876956e-01,-1.815244497682054092e+00,-2.826923115674880305e-01,-3.374234881056535906e-01,5.350961515856319517e-01,1.000000000000000000e+00,-1.759918034076690674e-01,-1.548749506473541260e-01,-1.460051387548446655e-01,-1.607198417186737061e-01,-5.492418631911277771e-02,-1.524054910987615585e-02
3.819999999999690310e+00,9.636485408879961190e-01,-4.075354094420396422e-01,-1.770058532822640807e+00,-2.890450189563206762e-01,-3.366809206772705676e-01,5.313904056088128991e-01,1.000000000000000000e+00,-1.832866519689559937e-01,-1.525291353464126587e-01,-1.460167318582534790e-01,-1.643624007701873779e-01,-5.581562221050262451e-02,-1.692035235464572906e-02
3.839999999999688107e+00,9.609932428324050591e-01,-4.146702249772551419e-01,-1.723673252899584618e+00,-2.931905536730118333e-01,-3.355860933965101323e-01,5.289721770240763954e-01,1.000000000000000000e+00,-1.910884827375411987e-01,-1.524166613817214966e-01,-1.478260606527328491e-01,-1.668190360069274902e-01,-5.654237046837806702e-02,-1.777512393891811371e-02
3.859999999999685905e+00,9.588262000438436683e-01,-4.215988887056958401e-01,-1.675902650426889462e+00,-2.967717984214343074e-01,-3.346479520963195342e-01,5.268831175874966188e-01,1.000000000000000000e+00,-1.981571167707443237e-01,-1.523996889591217041e-01,-1.492245793342590332e-01,-1.677826046943664551e-01,-5.720296502113342285e-02,-1.817672140896320343e-02
3.879999999999683702e+00,9.570364010784465636e-01,-4.284716784431631398e-01,-1.624863204653214321e+00,-3.017820757879142723e-01,-3.344534888236098125e-01,5.239604557903833060e-01,1.000000000000000000e+00,-2.036074250936508179e-01,-1.505509316921234131e-01,-1.483031660318374634e-01,-1.668118387460708618e-01,-5.800193175673484802e-02,-1.868644729256629944e-02
3.899999999999681499e+00,9.555410267506855293e-01,-4.354385731437884210e-01,-1.568046411063650059e+00,-3.098026149108427107e-01,-3.354865272593715031e-01,5.192818079686750687e-01,1.000000000000000000e+00,-2.066636532545089722e-01,-1.458959281444549561e-01,-1.441685855388641357e-01,-1.636465936899185181e-01,-5.882344767451286316e-02,-1.951421611011028290e-02
3.919999999999679297e+00,9.543443090500267623e-01,-4.425490194050384907e-01,-1.503590137037872587e+00,-3.212192719630271309e-01,-3.379296944123028612e-01,5.126220913549007774e-01,1.000000000000000000e+00,-2.069897949695587158e-01,-1.385068148374557495e-01,-1.371374130249023438e-01,-1.587277650833129883e-01,-5.915312469005584717e-02,-2.026525139808654785e-02
3.939999999999677094e+00,9.535749025831682379e-01,-4.496993023842771331e-01,-1.431513340158443226e+00,-3.344532635593712167e-01,-3.413932531817232552e-01,5.049022629237001070e-01,1.000000000000000000e+00,-2.057105898857116699e-01,-1.297248303890228271e-01,-1.288117021322250366e-01,-1.532568037509918213e-01,-5.875230580568313599e-02,-2.035098522901535034e-02
3.959999999999674891e+00,9.534879354787824113e-01,-4.566550206338880757e-01,-1.354701018277263636e+00,-3.461034707712765668e-01,-3.448535159030142183e-01,4.981063087167553194e-01,1.000000000000000000e+00,-2.055031657218933105e-01,-1.221484765410423279e-01,-1.218539327383041382e-01,-1.484481096267700195e-01,-5.810583382844924927e-02,-1.954168640077114105e-02
3.979999999999672688e+00,9.544087766288684715e-01,-4.631514929850360507e-01,-1.279012219642753356e+00,-3.524357089138564492e-01,-3.470648403960427952e-01,4.944125031335837028e-01,1.000000000000000000e+00,-2.095888406038284302e-01,-1.187062561511993408e-01,-1.191277503967285156e-01,-1.448069214820861816e-01,-5.809000134468078613e-02,-1.799887046217918396e-02
3.999999999999670486e+00,9.566267647091187820e-01,-4.689967574086194024e-01,-1.212037908679880260e+00,-3.511568082353159204e-01,-3.472261420948157262e-01,4.951585285293990113e-01,1.000000000000000000e+00,-2.207719087600708008e-01,-1.216858401894569397e-01,-1.230008676648139954e-01,-1.418085247278213501e-01,-5.935650318861007690e-02,-1.575891487300395966e-02
4.019999999999677165e+00,9.603115397424770716e-01,-4.741542897331233464e-01,-1.161126368151276234e+00,-3.416164323183854545e-01,-3.451290003557409003e-01,5.007237478142750886e-01,1.000000000000000000e+00,-2.411941736936569214e-01,-1.323769986629486084e-01,-1.354005038738250732e-01,-1.375627666711807251e-01,-6.177631765604019165e-02,-1.199267152696847916e-02
4.039999999999683844e+00,9.653125142733476327e-01,-4.787092537626017608e-01,-1.129231154250262437e+00,-3.264391558075731004e-01,-3.417873036867679071e-01,5.095771591122489896e-01,1.000000000000000000e+00,-2.642115950584411621e-01,-1.452613770961761475e-01,-1.519917994737625122e-01,-1.274778246879577637e-01,-6.246123090386390686e-02,-5.510464310646057129e-03
4.059999999999690523e+00,9.709384557221371059e-01,-4.827736661816784958e-01,-1.109233468946646539e+00,-3.121414060781284583e-01,-3.393340955754662325e-01,5.179175131210916883e-01,1.000000000000000000e+00,-2.754852771759033203e-01,-1.492374390363693237e-01,-1.594249457120895386e-01,-1.124115660786628723e-01,-5.973771214485168457e-02,1.505499938502907753e-03
4.079999999999697202e+00,9.763835469700525849e-01,-4.864084591147371794e-01,-1.089073058079020218e+00,-3.025074702153733863e-01,-3.386527077919309625e-01,5.235373090410321284e-01,1.000000000000000000e+00,-2.803246676921844482e-01,-1.469470411539077759e-01,-1.575067341327667236e-01,-1.040352359414100647e-01,-5.799491330981254578e-02,5.629149265587329865e-03
4.099999999999703881e+00,9.813590869575831155e-01,-4.895926790181615029e-01,-1.062450275654387211e+00,-2.981218752005007633e-01,-3.397355251545354227e-01,5.260955727997078668e-01,1.000000000000000000e+00,-2.828390896320343018e-01,-1.445225328207015991e-01,-1.532407104969024658e-01,-1.013385280966758728e-01,-5.947050824761390686e-02,5.967523436993360519e-03
4.119999999999710560e+00,9.861087499279275193e-01,-4.922658433186491433e-01,-1.031665243909652974e+00,-2.971730823563206725e-01,-3.420462433348887554e-01,5.266490352921462392e-01,1.000000000000000000e+00,-2.837186455726623535e-01,-1.444485187530517578e-01,-1.506751775741577148e-01,-9.900761395692825317e-02,-6.251734495162963867e-02,4.595662001520395279e-03
4.139999999999717240e+00,9.911401380681494899e-01,-4.944362816938764338e-01,-1.004476606219552037e+00,-2.958833447324042965e-01,-3.444738061760003189e-01,5.274013822394307827e-01,1.000000000000000000e+00,-2.861917316913604736e-01,-1.467449665069580078e-01,-1.513746678829193115e-01,-9.435711055994033813e-02,-6.499551236629486084e-02,4.482270684093236923e-03
4.159999999999723919e+00,9.969049944171103350e-01,-4.961321815918042222e-01,-9.890911569907052669e-01,-2.895977889681556339e-01,-3.454933429584095550e-01,5.310679564352425164e-01,1.000000000000000000e+00,-2.917416989803314209e-01,-1.507271081209182739e-01,-1.556203365325927734e-01,-8.585307747125625610e-02,-6.510405242443084717e-02,7.333871442824602127e-03
4.179999999999730598e+00,1.003482503068662934e+00,-4.973740571836267610e-01,-9.892885802107753701e-01,-2.764559112055473000e-01,-3.444832820100650617e-01,5.387340517967640352e-01,1.000000000000000000e+00,-2.961427867412567139e-01,-1.545237451791763306e-01,-1.612602472305297852e-01,-7.322355359792709351e-02,-6.202884018421173096e-02,1.255907770246267319e-02
4.199999999999737277e+00,1.010509871023076212e+00,-4.982341612354439508e-01,-1.002607833132512338e+00,-2.604036558910288179e-01,-3.427509260957994353e-01,5.480978673968998072e-01,1.000000000000000000e+00,-2.957639992237091064e-01,-1.554887294769287109e-01,-1.643423736095428467e-01,-6.033036112785339355e-02,-5.667154863476753235e-02,1.823729276657104492e-02
4.219999999999743956e+00,1.017527885345598238e+00,-4.988269848052790945e-01,-1.024183549796179982e+00,-2.464457668215686292e-01,-3.418202290410083388e-01,5.562399693540849288e-01,1.000000000000000000e+00,-2.947576642036437988e-01,-1.564249098300933838e-01,-1.657799184322357178e-01,-5.123804137110710144e-02,-5.321073532104492188e-02,2.194840461015701294e-02
4.239999999999750635e+00,1.024352651402431480e+00,-4.992726226515143972e-01,-1.052380629043212945e+00,-2.347016024053911742e-01,-3.415539708305314059e-01,5.630907319301884373e-01,1.000000000000000000e+00,-2.960758805274963379e-01,-1.623050719499588013e-01,-1.701427549123764038e-01,-4.405511543154716492e-02,-5.364957079291343689e-02,2.319367974996566772e-02
4.259999999999757314e+00,1.031015717501511109e+00,-4.996754018636222483e-01,-1.088832150275989674e+00,-2.229615647741151618e-01,-3.411629033057131943e-01,5.699390872150994491e-01,1.000000000000000000e+00,-2.962292134761810303e-01,-1.723321527242660522e-01,-1.772047132253646851e-01,-3.710960596799850464e-02,-5.547585710883140564e-02,2.345883473753929138e-02
4.279999999999763993e+00,1.037488574825751853e+00,-5.001122688395509552e-01,-1.134456097743059333e+00,-2.112887842232635538e-01,-3.406520845636824002e-01,5.767482092030962182e-01,1.000000000000000000e+00,-2.924289703369140625e-01,-1.818526834249496460e-01,-1.829240322113037109e-01,-3.169851377606391907e-02,-5.605427548289299011e-02,2.425462566316127777e-02
4.299999999999770672e+00,1.043624359879528285e+00,-5.006345108837705338e-01,-1.187692359988833157e+00,-2.012720273554699790e-01,-3.404842954865847093e-01,5.825913173759758035e-01,1.000000000000000000e+00,-2.864248752593994141e-01,-1.879473924636840820e-01,-1.853340715169906616e-01,-2.841322869062423706e-02,-5.557839572429656982e-02,2.566014416515827179e-02
4.319999999999777351e+00,1.049302120796114401e+00,-5.012602395207750305e-01,-1.246398333848422579e+00,-1.922749491987367776e-01,-3.403994847988438543e-01,5.878396129674035020e-01,1.000000000000000000e+00,-2.818780839443206787e-01,-1.920492649078369141e-01,-1.865591555833816528e-01,-2.643444575369358063e-02,-5.551510304212570190e-02,2.683973126113414764e-02
4.339999999999784031e+00,1.054488772533900276e+00,-5.019852792631974703e-01,-1.309536363478683407e+00,-1.835171436614678464e-01,-3.401531203987732122e-01,5.929483328641437234e-01,1.000000000000000000e+00,-2.781621217727661133e-01,-1.958069503307342529e-01,-1.880479902029037476e-01,-2.505490370094776154e-02,-5.581343173980712891e-02,2.739902026951313019e-02
4.359999999999790710e+00,1.059148607788517715e+00,-5.028329661003310136e-01,-1.376504973591240466e+00,-1.754845698055298442e-01,-3.398836578946319298e-01,5.976340009467742131e-01,1.000000000000000000e+00,-2.727430462837219238e-01,-1.991451829671859741e-01,-1.892060786485671997e-01,-2.457254566252231598e-02,-5.562859773635864258e-02,2.768618613481521606e-02
4.379999999999797389e+00,1.063195368240230199e+00,-5.038629016959798035e-01,-1.446260473112251699e+00,-1.688690673445036872e-01,-3.397411296681528969e-01,6.014930440490394714e-01,1.000000000000000000e+00,-2.650762200355529785e-01,-2.016286402940750122e-01,-1.893998235464096069e-01,-2.543046697974205017e-02,-5.476164817810058594e-02,2.817821688950061798e-02
4.399999999999804068e+00,1.066529079975220284e+00,-5.051358175822850960e-01,-1.517590870077515142e+00,-1.640033812010161518e-01,-3.397548715600102187e-01,6.043313609660738717e-01,1.000000000000000000e+00,-2.564917206764221191e-01,-2.033568918704986572e-01,-1.888248324394226074e-01,-2.739229239523410797e-02,-5.375759303569793701e-02,2.890708670020103455e-02
4.419999999999810747e+00,1.069093338580698660e+00,-5.066698254202053331e-01,-1.589767445563134318e+00,-1.609194495468902752e-01,-3.399004695326602321e-01,6.061303210976473066e-01,1.000000000000000000e+00,-2.483775615692138672e-01,-2.048059999942779541e-01,-1.880921870470046997e-01,-2.995857782661914825e-02,-5.310419574379920959e-02,2.947909198701381683e-02
4.439999999999817426e+00,1.070876637185352198e+00,-5.084366843652659007e-01,-1.662642642239982482e+00,-1.593272438030123028e-01,-3.400902767750879629e-01,6.070591077815761238e-01,1.000000000000000000e+00,-2.411461174488067627e-01,-2.063326984643936157e-01,-1.877270489931106567e-01,-3.301466256380081177e-02,-5.271968990564346313e-02,2.957607619464397430e-02
4.459999999999824105e+00,1.071872695045559709e+00,-5.104000327689891536e-01,-1.736155062486926193e+00,-1.588421205392636926e-01,-3.402154973658724768e-01,6.073420963520961280e-01,1.000000000000000000e+00,-2.345447689294815063e-01,-2.079306393861770630e-01,-1.878746449947357178e-01,-3.671385720372200012e-02,-5.226739495992660522e-02,2.917937934398651123e-02
4.479999999999830784e+00,1.072052205924531654e+00,-5.125462827867738325e-01,-1.809819413659400356e+00,-1.592949958752641615e-01,-3.402190342846972970e-01,6.070779190727625396e-01,1.000000000000000000e+00,-2.283587008714675903e-01,-2.094635963439941406e-01,-1.884111613035202026e-01,-4.123991355299949646e-02,-5.159828811883926392e-02,2.840674109756946564e-02
4.499999999999837463e+00,1.071369268162009059e+00,-5.148897034292791997e-01,-1.882591759213017246e+00,-1.607317678882056455e-01,-3.400941284113919716e-01,6.062398020652133290e-01,1.000000000000000000e+00,-2.223904132843017578e-01,-2.107840776443481445e-01,-1.890681385993957520e-01,-4.680206626653671265e-02,-5.070579424500465393e-02,2.733019180595874786e-02
4.519999999999844142e+00,1.069783729101351222e+00,-5.174691177844386036e-01,-1.952925112512835515e+00,-1.632164813129676206e-01,-3.398372606573897281e-01,6.047903859007688343e-01,1.000000000000000000e+00,-2.160800397396087646e-01,-2.115391641855239868e-01,-1.893451064825057983e-01,-5.349376797676086426e-02,-4.950827732682228088e-02,2.587596513330936432e-02
4.539999999999850822e+00,1.067285976251205026e+00,-5.203531887952259627e-01,-2.018815774197569191e+00,-1.667875760297374277e-01,-3.394517433068720003e-01,6.027072473159864607e-01,1.000000000000000000e+00,-2.086058109998703003e-01,-2.111417502164840698e-01,-1.885917931795120239e-01,-6.116459518671035767e-02,-4.786438867449760437e-02,2.385693974792957306e-02
4.559999999999857501e+00,1.063938780430470299e+00,-5.236193724118896053e-01,-2.078137522822391059e+00,-1.716573354427040066e-01,-3.390310918925990569e-01,5.998665543250892851e-01,1.000000000000000000e+00,-2.001498788595199585e-01,-2.094196528196334839e-01,-1.867079138755798340e-01,-6.948609650135040283e-02,-4.600349441170692444e-02,2.124734222888946533e-02
4.579999999999864180e+00,1.059858384437133649e+00,-5.272571678967912234e-01,-2.129524000720320220e+00,-1.783663674542761146e-01,-3.387949843760753588e-01,5.959529523183388910e-01,1.000000000000000000e+00,-1.927842795848846436e-01,-2.073175758123397827e-01,-1.847197264432907104e-01,-7.812488079071044922e-02,-4.464187473058700562e-02,1.838330551981925964e-02
4.599999999999870859e+00,1.055174346819584885e+00,-5.311296420234901117e-01,-2.173155550246704149e+00,-1.870929646622912779e-01,-3.388691661392815302e-01,5.908624372803300551e-01,1.000000000000000000e+00,-1.876962631940841675e-01,-2.056097984313964844e-01,-1.834252029657363892e-01,-8.678094297647476196e-02,-4.397244378924369812e-02,1.563300937414169312e-02
4.619999999999877538e+00,1.050042823865647179e+00,-5.350956267749364947e-01,-2.209867230784957393e+00,-1.974676217658369315e-01,-3.392329318988464015e-01,5.848105539699284261e-01,1.000000000000000000e+00,-1.842143237590789795e-01,-2.041016072034835815e-01,-1.826517879962921143e-01,-9.513352811336517334e-02,-4.363715276122093201e-02,1.314623747020959854e-02
4.639999999999884217e+00,1.044583467126419141e+00,-5.390699424622833469e-01,-2.240044578231096484e+00,-2.089136000794103720e-01,-3.397849626973484249e-01,5.781337332870105650e-01,1.000000000000000000e+00,-1.819396018981933594e-01,-2.025735229253768921e-01,-1.821140646934509277e-01,-1.033817455172538757e-01,-4.351679235696792603e-02,1.086630392819643021e-02
4.659999999999890896e+00,1.038862214111933469e+00,-5.430441465697701808e-01,-2.263285795406247303e+00,-2.209385573917444778e-01,-3.404164463329409918e-01,5.711191748548156699e-01,1.000000000000000000e+00,-1.805111765861511230e-01,-2.007744610309600830e-01,-1.814682036638259888e-01,-1.117091998457908630e-01,-4.374075680971145630e-02,8.599353022873401642e-03
4.679999999999897575e+00,1.032915334004669727e+00,-5.470729402649614492e-01,-2.278544467922182903e+00,-2.332389602784855076e-01,-3.410538313221625484e-01,5.639439398375500900e-01,1.000000000000000000e+00,-1.794694811105728149e-01,-1.982916444540023804e-01,-1.802113950252532959e-01,-1.202799230813980103e-01,-4.451533034443855286e-02,6.087579298764467239e-03
4.699999999999904254e+00,1.026772608781181706e+00,-5.512533163431631023e-01,-2.284488595239911213e+00,-2.457001766464202430e-01,-3.416748290802242294e-01,5.566748969562548277e-01,1.000000000000000000e+00,-1.783832162618637085e-01,-1.945498436689376831e-01,-1.776928454637527466e-01,-1.291562467813491821e-01,-4.600100964307785034e-02,3.068205667659640312e-03
4.719999999999910933e+00,1.020470958902189640e+00,-5.557056506572457533e-01,-2.279897841156503624e+00,-2.583191800416178019e-01,-3.422966968201517357e-01,5.493138116423895712e-01,1.000000000000000000e+00,-1.770365536212921143e-01,-1.889698356389999390e-01,-1.732991039752960205e-01,-1.381689906120300293e-01,-4.817490279674530029e-02,-6.318059749901294708e-04
4.739999999999917613e+00,1.014059011383740883e+00,-5.605496016140162352e-01,-2.264081370684819294e+00,-2.710467781637250773e-01,-3.429316616774269466e-01,5.418893794044936651e-01,1.000000000000000000e+00,-1.756849139928817749e-01,-1.814405471086502075e-01,-1.670131832361221313e-01,-1.467299610376358032e-01,-5.070227384567260742e-02,-4.860579967498779297e-03
4.759999999999924292e+00,1.007597166916704312e+00,-5.658491982449166402e-01,-2.237419609087861971e+00,-2.835966570261005404e-01,-3.435216207553065670e-01,5.345686167347746265e-01,1.000000000000000000e+00,-1.753265410661697388e-01,-1.729154586791992188e-01,-1.600794494152069092e-01,-1.538279801607131958e-01,-5.298005044460296631e-02,-8.903049863874912262e-03
4.779999999999930971e+00,1.001218995942627421e+00,-5.715255803669954116e-01,-2.201710399270664809e+00,-2.952266708944432660e-01,-3.438898136898119740e-01,5.277844419782413699e-01,1.000000000000000000e+00,-1.772783845663070679e-01,-1.650681346654891968e-01,-1.543451398611068726e-01,-1.591508537530899048e-01,-5.457544699311256409e-02,-1.212672609835863113e-02
4.799999999999937650e+00,9.951655915502577443e-01,-5.774266995931238711e-01,-2.159637970750922786e+00,-3.048483144035371017e-01,-3.437961836020910211e-01,5.221718165979366555e-01,1.000000000000000000e+00,-1.819152086973190308e-01,-1.592413187026977539e-01,-1.509274393320083618e-01,-1.634666323661804199e-01,-5.557306110858917236e-02,-1.460980065166950226e-02
4.819999999999944329e+00,9.896283468260669292e-01,-5.834046496994433895e-01,-2.113993709335014959e+00,-3.117041298552868933e-01,-3.430860406619006264e-01,5.181725909177492539e-01,1.000000000000000000e+00,-1.883378624916076660e-01,-1.561459153890609741e-01,-1.501046270132064819e-01,-1.668315529823303223e-01,-5.626646801829338074e-02,-1.634530723094940186e-02
4.839999999999951008e+00,9.846756991041794027e-01,-5.893660644864555653e-01,-2.066576923226411289e+00,-3.160160046148007273e-01,-3.418816420286268642e-01,5.156573306413662072e-01,1.000000000000000000e+00,-1.953533589839935303e-01,-1.552049368619918823e-01,-1.509855538606643677e-01,-1.689712852239608765e-01,-5.680895596742630005e-02,-1.725362241268157959e-02
4.859999999999957687e+00,9.802538201055024381e-01,-5.953112008409990885e-01,-2.017507533434924838e+00,-3.191096412264717852e-01,-3.406207284567246973e-01,5.138527092845580624e-01,1.000000000000000000e+00,-2.019337117671966553e-01,-1.547050327062606812e-01,-1.517923474311828613e-01,-1.697257906198501587e-01,-5.733449757099151611e-02,-1.767729595303535461e-02
4.879999999999964366e+00,9.762439257288270111e-01,-6.013171173851568074e-01,-1.965454929423874120e+00,-3.229172070139104678e-01,-3.399113282173022998e-01,5.116316292418855438e-01,1.000000000000000000e+00,-2.073002457618713379e-01,-1.530418843030929565e-01,-1.509623825550079346e-01,-1.688145846128463745e-01,-5.800324305891990662e-02,-1.810943894088268280e-02
4.899999999999971045e+00,9.725475346850722680e-01,-6.074719378881873189e-01,-1.908531647994125446e+00,-3.292505296361813993e-01,-3.403411300753809710e-01,5.079371910455607875e-01,1.000000000000000000e+00,-2.108435928821563721e-01,-1.493503749370574951e-01,-1.477402150630950928e-01,-1.660927534103393555e-01,-5.870639160275459290e-02,-1.874013431370258331e-02
4.919999999999977724e+00,9.691604685049526324e-01,-6.138115651924366256e-01,-1.845367811516630985e+00,-3.390594810027409145e-01,-3.422879259109016803e-01,5.022153027484010934e-01,1.000000000000000000e+00,-2.123597562313079834e-01,-1.435793191194534302e-01,-1.423109024763107300e-01,-1.619280427694320679e-01,-5.905048549175262451e-02,-1.928589306771755219e-02
4.939999999999984404e+00,9.662137716577546831e-01,-6.202890885219223271e-01,-1.776104548780642833e+00,-3.516154064515732425e-01,-3.456465021100631474e-01,4.948910129032488836e-01,1.000000000000000000e+00,-2.127143740653991699e-01,-1.366530805826187134e-01,-1.358205080032348633e-01,-1.572107225656509399e-01,-5.885102227330207825e-02,-1.928626745939254761e-02
4.959999999999991083e+00,9.639671165374050776e-01,-6.267913549264361173e-01,-1.703135027727235462e+00,-3.642166652336826238e-01,-3.496300871271780242e-01,4.875402786136850963e-01,1.000000000000000000e+00,-2.139484435319900513e-01,-1.305422931909561157e-01,-1.302727460861206055e-01,-1.528228670358657837e-01,-5.847619101405143738e-02,-1.851076632738113403e-02
4.979999999999997762e+00,9.627444343431221796e-01,-6.331955478287394357e-01,-1.631217451621110426e+00,-3.731180590545308262e-01,-3.529574344921465601e-01,4.823477988848569598e-01,1.000000000000000000e+00,-2.186598330736160278e-01,-1.276725381612777710e-01,-1.280256956815719604e-01,-1.490963846445083618e-01,-5.863043665885925293e-02,-1.699767820537090302e-02
5.000000000000004441e+00,9.628344073235968192e-01,-6.394166698066972021e-01,-1.566633962291173354e+00,-3.751206602313800764e-01,-3.544059808766258368e-01,4.811796148650282490e-01,1.000000000000000000e+00,-2.293477952480316162e-01,-1.301340311765670776e-01,-1.312492638826370239e-01,-1.455773413181304932e-01,-5.988957732915878296e-02,-1.468634884804487228e-02
5.020000000000011120e+00,9.643968810304600625e-01,-6.454534421339284123e-01,-1.515614093711662447e+00,-3.679165723718297865e-01,-3.530165141135824247e-01,4.853819994497658996e-01,1.000000000000000000e+00,-2.476641237735748291e-01,-1.389252990484237671e-01,-1.414720714092254639e-01,-1.407175958156585693e-01,-6.214093044400215149e-02,-1.094624493271112442e-02
5.040000000000017799e+00,9.672920986234113672e-01,-6.513233754274918574e-01,-1.480774632516101974e+00,-3.521561508928670037e-01,-3.490375989903088949e-01,4.945755786458275183e-01,1.000000000000000000e+00,-2.678101956844329834e-01,-1.492416858673095703e-01,-1.548177599906921387e-01,-1.310443878173828125e-01,-6.304963678121566772e-02,-5.090252496302127838e-03
5.060000000000024478e+00,9.709542616898279022e-01,-6.569203245479273701e-01,-1.456563499759734759e+00,-3.347250670484127610e-01,-3.450199682071517504e-01,5.047437108884258450e-01,1.000000000000000000e+00,-2.785598933696746826e-01,-1.525322943925857544e-01,-1.610864847898483276e-01,-1.175727397203445435e-01,-6.127922981977462769e-02,1.054274500347673893e-03
5.080000000000031157e+00,9.747347772954015888e-01,-6.620781414158875000e-01,-1.433319571793201908e+00,-3.220326968312278160e-01,-3.430210777550920520e-01,5.121475935151170722e-01,1.000000000000000000e+00,-2.834611237049102783e-01,-1.507209390401840210e-01,-1.598192453384399414e-01,-1.090007200837135315e-01,-5.991635099053382874e-02,4.878076259046792984e-03
5.100000000000037836e+00,9.783982382862562721e-01,-6.667081152653913101e-01,-1.405969675348520909e+00,-3.158282675743011580e-01,-3.434501169372029539e-01,5.157668439149909467e-01,1.000000000000000000e+00,-2.864796221256256104e-01,-1.487640142440795898e-01,-1.566079258918762207e-01,-1.052626296877861023e-01,-6.074024364352226257e-02,5.816868506371974945e-03
5.120000000000044516e+00,9.821475527763101621e-01,-6.708318779453772418e-01,-1.376624459290562097e+00,-3.140807574199071528e-01,-3.456167308595605725e-01,5.167862248383874313e-01,1.000000000000000000e+00,-2.886241674423217773e-01,-1.489595174789428711e-01,-1.550334692001342773e-01,-1.018479615449905396e-01,-6.286776810884475708e-02,5.409045144915580750e-03
5.140000000000051195e+00,9.863644128073241202e-01,-6.746035714594740273e-01,-1.351860268875980209e+00,-3.122339222619465171e-01,-3.480271506941171045e-01,5.178635453471978067e-01,1.000000000000000000e+00,-2.917681038379669189e-01,-1.512197703123092651e-01,-1.562431603670120239e-01,-9.617453813552856445e-02,-6.463197618722915649e-02,5.929871462285518646e-03
5.160000000000057874e+00,9.913502503562948709e-01,-6.781457335655769469e-01,-1.338166144518723399e+00,-3.054089614187349144e-01,-3.489510722578881285e-01,5.218447725057379083e-01,1.000000000000000000e+00,-2.962255477905273438e-01,-1.546301096677780151e-01,-1.599576473236083984e-01,-8.703409880399703979e-02,-6.461574882268905640e-02,8.599094115197658539e-03
5.180000000000064553e+00,9.971061459936714222e-01,-6.814942565707011735e-01,-1.338197001438099276e+00,-2.921158730021179428e-01,-3.478680131722286517e-01,5.295990740820978315e-01,1.000000000000000000e+00,-2.990930080413818359e-01,-1.577395498752593994e-01,-1.644127666950225830e-01,-7.473929971456527710e-02,-6.223252415657043457e-02,1.294548064470291138e-02
5.200000000000071232e+00,1.003326938783962952e+00,-6.846139589862465513e-01,-1.350048141398766388e+00,-2.764611036479553419e-01,-3.462175942764764147e-01,5.387310228720260108e-01,1.000000000000000000e+00,-2.987729012966156006e-01,-1.591605544090270996e-01,-1.672375798225402832e-01,-6.253971159458160400e-02,-5.827096849679946899e-02,1.758054271340370178e-02
5.220000000000077911e+00,1.009654427924332243e+00,-6.874840917473042934e-01,-1.370368337819807492e+00,-2.629299726349700328e-01,-3.454317203125951696e-01,5.466241826296007744e-01,1.000000000000000000e+00,-2.981837689876556396e-01,-1.610679328441619873e-01,-1.693125665187835693e-01,-5.321479588747024536e-02,-5.563388392329216003e-02,2.079083956778049469e-02
5.240000000000084590e+00,1.015909378226576898e+00,-6.901567921575149089e-01,-1.398064712609108140e+00,-2.511917033145730782e-01,-3.452224899562832405e-01,5.534715063998323359e-01,1.000000000000000000e+00,-2.987034022808074951e-01,-1.666018664836883545e-01,-1.735023409128189087e-01,-4.547814652323722839e-02,-5.568494647741317749e-02,2.216319367289543152e-02
5.260000000000091269e+00,1.022049945496101397e+00,-6.927241357010753831e-01,-1.434158251793262506e+00,-2.390349728503078919e-01,-3.447549050825919337e-01,5.605629325039870325e-01,1.000000000000000000e+00,-2.981223762035369873e-01,-1.751069128513336182e-01,-1.794810593128204346e-01,-3.848971426486968994e-02,-5.677160620689392090e-02,2.277689799666404724e-02
5.280000000000097948e+00,1.028007992324884157e+00,-6.952407925431650648e-01,-1.479191574335328552e+00,-2.267149850110916631e-01,-3.440930722143081266e-01,5.677495920768631521e-01,1.000000000000000000e+00,-2.948535382747650146e-01,-1.835329085588455200e-01,-1.845886111259460449e-01,-3.323478996753692627e-02,-5.716487020254135132e-02,2.369822748005390167e-02
5.300000000000104627e+00,1.033648168205873796e+00,-6.977136291220555897e-01,-1.531959340013433479e+00,-2.160978701789521839e-01,-3.438172197472679215e-01,5.739429090622778507e-01,1.000000000000000000e+00,-2.897288799285888672e-01,-1.896735727787017822e-01,-1.873283386230468750e-01,-2.994541451334953308e-02,-5.687609314918518066e-02,2.499309927225112915e-02
5.320000000000111307e+00,1.038845706123575852e+00,-7.001345854797085266e-01,-1.590551957138303774e+00,-2.071027649658512826e-01,-3.438405815384109609e-01,5.791900537699200546e-01,1.000000000000000000e+00,-2.849130928516387939e-01,-1.940039545297622681e-01,-1.887662112712860107e-01,-2.797952294349670410e-02,-5.676520243287086487e-02,2.613726258277893066e-02
5.340000000000117986e+00,1.043538902620809505e+00,-7.025002028006029908e-01,-1.653693771490351461e+00,-1.987352102431731993e-01,-3.438171670115146017e-01,5.840711273581489227e-01,1.000000000000000000e+00,-2.805635333061218262e-01,-1.977866739034652710e-01,-1.901044696569442749e-01,-2.690122462809085846e-02,-5.690378695726394653e-02,2.684895880520343781e-02
5.360000000000124665e+00,1.047674345581742994e+00,-7.048183733995413425e-01,-1.720598346618297914e+00,-1.909847321930952524e-01,-3.437202235949143314e-01,5.885922395540277297e-01,1.000000000000000000e+00,-2.750127911567687988e-01,-2.011436223983764648e-01,-1.911501139402389526e-01,-2.677427791059017181e-02,-5.669175833463668823e-02,2.734214626252651215e-02
5.380000000000131344e+00,1.051163943177996885e+00,-7.071055777462627034e-01,-1.790294445505069776e+00,-1.844931053474999638e-01,-3.436963012679098983e-01,5.923790218806249674e-01,1.000000000000000000e+00,-2.675884366035461426e-01,-2.036610394716262817e-01,-1.913856863975524902e-01,-2.779181301593780518e-02,-5.586196854710578918e-02,2.797923423349857330e-02
5.400000000000138023e+00,1.053907895989014909e+00,-7.093766253601798688e-01,-1.861684334537106134e+00,-1.797153402681929690e-01,-3.438206909104296605e-01,5.951660515102207283e-01,1.000000000000000000e+00,-2.593229115009307861e-01,-2.053740024566650391e-01,-1.909259259700775146e-01,-2.978051826357841492e-02,-5.480330809950828552e-02,2.879473567008972168e-02
5.420000000000144702e+00,1.055848854252788183e+00,-7.116289444723471469e-01,-1.934052849587259981e+00,-1.766359387329847763e-01,-3.440528482532381749e-01,5.969623690724255027e-01,1.000000000000000000e+00,-2.514680325984954834e-01,-2.067641019821166992e-01,-1.903187185525894165e-01,-3.238596767187118530e-02,-5.398381128907203674e-02,2.945416420698165894e-02
5.440000000000151381e+00,1.056976582703961220e+00,-7.138376512941769780e-01,-2.007163788193742526e+00,-1.748744381426249050e-01,-3.442712887449880799e-01,5.979899110834687725e-01,1.000000000000000000e+00,-2.443716824054718018e-01,-2.081807553768157959e-01,-1.899978369474411011e-01,-3.551428765058517456e-02,-5.341165885329246521e-02,2.966223284602165222e-02
5.460000000000158060e+00,1.057286980446199731e+00,-7.159733999621540335e-01,-2.080833529524844572e+00,-1.740575827044506529e-01,-3.443637812438503087e-01,5.984664100890704219e-01,1.000000000000000000e+00,-2.378137707710266113e-01,-2.096268981695175171e-01,-1.900674551725387573e-01,-3.929562121629714966e-02,-5.283416807651519775e-02,2.937857806682586670e-02
5.480000000000164739e+00,1.056752560280907582e+00,-7.180180558385891310e-01,-2.154498093473640630e+00,-1.740742922192338726e-01,-3.442865830875526667e-01,5.984566628721135206e-01,1.000000000000000000e+00,-2.316126376390457153e-01,-2.109856158494949341e-01,-1.904266923666000366e-01,-4.391564801335334778e-02,-5.210472643375396729e-02,2.868955768644809723e-02
5.500000000000171418e+00,1.055327143791655597e+00,-7.199711705491558256e-01,-2.227093982816240381e+00,-1.750002182755946989e-01,-3.440412326830549761e-01,5.979165393392363859e-01,1.000000000000000000e+00,-2.255424857139587402e-01,-2.120867818593978882e-01,-1.908224374055862427e-01,-4.957037419080734253e-02,-5.116163566708564758e-02,2.764296904206275940e-02
5.520000000000178098e+00,1.052964415646244767e+00,-7.218567598932440488e-01,-2.297077634414963487e+00,-1.769144072841659088e-01,-3.436302613057569677e-01,5.967999290842365134e-01,1.000000000000000000e+00,-2.190102934837341309e-01,-2.125402837991714478e-01,-1.907655298709869385e-01,-5.632678419351577759e-02,-4.987485706806182861e-02,2.615812607109546661e-02
5.540000000000184777e+00,1.049638219824597485e+00,-7.237372255768846907e-01,-2.362467440230636040e+00,-1.799501197383588935e-01,-3.430895318709045738e-01,5.950290968192906149e-01,1.000000000000000000e+00,-2.112731933593750000e-01,-2.117991149425506592e-01,-1.896941959857940674e-01,-6.402672827243804932e-02,-4.812571406364440918e-02,2.407803386449813843e-02
5.560000000000191456e+00,1.045390997393243371e+00,-7.257014780549104760e-01,-2.421250682716655334e+00,-1.845440998801281818e-01,-3.425875887047176716e-01,5.923492750699251852e-01,1.000000000000000000e+00,-2.027721256017684937e-01,-2.098670154809951782e-01,-1.877031177282333374e-01,-7.235485315322875977e-02,-4.624344408512115479e-02,2.144010923802852631e-02
5.580000000000198135e+00,1.040343119463461141e+00,-7.277628720151556596e-01,-2.472276076771725783e+00,-1.913047404338437119e-01,-3.423712979441836390e-01,5.884055680802577903e-01,1.000000000000000000e+00,-1.956186294555664062e-01,-2.077783346176147461e-01,-1.858630180358886719e-01,-8.096373826265335083e-02,-4.495114460587501526e-02,1.858577504754066467e-02
5.600000000000204814e+00,1.034664889100594287e+00,-7.298294534824401048e-01,-2.515881203654501963e+00,-2.001995892089725726e-01,-3.425063311723670068e-01,5.832169062947659688e-01,1.000000000000000000e+00,-1.907609552145004272e-01,-2.061968296766281128e-01,-1.847877502441406250e-01,-8.949875086545944214e-02,-4.435932263731956482e-02,1.584289968013763428e-02
5.620000000000211493e+00,1.028542719551046813e+00,-7.318234358156925357e-01,-2.552878317707637734e+00,-2.106188570763817547e-01,-3.428969099486371963e-01,5.771390000387772723e-01,1.000000000000000000e+00,-1.874844282865524292e-01,-2.048632353544235229e-01,-1.842027306556701660e-01,-9.763839840888977051e-02,-4.409227520227432251e-02,1.335771754384040833e-02
5.640000000000218172e+00,1.022107336694415114e+00,-7.337127479985114942e-01,-2.583521985704032353e+00,-2.218481192725436368e-01,-3.433931390864661815e-01,5.705885970910161697e-01,1.000000000000000000e+00,-1.854059100151062012e-01,-2.035453170537948608e-01,-1.838267147541046143e-01,-1.056348979473114014e-01,-4.403907060623168945e-02,1.107392553240060806e-02
5.660000000000224851e+00,1.015416079961031892e+00,-7.355182889155116310e-01,-2.607270496271179461e+00,-2.333867563038884152e-01,-3.438756162289012264e-01,5.638577254893983870e-01,1.000000000000000000e+00,-1.841504573822021484e-01,-2.019785493612289429e-01,-1.833404302597045898e-01,-1.137426942586898804e-01,-4.432398080825805664e-02,8.792296051979064941e-03
5.680000000000231530e+00,1.008481646041780477e+00,-7.373062103822265456e-01,-2.622988268243663601e+00,-2.450064776191483440e-01,-3.442883325779302894e-01,5.570795547221634170e-01,1.000000000000000000e+00,-1.832357794046401978e-01,-1.997378170490264893e-01,-1.822631061077117920e-01,-1.221401318907737732e-01,-4.512982442975044250e-02,6.264945492148399353e-03
5.700000000000238209e+00,1.001301412522269452e+00,-7.391767543195213452e-01,-2.629322746701221014e+00,-2.567018447070505416e-01,-3.446420125356136066e-01,5.502572572542204776e-01,1.000000000000000000e+00,-1.822381466627120972e-01,-1.962594985961914062e-01,-1.799788326025009155e-01,-1.308691203594207764e-01,-4.658051952719688416e-02,3.266476793214678764e-03
5.720000000000244889e+00,9.938756057713675762e-01,-7.412524290070723332e-01,-2.625096346705071859e+00,-2.686111558960116441e-01,-3.450020354206486672e-01,5.433101590606598252e-01,1.000000000000000000e+00,-1.809842139482498169e-01,-1.910017579793930054e-01,-1.759186685085296631e-01,-1.397523283958435059e-01,-4.863435402512550354e-02,-3.360379196237772703e-04
5.740000000000251568e+00,9.862167671287869197e-01,-7.436585638184498581e-01,-2.609693022167829835e+00,-2.808688631904839306e-01,-3.454447781185785993e-01,5.361598298055509915e-01,1.000000000000000000e+00,-1.797478348016738892e-01,-1.838571429252624512e-01,-1.700437963008880615e-01,-1.482437252998352051e-01,-5.100608989596366882e-02,-4.417021758854389191e-03
5.760000000000258247e+00,9.783621373049574688e-01,-7.464741786657613787e-01,-2.583524423973968087e+00,-2.933254893177817402e-01,-3.459592774625366296e-01,5.288934645646272692e-01,1.000000000000000000e+00,-1.794157773256301880e-01,-1.756784021854400635e-01,-1.634486019611358643e-01,-1.553755104541778564e-01,-5.318374186754226685e-02,-8.369757793843746185e-03
5.780000000000264926e+00,9.704539152428768300e-01,-7.496728374618810697e-01,-2.548284347990277254e+00,-3.052437340942006361e-01,-3.463689757896182275e-01,5.219411551117162373e-01,1.000000000000000000e+00,-1.810971051454544067e-01,-1.679682135581970215e-01,-1.577968746423721313e-01,-1.607316285371780396e-01,-5.472920835018157959e-02,-1.159929949790239334e-02
5.800000000000271605e+00,9.627503183487126082e-01,-7.532009811868045634e-01,-2.506398476930447483e+00,-3.153596864482097750e-01,-3.463649086625705809e-01,5.160401829052109202e-01,1.000000000000000000e+00,-1.850745230913162231e-01,-1.618797034025192261e-01,-1.540346890687942505e-01,-1.649371683597564697e-01,-5.563171952962875366e-02,-1.411874033510684967e-02
5.820000000000278284e+00,9.554628534805915674e-01,-7.569954091976682786e-01,-2.460365135051951313e+00,-3.226476720715564794e-01,-3.456913451513139446e-01,5.117888579582586805e-01,1.000000000000000000e+00,-1.905851513147354126e-01,-1.580605506896972656e-01,-1.523934602737426758e-01,-1.680568456649780273e-01,-5.615899711847305298e-02,-1.589589193463325500e-02
5.840000000000284963e+00,9.486875385826569751e-01,-7.609981731809023486e-01,-2.411884286493694241e+00,-3.270776482268446528e-01,-3.443891167241861506e-01,5.092047052010072461e-01,1.000000000000000000e+00,-1.967364400625228882e-01,-1.562083214521408081e-01,-1.522637754678726196e-01,-1.698933839797973633e-01,-5.654165893793106079e-02,-1.685418002307415009e-02
5.860000000000291642e+00,9.424028065432414891e-01,-7.651865828776079903e-01,-2.361330412292331538e+00,-3.298362939253018933e-01,-3.428738375711653519e-01,5.075954952102404993e-01,1.000000000000000000e+00,-2.027460932731628418e-01,-1.550664901733398438e-01,-1.523297727108001709e-01,-1.704179346561431885e-01,-5.695288628339767456e-02,-1.730662584304809570e-02
5.880000000000298321e+00,9.365179630693506452e-01,-7.695785828627002001e-01,-2.307935562442799515e+00,-3.328616540155341919e-01,-3.417891729880884188e-01,5.058307018242717001e-01,1.000000000000000000e+00,-2.079581767320632935e-01,-1.533913463354110718e-01,-1.514097750186920166e-01,-1.695074290037155151e-01,-5.751307681202888489e-02,-1.767684519290924072e-02
5.900000000000305000e+00,9.309534720079386538e-01,-7.742071606919171955e-01,-2.250483285358634067e+00,-3.380660274759190176e-01,-3.417795570726435139e-01,5.027948173057138481e-01,1.000000000000000000e+00,-2.119103968143463135e-01,-1.504607498645782471e-01,-1.489147841930389404e-01,-1.671345233917236328e-01,-5.811169743537902832e-02,-1.812190562486648560e-02
5.920000000000311680e+00,9.257114618671604678e-01,-7.790934025901256055e-01,-2.188155219057727585e+00,-3.465624357674230160e-01,-3.432786257935883101e-01,4.978385791356698675e-01,1.000000000000000000e+00,-2.145258486270904541e-01,-1.461476981639862061e-01,-1.449404209852218628e-01,-1.636235117912292480e-01,-5.845271423459053040e-02,-1.843984983861446381e-02
5.940000000000318359e+00,9.209113788699151426e-01,-7.842349517972357908e-01,-2.121289744204688077e+00,-3.579281649257843312e-01,-3.462680577969170503e-01,4.912085704599590819e-01,1.000000000000000000e+00,-2.164851427078247070e-01,-1.410440802574157715e-01,-1.402602344751358032e-01,-1.596057713031768799e-01,-5.841180682182312012e-02,-1.828802749514579773e-02
5.960000000000325038e+00,9.167783748462730031e-01,-7.896153099543804510e-01,-2.051901981136196707e+00,-3.698932408473027400e-01,-3.500907870676796541e-01,4.842289428390733619e-01,1.000000000000000000e+00,-2.192835956811904907e-01,-1.365469098091125488e-01,-1.362762749195098877e-01,-1.556477993726730347e-01,-5.827958509325981140e-02,-1.746065914630889893e-02
5.980000000000331717e+00,9.135858633010998098e-01,-7.952245291508980296e-01,-1.983760432224591419e+00,-3.789960766148771087e-01,-3.535505245599188662e-01,4.789189553079883366e-01,1.000000000000000000e+00,-2.248859107494354248e-01,-1.345125138759613037e-01,-1.347626745700836182e-01,-1.518887579441070557e-01,-5.861900746822357178e-02,-1.591585017740726471e-02
6.000000000000338396e+00,9.115778898753941206e-01,-8.010658556995520208e-01,-1.921818742292728199e+00,-3.818321912784242711e-01,-3.553184967863607935e-01,4.772645550875858067e-01,1.000000000000000000e+00,-2.352846115827560425e-01,-1.366470009088516235e-01,-1.374865472316741943e-01,-1.478986293077468872e-01,-5.990335345268249512e-02,-1.353234238922595978e-02
6.020000000000345075e+00,9.108818407702288233e-01,-8.071660506263176327e-01,-1.870986120801551467e+00,-3.755362796761258504e-01,-3.541780570227223146e-01,4.809371701889265660e-01,1.000000000000000000e+00,-2.514462769031524658e-01,-1.435424387454986572e-01,-1.454824209213256836e-01,-1.424306035041809082e-01,-6.198025494813919067e-02,-9.881442412734031677e-03
6.040000000000351754e+00,9.113828937031673849e-01,-8.134848399987455458e-01,-1.833260985273432953e+00,-3.601483156765590277e-01,-3.501208958149221173e-01,4.899134825220071709e-01,1.000000000000000000e+00,-2.684428095817565918e-01,-1.512148082256317139e-01,-1.555050015449523926e-01,-1.330980062484741211e-01,-6.300415843725204468e-02,-4.712686408311128616e-03
6.060000000000358433e+00,9.126899744750237575e-01,-8.197941298889134254e-01,-1.804589271198176359e+00,-3.422826383571415110e-01,-3.457312965758145284e-01,5.003351276250007640e-01,1.000000000000000000e+00,-2.784215211868286133e-01,-1.536385565996170044e-01,-1.604294180870056152e-01,-1.212560832500457764e-01,-6.195518001914024353e-02,5.649675731547176838e-04
6.080000000000365112e+00,9.143792922271600787e-01,-8.258068453567724010e-01,-1.777906529992086426e+00,-3.288825727833543100e-01,-3.433991748103197295e-01,5.081518325430433025e-01,1.000000000000000000e+00,-2.836306691169738770e-01,-1.522942930459976196e-01,-1.598003804683685303e-01,-1.128252446651458740e-01,-6.096914410591125488e-02,4.079096019268035889e-03
6.100000000000371791e+00,9.162999888309966146e-01,-8.313954673520580485e-01,-1.749596124861979574e+00,-3.221179743875490220e-01,-3.436960599212216527e-01,5.120978482739296789e-01,1.000000000000000000e+00,-2.872179448604583740e-01,-1.509179025888442993e-01,-1.577443331480026245e-01,-1.078564226627349854e-01,-6.136907637119293213e-02,5.498542916029691696e-03
6.120000000000378471e+00,9.185826950733223528e-01,-8.366321148518647277e-01,-1.721563111316006811e+00,-3.195812887998185636e-01,-3.457461650413762300e-01,5.135775815334391314e-01,1.000000000000000000e+00,-2.902516722679138184e-01,-1.513081789016723633e-01,-1.570712327957153320e-01,-1.030927747488021851e-01,-6.272159516811370850e-02,5.954383872449398041e-03
6.140000000000385150e+00,9.214423159343937408e-01,-8.417238569623910482e-01,-1.699006485823533419e+00,-3.164401380064444380e-01,-3.478545190328627412e-01,5.154099194962407093e-01,1.000000000000000000e+00,-2.936280369758605957e-01,-1.533164083957672119e-01,-1.585288941860198975e-01,-9.631478786468505859e-02,-6.384704262018203735e-02,7.034686859697103500e-03
6.160000000000391829e+00,9.250313806220269441e-01,-8.468045854963964780e-01,-1.686681985748336832e+00,-3.084252850715012428e-01,-3.484604473110066158e-01,5.200852503749575639e-01,1.000000000000000000e+00,-2.970599234104156494e-01,-1.560908555984497070e-01,-1.616214215755462646e-01,-8.664845675230026245e-02,-6.371705979108810425e-02,9.534369222819805145e-03
6.180000000000398508e+00,9.292958323477036320e-01,-8.518881433490749222e-01,-1.686384364978386285e+00,-2.949275658308349035e-01,-3.473587562701854203e-01,5.279589199320129378e-01,1.000000000000000000e+00,-2.988767623901367188e-01,-1.586759090423583984e-01,-1.651252210140228271e-01,-7.480517029762268066e-02,-6.192179396748542786e-02,1.314100157469511032e-02
6.200000000000405187e+00,9.340133503981677965e-01,-8.568766568626856595e-01,-1.696860913660380277e+00,-2.797004534306805623e-01,-3.458837317538170919e-01,5.368414021654362989e-01,1.000000000000000000e+00,-2.986816465854644775e-01,-1.605467200279235840e-01,-1.678412556648254395e-01,-6.321955472230911255e-02,-5.910339578986167908e-02,1.691556721925735474e-02
6.220000000000411866e+00,9.389341524819168061e-01,-8.616803414475318057e-01,-1.716038613562343773e+00,-2.661951200068736756e-01,-3.451400070491576488e-01,5.447195133293236680e-01,1.000000000000000000e+00,-2.982527911663055420e-01,-1.631743013858795166e-01,-1.704149097204208374e-01,-5.365163832902908325e-02,-5.712420120835304260e-02,1.971722766757011414e-02
6.240000000000418545e+00,9.438963767180066355e-01,-8.662955254913146108e-01,-1.743221580664288339e+00,-2.540915807023526596e-01,-3.448678660163991272e-01,5.517799112569609088e-01,1.000000000000000000e+00,-2.980880439281463623e-01,-1.683113127946853638e-01,-1.743888407945632935e-01,-4.548477381467819214e-02,-5.685267597436904907e-02,2.124465629458427429e-02
6.260000000000425224e+00,9.488085164639665781e-01,-8.707722362468605093e-01,-1.778944487943773689e+00,-2.417793588042930764e-01,-3.444309927024192253e-01,5.589620406974956657e-01,1.000000000000000000e+00,-2.969769239425659180e-01,-1.755606830120086670e-01,-1.794978231191635132e-01,-3.847311437129974365e-02,-5.736656114459037781e-02,2.218634076416492462e-02
6.280000000000431903e+00,9.535787118614466040e-01,-8.751290682842289836e-01,-1.823454665086895687e+00,-2.294549131324347957e-01,-3.438620796956600167e-01,5.661513006727463271e-01,1.000000000000000000e+00,-2.940877676010131836e-01,-1.831058412790298462e-01,-1.841426044702529907e-01,-3.330828249454498291e-02,-5.762535333633422852e-02,2.322326041758060455e-02
6.300000000000438583e+00,9.580884715246089645e-01,-8.793379746275455933e-01,-1.875817506722619710e+00,-2.186063543785402297e-01,-3.436186798022219935e-01,5.724796266125181665e-01,1.000000000000000000e+00,-2.896402776241302490e-01,-1.892957240343093872e-01,-1.871728599071502686e-01,-3.004844114184379578e-02,-5.749586969614028931e-02,2.442675270140171051e-02
6.320000000000445262e+00,9.622175450059585744e-01,-8.833600338804497021e-01,-1.934355388455006208e+00,-2.094706151267726191e-01,-3.437187585183633098e-01,5.778088078427159324e-01,1.000000000000000000e+00,-2.847491502761840820e-01,-1.939564347267150879e-01,-1.889158338308334351e-01,-2.819137647747993469e-02,-5.737790465354919434e-02,2.552648819983005524e-02
6.340000000000451941e+00,9.658816503086529170e-01,-8.871708990979287890e-01,-1.997616558766785122e+00,-2.011763248127490800e-01,-3.438350460345638848e-01,5.826471438592296659e-01,1.000000000000000000e+00,-2.798751592636108398e-01,-1.978562325239181519e-01,-1.902225166559219360e-01,-2.740029990673065186e-02,-5.736063420772552490e-02,2.635434083640575409e-02
6.360000000000458620e+00,9.690142445643552538e-01,-8.907536542564559179e-01,-2.064587256496380974e+00,-1.934624338014244438e-01,-3.438482275800944232e-01,5.871469136158357083e-01,1.000000000000000000e+00,-2.741625308990478516e-01,-2.012234181165695190e-01,-1.911767870187759399e-01,-2.760095894336700439e-02,-5.707476288080215454e-02,2.702297829091548920e-02
6.380000000000465299e+00,9.715396549874109056e-01,-8.940884313300345720e-01,-2.134312266471614095e+00,-1.868880942278532409e-01,-3.438860514099917332e-01,5.909819450337522317e-01,1.000000000000000000e+00,-2.670404911041259766e-01,-2.037779688835144043e-01,-1.914534568786621094e-01,-2.880431339144706726e-02,-5.626967549324035645e-02,2.777314744889736176e-02
6.400000000000471978e+00,9.733769904926308225e-01,-8.971524826751527959e-01,-2.205817767395505502e+00,-1.819829746287084937e-01,-3.440569966913831212e-01,5.938432647999200009e-01,1.000000000000000000e+00,-2.591908872127532959e-01,-2.055257558822631836e-01,-1.911160498857498169e-01,-3.086175210773944855e-02,-5.518715083599090576e-02,2.863087132573127747e-02
6.420000000000478657e+00,9.744758305744147808e-01,-8.999241084767445331e-01,-2.278414803864515115e+00,-1.787094828460912277e-01,-3.443137934718406012e-01,5.957528016731133969e-01,1.000000000000000000e+00,-2.516076862812042236e-01,-2.068841755390167236e-01,-1.906048506498336792e-01,-3.353606909513473511e-02,-5.422302708029747009e-02,2.933469042181968689e-02
6.440000000000485336e+00,9.748237661821590461e-01,-9.023787174601689554e-01,-2.351763712692501063e+00,-1.766356674743277400e-01,-3.445139266276106560e-01,5.969625273066421212e-01,1.000000000000000000e+00,-2.446164935827255249e-01,-2.081825584173202515e-01,-1.902760863304138184e-01,-3.676324337720870972e-02,-5.345876514911651611e-02,2.962452732026576996e-02
6.460000000000492015e+00,9.744149411534093197e-01,-9.044903078732495771e-01,-2.425548217359894121e+00,-1.754018241669914602e-01,-3.445445048438714464e-01,5.976822692359216038e-01,1.000000000000000000e+00,-2.380744367837905884e-01,-2.094559818506240845e-01,-1.902244538068771362e-01,-4.066308587789535522e-02,-5.273157730698585510e-02,2.943307906389236450e-02
6.480000000000498694e+00,9.732254197004966967e-01,-9.062348628505797477e-01,-2.499130851887389593e+00,-1.749363670780382241e-01,-3.443716104383171550e-01,5.979537858711443388e-01,1.000000000000000000e+00,-2.318198978900909424e-01,-2.106093168258666992e-01,-1.903725117444992065e-01,-4.542692378163337708e-02,-5.190230533480644226e-02,2.880521304905414581e-02
6.500000000000505374e+00,9.712144478077817666e-01,-9.075978524610617271e-01,-2.571438622697068688e+00,-1.753438136351894439e-01,-3.440059397963356469e-01,5.977161087128061157e-01,1.000000000000000000e+00,-2.255879342555999756e-01,-2.114515751600265503e-01,-1.904791444540023804e-01,-5.123592168092727661e-02,-5.086810514330863953e-02,2.775828354060649872e-02
6.520000000000512053e+00,9.683353243451247039e-01,-9.085876902064229377e-01,-2.640947930253011222e+00,-1.767674742676998700e-01,-3.434719443650461335e-01,5.968856400105083670e-01,1.000000000000000000e+00,-2.187808752059936523e-01,-2.115848511457443237e-01,-1.900894790887832642e-01,-5.811749398708343506e-02,-4.948263987898826599e-02,2.620724588632583618e-02
6.540000000000518732e+00,9.645501573452321953e-01,-9.092548235282793545e-01,-2.705746665577543286e+00,-1.795442534914760135e-01,-3.428717953838863464e-01,5.952658521299722949e-01,1.000000000000000000e+00,-2.108292579650878906e-01,-2.105598300695419312e-01,-1.887769997119903564e-01,-6.587924063205718994e-02,-4.769503325223922729e-02,2.404498122632503510e-02
6.560000000000525411e+00,9.598829234698642576e-01,-9.096918058010182717e-01,-2.764011032980641769e+00,-1.843639497391878768e-01,-3.424555899318765806e-01,5.924543626521403539e-01,1.000000000000000000e+00,-2.024635374546051025e-01,-2.085607498884201050e-01,-1.868166923522949219e-01,-7.418075948953628540e-02,-4.592333361506462097e-02,2.138522639870643616e-02
6.580000000000532090e+00,9.544543623358560103e-01,-9.099422264421435091e-01,-2.814824968294222352e+00,-1.916837791438753269e-01,-3.424274670971513279e-01,5.881844621660726746e-01,1.000000000000000000e+00,-1.956712156534194946e-01,-2.066081762313842773e-01,-1.852117031812667847e-01,-8.265448361635208130e-02,-4.479677975177764893e-02,1.855599135160446167e-02
6.600000000000538769e+00,9.484538563679260070e-01,-9.099761052816023321e-01,-2.858600579907731198e+00,-2.011162113750633584e-01,-3.427471887618300239e-01,5.826822100312130104e-01,1.000000000000000000e+00,-1.911146640777587891e-01,-2.052131593227386475e-01,-1.843733191490173340e-01,-9.096588939428329468e-02,-4.431736841797828674e-02,1.583140715956687927e-02
6.620000000000545448e+00,9.420673742000916784e-01,-9.097854616349398960e-01,-2.896032153412770871e+00,-2.118062205465101877e-01,-3.432404604912344670e-01,5.764463713478690243e-01,1.000000000000000000e+00,-1.880848854780197144e-01,-2.040814012289047241e-01,-1.839758455753326416e-01,-9.884246438741683960e-02,-4.413558542728424072e-02,1.334535703063011169e-02
6.640000000000552127e+00,9.354133515648830333e-01,-9.093888014217715865e-01,-2.927189166491317884e+00,-2.229691326229545634e-01,-3.437285878886973678e-01,5.699346726366097959e-01,1.000000000000000000e+00,-1.862120628356933594e-01,-2.029731720685958862e-01,-1.837473064661026001e-01,-1.065703928470611572e-01,-4.417292401194572449e-02,1.103915646672248840e-02
6.660000000000558806e+00,9.285306080330075762e-01,-9.088278673445884248e-01,-2.951384330579799542e+00,-2.341732840822717265e-01,-3.441065778389673091e-01,5.633989176186747772e-01,1.000000000000000000e+00,-1.851149052381515503e-01,-2.016151547431945801e-01,-1.833851635456085205e-01,-1.144584119319915771e-01,-4.454554244875907898e-02,8.715922012925148010e-03
6.680000000000565485e+00,9.214086445844060780e-01,-9.081695918799219669e-01,-2.967422455636466783e+00,-2.453255203592724087e-01,-3.443579821538116925e-01,5.568934464570910459e-01,1.000000000000000000e+00,-1.843083947896957397e-01,-1.995779424905776978e-01,-1.824332624673843384e-01,-1.226859465241432190e-01,-4.539656266570091248e-02,6.153742782771587372e-03
6.700000000000572165e+00,9.140175435216448818e-01,-9.075068112325667125e-01,-2.973975576495703432e+00,-2.565580459240218714e-01,-3.445390870327570965e-01,5.503411398776538732e-01,1.000000000000000000e+00,-1.833998113870620728e-01,-1.963210254907608032e-01,-1.803303062915802002e-01,-1.312681734561920166e-01,-4.679590836167335510e-02,3.180838655680418015e-03
6.720000000000578844e+00,9.063264521913256822e-01,-9.069534960065357421e-01,-2.969953034218337784e+00,-2.681181737397232978e-01,-3.447546363468079189e-01,5.435977319851613698e-01,1.000000000000000000e+00,-1.822728812694549561e-01,-1.913559883832931519e-01,-1.765845268964767456e-01,-1.400222778320312500e-01,-4.868008568882942200e-02,-2.920860715676099062e-04
6.740000000000585523e+00,8.983154558254471400e-01,-9.066296790934297301e-01,-2.954846836910399066e+00,-2.802061528208286134e-01,-3.451060246329760162e-01,5.365464108545165978e-01,1.000000000000000000e+00,-1.812149733304977417e-01,-1.845981776714324951e-01,-1.711629182100296021e-01,-1.484470069408416748e-01,-5.083024874329566956e-02,-4.177665803581476212e-03
6.760000000000592202e+00,8.899961094819065499e-01,-9.066212622087078676e-01,-2.929109516481595232e+00,-2.926618807666292454e-01,-3.455801121915579310e-01,5.292805695527995624e-01,1.000000000000000000e+00,-1.809743344783782959e-01,-1.767971068620681763e-01,-1.649873107671737671e-01,-1.556350290775299072e-01,-5.284952744841575623e-02,-7.998094893991947174e-03
6.780000000000598881e+00,8.814961722705803027e-01,-9.069502025101404685e-01,-2.894318960431680576e+00,-3.046980248872094288e-01,-3.459815386643367852e-01,5.222594854824611499e-01,1.000000000000000000e+00,-1.824192851781845093e-01,-1.692556440830230713e-01,-1.594792902469635010e-01,-1.610771417617797852e-01,-5.431859195232391357e-02,-1.121075823903083801e-02
6.800000000000605560e+00,8.730502318890169811e-01,-9.076540893696102286e-01,-2.852614975131654074e+00,-3.149754419569594788e-01,-3.459680087706596407e-01,5.162643255251069263e-01,1.000000000000000000e+00,-1.857465505599975586e-01,-1.629368364810943604e-01,-1.554154902696609497e-01,-1.652241200208663940e-01,-5.514277517795562744e-02,-1.375776622444391251e-02
6.820000000000612239e+00,8.648555837121278955e-01,-9.087514793802926594e-01,-2.806177568427056901e+00,-3.224352842072311098e-01,-3.452682639180988944e-01,5.119127508791151415e-01,1.000000000000000000e+00,-1.903581172227859497e-01,-1.584271639585494995e-01,-1.530015617609024048e-01,-1.681464761495590210e-01,-5.554959177970886230e-02,-1.557736378163099289e-02
6.840000000000618918e+00,8.570202476343606879e-01,-9.102290364105244391e-01,-2.756600947636651533e+00,-3.270373311416219231e-01,-3.439250746720364793e-01,5.092282235007205005e-01,1.000000000000000000e+00,-1.956623494625091553e-01,-1.556968390941619873e-01,-1.519138067960739136e-01,-1.697204262018203735e-01,-5.581982061266899109e-02,-1.658692397177219391e-02
6.860000000000625597e+00,8.495616830625840610e-01,-9.120648552376878770e-01,-2.704517269048125616e+00,-3.299298342675817119e-01,-3.423575522746966082e-01,5.075409300105773180e-01,1.000000000000000000e+00,-2.011240124702453613e-01,-1.539283841848373413e-01,-1.512795984745025635e-01,-1.700317412614822388e-01,-5.614984780550003052e-02,-1.705945469439029694e-02
6.880000000000632276e+00,8.424378672799579526e-01,-9.142476932608178952e-01,-2.649715908534406417e+00,-3.329535991135765816e-01,-3.411966727449460279e-01,5.057770671837469312e-01,1.000000000000000000e+00,-2.062066495418548584e-01,-1.521988213062286377e-01,-1.502565890550613403e-01,-1.690981984138488770e-01,-5.662529543042182922e-02,-1.735745742917060852e-02
6.900000000000638956e+00,8.356068278534622973e-01,-9.167798426599128581e-01,-2.591617926329333965e+00,-3.378397537140350737e-01,-3.410369464215974311e-01,5.029268103334795237e-01,1.000000000000000000e+00,-2.105442434549331665e-01,-1.498932689428329468e-01,-1.483759731054306030e-01,-1.669827997684478760e-01,-5.714014917612075806e-02,-1.761784404516220093e-02
6.920000000000645635e+00,8.290808419614400515e-01,-9.196761997524910415e-01,-2.529883844625929079e+00,-3.454721541245702188e-01,-3.422243756981773743e-01,4.984745767606673095e-01,1.000000000000000000e+00,-2.141112536191940308e-01,-1.468008160591125488e-01,-1.456228494644165039e-01,-1.639588922262191772e-01,-5.747831612825393677e-02,-1.771023124456405640e-02
6.940000000000652314e+00,8.229542500548643336e-01,-9.229652404215858974e-01,-2.464973132958192092e+00,-3.553506308688222926e-01,-3.446808155624482839e-01,4.927121319931869747e-01,1.000000000000000000e+00,-2.174081802368164062e-01,-1.432338207960128784e-01,-1.424482762813568115e-01,-1.604457795619964600e-01,-5.756576731801033020e-02,-1.739395782351493835e-02
6.960000000000658993e+00,8.173946206874256326e-01,-9.266917959213567535e-01,-2.398523226383119766e+00,-3.654704190172415323e-01,-3.478029832443183533e-01,4.868089222399423766e-01,1.000000000000000000e+00,-2.214833796024322510e-01,-1.401147991418838501e-01,-1.397599726915359497e-01,-1.567647457122802734e-01,-5.763436108827590942e-02,-1.649582013487815857e-02
6.980000000000665672e+00,8.126034325080708776e-01,-9.309149488357975066e-01,-2.333428484041152107e+00,-3.728542249514596452e-01,-3.505541233504415044e-01,4.825017021116485005e-01,1.000000000000000000e+00,-2.277578264474868774e-01,-1.387815624475479126e-01,-1.388072520494461060e-01,-1.529209166765213013e-01,-5.812790617346763611e-02,-1.492756139487028122e-02
7.000000000000672351e+00,8.087646089456167475e-01,-9.356926028131398176e-01,-2.273476328787073175e+00,-3.744481318131018810e-01,-3.517559398201126619e-01,4.815719231090238583e-01,1.000000000000000000e+00,-2.377072572708129883e-01,-1.405255943536758423e-01,-1.409235596656799316e-01,-1.485273540019989014e-01,-5.941937491297721863e-02,-1.254648715257644653e-02
7.020000000000679030e+00,8.059741882636960453e-01,-9.410659150531504036e-01,-2.222424457195669500e+00,-3.677171423044891529e-01,-3.503663735816480163e-01,4.854983336557145979e-01,1.000000000000000000e+00,-2.517692744731903076e-01,-1.456527560949325562e-01,-1.467849910259246826e-01,-1.426378190517425537e-01,-6.133741512894630432e-02,-9.094178676605224609e-03
7.040000000000685709e+00,8.041669208423073423e-01,-9.469617420370507466e-01,-2.181837790669453270e+00,-3.529797615629755025e-01,-3.465032529580736043e-01,4.940951390882642458e-01,1.000000000000000000e+00,-2.660912573337554932e-01,-1.511510163545608521e-01,-1.540025472640991211e-01,-1.337482631206512451e-01,-6.245696917176246643e-02,-4.574985243380069733e-03
7.060000000000692388e+00,8.031243096733181597e-01,-9.531186541893075237e-01,-2.149022157353540852e+00,-3.362362381481756035e-01,-3.424924776613237909e-01,5.038621944135641684e-01,1.000000000000000000e+00,-2.754277288913726807e-01,-1.529086828231811523e-01,-1.578514873981475830e-01,-1.231876984238624573e-01,-6.193469837307929993e-02,9.866082564258249477e-07
7.080000000000699067e+00,8.026223895733692881e-01,-9.592355644711161311e-01,-2.119213285322780749e+00,-3.234431443386601712e-01,-3.403870487609335638e-01,5.113248324691148650e-01,1.000000000000000000e+00,-2.810672521591186523e-01,-1.520021557807922363e-01,-1.578709334135055542e-01,-1.148555874824523926e-01,-6.121170148253440857e-02,3.325633471831679344e-03
7.100000000000705747e+00,8.025862410598539887e-01,-9.651728838089026485e-01,-2.090039835847254501e+00,-3.164112817457071514e-01,-3.406435574784421605e-01,5.154267523150041219e-01,1.000000000000000000e+00,-2.852465510368347168e-01,-1.511393040418624878e-01,-1.568666845560073853e-01,-1.087620854377746582e-01,-6.132978573441505432e-02,5.157010164111852646e-03
7.120000000000712426e+00,8.030619171637215503e-01,-9.710091452202314066e-01,-2.063084575299181989e+00,-3.125648125880002293e-01,-3.423157256980182139e-01,5.176705259903331413e-01,1.000000000000000000e+00,-2.888021767139434814e-01,-1.516175270080566406e-01,-1.568799018859863281e-01,-1.027136445045471191e-01,-6.210594624280929565e-02,6.280687171965837479e-03
7.140000000000719105e+00,8.041333917240003348e-01,-9.769099848399583896e-01,-2.042184749307436764e+00,-3.074752669548485584e-01,-3.437847829890307572e-01,5.206394276096716345e-01,1.000000000000000000e+00,-2.920771241188049316e-01,-1.532833278179168701e-01,-1.583623737096786499e-01,-9.501341730356216431e-02,-6.275537610054016113e-02,7.748454809188842773e-03
7.160000000000725784e+00,8.058449499372700719e-01,-9.829769663502972987e-01,-2.030672500967340532e+00,-2.980355624795705816e-01,-3.439444620773952632e-01,5.261459218869171117e-01,1.000000000000000000e+00,-2.947063148021697998e-01,-1.554854363203048706e-01,-1.608613431453704834e-01,-8.509306609630584717e-02,-6.256033480167388916e-02,1.008761394768953323e-02
7.180000000000732463e+00,8.081250928779939446e-01,-9.891898609334908166e-01,-2.029843901787385718e+00,-2.843916805600591458e-01,-3.428600361702888732e-01,5.341048530066321298e-01,1.000000000000000000e+00,-2.959121763706207275e-01,-1.577008962631225586e-01,-1.636806875467300415e-01,-7.371848076581954956e-02,-6.122987717390060425e-02,1.314255688339471817e-02
7.200000000000739142e+00,8.108309357919448734e-01,-9.954289598896847169e-01,-2.039063759072629711e+00,-2.695367919943430501e-01,-3.415685378156620988e-01,5.427702046699665051e-01,1.000000000000000000e+00,-2.957743406295776367e-01,-1.598453521728515625e-01,-1.663144975900650024e-01,-6.255362927913665771e-02,-5.922862142324447632e-02,1.630345359444618225e-02
7.220000000000745821e+00,8.137998314913157394e-01,-1.001579179480132531e+00,-2.057187971799579351e+00,-2.558860746158803656e-01,-3.408135630162416607e-01,5.507331231407364136e-01,1.000000000000000000e+00,-2.953011393547058105e-01,-1.628274321556091309e-01,-1.691478937864303589e-01,-5.279491841793060303e-02,-5.769003927707672119e-02,1.883688196539878845e-02
7.240000000000752500e+00,8.168957748862455404e-01,-1.007593526589411592e+00,-2.083803940815344369e+00,-2.433571689261478377e-01,-3.404493929059297930e-01,5.580416514597470456e-01,1.000000000000000000e+00,-2.946683764457702637e-01,-1.675920337438583374e-01,-1.729264855384826660e-01,-4.435627162456512451e-02,-5.718841776251792908e-02,2.052079327404499054e-02
7.260000000000759179e+00,8.200089733423170379e-01,-1.013470243773961554e+00,-2.119147700019476499e+00,-2.309880747022012848e-01,-3.400739105374075422e-01,5.652569564237158728e-01,1.000000000000000000e+00,-2.932531535625457764e-01,-1.739688068628311157e-01,-1.774745285511016846e-01,-3.731431812047958374e-02,-5.730040371417999268e-02,2.173555269837379456e-02
7.280000000000765858e+00,8.230405716553103046e-01,-1.019186240602423243e+00,-2.163249846046544800e+00,-2.188192339628678151e-01,-3.396549872957097538e-01,5.723554468549937324e-01,1.000000000000000000e+00,-2.905722558498382568e-01,-1.808992326259613037e-01,-1.818305402994155884e-01,-3.217469900846481323e-02,-5.743211135268211365e-02,2.287992089986801147e-02
7.300000000000772538e+00,8.258886054058295345e-01,-1.024682417059552320e+00,-2.215305206881947431e+00,-2.077851943652512801e-01,-3.394543246219769439e-01,5.787919699536033802e-01,1.000000000000000000e+00,-2.865177690982818604e-01,-1.871199756860733032e-01,-1.850758939981460571e-01,-2.895994484424591064e-02,-5.738471075892448425e-02,2.402577362954616547e-02
7.320000000000779217e+00,8.284461682197905574e-01,-1.029887036372702180e+00,-2.273786944411655853e+00,-1.982042963702720095e-01,-3.395149156636004251e-01,5.843808271173412949e-01,1.000000000000000000e+00,-2.815902531147003174e-01,-1.920908689498901367e-01,-1.871023327112197876e-01,-2.725716680288314819e-02,-5.727020651102066040e-02,2.507618069648742676e-02
7.340000000000785896e+00,8.306255704510110416e-01,-1.034742378238997063e+00,-2.337131578324118220e+00,-1.895103740163565920e-01,-3.396013515298578755e-01,5.894522818237919459e-01,1.000000000000000000e+00,-2.763128578662872314e-01,-1.961375474929809570e-01,-1.884341835975646973e-01,-2.672542631626129150e-02,-5.713579431176185608e-02,2.596452832221984863e-02
7.360000000000792575e+00,8.323624841090311310e-01,-1.039201692694339263e+00,-2.404143377982401741e+00,-1.814633608355026850e-01,-3.395939110357311108e-01,5.941463728459567273e-01,1.000000000000000000e+00,-2.704343497753143311e-01,-1.995090991258621216e-01,-1.893112659454345703e-01,-2.719534561038017273e-02,-5.677264928817749023e-02,2.674273774027824402e-02
7.380000000000799254e+00,8.336042270732895165e-01,-1.043220008652485431e+00,-2.473869789740668512e+00,-1.745462027962400575e-01,-3.395982556892295223e-01,5.981813817021932600e-01,1.000000000000000000e+00,-2.635834813117980957e-01,-2.020836323499679565e-01,-1.896044164896011353e-01,-2.856743894517421722e-02,-5.598024278879165649e-02,2.755001187324523926e-02
7.400000000000805933e+00,8.342982243165067979e-01,-1.046751770241415969e+00,-2.545448795493556737e+00,-1.692620216878428785e-01,-3.397206225373671784e-01,6.012638206820916098e-01,1.000000000000000000e+00,-2.561346888542175293e-01,-2.038627862930297852e-01,-1.893539428710937500e-01,-3.070376440882682800e-02,-5.488524213433265686e-02,2.840293943881988525e-02
7.420000000000812612e+00,8.344060790466557576e-01,-1.049760409738404565e+00,-2.618214154900869062e+00,-1.655518932451970904e-01,-3.399093322708057752e-01,6.034280622736349908e-01,1.000000000000000000e+00,-2.487945854663848877e-01,-2.051767408847808838e-01,-1.888880580663681030e-01,-3.345326334238052368e-02,-5.379667133092880249e-02,2.910960093140602112e-02
7.440000000000819291e+00,8.339133708206368789e-01,-1.052216844550234676e+00,-2.691721410536311421e+00,-1.629922437572671190e-01,-3.400230533151124002e-01,6.049211911415941501e-01,1.000000000000000000e+00,-2.418754100799560547e-01,-2.063376903533935547e-01,-1.885075718164443970e-01,-3.678931668400764465e-02,-5.284858494997024536e-02,2.944454178214073181e-02
7.460000000000825970e+00,8.328122767686646499e-01,-1.054093341765137026e+00,-2.765528235301554894e+00,-1.612652092453555897e-01,-3.399595422868665895e-01,6.059286279402091857e-01,1.000000000000000000e+00,-2.353145927190780640e-01,-2.074261158704757690e-01,-1.883166879415512085e-01,-4.083746671676635742e-02,-5.195958539843559265e-02,2.931153401732444763e-02
7.480000000000832650e+00,8.310848101023116108e-01,-1.055359621200712805e+00,-2.838934106847023742e+00,-1.603350018447828873e-01,-3.396944511270894029e-01,6.064712489238766047e-01,1.000000000000000000e+00,-2.289625853300094604e-01,-2.083659321069717407e-01,-1.882563531398773193e-01,-4.579589515924453735e-02,-5.100328102707862854e-02,2.871099673211574554e-02
7.500000000000839329e+00,8.287003325863376846e-01,-1.055989841802288831e+00,-2.910868036759956201e+00,-1.603459789715306616e-01,-3.392507680024856587e-01,6.064648455999404053e-01,1.000000000000000000e+00,-2.225349247455596924e-01,-2.089517265558242798e-01,-1.880989968776702881e-01,-5.182090401649475098e-02,-4.985808208584785461e-02,2.763088978826999664e-02
7.520000000000846008e+00,8.256182814426392680e-01,-1.055978271426749160e+00,-2.979855645456964464e+00,-1.615758702064084840e-01,-3.386951099409798438e-01,6.057474090462616756e-01,1.000000000000000000e+00,-2.155011147260665894e-01,-2.088183462619781494e-01,-1.874566078186035156e-01,-5.887565761804580688e-02,-4.840437322854995728e-02,2.599348314106464386e-02
7.540000000000852687e+00,8.217975862781445873e-01,-1.055361008623803221e+00,-3.044119561845708422e+00,-1.646288829200675818e-01,-3.382104065781059710e-01,6.039664849632938592e-01,1.000000000000000000e+00,-2.075484693050384521e-01,-2.076588720083236694e-01,-1.860665977001190186e-01,-6.669601798057556152e-02,-4.669191315770149231e-02,2.375964634120464325e-02
7.560000000000859366e+00,8.172469804250771519e-01,-1.054230726630544179e+00,-3.102076670259260815e+00,-1.702968737873289951e-01,-3.380742831030472684e-01,6.006601569573913890e-01,1.000000000000000000e+00,-1.995847225189208984e-01,-2.057739049196243286e-01,-1.843006163835525513e-01,-7.488881051540374756e-02,-4.515907913446426392e-02,2.110591344535350800e-02
7.580000000000866045e+00,8.120730685401079674e-01,-1.052668724090032093e+00,-3.152993679502857027e+00,-1.786008218319801166e-01,-3.383624090477258539e-01,5.958161872646782209e-01,1.000000000000000000e+00,-1.933029443025588989e-01,-2.040645629167556763e-01,-1.829925477504730225e-01,-8.310671895742416382e-02,-4.425574839115142822e-02,1.832836121320724487e-02
7.600000000000872724e+00,8.064531997816581921e-01,-1.050710725890813269e+00,-3.197225854646053911e+00,-1.887517979504409193e-01,-3.389181280104396898e-01,5.898947845289094216e-01,1.000000000000000000e+00,-1.891387104988098145e-01,-2.029077410697937012e-01,-1.824005544185638428e-01,-9.112178534269332886e-02,-4.391133412718772888e-02,1.564638689160346985e-02
7.620000000000879403e+00,8.005448258721432619e-01,-1.048407467299133033e+00,-3.235270092959471100e+00,-1.997653644831457187e-01,-3.395250175618831356e-01,5.834702040514982979e-01,1.000000000000000000e+00,-1.864259541034698486e-01,-2.020120769739151001e-01,-1.822019070386886597e-01,-9.873498976230621338e-02,-4.384217038750648499e-02,1.316471677273511887e-02
7.640000000000886082e+00,7.944384650795716096e-01,-1.045813853001785310e+00,-3.266997773858735243e+00,-2.109184739350340176e-01,-3.400171994826127753e-01,5.769642235378967809e-01,1.000000000000000000e+00,-1.847903579473495483e-01,-2.011293917894363403e-01,-1.821264773607254028e-01,-1.062341779470443726e-01,-4.400435090065002441e-02,1.081918179988861084e-02
7.660000000000892761e+00,7.881526512066657775e-01,-1.042981532667948574e+00,-3.291605807102364611e+00,-2.219287965059750234e-01,-3.403311530405966345e-01,5.705415353715145299e-01,1.000000000000000000e+00,-1.838596165180206299e-01,-1.999793946743011475e-01,-1.818786561489105225e-01,-1.139503642916679382e-01,-4.449447989463806152e-02,8.430192247033119202e-03
7.680000000000899441e+00,7.816595908542622873e-01,-1.039971371953459789e+00,-3.307887582324070763e+00,-2.328618616574716638e-01,-3.404997120820410506e-01,5.641639140331414781e-01,1.000000000000000000e+00,-1.831791698932647705e-01,-1.981367766857147217e-01,-1.810322403907775879e-01,-1.220474988222122192e-01,-4.540260508656501770e-02,5.822121631354093552e-03
7.700000000000906120e+00,7.749098575415437340e-01,-1.036864008907656620e+00,-3.314585996873764540e+00,-2.439652310288889792e-01,-3.406185200487904519e-01,5.576869485664813775e-01,1.000000000000000000e+00,-1.824090331792831421e-01,-1.950929760932922363e-01,-1.790950298309326172e-01,-1.305118054151535034e-01,-4.673823341727256775e-02,2.887180773541331291e-03
7.720000000000912799e+00,7.678482315897505739e-01,-1.033759495691627617e+00,-3.310725535808933362e+00,-2.555283856273737331e-01,-3.408087107055630116e-01,5.509417750506986344e-01,1.000000000000000000e+00,-1.814815551042556763e-01,-1.904177665710449219e-01,-1.756655424833297729e-01,-1.391578614711761475e-01,-4.842257499694824219e-02,-4.289665957912802696e-04
7.740000000000919478e+00,7.604264986401733095e-01,-1.030765303675001743e+00,-3.295906342965007507e+00,-2.677066124291908045e-01,-3.411576175129805155e-01,5.438378094163053289e-01,1.000000000000000000e+00,-1.806583553552627563e-01,-1.840497702360153198e-01,-1.707210987806320190e-01,-1.475257575511932373e-01,-5.030848830938339233e-02,-4.090648144483566284e-03
7.760000000000926157e+00,7.526277011998862010e-01,-1.027965832386635414e+00,-3.270591536937819566e+00,-2.802177408396945846e-01,-3.416117602553045973e-01,5.365396511768447674e-01,1.000000000000000000e+00,-1.805177330970764160e-01,-1.766221970319747925e-01,-1.649913489818572998e-01,-1.547798663377761841e-01,-5.211440101265907288e-02,-7.754509337246417999e-03
7.780000000000932836e+00,7.445457749389573499e-01,-1.025416646510480811e+00,-3.236208638652140479e+00,-2.922025125345891206e-01,-3.419503207020048174e-01,5.295485343548229640e-01,1.000000000000000000e+00,-1.817011237144470215e-01,-1.692156344652175903e-01,-1.596204936504364014e-01,-1.603437066078186035e-01,-5.346118658781051636e-02,-1.093638874590396881e-02
7.800000000000939515e+00,7.363616498408336319e-01,-1.023222337156644457e+00,-3.194601226314116360e+00,-3.023358600578695543e-01,-3.418331279997620653e-01,5.236374149662427202e-01,1.000000000000000000e+00,-1.843643933534622192e-01,-1.626297384500503540e-01,-1.552445143461227417e-01,-1.644826680421829224e-01,-5.420067906379699707e-02,-1.351030450314283371e-02
7.820000000000946194e+00,7.282335673502100537e-01,-1.021467310522836236e+00,-3.147658853641441823e+00,-3.096892256074580962e-01,-3.410372675560289224e-01,5.193479517289827374e-01,1.000000000000000000e+00,-1.881095319986343384e-01,-1.574460417032241821e-01,-1.521054208278656006e-01,-1.672618985176086426e-01,-5.452359095215797424e-02,-1.538331620395183563e-02
7.840000000000952873e+00,7.202676789347371988e-01,-1.020185781455459351e+00,-3.096926721643332936e+00,-3.143749861759203568e-01,-3.396647850886823639e-01,5.166145913973797521e-01,1.000000000000000000e+00,-1.926286965608596802e-01,-1.539285629987716675e-01,-1.501825451850891113e-01,-1.686203330755233765e-01,-5.473012104630470276e-02,-1.645075902342796326e-02
7.860000000000959552e+00,7.125163862535187631e-01,-1.019380778663772968e+00,-3.043333955156951820e+00,-3.175768433952234626e-01,-3.381537095947585447e-01,5.147468413527862552e-01,1.000000000000000000e+00,-1.976097077131271362e-01,-1.516472548246383667e-01,-1.489938050508499146e-01,-1.687493324279785156e-01,-5.501328408718109131e-02,-1.693284884095191956e-02
7.880000000000966232e+00,7.049869654557612275e-01,-1.019045377318263501e+00,-2.987207913880007837e+00,-3.209758285935053745e-01,-3.370843287670818866e-01,5.127640999871218019e-01,1.000000000000000000e+00,-2.026127129793167114e-01,-1.499063521623611450e-01,-1.479439586400985718e-01,-1.677823513746261597e-01,-5.542437359690666199e-02,-1.714244484901428223e-02
7.900000000000972911e+00,6.976739243474360253e-01,-1.019177298961327693e+00,-2.928515955503127710e+00,-3.259596789804549699e-01,-3.369315479057858886e-01,5.098568539280678991e-01,1.000000000000000000e+00,-2.073102295398712158e-01,-1.481279879808425903e-01,-1.466040313243865967e-01,-1.658282279968261719e-01,-5.587114766240119934e-02,-1.721682958304882050e-02
7.920000000000979590e+00,6.905941212485134928e-01,-1.019791176939369048e+00,-2.867255391664552011e+00,-3.330171083879699956e-01,-3.378904032765374654e-01,5.057400201070174628e-01,1.000000000000000000e+00,-2.116536647081375122e-01,-1.460011452436447144e-01,-1.448210477828979492e-01,-1.630945652723312378e-01,-5.620810762047767639e-02,-1.709718629717826843e-02
7.940000000000986269e+00,6.838094221977377707e-01,-1.020928123672153021e+00,-2.803879668278710824e+00,-3.414584241900390782e-01,-3.397865851479759947e-01,5.008159192224771461e-01,1.000000000000000000e+00,-2.159579992294311523e-01,-1.436115652322769165e-01,-1.427747607231140137e-01,-1.598460525274276733e-01,-5.640274658799171448e-02,-1.663305424153804779e-02
7.960000000000992948e+00,6.774263840085079647e-01,-1.022657954996843088e+00,-2.739628995022037383e+00,-3.495000502964178413e-01,-3.420658857932174501e-01,4.961249706604228815e-01,1.000000000000000000e+00,-2.209123075008392334e-01,-1.415195465087890625e-01,-1.409981548786163330e-01,-1.562555432319641113e-01,-5.663909390568733215e-02,-1.568835973739624023e-02
7.980000000000999627e+00,6.715774592100881568e-01,-1.025069496104058953e+00,-2.676660615110718400e+00,-3.547139327182801671e-01,-3.438936273155422940e-01,4.930835392476698442e-01,1.000000000000000000e+00,-2.275101691484451294e-01,-1.406487822532653809e-01,-1.403342932462692261e-01,-1.522724628448486328e-01,-5.725672468543052673e-02,-1.415275130420923233e-02
8.000000000001005418e+00,6.663914054120854136e-01,-1.028248241923893413e+00,-2.617850825147460370e+00,-3.546601882586490895e-01,-3.443693396121546013e-01,4.931148901824546349e-01,1.000000000000000000e+00,-2.368250191211700439e-01,-1.419499367475509644e-01,-1.417696475982666016e-01,-1.475776731967926025e-01,-5.853941291570663452e-02,-1.187556795775890350e-02
8.020000000000994334e+00,6.619428115244090360e-01,-1.032246588852687275e+00,-2.566135963195692593e+00,-3.475250939786078130e-01,-3.428006066443983202e-01,4.972770285124787359e-01,1.000000000000000000e+00,-2.490521818399429321e-01,-1.456130146980285645e-01,-1.458113044500350952e-01,-1.414812654256820679e-01,-6.032668426632881165e-02,-8.694135583937168121e-03
8.040000000000983249e+00,6.582180404862124634e-01,-1.036997036406877459e+00,-2.522930325422440223e+00,-3.341173976273960622e-01,-3.395101227259795240e-01,5.050981847173522388e-01,1.000000000000000000e+00,-2.613600790500640869e-01,-1.495090126991271973e-01,-1.508851945400238037e-01,-1.330439895391464233e-01,-6.151764467358589172e-02,-4.708569496870040894e-03
8.060000000000972165e+00,6.551411000099617299e-01,-1.042260211709257423e+00,-2.486687447492162750e+00,-3.192459914441795887e-01,-3.362530023883959496e-01,5.137731716575618668e-01,1.000000000000000000e+00,-2.701999843120574951e-01,-1.508202105760574341e-01,-1.539327800273895264e-01,-1.233425885438919067e-01,-6.136023625731468201e-02,-6.290450692176818848e-04
8.080000000000961080e+00,6.526349049960135096e-01,-1.047770061587518065e+00,-2.454368783672484788e+00,-3.076269374531149792e-01,-3.345845706856437896e-01,5.205509531523495603e-01,1.000000000000000000e+00,-2.762078344821929932e-01,-1.502322256565093994e-01,-1.544574946165084839e-01,-1.149924546480178833e-01,-6.080780550837516785e-02,2.611933276057243347e-03
8.100000000000949996e+00,6.506633387147972014e-01,-1.053399555076466765e+00,-2.424495492175454459e+00,-3.003090301847132770e-01,-3.347492128182002480e-01,5.248197323922505486e-01,1.000000000000000000e+00,-2.808402776718139648e-01,-1.497101187705993652e-01,-1.542426794767379761e-01,-1.080181002616882324e-01,-6.072410196065902710e-02,4.778155125677585602e-03
8.120000000000938911e+00,6.492183303917751225e-01,-1.059186991246454657e+00,-2.398282193152668995e+00,-2.949314393707928583e-01,-3.358651707425242550e-01,5.279566603670374780e-01,1.000000000000000000e+00,-2.846197187900543213e-01,-1.501634269952774048e-01,-1.546806246042251587e-01,-1.009568050503730774e-01,-6.108884885907173157e-02,6.369630806148052216e-03
8.140000000000927827e+00,6.483147334252241656e-01,-1.065226804732480881e+00,-2.378400495914305246e+00,-2.880391909166331588e-01,-3.366817481746754992e-01,5.319771386319639417e-01,1.000000000000000000e+00,-2.876567840576171875e-01,-1.514728814363479614e-01,-1.560540199279785156e-01,-9.261599183082580566e-02,-6.140176206827163696e-02,8.082093670964241028e-03
8.160000000000916742e+00,6.479334712192496015e-01,-1.071572067670902850e+00,-2.367197016072756899e+00,-2.775735850094218082e-01,-3.365037517964335478e-01,5.380820754111705906e-01,1.000000000000000000e+00,-2.897308468818664551e-01,-1.532057523727416992e-01,-1.580650508403778076e-01,-8.265653252601623535e-02,-6.116662546992301941e-02,1.030210871249437332e-02
8.180000000000905658e+00,6.480115267416841629e-01,-1.078174670463971641e+00,-2.365722045449074606e+00,-2.640106703613631089e-01,-3.354970202976279015e-01,5.459937756225381467e-01,1.000000000000000000e+00,-2.905831634998321533e-01,-1.551276147365570068e-01,-1.604010909795761108e-01,-7.168914377689361572e-02,-6.016978248953819275e-02,1.298992801457643509e-02
8.200000000000894573e+00,6.484665352332041888e-01,-1.084916626526718719e+00,-2.373828585084824638e+00,-2.495442185567120497e-01,-3.343817591808791456e-01,5.544325391752512600e-01,1.000000000000000000e+00,-2.904276251792907715e-01,-1.573451459407806396e-01,-1.629209667444229126e-01,-6.082617864012718201e-02,-5.870482325553894043e-02,1.576460152864456177e-02
8.220000000000883489e+00,6.491984888206308035e-01,-1.091678583709714490e+00,-2.391002740598701770e+00,-2.358664346839378090e-01,-3.336478227935433249e-01,5.624112464343695716e-01,1.000000000000000000e+00,-2.898561060428619385e-01,-1.604289412498474121e-01,-1.658428758382797241e-01,-5.097892880439758301e-02,-5.744792148470878601e-02,1.815524511039257050e-02
8.240000000000872404e+00,6.501026917659972204e-01,-1.098382558747733384e+00,-2.417048632906265926e+00,-2.231294183422649624e-01,-3.332533912446689062e-01,5.698411726336787275e-01,1.000000000000000000e+00,-2.889667153358459473e-01,-1.649149507284164429e-01,-1.694944202899932861e-01,-4.239537566900253296e-02,-5.680473521351814270e-02,1.998273469507694244e-02
8.260000000000861320e+00,6.510764337770943433e-01,-1.104978822133637628e+00,-2.452043150400355920e+00,-2.108021262565006049e-01,-3.329537838448869413e-01,5.770320930170412810e-01,1.000000000000000000e+00,-2.874032855033874512e-01,-1.707509011030197144e-01,-1.737352758646011353e-01,-3.532300516963005066e-02,-5.663861334323883057e-02,2.141729369759559631e-02
8.280000000000850235e+00,6.520304808389589812e-01,-1.111402060100065370e+00,-2.495841976356940606e+00,-1.987570462380627845e-01,-3.326533535486577153e-01,5.840583896944633313e-01,1.000000000000000000e+00,-2.847935259342193604e-01,-1.772763729095458984e-01,-1.779253035783767700e-01,-3.018117323517799377e-02,-5.663154646754264832e-02,2.266491577029228210e-02
8.300000000000839151e+00,6.528836087355328610e-01,-1.117562134163316401e+00,-2.547643514158968170e+00,-1.874457884136413455e-01,-3.324440980270894630e-01,5.906566234253758374e-01,1.000000000000000000e+00,-2.808773517608642578e-01,-1.834840476512908936e-01,-1.812946200370788574e-01,-2.701221220195293427e-02,-5.658588185906410217e-02,2.378476783633232117e-02
8.320000000000828067e+00,6.535529539474468352e-01,-1.123356552704000144e+00,-2.605983955834320742e+00,-1.771657252803766625e-01,-3.323592797111510344e-01,5.966533269197802358e-01,1.000000000000000000e+00,-2.758542299270629883e-01,-1.886652261018753052e-01,-1.835127919912338257e-01,-2.545690163969993591e-02,-5.645960196852684021e-02,2.478609606623649597e-02
8.340000000000816982e+00,6.539686918841861596e-01,-1.128696133577517635e+00,-2.669247145834002133e+00,-1.677050730601528095e-01,-3.322761098155261328e-01,6.021720407149108167e-01,1.000000000000000000e+00,-2.702494561672210693e-01,-1.928269416093826294e-01,-1.848644614219665527e-01,-2.513362281024456024e-02,-5.624245852231979370e-02,2.568407543003559113e-02
8.360000000000805898e+00,6.540858385466380431e-01,-1.133510360896040403e+00,-2.736142781102608446e+00,-1.590116264050427108e-01,-3.321315368924701028e-01,6.072432179303917099e-01,1.000000000000000000e+00,-2.642035484313964844e-01,-1.961876749992370605e-01,-1.856631487607955933e-01,-2.579747326672077179e-02,-5.581389367580413818e-02,2.650226838886737823e-02
8.380000000000794813e+00,6.538798089877805308e-01,-1.137742917956401145e+00,-2.805738010621341427e+00,-1.515135683121145715e-01,-3.320135007355123347e-01,6.116170851512664486e-01,1.000000000000000000e+00,-2.575316429138183594e-01,-1.987487077713012695e-01,-1.859358251094818115e-01,-2.728751488029956818e-02,-5.501967296004295349e-02,2.730821259319782257e-02
8.400000000000783729e+00,6.533271648896031847e-01,-1.141339599466602239e+00,-2.877259465642852732e+00,-1.456233883921545791e-01,-3.320028679869382326e-01,6.150530234379097960e-01,1.000000000000000000e+00,-2.503859400749206543e-01,-2.005167752504348755e-01,-1.857175081968307495e-01,-2.947863936424255371e-02,-5.390712246298789978e-02,2.811330184340476990e-02
8.420000000000772644e+00,6.524042078256702126e-01,-1.144253598792853044e+00,-2.950051752196062527e+00,-1.412759300065554446e-01,-3.320490451199020199e-01,6.175890408295092726e-01,1.000000000000000000e+00,-2.432326227426528931e-01,-2.017500102519989014e-01,-1.852501928806304932e-01,-3.228621184825897217e-02,-5.271092429757118225e-02,2.878327481448650360e-02
8.440000000000761560e+00,6.510984844970976182e-01,-1.146447741695165723e+00,-3.023578901362612648e+00,-1.381200724272078906e-01,-3.320334215483625173e-01,6.194299577507953458e-01,1.000000000000000000e+00,-2.363648116588592529e-01,-2.027572691440582275e-01,-1.848032921552658081e-01,-3.572647273540496826e-02,-5.159806460142135620e-02,2.912333048880100250e-02
8.460000000000750475e+00,6.494037217208571411e-01,-1.147888733557286045e+00,-3.097296332286520126e+00,-1.359177943541861333e-01,-3.318766103113482968e-01,6.207146199600580561e-01,1.000000000000000000e+00,-2.297769486904144287e-01,-2.036676853895187378e-01,-1.844973117113113403e-01,-3.994068503379821777e-02,-5.055184289813041687e-02,2.901267819106578827e-02
8.480000000000739391e+00,6.473108622346330776e-01,-1.148540720771892065e+00,-3.170459358016742168e+00,-1.346868216680494612e-01,-3.315685286148049027e-01,6.214326873603044366e-01,1.000000000000000000e+00,-2.233341336250305176e-01,-2.044239640235900879e-01,-1.842850297689437866e-01,-4.512826353311538696e-02,-4.946719110012054443e-02,2.841129153966903687e-02
8.500000000000728306e+00,6.448029926566996028e-01,-1.148370624419533081e+00,-3.242017722265609248e+00,-1.346488117453898403e-01,-3.311537158462770081e-01,6.214548598151892200e-01,1.000000000000000000e+00,-2.167773395776748657e-01,-2.048248052597045898e-01,-1.839604377746582031e-01,-5.140377581119537354e-02,-4.823560267686843872e-02,2.728380449116230011e-02
8.520000000000717222e+00,6.418516792864551457e-01,-1.147362896911668928e+00,-3.310585026527956831e+00,-1.362632850142467544e-01,-3.307501207464308424e-01,6.205130837416893419e-01,1.000000000000000000e+00,-2.097187787294387817e-01,-2.045751661062240601e-01,-1.832288503646850586e-01,-5.863960832357406616e-02,-4.680285230278968811e-02,2.557239122688770294e-02
8.540000000000706137e+00,6.384198206699869260e-01,-1.145541732005060043e+00,-3.374563665438983229e+00,-1.402822302410376698e-01,-3.305773292967073007e-01,6.181686990260613079e-01,1.000000000000000000e+00,-2.020786553621292114e-01,-2.034943252801895142e-01,-1.819642931222915649e-01,-6.647281348705291748e-02,-4.529974237084388733e-02,2.330368570983409882e-02
8.560000000000695053e+00,6.344990941485971758e-01,-1.142997866654798633e+00,-3.432584432070254099e+00,-1.472701912170150396e-01,-3.308393553716372781e-01,6.140923884567411895e-01,1.000000000000000000e+00,-1.947355419397354126e-01,-2.018841058015823364e-01,-1.805146187543869019e-01,-7.446965575218200684e-02,-4.408372938632965088e-02,2.068476378917694092e-02
8.580000000000683968e+00,6.301587667679143800e-01,-1.139846560412960397e+00,-3.483981903819719506e+00,-1.566816551737851282e-01,-3.314553909855267322e-01,6.086023678152919780e-01,1.000000000000000000e+00,-1.890512406826019287e-01,-2.004865258932113647e-01,-1.795231401920318604e-01,-8.236458897590637207e-02,-4.341727122664451599e-02,1.797836460173130035e-02
8.600000000000672884e+00,6.255365937415038324e-01,-1.136176822219363114e+00,-3.528929436064927039e+00,-1.674394921281001369e-01,-3.321919369248170772e-01,6.023269629252748780e-01,1.000000000000000000e+00,-1.853431761264801025e-01,-1.995995938777923584e-01,-1.791737377643585205e-01,-9.007405489683151245e-02,-4.322193190455436707e-02,1.535508222877979279e-02
8.620000000000661800e+00,6.207478845837686166e-01,-1.132077632798377032e+00,-3.567701884505830368e+00,-1.786334693464289580e-01,-3.328514922714865265e-01,5.957971428812497416e-01,1.000000000000000000e+00,-1.830044388771057129e-01,-1.989661902189254761e-01,-1.791824251413345337e-01,-9.747620671987533569e-02,-4.329400137066841125e-02,1.287655066698789597e-02
8.640000000000650715e+00,6.158522376370962892e-01,-1.127624626840830757e+00,-3.600014186869046728e+00,-1.897477806981665294e-01,-3.333254827761648054e-01,5.893137945927361399e-01,1.000000000000000000e+00,-1.816399395465850830e-01,-1.983269751071929932e-01,-1.792709827423095703e-01,-1.048245131969451904e-01,-4.360862821340560913e-02,1.047671213746070862e-02
8.660000000000639631e+00,6.108520379240981457e-01,-1.122872933993954714e+00,-3.625007792729817435e+00,-2.006974664458014423e-01,-3.336078951824953398e-01,5.829264779066157809e-01,1.000000000000000000e+00,-1.809044927358627319e-01,-1.973956823348999023e-01,-1.791441589593887329e-01,-1.124374419450759888e-01,-4.423071444034576416e-02,8.010879158973693848e-03
8.680000000000628546e+00,6.057080760998050373e-01,-1.117876016822991314e+00,-3.641515009804809022e+00,-2.116745137130056631e-01,-3.337711113429741028e-01,5.765232003340799993e-01,1.000000000000000000e+00,-1.804008930921554565e-01,-1.957574784755706787e-01,-1.784089505672454834e-01,-1.204544603824615479e-01,-4.519377648830413818e-02,5.362623836845159531e-03
8.700000000000617462e+00,6.003563355535859181e-01,-1.112701390030583548e+00,-3.648376094656010427e+00,-2.229621074205081210e-01,-3.339238684785615918e-01,5.699387706713702206e-01,1.000000000000000000e+00,-1.798465251922607422e-01,-1.929376572370529175e-01,-1.766446083784103394e-01,-1.288378089666366577e-01,-4.645701870322227478e-02,2.482407959178090096e-03
8.720000000000606377e+00,5.947212130839860666e-01,-1.107431879249706874e+00,-3.644727716242656346e+00,-2.347949631696047701e-01,-3.341710656971382809e-01,5.630362714843971661e-01,1.000000000000000000e+00,-1.791962087154388428e-01,-1.885582804679870605e-01,-1.735333502292633057e-01,-1.374013423919677734e-01,-4.794087260961532593e-02,-6.676377961412072182e-04
8.740000000000595293e+00,5.887295187767326299e-01,-1.102155930008452245e+00,-3.630247123657292629e+00,-2.472019822461329341e-01,-3.345589984428090080e-01,5.557988436897557394e-01,1.000000000000000000e+00,-1.786437183618545532e-01,-1.825713068246841431e-01,-1.690552681684494019e-01,-1.457189619541168213e-01,-4.956120252609252930e-02,-4.107430577278137207e-03
8.760000000000584208e+00,5.823352570096190783e-01,-1.096945943657915867e+00,-3.605360959191798109e+00,-2.597484551959174381e-01,-3.349855241715149479e-01,5.484800678023814546e-01,1.000000000000000000e+00,-1.785812675952911377e-01,-1.754858046770095825e-01,-1.637477874755859375e-01,-1.530294716358184814e-01,-5.112809315323829651e-02,-7.613459601998329163e-03
8.780000000000573124e+00,5.755897958612763432e-01,-1.091869770137439577e+00,-3.571316252730529772e+00,-2.715477874814889447e-01,-3.352211052798708124e-01,5.415971239691313999e-01,1.000000000000000000e+00,-1.794579476118087769e-01,-1.681546568870544434e-01,-1.584760099649429321e-01,-1.587238907814025879e-01,-5.231052637100219727e-02,-1.076012197881937027e-02
8.800000000000562039e+00,5.686073344599622548e-01,-1.087067311261113556e+00,-3.529677249853525822e+00,-2.813779734246314446e-01,-3.349604702893968500e-01,5.358628488356316222e-01,1.000000000000000000e+00,-1.814420670270919800e-01,-1.612481325864791870e-01,-1.537680029869079590e-01,-1.628946065902709961e-01,-5.294074118137359619e-02,-1.336336322128772736e-02
8.820000000000550955e+00,5.614931347199102474e-01,-1.082668098140342039e+00,-3.482101569007829855e+00,-2.885139360096559136e-01,-3.340553702361092059e-01,5.317002039943673486e-01,1.000000000000000000e+00,-1.843642145395278931e-01,-1.554042845964431763e-01,-1.499600857496261597e-01,-1.655836999416351318e-01,-5.319041386246681213e-02,-1.529976259917020798e-02
8.840000000000539870e+00,5.543374100307085772e-01,-1.078753736782780415e+00,-3.430159535043304508e+00,-2.932569639055438437e-01,-3.326755710855321957e-01,5.289334377217660421e-01,1.000000000000000000e+00,-1.881720870733261108e-01,-1.512023210525512695e-01,-1.473467051982879639e-01,-1.667702794075012207e-01,-5.336078256368637085e-02,-1.643059216439723969e-02
8.860000000000528786e+00,5.472113816833960032e-01,-1.075371629144335595e+00,-3.375112888549696155e+00,-2.968116424088281247e-01,-3.312645453833213405e-01,5.268598752615168967e-01,1.000000000000000000e+00,-1.927338987588882446e-01,-1.485353857278823853e-01,-1.457682102918624878e-01,-1.667423844337463379e-01,-5.361818522214889526e-02,-1.691696792840957642e-02
8.880000000000517701e+00,5.401552844235650852e-01,-1.072544840304728186e+00,-3.317785495806573337e+00,-3.006416816847953255e-01,-3.303240786274311835e-01,5.246256856838693583e-01,1.000000000000000000e+00,-1.976743340492248535e-01,-1.468305438756942749e-01,-1.447714567184448242e-01,-1.657246649265289307e-01,-5.397667735815048218e-02,-1.703330688178539276e-02
8.900000000000506617e+00,5.331869704223375361e-01,-1.070283243667432771e+00,-3.258576234925238513e+00,-3.057490328505365063e-01,-3.301917972940102697e-01,5.216463975038536649e-01,1.000000000000000000e+00,-2.026649117469787598e-01,-1.454838216304779053e-01,-1.438977718353271484e-01,-1.638319790363311768e-01,-5.436442792415618896e-02,-1.693259179592132568e-02
8.920000000000495533e+00,5.263219922957779184e-01,-1.068600526563282305e+00,-3.197677748356027028e+00,-3.122642055395307703e-01,-3.309286220192040884e-01,5.178458801019403257e-01,1.000000000000000000e+00,-2.075983583927154541e-01,-1.440877318382263184e-01,-1.428558081388473511e-01,-1.612044125795364380e-01,-5.470220372080802917e-02,-1.662651821970939636e-02
8.940000000000484448e+00,5.195934359499376765e-01,-1.067533067836069272e+00,-3.135443718770183796e+00,-3.194017572043401643e-01,-3.323089588220565771e-01,5.136823082974681931e-01,1.000000000000000000e+00,-2.126212716102600098e-01,-1.425650268793106079e-01,-1.416210830211639404e-01,-1.580173671245574951e-01,-5.499371141195297241e-02,-1.604424230754375458e-02
8.960000000000473364e+00,5.130593290975382637e-01,-1.067149246342164792e+00,-3.072743037554050982e+00,-3.256693582140955945e-01,-3.338693723475280595e-01,5.100262077084442014e-01,1.000000000000000000e+00,-2.181487530469894409e-01,-1.412236988544464111e-01,-1.404686123132705688e-01,-1.543871313333511353e-01,-5.538343265652656555e-02,-1.508716400712728500e-02
8.980000000000462279e+00,5.067985587841087325e-01,-1.067543258251522076e+00,-3.011166119878054825e+00,-3.292206792287201700e-01,-3.350002890529784616e-01,5.079546037832465277e-01,1.000000000000000000e+00,-2.248667776584625244e-01,-1.406878381967544556e-01,-1.399603188037872314e-01,-1.502631455659866333e-01,-5.612077564001083374e-02,-1.363454572856426239e-02
9.000000000000451195e+00,5.008950152631972408e-01,-1.068813389893123578e+00,-2.952950088294584496e+00,-3.282740690870133426e-01,-3.350896877854257494e-01,5.085067930325755103e-01,1.000000000000000000e+00,-2.335832417011260986e-01,-1.416572183370590210e-01,-1.408382803201675415e-01,-1.453831046819686890e-01,-5.741148442029953003e-02,-1.152167934924364090e-02
9.020000000000440110e+00,4.954045196117367600e-01,-1.071025321354678983e+00,-2.900505291028287136e+00,-3.216324000351679646e-01,-3.337233672151231345e-01,5.123810999794853327e-01,1.000000000000000000e+00,-2.444241940975189209e-01,-1.442745178937911987e-01,-1.435281038284301758e-01,-1.392146050930023193e-01,-5.910874158143997192e-02,-8.612622506916522980e-03
9.040000000000429026e+00,4.903464258432469469e-01,-1.074138162986024714e+00,-2.855210289767968312e+00,-3.100603524934246735e-01,-3.311901256689799289e-01,5.191314610455022294e-01,1.000000000000000000e+00,-2.552824318408966064e-01,-1.470216214656829834e-01,-1.470224708318710327e-01,-1.311144232749938965e-01,-6.032923981547355652e-02,-5.023048724979162216e-03
9.060000000000417941e+00,4.857337619227005687e-01,-1.077965121614202326e+00,-2.816326284096216437e+00,-2.969909519689861166e-01,-3.286708489148599255e-01,5.267552780180914107e-01,1.000000000000000000e+00,-2.636070549488067627e-01,-1.479120105504989624e-01,-1.493323147296905518e-01,-1.219371482729911804e-01,-6.038737669587135315e-02,-1.286986749619245529e-03
9.080000000000406857e+00,4.815827461853519065e-01,-1.082294211999196509e+00,-2.781986988371943692e+00,-2.858287498626777001e-01,-3.272311969534531517e-01,5.332665625801046305e-01,1.000000000000000000e+00,-2.697386145591735840e-01,-1.474312692880630493e-01,-1.500504016876220703e-01,-1.135832071304321289e-01,-5.993345752358436584e-02,1.898683374747633934e-03
9.100000000000395772e+00,4.778899932349427448e-01,-1.087008941482963120e+00,-2.751334943391714027e+00,-2.774472578281487745e-01,-3.270651335312539376e-01,5.381557662669131936e-01,1.000000000000000000e+00,-2.745690047740936279e-01,-1.470336616039276123e-01,-1.502696722745895386e-01,-1.060423776507377625e-01,-5.970437824726104736e-02,4.286304581910371780e-03
9.120000000000384688e+00,4.746384191151353793e-01,-1.092101793729636672e+00,-2.725322260560655518e+00,-2.701143469031476729e-01,-3.275161201123299448e-01,5.424332976398305028e-01,1.000000000000000000e+00,-2.783514559268951416e-01,-1.473621279001235962e-01,-1.508919596672058105e-01,-9.829207509756088257e-02,-5.977574363350868225e-02,6.181014701724052429e-03
9.140000000000373603e+00,4.718153121284314744e-01,-1.097606834779472962e+00,-2.705824092824010041e+00,-2.614905616147337741e-01,-3.277750938999664521e-01,5.474638390580719438e-01,1.000000000000000000e+00,-2.811124920845031738e-01,-1.483247280120849609e-01,-1.520938873291015625e-01,-8.953997492790222168e-02,-5.984033644199371338e-02,8.057371713221073151e-03
9.160000000000362519e+00,4.693811347607886875e-01,-1.103526221439923294e+00,-2.694556060765408212e+00,-2.502669456192161968e-01,-3.274106735973926208e-01,5.540109483887905029e-01,1.000000000000000000e+00,-2.827953100204467773e-01,-1.496638953685760498e-01,-1.537251323461532593e-01,-7.961954176425933838e-02,-5.955562740564346313e-02,1.022354979068040848e-02
9.180000000000351434e+00,4.672921249106621877e-01,-1.109791664682808765e+00,-2.692431779851125917e+00,-2.368782326944997296e-01,-3.265528609149178085e-01,5.618210309282084536e-01,1.000000000000000000e+00,-2.834089100360870361e-01,-1.513162106275558472e-01,-1.557093560695648193e-01,-6.897773593664169312e-02,-5.876193195581436157e-02,1.270473934710025787e-02
9.200000000000340350e+00,4.655071861507953379e-01,-1.116292815268414174e+00,-2.699622632911650832e+00,-2.228129892761048225e-01,-3.256523851038630180e-01,5.700257562556054758e-01,1.000000000000000000e+00,-2.832013666629791260e-01,-1.534735858440399170e-01,-1.580930799245834351e-01,-5.838067457079887390e-02,-5.762641131877899170e-02,1.526966597884893417e-02
9.220000000000329266e+00,4.639703168019393420e-01,-1.122913063595063043e+00,-2.716016735802150084e+00,-2.092678440272367213e-01,-3.250292375611772422e-01,5.779270909841118797e-01,1.000000000000000000e+00,-2.825646698474884033e-01,-1.565417945384979248e-01,-1.610208153724670410e-01,-4.856427386403083801e-02,-5.655485391616821289e-02,1.760815270245075226e-02
9.240000000000318181e+00,4.626100727410796809e-01,-1.129554606816487228e+00,-2.741581494515368256e+00,-1.965107423293098454e-01,-3.246949101436975016e-01,5.853687336412358722e-01,1.000000000000000000e+00,-2.815718352794647217e-01,-1.608536690473556519e-01,-1.646108478307723999e-01,-3.994281589984893799e-02,-5.584019795060157776e-02,1.956504397094249725e-02
9.260000000000307097e+00,4.613480827404145002e-01,-1.136130365716706780e+00,-2.776309052194400273e+00,-1.842415804080249631e-01,-3.244900919995560296e-01,5.925257447619853846e-01,1.000000000000000000e+00,-2.799457907676696777e-01,-1.663773059844970703e-01,-1.687006354331970215e-01,-3.286708891391754150e-02,-5.548201128840446472e-02,2.118027955293655396e-02
9.280000000000296012e+00,4.601210502371049227e-01,-1.142538772330433661e+00,-2.819899322915025319e+00,-1.722089921890633535e-01,-3.242776105773623185e-01,5.995447545563796776e-01,1.000000000000000000e+00,-2.773080468177795410e-01,-1.726250350475311279e-01,-1.727789640426635742e-01,-2.772907167673110962e-02,-5.532697588205337524e-02,2.253023721277713776e-02
9.300000000000284928e+00,4.588780709252241463e-01,-1.148662161036895668e+00,-2.871470409883086550e+00,-1.605229782341937861e-01,-3.240351461008015299e-01,6.063615960300535734e-01,1.000000000000000000e+00,-2.733338177204132080e-01,-1.787519007921218872e-01,-1.761682927608489990e-01,-2.459738403558731079e-02,-5.521632730960845947e-02,2.365078777074813843e-02
9.320000000000273843e+00,4.575706231329189633e-01,-1.154375193836479241e+00,-2.929558161202287625e+00,-1.494404307249387609e-01,-3.237814882495693714e-01,6.128264154104523520e-01,1.000000000000000000e+00,-2.681207358837127686e-01,-1.840082406997680664e-01,-1.784542500972747803e-01,-2.314542606472969055e-02,-5.504550784826278687e-02,2.460890635848045349e-02
9.340000000000262759e+00,4.561609178372751927e-01,-1.159570145299696708e+00,-2.992543999590712822e+00,-1.390735113170426529e-01,-3.234951977266968259e-01,6.188737850650584127e-01,1.000000000000000000e+00,-2.622160017490386963e-01,-1.882153004407882690e-01,-1.797828674316406250e-01,-2.295384556055068970e-02,-5.475945025682449341e-02,2.547918260097503662e-02
9.360000000000251674e+00,4.546327999618989812e-01,-1.164167443430612625e+00,-3.059133361759384773e+00,-1.296076699488516726e-01,-3.231851631448826589e-01,6.243955258631698202e-01,1.000000000000000000e+00,-2.559855878353118896e-01,-1.915402412414550781e-01,-1.804945766925811768e-01,-2.372278645634651184e-02,-5.427283793687820435e-02,2.627946250140666962e-02
9.380000000000240590e+00,4.529885518868961847e-01,-1.168113016247940728e+00,-3.128440595981181627e+00,-1.214340539813328762e-01,-3.229270705309834066e-01,6.291634685108891123e-01,1.000000000000000000e+00,-2.493715286254882812e-01,-1.940495818853378296e-01,-1.807149797677993774e-01,-2.525999769568443298e-02,-5.345854163169860840e-02,2.703632041811943054e-02
9.400000000000229505e+00,4.512299168579491093e-01,-1.171354523866236619e+00,-3.199758565776180674e+00,-1.148640224456799058e-01,-3.227729117062487219e-01,6.329959869066866807e-01,1.000000000000000000e+00,-2.424003630876541138e-01,-1.957551091909408569e-01,-1.804833710193634033e-01,-2.745768614113330841e-02,-5.231763049960136414e-02,2.776095457375049591e-02
9.420000000000218421e+00,4.493495788783120615e-01,-1.173839509544823301e+00,-3.272433630323579035e+00,-1.098558617086265315e-01,-3.226813738426150269e-01,6.359174140033011513e-01,1.000000000000000000e+00,-2.353786975145339966e-01,-1.968754976987838745e-01,-1.799930185079574585e-01,-3.028521314263343811e-02,-5.103375390172004700e-02,2.836245670914649963e-02
9.440000000000207336e+00,4.473430461589937845e-01,-1.175522513691086957e+00,-3.345861598804628301e+00,-1.061723366189445267e-01,-3.225674853928296448e-01,6.380661369722823162e-01,1.000000000000000000e+00,-2.285698205232620239e-01,-1.977298408746719360e-01,-1.795011460781097412e-01,-3.380308300256729126e-02,-4.978800192475318909e-02,2.867446094751358032e-02
9.460000000000196252e+00,4.452109592495104851e-01,-1.176364078292855719e+00,-3.419427096000496658e+00,-1.036756343365436983e-01,-3.223790825590392428e-01,6.395225466370161316e-01,1.000000000000000000e+00,-2.219973653554916382e-01,-1.984924823045730591e-01,-1.791419237852096558e-01,-3.817147016525268555e-02,-4.860910400748252869e-02,2.856247313320636749e-02
9.480000000000185167e+00,4.429562057093950900e-01,-1.176325163333753920e+00,-3.492364380957865055e+00,-1.024561314606383527e-01,-3.221241678635945460e-01,6.402339233146275843e-01,1.000000000000000000e+00,-2.155537903308868408e-01,-1.991337090730667114e-01,-1.788771301507949829e-01,-4.358197376132011414e-02,-4.742720723152160645e-02,2.795455045998096466e-02
9.500000000000174083e+00,4.405778088053121655e-01,-1.175370805844842881e+00,-3.563667799110765699e+00,-1.028452391975940294e-01,-3.218750556583773736e-01,6.400069438014034384e-01,1.000000000000000000e+00,-2.090530097484588623e-01,-1.994842737913131714e-01,-1.785336881875991821e-01,-5.009271204471588135e-02,-4.618122056126594543e-02,2.679722942411899567e-02
9.520000000000162999e+00,4.380624144788040630e-01,-1.173482055095553367e+00,-3.632068857431497655e+00,-1.054294856041965434e-01,-3.217798462698954198e-01,6.384994667308853122e-01,1.000000000000000000e+00,-2.022625803947448730e-01,-1.993256360292434692e-01,-1.779079884290695190e-01,-5.747198313474655151e-02,-4.489072039723396301e-02,2.505210041999816895e-02
9.540000000000151914e+00,4.353785970141588191e-01,-1.170674680780341870e+00,-3.696139235658942646e+00,-1.108317841487683336e-01,-3.220137301584757861e-01,6.353481259132184311e-01,1.000000000000000000e+00,-1.951976418495178223e-01,-1.985229700803756714e-01,-1.769318729639053345e-01,-6.526160240173339844e-02,-4.369657114148139954e-02,2.278660051524639130e-02
9.560000000000140830e+00,4.324964523171188624e-01,-1.167030704856611756e+00,-3.754623251483968360e+00,-1.191341585787485252e-01,-3.226417277787043680e-01,6.305050741623966504e-01,1.000000000000000000e+00,-1.885703802108764648e-01,-1.972911655902862549e-01,-1.758520901203155518e-01,-7.303148508071899414e-02,-4.281461611390113831e-02,2.021408639848232269e-02
9.580000000000129745e+00,4.294307890901782887e-01,-1.162679851080873128e+00,-3.806808048721588733e+00,-1.294080292744995975e-01,-3.234885478265324132e-01,6.245119829232085307e-01,1.000000000000000000e+00,-1.834981888532638550e-01,-1.962407678365707397e-01,-1.751698404550552368e-01,-8.062728494405746460e-02,-4.237778112292289734e-02,1.757531240582466125e-02
9.600000000000118661e+00,4.262646833286189985e-01,-1.157743521078751670e+00,-3.852623444233361116e+00,-1.404849459515002674e-01,-3.243029241962001041e-01,6.180504481949581352e-01,1.000000000000000000e+00,-1.802591085433959961e-01,-1.956395506858825684e-01,-1.750504374504089355e-01,-8.808378875255584717e-02,-4.234009981155395508e-02,1.500334963202476501e-02
9.620000000000107576e+00,4.230705968690234853e-01,-1.152331776100577132e+00,-3.892151633529543631e+00,-1.516832230777865609e-01,-3.249490055988319415e-01,6.115181198712911215e-01,1.000000000000000000e+00,-1.783174723386764526e-01,-1.952794641256332397e-01,-1.752618104219436646e-01,-9.535275399684906006e-02,-4.257011786103248596e-02,1.251813583076000214e-02
9.640000000000096492e+00,4.198802091639699530e-01,-1.146532151600111682e+00,-3.925022469123282676e+00,-1.627509199076428437e-01,-3.253915029064967102e-01,6.050619633872083014e-01,1.000000000000000000e+00,-1.772534102201461792e-01,-1.948921680450439453e-01,-1.755174696445465088e-01,-1.026282906532287598e-01,-4.304406046867370605e-02,1.005984656512737274e-02
9.660000000000085407e+00,4.166827175618456613e-01,-1.140402287905882828e+00,-3.950385350820706964e+00,-1.737723715677041980e-01,-3.256737414842212353e-01,5.986327832521725067e-01,1.000000000000000000e+00,-1.767565310001373291e-01,-1.941878497600555420e-01,-1.755211502313613892e-01,-1.101952269673347473e-01,-4.378930479288101196e-02,7.527964655309915543e-03
9.680000000000074323e+00,4.134295538484060728e-01,-1.133988665344628277e+00,-3.967144091093051550e+00,-1.849884866462208899e-01,-3.258836204766415445e-01,5.920900494563711147e-01,1.000000000000000000e+00,-1.764931231737136841e-01,-1.927655339241027832e-01,-1.749115437269210815e-01,-1.181709989905357361e-01,-4.479118809103965759e-02,4.861083347350358963e-03
9.700000000000063238e+00,4.100437806952962339e-01,-1.127343678147994632e+00,-3.974234761557743134e+00,-1.966270227608998555e-01,-3.261143073913824741e-01,5.853009033894750468e-01,1.000000000000000000e+00,-1.762236952781677246e-01,-1.901799887418746948e-01,-1.733281463384628296e-01,-1.265024095773696899e-01,-4.597913846373558044e-02,2.047562273219227791e-03
9.720000000000052154e+00,4.064321560265842237e-01,-1.120527968045531342e+00,-3.970876849359453953e+00,-2.087958651299375024e-01,-3.264323020534163344e-01,5.782024120075364149e-01,1.000000000000000000e+00,-1.758962571620941162e-01,-1.860921680927276611e-01,-1.705171912908554077e-01,-1.350018233060836792e-01,-4.728585109114646912e-02,-9.514059056527912617e-04
9.740000000000041069e+00,4.025010652118253818e-01,-1.113603977552557911e+00,-3.956781476795522057e+00,-2.213836145283956947e-01,-3.268404510236196381e-01,5.708595581917691453e-01,1.000000000000000000e+00,-1.756191551685333252e-01,-1.804577410221099854e-01,-1.664547920227050781e-01,-1.432680785655975342e-01,-4.867441207170486450e-02,-4.201765637844800949e-03
9.760000000000029985e+00,3.981803160514694739e-01,-1.106621759780496372e+00,-3.932305053205336520e+00,-2.338683628711901719e-01,-3.272117687707814526e-01,5.635767883251390220e-01,1.000000000000000000e+00,-1.756148338317871094e-01,-1.736711561679840088e-01,-1.615136861801147461e-01,-1.506069749593734741e-01,-5.001487210392951965e-02,-7.569108158349990845e-03
9.780000000000018900e+00,3.934823625697858041e-01,-1.099642179467216874e+00,-3.898513331896020340e+00,-2.454369511143606741e-01,-3.273417943790141171e-01,5.568284451832895554e-01,1.000000000000000000e+00,-1.761779785156250000e-01,-1.663776785135269165e-01,-1.563139259815216064e-01,-1.564083546400070190e-01,-5.101623386144638062e-02,-1.067908387631177902e-02
9.800000000000007816e+00,3.884576238147242067e-01,-1.092811503185358024e+00,-3.856738108634198969e+00,-2.550427245574727331e-01,-3.269830663672776416e-01,5.512250773414741900e-01,1.000000000000000000e+00,-1.775132864713668823e-01,-1.591434627771377563e-01,-1.512973010540008545e-01,-1.606246232986450195e-01,-5.151122808456420898e-02,-1.330625172704458237e-02
9.819999999999996732e+00,3.831526729820894372e-01,-1.086282860074518908e+00,-3.808465460504731226e+00,-2.621277859046095560e-01,-3.260458037218759708e-01,5.470921248889777377e-01,1.000000000000000000e+00,-1.796778291463851929e-01,-1.526853591203689575e-01,-1.469098031520843506e-01,-1.632646322250366211e-01,-5.167234316468238831e-02,-1.530409418046474457e-02
9.839999999999985647e+00,3.776254341966894801e-01,-1.080179029947775815e+00,-3.755332950669317604e+00,-2.670726195887493382e-01,-3.247248130265097399e-01,5.442076385732295130e-01,1.000000000000000000e+00,-1.828438937664031982e-01,-1.478902548551559448e-01,-1.437444090843200684e-01,-1.643168479204177856e-01,-5.180310457944869995e-02,-1.649764552712440491e-02
9.859999999999974563e+00,3.719402033577392519e-01,-1.074599229349442409e+00,-3.698927337252998271e+00,-2.709928254598421016e-01,-3.234289281703816021e-01,5.419208518150920861e-01,1.000000000000000000e+00,-1.870158761739730835e-01,-1.449185460805892944e-01,-1.418995112180709839e-01,-1.641450971364974976e-01,-5.203640088438987732e-02,-1.699168235063552856e-02
9.879999999999963478e+00,3.661448723947849371e-01,-1.069608202571718625e+00,-3.640502494468925487e+00,-2.751005729782790010e-01,-3.225713317272762559e-01,5.395246657626705522e-01,1.000000000000000000e+00,-1.918586790561676025e-01,-1.432501971721649170e-01,-1.409878134727478027e-01,-1.630493700504302979e-01,-5.234738811850547791e-02,-1.703090406954288483e-02
9.899999999999952394e+00,3.602654531915320812e-01,-1.065234719157736709e+00,-3.580789039690624787e+00,-2.801046332860478993e-01,-3.223879674192910993e-01,5.366056305831387041e-01,1.000000000000000000e+00,-1.970345973968505859e-01,-1.422293037176132202e-01,-1.404929310083389282e-01,-1.611359119415283203e-01,-5.268500745296478271e-02,-1.678740605711936951e-02
9.919999999999941309e+00,3.543156553103758988e-01,-1.061489740390686443e+00,-3.520091408145050949e+00,-2.859717081642478287e-01,-3.228782615701442094e-01,5.331831702375220416e-01,1.000000000000000000e+00,-2.023840397596359253e-01,-1.413769870996475220e-01,-1.400154381990432739e-01,-1.584914922714233398e-01,-5.302948504686355591e-02,-1.633339375257492065e-02
9.939999999999930225e+00,3.483117242018028969e-01,-1.058396015748428454e+00,-3.458646206540722634e+00,-2.920067652949863146e-01,-3.238386257093444076e-01,5.296627202445912674e-01,1.000000000000000000e+00,-2.079253643751144409e-01,-1.405144631862640381e-01,-1.393960416316986084e-01,-1.552542448043823242e-01,-5.341609939932823181e-02,-1.566364802420139313e-02
9.959999999999919140e+00,3.422812704171141474e-01,-1.056008397132664367e+00,-3.397030277893372752e+00,-2.970774500936716467e-01,-3.249278484378552712e-01,5.267048207786915182e-01,1.000000000000000000e+00,-2.138786464929580688e-01,-1.397854983806610107e-01,-1.387436687946319580e-01,-1.515396833419799805e-01,-5.395825579762458801e-02,-1.471318956464529037e-02
9.979999999999908056e+00,3.362655029624642689e-01,-1.054415155002593751e+00,-3.336435700786830161e+00,-2.998478746387429617e-01,-3.257309005665445789e-01,5.250887397940665613e-01,1.000000000000000000e+00,-2.207150757312774658e-01,-1.396005302667617798e-01,-1.384271979331970215e-01,-1.473152339458465576e-01,-5.483015254139900208e-02,-1.335629727691411972e-02
9.999999999999896971e+00,3.303107755672478052e-01,-1.053717881476464058e+00,-3.278666886425182003e+00,-2.990143470833417361e-01,-3.258352701722620481e-01,5.255749642013839429e-01,1.000000000000000000e+00,-2.290565222501754761e-01,-1.404550820589065552e-01,-1.389983892440795898e-01,-1.423439383506774902e-01,-5.616664141416549683e-02,-1.140952203422784805e-02
