time,x,y,yaw,reward,yaw_rate,turn_radius,steady_state,action_0,action_1,action_2,action_3,action_4,action_5
2.000000000000001082e-02,5.997693036090079310e-01,-2.281146516269316749e-03,4.466904537281556065e-02,0.000000000000000000e+00,4.244577899262739429e+00,2.700836528925714200e-02,0.000000000000000000e+00,3.499999940395355225e-01,3.499999940395355225e-01,3.499999940395355225e-01,3.499999940395355225e-01,3.499999940395355225e-01,3.499999940395355225e-01
4.000000000000002859e-02,5.980603073101382616e-01,-4.807936665439105361e-03,1.320931920350064959e-01,0.000000000000000000e+00,4.343511123286551978e+00,2.984028037605661668e-02,0.000000000000000000e+00,-1.139512807130813599e-01,8.978611230850219727e-02,3.499999940395355225e-01,3.499999940395355225e-01,1.554386131465435028e-02,-1.256494820117950439e-01
6.000000000000004635e-02,5.940480561413502558e-01,-7.568805450129667545e-03,2.511450834846528646e-01,0.000000000000000000e+00,5.307044302129998670e+00,3.023883597858190511e-02,0.000000000000000000e+00,1.142856627702713013e-01,1.388789117336273193e-01,3.499999940395355225e-01,3.499999940395355225e-01,2.671306431293487549e-01,9.363868832588195801e-02
8.000000000000005718e-02,5.883339913569783919e-01,-7.541424276563513107e-03,3.554826843896448652e-01,0.000000000000000000e+00,4.844721630029027892e+00,3.584138432528122947e-02,0.000000000000000000e+00,-2.883822917938232422e-01,-1.313648223876953125e-01,3.499999940395355225e-01,3.499999940395355225e-01,-3.025965765118598938e-02,-1.908992230892181396e-01
1.000000000000000749e-01,5.815990626656181162e-01,-7.191484648863488705e-03,4.562716826071755438e-01,0.000000000000000000e+00,5.134436968272666491e+00,3.847805359657292118e-02,0.000000000000000000e+00,2.625748217105865479e-01,2.323674857616424561e-01,3.499999940395355225e-01,3.499999940395355225e-01,3.499999940395355225e-01,1.661403477191925049e-01
1.200000000000000927e-01,5.755549636310077766e-01,-5.567840377017740927e-03,5.364320359497676272e-01,0.000000000000000000e+00,4.597831946407759496e+00,4.544009753803833485e-02,0.000000000000000000e+00,-1.602813899517059326e-01,-2.292940206825733185e-02,3.364158570766448975e-01,3.499999940395355225e-01,3.519658371806144714e-02,-1.263777911663055420e-01
1.400000000000000966e-01,5.716715062589126095e-01,-4.007235000264119940e-03,5.985119803676096639e-01,0.000000000000000000e+00,4.527678965609879924e+00,4.513588820493599774e-02,0.000000000000000000e+00,3.499999940395355225e-01,3.260349631309509277e-01,3.499999940395355225e-01,3.499999940395355225e-01,3.499999940395355225e-01,2.304409444332122803e-01
1.600000000000001144e-01,5.684460995054374521e-01,-4.853485099204413178e-03,6.799545255587833292e-01,0.000000000000000000e+00,4.441320928383766464e+00,4.492609012926022938e-02,0.000000000000000000e+00,1.250265631824731827e-02,2.119502127170562744e-01,3.499999940395355225e-01,3.499999940395355225e-01,6.442911922931671143e-02,-5.949893221259117126e-02
1.800000000000001321e-01,5.649462053728240285e-01,-7.062026311480895657e-03,7.752421008647890632e-01,0.000000000000000000e+00,4.568424412443089722e+00,4.348458393414532386e-02,0.000000000000000000e+00,2.043536603450775146e-01,3.195242881774902344e-01,3.499999940395355225e-01,3.499999940395355225e-01,2.708842456340789795e-01,8.790232986211776733e-02
2.000000000000001499e-01,5.618089848103683392e-01,-6.908327179774575999e-03,8.459828223295332572e-01,0.000000000000000000e+00,4.290051536886116068e+00,4.523349567374859020e-02,0.000000000000000000e+00,-1.348613202571868896e-01,8.463110029697418213e-02,3.499999940395355225e-01,3.499999940395355225e-01,-1.308113150298595428e-02,-1.370839625597000122e-01
2.200000000000001676e-01,5.588092993225832750e-01,-5.941472525064273036e-03,9.066332390073925662e-01,0.000000000000000000e+00,4.270156900217819462e+00,4.430005705827065599e-02,0.000000000000000000e+00,3.499999940395355225e-01,3.499999940395355225e-01,3.499999940395355225e-01,3.499999940395355225e-01,3.499999940395355225e-01,3.499999940395355225e-01
2.400000000000001854e-01,5.558949243201594115e-01,-3.616076720107608278e-03,9.546584409054176268e-01,0.000000000000000000e+00,3.991247487076755363e+00,4.619802932822878599e-02,0.000000000000000000e+00,8.220354095101356506e-03,2.108026146888732910e-01,3.499999940395355225e-01,3.499999940395355225e-01,5.113772302865982056e-02,-7.582638412714004517e-02
2.600000000000001754e-01,5.564102819325097427e-01,7.423913824929906369e-04,9.660070228525703406e-01,0.000000000000000000e+00,3.695611577584692942e+00,4.537194230187334421e-02,0.000000000000000000e+00,2.684870660305023193e-01,2.578766345977783203e-01,-9.575131535530090332e-02,-3.499999940395355225e-01,2.563777565956115723e-02,1.783877164125442505e-01
2.800000000000001932e-01,5.597578989381721826e-01,3.392940393007748412e-03,9.806809474409994287e-01,0.000000000000000000e+00,3.503967849648528254e+00,4.116239924276373502e-02,0.000000000000000000e+00,3.499999940395355225e-01,3.499999940395355225e-01,7.212298363447189331e-02,-3.499999940395355225e-01,3.065665662288665771e-01,3.499999940395355225e-01
3.000000000000002109e-01,5.625706196781057322e-01,5.838548374972551969e-03,9.964822171223737257e-01,0.000000000000000000e+00,3.297466937561921441e+00,3.829405723656098548e-02,0.000000000000000000e+00,2.990498244762420654e-01,3.499999940395355225e-01,2.935816049575805664e-01,5.625807121396064758e-02,7.871602475643157959e-02,1.141044795513153076e-01
3.200000000000002287e-01,5.658578727156389210e-01,1.105063205249245950e-02,9.764445596332450572e-01,0.000000000000000000e+00,2.940767117349635029e+00,3.813412815600047273e-02,0.000000000000000000e+00,2.883101701736450195e-01,3.497525751590728760e-01,7.262547314167022705e-02,-2.524411976337432861e-01,-1.393117941915988922e-02,1.590558588504791260e-01
3.400000000000002465e-01,5.713933072728599738e-01,1.853037524705336558e-02,9.141127978141014854e-01,0.000000000000000000e+00,2.545552768978591729e+00,3.938123007530713870e-02,0.000000000000000000e+00,3.499999940395355225e-01,3.499999940395355225e-01,-8.385816961526870728e-02,-3.499999940395355225e-01,2.282384335994720459e-01,3.499999940395355225e-01
3.600000000000002642e-01,5.783582811565539661e-01,2.673845874833719050e-02,8.254657206422183480e-01,0.000000000000000000e+00,2.123882860445613474e+00,4.499000632187632326e-02,0.000000000000000000e+00,3.499999940395355225e-01,3.499999940395355225e-01,-1.278312951326370239e-01,-3.499999940395355225e-01,4.956897348165512085e-02,3.052902519702911377e-01
3.800000000000002820e-01,5.856490561313669740e-01,3.480260135792595522e-02,7.180889643489227758e-01,0.000000000000000000e+00,1.723878512365270899e+00,5.746730382001252052e-02,0.000000000000000000e+00,3.499999940395355225e-01,3.499999940395355225e-01,-6.161079183220863342e-02,-3.499999940395355225e-01,2.064178735017776489e-01,3.499999940395355225e-01
4.000000000000002998e-01,5.922413977084697301e-01,4.174944118166196150e-02,6.070987998236004879e-01,0.000000000000000000e+00,1.365260212699157094e+00,7.775851157522516155e-02,0.000000000000000000e+00,3.499999940395355225e-01,3.499999940395355225e-01,-1.278326213359832764e-01,-3.499999940395355225e-01,5.514044314622879028e-02,3.270531594753265381e-01
4.200000000000003175e-01,5.980393401387686936e-01,4.691505977850751741e-02,5.113606215164845370e-01,0.000000000000000000e+00,1.105800627715355811e+00,1.011032411347534271e-01,0.000000000000000000e+00,3.499999940395355225e-01,3.499999940395355225e-01,-1.033949106931686401e-01,-3.499999940395355225e-01,2.326202243566513062e-01,3.499999940395355225e-01
4.400000000000003353e-01,6.031785366169489793e-01,5.168061474142798817e-02,4.135185852160702669e-01,0.000000000000000000e+00,8.013277158044160853e-01,1.468536273653021362e-01,0.000000000000000000e+00,3.155844509601593018e-01,2.516568303108215332e-01,-2.955365180969238281e-01,-3.499999940395355225e-01,-4.101793467998504639e-02,2.869267463684082031e-01
4.600000000000003531e-01,6.082442940567718281e-01,5.502990762645648681e-02,3.128081271437277433e-01,0.000000000000000000e+00,5.750672822729488987e-01,2.103498263875257790e-01,0.000000000000000000e+00,3.499999940395355225e-01,3.351521790027618408e-01,-2.561157047748565674e-01,-3.499999940395355225e-01,1.571458727121353149e-01,3.499999940395355225e-01
4.800000000000003708e-01,6.137304483496204277e-01,5.563922414461819344e-02,2.488654653854346366e-01,0.000000000000000000e+00,4.603773680830249848e-01,2.593359954135280865e-01,0.000000000000000000e+00,3.499999940395355225e-01,3.499999940395355225e-01,-1.427114456892013550e-01,-3.499999940395355225e-01,2.231248319149017334e-01,3.499999940395355225e-01
5.000000000000003331e-01,6.197303329083289070e-01,5.464763044348558418e-02,2.164346996970989145e-01,0.000000000000000000e+00,3.907814769975150315e-01,2.973546279869539455e-01,0.000000000000000000e+00,3.499999940395355225e-01,3.499999940395355225e-01,-1.195768788456916809e-01,-3.499999940395355225e-01,1.018175184726715088e-01,3.309343457221984863e-01
5.200000000000003508e-01,6.256447690708362153e-01,5.316855886904547912e-02,2.080610122619444835e-01,0.000000000000000000e+00,3.881621191535582494e-01,2.924535153626853790e-01,0.000000000000000000e+00,3.499999940395355225e-01,3.499999940395355225e-01,2.393907457590103149e-01,3.283069282770156860e-02,3.499999940395355225e-01,3.499999940395355225e-01
5.400000000000003686e-01,6.299080658644026220e-01,5.404132495339475373e-02,1.851423299385457633e-01,0.000000000000000000e+00,2.791292799169592387e-01,4.097752088592788722e-01,0.000000000000000000e+00,9.257821738719940186e-02,1.154566332697868347e-01,-3.014032915234565735e-02,-1.896988227963447571e-02,-2.322773076593875885e-02,7.838786393404006958e-02
5.600000000000003864e-01,6.331093418367798042e-01,5.633758126320992377e-02,1.182282283022710045e-01,0.000000000000000000e+00,1.269563287295685794e-01,7.779332956671697330e-01,0.000000000000000000e+00,3.081285953521728516e-01,1.200760826468467712e-01,-2.986775934696197510e-01,-3.499999940395355225e-01,1.358642578125000000e-01,2.947187721729278564e-01
5.800000000000004041e-01,6.372023138245432872e-01,5.496677647253805921e-02,7.784370608940792413e-02,0.000000000000000000e+00,1.136717604328957437e-01,7.629066207909972475e-01,0.000000000000000000e+00,3.499999940395355225e-01,3.499999940395355225e-01,1.466317623853683472e-01,-1.990896761417388916e-01,3.499999940395355225e-01,3.499999940395355225e-01
6.000000000000004219e-01,6.423889173722949764e-01,5.012764531174501714e-02,1.095999490281773237e-01,0.000000000000000000e+00,2.134585534162828924e-01,5.125706402386108751e-01,0.000000000000000000e+00,3.499999940395355225e-01,3.499999940395355225e-01,3.499999940395355225e-01,3.499999940395355225e-01,3.499999940395355225e-01,2.974359393119812012e-01
6.200000000000004396e-01,6.458336711947945119e-01,4.770862877929438195e-02,1.421556693535044047e-01,0.000000000000000000e+00,2.173306180119981001e-01,4.909843679477302048e-01,0.000000000000000000e+00,3.236424177885055542e-02,1.445098370313644409e-01,3.499999940395355225e-01,3.499999940395355225e-01,1.448197811841964722e-01,-1.133740693330764771e-02
6.400000000000004574e-01,6.482647031444797037e-01,4.637039446597845949e-02,1.610121277423421093e-01,0.000000000000000000e+00,2.589606314868392323e-01,4.038410906788564847e-01,0.000000000000000000e+00,3.499999940395355225e-01,2.789728343486785889e-01,1.849814504384994507e-01,2.636416852474212646e-01,3.499999940395355225e-01,2.821186184883117676e-01
6.600000000000004752e-01,6.505738844600823523e-01,4.341519126961085329e-02,1.997359089871912352e-01,0.000000000000000000e+00,3.199557674576897770e-01,3.156345692759683907e-01,0.000000000000000000e+00,2.910189330577850342e-01,2.418434619903564453e-01,3.499999940395355225e-01,3.499999940395355225e-01,3.499999940395355225e-01,1.681450307369232178e-01
6.800000000000004929e-01,6.524019110177784464e-01,4.072182197753171362e-02,2.388211780508588400e-01,0.000000000000000000e+00,3.579676870173000292e-01,2.726353163697082804e-01,0.000000000000000000e+00,2.586162388324737549e-01,2.141981571912765503e-01,3.499999940395355225e-01,3.499999940395355225e-01,3.499999940395355225e-01,1.585846245288848877e-01
7.000000000000005107e-01,6.545492466369843276e-01,3.673008284905293630e-02,2.887924813214280961e-01,0.000000000000000000e+00,4.396579583898392318e-01,2.136810371980624457e-01,0.000000000000000000e+00,3.499999940395355225e-01,3.499999940395355225e-01,3.499999940395355225e-01,3.499999940395355225e-01,3.499999940395355225e-01,3.158138692378997803e-01
7.200000000000005285e-01,6.568614885029381290e-01,3.072498562478054307e-02,3.619649011632846136e-01,0.000000000000000000e+00,5.376638574558154637e-01,1.669560194818721088e-01,0.000000000000000000e+00,3.499999940395355225e-01,3.499999940395355225e-01,3.499999940395355225e-01,3.499999940395355225e-01,3.499999940395355225e-01,3.318059146404266357e-01
7.400000000000005462e-01,6.586180098243523684e-01,2.455652083258669238e-02,4.408418553725225175e-01,0.000000000000000000e+00,6.250563803158198928e-01,1.374013679809178157e-01,0.000000000000000000e+00,3.499999940395355225e-01,3.499999940395355225e-01,3.499999940395355225e-01,3.499999940395355225e-01,3.499999940395355225e-01,2.286410778760910034e-01
7.600000000000005640e-01,6.598044085690336624e-01,1.964052347286338041e-02,5.094696040932978898e-01,0.000000000000000000e+00,6.893431712795954347e-01,1.201504947055619804e-01,0.000000000000000000e+00,3.499999940395355225e-01,3.499999940395355225e-01,3.499999940395355225e-01,3.499999940395355225e-01,3.499999940395355225e-01,2.781960070133209229e-01
7.800000000000005818e-01,6.607384165365538520e-01,1.619946603414107456e-02,5.649431117489204235e-01,0.000000000000000000e+00,7.369064636878537300e-01,1.093649875174865227e-01,0.000000000000000000e+00,3.499999940395355225e-01,3.499999940395355225e-01,3.499999940395355225e-01,3.499999940395355225e-01,3.499999940395355225e-01,3.499999940395355225e-01
8.000000000000005995e-01,6.615503072828899933e-01,1.366884430092596414e-02,6.144347969716900115e-01,0.000000000000000000e+00,7.806180657370841436e-01,1.009613496530828020e-01,0.000000000000000000e+00,3.499999940395355225e-01,3.499999940395355225e-01,3.499999940395355225e-01,3.499999940395355225e-01,3.499999940395355225e-01,3.499999940395355225e-01
8.200000000000006173e-01,6.621620544032358335e-01,1.123489556576973136e-02,6.671327620133330472e-01,0.000000000000000000e+00,8.307113182898173687e-01,9.273446744102634143e-02,0.000000000000000000e+00,3.499999940395355225e-01,3.499999940395355225e-01,3.499999940395355225e-01,3.499999940395355225e-01,3.499999940395355225e-01,3.499999940395355225e-01
8.400000000000006350e-01,6.624239159718514625e-01,8.404650238120814354e-03,7.289689543017703333e-01,0.000000000000000000e+00,8.908178565602378196e-01,8.417514779880327924e-02,0.000000000000000000e+00,3.499999940395355225e-01,3.499999940395355225e-01,3.499999940395355225e-01,3.499999940395355225e-01,3.499999940395355225e-01,3.499999940395355225e-01
8.600000000000006528e-01,6.622184996498249321e-01,5.171799601587478978e-03,8.009102370660150516e-01,0.000000000000000000e+00,9.587820419079502443e-01,7.571752387687499808e-02,0.000000000000000000e+00,3.499999940395355225e-01,3.499999940395355225e-01,3.499999940395355225e-01,3.499999940395355225e-01,3.499999940395355225e-01,3.499999940395355225e-01
8.800000000000006706e-01,6.615157313682138440e-01,1.853993466816139524e-03,8.802434899018987124e-01,0.000000000000000000e+00,1.029829954523277857e+00,6.791022222956825949e-02,0.000000000000000000e+00,3.499999940395355225e-01,3.499999940395355225e-01,3.499999940395355225e-01,3.499999940395355225e-01,3.499999940395355225e-01,3.499999940395355225e-01
9.000000000000006883e-01,6.603674248883453224e-01,-1.160121746741238358e-03,9.630269875123229628e-01,0.000000000000000000e+00,1.099521299726711643e+00,6.101500847840510972e-02,0.000000000000000000e+00,3.499999940395355225e-01,3.499999940395355225e-01,3.499999940395355225e-01,3.499999940395355225e-01,3.499999940395355225e-01,3.447475731372833252e-01
9.200000000000007061e-01,6.588419834513574713e-01,-3.585338635203549895e-03,1.046089319642699467e+00,0.000000000000000000e+00,1.165331377155323755e+00,5.498633049319122390e-02,0.000000000000000000e+00,3.499999940395355225e-01,3.499999940395355225e-01,3.499999940395355225e-01,3.499999940395355225e-01,3.499999940395355225e-01,3.417573273181915283e-01
9.400000000000007239e-01,6.569743184307298423e-01,-5.284645311176006111e-03,1.127868454935960107e+00,0.000000000000000000e+00,1.226682607434074423e+00,4.962257596484750261e-02,0.000000000000000000e+00,3.499999940395355225e-01,3.499999940395355225e-01,3.499999940395355225e-01,3.499999940395355225e-01,3.499999940395355225e-01,3.471990823745727539e-01
9.600000000000007416e-01,6.547603489978698343e-01,-6.224060856705626588e-03,1.208108195471971902e+00,0.000000000000000000e+00,1.283977390437792021e+00,4.471207959081350408e-02,0.000000000000000000e+00,3.499999940395355225e-01,3.499999940395355225e-01,3.499999940395355225e-01,3.499999940395355225e-01,3.499999940395355225e-01,3.499999940395355225e-01
9.800000000000007594e-01,6.521805831606062309e-01,-6.416917439765024156e-03,1.287015247523959793e+00,0.000000000000000000e+00,1.337637728336607434e+00,4.010547416485848310e-02,0.000000000000000000e+00,3.499999940395355225e-01,3.499999940395355225e-01,3.499999940395355225e-01,3.499999940395355225e-01,3.499999940395355225e-01,3.499999940395355225e-01
1.000000000000000666e+00,6.492230856951222151e-01,-5.877034690204341327e-03,1.364540236588642985e+00,0.000000000000000000e+00,1.387561032955245022e+00,3.572649412500628063e-02,0.000000000000000000e+00,3.499999940395355225e-01,3.499999940395355225e-01,3.499999940395355225e-01,3.499999940395355225e-01,3.499999940395355225e-01,3.467304408550262451e-01
1.019999999999998463e+00,6.458992416365612055e-01,-4.600251920636566627e-03,1.440017717481958837e+00,0.000000000000000000e+00,1.376751314681048832e+00,3.354868473250365718e-02,0.000000000000000000e+00,3.499999940395355225e-01,3.499999940395355225e-01,3.499999940395355225e-01,3.499999940395355225e-01,3.499999940395355225e-01,3.322294354438781738e-01
1.039999999999996261e+00,6.422493043422363712e-01,-2.575986757795023507e-03,1.512211600482252560e+00,0.000000000000000000e+00,1.357982532334765180e+00,3.258166217251318164e-02,0.000000000000000000e+00,3.499999940395355225e-01,3.499999940395355225e-01,3.499999940395355225e-01,3.499999940395355225e-01,3.499999940395355225e-01,3.130074143409729004e-01
1.059999999999994058e+00,6.383400087226155373e-01,2.017226146263650932e-04,1.579677686803810932e+00,0.000000000000000000e+00,1.277954068396616849e+00,3.518781631962479561e-02,0.000000000000000000e+00,3.499999940395355225e-01,3.499999940395355225e-01,3.499999940395355225e-01,3.499999940395355225e-01,3.499999940395355225e-01,2.915967106819152832e-01
1.079999999999991855e+00,6.344053873037732716e-01,3.664212833108748679e-03,1.640224336234710201e+00,0.000000000000000000e+00,1.265176473790134759e+00,3.747663183028800138e-02,0.000000000000000000e+00,3.499999940395355225e-01,3.499999940395355225e-01,3.499999940395355225e-01,3.499999940395355225e-01,2.995710968971252441e-01,2.709356546401977539e-01
1.099999999999989653e+00,6.304125379069541735e-01,7.848043211456934287e-03,1.693724720708793985e+00,0.000000000000000000e+00,1.190112102623057888e+00,4.291848705568165195e-02,0.000000000000000000e+00,3.499999940395355225e-01,3.499999940395355225e-01,3.499999940395355225e-01,3.499999940395355225e-01,3.499999940395355225e-01,3.499999940395355225e-01
1.119999999999987450e+00,6.291711677038578365e-01,1.306590772119997634e-02,1.725969744435850162e+00,0.000000000000000000e+00,1.165348978996068929e+00,4.870807496047666746e-02,0.000000000000000000e+00,3.499999940395355225e-01,3.499999940395355225e-01,2.180045694112777710e-01,-1.372770685702562332e-02,4.972508177161216736e-02,2.067486047744750977e-01
1.139999999999985247e+00,6.290861580670836783e-01,1.894137668257878104e-02,1.740340408024311003e+00,0.000000000000000000e+00,1.099912998583184143e+00,5.621450831768635970e-02,0.000000000000000000e+00,3.499999940395355225e-01,3.499999940395355225e-01,3.499999940395355225e-01,2.975811660289764404e-01,3.499999940395355225e-01,3.499999940395355225e-01
1.159999999999983045e+00,6.300242433478274728e-01,2.570399734813783033e-02,1.739570978109912014e+00,0.000000000000000000e+00,1.005216890260865803e+00,6.838643537207765577e-02,0.000000000000000000e+00,3.499999940395355225e-01,3.499999940395355225e-01,6.760685145854949951e-02,-3.346900641918182373e-01,7.825927436351776123e-02,3.230844140052795410e-01
1.179999999999980842e+00,6.342178657818489107e-01,3.410295237656285616e-02,1.708107132231263980e+00,0.000000000000000000e+00,8.501648322023312998e-01,9.478148859612743615e-02,0.000000000000000000e+00,3.499999940395355225e-01,3.499999940395355225e-01,1.231217458844184875e-01,-3.254011869430541992e-01,3.499999940395355225e-01,3.499999940395355225e-01
1.199999999999978639e+00,6.396564487688172207e-01,4.392515197632756996e-02,1.653683870794832922e+00,0.000000000000000000e+00,7.513172368669931434e-01,1.237487484453708431e-01,0.000000000000000000e+00,3.499999940395355225e-01,3.499999940395355225e-01,7.264991104602813721e-02,-3.499999940395355225e-01,1.893068850040435791e-01,3.499999940395355225e-01
1.219999999999976437e+00,6.452235851448736570e-01,5.435401980805348865e-02,1.584476313086760513e+00,0.000000000000000000e+00,5.963394541835748131e-01,1.766957652551170987e-01,0.000000000000000000e+00,3.499999940395355225e-01,3.499999940395355225e-01,6.713010370731353760e-02,-3.499999940395355225e-01,1.167408004403114319e-01,3.499999940395355225e-01
1.239999999999974234e+00,6.495312303369878970e-01,6.413769376122524513e-02,1.515409384498755729e+00,0.000000000000000000e+00,5.142912119109466218e-01,2.247330782508547842e-01,0.000000000000000000e+00,3.499999940395355225e-01,3.499999940395355225e-01,1.229570433497428894e-01,-3.499999940395355225e-01,2.774247825145721436e-01,3.499999940395355225e-01
1.259999999999972031e+00,6.525650372603279958e-01,7.301123453956204212e-02,1.452991268399867142e+00,0.000000000000000000e+00,4.510223106734941312e-01,2.666945058022155424e-01,0.000000000000000000e+00,3.499999940395355225e-01,3.499999940395355225e-01,6.165569648146629333e-02,-3.499999940395355225e-01,1.442108303308486938e-01,3.499999940395355225e-01
1.279999999999969829e+00,6.553421901351854650e-01,8.161607251527386309e-02,1.390546769556044948e+00,0.000000000000000000e+00,3.668540273276291730e-01,3.366788825013239950e-01,0.000000000000000000e+00,3.499999940395355225e-01,3.499999940395355225e-01,-7.639847695827484131e-02,-3.499999940395355225e-01,1.647404432296752930e-01,3.499999940395355225e-01
1.299999999999967626e+00,6.580701227462988356e-01,9.014625243501894758e-02,1.324571986056263473e+00,0.000000000000000000e+00,2.901486609838770936e-01,4.390471680280095823e-01,0.000000000000000000e+00,3.499999940395355225e-01,3.499999940395355225e-01,-1.687099039554595947e-01,-3.499999940395355225e-01,1.418370902538299561e-01,3.499999940395355225e-01
1.319999999999965423e+00,6.608303564540125574e-01,9.863435388854385755e-02,1.251753121136817137e+00,0.000000000000000000e+00,2.606562206994090802e-01,4.956429512948711258e-01,0.000000000000000000e+00,3.499999940395355225e-01,3.499999940395355225e-01,-1.936639994382858276e-01,-3.499999940395355225e-01,1.248556375503540039e-01,3.499999940395355225e-01
1.339999999999963221e+00,6.636815354220152452e-01,1.071127607680296689e-01,1.168854691363265141e+00,0.000000000000000000e+00,2.491004945821307659e-01,5.135344258901815007e-01,0.000000000000000000e+00,3.499999940395355225e-01,3.499999940395355225e-01,-1.794371157884597778e-01,-3.499999940395355225e-01,1.395204663276672363e-01,3.499999940395355225e-01
1.359999999999961018e+00,6.663651449793824844e-01,1.149304259393751360e-01,1.083927964288198265e+00,0.000000000000000000e+00,2.683567003758772218e-01,4.642755587014495422e-01,0.000000000000000000e+00,3.499999940395355225e-01,3.499999940395355225e-01,-1.453238725662231445e-01,-3.499999940395355225e-01,1.518404483795166016e-01,3.499999940395355225e-01
1.379999999999958815e+00,6.688531328517578478e-01,1.216368105084710827e-01,1.006345857214268502e+00,0.000000000000000000e+00,3.044684150163728953e-01,3.949921112206151164e-01,0.000000000000000000e+00,3.499999940395355225e-01,3.499999940395355225e-01,-1.503082215785980225e-01,-3.499999940395355225e-01,1.585056483745574951e-01,3.499999940395355225e-01
1.399999999999956612e+00,6.714093275583816745e-01,1.273454884753857375e-01,9.369527214514210556e-01,0.000000000000000000e+00,3.474222929276156169e-01,3.355983794133502451e-01,0.000000000000000000e+00,3.499999940395355225e-01,3.499999940395355225e-01,-1.448470801115036011e-01,-3.499999940395355225e-01,1.567228734493255615e-01,3.499999940395355225e-01
1.419999999999954410e+00,6.740829266177165158e-01,1.321751821486953360e-01,8.745455382389933918e-01,0.000000000000000000e+00,3.692160005240175957e-01,3.094258647587696531e-01,0.000000000000000000e+00,3.499999940395355225e-01,3.499999940395355225e-01,-1.300541460514068604e-01,-3.499999940395355225e-01,2.000004649162292480e-01,3.499999940395355225e-01
1.439999999999952207e+00,6.768967214922645415e-01,1.363119134974962732e-01,8.157444365448974777e-01,0.000000000000000000e+00,4.225747378695188239e-01,2.655993822248597369e-01,0.000000000000000000e+00,3.499999940395355225e-01,3.499999940395355225e-01,-1.212482079863548279e-01,-3.499999940395355225e-01,1.830653101205825806e-01,3.499999940395355225e-01
1.459999999999950004e+00,6.797830241631371839e-01,1.397482447018548180e-01,7.619598292636322601e-01,0.000000000000000000e+00,4.602116365192328029e-01,2.409386281171084498e-01,0.000000000000000000e+00,3.499999940395355225e-01,3.499999940395355225e-01,-6.858377158641815186e-02,-3.499999940395355225e-01,2.716080546379089355e-01,3.499999940395355225e-01
1.479999999999947802e+00,6.828624587294488402e-01,1.426075033763781197e-01,7.121437966362963445e-01,0.000000000000000000e+00,4.536423397869323582e-01,2.449016968752709134e-01,0.000000000000000000e+00,3.499999940395355225e-01,3.499999940395355225e-01,-5.357471480965614319e-02,-3.499999940395355225e-01,1.771252751350402832e-01,3.499999940395355225e-01
1.499999999999945599e+00,6.862510830923838068e-01,1.447033485358731886e-01,6.751190377425400069e-01,0.000000000000000000e+00,4.532857101995801385e-01,2.469965449949381719e-01,0.000000000000000000e+00,3.499999940395355225e-01,3.499999940395355225e-01,1.037094220519065857e-01,-3.391203582286834717e-01,3.499999940395355225e-01,3.499999940395355225e-01
1.519999999999943396e+00,6.899845093351537617e-01,1.461843608328239896e-01,6.530151435047187869e-01,0.000000000000000000e+00,4.260471558442448514e-01,2.654628625649042006e-01,0.000000000000000000e+00,3.499999940395355225e-01,3.499999940395355225e-01,8.448660373687744141e-02,-2.739020586013793945e-01,2.014324665069580078e-01,3.499999940395355225e-01
1.539999999999941194e+00,6.939373029824527084e-01,1.470902232380280616e-01,6.472237479217989309e-01,0.000000000000000000e+00,4.828653278737127796e-01,2.339174199419793987e-01,0.000000000000000000e+00,3.499999940395355225e-01,3.499999940395355225e-01,2.200981378555297852e-01,-2.806336618959903717e-02,3.499999940395355225e-01,3.499999940395355225e-01
1.559999999999938991e+00,6.976108533701504966e-01,1.475749832056156841e-01,6.492706897616417061e-01,0.000000000000000000e+00,5.610058904782299072e-01,1.991690179943064187e-01,0.000000000000000000e+00,3.499999940395355225e-01,3.468219041824340820e-01,1.247226074337959290e-01,1.033786982297897339e-01,2.671867609024047852e-01,2.598977088928222656e-01
1.579999999999936788e+00,7.009461627216413415e-01,1.478221531965779878e-01,6.544034930904232272e-01,0.000000000000000000e+00,5.773896629428570959e-01,1.950666681117196044e-01,0.000000000000000000e+00,3.499999940395355225e-01,3.060306906700134277e-01,2.904808521270751953e-01,2.958534657955169678e-01,3.499999940395355225e-01,2.822534441947937012e-01
1.599999999999934586e+00,7.023671160712084971e-01,1.498145159151405559e-01,6.287691780723415613e-01,0.000000000000000000e+00,4.575804822483855450e-01,2.542490483128074796e-01,0.000000000000000000e+00,2.110405713319778442e-01,1.387905031442642212e-01,1.577993631362915039e-01,2.394131422042846680e-01,2.591084539890289307e-01,1.577915251255035400e-01
1.619999999999932383e+00,7.033563516581120556e-01,1.527575019337952256e-01,5.576330034162414462e-01,0.000000000000000000e+00,3.696530989257696964e-01,3.239982555518469698e-01,0.000000000000000000e+00,3.007155060768127441e-01,1.211620271205902100e-01,-1.902183294296264648e-01,-3.419042825698852539e-01,2.148731797933578491e-01,2.478461414575576782e-01
1.639999999999930180e+00,7.072681281487573912e-01,1.524496442635115967e-01,5.143784409810560065e-01,0.000000000000000000e+00,3.301588571897807745e-01,3.676550161525766747e-01,0.000000000000000000e+00,3.499999940395355225e-01,3.499999940395355225e-01,2.361404746770858765e-01,-1.369189620018005371e-01,3.499999940395355225e-01,3.499999940395355225e-01
1.659999999999927978e+00,7.137473685957302916e-01,1.489914066832394579e-01,5.431035266319681476e-01,0.000000000000000000e+00,3.456196955590425390e-01,3.559792382195735017e-01,0.000000000000000000e+00,3.499999940395355225e-01,3.499999940395355225e-01,3.499999940395355225e-01,3.499999940395355225e-01,3.499999940395355225e-01,3.499999940395355225e-01
1.679999999999925775e+00,7.200338283516869442e-01,1.438017113781092648e-01,6.255352658545080269e-01,0.000000000000000000e+00,4.122975117781092491e-01,2.990229393400530289e-01,0.000000000000000000e+00,3.499999940395355225e-01,3.499999940395355225e-01,3.499999940395355225e-01,3.499999940395355225e-01,3.499999940395355225e-01,2.188703268766403198e-01
1.699999999999923572e+00,7.240491081801105899e-01,1.387336948098307210e-01,7.217265169649633716e-01,0.000000000000000000e+00,4.378032822079795383e-01,2.819303006261288380e-01,0.000000000000000000e+00,2.977338433265686035e-01,3.499999940395355225e-01,3.499999940395355225e-01,3.499999940395355225e-01,3.499999940395355225e-01,1.484403461217880249e-01
1.719999999999921370e+00,7.263748055638444834e-01,1.343833474322861932e-01,8.071015459558851246e-01,0.000000000000000000e+00,4.360734123022642628e-01,2.862097955260901605e-01,0.000000000000000000e+00,3.499999940395355225e-01,3.499999940395355225e-01,3.499999940395355225e-01,3.499999940395355225e-01,3.499999940395355225e-01,2.923835217952728271e-01
1.739999999999919167e+00,7.282025188631318091e-01,1.306894896088662827e-01,8.740813231554761531e-01,0.000000000000000000e+00,4.170375346724287668e-01,3.043137298254103285e-01,0.000000000000000000e+00,3.499999940395355225e-01,3.499999940395355225e-01,3.499999940395355225e-01,3.499999940395355225e-01,3.499999940395355225e-01,3.499999940395355225e-01
1.759999999999916964e+00,7.297369767768399074e-01,1.278463907144418710e-01,9.223075109804071969e-01,0.000000000000000000e+00,3.977033722814687922e-01,3.239534835506175381e-01,0.000000000000000000e+00,3.499999940395355225e-01,3.499999940395355225e-01,3.499999940395355225e-01,3.499999940395355225e-01,3.499999940395355225e-01,3.499999940395355225e-01
1.779999999999914762e+00,7.309896990874447109e-01,1.254547770123791706e-01,9.626098585229477811e-01,0.000000000000000000e+00,3.875780955335811351e-01,3.351379565171518915e-01,0.000000000000000000e+00,3.499999940395355225e-01,3.499999940395355225e-01,3.499999940395355225e-01,3.499999940395355225e-01,3.499999940395355225e-01,3.499999940395355225e-01
1.799999999999912559e+00,7.320583665485616010e-01,1.229477162341286456e-01,1.007437670070088442e+00,0.000000000000000000e+00,3.880128767572642579e-01,3.351718232780562245e-01,0.000000000000000000e+00,3.499999940395355225e-01,3.499999940395355225e-01,3.499999940395355225e-01,3.499999940395355225e-01,3.499999940395355225e-01,3.499999940395355225e-01
1.819999999999910356e+00,7.329965185395110883e-01,1.199384347748432278e-01,1.064261717664071627e+00,0.000000000000000000e+00,3.949328900951682986e-01,3.285262751682097582e-01,0.000000000000000000e+00,3.499999940395355225e-01,3.499999940395355225e-01,3.499999940395355225e-01,3.499999940395355225e-01,3.499999940395355225e-01,3.499999940395355225e-01
1.839999999999908153e+00,7.336963631224879823e-01,1.163631923885370956e-01,1.134000100904330122e+00,0.000000000000000000e+00,4.029951013344257871e-01,3.210041204152785932e-01,0.000000000000000000e+00,3.499999940395355225e-01,3.499999940395355225e-01,3.499999940395355225e-01,3.499999940395355225e-01,3.499999940395355225e-01,3.499999940395355225e-01
1.859999999999905951e+00,7.340319236917022261e-01,1.124455165037311355e-01,1.212885620855872260e+00,0.000000000000000000e+00,4.083998244385614873e-01,3.160929018837483340e-01,0.000000000000000000e+00,3.499999940395355225e-01,3.499999940395355225e-01,3.499999940395355225e-01,3.499999940395355225e-01,3.499999940395355225e-01,3.499999940395355225e-01
1.879999999999903748e+00,7.339652747449951775e-01,1.085441078571026674e-01,1.295678841435743855e+00,0.000000000000000000e+00,4.099129939697669367e-01,3.146131390159155328e-01,0.000000000000000000e+00,3.499999940395355225e-01,3.499999940395355225e-01,3.499999940395355225e-01,3.499999940395355225e-01,3.499999940395355225e-01,3.499999940395355225e-01
1.899999999999901545e+00,7.335012721057256879e-01,1.049775979810796400e-01,1.378338142449411663e+00,0.000000000000000000e+00,4.083962727985792629e-01,3.156111912538778763e-01,0.000000000000000000e+00,3.499999940395355225e-01,3.499999940395355225e-01,3.499999940395355225e-01,3.499999940395355225e-01,3.499999940395355225e-01,3.499999940395355225e-01
1.919999999999899343e+00,7.326227815854139402e-01,1.019161496247762977e-01,1.459062318322664531e+00,0.000000000000000000e+00,4.055152809649062995e-01,3.174743720302922734e-01,0.000000000000000000e+00,3.499999940395355225e-01,3.499999940395355225e-01,3.499999940395355225e-01,3.499999940395355225e-01,3.499999940395355225e-01,3.499999940395355225e-01
1.939999999999897140e+00,7.312747919656855666e-01,9.938639699453549747e-02,1.537865249960809422e+00,0.000000000000000000e+00,4.026189463236611310e-01,3.188154989681381002e-01,0.000000000000000000e+00,3.499999940395355225e-01,3.499999940395355225e-01,3.499999940395355225e-01,3.499999940395355225e-01,3.499999940395355225e-01,3.499999940395355225e-01
1.959999999999894937e+00,7.293893301961277276e-01,9.734542387270228581e-02,1.615497842893730107e+00,0.000000000000000000e+00,4.003499635413587110e-01,3.188616974487187283e-01,0.000000000000000000e+00,3.499999940395355225e-01,3.499999940395355225e-01,3.499999940395355225e-01,3.499999940395355225e-01,3.499999940395355225e-01,3.499999940395355225e-01
1.979999999999892735e+00,7.269139514528337731e-01,9.576181099404645902e-02,1.692481043030710008e+00,0.000000000000000000e+00,3.987405744777340333e-01,3.174799457042626893e-01,0.000000000000000000e+00,3.499999940395355225e-01,3.499999940395355225e-01,3.499999940395355225e-01,3.499999940395355225e-01,3.499999940395355225e-01,3.499999940395355225e-01
1.999999999999890532e+00,7.238243561633868062e-01,9.465997781946061673e-02,1.768634497451716081e+00,0.000000000000000000e+00,3.975571614573010226e-01,3.149031797655429399e-01,0.000000000000000000e+00,3.499999940395355225e-01,3.499999940395355225e-01,3.499999940395355225e-01,3.499999940395355225e-01,3.499999940395355225e-01,3.499999940395355225e-01
2.019999999999888551e+00,7.201225152967705156e-01,9.411683961553007904e-02,1.843103883240831964e+00,-4.533781394579273344e-02,3.967043324417105499e-01,3.113344534864481705e-01,1.000000000000000000e+00,3.499999940395355225e-01,3.499999940395355225e-01,3.499999940395355225e-01,3.499999940395355225e-01,3.499999940395355225e-01,3.499999940395355225e-01
2.039999999999886349e+00,7.158289804161032110e-01,9.422632046152057406e-02,1.914663244612645476e+00,-2.730282563689901201e-02,3.962906818153701938e-01,3.068257064092247410e-01,1.000000000000000000e+00,3.499999940395355225e-01,3.499999940395355225e-01,3.499999940395355225e-01,3.499999940395355225e-01,3.499999940395355225e-01,3.499999940395355225e-01
2.059999999999884146e+00,7.109833564482537227e-01,9.505785107368952547e-02,1.982023375020674827e+00,-5.342397615025307189e-03,3.964913143940378970e-01,3.013355994037563157e-01,1.000000000000000000e+00,3.499999940395355225e-01,3.499999940395355225e-01,3.499999940395355225e-01,3.499999940395355225e-01,3.499999940395355225e-01,3.499999940395355225e-01
2.079999999999881943e+00,7.056470517289051836e-01,9.663004743974784594e-02,2.044019762032902587e+00,-2.609686869953797839e-02,3.990924063162719637e-01,2.934757828251154943e-01,1.000000000000000000e+00,3.499999940395355225e-01,3.499999940395355225e-01,3.499999940395355225e-01,3.499999940395355225e-01,3.499999940395355225e-01,3.499999940395355225e-01
2.099999999999879741e+00,6.999012694773074639e-01,9.890633146183647195e-02,2.099704049225738167e+00,-5.616430436601183018e-02,4.005605336873812594e-01,2.859589239084970314e-01,1.000000000000000000e+00,3.499999940395355225e-01,3.499999940395355225e-01,3.499999940395355225e-01,3.499999940395355225e-01,3.499999940395355225e-01,3.499999940395355225e-01
2.119999999999877538e+00,6.951300793947663426e-01,1.022265125953999987e-01,2.142578474392396348e+00,-1.457619829055045724e-01,4.208014758695320379e-01,2.635595042736238458e-01,1.000000000000000000e+00,3.499999940395355225e-01,3.499999940395355225e-01,3.499999940395355225e-01,1.973248124122619629e-01,2.751224935054779053e-01,3.499999940395355225e-01
2.139999999999875335e+00,6.908436054613396049e-01,1.063547045142399505e-01,2.173448353760214502e+00,-2.101082999843398025e-01,4.324851737318829437e-01,2.474729250039150452e-01,1.000000000000000000e+00,3.499999940395355225e-01,3.499999940395355225e-01,3.499999940395355225e-01,3.078873753547668457e-01,3.499999940395355225e-01,3.499999940395355225e-01
2.159999999999873133e+00,6.874254194503661708e-01,1.116753462412263809e-01,2.189700121516156006e+00,-2.914433198861725582e-01,4.551084478225566610e-01,2.271391700284568493e-01,1.000000000000000000e+00,3.499999940395355225e-01,3.499999940395355225e-01,3.147315084934234619e-01,-1.376226991415023804e-01,2.093260735273361206e-01,3.499999940395355225e-01
2.179999999999870930e+00,6.854616868273292196e-01,1.184920109124792953e-01,2.187652535867539161e+00,-3.940387902340810045e-01,4.899944826785211927e-01,2.014903024414797517e-01,1.000000000000000000e+00,3.499999940395355225e-01,3.499999940395355225e-01,3.499999940395355225e-01,-9.955353289842605591e-02,3.499999940395355225e-01,3.499999940395355225e-01
2.199999999999868727e+00,6.845128851524597824e-01,1.269140541897203489e-01,2.167176195381104176e+00,-4.760015028765316458e-01,5.211937750259929558e-01,1.809996242808670774e-01,1.000000000000000000e+00,3.499999940395355225e-01,3.499999940395355225e-01,2.760656774044036865e-01,-2.656275033950805664e-01,2.452662289142608643e-01,3.499999940395355225e-01
2.219999999999866525e+00,6.846626044629351426e-01,1.374330428254074143e-01,2.124443095540803572e+00,-5.220650596111509056e-01,5.426184109885849871e-01,1.694837350972122625e-01,1.000000000000000000e+00,3.499999940395355225e-01,3.499999940395355225e-01,2.463405281305313110e-01,-3.289959728717803955e-01,3.061543107032775879e-01,3.499999940395355225e-01
2.239999999999864322e+00,6.853897759770456455e-01,1.497502003280191119e-01,2.060809906093691080e+00,-5.037997208749988021e-01,5.332881366579821369e-01,1.740500697812502884e-01,1.000000000000000000e+00,3.499999940395355225e-01,3.499999940395355225e-01,1.917498558759689331e-01,-3.499999940395355225e-01,2.306855618953704834e-01,3.499999940395355225e-01
2.259999999999862119e+00,6.855050737379402293e-01,1.622381659391232134e-01,1.987202756612673760e+00,-4.716783354628333313e-01,5.223683403964340943e-01,1.820804161342916561e-01,1.000000000000000000e+00,3.499999940395355225e-01,3.499999940395355225e-01,1.915040761232376099e-01,-3.499999940395355225e-01,3.499999940395355225e-01,3.499999940395355225e-01
2.279999999999859916e+00,6.847669633631333630e-01,1.740651601887325262e-01,1.912272713528477830e+00,-4.369248792222045208e-01,5.085675870722228264e-01,1.907687801944488726e-01,1.000000000000000000e+00,3.499999940395355225e-01,3.499999940395355225e-01,3.239303082227706909e-02,-3.499999940395355225e-01,1.795451641082763672e-01,3.499999940395355225e-01
2.299999999999857714e+00,6.837780557987035435e-01,1.855058508835130127e-01,1.833976337526929790e+00,-4.071132564936885134e-01,4.982508181266323000e-01,1.982216858765778744e-01,1.000000000000000000e+00,3.499999940395355225e-01,3.499999940395355225e-01,-6.130995601415634155e-02,-3.499999940395355225e-01,2.729333937168121338e-01,3.499999940395355225e-01
2.319999999999855511e+00,6.826493655249200598e-01,1.963048181030336847e-01,1.752885461992857774e+00,-3.872371246480365015e-01,4.925319123996074744e-01,2.031907188379908635e-01,1.000000000000000000e+00,3.499999940395355225e-01,3.499999940395355225e-01,-8.269771933555603027e-02,-3.499999940395355225e-01,2.094412744045257568e-01,3.499999940395355225e-01
2.339999999999853308e+00,6.816784716145233292e-01,2.062843646901696415e-01,1.670702281823648105e+00,-3.935309835825242519e-01,4.999143200216970007e-01,2.016172541043689259e-01,1.000000000000000000e+00,3.499999940395355225e-01,3.499999940395355225e-01,-7.087799161672592163e-02,-3.499999940395355225e-01,2.262144535779953003e-01,3.499999940395355225e-01
2.359999999999851106e+00,6.808938254876277796e-01,2.148761383923782908e-01,1.595814083833400732e+00,-4.103858344180497664e-01,5.116229293914847931e-01,1.974035413954875473e-01,1.000000000000000000e+00,3.499999940395355225e-01,3.499999940395355225e-01,-6.166042014956474304e-02,-3.499999940395355225e-01,2.462024241685867310e-01,3.499999940395355225e-01
2.379999999999848903e+00,6.804166172391906686e-01,2.222716832247048080e-01,1.529668635308496061e+00,-4.236299131924943229e-01,5.219008251485088845e-01,1.940925217018764082e-01,1.000000000000000000e+00,3.499999940395355225e-01,3.499999940395355225e-01,-6.261664628982543945e-02,-3.499999940395355225e-01,2.372540533542633057e-01,3.499999940395355225e-01
2.399999999999846700e+00,6.803000874837962231e-01,2.288356898568514319e-01,1.469301385138312321e+00,-4.300785922595761757e-01,5.292949692333009937e-01,1.924803519351059589e-01,1.000000000000000000e+00,3.499999940395355225e-01,3.499999940395355225e-01,-4.694997891783714294e-02,-3.499999940395355225e-01,2.529145777225494385e-01,3.499999940395355225e-01
2.419999999999844498e+00,6.804963627468383347e-01,2.347754847829919278e-01,1.412293813001515019e+00,-4.282076882806623574e-01,5.327887007656815221e-01,1.929480779298343995e-01,1.000000000000000000e+00,3.499999940395355225e-01,3.499999940395355225e-01,-2.913863770663738251e-02,-3.499999940395355225e-01,2.753572762012481689e-01,3.499999940395355225e-01
2.439999999999842295e+00,6.809749853693266575e-01,2.401963223486006660e-01,1.357343702420364506e+00,-4.254039772060695390e-01,5.368704543799129869e-01,1.936490056984826180e-01,1.000000000000000000e+00,3.499999940395355225e-01,3.499999940395355225e-01,-2.742683049291372299e-03,-3.499999940395355225e-01,2.955163121223449707e-01,3.499999940395355225e-01
2.459999999999840092e+00,6.817689834574274244e-01,2.450971667642848351e-01,1.305357688377372760e+00,-4.147887406197755533e-01,5.367607152983079333e-01,1.963028148450561006e-01,1.000000000000000000e+00,3.499999940395355225e-01,3.499999940395355225e-01,3.364301845431327820e-02,-3.499999940395355225e-01,3.214265704154968262e-01,3.499999940395355225e-01
2.479999999999837890e+00,6.829618009401465795e-01,2.494360713887979752e-01,1.259031333926222462e+00,-4.136935691906682977e-01,5.434452016001283248e-01,1.965766077023329284e-01,1.000000000000000000e+00,3.499999940395355225e-01,3.499999940395355225e-01,8.300676196813583374e-02,-3.499999940395355225e-01,3.499999940395355225e-01,3.499999940395355225e-01
2.499999999999835687e+00,6.847092975945792137e-01,2.532435043347319725e-01,1.221810523084286837e+00,-3.905663537196327195e-01,5.364299153224760808e-01,2.023584115700918229e-01,1.000000000000000000e+00,3.499999940395355225e-01,3.499999940395355225e-01,1.551814824342727661e-01,-3.499999940395355225e-01,3.499999940395355225e-01,3.499999940395355225e-01
2.519999999999833484e+00,6.871584972968248772e-01,2.564381757350322477e-01,1.204407835199382770e+00,-4.021000478517662291e-01,5.529015343470862209e-01,1.994749880370584316e-01,1.000000000000000000e+00,3.499999940395355225e-01,3.499999940395355225e-01,2.844130396842956543e-01,-1.460815072059631348e-01,3.499999940395355225e-01,3.499999940395355225e-01
2.539999999999831282e+00,6.898998566703907764e-01,2.590701881436422438e-01,1.201531936142302248e+00,-3.765612201021695249e-01,5.443160036746855779e-01,2.058596949744576077e-01,1.000000000000000000e+00,3.499999940395355225e-01,3.499999940395355225e-01,2.138859033584594727e-01,1.711711846292018890e-02,3.499999940395355225e-01,3.499999940395355225e-01
2.559999999999829079e+00,6.926874151876211139e-01,2.612609536744795458e-01,1.204368952237815371e+00,-3.771606076518513317e-01,5.531700699697077450e-01,2.057098480870371560e-01,1.000000000000000000e+00,3.499999940395355225e-01,3.499999940395355225e-01,3.018864989280700684e-01,1.022992134094238281e-01,3.499999940395355225e-01,3.499999940395355225e-01
2.579999999999826876e+00,6.954967631416812957e-01,2.627220602488812284e-01,1.218238511054487772e+00,-3.800526312072349810e-01,5.611533821270053846e-01,2.049868421981912436e-01,1.000000000000000000e+00,3.499999940395355225e-01,3.499999940395355225e-01,3.484726250171661377e-01,2.303099036216735840e-01,3.499999940395355225e-01,3.499999940395355225e-01
2.599999999999824674e+00,6.981437061129719401e-01,2.633949560763358955e-01,1.241021953036296477e+00,-4.941604726480486320e-01,6.441063778334047418e-01,1.764598818379878309e-01,1.000000000000000000e+00,3.499999940395355225e-01,3.499999940395355225e-01,3.499999940395355225e-01,3.499999940395355225e-01,3.499999940395355225e-01,3.499999940395355225e-01
2.619999999999822471e+00,7.007390653387605139e-01,2.637656671354415838e-01,1.264567111989129744e+00,-6.041618764265171970e-01,7.454307534438088245e-01,1.489595308933706896e-01,1.000000000000000000e+00,3.499999940395355225e-01,3.499999940395355225e-01,3.499999940395355225e-01,3.499999940395355225e-01,3.499999940395355225e-01,3.499999940395355225e-01
2.639999999999820268e+00,7.037434636369450658e-01,2.646781248082525906e-01,1.279781049782323876e+00,-6.126742847323627394e-01,7.647124044189156367e-01,1.468314288169093040e-01,1.000000000000000000e+00,3.499999940395355225e-01,3.499999940395355225e-01,3.499999940395355225e-01,3.499999940395355225e-01,3.499999940395355225e-01,3.499999940395355225e-01
2.659999999999818066e+00,7.072463048870210045e-01,2.658844216281436301e-01,1.287229670505644297e+00,-5.389842052360303004e-01,7.084469463940924472e-01,1.652539486909924138e-01,1.000000000000000000e+00,3.499999940395355225e-01,3.499999940395355225e-01,3.499999940395355225e-01,3.499999940395355225e-01,3.499999940395355225e-01,3.499999940395355225e-01
2.679999999999815863e+00,7.112329750043294707e-01,2.668041609828722960e-01,1.290479053099992557e+00,-3.948867502230941073e-01,6.126685866100666233e-01,2.012783124442264759e-01,1.000000000000000000e+00,3.499999940395355225e-01,3.499999940395355225e-01,3.499999940395355225e-01,3.499999940395355225e-01,3.499999940395355225e-01,3.499999940395355225e-01
2.699999999999813660e+00,7.156179944117634362e-01,2.670062966537846139e-01,1.296285809542156553e+00,-2.343271794045400647e-01,5.324759318520385643e-01,2.414182051488649727e-01,1.000000000000000000e+00,3.499999940395355225e-01,3.499999940395355225e-01,3.499999940395355225e-01,3.499999940395355225e-01,3.499999940395355225e-01,3.499999940395355225e-01
2.719999999999811457e+00,7.203120022335531836e-01,2.664556895450570506e-01,1.311522348986798647e+00,-8.937771724263132711e-02,4.761706223286208406e-01,2.776555706893421571e-01,1.000000000000000000e+00,3.499999940395355225e-01,3.499999940395355225e-01,3.499999940395355225e-01,3.499999940395355225e-01,3.499999940395355225e-01,3.499999940395355225e-01
2.739999999999809255e+00,7.252194608395550190e-01,2.652645802077088222e-01,1.339319543067031049e+00,-1.386697222939315029e-02,4.539394666765643183e-01,2.965332569426517018e-01,1.000000000000000000e+00,3.499999940395355225e-01,3.499999940395355225e-01,3.499999940395355225e-01,3.499999940395355225e-01,3.499999940395355225e-01,3.499999940395355225e-01
2.759999999999807052e+00,7.301724370559692368e-01,2.634893177888765203e-01,1.379211895159155654e+00,-1.290916529755148368e-02,4.570623311905528952e-01,2.967727086756121180e-01,1.000000000000000000e+00,3.499999940395355225e-01,3.499999940395355225e-01,3.499999940395355225e-01,3.499999940395355225e-01,3.499999940395355225e-01,3.499999940395355225e-01
2.779999999999804849e+00,7.349749202468365272e-01,2.612097437962666024e-01,1.428591581833514867e+00,-4.263010193297734479e-02,4.693864924802471639e-01,2.893424745167556544e-01,1.000000000000000000e+00,3.499999940395355225e-01,3.499999940395355225e-01,3.499999940395355225e-01,3.499999940395355225e-01,3.499999940395355225e-01,3.499999940395355225e-01
2.799999999999802647e+00,7.394606121146947153e-01,2.585669774349919070e-01,1.484507717064848853e+00,-6.253145209890154099e-02,4.776259440188182492e-01,2.843671369752746036e-01,1.000000000000000000e+00,3.499999940395355225e-01,3.499999940395355225e-01,3.499999940395355225e-01,3.499999940395355225e-01,3.499999940395355225e-01,3.499999940395355225e-01
2.819999999999800444e+00,7.435179098301153422e-01,2.557032255020862399e-01,1.544876571503861484e+00,-5.619191536368872697e-02,4.762053055908042620e-01,2.859520211590778072e-01,1.000000000000000000e+00,3.499999940395355225e-01,3.499999940395355225e-01,3.499999940395355225e-01,3.499999940395355225e-01,3.499999940395355225e-01,3.499999940395355225e-01
2.839999999999798241e+00,7.470917583428694497e-01,2.527061389777554012e-01,1.608756058717628834e+00,-2.552647069035662852e-02,4.665899977701458701e-01,2.936183823274108318e-01,1.000000000000000000e+00,3.499999940395355225e-01,3.499999940395355225e-01,3.499999940395355225e-01,3.499999940395355225e-01,3.499999940395355225e-01,3.499999940395355225e-01
2.859999999999796039e+00,7.501512426305503300e-01,2.496280963488927140e-01,1.676022933713840812e+00,-1.723008165176187489e-02,4.539038819153478066e-01,3.043075204129404576e-01,1.000000000000000000e+00,3.499999940395355225e-01,3.499999940395355225e-01,3.499999940395355225e-01,3.499999940395355225e-01,3.499999940395355225e-01,3.499999940395355225e-01
2.879999999999793836e+00,7.526696874132275950e-01,2.464846998123993993e-01,1.746725844564451569e+00,-5.674394158951523437e-02,4.430590761176752546e-01,3.141859853973787975e-01,1.000000000000000000e+00,3.499999940395355225e-01,3.499999940395355225e-01,3.499999940395355225e-01,3.499999940395355225e-01,3.499999940395355225e-01,3.499999940395355225e-01
2.899999999999791633e+00,7.546028537804743141e-01,2.432883607436332474e-01,1.820614438142273084e+00,-8.200675788851752301e-02,4.365381040156602888e-01,3.205016894721293697e-01,1.000000000000000000e+00,3.499999940395355225e-01,3.499999940395355225e-01,3.499999940395355225e-01,3.499999940395355225e-01,3.499999940395355225e-01,3.499999940395355225e-01
2.919999999999789431e+00,7.558933858718540622e-01,2.400750033227689872e-01,1.897008172005547610e+00,-9.068377584917119982e-02,4.342037210252676083e-01,3.226709439622927889e-01,1.000000000000000000e+00,3.499999940395355225e-01,3.499999940395355225e-01,3.499999940395355225e-01,3.499999940395355225e-01,3.499999940395355225e-01,3.499999940395355225e-01
2.939999999999787228e+00,7.564808347070475225e-01,2.369110353242205314e-01,1.974896427466710458e+00,-8.751234738058566442e-02,4.343740500090678691e-01,3.218780868451464050e-01,1.000000000000000000e+00,3.499999940395355225e-01,3.499999940395355225e-01,3.499999940395355225e-01,3.499999940395355225e-01,3.499999940395355225e-01,3.499999940395355225e-01
2.959999999999785025e+00,7.563065034912889173e-01,2.338788133225216948e-01,2.053142783201614918e+00,-7.919080624746333008e-02,4.351545327959033260e-01,3.197977015618658214e-01,1.000000000000000000e+00,3.499999940395355225e-01,3.499999940395355225e-01,3.499999940395355225e-01,3.499999940395355225e-01,3.499999940395355225e-01,3.499999940395355225e-01
2.979999999999782823e+00,7.553180009460986888e-01,2.310600082901838048e-01,2.130663015346024647e+00,-7.030305740794573488e-02,4.353215557831739413e-01,3.175757643519864226e-01,1.000000000000000000e+00,3.499999940395355225e-01,3.499999940395355225e-01,3.499999940395355225e-01,3.499999940395355225e-01,3.499999940395355225e-01,3.499999940395355225e-01
2.999999999999780620e+00,7.534748957402230829e-01,2.285253746110518236e-01,2.206509469532085710e+00,-6.207656561138774620e-02,4.345530530647452316e-01,3.155191414028469254e-01,1.000000000000000000e+00,3.499999940395355225e-01,3.499999940395355225e-01,3.499999940395355225e-01,3.499999940395355225e-01,3.499999940395355225e-01,3.499999940395355225e-01
3.019999999999778417e+00,7.507545842902225708e-01,2.263316640462531559e-01,2.279860323577761250e+00,-5.325104914210232465e-02,4.331675574698041209e-01,3.133127622855255701e-01,1.000000000000000000e+00,3.499999940395355225e-01,3.499999940395355225e-01,3.499999940395355225e-01,3.499999940395355225e-01,3.499999940395355225e-01,3.499999940395355225e-01
3.039999999999776215e+00,7.471563570837601587e-01,2.245226752943902948e-01,2.349943129921049589e+00,-4.174262985249344027e-02,4.316820289853869341e-01,3.104356574631233490e-01,1.000000000000000000e+00,3.499999940395355225e-01,3.499999940395355225e-01,3.499999940395355225e-01,3.499999940395355225e-01,3.499999940395355225e-01,3.499999940395355225e-01
3.059999999999774012e+00,7.427070398977941856e-01,2.231317442382033667e-01,2.415940854419514228e+00,-2.599300098234436085e-02,4.304897667272927220e-01,3.064982502455860791e-01,1.000000000000000000e+00,3.499999940395355225e-01,3.499999940395355225e-01,3.499999940395355225e-01,3.499999940395355225e-01,3.499999940395355225e-01,3.499999940395355225e-01
3.079999999999771809e+00,7.374671472172251718e-01,2.221800021379007894e-01,2.476966296427334679e+00,-5.547886943521929126e-03,4.297449651592348263e-01,3.013869717358804712e-01,1.000000000000000000e+00,3.499999940395355225e-01,3.499999940395355225e-01,3.499999940395355225e-01,3.499999940395355225e-01,3.499999940395355225e-01,3.499999940395355225e-01
3.099999999999769607e+00,7.315287036957137667e-01,2.216735845220584311e-01,2.532108011148395121e+00,-1.898768574710408066e-02,4.293799726541359107e-01,2.952530785632239696e-01,1.000000000000000000e+00,3.499999940395355225e-01,3.499999940395355225e-01,3.499999940395355225e-01,3.499999940395355225e-01,3.499999940395355225e-01,3.499999940395355225e-01
3.119999999999767404e+00,7.258346398984640846e-01,2.224034474602742950e-01,2.575632547115624948e+00,-4.926170559817211886e-02,4.311574810965101978e-01,2.876845736004569609e-01,1.000000000000000000e+00,3.499999940395355225e-01,3.499999940395355225e-01,3.499999940395355225e-01,2.130228579044342041e-01,3.255241513252258301e-01,3.499999940395355225e-01
3.139999999999765201e+00,7.204520894822816768e-01,2.243756930044875642e-01,2.605876633682038701e+00,-6.358575974285440857e-02,4.282886501438508686e-01,2.841035600642863868e-01,1.000000000000000000e+00,3.499999940395355225e-01,3.499999940395355225e-01,3.499999940395355225e-01,2.450441122055053711e-01,3.499999940395355225e-01,3.499999940395355225e-01
3.159999999999762998e+00,7.153079872254253235e-01,2.276345832007450332e-01,2.622237476335403716e+00,-9.314183478691930029e-02,4.310013381778269315e-01,2.767145413032701673e-01,1.000000000000000000e+00,3.499999940395355225e-01,3.499999940395355225e-01,3.499999940395355225e-01,-4.638079181313514709e-02,3.028404116630554199e-01,3.499999940395355225e-01
3.179999999999760796e+00,7.106759627282603908e-01,2.327481710411948290e-01,2.621307408130963523e+00,-1.123219355029076993e-01,4.302937033041939197e-01,2.719195161242730641e-01,1.000000000000000000e+00,3.499999940395355225e-01,3.499999940395355225e-01,3.499999940395355225e-01,-8.800598978996276855e-02,3.499999940395355225e-01,3.499999940395355225e-01
3.199999999999758593e+00,7.063620696491199613e-01,2.397720116392558776e-01,2.601892979693002150e+00,-1.378386509967353124e-01,4.329040688299132800e-01,2.655403372508161608e-01,1.000000000000000000e+00,3.499999940395355225e-01,3.499999940395355225e-01,3.254375755786895752e-01,-2.275242358446121216e-01,3.041557073593139648e-01,3.499999940395355225e-01
3.219999999999756390e+00,7.021595725908610364e-01,2.489550172305873277e-01,2.561635368667108281e+00,-1.630839305652105331e-01,4.354690051545848650e-01,2.592290173586973556e-01,1.000000000000000000e+00,3.499999940395355225e-01,3.499999940395355225e-01,2.831631600856781006e-01,-2.880302965641021729e-01,3.455292880535125732e-01,3.499999940395355225e-01
3.239999999999754188e+00,6.976957140313704286e-01,2.600265840235271853e-01,2.501010004413603660e+00,-1.906037684870063309e-01,4.397118857190189245e-01,2.523490578782484062e-01,1.000000000000000000e+00,3.499999940395355225e-01,3.499999940395355225e-01,2.220207303762435913e-01,-3.499999940395355225e-01,2.850259542465209961e-01,3.499999940395355225e-01
3.259999999999751985e+00,6.925238226176900769e-01,2.714351066994288297e-01,2.428561837663995693e+00,-1.994601409348557564e-01,4.374529451238638456e-01,2.501349647662860498e-01,1.000000000000000000e+00,3.499999940395355225e-01,3.499999940395355225e-01,1.670573800802230835e-01,-3.499999940395355225e-01,3.463667929172515869e-01,3.499999940395355225e-01
3.279999999999749782e+00,6.867679319619995892e-01,2.821236826592720126e-01,2.352594108525617234e+00,-2.109645791431805917e-01,4.371008157014803497e-01,2.472588552142048479e-01,1.000000000000000000e+00,3.499999940395355225e-01,3.499999940395355225e-01,3.301553055644035339e-02,-3.499999940395355225e-01,2.480230480432510376e-01,3.499999940395355225e-01
3.299999999999747580e+00,6.809419100255684754e-01,2.923191151358580653e-01,2.272612819142455720e+00,-2.151127743741707565e-01,4.339620132740714675e-01,2.462218064064572998e-01,1.000000000000000000e+00,3.499999940395355225e-01,3.499999940395355225e-01,-3.794243186712265015e-02,-3.499999940395355225e-01,2.527079880237579346e-01,3.499999940395355225e-01
3.319999999999745377e+00,6.753423387199291028e-01,3.019290277502745257e-01,2.189252668612605923e+00,-2.251519936498738161e-01,4.344334928035116228e-01,2.437120015875315349e-01,1.000000000000000000e+00,3.499999940395355225e-01,3.499999940395355225e-01,-5.083436146378517151e-02,-3.499999940395355225e-01,2.441899180412292480e-01,3.499999940395355225e-01
3.339999999999743174e+00,6.703634848003768854e-01,3.103446366761913877e-01,2.110646410893828318e+00,-2.495152512368601361e-01,4.405063064549057383e-01,2.376211871907849549e-01,1.000000000000000000e+00,3.499999940395355225e-01,3.499999940395355225e-01,-3.724273666739463806e-02,-3.499999940395355225e-01,2.536733150482177734e-01,3.499999940395355225e-01
3.359999999999740972e+00,6.661764043240349098e-01,3.174957235120116072e-01,2.041684977236437160e+00,-2.695357048805322453e-01,4.456681686787859475e-01,2.326160737798669276e-01,1.000000000000000000e+00,3.499999940395355225e-01,3.499999940395355225e-01,-4.309981688857078552e-02,-3.499999940395355225e-01,2.624140679836273193e-01,3.499999940395355225e-01
3.379999999999738769e+00,6.627222727024258964e-01,3.238425890083725944e-01,1.979848294565792255e+00,-2.814790278576300153e-01,4.489853903102695720e-01,2.296302430355924851e-01,1.000000000000000000e+00,3.499999940395355225e-01,3.499999940395355225e-01,-3.585804626345634460e-02,-3.499999940395355225e-01,2.470607757568359375e-01,3.499999940395355225e-01
3.399999999999736566e+00,6.598436661800324288e-01,3.296877823039237043e-01,1.921806659643644277e+00,-2.859673274306590018e-01,4.503376410207464708e-01,2.285081681423352384e-01,1.000000000000000000e+00,3.499999940395355225e-01,3.499999940395355225e-01,-2.160265110433101654e-02,-3.499999940395355225e-01,2.803314626216888428e-01,3.499999940395355225e-01
3.419999999999734364e+00,6.574151927482373425e-01,3.351487416879309622e-01,1.865532773571963565e+00,-2.856629438927339448e-01,4.505685011113828020e-01,2.285842640268165027e-01,1.000000000000000000e+00,3.499999940395355225e-01,3.499999940395355225e-01,1.028212136588990688e-03,-3.499999940395355225e-01,2.891636490821838379e-01,3.499999940395355225e-01
3.439999999999732161e+00,6.554167175805354351e-01,3.402860466193393663e-01,1.810564662103671285e+00,-2.826338945821412763e-01,4.504260323996798210e-01,2.293415263544646698e-01,1.000000000000000000e+00,3.499999940395355225e-01,3.499999940395355225e-01,2.656854316592216492e-02,-3.499999940395355225e-01,3.153736889362335205e-01,3.499999940395355225e-01
3.459999999999729958e+00,6.539220553291703597e-01,3.450883622358920100e-01,1.758495718581327250e+00,-2.783385661712323156e-01,4.504751362920164093e-01,2.304153584571919100e-01,1.000000000000000000e+00,3.499999940395355225e-01,3.499999940395355225e-01,6.384623795747756958e-02,-3.499999940395355225e-01,3.367719054222106934e-01,3.499999940395355225e-01
3.479999999999727756e+00,6.530674498587152321e-01,3.495883360489031588e-01,1.712232456391757029e+00,-2.721383959335722524e-01,4.505786217990526143e-01,2.319654010166069258e-01,1.000000000000000000e+00,3.499999940395355225e-01,3.499999940395355225e-01,1.140516772866249084e-01,-3.499999940395355225e-01,3.499999940395355225e-01,3.499999940395355225e-01
3.499999999999725553e+00,6.530061449326466372e-01,3.538476656674981458e-01,1.676070273352801454e+00,-2.674001250129203200e-01,4.524178909052085640e-01,2.331499687467699089e-01,1.000000000000000000e+00,3.499999940395355225e-01,3.499999940395355225e-01,1.916257590055465698e-01,-3.384786248207092285e-01,3.499999940395355225e-01,3.499999940395355225e-01
3.519999999999723350e+00,6.538594429495473426e-01,3.577776154501149941e-01,1.660083955716661563e+00,-2.580184957134258328e-01,4.529604626921833743e-01,2.354953760716435307e-01,1.000000000000000000e+00,3.499999940395355225e-01,3.499999940395355225e-01,3.064522743225097656e-01,-1.142206117510795593e-01,3.499999940395355225e-01,3.499999940395355225e-01
3.539999999999721148e+00,6.551912889658773054e-01,3.612800149623754953e-01,1.657781207559768433e+00,-2.480761236609685394e-01,4.535752127883189155e-01,2.379809690847578540e-01,1.000000000000000000e+00,3.499999940395355225e-01,3.499999940395355225e-01,2.468827217817306519e-01,2.494159154593944550e-02,3.499999940395355225e-01,3.499999940395355225e-01
3.559999999999718945e+00,6.567616813393790665e-01,3.643690154924750235e-01,1.661817764036805700e+00,-2.405837909838206556e-01,4.552251393892629561e-01,2.398540522540448250e-01,1.000000000000000000e+00,3.499999940395355225e-01,3.499999940395355225e-01,3.421846330165863037e-01,1.077293753623962402e-01,3.499999940395355225e-01,3.499999940395355225e-01
3.579999999999716742e+00,6.585776683005197807e-01,3.668391940257070827e-01,1.674496276747703849e+00,-2.217206489322776086e-01,4.516868805395059527e-01,2.445698377669305867e-01,1.000000000000000000e+00,3.499999940395355225e-01,3.499999940395355225e-01,3.499999940395355225e-01,2.411257028579711914e-01,3.499999940395355225e-01,3.499999940395355225e-01
3.599999999999714539e+00,6.605001765082404441e-01,3.687266424106967477e-01,1.692185528336679567e+00,-1.943022504047333676e-01,4.448897506005935476e-01,2.514244373988166470e-01,1.000000000000000000e+00,3.499999940395355225e-01,3.499999940395355225e-01,3.499999940395355225e-01,3.248338997364044189e-01,3.499999940395355225e-01,3.499999940395355225e-01
3.619999999999712337e+00,6.625347163333573652e-01,3.705497524457511682e-01,1.709149682600608733e+00,-1.666978870289015369e-01,4.390297007719260458e-01,2.583255282427746047e-01,1.000000000000000000e+00,3.499999940395355225e-01,3.499999940395355225e-01,3.499999940395355225e-01,3.499999940395355225e-01,3.499999940395355225e-01,3.499999940395355225e-01
3.639999999999710134e+00,6.647964871610515525e-01,3.729866779828914236e-01,1.719785281924914422e+00,-1.435424250959602688e-01,4.357894293408833275e-01,2.641143937260099217e-01,1.000000000000000000e+00,3.499999940395355225e-01,3.499999940395355225e-01,3.499999940395355225e-01,3.499999940395355225e-01,3.499999940395355225e-01,3.499999940395355225e-01
3.659999999999707931e+00,6.674987435013904902e-01,3.757821326367318804e-01,1.725253995932372053e+00,-1.252900152857763239e-01,4.349630176370052337e-01,2.686774961785559079e-01,1.000000000000000000e+00,3.499999940395355225e-01,3.499999940395355225e-01,3.499999940395355225e-01,3.499999940395355225e-01,3.499999940395355225e-01,3.499999940395355225e-01
3.679999999999705729e+00,6.708305041090724119e-01,3.784462323282267171e-01,1.728825232321382632e+00,-1.115621317472414997e-01,4.363239941504821751e-01,2.721094670631896140e-01,1.000000000000000000e+00,3.499999940395355225e-01,3.499999940395355225e-01,3.499999940395355225e-01,3.499999940395355225e-01,3.499999940395355225e-01,3.499999940395355225e-01
3.699999999999703526e+00,6.748248073797270541e-01,3.806148147627914646e-01,1.736519726071887648e+00,-9.880426127160225891e-02,4.384699578939960096e-01,2.752989346820994276e-01,1.000000000000000000e+00,3.499999940395355225e-01,3.499999940395355225e-01,3.499999940395355225e-01,3.499999940395355225e-01,3.499999940395355225e-01,3.499999940395355225e-01
3.719999999999701323e+00,6.793762072135770547e-01,3.822575873296598647e-01,1.753736724101838451e+00,-8.376307361827130260e-02,4.401371734396732349e-01,2.790592315954321667e-01,1.000000000000000000e+00,3.499999940395355225e-01,3.499999940395355225e-01,3.499999940395355225e-01,3.499999940395355225e-01,3.499999940395355225e-01,3.499999940395355225e-01
3.739999999999699121e+00,6.843398781202628678e-01,3.834218350117493124e-01,1.782715562858143699e+00,-6.545220605086288224e-02,4.408068337461006347e-01,2.836369484872842683e-01,1.000000000000000000e+00,3.499999940395355225e-01,3.499999940395355225e-01,3.499999940395355225e-01,3.499999940395355225e-01,3.499999940395355225e-01,3.499999940395355225e-01
3.759999999999696918e+00,6.895505976904012790e-01,3.840905247804166089e-01,1.822812129287486593e+00,-4.469794406680627219e-02,4.406076547827190160e-01,2.888255139832984209e-01,1.000000000000000000e+00,3.499999940395355225e-01,3.499999940395355225e-01,3.499999940395355225e-01,3.499999940395355225e-01,3.499999940395355225e-01,3.499999940395355225e-01
3.779999999999694715e+00,6.948205806912944871e-01,3.842576558619602567e-01,1.871753526463479700e+00,-2.338081067617681086e-02,4.400200113777414379e-01,2.941547973309557862e-01,1.000000000000000000e+00,3.499999940395355225e-01,3.499999940395355225e-01,3.499999940395355225e-01,3.499999940395355225e-01,3.499999940395355225e-01,3.499999940395355225e-01
3.799999999999692513e+00,6.999623021995826644e-01,3.839705346978933287e-01,1.927096270301332570e+00,-3.470163904831125024e-03,4.395272764155013223e-01,2.991324590237922076e-01,1.000000000000000000e+00,3.499999940395355225e-01,3.499999940395355225e-01,3.499999940395355225e-01,3.499999940395355225e-01,3.499999940395355225e-01,3.499999940395355225e-01
3.819999999999690310e+00,7.048260388368873253e-01,3.832952625033494432e-01,1.987143327189247355e+00,-1.374079325395838498e-02,4.394006539377608989e-01,3.034351983134895847e-01,1.000000000000000000e+00,3.499999940395355225e-01,3.499999940395355225e-01,3.499999940395355225e-01,3.499999940395355225e-01,3.499999940395355225e-01,3.499999940395355225e-01
3.839999999999688107e+00,7.093249142814237462e-01,3.822762093449366683e-01,2.051092698495170286e+00,-2.789887364988907770e-02,4.396517948605641601e-01,3.069747184124722583e-01,1.000000000000000000e+00,3.499999940395355225e-01,3.499999940395355225e-01,3.499999940395355225e-01,3.499999940395355225e-01,3.499999940395355225e-01,3.499999940395355225e-01
3.859999999999685905e+00,7.134035562917635520e-01,3.809436422030556546e-01,2.118742580170641876e+00,-3.925462404925816884e-02,4.401369036620865760e-01,3.098136560123145311e-01,1.000000000000000000e+00,3.499999940395355225e-01,3.499999940395355225e-01,3.499999940395355225e-01,3.499999940395355225e-01,3.499999940395355225e-01,3.499999940395355225e-01
3.879999999999683702e+00,7.170217479835006014e-01,3.793044267558485227e-01,2.189973260092044516e+00,-4.825294693788628742e-02,4.406811368949550278e-01,3.120632367344715608e-01,1.000000000000000000e+00,3.499999940395355225e-01,3.499999940395355225e-01,3.499999940395355225e-01,3.499999940395355225e-01,3.499999940395355225e-01,3.499999940395355225e-01
3.899999999999681499e+00,7.201262904389991171e-01,3.773569311749993549e-01,2.264382938413429969e+00,-5.513247680706245824e-02,4.411663141497224605e-01,3.137831192017656035e-01,1.000000000000000000e+00,3.499999940395355225e-01,3.499999940395355225e-01,3.499999940395355225e-01,3.499999940395355225e-01,3.499999940395355225e-01,3.499999940395355225e-01
3.919999999999679297e+00,7.226467878800948430e-01,3.751124359634305794e-01,2.341214178163979476e+00,-5.981598286472089576e-02,4.415563178088418028e-01,3.149539957161802128e-01,1.000000000000000000e+00,3.499999940395355225e-01,3.499999940395355225e-01,3.499999940395355225e-01,3.499999940395355225e-01,3.499999940395355225e-01,3.499999940395355225e-01
3.939999999999677094e+00,7.245011751094476704e-01,3.726046175450492548e-01,2.419453641839673264e+00,-6.199311213642455520e-02,4.418758557605019788e-01,3.154982780341061277e-01,1.000000000000000000e+00,3.499999940395355225e-01,3.499999940395355225e-01,3.499999940395355225e-01,3.499999940395355225e-01,3.499999940395355225e-01,3.499999940395355225e-01
3.959999999999674891e+00,7.256043419663223970e-01,3.698799011457519770e-01,2.498003634199069900e+00,-6.126306943875658995e-02,4.421711087080961722e-01,3.153157673596891364e-01,1.000000000000000000e+00,3.499999940395355225e-01,3.499999940395355225e-01,3.499999940395355225e-01,3.499999940395355225e-01,3.499999940395355225e-01,3.499999940395355225e-01
3.979999999999672688e+00,7.258774480227578874e-01,3.669867723260784587e-01,2.575822628916385693e+00,-5.727134484719131891e-02,4.424773009930265677e-01,3.143178362117978186e-01,1.000000000000000000e+00,3.499999940395355225e-01,3.499999940395355225e-01,3.499999940395355225e-01,3.499999940395355225e-01,3.499999940395355225e-01,3.499999940395355225e-01
3.999999999999670486e+00,7.252561995979646126e-01,3.639705434197981759e-01,2.651986090661516471e+00,-4.979235383157255140e-02,4.428047296481650297e-01,3.124480884578931250e-01,1.000000000000000000e+00,3.499999940395355225e-01,3.499999940395355225e-01,3.499999940395355225e-01,3.499999940395355225e-01,3.499999940395355225e-01,3.499999940395355225e-01
4.019999999999677165e+00,7.236970685707431183e-01,3.608732737690812931e-01,2.725670869660695494e+00,-3.874845298399388210e-02,4.431420943528078249e-01,3.096871132459984577e-01,1.000000000000000000e+00,3.499999940395355225e-01,3.499999940395355225e-01,3.499999940395355225e-01,3.499999940395355225e-01,3.499999940395355225e-01,3.499999940395355225e-01
4.039999999999683844e+00,7.211808697871383567e-01,3.577357438366882691e-01,2.796087603680602385e+00,-2.418389442048352392e-02,4.434691555703936805e-01,3.060459736051208690e-01,1.000000000000000000e+00,3.499999940395355225e-01,3.499999940395355225e-01,3.499999940395355225e-01,3.499999940395355225e-01,3.499999940395355225e-01,3.499999940395355225e-01
4.059999999999690523e+00,7.177179953305424798e-01,3.546013109021902698e-01,2.862399483886570284e+00,-6.246650891160498986e-03,4.437679089665361176e-01,3.015616627227901136e-01,1.000000000000000000e+00,3.499999940395355225e-01,3.499999940395355225e-01,3.499999940395355225e-01,3.499999940395355225e-01,3.499999940395355225e-01,3.499999940395355225e-01
4.079999999999697202e+00,7.133550395146296408e-01,3.515164071533749546e-01,2.923704812747792037e+00,-1.480624789889639636e-02,4.440280263451624188e-01,2.962984380252758898e-01,1.000000000000000000e+00,3.499999940395355225e-01,3.499999940395355225e-01,3.499999940395355225e-01,3.499999940395355225e-01,3.499999940395355225e-01,3.499999940395355225e-01
4.099999999999703881e+00,7.081736746618022549e-01,3.485269050507984190e-01,2.979086715895722381e+00,-3.862096395915770586e-02,4.442489590673694977e-01,2.903447590102105624e-01,1.000000000000000000e+00,3.499999940395355225e-01,3.499999940395355225e-01,3.499999940395355225e-01,3.499999940395355225e-01,3.499999940395355225e-01,3.499999940395355225e-01
4.119999999999710560e+00,7.026212283877945053e-01,3.466314187946966108e-01,3.023427504642840713e+00,-6.560348259612447386e-02,4.456226921735706448e-01,2.835991293509688704e-01,1.000000000000000000e+00,3.499999940395355225e-01,3.499999940395355225e-01,3.499999940395355225e-01,2.209050953388214111e-01,3.499999940395355225e-01,3.499999940395355225e-01
4.139999999999717240e+00,6.968884597920871338e-01,3.462685719066639356e-01,3.053415404983407466e+00,-8.122688266797230272e-02,4.438775995408115183e-01,2.796932793330069167e-01,1.000000000000000000e+00,3.499999940395355225e-01,3.499999940395355225e-01,3.499999940395355225e-01,2.018937915563583374e-01,3.499999940395355225e-01,3.499999940395355225e-01
4.159999999999723919e+00,6.908228169893119164e-01,3.473516129224607507e-01,3.068443332348991248e+00,-9.627007538468768111e-02,4.428449203783266230e-01,2.759324811538280686e-01,1.000000000000000000e+00,3.499999940395355225e-01,3.499999940395355225e-01,3.499999940395355225e-01,1.898727193474769592e-02,3.499999940395355225e-01,3.499999940395355225e-01
4.179999999999730598e+00,6.843732913215410107e-01,3.502599527512063604e-01,3.065984058852438299e+00,-1.073929056109381858e-01,4.408518785787131633e-01,2.731517735972654459e-01,1.000000000000000000e+00,3.499999940395355225e-01,3.499999940395355225e-01,3.499999940395355225e-01,-9.000716358423233032e-02,3.499999940395355225e-01,3.499999940395355225e-01
4.199999999999737277e+00,6.774482802707463280e-01,3.546934393929881413e-01,3.046351839098615955e+00,-1.293651701847897684e-01,4.427388892575331303e-01,2.676587074538025468e-01,1.000000000000000000e+00,3.499999940395355225e-01,3.499999940395355225e-01,3.499999940395355225e-01,-1.976881027221679688e-01,3.499999940395355225e-01,3.499999940395355225e-01
4.219999999999743956e+00,6.697886800743430014e-01,3.607178944201894222e-01,3.008364581304933338e+00,-1.562766979946554891e-01,4.459282078157870699e-01,2.609308255013361166e-01,1.000000000000000000e+00,3.499999940395355225e-01,3.499999940395355225e-01,2.979928851127624512e-01,-2.834197878837585449e-01,3.457766473293304443e-01,3.499999940395355225e-01
4.239999999999750635e+00,6.611520986728123273e-01,3.681445975307265916e-01,2.952073078452598587e+00,-1.872773824549431865e-01,4.507724432746764154e-01,2.531806543862641923e-01,1.000000000000000000e+00,3.499999940395355225e-01,3.499999940395355225e-01,2.272406965494155884e-01,-3.499999940395355225e-01,3.222834467887878418e-01,3.499999940395355225e-01
4.259999999999757314e+00,6.517163222388622223e-01,3.758179386078150941e-01,2.883759088967444040e+00,-2.096357986787354133e-01,4.526657587955211226e-01,2.475910503303161425e-01,1.000000000000000000e+00,3.499999940395355225e-01,3.499999940395355225e-01,1.411850750446319580e-01,-3.499999940395355225e-01,3.237872719764709473e-01,3.499999940395355225e-01
4.279999999999763993e+00,6.419512038239952867e-01,3.829543218926423354e-01,2.809439718378634154e+00,-2.276774211933817460e-01,4.539316570340756751e-01,2.430806447016545524e-01,1.000000000000000000e+00,3.499999940395355225e-01,3.499999940395355225e-01,4.565189033746719360e-02,-3.499999940395355225e-01,2.723529934883117676e-01,3.499999940395355225e-01
4.299999999999770672e+00,6.322506522159775377e-01,3.896335811906860291e-01,2.729987885745111864e+00,-2.413815096061906473e-01,4.540538382579369925e-01,2.396546225984523271e-01,1.000000000000000000e+00,3.499999940395355225e-01,3.499999940395355225e-01,-1.000701636075973511e-02,-3.499999940395355225e-01,2.583158016204833984e-01,3.499999940395355225e-01
4.319999999999777351e+00,6.230520040058884490e-01,3.957779327796197011e-01,2.648055185454428528e+00,-2.591907184883045501e-01,4.567693748228796591e-01,2.352023203779238514e-01,1.000000000000000000e+00,3.499999940395355225e-01,3.499999940395355225e-01,-1.737332716584205627e-02,-3.499999940395355225e-01,2.555272877216339111e-01,3.499999940395355225e-01
4.339999999999784031e+00,6.149741695541516284e-01,4.010156944763473286e-01,2.572120684169935334e+00,-2.745819204095819588e-01,4.592550296556550671e-01,2.313545198976044992e-01,1.000000000000000000e+00,3.499999940395355225e-01,3.499999940395355225e-01,-1.469140872359275818e-02,-3.499999940395355225e-01,2.665058672428131104e-01,3.499999940395355225e-01
4.359999999999790710e+00,6.081094141910898809e-01,4.055102175914064855e-01,2.505225253045768596e+00,-2.847386209951261460e-01,4.608234449770365337e-01,2.288153447512184524e-01,1.000000000000000000e+00,3.499999940395355225e-01,3.499999940395355225e-01,-1.968040876090526581e-02,-3.499999940395355225e-01,2.691946029663085938e-01,3.499999940395355225e-01
4.379999999999797389e+00,6.022080529580901009e-01,4.096403374748985859e-01,2.444677748255632999e+00,-2.906673943777351443e-01,4.618400085089048313e-01,2.273331514055662028e-01,1.000000000000000000e+00,3.499999940395355225e-01,3.499999940395355225e-01,-1.141430251300334930e-02,-3.499999940395355225e-01,2.631574571132659912e-01,3.499999940395355225e-01
4.399999999999804068e+00,5.970037697740739890e-01,4.135963624755277790e-01,2.387301334780694617e+00,-2.928115550111474175e-01,4.622229400657001941e-01,2.267971112472131345e-01,1.000000000000000000e+00,3.499999940395355225e-01,3.499999940395355225e-01,2.369583351537585258e-03,-3.499999940395355225e-01,2.899268269538879395e-01,3.499999940395355225e-01
4.419999999999810747e+00,5.923534878835544637e-01,4.174158794423408203e-01,2.331440436280763695e+00,-2.932771266177257585e-01,4.627001860830242119e-01,2.266807183455685493e-01,1.000000000000000000e+00,3.499999940395355225e-01,3.499999940395355225e-01,2.651986107230186462e-02,-3.499999940395355225e-01,3.037489056587219238e-01,3.499999940395355225e-01
4.439999999999817426e+00,5.882330554272526824e-01,4.211362925924003742e-01,2.276999728068575202e+00,-2.924066990050311343e-01,4.632952434203170822e-01,2.268983252487422053e-01,1.000000000000000000e+00,3.499999940395355225e-01,3.499999940395355225e-01,5.254403129220008850e-02,-3.499999940395355225e-01,3.243349492549896240e-01,3.499999940395355225e-01
4.459999999999824105e+00,5.847177735025317347e-01,4.247819224310257491e-01,2.225605333354856885e+00,-2.901820292322809802e-01,4.640383231975798717e-01,2.274544926919297438e-01,1.000000000000000000e+00,3.499999940395355225e-01,3.499999940395355225e-01,8.939152210950851440e-02,-3.499999940395355225e-01,3.498351275920867920e-01,3.499999940395355225e-01
4.479999999999830784e+00,5.819121207966244658e-01,4.284602084069785155e-01,2.179994041797140181e+00,-2.854417214637382516e-01,4.645979807116087379e-01,2.286395696340654260e-01,1.000000000000000000e+00,3.499999940395355225e-01,3.499999940395355225e-01,1.405948251485824585e-01,-3.499999940395355225e-01,3.499999940395355225e-01,3.499999940395355225e-01
4.499999999999837463e+00,5.799546225469147664e-01,4.322678070099715830e-01,2.145506966456777853e+00,-2.823427416850575744e-01,4.671630621561232988e-01,2.294143145787355953e-01,1.000000000000000000e+00,3.499999940395355225e-01,3.499999940395355225e-01,2.200961858034133911e-01,-3.129494488239288330e-01,3.499999940395355225e-01,3.499999940395355225e-01
4.519999999999844142e+00,5.789078555914877189e-01,4.361309267482409435e-01,2.129519018319864010e+00,-2.660318047427795429e-01,4.643824812564366633e-01,2.334920488143051032e-01,1.000000000000000000e+00,3.499999940395355225e-01,3.499999940395355225e-01,2.943355143070220947e-01,-1.275781691074371338e-01,3.499999940395355225e-01,3.499999940395355225e-01
4.539999999999850822e+00,5.784021232340060825e-01,4.398410245708483934e-01,2.124684089057534031e+00,-2.497308548376268034e-01,4.624218628408655052e-01,2.375672862905932881e-01,1.000000000000000000e+00,3.499999940395355225e-01,3.499999940395355225e-01,2.576604187488555908e-01,-1.950349844992160797e-02,3.499999940395355225e-01,3.499999940395355225e-01
4.559999999999857501e+00,5.783376333282078674e-01,4.432985619340077399e-01,2.127155897342761115e+00,-2.342102085941696332e-01,4.608305816044394043e-01,2.414474478514575806e-01,1.000000000000000000e+00,3.499999940395355225e-01,3.499999940395355225e-01,3.472529053688049316e-01,6.427867710590362549e-02,3.499999940395355225e-01,3.499999940395355225e-01
4.579999999999864180e+00,5.787985305495881860e-01,4.463359858105726552e-01,2.138599068757827126e+00,-2.199591054285973402e-01,4.596757846957708615e-01,2.450102236428506608e-01,1.000000000000000000e+00,3.499999940395355225e-01,3.499999940395355225e-01,3.499999940395355225e-01,2.305721342563629150e-01,3.499999940395355225e-01,3.499999940395355225e-01
4.599999999999870859e+00,5.796385452951404726e-01,4.489323629816450723e-01,2.155419396379269603e+00,-2.071106818426457219e-01,4.588336643205455090e-01,2.482223295393385654e-01,1.000000000000000000e+00,3.499999940395355225e-01,3.499999940395355225e-01,3.499999940395355225e-01,3.347133100032806396e-01,3.499999940395355225e-01,3.499999940395355225e-01
4.619999999999877538e+00,5.805921848837038990e-01,4.516148638713077812e-01,2.171151697167703620e+00,-1.918537536173048341e-01,4.573363432330845302e-01,2.520365615956737804e-01,1.000000000000000000e+00,3.499999940395355225e-01,3.499999940395355225e-01,3.499999940395355225e-01,3.499999940395355225e-01,3.499999940395355225e-01,3.499999940395355225e-01
4.639999999999884217e+00,5.814805109084290047e-01,4.549877672913354987e-01,2.180319596198882603e+00,-1.744379379872691427e-01,4.559471139832643183e-01,2.563905155031827032e-01,1.000000000000000000e+00,3.499999940395355225e-01,3.499999940395355225e-01,3.499999940395355225e-01,3.499999940395355225e-01,3.499999940395355225e-01,3.499999940395355225e-01
4.659999999999890896e+00,5.826420608837939996e-01,4.588410480215674436e-01,2.184399017975366064e+00,-1.551213678801406648e-01,4.545640391623161358e-01,2.612196580299648296e-01,1.000000000000000000e+00,3.499999940395355225e-01,3.499999940395355225e-01,3.499999940395355225e-01,3.499999940395355225e-01,3.499999940395355225e-01,3.499999940395355225e-01
4.679999999999897575e+00,5.844562610906226530e-01,4.628105354995842857e-01,2.186917148819466306e+00,-1.359263223622853012e-01,4.538736424853032636e-01,2.660184194094286636e-01,1.000000000000000000e+00,3.499999940395355225e-01,3.499999940395355225e-01,3.499999940395355225e-01,3.499999940395355225e-01,3.499999940395355225e-01,3.499999940395355225e-01
4.699999999999904254e+00,5.870871096454434168e-01,4.666034155113657489e-01,2.194258245999377355e+00,-1.171860944246345682e-01,4.538148948902038793e-01,2.707034763938413469e-01,1.000000000000000000e+00,3.499999940395355225e-01,3.499999940395355225e-01,3.499999940395355225e-01,3.499999940395355225e-01,3.499999940395355225e-01,3.499999940395355225e-01
4.719999999999910933e+00,5.904408891673221804e-01,4.701708141548290865e-01,2.211610750756455079e+00,-9.843323784996149683e-02,4.540910205100577302e-01,2.753916905375096147e-01,1.000000000000000000e+00,3.499999940395355225e-01,3.499999940395355225e-01,3.499999940395355225e-01,3.499999940395355225e-01,3.499999940395355225e-01,3.499999940395355225e-01
4.739999999999917613e+00,5.943736488911642857e-01,4.734871587561381157e-01,2.240903917939244483e+00,-7.938640658632389879e-02,4.543994538979407860e-01,2.801533983534190142e-01,1.000000000000000000e+00,3.499999940395355225e-01,3.499999940395355225e-01,3.499999940395355225e-01,3.499999940395355225e-01,3.499999940395355225e-01,3.499999940395355225e-01
4.759999999999924292e+00,5.987457540333125383e-01,4.764616537985053579e-01,2.281238347009947098e+00,-6.014522090778107177e-02,4.545481049299091580e-01,2.849636947730547210e-01,1.000000000000000000e+00,3.499999940395355225e-01,3.499999940395355225e-01,3.499999940395355225e-01,3.499999940395355225e-01,3.499999940395355225e-01,3.499999940395355225e-01
4.779999999999930971e+00,6.033871051849628575e-01,4.790089176119544101e-01,2.330228316695966750e+00,-4.116547270447545870e-02,4.545028249127093800e-01,2.897086318238811242e-01,1.000000000000000000e+00,3.499999940395355225e-01,3.499999940395355225e-01,3.499999940395355225e-01,3.499999940395355225e-01,3.499999940395355225e-01,3.499999940395355225e-01
4.799999999999937650e+00,6.081065134971214148e-01,4.810908526543724584e-01,2.385460257248909421e+00,-2.311521410637151774e-02,4.543456768159288006e-01,2.942211964734071095e-01,1.000000000000000000e+00,3.499999940395355225e-01,3.499999940395355225e-01,3.499999940395355225e-01,3.499999940395355225e-01,3.499999940395355225e-01,3.499999940395355225e-01
4.819999999999944329e+00,6.127421322219654964e-01,4.827005277106167780e-01,2.445343976782648365e+00,-6.661802956638541474e-03,4.541955464583267710e-01,2.983345492608403537e-01,1.000000000000000000e+00,3.499999940395355225e-01,3.499999940395355225e-01,3.499999940395355225e-01,3.499999940395355225e-01,3.499999940395355225e-01,3.499999940395355225e-01
4.839999999999951008e+00,6.172006921076995667e-01,4.838370795397626267e-01,2.509182656209259399e+00,-7.739284794411549484e-03,4.541327763491527225e-01,3.019348211986028763e-01,1.000000000000000000e+00,3.499999940395355225e-01,3.499999940395355225e-01,3.499999940395355225e-01,3.499999940395355225e-01,3.499999940395355225e-01,3.499999940395355225e-01
4.859999999999957687e+00,6.214240637829001601e-01,4.845008399542054534e-01,2.576825055710544543e+00,-1.984778583550772524e-02,4.541795303547027651e-01,3.049619464588769202e-01,1.000000000000000000e+00,3.499999940395355225e-01,3.499999940395355225e-01,3.499999940395355225e-01,3.499999940395355225e-01,3.499999940395355225e-01,3.499999940395355225e-01
4.879999999999964366e+00,6.253741568567783293e-01,4.846790002451756285e-01,2.648147441939372460e+00,-2.958925141534263226e-02,4.543092226535594413e-01,3.073973128538356470e-01,1.000000000000000000e+00,3.499999940395355225e-01,3.499999940395355225e-01,3.499999940395355225e-01,3.499999940395355225e-01,3.499999940395355225e-01,3.499999940395355225e-01
4.899999999999971045e+00,6.290024245571894657e-01,4.843466765462877133e-01,2.722709342747017924e+00,-3.690488408505920859e-02,4.544763046240480331e-01,3.092262210212647910e-01,1.000000000000000000e+00,3.499999940395355225e-01,3.499999940395355225e-01,3.499999940395355225e-01,3.499999940395355225e-01,3.499999940395355225e-01,3.499999940395355225e-01
4.919999999999977724e+00,6.322383517418351806e-01,4.834839245570445865e-01,2.799709387693179785e+00,-4.169290321918439624e-02,4.546418011164628514e-01,3.104232258047960880e-01,1.000000000000000000e+00,3.499999940395355225e-01,3.499999940395355225e-01,3.499999940395355225e-01,3.499999940395355225e-01,3.499999940395355225e-01,3.499999940395355225e-01
4.939999999999984404e+00,6.349917068821706589e-01,4.820856326025373395e-01,2.878104571530402112e+00,-4.378795377472077810e-02,4.547862595580126066e-01,3.109469884436801834e-01,1.000000000000000000e+00,3.499999940395355225e-01,3.499999940395355225e-01,3.499999940395355225e-01,3.499999940395355225e-01,3.499999940395355225e-01,3.499999940395355225e-01
4.959999999999991083e+00,6.371652286118563158e-01,4.801561420589522955e-01,2.956787641174221548e+00,-4.296380469531602131e-02,4.549090010570628895e-01,3.107409511738289942e-01,1.000000000000000000e+00,3.499999940395355225e-01,3.499999940395355225e-01,3.499999940395355225e-01,3.499999940395355225e-01,3.499999940395355225e-01,3.499999940395355225e-01
4.979999999999997762e+00,6.386675528953844605e-01,4.777039437592677240e-01,3.034722284295299666e+00,-3.897305801045836127e-02,4.550194154526972512e-01,3.097432645026145792e-01,1.000000000000000000e+00,3.499999940395355225e-01,3.499999940395355225e-01,3.499999940395355225e-01,3.499999940395355225e-01,3.499999940395355225e-01,3.499999940395355225e-01
5.000000000000004441e+00,6.394223254453466065e-01,4.747410999331576065e-01,3.110994281177569043e+00,-3.160350388363442065e-02,4.551273665567426852e-01,3.079008759709085941e-01,1.000000000000000000e+00,3.499999940395355225e-01,3.499999940395355225e-01,3.499999940395355225e-01,3.499999940395355225e-01,3.499999940395355225e-01,3.499999940395355225e-01
5.020000000000011120e+00,6.393731334597108074e-01,4.712862172814021866e-01,3.184787940021437613e+00,-2.072574100878044404e-02,4.552373806930952171e-01,3.051814352521950990e-01,1.000000000000000000e+00,3.499999940395355225e-01,3.499999940395355225e-01,3.499999940395355225e-01,3.499999940395355225e-01,3.499999940395355225e-01,3.499999940395355225e-01
5.040000000000017799e+00,6.384854442952693221e-01,4.673678202496677203e-01,3.255315303584536135e+00,-6.316320281714250286e-03,4.553480107148412670e-01,3.015790800704285513e-01,1.000000000000000000e+00,3.499999940395355225e-01,3.499999940395355225e-01,3.499999940395355225e-01,3.499999940395355225e-01,3.499999940395355225e-01,3.499999940395355225e-01
5.060000000000024478e+00,6.367497247418533179e-01,4.630300646554279531e-01,3.321736190973726188e+00,-1.152324841063134819e-02,4.554544641418564743e-01,2.971191878973421518e-01,1.000000000000000000e+00,3.499999940395355225e-01,3.499999940395355225e-01,3.499999940395355225e-01,3.499999940395355225e-01,3.499999940395355225e-01,3.499999940395355225e-01
5.080000000000031157e+00,6.341873068859388285e-01,4.583359062117334792e-01,3.383143643556896230e+00,-3.255004048414655848e-02,4.555515058266103035e-01,2.918624898789633493e-01,1.000000000000000000e+00,3.499999940395355225e-01,3.499999940395355225e-01,3.499999940395355225e-01,3.499999940395355225e-01,3.499999940395355225e-01,3.499999940395355225e-01
5.100000000000037836e+00,6.308510914018886639e-01,4.533631776730602247e-01,3.438616478983780311e+00,-5.639656309015994573e-02,4.556360884046916637e-01,2.859008592274600025e-01,1.000000000000000000e+00,3.499999940395355225e-01,3.499999940395355225e-01,3.499999940395355225e-01,3.499999940395355225e-01,3.499999940395355225e-01,3.499999940395355225e-01
5.120000000000044516e+00,6.266972541620887682e-01,4.492184270491224041e-01,3.482978162803690658e+00,-7.948631295438346456e-02,4.556002564470153504e-01,2.801284217614041228e-01,1.000000000000000000e+00,3.499999940395355225e-01,3.499999940395355225e-01,3.499999940395355225e-01,2.192215919494628906e-01,3.499999940395355225e-01,3.499999940395355225e-01
5.140000000000051195e+00,6.216997104028169074e-01,4.463837720413558197e-01,3.512885114675815768e+00,-1.004648894827216005e-01,4.554849965830997105e-01,2.748837776293195923e-01,1.000000000000000000e+00,3.499999940395355225e-01,3.499999940395355225e-01,3.499999940395355225e-01,1.999584883451461792e-01,3.499999940395355225e-01,3.499999940395355225e-01
5.160000000000057874e+00,6.157604683500034204e-01,4.446959850721943219e-01,3.527786836370588208e+00,-1.202023469802029343e-01,4.553589855705048040e-01,2.699494132549492553e-01,1.000000000000000000e+00,3.499999940395355225e-01,3.499999940395355225e-01,3.499999940395355225e-01,2.033533155918121338e-02,3.499999940395355225e-01,3.499999940395355225e-01
5.180000000000064553e+00,6.086707509400504090e-01,4.444621054109039182e-01,3.525197798199372290e+00,-1.382861009930920204e-01,4.553046466027133587e-01,2.654284747517269838e-01,1.000000000000000000e+00,3.499999940395355225e-01,3.499999940395355225e-01,3.499999940395355225e-01,-8.519503474235534668e-02,3.499999940395355225e-01,3.499999940395355225e-01
5.200000000000071232e+00,6.004913436338190635e-01,4.453567503701236774e-01,3.505553589922554725e+00,-1.555964192225771647e-01,4.554599766256198223e-01,2.611008951943556977e-01,1.000000000000000000e+00,3.499999940395355225e-01,3.499999940395355225e-01,3.499999940395355225e-01,-1.927012503147125244e-01,3.499999940395355225e-01,3.499999940395355225e-01
5.220000000000077911e+00,5.910971731294538678e-01,4.471814250665366863e-01,3.468852417871907790e+00,-1.784945013278651793e-01,4.578007087016102150e-01,2.553763746680337010e-01,1.000000000000000000e+00,3.499999940395355225e-01,3.499999940395355225e-01,3.129515945911407471e-01,-2.806586921215057373e-01,3.499999940395355225e-01,3.499999940395355225e-01
5.240000000000084590e+00,5.802986402501392194e-01,4.497663251610983792e-01,3.414880344605377704e+00,-2.012407339664789019e-01,4.601252538682348292e-01,2.496898165083802634e-01,1.000000000000000000e+00,3.499999940395355225e-01,3.499999940395355225e-01,2.380344271659851074e-01,-3.499999940395355225e-01,3.252449333667755127e-01,3.499999940395355225e-01
5.260000000000091269e+00,5.686173361795217041e-01,4.523332824361944171e-01,3.348656238415841369e+00,-2.218873771679924500e-01,4.619523003854638654e-01,2.445281557080018764e-01,1.000000000000000000e+00,3.499999940395355225e-01,3.499999940395355225e-01,1.510024517774581909e-01,-3.499999940395355225e-01,3.222514986991882324e-01,3.499999940395355225e-01
5.280000000000097948e+00,5.568110925991418547e-01,4.543435439774823337e-01,3.275997728724080460e+00,-2.410178120719066452e-01,4.634464539584676190e-01,2.397455469820233276e-01,1.000000000000000000e+00,3.499999940395355225e-01,3.499999940395355225e-01,6.042173132300376892e-02,-3.499999940395355225e-01,2.782253623008728027e-01,3.499999940395355225e-01
5.300000000000104627e+00,5.452079963235915150e-01,4.559819095778175901e-01,3.197855271973845781e+00,-2.577656079781784904e-01,4.646251391532315589e-01,2.355585980054553663e-01,1.000000000000000000e+00,3.499999940395355225e-01,3.499999940395355225e-01,7.696860469877719879e-03,-3.499999940395355225e-01,2.623424828052520752e-01,3.499999940395355225e-01
5.320000000000111307e+00,5.342543460023430058e-01,4.573567646877219062e-01,3.117005415799531498e+00,-2.716086684682813557e-01,4.655797895121109864e-01,2.320978328829296500e-01,1.000000000000000000e+00,3.499999940395355225e-01,3.499999940395355225e-01,3.538549062795937061e-04,-3.499999940395355225e-01,2.593168020248413086e-01,3.499999940395355225e-01
5.340000000000117986e+00,5.246774072387110355e-01,4.584083915528478492e-01,3.041792529162109737e+00,-2.817597605593865628e-01,4.660769350273366030e-01,2.295600598601533482e-01,1.000000000000000000e+00,3.499999940395355225e-01,3.499999940395355225e-01,2.078339457511901855e-03,-3.499999940395355225e-01,2.704171240329742432e-01,3.499999940395355225e-01
5.360000000000124665e+00,5.165171869754600076e-01,4.593224837061299359e-01,2.975469473187726699e+00,-2.895485966661308641e-01,4.667152626733023779e-01,2.276128508334672729e-01,1.000000000000000000e+00,3.499999940395355225e-01,3.499999940395355225e-01,1.292377710342407227e-04,-3.499999940395355225e-01,2.746706306934356689e-01,3.499999940395355225e-01
5.380000000000131344e+00,5.093977270212408648e-01,4.603322428940750388e-01,2.915630657735527098e+00,-2.950987410619225759e-01,4.674619115801740832e-01,2.262253147345193449e-01,1.000000000000000000e+00,3.499999940395355225e-01,3.499999940395355225e-01,8.881779387593269348e-03,-3.499999940395355225e-01,2.698039412498474121e-01,3.499999940395355225e-01
5.400000000000138023e+00,5.029710970200984566e-01,4.615074831897069130e-01,2.858923412979211598e+00,-2.980809444464004310e-01,4.680460753105553651e-01,2.254797638883998812e-01,1.000000000000000000e+00,3.499999940395355225e-01,3.499999940395355225e-01,2.241622842848300934e-02,-3.499999940395355225e-01,2.938617467880249023e-01,3.499999940395355225e-01
5.420000000000144702e+00,4.970820892979310734e-01,4.628186182313078767e-01,2.803595950611363019e+00,-2.989889583270912699e-01,4.685267831949742612e-01,2.252527604182271714e-01,1.000000000000000000e+00,3.499999940395355225e-01,3.499999940395355225e-01,4.676543921232223511e-02,-3.499999940395355225e-01,3.100911974906921387e-01,3.499999940395355225e-01
5.440000000000151381e+00,4.916980227766911682e-01,4.642811583582557855e-01,2.749583946788037192e+00,-2.980172737817353701e-01,4.689129511046161158e-01,2.254956815545661464e-01,1.000000000000000000e+00,3.499999940395355225e-01,3.499999940395355225e-01,7.311886548995971680e-02,-3.499999940395355225e-01,3.290611803531646729e-01,3.499999940395355225e-01
5.460000000000158060e+00,4.868689725883735830e-01,4.659580503936863183e-01,2.698413515986282984e+00,-2.946115620129489132e-01,4.690124095198850984e-01,2.263471094967627606e-01,1.000000000000000000e+00,3.499999940395355225e-01,3.499999940395355225e-01,1.090944707393646240e-01,-3.499999940395355225e-01,3.499999940395355225e-01,3.499999940395355225e-01
5.480000000000164739e+00,4.826485509744137259e-01,4.679911230645474873e-01,2.652805507312024691e+00,-2.886705825485514909e-01,4.689652052495593137e-01,2.278323543628621162e-01,1.000000000000000000e+00,3.499999940395355225e-01,3.499999940395355225e-01,1.598209738731384277e-01,-3.499999940395355225e-01,3.499999940395355225e-01,3.499999940395355225e-01
5.500000000000171418e+00,4.791569411131649803e-01,4.705072350240272483e-01,2.618699647379941542e+00,-2.819510909958357070e-01,4.697238107242983074e-01,2.295122272510410621e-01,1.000000000000000000e+00,3.499999940395355225e-01,3.499999940395355225e-01,2.394252717494964600e-01,-3.030117452144622803e-01,3.499999940395355225e-01,3.499999940395355225e-01
5.520000000000178098e+00,4.764434435407004509e-01,4.734418393393454716e-01,2.602127411071804008e+00,-2.681893866158903128e-01,4.681042914156210988e-01,2.329526533460274107e-01,1.000000000000000000e+00,3.499999940395355225e-01,3.499999940395355225e-01,2.959862351417541504e-01,-1.413446664810180664e-01,3.499999940395355225e-01,3.499999940395355225e-01
5.540000000000184777e+00,4.742525551491273417e-01,4.764887073728749645e-01,2.595909327859267979e+00,-2.539251010489462779e-01,4.668094324628492831e-01,2.365187247377634194e-01,1.000000000000000000e+00,3.499999940395355225e-01,3.499999940395355225e-01,2.678584158420562744e-01,-5.230139940977096558e-02,3.499999940395355225e-01,3.499999940395355225e-01
5.560000000000191456e+00,4.725514017585662474e-01,4.795465957375878441e-01,2.596824045510926382e+00,-2.369130432617487791e-01,4.644406282695925925e-01,2.407717391845627941e-01,1.000000000000000000e+00,3.499999940395355225e-01,3.499999940395355225e-01,3.499999940395355225e-01,4.160713031888008118e-02,3.499999940395355225e-01,3.499999940395355225e-01
5.580000000000198135e+00,4.714545017985115605e-01,4.825286544257845200e-01,2.606107746906384026e+00,-2.207711968924395141e-01,4.627367401541498948e-01,2.448072007768901104e-01,1.000000000000000000e+00,3.499999940395355225e-01,3.499999940395355225e-01,3.499999940395355225e-01,2.449784874916076660e-01,3.499999940395355225e-01,3.499999940395355225e-01
5.600000000000204814e+00,4.709087879493826789e-01,4.853114247615704091e-01,2.621505052892338483e+00,-2.065202597822322350e-01,4.616269138888127177e-01,2.483699350544419371e-01,1.000000000000000000e+00,3.499999940395355225e-01,3.499999940395355225e-01,3.499999940395355225e-01,3.319166898727416992e-01,3.499999940395355225e-01,3.499999940395355225e-01
5.620000000000211493e+00,4.704643956472737143e-01,4.882239540735019423e-01,2.636606483540745227e+00,-1.939985548092497680e-01,4.614436473213145984e-01,2.515003612976875469e-01,1.000000000000000000e+00,3.499999940395355225e-01,3.499999940395355225e-01,3.499999940395355225e-01,3.499999940395355225e-01,3.499999940395355225e-01,3.499999940395355225e-01
5.640000000000218172e+00,4.696927010340863351e-01,4.917135890014908695e-01,2.645854661128355545e+00,-1.805868859503294566e-01,4.617011612968773271e-01,2.548532785124176248e-01,1.000000000000000000e+00,3.499999940395355225e-01,3.499999940395355225e-01,3.499999940395355225e-01,3.499999940395355225e-01,3.499999940395355225e-01,3.499999940395355225e-01
5.660000000000224851e+00,4.689557481124690952e-01,4.957522246067753713e-01,2.650292694035422780e+00,-1.654335507098376734e-01,4.621386762218998023e-01,2.586416123225405705e-01,1.000000000000000000e+00,3.499999940395355225e-01,3.499999940395355225e-01,3.499999940395355225e-01,3.499999940395355225e-01,3.499999940395355225e-01,3.499999940395355225e-01
5.680000000000231530e+00,4.687448697842757639e-01,5.001757356644634944e-01,2.653306595428082559e+00,-1.487012589897875880e-01,4.626458665186879426e-01,2.628246852525530919e-01,1.000000000000000000e+00,3.499999940395355225e-01,3.499999940395355225e-01,3.499999940395355225e-01,3.499999940395355225e-01,3.499999940395355225e-01,3.499999940395355225e-01
5.700000000000238209e+00,4.693274500509480029e-01,5.047960652161025408e-01,2.661092983409116819e+00,-1.304827039275862077e-01,4.630062091648532441e-01,2.673793240181034370e-01,1.000000000000000000e+00,3.499999940395355225e-01,3.499999940395355225e-01,3.499999940395355225e-01,3.499999940395355225e-01,3.499999940395355225e-01,3.499999940395355225e-01
5.720000000000244889e+00,4.706434037788924662e-01,5.095308552416492054e-01,2.678703777806507258e+00,-1.109911723454339999e-01,4.631653212185398716e-01,2.722522069136414924e-01,1.000000000000000000e+00,3.499999940395355225e-01,3.499999940395355225e-01,3.499999940395355225e-01,3.499999940395355225e-01,3.499999940395355225e-01,3.499999940395355225e-01
5.740000000000251568e+00,4.725815870973677502e-01,5.142973545019625670e-01,2.708077570495170949e+00,-9.073976272300798840e-02,4.631828178185274925e-01,2.773150593192479918e-01,1.000000000000000000e+00,3.499999940395355225e-01,3.499999940395355225e-01,3.499999940395355225e-01,3.499999940395355225e-01,3.499999940395355225e-01,3.499999940395355225e-01
5.760000000000258247e+00,4.750623668368997299e-01,5.189575735355081987e-01,2.748400054887934374e+00,-7.053334935943622597e-02,4.631576750182740398e-01,2.823666626601409324e-01,1.000000000000000000e+00,3.499999940395355225e-01,3.499999940395355225e-01,3.499999940395355225e-01,3.499999940395355225e-01,3.499999940395355225e-01,3.499999940395355225e-01
5.780000000000264926e+00,4.779770183613963885e-01,5.233616163619990713e-01,2.797378652112770148e+00,-5.120354175009023123e-02,4.631699421999588839e-01,2.871991145624774311e-01,1.000000000000000000e+00,3.499999940395355225e-01,3.499999940395355225e-01,3.499999940395355225e-01,3.499999940395355225e-01,3.499999940395355225e-01,3.499999940395355225e-01
5.800000000000271605e+00,4.811757580521472399e-01,5.273887315572654000e-01,2.852658229525011357e+00,-3.337916535490159653e-02,4.632549988696392784e-01,2.916552086612745898e-01,1.000000000000000000e+00,3.499999940395355225e-01,3.499999940395355225e-01,3.499999940395355225e-01,3.499999940395355225e-01,3.499999940395355225e-01,3.499999940395355225e-01
5.820000000000278284e+00,4.845178950989699196e-01,5.309572544665689398e-01,2.912662527854415817e+00,-1.742066821646970354e-02,4.634082607252248409e-01,2.956448329458825630e-01,1.000000000000000000e+00,3.499999940395355225e-01,3.499999940395355225e-01,3.499999940395355225e-01,3.499999940395355225e-01,3.499999940395355225e-01,3.499999940395355225e-01
5.840000000000284963e+00,4.879190547790336341e-01,5.340214453364818814e-01,2.976677908231981640e+00,-3.456696948084703180e-03,4.636029527390556626e-01,2.991358257629788131e-01,1.000000000000000000e+00,3.499999940395355225e-01,3.499999940395355225e-01,3.499999940395355225e-01,3.499999940395355225e-01,3.499999940395355225e-01,3.499999940395355225e-01
5.860000000000291642e+00,4.913263182001653684e-01,5.365535736242744713e-01,3.044523496316176470e+00,-8.463505135328341922e-03,4.638108614799383855e-01,3.021158762838320744e-01,1.000000000000000000e+00,3.499999940395355225e-01,3.499999940395355225e-01,3.499999940395355225e-01,3.499999940395355225e-01,3.499999940395355225e-01,3.499999940395355225e-01
5.880000000000298321e+00,4.947104739034013932e-01,5.385241335569459498e-01,3.116052874522290406e+00,-1.826476982510638614e-02,4.640153072286358205e-01,3.045661924562765854e-01,1.000000000000000000e+00,3.499999940395355225e-01,3.499999940395355225e-01,3.499999940395355225e-01,3.499999940395355225e-01,3.499999940395355225e-01,3.499999940395355225e-01
5.900000000000305000e+00,4.980391499872121042e-01,5.398885734731960762e-01,3.190815557684287818e+00,-2.576820594276529874e-02,4.642126767798696596e-01,3.064420514856913136e-01,1.000000000000000000e+00,3.499999940395355225e-01,3.499999940395355225e-01,3.499999940395355225e-01,3.499999940395355225e-01,3.499999940395355225e-01,3.499999940395355225e-01
5.920000000000311680e+00,5.012591104458475888e-01,5.405971108768460320e-01,3.268010955272767415e+00,-3.072876435329319200e-02,4.644069231352713767e-01,3.076821910883232869e-01,1.000000000000000000e+00,3.499999940395355225e-01,3.499999940395355225e-01,3.499999940395355225e-01,3.499999940395355225e-01,3.499999940395355225e-01,3.499999940395355225e-01
5.940000000000318359e+00,5.042931534230262747e-01,5.406045302490612992e-01,3.346600929651414091e+00,-3.289092899150092286e-02,4.646028622271303199e-01,3.082227322478752196e-01,1.000000000000000000e+00,3.499999940395355225e-01,3.499999940395355225e-01,3.499999940395355225e-01,3.499999940395355225e-01,3.499999940395355225e-01,3.499999940395355225e-01
5.960000000000325038e+00,5.070533407684949534e-01,5.398710986731480865e-01,3.425481616047505007e+00,-3.201414122292001174e-02,4.648020573104070241e-01,3.080035353057299918e-01,1.000000000000000000e+00,3.499999940395355225e-01,3.499999940395355225e-01,3.499999940395355225e-01,3.499999940395355225e-01,3.499999940395355225e-01,3.499999940395355225e-01
5.980000000000331717e+00,5.094546968896078720e-01,5.383636501658332074e-01,3.503616167868249143e+00,-2.789152305754627470e-02,4.650019667939881418e-01,3.069728807643865576e-01,1.000000000000000000e+00,3.499999940395355225e-01,3.499999940395355225e-01,3.499999940395355225e-01,3.499999940395355225e-01,3.499999940395355225e-01,3.499999940395355225e-01
6.000000000000338396e+00,5.114236565475042129e-01,5.360591130946567029e-01,3.580086293572139144e+00,-2.036818732125289522e-02,4.651973208433149987e-01,3.050920468303132127e-01,1.000000000000000000e+00,3.499999940395355225e-01,3.499999940395355225e-01,3.499999940395355225e-01,3.499999940395355225e-01,3.499999940395355225e-01,3.499999940395355225e-01
6.020000000000345075e+00,5.129013202230691126e-01,5.329492768502529509e-01,3.654070568366166949e+00,-9.357736781188563668e-03,4.653822965049821403e-01,3.023394341952971298e-01,1.000000000000000000e+00,3.499999940395355225e-01,3.499999940395355225e-01,3.499999940395355225e-01,3.499999940395355225e-01,3.499999940395355225e-01,3.499999940395355225e-01
6.040000000000351754e+00,5.138438738722320709e-01,5.290446268600254021e-01,3.724775781490017312e+00,-5.146797463327246192e-03,4.655524501299858064e-01,2.987133006341681773e-01,1.000000000000000000e+00,3.499999940395355225e-01,3.499999940395355225e-01,3.499999940395355225e-01,3.499999940395355225e-01,3.499999940395355225e-01,3.499999940395355225e-01
6.060000000000358433e+00,5.142230402589680338e-01,5.243811073928836830e-01,3.791358342124326430e+00,-2.304783331170657049e-02,4.657053870670789797e-01,2.942380416720733471e-01,1.000000000000000000e+00,3.499999940395355225e-01,3.499999940395355225e-01,3.499999940395355225e-01,3.499999940395355225e-01,3.499999940395355225e-01,3.499999940395355225e-01
6.080000000000365112e+00,5.140297970884213363e-01,5.190254559002686063e-01,3.852909768950509406e+00,-4.411540629222998611e-02,4.658404307418017032e-01,2.889711484269424924e-01,1.000000000000000000e+00,3.499999940395355225e-01,3.499999940395355225e-01,3.499999940395355225e-01,3.499999940395355225e-01,3.499999940395355225e-01,3.499999940395355225e-01
6.100000000000371791e+00,5.132764935908964432e-01,5.130717856590588655e-01,3.908509093717132288e+00,-6.799415350741888631e-02,4.659587004558137791e-01,2.830014616231452673e-01,1.000000000000000000e+00,3.499999940395355225e-01,3.499999940395355225e-01,3.499999940395355225e-01,3.499999940395355225e-01,3.499999940395355225e-01,3.499999940395355225e-01
6.120000000000378471e+00,5.113918549869903574e-01,5.075310497240050900e-01,3.952745282627528667e+00,-8.976656415455931681e-02,4.655303144187392661e-01,2.775583589613601632e-01,1.000000000000000000e+00,3.499999940395355225e-01,3.499999940395355225e-01,3.499999940395355225e-01,2.092103511095046997e-01,3.499999940395355225e-01,3.499999940395355225e-01
6.140000000000385150e+00,5.081572058079524279e-01,5.027846070941723866e-01,3.982396695101149575e+00,-1.104935449657813429e-01,4.654553665060520151e-01,2.723766137585546532e-01,1.000000000000000000e+00,3.499999940395355225e-01,3.499999940395355225e-01,3.499999940395355225e-01,2.021123468875885010e-01,3.499999940395355225e-01,3.499999940395355225e-01
6.160000000000391829e+00,5.035985077444586899e-01,4.985901312857423662e-01,3.997202161572620316e+00,-1.303212539232907474e-01,4.653295241415629224e-01,2.674196865191773020e-01,1.000000000000000000e+00,3.499999940395355225e-01,3.499999940395355225e-01,3.499999940395355225e-01,1.118711289018392563e-02,3.499999940395355225e-01,3.499999940395355225e-01
6.180000000000398508e+00,4.973598018141868748e-01,4.951724180719168089e-01,3.994500217242854756e+00,-1.483871777281504656e-01,4.652582209392751023e-01,2.629032055679623725e-01,1.000000000000000000e+00,3.499999940395355225e-01,3.499999940395355225e-01,3.499999940395355225e-01,-8.638644218444824219e-02,3.499999940395355225e-01,3.499999940395355225e-01
6.200000000000405187e+00,4.896562159341665832e-01,4.922590898168597295e-01,3.974829792172833276e+00,-1.654958125991226048e-01,4.653458220851202642e-01,2.586260468502193377e-01,1.000000000000000000e+00,3.499999940395355225e-01,3.499999940395355225e-01,3.499999940395355225e-01,-1.917523890733718872e-01,3.499999940395355225e-01,3.499999940395355225e-01
6.220000000000411866e+00,4.805872704265202744e-01,4.895766635734284389e-01,3.938941970355519739e+00,-1.858015584983614410e-01,4.668237471073933276e-01,2.535496103754096286e-01,1.000000000000000000e+00,3.499999940395355225e-01,3.499999940395355225e-01,3.230809271335601807e-01,-2.802801430225372314e-01,3.499999940395355225e-01,3.499999940395355225e-01
6.240000000000418545e+00,4.700230985309977183e-01,4.869116954157763910e-01,3.886578131679040204e+00,-2.068216666006240656e-01,4.686511451550834373e-01,2.482945833498439725e-01,1.000000000000000000e+00,3.499999940395355225e-01,3.499999940395355225e-01,2.470406740903854370e-01,-3.499999940395355225e-01,3.309591412544250488e-01,3.499999940395355225e-01
6.260000000000425224e+00,4.586327936900226332e-01,4.838769529610289499e-01,3.821981398966193932e+00,-2.263045349379396720e-01,4.700383067723113428e-01,2.434238662655150709e-01,1.000000000000000000e+00,3.499999940395355225e-01,3.499999940395355225e-01,1.562833935022354126e-01,-3.499999940395355225e-01,3.158667087554931641e-01,3.499999940395355225e-01
6.280000000000431903e+00,4.472992970740059526e-01,4.803297793540810545e-01,3.750571901011872544e+00,-2.444416293192331890e-01,4.711495888457624126e-01,2.388895926701916916e-01,1.000000000000000000e+00,3.499999940395355225e-01,3.499999940395355225e-01,6.697548925876617432e-02,-3.499999940395355225e-01,2.805133461952209473e-01,3.499999940395355225e-01
6.300000000000438583e+00,4.362662750087250574e-01,4.765333015645651926e-01,3.673366042119518227e+00,-2.602065395976596029e-01,4.718621541877216496e-01,2.349483651005850882e-01,1.000000000000000000e+00,3.499999940395355225e-01,3.499999940395355225e-01,1.754941418766975403e-02,-3.499999940395355225e-01,2.624998688697814941e-01,3.499999940395355225e-01
6.320000000000445262e+00,4.258840196316734383e-01,4.727782797691442163e-01,3.593043577439976488e+00,-2.727692390990272830e-01,4.722108109698164302e-01,2.318076902252431681e-01,1.000000000000000000e+00,3.499999940395355225e-01,3.499999940395355225e-01,1.170501485466957092e-02,-3.499999940395355225e-01,2.589315772056579590e-01,3.499999940395355225e-01
6.340000000000451941e+00,4.168607682497569855e-01,4.693411534695989262e-01,3.518075862935009290e+00,-2.823312783495387501e-01,4.723688090245654614e-01,2.294171804126153014e-01,1.000000000000000000e+00,3.499999940395355225e-01,3.499999940395355225e-01,1.391354110091924667e-02,-3.499999940395355225e-01,2.703988850116729736e-01,3.499999940395355225e-01
6.360000000000458620e+00,4.091801924256151524e-01,4.664167981093289006e-01,3.452033237242814856e+00,-2.898435139309528674e-01,4.727590737008617872e-01,2.275391215172617720e-01,1.000000000000000000e+00,3.499999940395355225e-01,3.499999940395355225e-01,1.411219127476215363e-02,-3.499999940395355225e-01,2.754452526569366455e-01,3.499999940395355225e-01
6.380000000000465299e+00,4.024048582226731341e-01,4.640534727773875101e-01,3.392690931755875550e+00,-2.952718718585020108e-01,4.733247852448827508e-01,2.261820320353744862e-01,1.000000000000000000e+00,3.499999940395355225e-01,3.499999940395355225e-01,2.331751957535743713e-02,-3.499999940395355225e-01,2.717142999172210693e-01,3.499999940395355225e-01
6.400000000000471978e+00,3.961659875794214525e-01,4.621589598172872737e-01,3.336525638244300485e+00,-2.983322181933236728e-01,4.738201740180769672e-01,2.254169454516690707e-01,1.000000000000000000e+00,3.499999940395355225e-01,3.499999940395355225e-01,3.687847778201103210e-02,-3.499999940395355225e-01,2.939530014991760254e-01,3.499999940395355225e-01
6.420000000000478657e+00,3.903228921987415001e-01,4.606310651260159261e-01,3.281605444015243567e+00,-2.991518275623630263e-01,4.741380848910828893e-01,2.252120431094092323e-01,1.000000000000000000e+00,3.499999940395355225e-01,3.499999940395355225e-01,6.093629077076911926e-02,-3.499999940395355225e-01,3.113037943840026855e-01,3.499999940395355225e-01
6.440000000000485336e+00,3.848457625643436075e-01,4.594632537474219180e-01,3.227851325938665639e+00,-2.980354108633403998e-01,4.743459979292854456e-01,2.254911472841648890e-01,1.000000000000000000e+00,3.499999940395355225e-01,3.499999940395355225e-01,8.765091001987457275e-02,-3.499999940395355225e-01,3.298396468162536621e-01,3.499999940395355225e-01
6.460000000000492015e+00,3.797564210465917411e-01,4.587343696942810523e-01,3.176811557119175955e+00,-2.948494189539612176e-01,4.744220920227685823e-01,2.262876452615096845e-01,1.000000000000000000e+00,3.499999940395355225e-01,3.499999940395355225e-01,1.231784895062446594e-01,-3.499999940395355225e-01,3.499999940395355225e-01,3.499999940395355225e-01
6.480000000000498694e+00,3.750448935490230951e-01,4.585970376976170604e-01,3.131237663623854139e+00,-2.893475617355345531e-01,4.744420101972094961e-01,2.276631095661163506e-01,1.000000000000000000e+00,3.499999940395355225e-01,3.499999940395355225e-01,1.735354065895080566e-01,-3.499999940395355225e-01,3.499999940395355225e-01,3.499999940395355225e-01
6.500000000000505374e+00,3.707754869808655984e-01,4.592206584523268464e-01,3.097177654590421270e+00,-2.814649700715640135e-01,4.745275638289150888e-01,2.296337574821089855e-01,1.000000000000000000e+00,3.499999940395355225e-01,3.499999940395355225e-01,2.524650990962982178e-01,-3.014545142650604248e-01,3.499999940395355225e-01,3.499999940395355225e-01
6.520000000000512053e+00,3.670232255897159512e-01,4.605672673049033827e-01,3.080516390192783227e+00,-2.707816031609252549e-01,4.742697175511880747e-01,2.323045992097686752e-01,1.000000000000000000e+00,3.499999940395355225e-01,3.499999940395355225e-01,3.065381348133087158e-01,-1.468687504529953003e-01,3.499999940395355225e-01,3.499999940395355225e-01
6.540000000000518732e+00,3.636735246732050175e-01,4.622543547755447735e-01,3.073972911980677569e+00,-2.583957907834638634e-01,4.736233252270297678e-01,2.354010523041340230e-01,1.000000000000000000e+00,3.499999940395355225e-01,3.499999940395355225e-01,2.784353196620941162e-01,-6.650463491678237915e-02,3.499999940395355225e-01,3.499999940395355225e-01
6.560000000000525411e+00,3.606913545819027123e-01,4.641652293233339277e-01,3.073442936833366446e+00,-2.418708956855678549e-01,4.713878556131876341e-01,2.395322760786080252e-01,1.000000000000000000e+00,3.499999940395355225e-01,3.499999940395355225e-01,3.499999940395355225e-01,3.171951696276664734e-02,3.499999940395355225e-01,3.499999940395355225e-01
6.580000000000532090e+00,3.582078572682540485e-01,4.662853510210785979e-01,3.080402199470630542e+00,-2.243154983203182740e-01,4.690271350027166442e-01,2.439211254199204204e-01,1.000000000000000000e+00,3.499999940395355225e-01,3.499999940395355225e-01,3.499999940395355225e-01,2.305337786674499512e-01,3.499999940395355225e-01,3.499999940395355225e-01
6.600000000000538769e+00,3.562697099494503972e-01,4.685081208300492239e-01,3.093668512308594742e+00,-2.077574564810689139e-01,4.670793952349625022e-01,2.480606358797327604e-01,1.000000000000000000e+00,3.499999940395355225e-01,3.499999940395355225e-01,3.499999940395355225e-01,3.167765736579895020e-01,3.499999940395355225e-01,3.499999940395355225e-01
6.620000000000545448e+00,3.544102130856257582e-01,4.709183232966387411e-01,3.107799870944663034e+00,-1.950168956185818481e-01,4.670222550611757284e-01,2.512457760953545338e-01,1.000000000000000000e+00,3.499999940395355225e-01,3.499999940395355225e-01,3.499999940395355225e-01,3.499999940395355225e-01,3.499999940395355225e-01,3.499999940395355225e-01
6.640000000000552127e+00,3.520868818810047318e-01,4.737033566116360950e-01,3.117540286202974187e+00,-1.827451783830300602e-01,4.678350953491979269e-01,2.543137054042424738e-01,1.000000000000000000e+00,3.499999940395355225e-01,3.499999940395355225e-01,3.499999940395355225e-01,3.499999940395355225e-01,3.499999940395355225e-01,3.499999940395355225e-01
6.660000000000558806e+00,3.495445517109710964e-01,4.769970513522789890e-01,3.122978650960048785e+00,-1.690942462015536663e-01,4.690054423655033999e-01,2.577264384496115723e-01,1.000000000000000000e+00,3.499999940395355225e-01,3.499999940395355225e-01,3.499999940395355225e-01,3.499999940395355225e-01,3.499999940395355225e-01,3.499999940395355225e-01
6.680000000000565485e+00,3.472849782068452296e-01,4.808574828483567210e-01,3.127254977413697734e+00,-1.538788473059362616e-01,4.702575220586705518e-01,2.615302881735159235e-01,1.000000000000000000e+00,3.499999940395355225e-01,3.499999940395355225e-01,3.499999940395355225e-01,3.499999940395355225e-01,3.499999940395355225e-01,3.499999940395355225e-01
6.700000000000572165e+00,3.456203888060644935e-01,4.852311791106344030e-01,3.136125528905301163e+00,-1.366357905642168191e-01,4.711260603256244850e-01,2.658410523589457841e-01,1.000000000000000000e+00,3.499999940395355225e-01,3.499999940395355225e-01,3.499999940395355225e-01,3.499999940395355225e-01,3.499999940395355225e-01,3.499999940395355225e-01
6.720000000000578844e+00,3.445400423763669284e-01,4.900205941693811518e-01,3.154354818449960796e+00,-1.174704524012197826e-01,4.715020116924060756e-01,2.706323868996950432e-01,1.000000000000000000e+00,3.499999940395355225e-01,3.499999940395355225e-01,3.499999940395355225e-01,3.499999940395355225e-01,3.499999940395355225e-01,3.499999940395355225e-01
6.740000000000585523e+00,3.439875789211969681e-01,4.951103661049912619e-01,3.183911140857952127e+00,-9.705187120435754267e-02,4.715272887901088006e-01,2.757370321989106032e-01,1.000000000000000000e+00,3.499999940395355225e-01,3.499999940395355225e-01,3.499999940395355225e-01,3.499999940395355225e-01,3.499999940395355225e-01,3.499999940395355225e-01
6.760000000000592202e+00,3.439560567889811682e-01,5.003529500133523378e-01,3.224181173481519558e+00,-7.645458680590723477e-02,4.714354131561565020e-01,2.808863532985231837e-01,1.000000000000000000e+00,3.499999940395355225e-01,3.499999940395355225e-01,3.499999940395355225e-01,3.499999940395355225e-01,3.499999940395355225e-01,3.499999940395355225e-01
6.780000000000598881e+00,3.444229162673577704e-01,5.055743204487540554e-01,3.273091859326838993e+00,-5.677325381125286619e-02,4.714144043256964789e-01,2.858066865471867724e-01,1.000000000000000000e+00,3.499999940395355225e-01,3.499999940395355225e-01,3.499999940395355225e-01,3.499999940395355225e-01,3.499999940395355225e-01,3.499999940395355225e-01
6.800000000000605560e+00,3.453179683138883904e-01,5.106018675936486728e-01,3.328423670279972324e+00,-3.878460918608572783e-02,4.715437693711319045e-01,2.903038477034785569e-01,1.000000000000000000e+00,3.499999940395355225e-01,3.499999940395355225e-01,3.499999940395355225e-01,3.499999940395355225e-01,3.499999940395355225e-01,3.499999940395355225e-01
6.820000000000612239e+00,3.465578632806867732e-01,5.152962841985432307e-01,3.388627604822008532e+00,-2.285155616794987479e-02,4.718048586167457037e-01,2.942871109580125211e-01,1.000000000000000000e+00,3.499999940395355225e-01,3.499999940395355225e-01,3.499999940395355225e-01,3.499999940395355225e-01,3.499999940395355225e-01,3.499999940395355225e-01
6.840000000000618918e+00,3.480883764121681656e-01,5.195730219944307837e-01,3.452943127908987719e+00,-9.016393822917079248e-03,4.721313007484579383e-01,2.977459015442707191e-01,1.000000000000000000e+00,3.499999940395355225e-01,3.499999940395355225e-01,3.499999940395355225e-01,3.499999940395355225e-01,3.499999940395355225e-01,3.499999940395355225e-01
6.860000000000625597e+00,3.498737630587147596e-01,5.233787935491669430e-01,3.521118850537670042e+00,-2.775872931562561874e-03,4.724563497187668770e-01,3.006939682328906294e-01,1.000000000000000000e+00,3.499999940395355225e-01,3.499999940395355225e-01,3.499999940395355225e-01,3.499999940395355225e-01,3.499999940395355225e-01,3.499999940395355225e-01
6.880000000000632276e+00,3.518997806766769321e-01,5.266713848263897546e-01,3.592956337782732046e+00,-1.250846447264475358e-02,4.727446281911689696e-01,3.031271161181611773e-01,1.000000000000000000e+00,3.499999940395355225e-01,3.499999940395355225e-01,3.499999940395355225e-01,3.499999940395355225e-01,3.499999940395355225e-01,3.499999940395355225e-01
6.900000000000638956e+00,3.541574248585040996e-01,5.293953971285131344e-01,3.667986989955432708e+00,-2.000543635523866284e-02,4.729941122757971850e-01,3.050013590888096537e-01,1.000000000000000000e+00,3.499999940395355225e-01,3.499999940395355225e-01,3.499999940395355225e-01,3.499999940395355225e-01,3.499999940395355225e-01,3.499999940395355225e-01
6.920000000000645635e+00,3.566233703037005043e-01,5.314826022105306746e-01,3.745419308971532857e+00,-2.498659526087654292e-02,4.732219620869317911e-01,3.062466488152191246e-01,1.000000000000000000e+00,3.499999940395355225e-01,3.499999940395355225e-01,3.499999940395355225e-01,3.499999940395355225e-01,3.499999940395355225e-01,3.499999940395355225e-01
6.940000000000652314e+00,3.592516445993805263e-01,5.328584284417029471e-01,3.824234564022924499e+00,-2.715410793691530600e-02,4.734473206250847110e-01,3.067885269842288154e-01,1.000000000000000000e+00,3.499999940395355225e-01,3.499999940395355225e-01,3.499999940395355225e-01,3.499999940395355225e-01,3.499999940395355225e-01,3.499999940395355225e-01
6.960000000000658993e+00,3.619838210457060335e-01,5.334482642205271574e-01,3.903344130447369942e+00,-2.624129848755529792e-02,4.736804515291867523e-01,3.065603246218888134e-01,1.000000000000000000e+00,3.499999940395355225e-01,3.499999940395355225e-01,3.499999940395355225e-01,3.499999940395355225e-01,3.499999940395355225e-01,3.499999940395355225e-01
6.980000000000665672e+00,3.647601226704532129e-01,5.331844322945132886e-01,3.981715692825019470e+00,-2.203849855479478315e-02,4.739203799048194998e-01,3.055096246386986847e-01,1.000000000000000000e+00,3.499999940395355225e-01,3.499999940395355225e-01,3.499999940395355225e-01,3.499999940395355225e-01,3.499999940395355225e-01,3.499999940395355225e-01
7.000000000000672351e+00,3.675254104206083228e-01,5.320131620144601392e-01,4.058425739475148397e+00,-1.440493157999878093e-02,4.741585303048135303e-01,3.036012328949996841e-01,1.000000000000000000e+00,3.499999940395355225e-01,3.499999940395355225e-01,3.499999940395355225e-01,3.499999940395355225e-01,3.499999940395355225e-01,3.499999940395355225e-01
7.020000000000679030e+00,3.702303595823375204e-01,5.299004105223443784e-01,4.132642849055121026e+00,-3.273346793041032043e-03,4.743844258165240135e-01,3.008183366982602469e-01,1.000000000000000000e+00,3.499999940395355225e-01,3.499999940395355225e-01,3.499999940395355225e-01,3.499999940395355225e-01,3.499999940395355225e-01,3.499999940395355225e-01
7.040000000000685709e+00,3.728305455364939736e-01,5.268356746134890134e-01,4.203564425581443942e+00,-1.134844981154237153e-02,4.745903160663618725e-01,2.971628875471143960e-01,1.000000000000000000e+00,3.499999940395355225e-01,3.499999940395355225e-01,3.499999940395355225e-01,3.499999940395355225e-01,3.499999940395355225e-01,3.499999940395355225e-01
7.060000000000692388e+00,3.752839611319684909e-01,5.228387172542628969e-01,4.270341241110633845e+00,-2.935431778224284471e-02,4.747726563639393937e-01,2.926614205544392777e-01,1.000000000000000000e+00,3.499999940395355225e-01,3.499999940395355225e-01,3.499999940395355225e-01,3.499999940395355225e-01,3.499999940395355225e-01,3.499999940395355225e-01
7.080000000000699067e+00,3.775518491247561448e-01,5.179657973598370546e-01,4.332063081057348164e+00,-5.051132729994045611e-02,4.749313843879624519e-01,2.873721681750148749e-01,1.000000000000000000e+00,3.499999940395355225e-01,3.499999940395355225e-01,3.499999940395355225e-01,3.499999940395355225e-01,3.499999940395355225e-01,3.499999940395355225e-01
7.100000000000705747e+00,3.796019130507634620e-01,5.123071743486928842e-01,4.387810370427066786e+00,-7.446492950337901817e-02,4.750692210086969181e-01,2.813837676241552344e-01,1.000000000000000000e+00,3.499999940395355225e-01,3.499999940395355225e-01,3.499999940395355225e-01,3.499999940395355225e-01,3.499999940395355225e-01,3.499999940395355225e-01
7.120000000000712426e+00,3.804397057895889667e-01,5.065075444131855731e-01,4.432077248350842602e+00,-9.663663688756951586e-02,4.747525731157429818e-01,2.758408407781076099e-01,1.000000000000000000e+00,3.499999940395355225e-01,3.499999940395355225e-01,3.499999940395355225e-01,1.938010603189468384e-01,3.499999940395355225e-01,3.499999940395355225e-01
7.140000000000719105e+00,3.796647001438563929e-01,5.008161373168628083e-01,4.461469776883088656e+00,-1.168489059464863367e-01,4.745693696557517494e-01,2.707877735133784047e-01,1.000000000000000000e+00,3.499999940395355225e-01,3.499999940395355225e-01,3.499999940395355225e-01,2.017179280519485474e-01,3.499999940395355225e-01,3.499999940395355225e-01
7.160000000000725784e+00,3.774922101518833895e-01,4.949860814397575304e-01,4.476066419980403666e+00,-1.361269597613685711e-01,4.743339974132221859e-01,2.659682600596578461e-01,1.000000000000000000e+00,3.499999940395355225e-01,3.499999940395355225e-01,3.499999940395355225e-01,4.677968099713325500e-03,3.499999940395355225e-01,3.499999940395355225e-01
7.180000000000732463e+00,3.734829124806441913e-01,4.890671548408157543e-01,4.473120310352074469e+00,-1.536278601332454752e-01,4.741228940630757838e-01,2.615930349666886201e-01,1.000000000000000000e+00,3.499999940395355225e-01,3.499999940395355225e-01,3.499999940395355225e-01,-8.857955038547515869e-02,3.499999940395355225e-01,3.499999940395355225e-01
7.200000000000739142e+00,3.679658622259527334e-01,4.829171651823950251e-01,4.453269498141582794e+00,-1.701114823074952043e-01,4.740257038430476522e-01,2.574721294231261948e-01,1.000000000000000000e+00,3.499999940395355225e-01,3.499999940395355225e-01,3.499999940395355225e-01,-1.940000653266906738e-01,3.499999940395355225e-01,3.499999940395355225e-01
7.220000000000745821e+00,3.612184388825930292e-01,4.763534750179305721e-01,4.417676320931020584e+00,-1.879659457738525052e-01,4.746836455692742818e-01,2.530085135565368626e-01,1.000000000000000000e+00,3.499999940395355225e-01,3.499999940395355225e-01,3.282733261585235596e-01,-2.832070887088775635e-01,3.499999940395355225e-01,3.499999940395355225e-01
7.240000000000752500e+00,3.532194761070354128e-01,4.691327862337272281e-01,4.366191825134540849e+00,-2.068231388706885110e-01,4.758425642206635109e-01,2.482942152823278681e-01,1.000000000000000000e+00,3.499999940395355225e-01,3.499999940395355225e-01,2.523593604564666748e-01,-3.499999940395355225e-01,3.333719074726104736e-01,3.499999940395355225e-01
7.260000000000759179e+00,3.446504441280535125e-01,4.612234449092139643e-01,4.302688988232308276e+00,-2.251209073449166320e-01,4.768250472287685615e-01,2.437197731637708309e-01,1.000000000000000000e+00,3.499999940395355225e-01,3.499999940395355225e-01,1.570318192243576050e-01,-3.499999940395355225e-01,3.103337883949279785e-01,3.499999940395355225e-01
7.280000000000765858e+00,3.363047113073218686e-01,4.528917752823720111e-01,4.232149871159289312e+00,-2.423553696849590766e-01,4.775702884380419455e-01,2.394111575787602197e-01,1.000000000000000000e+00,3.499999940395355225e-01,3.499999940395355225e-01,6.730218231678009033e-02,-3.499999940395355225e-01,2.787063717842102051e-01,3.499999940395355225e-01
7.300000000000772538e+00,3.282991546539948402e-01,4.444598185924021339e-01,4.155525958639683992e+00,-2.573068965256756213e-01,4.779090937965865260e-01,2.356732758685810836e-01,1.000000000000000000e+00,3.499999940395355225e-01,3.499999940395355225e-01,2.075341716408729553e-02,-3.499999940395355225e-01,2.595573961734771729e-01,3.499999940395355225e-01
7.320000000000779217e+00,3.208149932995496001e-01,4.363343652150234453e-01,4.075371855574491775e+00,-2.692300958487293672e-01,4.779268323326564261e-01,2.326924760378176471e-01,1.000000000000000000e+00,3.499999940395355225e-01,3.499999940395355225e-01,1.747737452387809753e-02,-3.499999940395355225e-01,2.556014657020568848e-01,3.499999940395355225e-01
7.340000000000785896e+00,3.143936679001365087e-01,4.291037603913584464e-01,4.000432520866884722e+00,-2.787424373542702893e-01,4.779740675878302869e-01,2.303143906614324166e-01,1.000000000000000000e+00,3.499999940395355225e-01,3.499999940395355225e-01,2.102806419134140015e-02,-3.499999940395355225e-01,2.678528726100921631e-01,3.499999940395355225e-01
7.360000000000792575e+00,3.089511100454728210e-01,4.229538797710176157e-01,3.934582270740575094e+00,-2.863358860239778592e-01,4.782805401694235070e-01,2.284160284940055241e-01,1.000000000000000000e+00,3.499999940395355225e-01,3.499999940395355225e-01,2.285351417958736420e-02,-3.499999940395355225e-01,2.729948461055755615e-01,3.499999940395355225e-01
7.380000000000799254e+00,3.040660577580884261e-01,4.177304839101191325e-01,3.875627595243492873e+00,-2.917061922554442521e-01,4.787128754814884424e-01,2.270734519361389259e-01,1.000000000000000000e+00,3.499999940395355225e-01,3.499999940395355225e-01,3.228627517819404602e-02,-3.499999940395355225e-01,2.701007723808288574e-01,3.499999940395355225e-01
7.400000000000805933e+00,2.994333523965205801e-01,4.131728588115788359e-01,3.819887950030074641e+00,-2.947338822169472961e-01,4.791031697082636653e-01,2.263165294457631649e-01,1.000000000000000000e+00,3.499999940395355225e-01,3.499999940395355225e-01,4.617240652441978455e-02,-3.499999940395355225e-01,2.916256189346313477e-01,3.499999940395355225e-01
7.420000000000812612e+00,2.949660196806265233e-01,4.091153995396537013e-01,3.765278964306914666e+00,-2.955476406318107152e-01,4.793293541088626819e-01,2.261130898420473101e-01,1.000000000000000000e+00,3.499999940395355225e-01,3.499999940395355225e-01,7.012054324150085449e-02,-3.499999940395355225e-01,3.093554079532623291e-01,3.499999940395355225e-01
7.440000000000819291e+00,2.906468360093358294e-01,4.055365786356313063e-01,3.711703949260321433e+00,-2.944669658138725499e-01,4.794644703556722454e-01,2.263832585465318514e-01,1.000000000000000000e+00,3.499999940395355225e-01,3.499999940395355225e-01,9.729238599538803101e-02,-3.499999940395355225e-01,3.279641568660736084e-01,3.499999940395355225e-01
7.460000000000825970e+00,2.864718425002716340e-01,4.025205213349465350e-01,3.660793716342271242e+00,-2.916141237905268691e-01,4.795884872435769997e-01,2.270964690523682716e-01,1.000000000000000000e+00,3.499999940395355225e-01,3.499999940395355225e-01,1.329101622104644775e-01,-3.499999940395355225e-01,3.499999940395355225e-01,3.499999940395355225e-01
7.480000000000832650e+00,2.823669751700666475e-01,4.002017297700150023e-01,3.615354440987653906e+00,-2.866540803977768448e-01,4.797345522659114403e-01,2.283364799005557777e-01,1.000000000000000000e+00,3.499999940395355225e-01,3.499999940395355225e-01,1.834459155797958374e-01,-3.499999940395355225e-01,3.499999940395355225e-01,3.499999940395355225e-01
7.500000000000839329e+00,2.783059498729887338e-01,3.987610078740169151e-01,3.581298553615030578e+00,-2.786067737733257665e-01,4.796245290389509197e-01,2.303483065566685473e-01,1.000000000000000000e+00,3.499999940395355225e-01,3.499999940395355225e-01,2.616294324398040771e-01,-3.036204874515533447e-01,3.499999940395355225e-01,3.499999940395355225e-01
7.520000000000846008e+00,2.743789399195620260e-01,3.982189731224853313e-01,3.564887408606571384e+00,-2.697537190646974725e-01,4.801755443914554888e-01,2.325615702338256208e-01,1.000000000000000000e+00,3.499999940395355225e-01,3.499999940395355225e-01,3.205527067184448242e-01,-1.467763334512710571e-01,3.499999940395355225e-01,3.499999940395355225e-01
7.540000000000852687e+00,2.706510668324178526e-01,3.981680215175370519e-01,3.558623131366336789e+00,-2.589552864109366803e-01,4.801523751106262505e-01,2.352611783972658188e-01,1.000000000000000000e+00,3.499999940395355225e-01,3.499999940395355225e-01,2.874236702919006348e-01,-7.047318667173385620e-02,3.499999940395355225e-01,3.499999940395355225e-01
7.560000000000859366e+00,2.671008492454505778e-01,3.984329709358975791e-01,3.556997079063963341e+00,-2.429171903679272493e-01,4.779834884725755462e-01,2.392707024080181766e-01,1.000000000000000000e+00,3.499999940395355225e-01,3.499999940395355225e-01,3.499999940395355225e-01,1.810096949338912964e-02,3.499999940395355225e-01,3.499999940395355225e-01
7.580000000000866045e+00,2.638243566087282721e-01,3.990634568110199565e-01,3.561573452059807465e+00,-2.249890293281794351e-01,4.753794900631836962e-01,2.437527426679551301e-01,1.000000000000000000e+00,3.499999940395355225e-01,3.499999940395355225e-01,3.499999940395355225e-01,2.118964791297912598e-01,3.499999940395355225e-01,3.499999940395355225e-01
7.600000000000872724e+00,2.609270499960951728e-01,4.000331187928214405e-01,3.572364839734479158e+00,-2.072720970752373049e-01,4.729763006304195661e-01,2.481819757311906627e-01,1.000000000000000000e+00,3.499999940395355225e-01,3.499999940395355225e-01,3.499999940395355225e-01,2.969221472740173340e-01,3.499999940395355225e-01,3.499999940395355225e-01
7.620000000000879403e+00,2.580418118574821507e-01,4.012502981105320332e-01,3.585256275010457738e+00,-1.940384226167755077e-01,4.728365277088527052e-01,2.514903943458061120e-01,1.000000000000000000e+00,3.499999940395355225e-01,3.499999940395355225e-01,3.499999940395355225e-01,3.499999940395355225e-01,3.499999940395355225e-01,3.499999940395355225e-01
7.640000000000886082e+00,2.546695888057590174e-01,4.026491669470383394e-01,3.595629809813899680e+00,-1.823106185727956241e-01,4.739247945960541886e-01,2.544223453568010829e-01,1.000000000000000000e+00,3.499999940395355225e-01,3.499999940395355225e-01,3.499999940395355225e-01,3.499999940395355225e-01,3.499999940395355225e-01,3.499999940395355225e-01
7.660000000000892761e+00,2.508646286810748416e-01,4.044046917170116551e-01,3.602390988234107638e+00,-1.694166037195610486e-01,4.754767211441010000e-01,2.576458490701097337e-01,1.000000000000000000e+00,3.499999940395355225e-01,3.499999940395355225e-01,3.499999940395355225e-01,3.499999940395355225e-01,3.499999940395355225e-01,3.499999940395355225e-01
7.680000000000899441e+00,2.470366853865324508e-01,4.067732922616397184e-01,3.608287162237945989e+00,-1.547803973072377215e-01,4.770376140561611300e-01,2.613049006731905655e-01,1.000000000000000000e+00,3.499999940395355225e-01,3.499999940395355225e-01,3.499999940395355225e-01,3.499999940395355225e-01,3.499999940395355225e-01,3.499999940395355225e-01
7.700000000000906120e+00,2.434847894833908621e-01,4.098393869996721506e-01,3.618472606454110618e+00,-1.378009984634398499e-01,4.780544686395706844e-01,2.655497503841400264e-01,1.000000000000000000e+00,3.499999940395355225e-01,3.499999940395355225e-01,3.499999940395355225e-01,3.499999940395355225e-01,3.499999940395355225e-01,3.499999940395355225e-01
7.720000000000912799e+00,2.402534409462150355e-01,4.135164543375561275e-01,3.637391797714156549e+00,-1.186456713401615737e-01,4.784333987597619853e-01,2.703385821649595955e-01,1.000000000000000000e+00,3.499999940395355225e-01,3.499999940395355225e-01,3.499999940395355225e-01,3.499999940395355225e-01,3.499999940395355225e-01,3.499999940395355225e-01
7.740000000000919478e+00,2.373462524288333375e-01,4.176854371866122184e-01,3.667089073926873333e+00,-9.809616571768310644e-02,4.783861534808402372e-01,2.754759585705792158e-01,1.000000000000000000e+00,3.499999940395355225e-01,3.499999940395355225e-01,3.499999940395355225e-01,3.499999940395355225e-01,3.499999940395355225e-01,3.499999940395355225e-01
7.760000000000926157e+00,2.348196615400740539e-01,4.222241699476595445e-01,3.707228943496094775e+00,-7.734650684430001422e-02,4.782221564405068071e-01,2.806633732889249888e-01,1.000000000000000000e+00,3.499999940395355225e-01,3.499999940395355225e-01,3.499999940395355225e-01,3.499999940395355225e-01,3.499999940395355225e-01,3.499999940395355225e-01
7.780000000000932836e+00,2.327352592589731484e-01,4.269811888479536632e-01,3.756020234231268518e+00,-5.758214031917785469e-02,4.781742887381538742e-01,2.856044649202055252e-01,1.000000000000000000e+00,3.499999940395355225e-01,3.499999940395355225e-01,3.499999940395355225e-01,3.499999940395355225e-01,3.499999940395355225e-01,3.499999940395355225e-01
7.800000000000939515e+00,2.311171854340761112e-01,4.317795811046433174e-01,3.811403414909236620e+00,-3.960838599519789227e-02,4.783266696368675408e-01,2.900979035012005158e-01,1.000000000000000000e+00,3.499999940395355225e-01,3.499999940395355225e-01,3.499999940395355225e-01,3.499999940395355225e-01,3.499999940395355225e-01,3.499999940395355225e-01
7.820000000000946194e+00,2.299618279606437943e-01,4.364575757285271695e-01,3.871846043053549735e+00,-2.375648848123957171e-02,4.786377331100386545e-01,2.940608778796900968e-01,1.000000000000000000e+00,3.499999940395355225e-01,3.499999940395355225e-01,3.499999940395355225e-01,3.499999940395355225e-01,3.499999940395355225e-01,3.499999940395355225e-01
7.840000000000952873e+00,2.292625487460094869e-01,4.409092180767716362e-01,3.936513193384184817e+00,-1.001433146867225510e-02,4.790129497174623885e-01,2.974964171328319251e-01,1.000000000000000000e+00,3.499999940395355225e-01,3.499999940395355225e-01,3.499999940395355225e-01,3.499999940395355225e-01,3.499999940395355225e-01,3.499999940395355225e-01
7.860000000000959552e+00,2.290126366435240035e-01,4.450644197778340638e-01,4.005058726516035783e+00,-1.717334410199056194e-03,4.793666666766486784e-01,3.004293336025497529e-01,1.000000000000000000e+00,3.499999940395355225e-01,3.499999940395355225e-01,3.499999940395355225e-01,3.499999940395355225e-01,3.499999940395355225e-01,3.499999940395355225e-01
7.880000000000966232e+00,2.292181975663112881e-01,4.488750733243831448e-01,4.077220752535898995e+00,-1.143288249051876981e-02,4.796595690572196813e-01,3.028582206226296814e-01,1.000000000000000000e+00,3.499999940395355225e-01,3.499999940395355225e-01,3.499999940395355225e-01,3.499999940395355225e-01,3.499999940395355225e-01,3.499999940395355225e-01
7.900000000000972911e+00,2.298966966018751168e-01,4.522866850040975217e-01,4.152514565310958972e+00,-1.893930028422396994e-02,4.798965058388082183e-01,3.047348250710559814e-01,1.000000000000000000e+00,3.499999940395355225e-01,3.499999940395355225e-01,3.499999940395355225e-01,3.499999940395355225e-01,3.499999940395355225e-01,3.499999940395355225e-01
7.920000000000979590e+00,2.310602836939203986e-01,4.552294187102695622e-01,4.230167156790651362e+00,-2.392719742865834220e-02,4.801053358893856982e-01,3.059817993571645744e-01,1.000000000000000000e+00,3.499999940395355225e-01,3.499999940395355225e-01,3.499999940395355225e-01,3.499999940395355225e-01,3.499999940395355225e-01,3.499999940395355225e-01
7.940000000000986269e+00,2.327045261911612761e-01,4.576182939161470564e-01,4.309189133514835568e+00,-2.607536190718362512e-02,4.803136111415512999e-01,3.065188404767958952e-01,1.000000000000000000e+00,3.499999940395355225e-01,3.499999940395355225e-01,3.499999940395355225e-01,3.499999940395355225e-01,3.499999940395355225e-01,3.499999940395355225e-01
7.960000000000992948e+00,2.348134921619398630e-01,4.593620993186674495e-01,4.388513128812770780e+00,-2.510879711766267341e-02,4.805350929158378470e-01,3.062771992794156573e-01,1.000000000000000000e+00,3.499999940395355225e-01,3.499999940395355225e-01,3.499999940395355225e-01,3.499999940395355225e-01,3.499999940395355225e-01,3.499999940395355225e-01
7.980000000000999627e+00,2.373658888774728970e-01,4.603740980461163979e-01,4.467112567356845254e+00,-2.082338010142170681e-02,4.807680280083914126e-01,3.052058450253554156e-01,1.000000000000000000e+00,3.499999940395355225e-01,3.499999940395355225e-01,3.499999940395355225e-01,3.499999940395355225e-01,3.499999940395355225e-01,3.499999940395355225e-01
8.000000000001005418e+00,2.403373099039594063e-01,4.605810766412923307e-01,4.544056736098474047e+00,-1.309043059542136511e-02,4.810010804733849676e-01,3.032726076488553302e-01,1.000000000000000000e+00,3.499999940395355225e-01,3.499999940395355225e-01,3.499999940395355225e-01,3.499999940395355225e-01,3.499999940395355225e-01,3.499999940395355225e-01
8.020000000000994334e+00,2.436990585991259395e-01,4.599295269323933066e-01,4.618501440280765813e+00,-1.853751823502447493e-03,4.812212803087201340e-01,3.004634379558756008e-01,1.000000000000000000e+00,3.499999940395355225e-01,3.499999940395355225e-01,3.499999940395355225e-01,3.499999940395355225e-01,3.499999940395355225e-01,3.499999940395355225e-01
8.040000000000983249e+00,2.474159500007639401e-01,4.583891786228510012e-01,4.689632867317337528e+00,-1.287245083534771517e-02,4.814197859290782477e-01,2.967818872911630601e-01,1.000000000000000000e+00,3.499999940395355225e-01,3.499999940395355225e-01,3.499999940395355225e-01,3.499999940395355225e-01,3.499999940395355225e-01,3.499999940395355225e-01
8.060000000000972165e+00,2.514409426143652260e-01,4.559584103921999754e-01,4.756595777772965938e+00,-3.097843631167163103e-02,4.815933259784422882e-01,2.922553909220820811e-01,1.000000000000000000e+00,3.499999940395355225e-01,3.499999940395355225e-01,3.499999940395355225e-01,3.499999940395355225e-01,3.499999940395355225e-01,3.499999940395355225e-01
8.080000000000961080e+00,2.557130278241375732e-01,4.526699059342660370e-01,4.818478949904650754e+00,-5.222924782381865860e-02,4.817428920768863088e-01,2.869426880440453242e-01,1.000000000000000000e+00,3.499999940395355225e-01,3.499999940395355225e-01,3.499999940395355225e-01,3.499999940395355225e-01,3.499999940395355225e-01,3.499999940395355225e-01
8.100000000000949996e+00,2.601611716995790857e-01,4.485893981264448271e-01,4.874365335165699697e+00,-7.626888112819042720e-02,4.818723047314162344e-01,2.809327797179523856e-01,1.000000000000000000e+00,3.499999940395355225e-01,3.499999940395355225e-01,3.499999940395355225e-01,3.499999940395355225e-01,3.499999940395355225e-01,3.499999940395355225e-01
8.120000000000938911e+00,2.636012783970880236e-01,4.438222555479225395e-01,4.918739675141469370e+00,-9.926153328570276602e-02,4.818296030503523841e-01,2.751846166785743009e-01,1.000000000000000000e+00,3.499999940395355225e-01,3.499999940395355225e-01,3.499999940395355225e-01,1.775449514389038086e-01,3.499999940395355225e-01,3.499999940395355225e-01
8.140000000000927827e+00,2.655015855899710564e-01,4.383963519699706213e-01,4.947942988794301833e+00,-1.191464125182881695e-01,4.815201885683350613e-01,2.702133968704279465e-01,1.000000000000000000e+00,3.499999940395355225e-01,3.499999940395355225e-01,3.499999940395355225e-01,1.966672241687774658e-01,3.499999940395355225e-01,3.499999940395355225e-01
8.160000000000916742e+00,2.662226806287432690e-01,4.321875545146787179e-01,4.962209074551939381e+00,-1.378427256578227400e-01,4.811626943567129389e-01,2.655393185855443039e-01,1.000000000000000000e+00,3.499999940395355225e-01,3.499999940395355225e-01,3.499999940395355225e-01,4.718979354947805405e-03,3.499999940395355225e-01,3.499999940395355225e-01
8.180000000000905658e+00,2.653838390987636742e-01,4.250423646070773387e-01,4.958883856425251757e+00,-1.548904940721653745e-01,4.808556860313435988e-01,2.612773764819586453e-01,1.000000000000000000e+00,3.499999940395355225e-01,3.499999940395355225e-01,3.499999940395355225e-01,-8.870783448219299316e-02,3.499999940395355225e-01,3.499999940395355225e-01
8.200000000000894573e+00,2.633588564564804946e-01,4.169977330163321394e-01,4.938750241695208487e+00,-1.710289195295418008e-01,4.806535115508585587e-01,2.572427701176145387e-01,1.000000000000000000e+00,3.499999940395355225e-01,3.499999940395355225e-01,3.499999940395355225e-01,-1.975110769271850586e-01,3.499999940395355225e-01,3.499999940395355225e-01
8.220000000000883489e+00,2.604764113560564809e-01,4.080356908066717914e-01,4.903090162512254935e+00,-1.871615858462285786e-01,4.807168584583489390e-01,2.532096035384428512e-01,1.000000000000000000e+00,3.499999940395355225e-01,3.499999940395355225e-01,3.296802639961242676e-01,-2.882424592971801758e-01,3.499999940395355225e-01,3.499999940395355225e-01
8.240000000000872404e+00,2.568424433798084383e-01,3.979461616134497559e-01,4.851934286926528728e+00,-2.043101500778921331e-01,4.813418958692932126e-01,2.489224624805269626e-01,1.000000000000000000e+00,3.499999940395355225e-01,3.499999940395355225e-01,2.548287808895111084e-01,-3.499999940395355225e-01,3.334368169307708740e-01,3.499999940395355225e-01
8.260000000000861320e+00,2.530410211920747776e-01,3.870117942161356295e-01,4.789082659967022870e+00,-2.215460299810959599e-01,4.819717787167877021e-01,2.446134925047259989e-01,1.000000000000000000e+00,3.499999940395355225e-01,3.499999940395355225e-01,1.556865721940994263e-01,-3.499999940395355225e-01,3.058528900146484375e-01,3.499999940395355225e-01
8.280000000000850235e+00,2.495946374647748378e-01,3.758001443239348260e-01,4.719084780013001357e+00,-2.379444617899582060e-01,4.824037910816055263e-01,2.405138845525104374e-01,1.000000000000000000e+00,3.499999940395355225e-01,3.499999940395355225e-01,6.425432860851287842e-02,-3.499999940395355225e-01,2.743651866912841797e-01,3.499999940395355225e-01
8.300000000000839151e+00,2.464649344290197330e-01,3.646341953018593651e-01,4.642752375418536026e+00,-2.522493354476613714e-01,4.824880592794139056e-01,2.369376661380846461e-01,1.000000000000000000e+00,3.499999940395355225e-01,3.499999940395355225e-01,1.995123922824859619e-02,-3.499999940395355225e-01,2.548162937164306641e-01,3.499999940395355225e-01
8.320000000000828067e+00,2.436366196679302654e-01,3.539518471582648873e-01,4.562573642280638886e+00,-2.639065070885902031e-01,4.823731130592107674e-01,2.340233732278524381e-01,1.000000000000000000e+00,3.499999940395355225e-01,3.499999940395355225e-01,1.953958719968795776e-02,-3.499999940395355225e-01,2.507105469703674316e-01,3.499999940395355225e-01
8.340000000000816982e+00,2.413423992538236140e-01,3.445566198238400046e-01,4.487603814411500025e+00,-2.735521474338331593e-01,4.824232016674807055e-01,2.316119631415416991e-01,1.000000000000000000e+00,3.499999940395355225e-01,3.499999940395355225e-01,2.470884844660758972e-02,-3.499999940395355225e-01,2.640578150749206543e-01,3.499999940395355225e-01
8.360000000000805898e+00,2.394274010116619333e-01,3.365942495170710647e-01,4.421969168389611404e+00,-2.813730753201572066e-01,4.827517163633883168e-01,2.296567311699606873e-01,1.000000000000000000e+00,3.499999940395355225e-01,3.499999940395355225e-01,2.810230478644371033e-02,-3.499999940395355225e-01,2.691601514816284180e-01,3.499999940395355225e-01
8.380000000000794813e+00,2.375773410993238244e-01,3.297245993348226767e-01,4.363409311929036249e+00,-2.868764203080219621e-01,4.831706051163627280e-01,2.282808949229944984e-01,1.000000000000000000e+00,3.499999940395355225e-01,3.499999940395355225e-01,3.779298812150955200e-02,-3.499999940395355225e-01,2.669067978858947754e-01,3.499999940395355225e-01
8.400000000000783729e+00,2.356326385162190729e-01,3.235584169764470497e-01,4.308086307008352378e+00,-2.900125611583991292e-01,4.835487174727171600e-01,2.274968597104002066e-01,1.000000000000000000e+00,3.499999940395355225e-01,3.499999940395355225e-01,5.228476598858833313e-02,-3.499999940395355225e-01,2.884922921657562256e-01,3.499999940395355225e-01
8.420000000000772644e+00,2.335919156068450020e-01,3.178984157948541167e-01,4.253794587804486049e+00,-2.909884315481576778e-01,4.837885315008784715e-01,2.272528921129605695e-01,1.000000000000000000e+00,3.499999940395355225e-01,3.499999940395355225e-01,7.656355947256088257e-02,-3.499999940395355225e-01,3.064849078655242920e-01,3.499999940395355225e-01
8.440000000000761560e+00,2.314550529344219232e-01,3.127184937366909168e-01,4.200427960516047499e+00,-2.901189740420087038e-01,4.839565140006029664e-01,2.274702564894978130e-01,1.000000000000000000e+00,3.499999940395355225e-01,3.499999940395355225e-01,1.044807359576225281e-01,-3.499999940395355225e-01,3.253951370716094971e-01,3.499999940395355225e-01
8.460000000000750475e+00,2.291892177431068545e-01,3.081008145070397442e-01,4.149704318490532451e+00,-2.875720635696127347e-01,4.841466079449531779e-01,2.281069841075968052e-01,1.000000000000000000e+00,3.499999940395355225e-01,3.499999940395355225e-01,1.406026184558868408e-01,-3.499999940395355225e-01,3.498759269714355469e-01,3.499999940395355225e-01
8.480000000000739391e+00,2.266689623535996234e-01,3.041347689230485818e-01,4.104484288155639149e+00,-2.829856812388859000e-01,4.843789989919371486e-01,2.292535796902785139e-01,1.000000000000000000e+00,3.499999940395355225e-01,3.499999940395355225e-01,1.917369663715362549e-01,-3.499999940395355225e-01,3.499999940395355225e-01,3.499999940395355225e-01
8.500000000000728306e+00,2.237805995044226948e-01,3.009649602250781264e-01,4.070579784717004657e+00,-2.755014871777768937e-01,4.844533755770640826e-01,2.311246282055557655e-01,1.000000000000000000e+00,3.499999940395355225e-01,3.499999940395355225e-01,2.696289122104644775e-01,-3.047308325767517090e-01,3.499999940395355225e-01,3.499999940395355225e-01
8.520000000000717222e+00,2.205903150850440086e-01,2.986673214465631609e-01,4.054501829774848076e+00,-2.667719717024554793e-01,4.849989163240316925e-01,2.333070070743861191e-01,1.000000000000000000e+00,3.499999940395355225e-01,3.499999940395355225e-01,3.325533270835876465e-01,-1.453393101692199707e-01,3.499999940395355225e-01,3.499999940395355225e-01
8.540000000000706137e+00,2.173457517825777563e-01,2.969033103800546858e-01,4.048658680845955260e+00,-2.567397046712198705e-01,4.852859779911424254e-01,2.358150738321950213e-01,1.000000000000000000e+00,3.499999940395355225e-01,3.499999940395355225e-01,2.969834506511688232e-01,-7.116614282131195068e-02,3.499999940395355225e-01,3.499999940395355225e-01
8.560000000000695053e+00,2.140976054557370833e-01,2.954397662207460806e-01,4.046188282670473590e+00,-2.414092975117954065e-01,4.833409414052222686e-01,2.396476756220511373e-01,1.000000000000000000e+00,3.499999940395355225e-01,3.499999940395355225e-01,3.499999940395355225e-01,6.083838175982236862e-03,3.499999940395355225e-01,3.499999940395355225e-01
8.580000000000683968e+00,2.108845614047801797e-01,2.943455585711107769e-01,4.048536449725196995e+00,-2.237150612286731288e-01,4.807575214334861013e-01,2.440712346928317067e-01,1.000000000000000000e+00,3.499999940395355225e-01,3.499999940395355225e-01,3.499999940395355225e-01,1.935624182224273682e-01,3.499999940395355225e-01,3.499999940395355225e-01
8.600000000000672884e+00,2.077997675433200242e-01,2.936867025614687821e-01,4.056780350596133289e+00,-2.056708244063631119e-01,4.782254382649633317e-01,2.485822938984092179e-01,1.000000000000000000e+00,3.499999940395355225e-01,3.499999940395355225e-01,3.499999940395355225e-01,2.773265540599822998e-01,3.499999940395355225e-01,3.499999940395355225e-01
8.620000000000661800e+00,2.046108223938716275e-01,2.932990581970174038e-01,4.068297136551142223e+00,-1.919653760525901476e-01,4.779620516007432318e-01,2.520086559868524589e-01,1.000000000000000000e+00,3.499999940395355225e-01,3.499999940395355225e-01,3.499999940395355225e-01,3.499999940395355225e-01,3.499999940395355225e-01,3.499999940395355225e-01
8.640000000000650715e+00,2.009643711861920368e-01,2.929507595905130879e-01,4.079279386617669978e+00,-1.804776774842491438e-01,4.792017796476008007e-01,2.548805806289377029e-01,1.000000000000000000e+00,3.499999940395355225e-01,3.499999940395355225e-01,3.499999940395355225e-01,3.499999940395355225e-01,3.499999940395355225e-01,3.499999940395355225e-01
8.660000000000639631e+00,1.967674316337250651e-01,2.927268641212875666e-01,4.087520856563738647e+00,-1.678821389973608191e-01,4.809158771657962017e-01,2.580294652506597841e-01,1.000000000000000000e+00,3.499999940395355225e-01,3.499999940395355225e-01,3.499999940395355225e-01,3.499999940395355225e-01,3.499999940395355225e-01,3.499999940395355225e-01
8.680000000000628546e+00,1.922547954946886573e-01,2.930068773711674845e-01,4.095142865985662795e+00,-1.532604713311349620e-01,4.825229806560213386e-01,2.616848821672162484e-01,1.000000000000000000e+00,3.499999940395355225e-01,3.499999940395355225e-01,3.499999940395355225e-01,3.499999940395355225e-01,3.499999940395355225e-01,3.499999940395355225e-01
8.700000000000617462e+00,1.876585924066974664e-01,2.939969541869629222e-01,4.106635606177169606e+00,-1.361218830980879257e-01,4.834858713110377626e-01,2.659695292254780075e-01,1.000000000000000000e+00,3.499999940395355225e-01,3.499999940395355225e-01,3.499999940395355225e-01,3.499999940395355225e-01,3.499999940395355225e-01,3.499999940395355225e-01
8.720000000000606377e+00,1.830685456790330790e-01,2.956521750937405324e-01,4.126162123471964982e+00,-1.167910242889178551e-01,4.837633495028110797e-01,2.708022439277705251e-01,1.000000000000000000e+00,3.499999940395355225e-01,3.499999940395355225e-01,3.499999940395355225e-01,3.499999940395355225e-01,3.499999940395355225e-01,3.499999940395355225e-01
8.740000000000595293e+00,1.785404350571886956e-01,2.978756428553699376e-01,4.155898491782284765e+00,-9.613301516796002311e-02,4.836217446425812305e-01,2.759667462080099831e-01,1.000000000000000000e+00,3.499999940395355225e-01,3.499999940395355225e-01,3.499999940395355225e-01,3.499999940395355225e-01,3.499999940395355225e-01,3.499999940395355225e-01
8.760000000000584208e+00,1.741705394122508577e-01,3.005930593270795814e-01,4.195832554195657593e+00,-7.536409406681410239e-02,4.834039723855032555e-01,2.811589764832964633e-01,1.000000000000000000e+00,3.499999940395355225e-01,3.499999940395355225e-01,3.499999940395355225e-01,3.499999940395355225e-01,3.499999940395355225e-01,3.499999940395355225e-01
8.780000000000573124e+00,1.700784297490474106e-01,3.037122548224585605e-01,4.244473821707731354e+00,-5.565388062642818295e-02,4.833471049390673513e-01,2.860865298433929449e-01,1.000000000000000000e+00,3.499999940395355225e-01,3.499999940395355225e-01,3.499999940395355225e-01,3.499999940395355225e-01,3.499999940395355225e-01,3.499999940395355225e-01
8.800000000000562039e+00,1.663695709729958172e-01,3.070994155946911164e-01,4.299915018453265070e+00,-3.776911681537975518e-02,4.835178604547875625e-01,2.905577207961550501e-01,1.000000000000000000e+00,3.499999940395355225e-01,3.499999940395355225e-01,3.499999940395355225e-01,3.499999940395355225e-01,3.499999940395355225e-01,3.499999940395355225e-01
8.820000000000550955e+00,1.631212320360325152e-01,3.106126264752223642e-01,4.360618302966140725e+00,-2.199797193462682890e-02,4.838506724693269478e-01,2.945005070163432825e-01,1.000000000000000000e+00,3.499999940395355225e-01,3.499999940395355225e-01,3.499999940395355225e-01,3.499999940395355225e-01,3.499999940395355225e-01,3.499999940395355225e-01
8.840000000000539870e+00,1.603817724279207879e-01,3.141500916383952458e-01,4.425652800618995464e+00,-8.301261996358277884e-03,4.842336714249143581e-01,2.979246845009104194e-01,1.000000000000000000e+00,3.499999940395355225e-01,3.499999940395355225e-01,3.499999940395355225e-01,3.499999940395355225e-01,3.499999940395355225e-01,3.499999940395355225e-01
8.860000000000528786e+00,1.581811419421743081e-01,3.176402386080218188e-01,4.494566276589819331e+00,-3.424123405128210330e-03,4.845759404265891357e-01,3.008560308512820414e-01,1.000000000000000000e+00,3.499999940395355225e-01,3.499999940395355225e-01,3.499999940395355225e-01,3.499999940395355225e-01,3.499999940395355225e-01,3.499999940395355225e-01
8.880000000000517701e+00,1.565483205406844047e-01,3.210389578169112745e-01,4.567033505803855142e+00,-1.315631660953675737e-02,4.848428947421032364e-01,3.032890791523841778e-01,1.000000000000000000e+00,3.499999940395355225e-01,3.499999940395355225e-01,3.499999940395355225e-01,3.499999940395355225e-01,3.499999940395355225e-01,3.499999940395355225e-01
8.900000000000506617e+00,1.555245417231921889e-01,3.243053038061266546e-01,4.642560840693921165e+00,-2.067755241339952477e-02,4.850479742823300411e-01,3.051693881033498701e-01,1.000000000000000000e+00,3.499999940395355225e-01,3.499999940395355225e-01,3.499999940395355225e-01,3.499999940395355225e-01,3.499999940395355225e-01,3.499999940395355225e-01
8.920000000000495533e+00,1.551536432020503842e-01,3.273856185250766382e-01,4.720402150967458077e+00,-2.565750816726608541e-02,4.852265130804667148e-01,3.064143770418165102e-01,1.000000000000000000e+00,3.499999940395355225e-01,3.499999940395355225e-01,3.499999940395355225e-01,3.499999940395355225e-01,3.499999940395355225e-01,3.499999940395355225e-01
8.940000000000484448e+00,1.554719169027336534e-01,3.302061301884721134e-01,4.799603020247846352e+00,-2.776623297375469326e-02,4.854096699744057664e-01,3.069415582434386613e-01,1.000000000000000000e+00,3.499999940395355225e-01,3.499999940395355225e-01,3.499999940395355225e-01,3.499999940395355225e-01,3.499999940395355225e-01,3.499999940395355225e-01
8.960000000000473364e+00,1.565081435700080847e-01,3.326812854985097268e-01,4.879118957314782179e+00,-2.673238611149897359e-02,4.856110321456889034e-01,3.066830965278747323e-01,1.000000000000000000e+00,3.499999940395355225e-01,3.499999940395355225e-01,3.499999940395355225e-01,3.499999940395355225e-01,3.499999940395355225e-01,3.499999940395355225e-01
8.980000000000462279e+00,1.582839277653370069e-01,3.347253320644884012e-01,4.957927759896961106e+00,-2.236223050335195417e-02,4.858266358767239779e-01,3.055905576258379774e-01,1.000000000000000000e+00,3.499999940395355225e-01,3.499999940395355225e-01,3.499999940395355225e-01,3.499999940395355225e-01,3.499999940395355225e-01,3.499999940395355225e-01
9.000000000000451195e+00,1.608116054478611057e-01,3.362616759987995252e-01,5.035089127019865884e+00,-1.453735136913425485e-02,4.860428675724504655e-01,3.036343378422835526e-01,1.000000000000000000e+00,3.499999940395355225e-01,3.499999940395355225e-01,3.499999940395355225e-01,3.499999940395355225e-01,3.499999940395355225e-01,3.499999940395355225e-01
9.020000000000440110e+00,1.640905134069144955e-01,3.372285981571196967e-01,5.109744326389157543e+00,-3.207491596544320700e-03,4.862456165743895831e-01,3.008018728991360691e-01,1.000000000000000000e+00,3.499999940395355225e-01,3.499999940395355225e-01,3.499999940395355225e-01,3.499999940395355225e-01,3.499999940395355225e-01,3.499999940395355225e-01
9.040000000000429026e+00,1.681034144119753493e-01,3.375821257003301934e-01,5.181067848491227146e+00,-1.161146057253237274e-02,4.864261664460872159e-01,2.970971348568668957e-01,1.000000000000000000e+00,3.499999940395355225e-01,3.499999940395355225e-01,3.499999940395355225e-01,3.499999940395355225e-01,3.499999940395355225e-01,3.499999940395355225e-01
9.060000000000417941e+00,1.728088814292271236e-01,3.372987835083444130e-01,5.248199004813908886e+00,-2.980874096681396246e-02,4.865821491009914568e-01,2.925478147582964983e-01,1.000000000000000000e+00,3.499999940395355225e-01,3.499999940395355225e-01,3.499999940395355225e-01,3.499999940395355225e-01,3.499999940395355225e-01,3.499999940395355225e-01
9.080000000000406857e+00,1.781369130938668666e-01,3.363793428613923719e-01,5.310226604512842563e+00,-5.114770765049359708e-02,4.867156211144373912e-01,2.872130730873765914e-01,1.000000000000000000e+00,3.499999940395355225e-01,3.499999940395355225e-01,3.499999940395355225e-01,3.499999940395355225e-01,3.499999940395355225e-01,3.499999940395355225e-01
9.100000000000395772e+00,1.839931750721689463e-01,3.348490214255901432e-01,5.366237030345049952e+00,-7.526973533425862506e-02,4.868310743203846380e-01,2.811825661664353326e-01,1.000000000000000000e+00,3.499999940395355225e-01,3.499999940395355225e-01,3.499999940395355225e-01,3.499999940395355225e-01,3.499999940395355225e-01,3.499999940395355225e-01
9.120000000000384688e+00,1.892837607183108783e-01,3.322419453423108848e-01,5.410719754052153441e+00,-9.870377236597538406e-02,4.869330545019970313e-01,2.753240569085061429e-01,1.000000000000000000e+00,3.499999940395355225e-01,3.499999940395355225e-01,3.499999940395355225e-01,1.653394103050231934e-01,3.499999940395355225e-01,3.499999940395355225e-01
9.140000000000373603e+00,1.935019556923513462e-01,3.283151533965654734e-01,5.439892231504705578e+00,-1.191411823178232243e-01,4.867846537814445318e-01,2.702147044205441828e-01,1.000000000000000000e+00,3.499999940395355225e-01,3.499999940395355225e-01,3.499999940395355225e-01,1.927527785301208496e-01,3.499999940395355225e-01,3.499999940395355225e-01
9.160000000000362519e+00,1.970381848971189398e-01,3.231306264728611710e-01,5.453999221217844529e+00,-1.383956333537883499e-01,4.866246681973904753e-01,2.654010916615529014e-01,1.000000000000000000e+00,3.499999940395355225e-01,3.499999940395355225e-01,3.499999940395355225e-01,6.725351326167583466e-03,3.499999940395355225e-01,3.499999940395355225e-01
9.180000000000351434e+00,1.996576610348140268e-01,3.163955320733599086e-01,5.450507715796825359e+00,-1.560536518034840725e-01,4.865405906261028868e-01,2.609865870491289708e-01,1.000000000000000000e+00,3.499999940395355225e-01,3.499999940395355225e-01,3.499999940395355225e-01,-8.666060864925384521e-02,3.499999940395355225e-01,3.499999940395355225e-01
9.200000000000340350e+00,2.016795007729875744e-01,3.083301063571356471e-01,5.430308665997283235e+00,-1.727167529037472171e-01,4.865336804923786063e-01,2.568208117740631846e-01,1.000000000000000000e+00,3.499999940395355225e-01,3.499999940395355225e-01,3.499999940395355225e-01,-1.985253393650054932e-01,3.499999940395355225e-01,3.499999940395355225e-01
9.220000000000329266e+00,2.033882722514148145e-01,2.990732908680545643e-01,5.394711216113464047e+00,-1.889014760334364607e-01,4.866454592625688025e-01,2.527746309916408807e-01,1.000000000000000000e+00,3.499999940395355225e-01,3.499999940395355225e-01,3.306443989276885986e-01,-2.911362946033477783e-01,3.499999940395355225e-01,3.499999940395355225e-01
9.240000000000318181e+00,2.049765312830540975e-01,2.885007381860257292e-01,5.343839553212168525e+00,-2.055337436852373578e-01,4.871479961817126725e-01,2.486165640786906494e-01,1.000000000000000000e+00,3.499999940395355225e-01,3.499999940395355225e-01,2.576429843902587891e-01,-3.499999940395355225e-01,3.336957693099975586e-01,3.499999940395355225e-01
9.260000000000307097e+00,2.068152216414070876e-01,2.771276615260291898e-01,5.281478926389545414e+00,-2.220732647870053977e-01,4.876085322486732321e-01,2.444816838032486395e-01,1.000000000000000000e+00,3.499999940395355225e-01,3.499999940395355225e-01,1.580608636140823364e-01,-3.499999940395355225e-01,3.034425377845764160e-01,3.499999940395355225e-01
9.280000000000296012e+00,2.090742032763516223e-01,2.656533927785879046e-01,5.211857384629825951e+00,-2.377932305488044129e-01,4.878934324724457650e-01,2.405516923627988857e-01,1.000000000000000000e+00,3.499999940395355225e-01,3.499999940395355225e-01,6.265170872211456299e-02,-3.499999940395355225e-01,2.700909078121185303e-01,3.499999940395355225e-01
9.300000000000284928e+00,2.115781739455619981e-01,2.543406259557251525e-01,5.135714212002882029e+00,-2.516631805200798544e-01,4.879259950699250115e-01,2.370842048699800253e-01,1.000000000000000000e+00,3.499999940395355225e-01,3.499999940395355225e-01,1.905414275825023651e-02,-3.499999940395355225e-01,2.506848573684692383e-01,3.499999940395355225e-01
9.320000000000273843e+00,2.141210224910319870e-01,2.435620375563977147e-01,5.055395203618139988e+00,-2.626981119854771007e-01,4.876447365834467584e-01,2.343254720036307137e-01,1.000000000000000000e+00,3.499999940395355225e-01,3.499999940395355225e-01,2.053212188184261322e-02,-3.499999940395355225e-01,2.462619990110397339e-01,3.499999940395355225e-01
9.340000000000262759e+00,2.165370282445318595e-01,2.341719716759035341e-01,4.980211851262885681e+00,-2.717095575499001159e-01,4.875087365422502983e-01,2.320726106125249599e-01,1.000000000000000000e+00,3.499999940395355225e-01,3.499999940395355225e-01,2.743428386747837067e-02,-3.499999940395355225e-01,2.602780759334564209e-01,3.499999940395355225e-01
9.360000000000251674e+00,2.186182947129567400e-01,2.262581063393487302e-01,4.914647482293336367e+00,-2.791696037590166712e-01,4.877391953317840589e-01,2.302075990602458211e-01,1.000000000000000000e+00,3.499999940395355225e-01,3.499999940395355225e-01,3.246926516294479370e-02,-3.499999940395355225e-01,2.665266990661621094e-01,3.499999940395355225e-01
9.380000000000240590e+00,2.202384044551295994e-01,2.193661655633939445e-01,4.856480201973571553e+00,-2.847691028334005114e-01,4.882362764394939103e-01,2.288077242916498610e-01,1.000000000000000000e+00,3.499999940395355225e-01,3.499999940395355225e-01,4.315637797117233276e-02,-3.499999940395355225e-01,2.644814550876617432e-01,3.499999940395355225e-01
9.400000000000229505e+00,2.214358077525236390e-01,2.130542331048185245e-01,4.801710379446652688e+00,-2.882523992360478404e-01,4.887861856022205354e-01,2.279369001909880288e-01,1.000000000000000000e+00,3.499999940395355225e-01,3.499999940395355225e-01,5.841360986232757568e-02,-3.499999940395355225e-01,2.863800525665283203e-01,3.499999940395355225e-01
9.420000000000218421e+00,2.223075192080085083e-01,2.071301391531206182e-01,4.747924230299060078e+00,-2.896168786823882790e-01,4.892076011523467383e-01,2.275957803294029191e-01,1.000000000000000000e+00,3.499999940395355225e-01,3.499999940395355225e-01,8.331158757209777832e-02,-3.499999940395355225e-01,3.048672378063201904e-01,3.499999940395355225e-01
9.440000000000207336e+00,2.228721588851540480e-01,2.015690560783272023e-01,4.694929828676674965e+00,-2.890405761062672108e-01,4.895073269577421837e-01,2.277398559734331862e-01,1.000000000000000000e+00,3.499999940395355225e-01,3.499999940395355225e-01,1.122595593333244324e-01,-3.499999940395355225e-01,3.242500722408294678e-01,3.499999940395355225e-01
9.460000000000196252e+00,2.230643338829232381e-01,1.964326582296836987e-01,4.644451321613039418e+00,-2.864733712424509804e-01,4.896890727164749380e-01,2.283816571893872438e-01,1.000000000000000000e+00,3.499999940395355225e-01,3.499999940395355225e-01,1.490153372287750244e-01,-3.499999940395355225e-01,3.483941256999969482e-01,3.499999940395355225e-01
9.480000000000185167e+00,2.227322327068379515e-01,1.917486549330761347e-01,4.599383701052433437e+00,-2.816406036617212783e-01,4.898084231076032524e-01,2.295898490845696693e-01,1.000000000000000000e+00,3.499999940395355225e-01,3.499999940395355225e-01,2.004158496856689453e-01,-3.499999940395355225e-01,3.499999940395355225e-01,3.499999940395355225e-01
9.500000000000174083e+00,2.217071091821276596e-01,1.876035901450814336e-01,4.565702938826281532e+00,-2.746621251137355557e-01,4.901143016158831522e-01,2.313344687215661000e-01,1.000000000000000000e+00,3.499999940395355225e-01,3.499999940395355225e-01,2.785418033599853516e-01,-3.018556535243988037e-01,3.499999940395355225e-01,3.499999940395355225e-01
9.520000000000162999e+00,2.200099664275844136e-01,1.840923659845985494e-01,4.549760454849234748e+00,-2.648470930652688793e-01,4.900863779732966274e-01,2.337882267336827691e-01,1.000000000000000000e+00,3.499999940395355225e-01,3.499999940395355225e-01,3.398423194885253906e-01,-1.464609801769256592e-01,3.499999940395355225e-01,3.499999940395355225e-01
9.540000000000151914e+00,2.180056226429897825e-01,1.810281776602554737e-01,4.544058221574533540e+00,-2.545305874196548412e-01,4.902411861739716659e-01,2.363673531450862786e-01,1.000000000000000000e+00,3.499999940395355225e-01,3.499999940395355225e-01,3.078715503215789795e-01,-7.469156384468078613e-02,3.499999940395355225e-01,3.499999940395355225e-01
9.560000000000140830e+00,2.158601435005325642e-01,1.781773788857115015e-01,4.540839739873469227e+00,-2.400393009105651343e-01,4.886684748894521979e-01,2.399901747723587053e-01,1.000000000000000000e+00,3.499999940395355225e-01,3.499999940395355225e-01,3.499999940395355225e-01,2.726862148847430944e-04,3.499999940395355225e-01,3.499999940395355225e-01
9.580000000000129745e+00,2.135756662319933108e-01,1.755971474992090720e-01,4.541313944876644193e+00,-2.231330419615662475e-01,4.863667438448200375e-01,2.442167395096084270e-01,1.000000000000000000e+00,3.499999940395355225e-01,3.499999940395355225e-01,3.499999940395355225e-01,1.779643893241882324e-01,3.499999940395355225e-01,3.499999940395355225e-01
9.600000000000118661e+00,2.111775708023491682e-01,1.734054666521878119e-01,4.547304186195171738e+00,-2.059707791321758741e-01,4.842057062010002300e-01,2.485073052169560204e-01,1.000000000000000000e+00,3.499999940395355225e-01,3.499999940395355225e-01,3.499999940395355225e-01,2.639262974262237549e-01,3.499999940395355225e-01,3.499999940395355225e-01
9.620000000000107576e+00,2.085408018787296980e-01,1.714389804966498509e-01,4.557589477318818361e+00,-1.921155797054825420e-01,4.838786256300999788e-01,2.519711050736293534e-01,1.000000000000000000e+00,3.499999940395355225e-01,3.499999940395355225e-01,3.499999940395355225e-01,3.499999940395355225e-01,3.499999940395355225e-01,3.499999940395355225e-01
9.640000000000096492e+00,2.054804253530211344e-01,1.693875156866562204e-01,4.568979414678604911e+00,-1.800246553098232560e-01,4.848969911390236809e-01,2.549938361725441749e-01,1.000000000000000000e+00,3.499999940395355225e-01,3.499999940395355225e-01,3.499999940395355225e-01,3.499999940395355225e-01,3.499999940395355225e-01,3.499999940395355225e-01
9.660000000000085407e+00,2.018734531008018473e-01,1.672059745893249572e-01,4.578550434072177211e+00,-1.669562313934707110e-01,4.864254680219183280e-01,2.582609421516323112e-01,1.000000000000000000e+00,3.499999940395355225e-01,3.499999940395355225e-01,3.499999940395355225e-01,3.499999940395355225e-01,3.499999940395355225e-01,3.499999940395355225e-01
9.680000000000074323e+00,1.977551434397182284e-01,1.652900896767089955e-01,4.587654527055261333e+00,-1.516407559744710476e-01,4.877533140682635548e-01,2.620898110063822339e-01,1.000000000000000000e+00,3.499999940395355225e-01,3.499999940395355225e-01,3.499999940395355225e-01,3.499999940395355225e-01,3.499999940395355225e-01,3.499999940395355225e-01
9.700000000000063238e+00,1.932391916236399498e-01,1.639316422043574084e-01,4.600181316581189783e+00,-1.339254087490044931e-01,4.884647995947520860e-01,2.665186478127488656e-01,1.000000000000000000e+00,3.499999940395355225e-01,3.499999940395355225e-01,3.499999940395355225e-01,3.499999940395355225e-01,3.499999940395355225e-01,3.499999940395355225e-01
9.720000000000052154e+00,1.884301005753676317e-01,1.631493564533237350e-01,4.620106119898469643e+00,-1.143144408911687115e-01,4.885806847079775528e-01,2.714213897772078110e-01,1.000000000000000000e+00,3.499999940395355225e-01,3.499999940395355225e-01,3.499999940395355225e-01,3.499999940395355225e-01,3.499999940395355225e-01,3.499999940395355225e-01
9.740000000000041069e+00,1.834189506015489468e-01,1.628874888030169554e-01,4.649768496109409455e+00,-9.365906227083087288e-02,4.883712651101393409e-01,2.765852344322922707e-01,1.000000000000000000e+00,3.499999940395355225e-01,3.499999940395355225e-01,3.499999940395355225e-01,3.499999940395355225e-01,3.499999940395355225e-01,3.499999940395355225e-01
9.760000000000029985e+00,1.783149693740540553e-01,1.631266855714481601e-01,4.689462524827489709e+00,-7.305091049809719905e-02,4.881456860720817525e-01,2.817372723754756891e-01,1.000000000000000000e+00,3.499999940395355225e-01,3.499999940395355225e-01,3.499999940395355225e-01,3.499999940395355225e-01,3.499999940395355225e-01,3.499999940395355225e-01
9.780000000000018900e+00,1.732573674022213073e-01,1.638496209105444468e-01,4.737957738830111509e+00,-5.351889513311092195e-02,4.880979047580082941e-01,2.866202762167222584e-01,1.000000000000000000e+00,3.499999940395355225e-01,3.499999940395355225e-01,3.499999940395355225e-01,3.499999940395355225e-01,3.499999940395355225e-01,3.499999940395355225e-01
9.800000000000007816e+00,1.683985954450872291e-01,1.649972446566189133e-01,4.793460671567093101e+00,-3.573792626392768845e-02,4.882634563187849830e-01,2.910655184340180668e-01,1.000000000000000000e+00,3.499999940395355225e-01,3.499999940395355225e-01,3.499999940395355225e-01,3.499999940395355225e-01,3.499999940395355225e-01,3.499999940395355225e-01
9.819999999999996732e+00,1.638763518444007472e-01,1.664844828735820847e-01,4.854406840858415784e+00,-1.997354618113278413e-02,4.885657308548805866e-01,2.950066134547167929e-01,1.000000000000000000e+00,3.499999940395355225e-01,3.499999940395355225e-01,3.499999940395355225e-01,3.499999940395355225e-01,3.499999940395355225e-01,3.499999940395355225e-01
9.839999999999985647e+00,1.597871178758222266e-01,1.682418021763874005e-01,4.919766983833951279e+00,-6.216414682191917507e-03,4.888976629256104323e-01,2.984458963294520095e-01,1.000000000000000000e+00,3.499999940395355225e-01,3.499999940395355225e-01,3.499999940395355225e-01,3.499999940395355225e-01,3.499999940395355225e-01,3.499999940395355225e-01
9.859999999999974563e+00,1.561961959946691625e-01,1.702160227326400266e-01,4.988992350455000668e+00,-5.586958952451094064e-03,4.891810649020865709e-01,3.013967397381127622e-01,1.000000000000000000e+00,3.499999940395355225e-01,3.499999940395355225e-01,3.499999940395355225e-01,3.499999940395355225e-01,3.499999940395355225e-01,3.499999940395355225e-01
9.879999999999963478e+00,1.531525606641295223e-01,1.723788676151832844e-01,5.061706952556832562e+00,-1.537473776156850214e-02,4.893926597366338171e-01,3.038436844403921144e-01,1.000000000000000000e+00,3.499999940395355225e-01,3.499999940395355225e-01,3.499999940395355225e-01,3.499999940395355225e-01,3.499999940395355225e-01,3.499999940395355225e-01
9.899999999999952394e+00,1.507123343421083450e-01,1.747134129162115634e-01,5.137416720507009593e+00,-2.290982305256239818e-02,4.895512973282044600e-01,3.057274557631405876e-01,1.000000000000000000e+00,3.499999940395355225e-01,3.499999940395355225e-01,3.499999940395355225e-01,3.499999940395355225e-01,3.499999940395355225e-01,3.499999940395355225e-01
9.919999999999941309e+00,1.489386779512728021e-01,1.771954807110361907e-01,5.215404834254161237e+00,-2.786289410437614578e-02,4.896920435670363281e-01,3.069657235260940253e-01,1.000000000000000000e+00,3.499999940395355225e-01,3.499999940395355225e-01,3.499999940395355225e-01,3.499999940395355225e-01,3.499999940395355225e-01,3.499999940395355225e-01
9.939999999999930225e+00,1.478972296849940804e-01,1.797802240610631985e-01,5.294749750257088827e+00,-2.991742617318871034e-02,4.898426305247573498e-01,3.074793565432971665e-01,1.000000000000000000e+00,3.499999940395355225e-01,3.499999940395355225e-01,3.499999940395355225e-01,3.499999940395355225e-01,3.499999940395355225e-01,3.499999940395355225e-01
9.959999999999919140e+00,1.476527962017406548e-01,1.824078197052605432e-01,5.374426083705460044e+00,-2.881775616734971734e-02,4.900129537871558139e-01,3.072044390418374182e-01,1.000000000000000000e+00,3.499999940395355225e-01,3.499999940395355225e-01,3.499999940395355225e-01,3.499999940395355225e-01,3.499999940395355225e-01,3.499999940395355225e-01
9.979999999999908056e+00,1.482644387514501227e-01,1.850133225822325755e-01,5.453413006653572204e+00,-2.438068409730798081e-02,4.901969278805509700e-01,3.060951710243269841e-01,1.000000000000000000e+00,3.499999940395355225e-01,3.499999940395355225e-01,3.499999940395355225e-01,3.499999940395355225e-01,3.499999940395355225e-01,3.499999940395355225e-01
9.999999999999896971e+00,1.497791874597077522e-01,1.875343680152450343e-01,5.530759518553268528e+00,-1.649079347217607960e-02,4.903808015022005362e-01,3.041226983680440088e-01,1.000000000000000000e+00,3.499999940395355225e-01,3.499999940395355225e-01,3.499999940395355225e-01,3.499999940395355225e-01,3.499999940395355225e-01,3.499999940395355225e-01
