time,x,y,yaw,reward,yaw_rate,turn_radius,steady_state,action_0,action_1,action_2,action_3,action_4,action_5
2.000000000000001082e-02,5.998158888597362459e-01,2.405484025540804982e-03,-4.388864198173828002e-02,0.000000000000000000e+00,-4.152533942322213178e+00,inf,0.000000000000000000e+00,-3.499999940395355225e-01,-3.499999940395355225e-01,-3.083728849887847900e-01,-3.499999940395355225e-01,-3.499999940395355225e-01,1.542934477329254150e-01
4.000000000000002859e-02,5.993603671766010166e-01,3.032101791284269598e-03,-6.955917312288067977e-02,0.000000000000000000e+00,-1.465244055112771449e+00,inf,0.000000000000000000e+00,2.822998166084289551e-01,2.220015823841094971e-01,3.499999940395355225e-01,2.376936078071594238e-01,2.478004246950149536e-01,-4.079136624932289124e-02
6.000000000000004635e-02,5.988345373307184527e-01,3.575772901491303113e-03,-9.393942135103698632e-02,0.000000000000000000e+00,-2.091342332456756825e+00,inf,0.000000000000000000e+00,-3.499999940395355225e-01,-3.499999940395355225e-01,-3.499999940395355225e-01,-3.499999940395355225e-01,-3.499999940395355225e-01,2.177611738443374634e-01
8.000000000000005718e-02,5.983190519210989100e-01,3.200004527912192476e-03,-1.063186673459367293e-01,0.000000000000000000e+00,-1.128533650499583985e+00,inf,0.000000000000000000e+00,1.531725674867630005e-01,1.173485666513442993e-01,3.303492367267608643e-01,1.528794020414352417e-01,1.773499101400375366e-01,-2.444334700703620911e-02
1.000000000000000749e-01,5.976994742627064205e-01,3.143869409792554581e-03,-1.217332736915906211e-01,0.000000000000000000e+00,-1.497517576976436615e+00,inf,0.000000000000000000e+00,-3.499999940395355225e-01,-3.499999940395355225e-01,-3.499999940395355225e-01,-3.499999940395355225e-01,-3.499999940395355225e-01,2.224751412868499756e-01
1.200000000000000927e-01,5.971029549956531346e-01,2.432456161098550673e-03,-1.279263782402935146e-01,0.000000000000000000e+00,-9.114518413998995428e-01,inf,0.000000000000000000e+00,6.386872380971908569e-02,4.532301798462867737e-02,2.661466002464294434e-01,9.450063854455947876e-02,1.291480511426925659e-01,-1.364243775606155396e-02
1.400000000000000966e-01,5.963794928319242628e-01,2.192046245730161491e-03,-1.388775814287997734e-01,0.000000000000000000e+00,-1.178763068238997125e+00,inf,0.000000000000000000e+00,-3.499999940395355225e-01,-3.499999940395355225e-01,-3.499999940395355225e-01,-3.499999940395355225e-01,-3.499999940395355225e-01,2.258670628070831299e-01
1.600000000000001144e-01,5.956697817534275519e-01,1.388382798937604079e-03,-1.417712083643981047e-01,0.000000000000000000e+00,-7.612879154368160650e-01,inf,0.000000000000000000e+00,-3.873505862429738045e-03,-9.707402437925338745e-03,2.155847698450088501e-01,5.053004994988441467e-02,9.358305484056472778e-02,-5.221653264015913010e-03
1.800000000000001321e-01,5.948286237850832769e-01,1.114317612315340877e-03,-1.502075947055928062e-01,0.000000000000000000e+00,-9.735622402854764434e-01,inf,0.000000000000000000e+00,-3.499999940395355225e-01,-3.499999940395355225e-01,-3.499999940395355225e-01,-3.499999940395355225e-01,-3.499999940395355225e-01,2.287671416997909546e-01
2.000000000000001499e-01,5.939930726240316705e-01,3.813026132701291537e-04,-1.517925694971295481e-01,0.000000000000000000e+00,-6.637017777468299240e-01,inf,0.000000000000000000e+00,-6.017377227544784546e-02,-5.558842048048973083e-02,1.747943758964538574e-01,1.380565948784351349e-02,6.459377706050872803e-02,2.707305829972028732e-03
2.200000000000001676e-01,5.930198837959200775e-01,3.349564799338122789e-04,-1.606092190019634824e-01,0.000000000000000000e+00,-8.467342154261596754e-01,inf,0.000000000000000000e+00,-3.499999940395355225e-01,-3.499999940395355225e-01,-3.499999940395355225e-01,-3.499999940395355225e-01,-3.499999940395355225e-01,2.332547903060913086e-01
2.400000000000001854e-01,5.920530663654880454e-01,9.679464106598367756e-04,-1.746720104473862001e-01,0.000000000000000000e+00,-6.922042016368600281e-01,inf,0.000000000000000000e+00,-9.939383715391159058e-02,-9.165731817483901978e-02,1.382604986429214478e-01,-9.276728145778179169e-03,4.403872042894363403e-02,5.899820942431688309e-03
2.600000000000001754e-01,5.909368281442310966e-01,2.679038292202451377e-03,-2.004398925625937855e-01,0.000000000000000000e+00,-8.910716427746268042e-01,inf,0.000000000000000000e+00,-3.499999940395355225e-01,-3.499999940395355225e-01,-3.499999940395355225e-01,-3.499999940395355225e-01,-3.499999940395355225e-01,2.488681823015213013e-01
2.800000000000001932e-01,5.898525873173472434e-01,3.119516178387127248e-03,-2.105425715118624530e-01,0.000000000000000000e+00,-6.904899469900275255e-01,inf,0.000000000000000000e+00,2.043497981503605843e-03,-3.342161327600479126e-02,1.681789457798004150e-01,5.022215843200683594e-02,9.608677029609680176e-02,1.527834031730890274e-02
3.000000000000002109e-01,5.885876207976776797e-01,3.821647338674682981e-03,-2.199290385119416769e-01,0.000000000000000000e+00,-8.136487282201182447e-01,inf,0.000000000000000000e+00,-3.499999940395355225e-01,-3.499999940395355225e-01,-3.499999940395355225e-01,-3.499999940395355225e-01,-3.499999940395355225e-01,2.269535362720489502e-01
3.200000000000002287e-01,5.870496073372405421e-01,7.858524157912327723e-03,-2.674399532956741043e-01,0.000000000000000000e+00,-8.998632206951504564e-01,inf,0.000000000000000000e+00,-1.874234080314636230e-01,-1.822788119316101074e-01,5.525941774249076843e-02,-7.233788073062896729e-02,-2.589801326394081116e-02,2.323205955326557159e-02
3.400000000000002465e-01,5.850655334123739948e-01,1.379066885867957781e-02,-3.373611270390334815e-01,0.000000000000000000e+00,-1.124274822141086982e+00,inf,0.000000000000000000e+00,-3.499999940395355225e-01,-3.499999940395355225e-01,-2.456118464469909668e-01,-3.499999940395355225e-01,-3.030467331409454346e-01,2.125527262687683105e-01
3.600000000000002642e-01,5.834802934683308573e-01,1.685851646810776483e-02,-3.714112690484386303e-01,0.000000000000000000e+00,-1.009633652143341997e+00,inf,0.000000000000000000e+00,-4.214573651552200317e-02,-8.756520599126815796e-02,2.046424299478530884e-01,1.484336052089929581e-02,4.960963875055313110e-02,6.580397486686706543e-02
3.800000000000002820e-01,5.817232035365074161e-01,1.937763291614991168e-02,-3.984294817100587083e-01,0.000000000000000000e+00,-1.133477538738929535e+00,inf,0.000000000000000000e+00,-3.499999940395355225e-01,-3.499999940395355225e-01,-3.499999940395355225e-01,-3.499999940395355225e-01,-3.499999940395355225e-01,2.273038923740386963e-01
4.000000000000002998e-01,5.797557019146570845e-01,2.302199199394211471e-02,-4.408850479096717012e-01,0.000000000000000000e+00,-1.126683145751449455e+00,inf,0.000000000000000000e+00,-1.535716503858566284e-01,-1.587870419025421143e-01,1.164984926581382751e-01,-3.928671404719352722e-02,3.387461183592677116e-03,1.606085337698459625e-02
4.200000000000003175e-01,5.773946042337213536e-01,2.755095770810328526e-02,-5.000307319412661267e-01,0.000000000000000000e+00,-1.297067926996107179e+00,inf,0.000000000000000000e+00,-3.499999940395355225e-01,-3.499999940395355225e-01,-3.499999940395355225e-01,-3.499999940395355225e-01,-3.499999940395355225e-01,2.436314374208450317e-01
4.400000000000003353e-01,5.759555353085182849e-01,2.986400727484966877e-02,-5.344455654122444166e-01,0.000000000000000000e+00,-1.197720118940630130e+00,inf,0.000000000000000000e+00,7.121756672859191895e-02,2.676478028297424316e-02,2.911953330039978027e-01,9.732795506715774536e-02,1.377248317003250122e-01,1.967331022024154663e-02
4.600000000000003531e-01,5.745795313552457539e-01,3.165585483014216051e-02,-5.635790709083025041e-01,0.000000000000000000e+00,-1.298288751604121716e+00,inf,0.000000000000000000e+00,-3.499999940395355225e-01,-3.499999940395355225e-01,-3.499999940395355225e-01,-3.499999940395355225e-01,-3.499999940395355225e-01,2.474122047424316406e-01
4.800000000000003708e-01,5.733339205580645359e-01,3.317367514491459390e-02,-5.907543451904504472e-01,0.000000000000000000e+00,-1.223601989261917211e+00,inf,0.000000000000000000e+00,-1.096912622451782227e-01,-1.050035953521728516e-01,2.035163193941116333e-01,-2.357073128223419189e-02,3.898171707987785339e-02,2.687269635498523712e-02
5.000000000000003331e-01,5.717291029550064518e-01,3.512999585358922428e-02,-6.264706431420625776e-01,0.000000000000000000e+00,-1.326139809945793280e+00,inf,0.000000000000000000e+00,-3.499999940395355225e-01,-3.499999940395355225e-01,-3.499999940395355225e-01,-3.499999940395355225e-01,-3.499999940395355225e-01,2.341947406530380249e-01
5.200000000000003508e-01,5.707690822664925889e-01,3.603726623478981095e-02,-6.497526168500118438e-01,0.000000000000000000e+00,-1.233324239272455269e+00,inf,0.000000000000000000e+00,-5.809914693236351013e-02,-5.564095824956893921e-02,2.563961744308471680e-01,1.478352956473827362e-02,6.604488939046859741e-02,1.658664643764495850e-02
5.400000000000003686e-01,5.696332353289453865e-01,3.702315123909849515e-02,-6.759267767677337169e-01,0.000000000000000000e+00,-1.314022208300994921e+00,inf,0.000000000000000000e+00,-3.499999940395355225e-01,-3.499999940395355225e-01,-3.499999940395355225e-01,-3.499999940395355225e-01,-3.499999940395355225e-01,2.315881997346878052e-01
5.600000000000003864e-01,5.683692468492548278e-01,3.774358620124612651e-02,-7.101846950948439430e-01,0.000000000000000000e+00,-1.274921786102127808e+00,inf,0.000000000000000000e+00,-1.323156952857971191e-01,-1.033229902386665344e-01,2.446168959140777588e-01,-3.966792672872543335e-02,2.524430863559246063e-02,2.423002198338508606e-02
5.800000000000004041e-01,5.665509133256921848e-01,3.869090457878959777e-02,-7.592971094124546516e-01,0.000000000000000000e+00,-1.384820171127522981e+00,inf,0.000000000000000000e+00,-3.499999940395355225e-01,-3.499999940395355225e-01,-1.844242364168167114e-01,-3.499999940395355225e-01,-3.499999940395355225e-01,1.424073129892349243e-01
6.000000000000004219e-01,5.657284189954883136e-01,3.827111782038739030e-02,-7.947261987259682803e-01,0.000000000000000000e+00,-1.318270526405406651e+00,inf,0.000000000000000000e+00,4.239195212721824646e-02,4.954018443822860718e-02,3.499999940395355225e-01,4.928549006581306458e-02,9.974809736013412476e-02,2.685487642884254456e-02
6.200000000000004396e-01,5.649778155943635527e-01,3.738391966250809162e-02,-8.233474799329193461e-01,0.000000000000000000e+00,-1.377887316157285547e+00,inf,0.000000000000000000e+00,-3.499999940395355225e-01,-3.499999940395355225e-01,-3.499999940395355225e-01,-3.499999940395355225e-01,-3.499999940395355225e-01,2.089645564556121826e-01
6.400000000000004574e-01,5.645540843670107112e-01,3.524648035547339742e-02,-8.450954647944250997e-01,0.000000000000000000e+00,-1.312359709126780460e+00,inf,0.000000000000000000e+00,-7.786580175161361694e-02,-3.765429928898811340e-02,3.449646532535552979e-01,-2.367363683879375458e-02,3.714346885681152344e-02,1.672265864908695221e-02
6.600000000000004752e-01,5.638444296000675315e-01,3.239977447328562521e-02,-8.667457900709261143e-01,0.000000000000000000e+00,-1.353404489784808540e+00,inf,0.000000000000000000e+00,-3.499999940395355225e-01,-3.499999940395355225e-01,-3.499999940395355225e-01,-3.499999940395355225e-01,-3.499999940395355225e-01,1.690033972263336182e-01
6.800000000000004929e-01,5.636864163589381249e-01,2.828895810713533132e-02,-8.772805179707441336e-01,0.000000000000000000e+00,-1.272556191406660098e+00,inf,0.000000000000000000e+00,2.771038562059402466e-02,4.523549228906631470e-02,3.442054390907287598e-01,4.902151226997375488e-02,8.278154581785202026e-02,2.567471005022525787e-03
7.000000000000005107e-01,5.634190843260206139e-01,2.411969128724278377e-02,-8.849900843187620270e-01,0.000000000000000000e+00,-1.291683112955663182e+00,inf,0.000000000000000000e+00,-3.499999940395355225e-01,-3.499999940395355225e-01,-3.499999940395355225e-01,-3.499999940395355225e-01,-3.499999940395355225e-01,1.755139827728271484e-01
7.200000000000005285e-01,5.629386279247758917e-01,1.901149605999652437e-02,-8.897874988482187275e-01,0.000000000000000000e+00,-1.219425925130684263e+00,inf,0.000000000000000000e+00,-4.846191033720970154e-02,-2.777540357783436775e-03,3.032239973545074463e-01,-1.702544465661048889e-02,2.527707815170288086e-02,2.526372112333774567e-02
7.400000000000005462e-01,5.622625834767845943e-01,1.375688117232859442e-02,-8.941956618985368310e-01,0.000000000000000000e+00,-1.228225714099715038e+00,inf,0.000000000000000000e+00,-3.499999940395355225e-01,-3.499999940395355225e-01,-3.499999940395355225e-01,-3.499999940395355225e-01,-3.499999940395355225e-01,1.555518209934234619e-01
7.600000000000005640e-01,5.613988743937591286e-01,7.475240531114202280e-03,-8.933415957466713797e-01,0.000000000000000000e+00,-1.155466907187523207e+00,inf,0.000000000000000000e+00,-1.160394102334976196e-01,-4.614669829607009888e-02,2.504498064517974854e-01,-7.105076313018798828e-02,-1.416979264467954636e-02,3.151011466979980469e-02
7.800000000000005818e-01,5.604381781312646194e-01,1.292037760556918879e-03,-8.908653129147476868e-01,0.000000000000000000e+00,-1.154492175122412201e+00,inf,0.000000000000000000e+00,-3.499999940395355225e-01,-3.499999940395355225e-01,-3.499999940395355225e-01,-3.499999940395355225e-01,-3.499999940395355225e-01,1.592281013727188110e-01
8.000000000000005995e-01,5.588714468226343435e-01,-5.553839318354736321e-03,-8.847988248383774623e-01,0.000000000000000000e+00,-1.083791044282265803e+00,inf,0.000000000000000000e+00,-2.302202284336090088e-01,-1.302682161331176758e-01,1.493010371923446655e-01,-1.523030102252960205e-01,-8.776131272315979004e-02,3.818812966346740723e-02
8.200000000000006173e-01,5.569715391055538589e-01,-1.191234930340684395e-02,-8.796303111268779507e-01,0.000000000000000000e+00,-1.081546225365656699e+00,inf,0.000000000000000000e+00,-3.499999940395355225e-01,-3.499999940395355225e-01,-3.499999940395355225e-01,-3.499999940395355225e-01,-3.499999940395355225e-01,1.561069041490554810e-01
8.400000000000006350e-01,5.557419469533924072e-01,-1.870433390767972659e-02,-8.655827052484266204e-01,0.000000000000000000e+00,-1.002494497009776442e+00,inf,0.000000000000000000e+00,-2.421637922525405884e-01,-1.378962844610214233e-01,1.218583956360816956e-01,-1.635058820247650146e-01,-1.003750339150428772e-01,3.750608488917350769e-02
8.600000000000006528e-01,5.555030034535549666e-01,-2.479282744422706131e-02,-8.481499217398951185e-01,0.000000000000000000e+00,-9.865400204883580937e-01,inf,0.000000000000000000e+00,-3.499999940395355225e-01,-3.499999940395355225e-01,-3.499999940395355225e-01,-3.499999940395355225e-01,-3.499999940395355225e-01,1.761462241411209106e-01
8.800000000000006706e-01,5.556130971201294066e-01,-2.942807492722337992e-02,-8.422462809040028864e-01,0.000000000000000000e+00,-9.415255581879530267e-01,inf,0.000000000000000000e+00,-3.499999940395355225e-01,-2.402048259973526001e-01,-1.820723153650760651e-02,-2.699968218803405762e-01,-2.041412889957427979e-01,7.038278877735137939e-02
9.000000000000006883e-01,5.559348835055601956e-01,-3.354423823686009110e-02,-8.369293270133240092e-01,0.000000000000000000e+00,-9.270510200077644036e-01,inf,0.000000000000000000e+00,-3.499999940395355225e-01,-3.499999940395355225e-01,-3.499999940395355225e-01,-3.499999940395355225e-01,-3.499999940395355225e-01,2.023063302040100098e-01
9.200000000000007061e-01,5.570497895274693079e-01,-3.865668802618221767e-02,-8.153755158045874474e-01,0.000000000000000000e+00,-8.560409654733910356e-01,inf,0.000000000000000000e+00,-3.357219994068145752e-01,-2.177191078662872314e-01,-4.449208080768585205e-02,-2.456024140119552612e-01,-1.860809475183486938e-01,6.630599498748779297e-02
9.400000000000007239e-01,5.590471535366468014e-01,-4.396356972285742071e-02,-7.834298099985096409e-01,0.000000000000000000e+00,-8.184852484164074626e-01,inf,0.000000000000000000e+00,-3.499999940395355225e-01,-3.499999940395355225e-01,-3.499999940395355225e-01,-3.499999940395355225e-01,-3.499999940395355225e-01,2.042827755212783813e-01
9.600000000000007416e-01,5.602205578984741363e-01,-4.757204553967725458e-02,-7.684443692315783281e-01,0.000000000000000000e+00,-7.865451453892936540e-01,inf,0.000000000000000000e+00,-3.499999940395355225e-01,-3.499999940395355225e-01,-2.804246246814727783e-01,-3.499999940395355225e-01,-3.499999940395355225e-01,1.274855434894561768e-01
9.800000000000007594e-01,5.621410989655872825e-01,-5.087348842671279847e-02,-7.535220280180079389e-01,0.000000000000000000e+00,-7.527858463828183133e-01,inf,0.000000000000000000e+00,-3.499999940395355225e-01,-3.499999940395355225e-01,-3.185343742370605469e-01,-3.499999940395355225e-01,-3.499999940395355225e-01,1.536437869071960449e-01
1.000000000000000666e+00,5.651934174773047825e-01,-5.420500182324594629e-02,-7.333605304838354266e-01,0.000000000000000000e+00,-7.136619891695222817e-01,inf,0.000000000000000000e+00,-3.499999940395355225e-01,-3.499999940395355225e-01,-3.499999940395355225e-01,-3.499999940395355225e-01,-3.499999940395355225e-01,1.834485828876495361e-01
1.019999999999998463e+00,5.693972094758282809e-01,-5.750966636883148020e-02,-7.041233608035839531e-01,0.000000000000000000e+00,-5.961339216381742467e-01,inf,0.000000000000000000e+00,-3.499999940395355225e-01,-3.499999940395355225e-01,-3.499999940395355225e-01,-3.499999940395355225e-01,-3.499999940395355225e-01,2.047468572854995728e-01
1.039999999999996261e+00,5.744583764823262273e-01,-6.042644803798757902e-02,-6.652716580163368087e-01,0.000000000000000000e+00,-5.782436273873294841e-01,inf,0.000000000000000000e+00,-3.499999940395355225e-01,-3.499999940395355225e-01,-3.499999940395355225e-01,-3.499999940395355225e-01,-3.499999940395355225e-01,2.180272340774536133e-01
1.059999999999994058e+00,5.798590256311794144e-01,-6.252663562607380099e-02,-6.217248657409835122e-01,0.000000000000000000e+00,-4.678484734719196569e-01,inf,0.000000000000000000e+00,-3.499999940395355225e-01,-3.499999940395355225e-01,-3.499999940395355225e-01,-3.499999940395355225e-01,-3.499999940395355225e-01,2.235410660505294800e-01
1.079999999999991855e+00,5.852444594167582892e-01,-6.358420722111662871e-02,-5.804874401248130145e-01,0.000000000000000000e+00,-4.650453489357165848e-01,inf,0.000000000000000000e+00,-3.499999940395355225e-01,-3.499999940395355225e-01,-3.499999940395355225e-01,-3.499999940395355225e-01,-3.499999940395355225e-01,2.264395803213119507e-01
1.099999999999989653e+00,5.905031003342957607e-01,-6.356340540210320134e-02,-5.470855737312203537e-01,0.000000000000000000e+00,-3.771872690031430886e-01,inf,0.000000000000000000e+00,-3.499999940395355225e-01,-3.499999940395355225e-01,-3.499999940395355225e-01,-3.499999940395355225e-01,-3.499999940395355225e-01,2.282457947731018066e-01
1.119999999999987450e+00,5.956436720795005302e-01,-6.253170499845706054e-02,-5.240614471080351500e-01,0.000000000000000000e+00,-3.998840317636734309e-01,inf,0.000000000000000000e+00,-3.499999940395355225e-01,-3.499999940395355225e-01,-3.499999940395355225e-01,-3.499999940395355225e-01,-3.499999940395355225e-01,2.285369038581848145e-01
1.139999999999985247e+00,6.006719986772264264e-01,-6.062805091022804849e-02,-5.114463759431776557e-01,0.000000000000000000e+00,-3.364604612713854581e-01,inf,0.000000000000000000e+00,-3.499999940395355225e-01,-3.499999940395355225e-01,-3.499999940395355225e-01,-3.499999940395355225e-01,-3.499999940395355225e-01,2.266513258218765259e-01
1.159999999999983045e+00,6.055470216995318955e-01,-5.802199165774352130e-02,-5.080726817824122721e-01,0.000000000000000000e+00,-3.804856681859836165e-01,inf,0.000000000000000000e+00,-3.499999940395355225e-01,-3.499999940395355225e-01,-3.499999940395355225e-01,-3.499999940395355225e-01,-3.499999940395355225e-01,2.226349115371704102e-01
1.179999999999980842e+00,6.102053955955397679e-01,-5.487259022351098636e-02,-5.127503855860729987e-01,0.000000000000000000e+00,-3.354890530501872803e-01,inf,0.000000000000000000e+00,-3.499999940395355225e-01,-3.499999940395355225e-01,-3.499999940395355225e-01,-3.499999940395355225e-01,-3.499999940395355225e-01,2.172719687223434448e-01
1.199999999999978639e+00,6.146002343915081267e-01,-5.129983719941760834e-02,-5.248888370988935570e-01,0.000000000000000000e+00,-3.938282833741154620e-01,inf,0.000000000000000000e+00,-3.499999940395355225e-01,-3.499999940395355225e-01,-3.499999940395355225e-01,-3.499999940395355225e-01,-3.499999940395355225e-01,2.110454440116882324e-01
1.219999999999976437e+00,6.187078329485615757e-01,-4.738375209808282085e-02,-5.445516158619252423e-01,0.000000000000000000e+00,-3.638289296690880303e-01,inf,0.000000000000000000e+00,-3.499999940395355225e-01,-3.499999940395355225e-01,-3.499999940395355225e-01,-3.499999940395355225e-01,-3.499999940395355225e-01,2.035053670406341553e-01
1.239999999999974234e+00,6.225179503091223809e-01,-4.321002490001379925e-02,-5.710044806228060654e-01,0.000000000000000000e+00,-4.136027213380190637e-01,inf,0.000000000000000000e+00,-3.499999940395355225e-01,-3.499999940395355225e-01,-3.359211385250091553e-01,-3.499999940395355225e-01,-3.499999940395355225e-01,1.942252367734909058e-01
1.259999999999972031e+00,6.260377242311565560e-01,-3.893775658254838845e-02,-6.002544146060591057e-01,0.000000000000000000e+00,-3.779368262237328135e-01,inf,0.000000000000000000e+00,-3.499999940395355225e-01,-3.499999940395355225e-01,-2.853507995605468750e-01,-3.499999940395355225e-01,-3.499999940395355225e-01,1.896644085645675659e-01
1.279999999999969829e+00,6.292445348460572463e-01,-3.448017410913206682e-02,-6.360835235968053114e-01,0.000000000000000000e+00,-4.583402397365534120e-01,inf,0.000000000000000000e+00,-3.499999940395355225e-01,-3.499999940395355225e-01,-3.254945874214172363e-01,-3.499999940395355225e-01,-3.499999940395355225e-01,1.958130002021789551e-01
1.299999999999967626e+00,6.321789689400018064e-01,-3.008492080127617152e-02,-6.705298615918120486e-01,0.000000000000000000e+00,-4.356766464935784566e-01,inf,0.000000000000000000e+00,-3.499999940395355225e-01,-3.499999940395355225e-01,-1.511132121086120605e-01,-3.499999940395355225e-01,-2.903848886489868164e-01,1.553132236003875732e-01
1.319999999999965423e+00,6.347483490721115285e-01,-2.556862757177047474e-02,-7.112766846796109155e-01,0.000000000000000000e+00,-4.442013736357842135e-01,inf,0.000000000000000000e+00,-3.499999940395355225e-01,-3.499999940395355225e-01,-3.499999940395355225e-01,-3.499999940395355225e-01,-3.499999940395355225e-01,2.126874029636383057e-01
1.339999999999963221e+00,6.370157472589358383e-01,-2.116521109844182735e-02,-7.508401168132170511e-01,0.000000000000000000e+00,-3.781253431200284343e-01,inf,0.000000000000000000e+00,-3.499999940395355225e-01,-3.499999940395355225e-01,-2.946255495771765709e-03,-2.781799733638763428e-01,-1.836163103580474854e-01,1.067911759018898010e-01
1.359999999999961018e+00,6.389306405536319122e-01,-1.685035251371419518e-02,-7.941263431549888674e-01,0.000000000000000000e+00,-4.543759364748047869e-01,inf,0.000000000000000000e+00,-3.499999940395355225e-01,-3.499999940395355225e-01,-3.467393815517425537e-01,-3.499999940395355225e-01,-3.499999940395355225e-01,2.264339029788970947e-01
1.379999999999958815e+00,6.407943942608861354e-01,-1.352137139802184196e-02,-8.255934386612370224e-01,0.000000000000000000e+00,-3.968055916933014293e-01,inf,0.000000000000000000e+00,-3.310834169387817383e-01,-2.903791368007659912e-01,6.899712234735488892e-02,-1.827257722616195679e-01,-1.033623889088630676e-01,6.908679753541946411e-02
1.399999999999956612e+00,6.424415404314181011e-01,-1.039742154750411540e-02,-8.600283798421680670e-01,0.000000000000000000e+00,-4.342100776413544416e-01,inf,0.000000000000000000e+00,-3.499999940395355225e-01,-3.499999940395355225e-01,-3.499999940395355225e-01,-3.499999940395355225e-01,-3.499999940395355225e-01,2.505880296230316162e-01
1.419999999999954410e+00,6.440890325121225723e-01,-8.053279841115090765e-03,-8.898106092817400503e-01,0.000000000000000000e+00,-3.476793029582764816e-01,inf,0.000000000000000000e+00,-3.071703314781188965e-01,-2.567356228828430176e-01,8.554451167583465576e-02,-1.532699614763259888e-01,-7.824924588203430176e-02,4.347790777683258057e-02
1.439999999999952207e+00,6.454348098354040220e-01,-5.591259742948440081e-03,-9.278842484866620666e-01,0.000000000000000000e+00,-4.311963098749488910e-01,inf,0.000000000000000000e+00,-3.499999940395355225e-01,-3.499999940395355225e-01,-3.499999940395355225e-01,-3.499999940395355225e-01,-3.499999940395355225e-01,2.449828088283538818e-01
1.459999999999950004e+00,6.470744000783432703e-01,-4.902925497412446987e-03,-9.480079569628541147e-01,0.000000000000000000e+00,-3.435416003422601117e-01,inf,0.000000000000000000e+00,-2.358170002698898315e-01,-1.823024302721023560e-01,1.753286123275756836e-01,-1.026333868503570557e-01,-3.353013470768928528e-02,2.514477260410785675e-02
1.479999999999947802e+00,6.484418140593957158e-01,-4.172420527195130902e-03,-9.714257379242906554e-01,0.000000000000000000e+00,-4.134554099172819130e-01,inf,0.000000000000000000e+00,-3.499999940395355225e-01,-3.499999940395355225e-01,-3.499999940395355225e-01,-3.499999940395355225e-01,-3.499999940395355225e-01,2.374930828809738159e-01
1.499999999999945599e+00,6.494604385420967851e-01,-3.000495632132726964e-03,-1.009418642287538859e+00,0.000000000000000000e+00,-3.572804385179230713e-01,inf,0.000000000000000000e+00,-2.643709182739257812e-01,-1.988545209169387817e-01,1.689714342355728149e-01,-1.259171068668365479e-01,-5.430252104997634888e-02,2.772130444645881653e-02
1.519999999999943396e+00,6.498656764629814342e-01,-1.366677983127950746e-03,-1.063625348856506614e+00,0.000000000000000000e+00,-4.638686493298317948e-01,inf,0.000000000000000000e+00,-3.499999940395355225e-01,-3.499999940395355225e-01,-1.849429011344909668e-01,-3.499999940395355225e-01,-3.499999940395355225e-01,1.791955083608627319e-01
1.539999999999941194e+00,6.508666723489443529e-01,-1.950254539715312596e-03,-1.094178233505745945e+00,0.000000000000000000e+00,-3.778398384514378705e-01,inf,0.000000000000000000e+00,-5.792135372757911682e-02,-1.768031343817710876e-02,3.499999940395355225e-01,-7.384409196674823761e-03,5.918522924184799194e-02,8.679932914674282074e-03
1.559999999999938991e+00,6.517169271646147122e-01,-3.130405183940032643e-03,-1.115327854205070857e+00,0.000000000000000000e+00,-4.290612805217432491e-01,inf,0.000000000000000000e+00,-3.499999940395355225e-01,-3.499999940395355225e-01,-3.499999940395355225e-01,-3.499999940395355225e-01,-3.499999940395355225e-01,2.187898904085159302e-01
1.579999999999936788e+00,6.523450846647341761e-01,-5.375537142876585239e-03,-1.135024479835695210e+00,0.000000000000000000e+00,-3.285068626345464815e-01,inf,0.000000000000000000e+00,-2.030972093343734741e-01,-1.338428109884262085e-01,2.482253015041351318e-01,-1.020025238394737244e-01,-3.727044537663459778e-02,1.360853947699069977e-02
1.599999999999934586e+00,6.523324253970490538e-01,-7.689133524901470285e-03,-1.164136121458775763e+00,0.000000000000000000e+00,-4.063927268209583388e-01,inf,0.000000000000000000e+00,-3.499999940395355225e-01,-3.499999940395355225e-01,-3.336793780326843262e-01,-3.499999940395355225e-01,-3.499999940395355225e-01,1.502241045236587524e-01
1.619999999999932383e+00,6.527622025336015099e-01,-1.127559838194025499e-02,-1.181752961230603471e+00,0.000000000000000000e+00,-3.174707516454985945e-01,inf,0.000000000000000000e+00,-2.216981351375579834e-02,8.887868374586105347e-03,3.499999940395355225e-01,8.286384865641593933e-03,6.402265280485153198e-02,1.411703880876302719e-02
1.639999999999930180e+00,6.530528748022593755e-01,-1.466362393712444812e-02,-1.196571094494425891e+00,0.000000000000000000e+00,-3.822391475072178246e-01,inf,0.000000000000000000e+00,-3.499999940395355225e-01,-3.499999940395355225e-01,-3.499999940395355225e-01,-3.499999940395355225e-01,-3.499999940395355225e-01,2.013278454542160034e-01
1.659999999999927978e+00,6.528873896047977521e-01,-1.877646451945158557e-02,-1.210179502641383298e+00,0.000000000000000000e+00,-3.100501692276532717e-01,inf,0.000000000000000000e+00,-1.342083662748336792e-01,-7.559457421302795410e-02,2.972145974636077881e-01,-6.962832063436508179e-02,-6.639720872044563293e-03,2.530366554856300354e-02
1.679999999999925775e+00,6.521323035873318741e-01,-2.293417640182959794e-02,-1.227155771313880095e+00,0.000000000000000000e+00,-3.859405221506805872e-01,inf,0.000000000000000000e+00,-3.499999940395355225e-01,-3.499999940395355225e-01,-3.499999940395355225e-01,-3.499999940395355225e-01,-3.499999940395355225e-01,1.677431762218475342e-01
1.699999999999923572e+00,6.515068907673123855e-01,-2.826028194155427720e-02,-1.234670671086874894e+00,0.000000000000000000e+00,-3.179193865306650935e-01,inf,0.000000000000000000e+00,-7.261920720338821411e-02,-2.642218023538589478e-02,3.082232773303985596e-01,-2.957128174602985382e-02,2.583308145403862000e-02,2.354925498366355896e-02
1.719999999999921370e+00,6.509972377348830497e-01,-3.373163955638264211e-02,-1.236172614389566160e+00,0.000000000000000000e+00,-3.721245227818275048e-01,inf,0.000000000000000000e+00,-3.499999940395355225e-01,-3.499999940395355225e-01,-3.499999940395355225e-01,-3.499999940395355225e-01,-3.499999940395355225e-01,1.815713346004486084e-01
1.739999999999919167e+00,6.488469168971907619e-01,-3.937861922025059913e-02,-1.244490064836720089e+00,0.000000000000000000e+00,-3.302750069935130872e-01,inf,0.000000000000000000e+00,-2.590565979480743408e-01,-1.584064364433288574e-01,1.739245951175689697e-01,-1.687403619289398193e-01,-9.455510973930358887e-02,5.006179586052894592e-02
1.759999999999916964e+00,6.452811128407860419e-01,-4.488497915041500530e-02,-1.259318025643004990e+00,0.000000000000000000e+00,-3.985254812863455176e-01,inf,0.000000000000000000e+00,-3.499999940395355225e-01,-3.499999940395355225e-01,-2.423391789197921753e-01,-3.499999940395355225e-01,-3.499999940395355225e-01,1.371105760335922241e-01
1.779999999999914762e+00,6.422351904454309812e-01,-5.189224448613544149e-02,-1.258996086982091978e+00,0.000000000000000000e+00,-3.411786127279095582e-01,inf,0.000000000000000000e+00,-1.432465761899948120e-01,-6.664919853210449219e-02,2.551038265228271484e-01,-9.689883142709732056e-02,-2.523914352059364319e-02,3.616395220160484314e-02
1.799999999999912559e+00,6.401719029797119376e-01,-5.872825894231531452e-02,-1.249936703802202453e+00,0.000000000000000000e+00,-3.886366815416208431e-01,inf,0.000000000000000000e+00,-3.499999940395355225e-01,-3.499999940395355225e-01,-3.499999940395355225e-01,-3.499999940395355225e-01,-3.499999940395355225e-01,1.737348437309265137e-01
1.819999999999910356e+00,6.375919284801903064e-01,-6.400180756576223651e-02,-1.254926581350531034e+00,0.000000000000000000e+00,-3.627780859319129636e-01,inf,0.000000000000000000e+00,-3.499999940395355225e-01,-2.563280463218688965e-01,6.413083523511886597e-02,-2.826956510543823242e-01,-2.010213136672973633e-01,5.986561998724937439e-02
1.839999999999908153e+00,6.346703561545150585e-01,-6.877600700474312267e-02,-1.261295022871582461e+00,0.000000000000000000e+00,-4.227940472810639005e-01,inf,0.000000000000000000e+00,-3.499999940395355225e-01,-3.499999940395355225e-01,-3.269303441047668457e-01,-3.499999940395355225e-01,-3.499999940395355225e-01,1.781474500894546509e-01
1.859999999999905951e+00,6.322252171926691089e-01,-7.555612487361290652e-02,-1.242158771274164630e+00,0.000000000000000000e+00,-3.660239626551696768e-01,inf,0.000000000000000000e+00,-2.669710814952850342e-01,-1.647457778453826904e-01,3.763989731669425964e-02,-1.852633208036422729e-01,-1.333574950695037842e-01,6.348467618227005005e-02
1.879999999999903748e+00,6.310429909292379902e-01,-8.292894063481220934e-02,-1.207880881303847742e+00,0.000000000000000000e+00,-3.673854098098621734e-01,inf,0.000000000000000000e+00,-3.499999940395355225e-01,-3.499999940395355225e-01,-3.499999940395355225e-01,-3.499999940395355225e-01,-3.499999940395355225e-01,1.774599254131317139e-01
1.899999999999901545e+00,6.294478806774340685e-01,-8.739465807219953808e-02,-1.197882947756038652e+00,0.000000000000000000e+00,-3.564372560353394892e-01,inf,0.000000000000000000e+00,-3.499999940395355225e-01,-3.499999940395355225e-01,-2.368603795766830444e-01,-3.499999940395355225e-01,-3.499999940395355225e-01,1.225692182779312134e-01
1.919999999999899343e+00,6.290939468502326770e-01,-9.191975223325271616e-02,-1.186716655647347185e+00,0.000000000000000000e+00,-3.850859365733925177e-01,inf,0.000000000000000000e+00,-3.499999940395355225e-01,-3.499999940395355225e-01,-1.525943577289581299e-01,-3.499999940395355225e-01,-3.343403339385986328e-01,1.301677823066711426e-01
1.939999999999897140e+00,6.297427479785151494e-01,-9.675177643433124919e-02,-1.170282476013861039e+00,0.000000000000000000e+00,-3.863657146551008892e-01,inf,0.000000000000000000e+00,-3.499999940395355225e-01,-3.499999940395355225e-01,-3.499999940395355225e-01,-3.499999940395355225e-01,-3.499999940395355225e-01,1.938454359769821167e-01
1.959999999999894937e+00,6.308466273821538017e-01,-1.015929802659620296e-01,-1.149490215646731484e+00,0.000000000000000000e+00,-3.748421508464999108e-01,inf,0.000000000000000000e+00,-3.499999940395355225e-01,-3.499999940395355225e-01,-3.499999940395355225e-01,-3.499999940395355225e-01,-3.499999940395355225e-01,1.709659844636917114e-01
1.979999999999892735e+00,6.328230805695042038e-01,-1.069992233009171567e-01,-1.117493711186125172e+00,0.000000000000000000e+00,-3.540407711077980801e-01,inf,0.000000000000000000e+00,-3.499999940395355225e-01,-3.499999940395355225e-01,-3.499999940395355225e-01,-3.499999940395355225e-01,-3.499999940395355225e-01,1.893056333065032959e-01
1.999999999999890532e+00,6.358741442930906373e-01,-1.127940782857255742e-01,-1.074121848902292120e+00,0.000000000000000000e+00,-3.303966999715101105e-01,inf,0.000000000000000000e+00,-3.499999940395355225e-01,-3.499999940395355225e-01,-3.499999940395355225e-01,-3.499999940395355225e-01,-3.499999940395355225e-01,2.089252322912216187e-01
2.019999999999888551e+00,6.398708987997046016e-01,-1.183666710303772351e-01,-1.024222492704099707e+00,-2.232308954718673910e-01,-3.139742537734438454e-01,inf,1.000000000000000000e+00,-3.499999940395355225e-01,-3.499999940395355225e-01,-3.499999940395355225e-01,-3.499999940395355225e-01,-3.499999940395355225e-01,2.197873443365097046e-01
2.039999999999886349e+00,6.445374856107251027e-01,-1.231271895178259190e-01,-9.744736114257793735e-01,-2.296437606802060605e-01,-3.086301994331616116e-01,inf,1.000000000000000000e+00,-3.499999940395355225e-01,-3.499999940395355225e-01,-3.499999940395355225e-01,-3.499999940395355225e-01,-3.499999940395355225e-01,2.333110868930816650e-01
2.059999999999884146e+00,6.496474218859950023e-01,-1.267920264495429883e-01,-9.302630235482179932e-01,-2.257490710773056852e-01,-3.118757741022452623e-01,inf,1.000000000000000000e+00,-3.499999940395355225e-01,-3.499999940395355225e-01,-3.499999940395355225e-01,-3.499999940395355225e-01,-3.499999940395355225e-01,2.351973950862884521e-01
2.079999999999881943e+00,6.550406845798604216e-01,-1.293706614885315465e-01,-8.943855639288160742e-01,-2.178516228269571364e-01,-3.184569809775357196e-01,inf,1.000000000000000000e+00,-3.499999940395355225e-01,-3.499999940395355225e-01,-3.499999940395355225e-01,-3.499999940395355225e-01,-3.499999940395355225e-01,2.385877817869186401e-01
2.099999999999879741e+00,6.606150001738827493e-01,-1.309860918247992834e-01,-8.672908284528451084e-01,-2.112705171446081220e-01,-3.239412357128265696e-01,inf,1.000000000000000000e+00,-3.499999940395355225e-01,-3.499999940395355225e-01,-3.499999940395355225e-01,-3.499999940395355225e-01,-3.499999940395355225e-01,2.407695949077606201e-01
2.119999999999877538e+00,6.662924845199411639e-01,-1.317804470755829516e-01,-8.482755925049803025e-01,-2.083671288860863557e-01,-3.263607259282613748e-01,inf,1.000000000000000000e+00,-3.499999940395355225e-01,-3.499999940395355225e-01,-3.499999940395355225e-01,-3.499999940395355225e-01,-3.499999940395355225e-01,2.415717840194702148e-01
2.139999999999875335e+00,6.720080731685340591e-01,-1.318669135452455454e-01,-8.365935200190819376e-01,-2.088119866515804890e-01,-3.259900111236829212e-01,inf,1.000000000000000000e+00,-3.499999940395355225e-01,-3.499999940395355225e-01,-3.499999940395355225e-01,-3.499999940395355225e-01,-3.499999940395355225e-01,2.411452233791351318e-01
2.159999999999873133e+00,6.777100769535804314e-01,-1.313237183522876217e-01,-8.320368555671424637e-01,-2.108740475329090591e-01,-3.242716270559091174e-01,inf,1.000000000000000000e+00,-3.499999940395355225e-01,-3.499999940395355225e-01,-3.499999940395355225e-01,-3.499999940395355225e-01,-3.499999940395355225e-01,2.394670993089675903e-01
2.179999999999870930e+00,6.833537988810052255e-01,-1.302061018275795234e-01,-8.349653116627303584e-01,-2.127560668935997157e-01,-3.227032775886669036e-01,inf,1.000000000000000000e+00,-3.499999940395355225e-01,-3.499999940395355225e-01,-3.499999940395355225e-01,-3.499999940395355225e-01,-3.499999940395355225e-01,2.365259975194931030e-01
2.199999999999868727e+00,6.889002000797537217e-01,-1.285570219641126166e-01,-8.460013812814618506e-01,-2.134291496858888859e-01,-3.221423752617592617e-01,inf,1.000000000000000000e+00,-3.499999940395355225e-01,-3.499999940395355225e-01,-3.499999940395355225e-01,-3.499999940395355225e-01,-3.499999940395355225e-01,2.321138381958007812e-01
2.219999999999866525e+00,6.943095555000570185e-01,-1.264267412703578286e-01,-8.656645079674368803e-01,-2.128037741149765572e-01,-3.226635215708528737e-01,inf,1.000000000000000000e+00,-3.499999940395355225e-01,-3.499999940395355225e-01,-3.499999940395355225e-01,-3.499999940395355225e-01,-3.499999940395355225e-01,2.259564250707626343e-01
2.239999999999864322e+00,6.995344574540978133e-01,-1.238774405894968178e-01,-8.941468737993000238e-01,-2.089312669118581212e-01,-3.258906109067848944e-01,inf,1.000000000000000000e+00,-3.499999940395355225e-01,-3.499999940395355225e-01,-3.499999940395355225e-01,-3.499999940395355225e-01,-3.499999940395355225e-01,2.182365804910659790e-01
2.259999999999862119e+00,7.045210001553843249e-01,-1.209870845130286143e-01,-9.311654246124436707e-01,-1.954720852040744694e-01,-3.371065956632712801e-01,inf,1.000000000000000000e+00,-3.499999940395355225e-01,-3.499999940395355225e-01,-3.487685322761535645e-01,-3.499999940395355225e-01,-3.499999940395355225e-01,2.093382179737091064e-01
2.279999999999859916e+00,7.092012897661258419e-01,-1.180326563344652191e-01,-9.696375038903554122e-01,-2.015602512180192929e-01,-3.320331239849839133e-01,inf,1.000000000000000000e+00,-3.499999940395355225e-01,-3.499999940395355225e-01,-2.678121030330657959e-01,-3.499999940395355225e-01,-3.499999940395355225e-01,1.997675001621246338e-01
2.299999999999857714e+00,7.135500364689151276e-01,-1.148823018626688175e-01,-1.014356838810780426e+00,-1.723529769369352982e-01,-3.563725192192205848e-01,inf,1.000000000000000000e+00,-3.499999940395355225e-01,-3.499999940395355225e-01,-3.499999940395355225e-01,-3.499999940395355225e-01,-3.499999940395355225e-01,2.186769247055053711e-01
2.319999999999855511e+00,7.175555659183734392e-01,-1.118175710715710036e-01,-1.058686807837656341e+00,-1.906576820480054280e-01,-3.411185982933288008e-01,inf,1.000000000000000000e+00,-3.499999940395355225e-01,-3.499999940395355225e-01,-1.431452184915542603e-01,-3.499999940395355225e-01,-3.179521560668945312e-01,1.607384979724884033e-01
2.339999999999853308e+00,7.211589545949076419e-01,-1.087002360468428408e-01,-1.107382772700231888e+00,-1.534274217155993103e-01,-3.721438152370005747e-01,inf,1.000000000000000000e+00,-3.499999940395355225e-01,-3.499999940395355225e-01,-3.499999940395355225e-01,-3.499999940395355225e-01,-3.499999940395355225e-01,2.292433977127075195e-01
2.359999999999851106e+00,7.243919258270788974e-01,-1.057142340800662217e-01,-1.156783543285616389e+00,-1.736218282719983186e-01,-3.553151431066680632e-01,inf,1.000000000000000000e+00,-3.499999940395355225e-01,-3.499999940395355225e-01,-4.688806831836700439e-02,-3.499999940395355225e-01,-2.481617182493209839e-01,1.288013309240341187e-01
2.379999999999848903e+00,7.272124007821478830e-01,-1.028371285451286921e-01,-1.209310095349791725e+00,-1.091183199735845238e-01,-4.090680666886795658e-01,inf,1.000000000000000000e+00,-3.499999940395355225e-01,-3.499999940395355225e-01,-3.359781503677368164e-01,-3.499999940395355225e-01,-3.499999940395355225e-01,2.276022285223007202e-01
2.399999999999846700e+00,7.297054236358463397e-01,-1.002567638395580885e-01,-1.260045594251283818e+00,-1.305370678534127360e-01,-3.912191101221560441e-01,inf,1.000000000000000000e+00,-3.499999940395355225e-01,-3.499999940395355225e-01,1.880117692053318024e-02,-3.114688098430633545e-01,-1.909045428037643433e-01,1.054205819964408875e-01
2.419999999999844498e+00,7.317964930182520034e-01,-9.795088463568435433e-02,-1.312474220749035858e+00,-6.249245961741185101e-02,-4.479229503188234540e-01,inf,1.000000000000000000e+00,-3.499999940395355225e-01,-3.499999940395355225e-01,-3.432451188564300537e-01,-3.499999940395355225e-01,-3.499999940395355225e-01,2.328259795904159546e-01
2.439999999999842295e+00,7.335696167826011305e-01,-9.602516456757087537e-02,-1.363862655892318143e+00,-9.213694235570221713e-02,-4.232192147035814811e-01,inf,1.000000000000000000e+00,-3.499999940395355225e-01,-3.499999940395355225e-01,4.122059419751167297e-02,-2.483224570751190186e-01,-1.439416557550430298e-01,7.620198279619216919e-02
2.459999999999840092e+00,7.348619791174544336e-01,-9.440381289265742382e-02,-1.418268919243891757e+00,-8.953404505964490667e-03,-5.074611704216370756e-01,inf,1.000000000000000000e+00,-3.499999940395355225e-01,-3.499999940395355225e-01,-2.548272907733917236e-01,-3.499999940395355225e-01,-3.499999940395355225e-01,2.273084968328475952e-01
2.479999999999837890e+00,7.361496309735472421e-01,-9.401467808305097318e-02,-1.460624243615667561e+00,-3.678397439585596312e-02,-4.693466880034533606e-01,inf,1.000000000000000000e+00,-3.499999940395355225e-01,-2.849350869655609131e-01,1.388546377420425415e-01,-2.110539972782135010e-01,-1.095876395702362061e-01,5.478471517562866211e-02
2.499999999999835687e+00,7.370534375352637557e-01,-9.412908226134325540e-02,-1.500568037457494786e+00,-7.406891687546490743e-03,-5.061724097396220756e-01,inf,1.000000000000000000e+00,-3.499999940395355225e-01,-3.499999940395355225e-01,-3.499999940395355225e-01,-3.499999940395355225e-01,-3.499999940395355225e-01,2.437751293182373047e-01
2.519999999999833484e+00,7.370093820784269223e-01,-9.416790433865174226e-02,-1.553208521859035907e+00,-3.503263123988631378e-02,-4.708061406334280719e-01,inf,1.000000000000000000e+00,-3.499999940395355225e-01,-3.211453855037689209e-01,9.374716877937316895e-02,-2.461525350809097290e-01,-1.508583128452301025e-01,5.024897679686546326e-02
2.539999999999831282e+00,7.360959329370712068e-01,-9.460866324558420137e-02,-1.612434362989233927e+00,-6.810953384816383072e-02,-5.567579448734698566e-01,inf,1.000000000000000000e+00,-3.499999940395355225e-01,-3.499999940395355225e-01,6.561131775379180908e-02,-3.499999940395355225e-01,-2.450516670942306519e-01,1.346285045146942139e-01
2.559999999999829079e+00,7.355998397079124285e-01,-9.836545541366725764e-02,-1.635752113577347622e+00,-1.808715127145028509e-02,-4.849273739404580952e-01,inf,1.000000000000000000e+00,-2.767683863639831543e-01,-1.907465159893035889e-01,2.293798178434371948e-01,-1.583283990621566772e-01,-6.610806286334991455e-02,6.035030633211135864e-02
2.579999999999826876e+00,7.348799425514205286e-01,-1.026216831784923234e-01,-1.646219009123522037e+00,-3.823091929476642864e-02,-5.318590994123053584e-01,inf,1.000000000000000000e+00,-3.499999940395355225e-01,-3.499999940395355225e-01,-3.499999940395355225e-01,-3.499999940395355225e-01,-3.499999940395355225e-01,2.207378596067428589e-01
2.599999999999824674e+00,7.319936135686327949e-01,-1.038832529325664777e-01,-1.703073966965142461e+00,-5.027750757929756037e-02,-5.418979229827479704e-01,inf,1.000000000000000000e+00,-3.499999940395355225e-01,-3.499999940395355225e-01,1.495338138192892075e-02,-3.146041929721832275e-01,-2.293316870927810669e-01,5.641176179051399231e-02
2.619999999999822471e+00,7.293356025851845947e-01,-1.081910084906251013e-01,-1.732356519005721518e+00,-6.501028022387540795e-02,-5.541752335198961710e-01,inf,1.000000000000000000e+00,-1.304369419813156128e-01,-6.971527636051177979e-02,3.411007523536682129e-01,-7.488570362329483032e-02,7.530184928327798843e-03,4.680643603205680847e-02
2.639999999999820268e+00,7.269981172918702494e-01,-1.133105748533157764e-01,-1.744958473108584318e+00,-4.806444258498978467e-02,-5.400537021541581550e-01,inf,1.000000000000000000e+00,-3.499999940395355225e-01,-3.499999940395355225e-01,-3.499999940395355225e-01,-3.499999940395355225e-01,-3.499999940395355225e-01,1.994519680738449097e-01
2.659999999999818066e+00,7.233002701112578592e-01,-1.161327678848367850e-01,-1.786627751654585206e+00,-1.240542736574445914e-01,-6.033785613812038262e-01,inf,1.000000000000000000e+00,-3.499999940395355225e-01,-3.035612702369689941e-01,1.108341068029403687e-01,-2.930661439895629883e-01,-1.929869949817657471e-01,6.392373144626617432e-02
2.679999999999815863e+00,7.192793733459345029e-01,-1.199213701056200954e-01,-1.824076066570318844e+00,-1.008371291746671533e-01,-5.840309409788893014e-01,inf,1.000000000000000000e+00,-3.499999940395355225e-01,-2.768923640251159668e-01,1.013629585504531860e-01,-2.603427171707153320e-01,-1.490409374237060547e-01,1.044455468654632568e-01
2.699999999999813660e+00,7.138192870797559486e-01,-1.235383905014905137e-01,-1.862363628482679223e+00,-1.905537785526927319e-01,-6.587948154605772766e-01,inf,1.000000000000000000e+00,-3.499999940395355225e-01,-3.499999940395355225e-01,-6.878606230020523071e-02,-3.499999940395355225e-01,-2.965128421783447266e-01,1.491055190563201904e-01
2.719999999999811457e+00,7.084029246831634596e-01,-1.299195482069313012e-01,-1.870550357249713525e+00,-1.255894770336862254e-01,-6.046578975280718637e-01,inf,1.000000000000000000e+00,-2.705020308494567871e-01,-1.678391247987747192e-01,2.271328717470169067e-01,-1.749734580516815186e-01,-8.753747493028640747e-02,5.640983209013938904e-02
2.739999999999809255e+00,7.037046005044437225e-01,-1.373182530355940290e-01,-1.859331796573764350e+00,-1.426077420257105266e-01,-6.188397850214254481e-01,inf,1.000000000000000000e+00,-3.499999940395355225e-01,-3.499999940395355225e-01,-3.499999940395355225e-01,-3.499999940395355225e-01,-3.499999940395355225e-01,1.866444945335388184e-01
2.759999999999807052e+00,6.974224814563739772e-01,-1.409350218071381000e-01,-1.874048143966362545e+00,-1.254327508369034450e-01,-6.045272923640861995e-01,inf,1.000000000000000000e+00,-3.499999940395355225e-01,-3.499999940395355225e-01,-1.197663396596908569e-01,-3.499999940395355225e-01,-3.499999940395355225e-01,1.022274941205978394e-01
2.779999999999804849e+00,6.916000519609668551e-01,-1.457582603607932847e-01,-1.879477420671863630e+00,-1.533012633560264792e-01,-6.277510527966887466e-01,inf,1.000000000000000000e+00,-3.499999940395355225e-01,-2.642685174942016602e-01,1.051908135414123535e-01,-2.959338128566741943e-01,-1.902347207069396973e-01,9.416922181844711304e-02
2.799999999999802647e+00,6.864668433373743994e-01,-1.509922700299970444e-01,-1.875963110174642789e+00,-1.404392073087220305e-01,-6.170326727572683634e-01,inf,1.000000000000000000e+00,-3.499999940395355225e-01,-3.499999940395355225e-01,-3.499999940395355225e-01,-3.499999940395355225e-01,-3.499999940395355225e-01,2.014822959899902344e-01
2.819999999999800444e+00,6.808936360410635658e-01,-1.549166481984343147e-01,-1.875125588932576859e+00,-1.397960012018800990e-01,-6.164966676682334112e-01,inf,1.000000000000000000e+00,-3.499999940395355225e-01,-3.499999940395355225e-01,-1.451500356197357178e-01,-3.499999940395355225e-01,-3.394297361373901367e-01,1.149268299341201782e-01
2.839999999999798241e+00,6.754862974230534389e-01,-1.587704545343033569e-01,-1.869026921129030461e+00,-1.124031852010999449e-01,-5.936693210009166277e-01,inf,1.000000000000000000e+00,-3.499999940395355225e-01,-3.499999940395355225e-01,-2.907560169696807861e-01,-3.499999940395355225e-01,-3.499999940395355225e-01,1.751484572887420654e-01
2.859999999999796039e+00,6.707015840027550357e-01,-1.632651670895237106e-01,-1.854292070119218039e+00,-1.458772002604366569e-01,-6.215643335503638900e-01,inf,1.000000000000000000e+00,-3.499999940395355225e-01,-3.499999940395355225e-01,-2.429191321134567261e-01,-3.499999940395355225e-01,-3.499999940395355225e-01,1.475563049316406250e-01
2.879999999999793836e+00,6.668858851130684551e-01,-1.688257086190151635e-01,-1.829797301700005097e+00,-1.355958451102045603e-01,-6.129965375918371429e-01,inf,1.000000000000000000e+00,-3.499999940395355225e-01,-3.499999940395355225e-01,-3.499999940395355225e-01,-3.499999940395355225e-01,-3.499999940395355225e-01,1.859960407018661499e-01
2.899999999999791633e+00,6.639332813961409396e-01,-1.750069721208363238e-01,-1.799146385362236034e+00,-1.003429574472092661e-01,-5.836191312060077241e-01,inf,1.000000000000000000e+00,-3.499999940395355225e-01,-3.499999940395355225e-01,-3.499999940395355225e-01,-3.499999940395355225e-01,-3.499999940395355225e-01,1.754645854234695435e-01
2.919999999999789431e+00,6.619326939756042805e-01,-1.821347954822911674e-01,-1.760479755285794701e+00,-7.087609460619716251e-02,-5.590634121718309757e-01,inf,1.000000000000000000e+00,-3.499999940395355225e-01,-3.499999940395355225e-01,-3.499999940395355225e-01,-3.499999940395355225e-01,-3.499999940395355225e-01,1.950997561216354370e-01
2.939999999999787228e+00,6.608704922544532678e-01,-1.900385093347880250e-01,-1.714316223676142226e+00,-3.215581720177373981e-02,-5.267965143348114498e-01,inf,1.000000000000000000e+00,-3.499999940395355225e-01,-3.499999940395355225e-01,-3.499999940395355225e-01,-3.499999940395355225e-01,-3.499999940395355225e-01,2.139201164245605469e-01
2.959999999999785025e+00,6.606479140471555045e-01,-1.982520078030056698e-01,-1.663241225268735635e+00,-3.020927408476481555e-04,-5.002517439507063735e-01,inf,1.000000000000000000e+00,-3.499999940395355225e-01,-3.499999940395355225e-01,-3.499999940395355225e-01,-3.499999940395355225e-01,-3.499999940395355225e-01,2.212968021631240845e-01
2.979999999999782823e+00,6.611696263154740461e-01,-2.063186546924712650e-01,-1.610760733721011029e+00,-1.638226741172050735e-02,-4.863481104902329100e-01,inf,1.000000000000000000e+00,-3.499999940395355225e-01,-3.499999940395355225e-01,-3.499999940395355225e-01,-3.499999940395355225e-01,-3.499999940395355225e-01,2.253038734197616577e-01
2.999999999999780620e+00,6.623866924972814374e-01,-2.139653054791372799e-01,-1.559975220125698447e+00,-1.814549140183632087e-02,-4.848787571651363981e-01,inf,1.000000000000000000e+00,-3.499999940395355225e-01,-3.499999940395355225e-01,-3.499999940395355225e-01,-3.499999940395355225e-01,-3.499999940395355225e-01,2.306433618068695068e-01
3.019999999999778417e+00,6.642745266959798611e-01,-2.210769128817360041e-01,-1.512829678460136051e+00,-1.101388382822388046e-02,-4.908217634764800996e-01,inf,1.000000000000000000e+00,-3.499999940395355225e-01,-3.499999940395355225e-01,-3.499999940395355225e-01,-3.499999940395355225e-01,-3.499999940395355225e-01,2.356429696083068848e-01
3.039999999999776215e+00,6.667995682711539418e-01,-2.276126739929815179e-01,-1.470236284257669945e+00,-2.002875289051164829e-03,-4.983309372591240294e-01,inf,1.000000000000000000e+00,-3.499999940395355225e-01,-3.499999940395355225e-01,-3.499999940395355225e-01,-3.499999940395355225e-01,-3.499999940395355225e-01,2.391837537288665771e-01
3.059999999999774012e+00,6.699143832555652933e-01,-2.335408079564069705e-01,-1.432585577945048483e+00,-4.238213259860223840e-03,-5.035318443832168533e-01,inf,1.000000000000000000e+00,-3.499999940395355225e-01,-3.499999940395355225e-01,-3.499999940395355225e-01,-3.499999940395355225e-01,-3.499999940395355225e-01,2.416650950908660889e-01
3.079999999999771809e+00,6.735667747032318964e-01,-2.388231678320605345e-01,-1.400218025605038497e+00,-6.469519186369510066e-03,-5.053912659886412584e-01,inf,1.000000000000000000e+00,-3.499999940395355225e-01,-3.499999940395355225e-01,-3.499999940395355225e-01,-3.499999940395355225e-01,-3.499999940395355225e-01,2.433718144893646240e-01
3.099999999999769607e+00,6.777037256506415197e-01,-2.434311484818978966e-01,-1.373693233494769572e+00,-5.927334667987915230e-03,-5.049394455566565965e-01,inf,1.000000000000000000e+00,-3.499999940395355225e-01,-3.499999940395355225e-01,-3.499999940395355225e-01,-3.499999940395355225e-01,-3.499999940395355225e-01,2.443024069070816040e-01
3.119999999999767404e+00,6.822759230830858224e-01,-2.473621942851056410e-01,-1.353780742604697940e+00,-4.639361567733901390e-03,-5.038661346397782514e-01,inf,1.000000000000000000e+00,-3.499999940395355225e-01,-3.499999940395355225e-01,-3.499999940395355225e-01,-3.499999940395355225e-01,-3.499999940395355225e-01,2.445101886987686157e-01
3.139999999999765201e+00,6.872375150458468474e-01,-2.506431488872413738e-01,-1.341275303984154732e+00,-4.124793997351705425e-03,-5.034373283311264213e-01,inf,1.000000000000000000e+00,-3.499999940395355225e-01,-3.499999940395355225e-01,-3.499999940395355225e-01,-3.499999940395355225e-01,-3.499999940395355225e-01,2.439308166503906250e-01
3.159999999999762998e+00,6.925350824667708682e-01,-2.533182124231099785e-01,-1.336829998239048134e+00,-4.914664548790081966e-03,-5.040955537906584016e-01,inf,1.000000000000000000e+00,-3.499999940395355225e-01,-3.499999940395355225e-01,-3.499999940395355225e-01,-3.499999940395355225e-01,-3.499999940395355225e-01,2.423183172941207886e-01
3.179999999999760796e+00,6.980945358336698714e-01,-2.554266925747599171e-01,-1.340877157725673285e+00,-6.713962931465644601e-03,-5.055949691095547038e-01,inf,1.000000000000000000e+00,-3.499999940395355225e-01,-3.499999940395355225e-01,-3.499999940395355225e-01,-3.499999940395355225e-01,-3.499999940395355225e-01,2.394106090068817139e-01
3.199999999999758593e+00,7.038343741244592611e-01,-2.570007521374625958e-01,-1.353603945432003020e+00,-8.857059800645971856e-03,-5.073808831672049768e-01,inf,1.000000000000000000e+00,-3.499999940395355225e-01,-3.499999940395355225e-01,-3.499999940395355225e-01,-3.499999940395355225e-01,-3.499999940395355225e-01,2.350851744413375854e-01
3.219999999999756390e+00,7.096694127465317248e-01,-2.580783493119426231e-01,-1.374981628432876413e+00,-1.075474284447284178e-02,-5.089622857037273684e-01,inf,1.000000000000000000e+00,-3.499999940395355225e-01,-3.499999940395355225e-01,-3.499999940395355225e-01,-3.499999940395355225e-01,-3.499999940395355225e-01,2.294466942548751831e-01
3.239999999999754188e+00,7.155153231175491735e-01,-2.587005324914471993e-01,-1.404835336139168778e+00,-1.213400924803655946e-02,-5.101116743733637993e-01,inf,1.000000000000000000e+00,-3.499999940395355225e-01,-3.499999940395355225e-01,-3.499999940395355225e-01,-3.499999940395355225e-01,-3.499999940395355225e-01,2.226998358964920044e-01
3.259999999999751985e+00,7.212906376272399944e-01,-2.589101529268414970e-01,-1.442894305920825904e+00,-1.325768479379232402e-02,-5.110480706614936031e-01,inf,1.000000000000000000e+00,-3.499999940395355225e-01,-3.499999940395355225e-01,-3.499999940395355225e-01,-3.499999940395355225e-01,-3.499999940395355225e-01,2.148760110139846802e-01
3.279999999999749782e+00,7.268386098843351295e-01,-2.588665886296504515e-01,-1.484054566237452244e+00,-1.817951644202766420e-02,-5.151495970350230547e-01,inf,1.000000000000000000e+00,-3.499999940395355225e-01,-3.499999940395355225e-01,-2.916372716426849365e-01,-3.499999940395355225e-01,-3.499999940395355225e-01,2.058184891939163208e-01
3.299999999999747580e+00,7.321641660127989892e-01,-2.584978928366077344e-01,-1.531121874744921341e+00,-1.899944987485633133e-02,-5.158328748957136112e-01,inf,1.000000000000000000e+00,-3.499999940395355225e-01,-3.499999940395355225e-01,-3.438920974731445312e-01,-3.499999940395355225e-01,-3.499999940395355225e-01,2.175645381212234497e-01
3.319999999999745377e+00,7.371038411768017218e-01,-2.580667487094754353e-01,-1.577058085087560624e+00,-2.289938943110110189e-02,-5.190828245259175855e-01,inf,1.000000000000000000e+00,-3.499999940395355225e-01,-3.499999940395355225e-01,-1.775564849376678467e-01,-3.499999940395355225e-01,-3.499999940395355225e-01,1.774851977825164795e-01
3.339999999999743174e+00,7.417126612430613442e-01,-2.573554897648669959e-01,-1.628519311070998343e+00,-2.562199281209784699e-02,-5.213516606767482076e-01,inf,1.000000000000000000e+00,-3.499999940395355225e-01,-3.499999940395355225e-01,-3.499999940395355225e-01,-3.499999940395355225e-01,-3.499999940395355225e-01,2.257275283336639404e-01
3.359999999999740972e+00,7.459216766280472033e-01,-2.565723189782892488e-01,-1.680168257674203414e+00,-2.826340410992709065e-02,-5.235528367582725773e-01,inf,1.000000000000000000e+00,-3.499999940395355225e-01,-3.499999940395355225e-01,-5.602296069264411926e-02,-3.499999940395355225e-01,-2.712501883506774902e-01,1.412116438150405884e-01
3.379999999999738769e+00,7.497044617642349973e-01,-2.556650532845101131e-01,-1.734308703166136389e+00,-2.953261507095312696e-02,-5.246105125591276064e-01,inf,1.000000000000000000e+00,-3.499999940395355225e-01,-3.499999940395355225e-01,-3.412436544895172119e-01,-3.499999940395355225e-01,-3.499999940395355225e-01,2.296170741319656372e-01
3.399999999999736566e+00,7.530160838145080193e-01,-2.548288660465878319e-01,-1.788383509053596221e+00,-3.594361473920053285e-02,-5.299530122826671130e-01,inf,1.000000000000000000e+00,-3.499999940395355225e-01,-3.499999940395355225e-01,-4.499917849898338318e-05,-3.499999940395355225e-01,-2.303059250116348267e-01,1.211855411529541016e-01
3.419999999999734364e+00,7.558168258006281448e-01,-2.540225001508203961e-01,-1.844601503943239074e+00,-3.869015388332414790e-02,-5.322417949027701267e-01,inf,1.000000000000000000e+00,-3.499999940395355225e-01,-3.499999940395355225e-01,-3.046510517597198486e-01,-3.499999940395355225e-01,-3.499999940395355225e-01,2.192519903182983398e-01
3.439999999999732161e+00,7.581398905961604928e-01,-2.534470589817323094e-01,-1.897750135087867163e+00,-4.031981973044773682e-02,-5.335998497753731140e-01,inf,1.000000000000000000e+00,-3.499999940395355225e-01,-3.499999940395355225e-01,4.631057754158973694e-02,-2.924399971961975098e-01,-1.664049327373504639e-01,9.518107026815414429e-02
3.459999999999729958e+00,7.598962130404998128e-01,-2.529390908866221421e-01,-1.951901048664820060e+00,-3.806879232481028691e-02,-5.317239936040085713e-01,inf,1.000000000000000000e+00,-3.499999940395355225e-01,-3.499999940395355225e-01,-2.846233248710632324e-01,-3.499999940395355225e-01,-3.499999940395355225e-01,2.257165759801864624e-01
3.479999999999727756e+00,7.610644685059744230e-01,-2.527913683602434070e-01,-2.003536276962838425e+00,-6.061500539635544804e-02,-5.505125044969628734e-01,inf,1.000000000000000000e+00,-3.499999940395355225e-01,-3.406114280223846436e-01,9.147158265113830566e-02,-2.600596249103546143e-01,-1.455710530281066895e-01,7.450382411479949951e-02
3.499999999999725553e+00,7.615306649638787784e-01,-2.527221316696843800e-01,-2.056759032247082342e+00,-7.067476260432825619e-02,-5.588956355036068802e-01,inf,1.000000000000000000e+00,-3.499999940395355225e-01,-3.499999940395355225e-01,-2.094930112361907959e-01,-3.499999940395355225e-01,-3.499999940395355225e-01,2.096732258796691895e-01
3.519999999999723350e+00,7.613406781649820765e-01,-2.539118016000166955e-01,-2.096923231807384269e+00,-3.470301261165471135e-02,-5.289191771763789296e-01,inf,1.000000000000000000e+00,-3.499999940395355225e-01,-2.732342183589935303e-01,1.722874790430068970e-01,-2.287946641445159912e-01,-1.180695295333862305e-01,5.545870587229728699e-02
3.539999999999721148e+00,7.605093619465853605e-01,-2.553103924562003524e-01,-2.133699123292036592e+00,-1.600354151762086591e-02,-5.133362845980173894e-01,inf,1.000000000000000000e+00,-3.499999940395355225e-01,-3.499999940395355225e-01,-3.499999940395355225e-01,-3.499999940395355225e-01,-3.499999940395355225e-01,2.265501469373703003e-01
3.559999999999718945e+00,7.587104723470891043e-01,-2.559584551340129410e-01,-2.182384236112433484e+00,-8.946482985664103160e-02,-5.745540248805341976e-01,inf,1.000000000000000000e+00,-3.499999940395355225e-01,-3.120371103286743164e-01,1.119374409317970276e-01,-2.650575339794158936e-01,-1.624130457639694214e-01,5.156794190406799316e-02
3.579999999999716742e+00,7.558690889833309390e-01,-2.563565404637238032e-01,-2.237187567291452517e+00,-1.224174443169277343e-01,-6.020145369307731142e-01,inf,1.000000000000000000e+00,-3.499999940395355225e-01,-3.499999940395355225e-01,6.982576102018356323e-02,-3.499999940395355225e-01,-2.433655560016632080e-01,1.273734867572784424e-01
3.599999999999714539e+00,7.520487271519222805e-01,-2.597149597813651623e-01,-2.260560427607614553e+00,-1.668902060575438995e-02,-5.139075171714619916e-01,inf,1.000000000000000000e+00,-2.974836826324462891e-01,-1.975225210189819336e-01,2.350182235240936279e-01,-1.870261877775192261e-01,-8.412452042102813721e-02,7.137480378150939941e-02
3.619999999999712337e+00,7.479167047871698726e-01,-2.635399289193873784e-01,-2.270041545471640720e+00,-6.869571574289294602e-02,-5.572464297857441240e-01,inf,1.000000000000000000e+00,-3.499999940395355225e-01,-3.499999940395355225e-01,-3.499999940395355225e-01,-3.499999940395355225e-01,-3.499999940395355225e-01,2.132502645254135132e-01
3.639999999999710134e+00,7.430478132019915360e-01,-2.635198063551059677e-01,-2.317529436410891375e+00,-1.007917590008323427e-01,-5.839931325006936236e-01,inf,1.000000000000000000e+00,-3.499999940395355225e-01,-3.499999940395355225e-01,-6.373960059136152267e-03,-3.499999940395355225e-01,-2.625684738159179688e-01,6.907472014427185059e-02
3.659999999999707931e+00,7.369253355661108396e-01,-2.661573239150339387e-01,-2.338381233985014962e+00,-2.593279823894776084e-02,-5.216106651991231358e-01,inf,1.000000000000000000e+00,-2.171670645475387573e-01,-1.314623355865478516e-01,2.955935001373291016e-01,-1.405079960823059082e-01,-4.661587253212928772e-02,5.703198537230491638e-02
3.679999999999705729e+00,7.309353068803501330e-01,-2.698393611674643200e-01,-2.342515240051522785e+00,-2.108700108413317023e-02,-5.175725009034443103e-01,inf,1.000000000000000000e+00,-3.499999940395355225e-01,-3.499999940395355225e-01,-3.499999940395355225e-01,-3.499999940395355225e-01,-3.499999940395355225e-01,1.928812563419342041e-01
3.699999999999703526e+00,7.250731929598371872e-01,-2.698896458378666763e-01,-2.378189514871856147e+00,-1.806199474707352939e-02,-5.150516622892279406e-01,inf,1.000000000000000000e+00,-3.499999940395355225e-01,-3.499999940395355225e-01,2.733730338513851166e-02,-3.499999940395355225e-01,-2.743003368377685547e-01,9.032655507326126099e-02
3.719999999999701323e+00,7.188339507412642160e-01,-2.720353004596287039e-01,-2.398709558456312507e+00,-4.708524811699538876e-02,-5.392377067641628274e-01,inf,1.000000000000000000e+00,-3.499999940395355225e-01,-2.443520724773406982e-01,1.622500717639923096e-01,-2.511303722858428955e-01,-1.352394074201583862e-01,9.443210810422897339e-02
3.739999999999699121e+00,7.123241094145625896e-01,-2.749805824761379913e-01,-2.404787908207898894e+00,-5.821133175976930807e-02,-5.485094431331410947e-01,inf,1.000000000000000000e+00,-3.499999940395355225e-01,-3.499999940395355225e-01,-3.499999940395355225e-01,-3.499999940395355225e-01,-3.499999940395355225e-01,2.139611095190048218e-01
3.759999999999696918e+00,7.050015698672641440e-01,-2.747379418525391914e-01,-2.421214455142070676e+00,-5.266233263488344363e-02,-5.438852771957362053e-01,inf,1.000000000000000000e+00,-3.499999940395355225e-01,-3.499999940395355225e-01,-1.124252900481224060e-01,-3.499999940395355225e-01,-3.239991068840026855e-01,1.083809509873390198e-01
3.779999999999694715e+00,6.968615015653322198e-01,-2.755420980272704767e-01,-2.423233199723851872e+00,-5.052363786655695438e-02,-5.421030315554641321e-01,inf,1.000000000000000000e+00,-3.499999940395355225e-01,-3.041026294231414795e-01,4.246222600340843201e-02,-3.365561366081237793e-01,-2.308648824691772461e-01,1.089051440358161926e-01
3.799999999999692513e+00,6.890508728193460719e-01,-2.771226768078242086e-01,-2.414568746091530826e+00,-4.149149648223708631e-02,-5.345762470685309076e-01,inf,1.000000000000000000e+00,-3.499999940395355225e-01,-3.499999940395355225e-01,-3.499999940395355225e-01,-3.499999940395355225e-01,-3.499999940395355225e-01,1.948028206825256348e-01
3.819999999999690310e+00,6.818998483520088971e-01,-2.775690641214706433e-01,-2.409131560305327824e+00,-3.963101729827358394e-02,-5.330258477485613211e-01,inf,1.000000000000000000e+00,-3.499999940395355225e-01,-3.499999940395355225e-01,-1.897096335887908936e-01,-3.499999940395355225e-01,-3.499999940395355225e-01,1.318118274211883545e-01
3.839999999999688107e+00,6.753393913651979386e-01,-2.785681041576434369e-01,-2.399306342532850689e+00,-3.318078769161667690e-02,-5.276506564096805629e-01,inf,1.000000000000000000e+00,-3.499999940395355225e-01,-3.499999940395355225e-01,-2.483319044113159180e-01,-3.499999940395355225e-01,-3.499999940395355225e-01,1.629488915205001831e-01
3.859999999999685905e+00,6.693471374537534047e-01,-2.803129906036085917e-01,-2.384484624329721303e+00,-3.870026150487682060e-02,-5.322502179207306838e-01,inf,1.000000000000000000e+00,-3.499999940395355225e-01,-3.499999940395355225e-01,-3.111476898193359375e-01,-3.499999940395355225e-01,-3.499999940395355225e-01,1.721094697713851929e-01
3.879999999999683702e+00,6.637431850781481124e-01,-2.829048487070739415e-01,-2.363742551988267326e+00,-4.186436660740677773e-02,-5.348869721728389814e-01,inf,1.000000000000000000e+00,-3.499999940395355225e-01,-3.499999940395355225e-01,-3.499999940395355225e-01,-3.499999940395355225e-01,-3.499999940395355225e-01,1.719780713319778442e-01
3.899999999999681499e+00,6.582840929999534962e-01,-2.867775283719479762e-01,-2.334365906329846307e+00,-4.177583264176276678e-02,-5.348131938681356390e-01,inf,1.000000000000000000e+00,-3.499999940395355225e-01,-3.499999940395355225e-01,-3.499999940395355225e-01,-3.499999940395355225e-01,-3.499999940395355225e-01,1.826431006193161011e-01
3.919999999999679297e+00,6.529432121145836154e-01,-2.921488507757983299e-01,-2.294534306898591502e+00,-3.931268735276285259e-02,-5.327605727939690450e-01,inf,1.000000000000000000e+00,-3.499999940395355225e-01,-3.499999940395355225e-01,-3.499999940395355225e-01,-3.499999940395355225e-01,-3.499999940395355225e-01,2.051311582326889038e-01
3.939999999999677094e+00,6.479372093649298225e-01,-2.986872269983179562e-01,-2.245926334967389248e+00,-3.621574186892493469e-02,-5.301797848907707777e-01,inf,1.000000000000000000e+00,-3.499999940395355225e-01,-3.499999940395355225e-01,-3.499999940395355225e-01,-3.499999940395355225e-01,-3.499999940395355225e-01,2.185362130403518677e-01
3.959999999999674891e+00,6.435260460767656676e-01,-3.058376890489761246e-01,-2.192565783786860845e+00,-3.401230468850289373e-02,-5.283435872404190770e-01,inf,1.000000000000000000e+00,-3.499999940395355225e-01,-3.499999940395355225e-01,-3.499999940395355225e-01,-3.499999940395355225e-01,-3.499999940395355225e-01,2.243652790784835815e-01
3.979999999999672688e+00,6.399018563497470558e-01,-3.131600998100216859e-01,-2.138851364427281965e+00,-3.326094889736794930e-02,-5.277174574144732899e-01,inf,1.000000000000000000e+00,-3.499999940395355225e-01,-3.499999940395355225e-01,-3.499999940395355225e-01,-3.499999940395355225e-01,-3.499999940395355225e-01,2.294270992279052734e-01
3.999999999999670486e+00,6.371499644712753652e-01,-3.204326434405416202e-01,-2.087950580879793794e+00,-3.363195935559426530e-02,-5.280266327963285544e-01,inf,1.000000000000000000e+00,-3.499999940395355225e-01,-3.499999940395355225e-01,-3.499999940395355225e-01,-3.499999940395355225e-01,-3.499999940395355225e-01,2.347260862588882446e-01
4.019999999999677165e+00,6.352667127403206493e-01,-3.275691266673708135e-01,-2.041349753758108232e+00,-3.445447345375302756e-02,-5.287120612114608598e-01,inf,1.000000000000000000e+00,-3.499999940395355225e-01,-3.499999940395355225e-01,-3.499999940395355225e-01,-3.499999940395355225e-01,-3.499999940395355225e-01,2.390734106302261353e-01
4.039999999999683844e+00,6.342060085058736085e-01,-3.345248240551160213e-01,-1.999419177385219459e+00,-3.514854914480301101e-02,-5.292904576206691747e-01,inf,1.000000000000000000e+00,-3.499999940395355225e-01,-3.499999940395355225e-01,-3.499999940395355225e-01,-3.499999940395355225e-01,-3.499999940395355225e-01,2.422484904527664185e-01
4.059999999999690523e+00,6.339267129499858155e-01,-3.412478430347947733e-01,-1.962188909365298439e+00,-3.544800119021433715e-02,-5.295400009918452833e-01,inf,1.000000000000000000e+00,-3.499999940395355225e-01,-3.499999940395355225e-01,-3.499999940395355225e-01,-3.499999940395355225e-01,-3.499999940395355225e-01,2.444567233324050903e-01
4.079999999999697202e+00,6.344054151103750705e-01,-3.476781088381046270e-01,-1.929914212792220418e+00,-3.539730593247236712e-02,-5.294977549437269726e-01,inf,1.000000000000000000e+00,-3.499999940395355225e-01,-3.499999940395355225e-01,-3.499999940395355225e-01,-3.499999940395355225e-01,-3.499999940395355225e-01,2.457779645919799805e-01
4.099999999999703881e+00,6.356247566674694260e-01,-3.537655882176463651e-01,-1.903271029630388522e+00,-3.520166567262594803e-02,-5.293347213938549567e-01,inf,1.000000000000000000e+00,-3.499999940395355225e-01,-3.499999940395355225e-01,-3.499999940395355225e-01,-3.499999940395355225e-01,-3.499999940395355225e-01,2.463231086730957031e-01
4.119999999999710560e+00,6.375591820111518038e-01,-3.594858555965033675e-01,-1.883208040997371047e+00,-3.506230978859851966e-02,-5.292185914904987687e-01,inf,1.000000000000000000e+00,-3.499999940395355225e-01,-3.499999940395355225e-01,-3.499999940395355225e-01,-3.499999940395355225e-01,-3.499999940395355225e-01,2.461643069982528687e-01
4.139999999999717240e+00,6.401652495580877344e-01,-3.648410689947014229e-01,-1.870648722594272506e+00,-3.507790236621692592e-02,-5.292315853051807739e-01,inf,1.000000000000000000e+00,-3.499999940395355225e-01,-3.499999940395355225e-01,-3.499999940395355225e-01,-3.499999940395355225e-01,-3.499999940395355225e-01,2.452291250228881836e-01
4.159999999999723919e+00,6.433761160433739690e-01,-3.698432976446373588e-01,-1.866279037706824129e+00,-3.523410186192430654e-02,-5.293617515516035876e-01,inf,1.000000000000000000e+00,-3.499999940395355225e-01,-3.499999940395355225e-01,-3.499999940395355225e-01,-3.499999940395355225e-01,-3.499999940395355225e-01,2.433595657348632812e-01
4.179999999999730598e+00,6.471043738629020936e-01,-3.744884721158132090e-01,-1.870488810117341805e+00,-3.545323765500052460e-02,-5.295443647125004372e-01,inf,1.000000000000000000e+00,-3.499999940395355225e-01,-3.499999940395355225e-01,-3.499999940395355225e-01,-3.499999940395355225e-01,-3.499999940395355225e-01,2.404046356678009033e-01
4.199999999999737277e+00,6.512588128192086101e-01,-3.787626766747421159e-01,-1.883394402085361907e+00,-3.565189334909457664e-02,-5.297099111242454805e-01,inf,1.000000000000000000e+00,-3.499999940395355225e-01,-3.499999940395355225e-01,-3.499999940395355225e-01,-3.499999940395355225e-01,-3.499999940395355225e-01,2.362911999225616455e-01
4.219999999999743956e+00,6.557438928603765982e-01,-3.826557849489184981e-01,-1.904910044423723914e+00,-3.578055326547881915e-02,-5.298171277212323504e-01,inf,1.000000000000000000e+00,-3.499999940395355225e-01,-3.499999940395355225e-01,-3.499999940395355225e-01,-3.499999940395355225e-01,-3.499999940395355225e-01,2.310701310634613037e-01
4.239999999999750635e+00,6.604658049207675630e-01,-3.861611092729536621e-01,-1.934838033483372355e+00,-3.583307428071211970e-02,-5.298608952339267653e-01,inf,1.000000000000000000e+00,-3.499999940395355225e-01,-3.499999940395355225e-01,-3.499999940395355225e-01,-3.499999940395355225e-01,-3.499999940395355225e-01,2.248504757881164551e-01
4.259999999999757314e+00,6.653339808960481161e-01,-3.892747909895309943e-01,-1.972916066339005958e+00,-3.583239148777606076e-02,-5.298603262398133840e-01,inf,1.000000000000000000e+00,-3.499999940395355225e-01,-3.499999940395355225e-01,-3.499999940395355225e-01,-3.499999940395355225e-01,-3.499999940395355225e-01,2.176688909530639648e-01
4.279999999999763993e+00,6.701813877727951230e-01,-3.920284415931997168e-01,-2.015935179183560244e+00,-3.986678482680252461e-02,-5.332223206890021050e-01,inf,1.000000000000000000e+00,-3.499999940395355225e-01,-3.499999940395355225e-01,-3.147069513797760010e-01,-3.499999940395355225e-01,-3.499999940395355225e-01,2.094132900238037109e-01
4.299999999999770672e+00,6.749297167490516669e-01,-3.944250808301972278e-01,-2.062829657931777749e+00,-3.591653842464648250e-02,-5.299304486872054021e-01,inf,1.000000000000000000e+00,-3.499999940395355225e-01,-3.499999940395355225e-01,-3.143835961818695068e-01,-3.499999940395355225e-01,-3.499999940395355225e-01,2.133114188909530640e-01
4.319999999999777351e+00,6.794764030934976606e-01,-3.964926622489479136e-01,-2.112046706689993059e+00,-4.707696167663364545e-02,-5.392308013971947034e-01,inf,1.000000000000000000e+00,-3.499999940395355225e-01,-3.499999940395355225e-01,-2.602636218070983887e-01,-3.499999940395355225e-01,-3.499999940395355225e-01,1.993636190891265869e-01
4.339999999999784031e+00,6.838235652904474104e-01,-3.981754327678180827e-01,-2.165919698947299743e+00,-4.356412207336104320e-02,-5.363034350611342038e-01,inf,1.000000000000000000e+00,-3.499999940395355225e-01,-3.499999940395355225e-01,-2.808805108070373535e-01,-3.499999940395355225e-01,-3.499999940395355225e-01,2.049253284931182861e-01
4.359999999999790710e+00,6.877559731480340499e-01,-3.996536025505427747e-01,-2.218298877751535336e+00,-4.999646927937075741e-02,-5.416637243994756323e-01,inf,1.000000000000000000e+00,-3.499999940395355225e-01,-3.499999940395355225e-01,-1.432007849216461182e-01,-3.499999940395355225e-01,-3.368286490440368652e-01,1.754087656736373901e-01
4.379999999999797389e+00,6.914267152934943095e-01,-4.007010711369197731e-01,-2.276723645617216629e+00,-5.388192250644822934e-02,-5.449016020887068601e-01,inf,1.000000000000000000e+00,-3.499999940395355225e-01,-3.499999940395355225e-01,-3.202701807022094727e-01,-3.499999940395355225e-01,-3.499999940395355225e-01,2.139551490545272827e-01
4.399999999999804068e+00,6.946535002612068688e-01,-4.015905434256732964e-01,-2.333181487822325373e+00,-5.555431078677042223e-02,-5.462952589889753519e-01,inf,1.000000000000000000e+00,-3.499999940395355225e-01,-3.499999940395355225e-01,1.846493966877460480e-02,-3.499999940395355225e-01,-2.341456860303878784e-01,1.299908012151718140e-01
4.419999999999810747e+00,6.974173818851766571e-01,-4.022406072519638665e-01,-2.390079596420256802e+00,-5.559601829178473231e-02,-5.463300152431539436e-01,inf,1.000000000000000000e+00,-3.499999940395355225e-01,-3.499999940395355225e-01,-2.907775342464447021e-01,-3.499999940395355225e-01,-3.499999940395355225e-01,2.229465693235397339e-01
4.439999999999817426e+00,6.995968987584920695e-01,-4.028146029567559183e-01,-2.445607325824403322e+00,-6.056247347821783200e-02,-5.504687278985148646e-01,inf,1.000000000000000000e+00,-3.499999940395355225e-01,-3.499999940395355225e-01,3.556122258305549622e-02,-3.499999940395355225e-01,-2.106197029352188110e-01,1.109923198819160461e-01
4.459999999999824105e+00,7.011905259875018670e-01,-4.031675738120159558e-01,-2.502393337504289494e+00,-6.194228817171047730e-02,-5.516185734764254001e-01,inf,1.000000000000000000e+00,-3.499999940395355225e-01,-3.499999940395355225e-01,-2.536605596542358398e-01,-3.499999940395355225e-01,-3.499999940395355225e-01,2.057553380727767944e-01
4.479999999999830784e+00,7.021121545389754637e-01,-4.036616908485165522e-01,-2.553541407129004792e+00,-5.976124912760009955e-02,-5.498010409396667519e-01,inf,1.000000000000000000e+00,-3.499999940395355225e-01,-3.459836244583129883e-01,9.373808652162551880e-02,-2.781646847724914551e-01,-1.501492112874984741e-01,8.795130997896194458e-02
4.499999999999837463e+00,7.024291389679402364e-01,-4.039703391543860156e-01,-2.603494444002896202e+00,-5.412191825379917415e-02,-5.451015985448326440e-01,inf,1.000000000000000000e+00,-3.499999940395355225e-01,-3.499999940395355225e-01,-2.707445025444030762e-01,-3.499999940395355225e-01,-3.499999940395355225e-01,2.193249464035034180e-01
4.519999999999844142e+00,7.019343333493301973e-01,-4.041766275462842506e-01,-2.652478925687927536e+00,-7.831796428410976729e-02,-5.652649702367581463e-01,inf,1.000000000000000000e+00,-3.499999940395355225e-01,-3.307724595069885254e-01,1.105165556073188782e-01,-2.790790200233459473e-01,-1.596322953701019287e-01,7.221448421478271484e-02
4.539999999999850822e+00,7.006672146481696117e-01,-4.039254955983020978e-01,-2.703899393207133350e+00,-9.004613141668124654e-02,-5.750384428472343767e-01,inf,1.000000000000000000e+00,-3.499999940395355225e-01,-3.499999940395355225e-01,-1.073622405529022217e-01,-3.499999940395355225e-01,-3.499999940395355225e-01,1.719599366188049316e-01
4.559999999999857501e+00,6.979745785141163728e-01,-4.048184306873868210e-01,-2.738487964399682006e+00,-4.821118828525774308e-02,-5.401759902377147871e-01,inf,1.000000000000000000e+00,-3.499999940395355225e-01,-2.458898425102233887e-01,2.090588957071304321e-01,-2.316427826881408691e-01,-1.137430518865585327e-01,6.312073767185211182e-02
4.579999999999864180e+00,6.947033215185400845e-01,-4.056423413218869234e-01,-2.766095498835077215e+00,-2.489943155705360775e-02,-5.207495262975446737e-01,inf,1.000000000000000000e+00,-3.499999940395355225e-01,-3.499999940395355225e-01,-3.499999940395355225e-01,-3.499999940395355225e-01,-3.499999940395355225e-01,2.199492156505584717e-01
4.599999999999870859e+00,6.914101166351865890e-01,-4.041513811274550227e-01,-2.814561332207078603e+00,-1.021504982685891988e-01,-5.851254152238243300e-01,inf,1.000000000000000000e+00,-3.499999940395355225e-01,-3.375394642353057861e-01,7.758909463882446289e-02,-3.070078790187835693e-01,-2.018311768770217896e-01,5.827533081173896790e-02
4.619999999999877538e+00,6.868478746567702187e-01,-4.039499799913850997e-01,-2.847418051071695544e+00,-8.442941624937051748e-02,-5.703578468744754382e-01,inf,1.000000000000000000e+00,-3.499999940395355225e-01,-2.616990506649017334e-01,1.884506642818450928e-01,-2.725339233875274658e-01,-1.479661613702774048e-01,9.514971077442169189e-02
4.639999999999884217e+00,6.817589408628415004e-01,-4.035442382646337589e-01,-2.875414106903915190e+00,-5.563749255588139320e-02,-5.463645771299011633e-01,inf,1.000000000000000000e+00,-3.499999940395355225e-01,-3.499999940395355225e-01,-2.623319625854492188e-01,-3.499999940395355225e-01,-3.499999940395355225e-01,1.873895525932312012e-01
4.659999999999890896e+00,6.762634225338089999e-01,-4.020189954497450646e-01,-2.907032627581547235e+00,-1.056226461435978009e-01,-5.880188717863314984e-01,inf,1.000000000000000000e+00,-3.499999940395355225e-01,-3.002450168132781982e-01,1.067405119538307190e-01,-2.966661155223846436e-01,-1.882748305797576904e-01,7.504557073116302490e-02
4.679999999999897575e+00,6.703745859234988558e-01,-3.996105347737209934e-01,-2.939324974302219395e+00,-1.236809752023537712e-01,-6.030674793352948093e-01,inf,1.000000000000000000e+00,-3.499999940395355225e-01,-3.499999940395355225e-01,-4.378850013017654419e-02,-3.499999940395355225e-01,-3.227295875549316406e-01,1.436081677675247192e-01
4.699999999999904254e+00,6.631137750439360934e-01,-3.985403899410828732e-01,-2.954104022369689275e+00,-6.197651139209781057e-02,-5.516470928267481755e-01,inf,1.000000000000000000e+00,-3.499999940395355225e-01,-2.412026971578598022e-01,1.727204173803329468e-01,-2.645966112613677979e-01,-1.559989750385284424e-01,8.645604550838470459e-02
4.719999999999910933e+00,6.555582462495236351e-01,-3.981140210337685281e-01,-2.956284019526982387e+00,-7.850343383779652406e-02,-5.654195281981637677e-01,inf,1.000000000000000000e+00,-3.499999940395355225e-01,-3.499999940395355225e-01,-3.499999940395355225e-01,-3.499999940395355225e-01,-3.499999940395355225e-01,2.039003372192382812e-01
4.739999999999917613e+00,6.493156313299998095e-01,-3.946032180056513461e-01,-2.973841681699615158e+00,-8.859643940337455503e-02,-5.738303661694788005e-01,inf,1.000000000000000000e+00,-3.499999940395355225e-01,-3.499999940395355225e-01,-8.078572899103164673e-02,-3.499999940395355225e-01,-3.345773518085479736e-01,1.051004528999328613e-01
4.759999999999924292e+00,6.423460871462557398e-01,-3.915831481537254133e-01,-2.982620128425387040e+00,-6.213557223931798212e-02,-5.517796435327649851e-01,inf,1.000000000000000000e+00,-3.499999940395355225e-01,-3.223306238651275635e-01,5.082719773054122925e-02,-3.499999940395355225e-01,-2.356025278568267822e-01,1.156766936182975769e-01
4.779999999999930971e+00,6.353298682089062455e-01,-3.891572780109233132e-01,-2.982993072345144547e+00,-8.207658022564685851e-02,-5.683971501880390464e-01,inf,1.000000000000000000e+00,-3.499999940395355225e-01,-3.499999940395355225e-01,-3.166654706001281738e-01,-3.499999940395355225e-01,-3.499999940395355225e-01,1.856963783502578735e-01
4.799999999999937650e+00,6.288061238766570193e-01,-3.862196669230792967e-01,-2.981597057422056718e+00,-7.890768832918926279e-02,-5.657564069409910523e-01,inf,1.000000000000000000e+00,-3.499999940395355225e-01,-3.499999940395355225e-01,-1.407638192176818848e-01,-3.499999940395355225e-01,-3.499999940395355225e-01,1.337461620569229126e-01
4.819999999999944329e+00,6.224443899872473818e-01,-3.836246500830043371e-01,-2.974387540398343077e+00,-7.784964706232640197e-02,-5.648747058852719993e-01,inf,1.000000000000000000e+00,-3.499999940395355225e-01,-3.499999940395355225e-01,-2.581865489482879639e-01,-3.499999940395355225e-01,-3.499999940395355225e-01,1.710798591375350952e-01
4.839999999999951008e+00,6.160099152565703395e-01,-3.818304787474239848e-01,-2.959734604340169994e+00,-6.821225486836550445e-02,-5.568435457236379227e-01,inf,1.000000000000000000e+00,-3.499999940395355225e-01,-3.499999940395355225e-01,-2.339289039373397827e-01,-3.499999940395355225e-01,-3.499999940395355225e-01,1.535674929618835449e-01
4.859999999999957687e+00,6.095008471408356332e-01,-3.809295554012498974e-01,-2.938499937930222128e+00,-6.287926297139319332e-02,-5.523993858094943254e-01,inf,1.000000000000000000e+00,-3.499999940395355225e-01,-3.499999940395355225e-01,-3.499999940395355225e-01,-3.499999940395355225e-01,-3.499999940395355225e-01,1.870260834693908691e-01
4.879999999999964366e+00,6.030887298582432443e-01,-3.806821546712677584e-01,-2.913346228050825992e+00,-5.801423776493477152e-02,-5.483451981374456441e-01,inf,1.000000000000000000e+00,-3.499999940395355225e-01,-3.499999940395355225e-01,-3.499999940395355225e-01,-3.499999940395355225e-01,-3.499999940395355225e-01,1.706786602735519409e-01
4.899999999999971045e+00,5.961787613714629730e-01,-3.816206674405526189e-01,-2.880592228858471326e+00,-5.490440794562578830e-02,-5.457536732880214903e-01,inf,1.000000000000000000e+00,-3.499999940395355225e-01,-3.499999940395355225e-01,-3.499999940395355225e-01,-3.499999940395355225e-01,-3.499999940395355225e-01,1.899018734693527222e-01
4.919999999999977724e+00,5.887270570084157661e-01,-3.838613865041182183e-01,-2.839040717316142715e+00,-5.384631128856010029e-02,-5.448719260738000836e-01,inf,1.000000000000000000e+00,-3.499999940395355225e-01,-3.499999940395355225e-01,-3.499999940395355225e-01,-3.499999940395355225e-01,-3.499999940395355225e-01,2.102910429239273071e-01
4.939999999999984404e+00,5.810688690627227038e-01,-3.871666064627485859e-01,-2.790226071611537240e+00,-5.426955357236615957e-02,-5.452246279769717985e-01,inf,1.000000000000000000e+00,-3.499999940395355225e-01,-3.499999940395355225e-01,-3.499999940395355225e-01,-3.499999940395355225e-01,-3.499999940395355225e-01,2.207008302211761475e-01
4.959999999999991083e+00,5.736507061119463513e-01,-3.911892154764226026e-01,-2.737517684718998368e+00,-5.525972324154469068e-02,-5.460497693679539077e-01,inf,1.000000000000000000e+00,-3.499999940395355225e-01,-3.499999940395355225e-01,-3.499999940395355225e-01,-3.499999940395355225e-01,-3.499999940395355225e-01,2.267416566610336304e-01
4.979999999999997762e+00,5.668043103797389959e-01,-3.956833889327280307e-01,-2.684592658204955740e+00,-5.607393752903178097e-02,-5.467282812741931508e-01,inf,1.000000000000000000e+00,-3.499999940395355225e-01,-3.499999940395355225e-01,-3.499999940395355225e-01,-3.499999940395355225e-01,-3.499999940395355225e-01,2.320665866136550903e-01
5.000000000000004441e+00,5.606906456918236969e-01,-4.005368239819193099e-01,-2.634174196029468895e+00,-5.640433403416986180e-02,-5.470036116951415561e-01,inf,1.000000000000000000e+00,-3.499999940395355225e-01,-3.499999940395355225e-01,-3.499999940395355225e-01,-3.499999940395355225e-01,-3.499999940395355225e-01,2.368732392787933350e-01
5.020000000000011120e+00,5.553540351062724589e-01,-4.056997978680870198e-01,-2.587669120251696597e+00,-5.633874884120348980e-02,-5.469489573676695748e-01,inf,1.000000000000000000e+00,-3.499999940395355225e-01,-3.499999940395355225e-01,-3.499999940395355225e-01,-3.499999940395355225e-01,-3.499999940395355225e-01,2.408097982406616211e-01
5.040000000000017799e+00,5.507960881108204809e-01,-4.111278391095695706e-01,-2.545604242621043234e+00,-5.612544550815288386e-02,-5.467712045901274021e-01,inf,1.000000000000000000e+00,-3.499999940395355225e-01,-3.499999940395355225e-01,-3.499999940395355225e-01,-3.499999940395355225e-01,-3.499999940395355225e-01,2.439054697751998901e-01
5.060000000000024478e+00,5.470258842587030212e-01,-4.167636576604938914e-01,-2.508214527278647576e+00,-5.598345954866710411e-02,-5.466528829572225856e-01,inf,1.000000000000000000e+00,-3.499999940395355225e-01,-3.499999940395355225e-01,-3.499999940395355225e-01,-3.499999940395355225e-01,-3.499999940395355225e-01,2.460461854934692383e-01
5.080000000000031157e+00,5.440633970284768361e-01,-4.225449850523400053e-01,-2.475889972858361876e+00,-5.601093349840446933e-02,-5.466757779153370578e-01,inf,1.000000000000000000e+00,-3.499999940395355225e-01,-3.499999940395355225e-01,-3.499999940395355225e-01,-3.499999940395355225e-01,-3.499999940395355225e-01,2.471750974655151367e-01
5.100000000000037836e+00,5.419195998203427678e-01,-4.284177585762843909e-01,-2.449337185143929396e+00,-5.619000307953010004e-02,-5.468250025662750868e-01,inf,1.000000000000000000e+00,-3.499999940395355225e-01,-3.499999940395355225e-01,-3.499999940395355225e-01,-3.499999940395355225e-01,-3.499999940395355225e-01,2.474245280027389526e-01
5.120000000000044516e+00,5.405802926969247579e-01,-4.343449249117345423e-01,-2.429460410240973811e+00,-5.644297392633709776e-02,-5.470358116052809194e-01,inf,1.000000000000000000e+00,-3.499999940395355225e-01,-3.499999940395355225e-01,-3.499999940395355225e-01,-3.499999940395355225e-01,-3.499999940395355225e-01,2.468888759613037109e-01
5.140000000000051195e+00,5.400022585831265598e-01,-4.403038209986938623e-01,-2.417115608545957528e+00,-5.669408723601998545e-02,-5.472450726966833212e-01,inf,1.000000000000000000e+00,-3.499999940395355225e-01,-3.499999940395355225e-01,-3.499999940395355225e-01,-3.499999940395355225e-01,-3.499999940395355225e-01,2.455574125051498413e-01
5.160000000000057874e+00,5.401197780039816987e-01,-4.462694387388642103e-01,-2.412938374812785280e+00,-5.690081303984930589e-02,-5.474173441998744227e-01,inf,1.000000000000000000e+00,-3.499999940395355225e-01,-3.499999940395355225e-01,-3.499999940395355225e-01,-3.499999940395355225e-01,-3.499999940395355225e-01,2.433744370937347412e-01
5.180000000000064553e+00,5.408610109606344363e-01,-4.521939123335845800e-01,-2.417298757102985807e+00,-5.705672537360566288e-02,-5.475472711446713880e-01,inf,1.000000000000000000e+00,-3.499999940395355225e-01,-3.499999940395355225e-01,-3.499999940395355225e-01,-3.499999940395355225e-01,-3.499999940395355225e-01,2.402772307395935059e-01
5.200000000000071232e+00,5.421573021737733367e-01,-4.580201309349937189e-01,-2.430317707426331797e+00,-5.717634265755852652e-02,-5.476469522146321101e-01,inf,1.000000000000000000e+00,-3.499999940395355225e-01,-3.499999940395355225e-01,-3.499999940395355225e-01,-3.499999940395355225e-01,-3.499999940395355225e-01,2.362328767776489258e-01
5.220000000000077911e+00,5.439344122832473483e-01,-4.636916153934398932e-01,-2.451924252073556687e+00,-5.727802319240166834e-02,-5.477316859936680604e-01,inf,1.000000000000000000e+00,-3.499999940395355225e-01,-3.499999940395355225e-01,-3.499999940395355225e-01,-3.499999940395355225e-01,-3.499999940395355225e-01,2.312613427639007568e-01
5.240000000000084590e+00,5.461170327901254673e-01,-4.691548709450938937e-01,-2.481933674250993871e+00,-5.737350621326120503e-02,-5.478112551777176709e-01,inf,1.000000000000000000e+00,-3.499999940395355225e-01,-3.499999940395355225e-01,-3.499999940395355225e-01,-3.499999940395355225e-01,-3.499999940395355225e-01,2.253818064928054810e-01
5.260000000000091269e+00,5.486301360132972427e-01,-4.743596259140863136e-01,-2.520089758681077541e+00,-5.746578432627322264e-02,-5.478881536052276902e-01,inf,1.000000000000000000e+00,-3.499999940395355225e-01,-3.499999940395355225e-01,-3.499999940395355225e-01,-3.499999940395355225e-01,-3.499999940395355225e-01,2.185771167278289795e-01
5.280000000000097948e+00,5.513529789727174002e-01,-4.792455503332653244e-01,-2.564478164391590376e+00,-6.036366355495807745e-02,-5.503030529624650669e-01,inf,1.000000000000000000e+00,-3.499999940395355225e-01,-3.499999940395355225e-01,-3.306365609169006348e-01,-3.499999940395355225e-01,-3.499999940395355225e-01,2.107656896114349365e-01
5.300000000000104627e+00,5.541324818462814994e-01,-4.837682300071643460e-01,-2.611623668222640582e+00,-5.835003253937176559e-02,-5.486250271161431380e-01,inf,1.000000000000000000e+00,-3.499999940395355225e-01,-3.499999940395355225e-01,-2.973931133747100830e-01,-3.499999940395355225e-01,-3.499999940395355225e-01,2.091564238071441650e-01
5.320000000000111307e+00,5.569750558509648508e-01,-4.878907972023224238e-01,-2.662844236120090802e+00,-6.451541947766345486e-02,-5.537628495647195503e-01,inf,1.000000000000000000e+00,-3.499999940395355225e-01,-3.499999940395355225e-01,-3.045666813850402832e-01,-3.499999940395355225e-01,-3.499999940395355225e-01,2.101382166147232056e-01
5.340000000000117986e+00,5.597074787021975029e-01,-4.916026459106679347e-01,-2.715096507439123563e+00,-5.552633245019236025e-02,-5.462719437084936347e-01,inf,1.000000000000000000e+00,-3.499999940395355225e-01,-3.499999940395355225e-01,-2.192287296056747437e-01,-3.499999940395355225e-01,-3.499999940395355225e-01,1.905383020639419556e-01
5.360000000000124665e+00,5.624677659457867351e-01,-4.948253792355230551e-01,-2.773354837688232877e+00,-7.636620717089859234e-02,-5.636385059757488269e-01,inf,1.000000000000000000e+00,-3.499999940395355225e-01,-3.499999940395355225e-01,-2.879680395126342773e-01,-3.499999940395355225e-01,-3.499999940395355225e-01,2.080397009849548340e-01
5.380000000000131344e+00,5.649216209251329834e-01,-4.976818541189312328e-01,-2.828899136869950759e+00,-5.084256852450361880e-02,-5.423688071037530145e-01,inf,1.000000000000000000e+00,-3.499999940395355225e-01,-3.499999940395355225e-01,-4.730993881821632385e-02,-3.499999940395355225e-01,-2.828402221202850342e-01,1.527419835329055786e-01
5.400000000000138023e+00,5.671853649348359561e-01,-5.000822860659759339e-01,-2.885886278633974289e+00,-7.517250655985492636e-02,-5.626437554665457697e-01,inf,1.000000000000000000e+00,-3.499999940395355225e-01,-3.499999940395355225e-01,-3.301096558570861816e-01,-3.499999940395355225e-01,-3.499999940395355225e-01,2.262867242097854614e-01
5.420000000000144702e+00,5.690696145181329824e-01,-5.021076487478605133e-01,-2.941699732217721852e+00,-5.150922740335972527e-02,-5.429243561694664377e-01,inf,1.000000000000000000e+00,-3.499999940395355225e-01,-3.499999940395355225e-01,-4.004713147878646851e-03,-3.499999940395355225e-01,-2.446940243244171143e-01,1.255920976400375366e-01
5.440000000000151381e+00,5.706304174555872910e-01,-5.036617348328898958e-01,-2.998949291015124086e+00,-7.567899633180309726e-02,-5.630658302765025880e-01,inf,1.000000000000000000e+00,-3.499999940395355225e-01,-3.499999940395355225e-01,-2.873093783855438232e-01,-3.499999940395355225e-01,-3.499999940395355225e-01,2.149385362863540649e-01
5.460000000000158060e+00,5.716874440043473449e-01,-5.048753079932088994e-01,-3.053358575979996381e+00,-4.978333964437315490e-02,-5.414861163703109659e-01,inf,1.000000000000000000e+00,-3.499999940395355225e-01,-3.499999940395355225e-01,5.859798565506935120e-02,-3.254454135894775391e-01,-1.839167326688766479e-01,1.011285483837127686e-01
5.480000000000164739e+00,5.723654148195744806e-01,-5.055829385886747573e-01,-3.108099083523801820e+00,-7.996133333596788795e-02,-5.666344444466399066e-01,inf,1.000000000000000000e+00,-3.499999940395355225e-01,-3.499999940395355225e-01,-2.407148927450180054e-01,-3.499999940395355225e-01,-3.499999940395355225e-01,2.093054354190826416e-01
5.500000000000171418e+00,5.723325806323933396e-01,-5.059941395884911541e-01,-3.158260419352930004e+00,-5.423220703176543506e-02,-5.451935058598045281e-01,inf,1.000000000000000000e+00,-3.499999940395355225e-01,-3.395874500274658203e-01,1.125350445508956909e-01,-2.906777858734130859e-01,-1.588726937770843506e-01,8.426004648208618164e-02
5.520000000000178098e+00,5.718486574452963378e-01,-5.058496967311172376e-01,-3.207714562024261529e+00,-7.784905840388546550e-02,-5.648742153365712282e-01,inf,1.000000000000000000e+00,-3.499999940395355225e-01,-3.499999940395355225e-01,-2.098075151443481445e-01,-3.499999940395355225e-01,-3.499999940395355225e-01,1.982151120901107788e-01
5.540000000000184777e+00,5.703671492146309419e-01,-5.053988938797018271e-01,-3.250822865282603669e+00,-3.821777500671057204e-02,-5.318481458389254790e-01,inf,1.000000000000000000e+00,-3.499999940395355225e-01,-3.035235404968261719e-01,1.465653479099273682e-01,-2.768445312976837158e-01,-1.514631509780883789e-01,7.163787633180618286e-02
5.560000000000191456e+00,5.684612012733973874e-01,-5.042957251591606571e-01,-3.293076765440429376e+00,-9.105567480774960643e-02,-5.758797290064580077e-01,inf,1.000000000000000000e+00,-3.499999940395355225e-01,-3.499999940395355225e-01,-2.032573670148849487e-01,-3.499999940395355225e-01,-3.499999940395355225e-01,1.832636445760726929e-01
5.580000000000198135e+00,5.656875264169776152e-01,-5.027751769192168041e-01,-3.330556148311129672e+00,-6.599308328020100922e-02,-5.549942360668341790e-01,inf,1.000000000000000000e+00,-3.499999940395355225e-01,-2.798227965831756592e-01,1.649465858936309814e-01,-2.686268389225006104e-01,-1.484453380107879639e-01,6.730967760086059570e-02
5.600000000000204814e+00,5.627015704495998971e-01,-5.005949650251142469e-01,-3.367247646755778145e+00,-6.274937803272226389e-02,-5.522911483606018912e-01,inf,1.000000000000000000e+00,-3.499999940395355225e-01,-3.499999940395355225e-01,-2.001776695251464844e-01,-3.499999940395355225e-01,-3.499999940395355225e-01,1.764751076698303223e-01
5.620000000000211493e+00,5.589042356717668358e-01,-4.980556237482935966e-01,-3.398198897406500940e+00,-6.149510752843214551e-02,-5.512459229403601224e-01,inf,1.000000000000000000e+00,-3.499999940395355225e-01,-2.621222436428070068e-01,1.714353263378143311e-01,-2.625157535076141357e-01,-1.486423909664154053e-01,6.838709115982055664e-02
5.640000000000218172e+00,5.549557474245769839e-01,-4.950141284818668774e-01,-3.425933068165646578e+00,-6.234831520511585623e-02,-5.519569293375965469e-01,inf,1.000000000000000000e+00,-3.499999940395355225e-01,-3.499999940395355225e-01,-2.371616512537002563e-01,-3.499999940395355225e-01,-3.499999940395355225e-01,1.811156272888183594e-01
5.660000000000224851e+00,5.508618894158296975e-01,-4.911426696428225491e-01,-3.453356910185460205e+00,-5.218535076928922795e-02,-5.434877923077410244e-01,inf,1.000000000000000000e+00,-3.499999940395355225e-01,-2.825306951999664307e-01,1.328398883342742920e-01,-2.906925082206726074e-01,-1.799052357673645020e-01,7.599649578332901001e-02
5.680000000000231530e+00,5.467855210803481691e-01,-4.866127490330394711e-01,-3.478945849187589090e+00,-4.594640829462654646e-02,-5.382886735788554589e-01,inf,1.000000000000000000e+00,-3.499999940395355225e-01,-3.499999940395355225e-01,-1.573862582445144653e-01,-3.499999940395355225e-01,-3.499999940395355225e-01,1.640747785568237305e-01
5.700000000000238209e+00,5.418322856955567479e-01,-4.818854029965637942e-01,-3.495627237104760532e+00,-5.532367220099718846e-02,-5.461030601674976559e-01,inf,1.000000000000000000e+00,-3.499999940395355225e-01,-2.767121195793151855e-01,1.300488561391830444e-01,-2.994513511657714844e-01,-1.876856833696365356e-01,8.966722339391708374e-02
5.720000000000244889e+00,5.365807030792739685e-01,-4.772192620293214671e-01,-3.503594338407574948e+00,-5.952585947431865421e-02,-5.496048828952655452e-01,inf,1.000000000000000000e+00,-3.499999940395355225e-01,-3.499999940395355225e-01,-3.146565854549407959e-01,-3.499999940395355225e-01,-3.499999940395355225e-01,1.900158226490020752e-01
5.740000000000251568e+00,5.329393328724610912e-01,-4.711613572325576982e-01,-3.519470300323439105e+00,-5.178920681097296669e-02,-5.431576723424774711e-01,inf,1.000000000000000000e+00,-3.499999940395355225e-01,-3.499999940395355225e-01,-3.286170214414596558e-02,-3.499999940395355225e-01,-3.009177446365356445e-01,1.098455935716629028e-01
5.760000000000258247e+00,5.288293884176861193e-01,-4.650996508161424070e-01,-3.528639025077632940e+00,-5.918412934767287165e-02,-5.493201077897273965e-01,inf,1.000000000000000000e+00,-3.499999940395355225e-01,-3.499999940395355225e-01,-2.617701888084411621e-02,-3.499999940395355225e-01,-3.023849129676818848e-01,1.355608403682708740e-01
5.780000000000264926e+00,5.247945038770315263e-01,-4.590564441310219235e-01,-3.532763924673948175e+00,-6.059580697827788437e-02,-5.504965058152315738e-01,inf,1.000000000000000000e+00,-3.499999940395355225e-01,-3.499999940395355225e-01,-1.982339471578598022e-01,-3.499999940395355225e-01,-3.499999940395355225e-01,1.701757758855819702e-01
5.800000000000271605e+00,5.203679580884694733e-01,-4.532439425922000775e-01,-3.528371210725734120e+00,-5.263839651335353725e-02,-5.438653304277946132e-01,inf,1.000000000000000000e+00,-3.499999940395355225e-01,-3.499999940395355225e-01,-9.946342557668685913e-02,-3.499999940395355225e-01,-3.499999940395355225e-01,1.292202621698379517e-01
5.820000000000278284e+00,5.157372225988349212e-01,-4.479740973330972320e-01,-3.516581115384561862e+00,-5.140092112719605449e-02,-5.428341009393300443e-01,inf,1.000000000000000000e+00,-3.499999940395355225e-01,-3.499999940395355225e-01,-3.295535445213317871e-01,-3.499999940395355225e-01,-3.499999940395355225e-01,1.898370236158370972e-01
5.840000000000284963e+00,5.108669593565182687e-01,-4.432889511943281513e-01,-3.498745917313562437e+00,-4.547497585103252998e-02,-5.378958132091937738e-01,inf,1.000000000000000000e+00,-3.499999940395355225e-01,-3.499999940395355225e-01,-1.943097263574600220e-01,-3.499999940395355225e-01,-3.499999940395355225e-01,1.383925825357437134e-01
5.860000000000291642e+00,5.052786313601554946e-01,-4.394014231743796906e-01,-3.473930226044840808e+00,-4.286424091649525259e-02,-5.357202007637460461e-01,inf,1.000000000000000000e+00,-3.499999940395355225e-01,-3.499999940395355225e-01,-3.499999940395355225e-01,-3.499999940395355225e-01,-3.499999940395355225e-01,1.966960430145263672e-01
5.880000000000298321e+00,4.998332139760359727e-01,-4.360324686654457604e-01,-3.447892509581206077e+00,-4.315952263531906002e-02,-5.359662688627658822e-01,inf,1.000000000000000000e+00,-3.499999940395355225e-01,-3.499999940395355225e-01,-3.499999940395355225e-01,-3.499999940395355225e-01,-3.499999940395355225e-01,1.729360520839691162e-01
5.900000000000305000e+00,4.936308458694789736e-01,-4.333529212884810744e-01,-3.416157973034102735e+00,-4.508050908841858273e-02,-5.375670909070154879e-01,inf,1.000000000000000000e+00,-3.499999940395355225e-01,-3.499999940395355225e-01,-3.499999940395355225e-01,-3.499999940395355225e-01,-3.499999940395355225e-01,1.883059144020080566e-01
5.920000000000311680e+00,4.863588843058035960e-01,-4.314586229918948024e-01,-3.376404367126270234e+00,-4.726233073246581540e-02,-5.393852756103881818e-01,inf,1.000000000000000000e+00,-3.499999940395355225e-01,-3.499999940395355225e-01,-3.499999940395355225e-01,-3.499999940395355225e-01,-3.499999940395355225e-01,2.087225615978240967e-01
5.940000000000318359e+00,4.782768815287785635e-01,-4.303447165572760191e-01,-3.329135528291242707e+00,-4.866723074606919830e-02,-5.405560256217243342e-01,inf,1.000000000000000000e+00,-3.499999940395355225e-01,-3.499999940395355225e-01,-3.499999940395355225e-01,-3.499999940395355225e-01,-3.499999940395355225e-01,2.201005965471267700e-01
5.960000000000325038e+00,4.699131433656515977e-01,-4.299643049973768116e-01,-3.277121755432427452e+00,-4.893129920790006970e-02,-5.407760826732500581e-01,inf,1.000000000000000000e+00,-3.499999940395355225e-01,-3.499999940395355225e-01,-3.499999940395355225e-01,-3.499999940395355225e-01,-3.499999940395355225e-01,2.271298468112945557e-01
5.980000000000331717e+00,4.617254424553821623e-01,-4.302845096981569584e-01,-3.224025366344611232e+00,-4.834000702352749673e-02,-5.402833391862729151e-01,inf,1.000000000000000000e+00,-3.499999940395355225e-01,-3.499999940395355225e-01,-3.499999940395355225e-01,-3.499999940395355225e-01,-3.499999940395355225e-01,2.328604757785797119e-01
6.000000000000338396e+00,4.539658186485260316e-01,-4.312951582120631566e-01,-3.172955079519936383e+00,-4.746143138085807262e-02,-5.395511928173817306e-01,inf,1.000000000000000000e+00,-3.499999940395355225e-01,-3.499999940395355225e-01,-3.499999940395355225e-01,-3.499999940395355225e-01,-3.499999940395355225e-01,2.376204431056976318e-01
6.020000000000345075e+00,4.467286225054868387e-01,-4.329803201499143328e-01,-3.125766869845390872e+00,-4.675746780467502500e-02,-5.389645565038958530e-01,inf,1.000000000000000000e+00,-3.499999940395355225e-01,-3.499999940395355225e-01,-3.499999940395355225e-01,-3.499999940395355225e-01,-3.499999940395355225e-01,2.413869351148605347e-01
6.040000000000351754e+00,4.400420047981058458e-01,-4.353041143039478311e-01,-3.083267486978080285e+00,-4.642887494379008967e-02,-5.386907291198250736e-01,inf,1.000000000000000000e+00,-3.499999940395355225e-01,-3.499999940395355225e-01,-3.499999940395355225e-01,-3.499999940395355225e-01,-3.499999940395355225e-01,2.444033175706863403e-01
6.060000000000358433e+00,4.339348992425484108e-01,-4.382197370477018961e-01,-3.045750661867920428e+00,-4.642990210897046666e-02,-5.386915850908087222e-01,inf,1.000000000000000000e+00,-3.499999940395355225e-01,-3.499999940395355225e-01,-3.499999940395355225e-01,-3.499999940395355225e-01,-3.499999940395355225e-01,2.465401291847229004e-01
6.080000000000365112e+00,4.284480231599664402e-01,-4.416791849867235387e-01,-3.013506210778520877e+00,-4.658948417526773828e-02,-5.388245701460564474e-01,inf,1.000000000000000000e+00,-3.499999940395355225e-01,-3.499999940395355225e-01,-3.499999940395355225e-01,-3.499999940395355225e-01,-3.499999940395355225e-01,2.476074546575546265e-01
6.100000000000371791e+00,4.236142457165048558e-01,-4.456357523967161560e-01,-2.987092532517284571e+00,-4.674113807445099550e-02,-5.389509483953758284e-01,inf,1.000000000000000000e+00,-3.499999940395355225e-01,-3.499999940395355225e-01,-3.499999940395355225e-01,-3.499999940395355225e-01,-3.499999940395355225e-01,2.476624846458435059e-01
6.120000000000378471e+00,4.194396146334199438e-01,-4.500458685058198460e-01,-2.967305445492346649e+00,-4.679773180649621916e-02,-5.389981098387468528e-01,inf,1.000000000000000000e+00,-3.499999940395355225e-01,-3.499999940395355225e-01,-3.499999940395355225e-01,-3.499999940395355225e-01,-3.499999940395355225e-01,2.468396723270416260e-01
6.140000000000385150e+00,4.158995068968144859e-01,-4.548666161139858222e-01,-2.954965786118339377e+00,-4.675865278335420566e-02,-5.389655439861285036e-01,inf,1.000000000000000000e+00,-3.499999940395355225e-01,-3.499999940395355225e-01,-3.499999940395355225e-01,-3.499999940395355225e-01,-3.499999940395355225e-01,2.452021092176437378e-01
6.160000000000391829e+00,4.129514649071293619e-01,-4.600447017425671192e-01,-2.950732703572139570e+00,-4.667324347063685902e-02,-5.388943695588640503e-01,inf,1.000000000000000000e+00,-3.499999940395355225e-01,-3.499999940395355225e-01,-3.499999940395355225e-01,-3.499999940395355225e-01,-3.499999940395355225e-01,2.427586615085601807e-01
6.180000000000398508e+00,4.105591951940755768e-01,-4.655055334921344712e-01,-2.955022076504167039e+00,-4.659571422663492946e-02,-5.388297618555291102e-01,inf,1.000000000000000000e+00,-3.499999940395355225e-01,-3.499999940395355225e-01,-3.499999940395355225e-01,-3.499999940395355225e-01,-3.499999940395355225e-01,2.395034432411193848e-01
6.200000000000405187e+00,4.086939541224169914e-01,-4.711677105784735087e-01,-2.967991165240810414e+00,-4.655591802051870648e-02,-5.387965983504322542e-01,inf,1.000000000000000000e+00,-3.499999940395355225e-01,-3.499999940395355225e-01,-3.499999940395355225e-01,-3.499999940395355225e-01,-3.499999940395355225e-01,2.354487329721450806e-01
6.220000000000411866e+00,4.073215761393145229e-01,-4.769460699117484825e-01,-2.989580505294501478e+00,-4.655230488966952823e-02,-5.387935874080579390e-01,inf,1.000000000000000000e+00,-3.499999940395355225e-01,-3.499999940395355225e-01,-3.499999940395355225e-01,-3.499999940395355225e-01,-3.499999940395355225e-01,2.306276261806488037e-01
6.240000000000418545e+00,4.064048413951010796e-01,-4.827559525600479406e-01,-3.019594700204710325e+00,-4.656354904048915638e-02,-5.388029575337409671e-01,inf,1.000000000000000000e+00,-3.499999940395355225e-01,-3.499999940395355225e-01,-3.499999940395355225e-01,-3.499999940395355225e-01,-3.499999940395355225e-01,2.250053733587265015e-01
6.260000000000425224e+00,4.059045967589866022e-01,-4.885147196604995301e-01,-3.057757906100175838e+00,-4.656660157974918529e-02,-5.388055013164576579e-01,inf,1.000000000000000000e+00,-3.499999940395355225e-01,-3.499999940395355225e-01,-3.499999940395355225e-01,-3.499999940395355225e-01,-3.499999940395355225e-01,2.184683233499526978e-01
6.280000000000431903e+00,4.057692894493943325e-01,-4.941203095705059001e-01,-3.102980335109839061e+00,-4.837431848563689130e-02,-5.403119320713640761e-01,inf,1.000000000000000000e+00,-3.499999940395355225e-01,-3.499999940395355225e-01,-3.409544229507446289e-01,-3.499999940395355225e-01,-3.499999940395355225e-01,2.108892947435379028e-01
6.300000000000438583e+00,4.058494032093223902e-01,-4.994274328871098900e-01,-3.150419790370130091e+00,-4.741246046961422600e-02,-5.395103837246785217e-01,inf,1.000000000000000000e+00,-3.499999940395355225e-01,-3.499999940395355225e-01,-2.887597084045410156e-01,-3.499999940395355225e-01,-3.499999940395355225e-01,2.055661231279373169e-01
6.320000000000445262e+00,4.062114255594572176e-01,-5.044281811649117264e-01,-3.202561410460389002e+00,-5.028317065566993704e-02,-5.419026422130582832e-01,inf,1.000000000000000000e+00,-3.499999940395355225e-01,-3.499999940395355225e-01,-3.265441060066223145e-01,-3.499999940395355225e-01,-3.499999940395355225e-01,2.149962782859802246e-01
6.340000000000451941e+00,4.066350272544424493e-01,-5.089995113047738329e-01,-3.254416621188866987e+00,-4.688677778290362141e-02,-5.390723148190863512e-01,inf,1.000000000000000000e+00,-3.499999940395355225e-01,-3.499999940395355225e-01,-1.959949880838394165e-01,-3.499999940395355225e-01,-3.499999940395355225e-01,1.827689111232757568e-01
6.360000000000458620e+00,4.073636840894006017e-01,-5.131701173498449675e-01,-3.312888363055837004e+00,-4.954186887137312922e-02,-5.412848907261442744e-01,inf,1.000000000000000000e+00,-3.499999940395355225e-01,-3.499999940395355225e-01,-3.391293287277221680e-01,-3.499999940395355225e-01,-3.499999940395355225e-01,2.186866253614425659e-01
6.380000000000465299e+00,4.080778249566865412e-01,-5.168810956996405803e-01,-3.370064895171466901e+00,-5.094363866761812687e-02,-5.424530322230151080e-01,inf,1.000000000000000000e+00,-3.499999940395355225e-01,-3.499999940395355225e-01,-2.230274863541126251e-02,-3.499999940395355225e-01,-2.654003202915191650e-01,1.404823064804077148e-01
6.400000000000471978e+00,4.088483353177855828e-01,-5.200929873916597668e-01,-3.428265168880168634e+00,-5.250705778718729039e-02,-5.437558814893227455e-01,inf,1.000000000000000000e+00,-3.499999940395355225e-01,-3.499999940395355225e-01,-3.088028132915496826e-01,-3.499999940395355225e-01,-3.499999940395355225e-01,2.270169556140899658e-01
6.420000000000478657e+00,4.094641414700646020e-01,-5.227757435597455427e-01,-3.485268545533873219e+00,-5.286290730024831991e-02,-5.440524227502069321e-01,inf,1.000000000000000000e+00,-3.499999940395355225e-01,-3.499999940395355225e-01,5.396573338657617569e-03,-3.499999940395355225e-01,-2.409034669399261475e-01,1.249073147773742676e-01
6.440000000000485336e+00,4.099986416182913596e-01,-5.248760794686475606e-01,-3.542933191360785106e+00,-5.342921068775594723e-02,-5.445243422397966215e-01,inf,1.000000000000000000e+00,-3.499999940395355225e-01,-3.499999940395355225e-01,-2.933149933815002441e-01,-3.499999940395355225e-01,-3.499999940395355225e-01,2.156474143266677856e-01
6.460000000000492015e+00,4.102294094332664676e-01,-5.264314966852833289e-01,-3.596885841628456593e+00,-5.191832666113466860e-02,-5.432652722176122273e-01,inf,1.000000000000000000e+00,-3.499999940395355225e-01,-3.499999940395355225e-01,5.346753820776939392e-02,-3.191919922828674316e-01,-1.809316873550415039e-01,9.857859462499618530e-02
6.480000000000498694e+00,4.103693931300050890e-01,-5.273644530004861775e-01,-3.650563407697332785e+00,-5.083964958365019132e-02,-5.423663746530418273e-01,inf,1.000000000000000000e+00,-3.499999940395355225e-01,-3.499999940395355225e-01,-2.617320418357849121e-01,-3.499999940395355225e-01,-3.499999940395355225e-01,2.128088623285293579e-01
6.500000000000505374e+00,4.102349113139008296e-01,-5.276450248274895394e-01,-3.702446579515679570e+00,-5.552431784905684925e-02,-5.462702648742140399e-01,inf,1.000000000000000000e+00,-3.499999940395355225e-01,-3.482931852340698242e-01,9.621801227331161499e-02,-3.004702925682067871e-01,-1.683942973613739014e-01,8.556090295314788818e-02
6.520000000000512053e+00,4.100564957740159278e-01,-5.271680028393355144e-01,-3.755020770203345126e+00,-5.842902373338088040e-02,-5.486908531111507337e-01,inf,1.000000000000000000e+00,-3.499999940395355225e-01,-3.499999940395355225e-01,-1.486415266990661621e-01,-3.499999940395355225e-01,-3.499999940395355225e-01,1.825693845748901367e-01
6.540000000000518732e+00,4.085289596071111085e-01,-5.259909733801573228e-01,-3.793389637985305818e+00,-4.560550302460351230e-02,-5.380045858538362591e-01,inf,1.000000000000000000e+00,-3.499999940395355225e-01,-2.797573804855346680e-01,1.719689667224884033e-01,-2.650275230407714844e-01,-1.378215700387954712e-01,7.386268675327301025e-02
6.560000000000525411e+00,4.068048758522390118e-01,-5.241764295003539242e-01,-3.826800419090212291e+00,-3.702261454251254413e-02,-5.308521787854271201e-01,inf,1.000000000000000000e+00,-3.499999940395355225e-01,-3.499999940395355225e-01,-3.384228050708770752e-01,-3.499999940395355225e-01,-3.499999940395355225e-01,2.084188461303710938e-01
6.580000000000532090e+00,4.064437337616603751e-01,-5.212788995223689437e-01,-3.875865039863444661e+00,-7.025378274489710306e-02,-5.585448189540809238e-01,inf,1.000000000000000000e+00,-3.499999940395355225e-01,-3.369771838188171387e-01,8.423428237438201904e-02,-3.160647749900817871e-01,-2.003388851881027222e-01,6.792379915714263916e-02
6.600000000000538769e+00,4.050479770455264750e-01,-5.177259955378086254e-01,-3.915663196849704875e+00,-4.693646861449520674e-02,-5.391137238454126734e-01,inf,1.000000000000000000e+00,-3.499999940395355225e-01,-3.001771271228790283e-01,1.588159352540969849e-01,-3.186670243740081787e-01,-1.796426922082901001e-01,1.024849563837051392e-01
6.620000000000545448e+00,4.038738074910815934e-01,-5.133400825221117181e-01,-3.955740270642078116e+00,-8.852921385072383409e-02,-5.737743448756031928e-01,inf,1.000000000000000000e+00,-3.499999940395355225e-01,-3.499999940395355225e-01,-9.657876938581466675e-02,-3.499999940395355225e-01,-3.397231101989746094e-01,1.507230401039123535e-01
6.640000000000552127e+00,4.011356449673523228e-01,-5.083598461220593112e-01,-3.979848249907286029e+00,-4.282724757009894606e-02,-5.356893729750824562e-01,inf,1.000000000000000000e+00,-3.499999940395355225e-01,-2.413782030344009399e-01,1.828926056623458862e-01,-2.552137672901153564e-01,-1.427964419126510620e-01,7.742137461900711060e-02
6.660000000000558806e+00,3.981067408935104468e-01,-5.030694538073330335e-01,-3.994166180665020160e+00,-5.569886644773500844e-02,-5.464157220397791725e-01,inf,1.000000000000000000e+00,-3.499999940395355225e-01,-3.499999940395355225e-01,-3.345502614974975586e-01,-3.499999940395355225e-01,-3.499999940395355225e-01,1.975244879722595215e-01
6.680000000000565485e+00,3.980944951440543722e-01,-4.968512961251193571e-01,-4.027227590783197364e+00,-5.973018495765920061e-02,-5.497751541313826706e-01,inf,1.000000000000000000e+00,-3.499999940395355225e-01,-3.499999940395355225e-01,2.129337191581726074e-02,-3.499999940395355225e-01,-2.583804428577423096e-01,8.533903956413269043e-02
6.700000000000572165e+00,3.960159524262201747e-01,-4.900129293935606700e-01,-4.042180968604829339e+00,-5.252762845048817436e-02,-5.437730237087401441e-01,inf,1.000000000000000000e+00,-3.499999940395355225e-01,-2.486899942159652710e-01,1.652860939502716064e-01,-2.822451591491699219e-01,-1.681960523128509521e-01,9.598509967327117920e-02
6.720000000000578844e+00,3.932231543611779401e-01,-4.831934361280059154e-01,-4.045618070720019332e+00,-4.887405326885909534e-02,-5.407283777240492473e-01,inf,1.000000000000000000e+00,-3.499999940395355225e-01,-3.499999940395355225e-01,-3.446904122829437256e-01,-3.499999940395355225e-01,-3.499999940395355225e-01,1.989893615245819092e-01
6.740000000000585523e+00,3.932929762825381759e-01,-4.761311224300527334e-01,-4.062043681227546443e+00,-5.342556627040843942e-02,-5.445213052253403685e-01,inf,1.000000000000000000e+00,-3.499999940395355225e-01,-3.499999940395355225e-01,-5.755472555756568909e-02,-3.499999940395355225e-01,-3.247466981410980225e-01,1.133538410067558289e-01
6.760000000000592202e+00,3.926493218918195027e-01,-4.687707275588515743e-01,-4.070162963280168356e+00,-4.676087369911297031e-02,-5.389673947492608086e-01,inf,1.000000000000000000e+00,-3.499999940395355225e-01,-3.379712104797363281e-01,3.266103938221931458e-02,-3.499999940395355225e-01,-2.552630901336669922e-01,1.201142072677612305e-01
6.780000000000598881e+00,3.915224701020612041e-01,-4.615737257469346710e-01,-4.069921411463107042e+00,-4.336543456452934819e-02,-5.361378621371077902e-01,inf,1.000000000000000000e+00,-3.499999940395355225e-01,-3.499999940395355225e-01,-2.786189317703247070e-01,-3.499999940395355225e-01,-3.499999940395355225e-01,1.819049119949340820e-01
6.800000000000605560e+00,3.909347443345165818e-01,-4.544673331426622442e-01,-4.066325744545123300e+00,-4.826891395942820712e-02,-5.402240949661901714e-01,inf,1.000000000000000000e+00,-3.499999940395355225e-01,-3.499999940395355225e-01,-1.265271902084350586e-01,-3.499999940395355225e-01,-3.499999940395355225e-01,1.335999220609664917e-01
6.820000000000612239e+00,3.900647118173333761e-01,-4.476461490883700267e-01,-4.056439108357585255e+00,-4.637124203850393617e-02,-5.386427016987532790e-01,inf,1.000000000000000000e+00,-3.499999940395355225e-01,-3.499999940395355225e-01,-2.408451586961746216e-01,-3.499999940395355225e-01,-3.499999940395355225e-01,1.681281030178070068e-01
6.840000000000618918e+00,3.885108623413310314e-01,-4.411726898464694013e-01,-4.039698971254076731e+00,-5.049996493199247066e-02,-5.420833041099937244e-01,inf,1.000000000000000000e+00,-3.499999940395355225e-01,-3.499999940395355225e-01,-2.218829095363616943e-01,-3.499999940395355225e-01,-3.499999940395355225e-01,1.545613259077072144e-01
6.860000000000625597e+00,3.863786866628894368e-01,-4.351429824772927724e-01,-4.018265621894382633e+00,-5.420045860896762629e-02,-5.451670488408063564e-01,inf,1.000000000000000000e+00,-3.499999940395355225e-01,-3.499999940395355225e-01,-3.499999940395355225e-01,-3.499999940395355225e-01,-3.499999940395355225e-01,1.841475516557693481e-01
6.880000000000632276e+00,3.835896633797256650e-01,-4.294664045303734912e-01,-3.992657077823718037e+00,-5.181131367286177791e-02,-5.431760947273848172e-01,inf,1.000000000000000000e+00,-3.499999940395355225e-01,-3.499999940395355225e-01,-3.151417374610900879e-01,-3.499999940395355225e-01,-3.499999940395355225e-01,1.654963791370391846e-01
6.900000000000638956e+00,3.794595513571467071e-01,-4.238948955491962378e-01,-3.959244567879888876e+00,-5.028942295367646448e-02,-5.419078524613970549e-01,inf,1.000000000000000000e+00,-3.499999940395355225e-01,-3.499999940395355225e-01,-3.499999940395355225e-01,-3.499999940395355225e-01,-3.499999940395355225e-01,1.958213448524475098e-01
6.920000000000645635e+00,3.742206047705253225e-01,-4.185483576370628844e-01,-3.918743171240462342e+00,-5.003317373628925896e-02,-5.416943114469077170e-01,inf,1.000000000000000000e+00,-3.499999940395355225e-01,-3.499999940395355225e-01,-3.499999940395355225e-01,-3.499999940395355225e-01,-3.499999940395355225e-01,2.070703208446502686e-01
6.940000000000652314e+00,3.680572983229811190e-01,-4.135131507506009108e-01,-3.871741332215199893e+00,-5.085339339798573138e-02,-5.423778278316547796e-01,inf,1.000000000000000000e+00,-3.499999940395355225e-01,-3.499999940395355225e-01,-3.499999940395355225e-01,-3.499999940395355225e-01,-3.499999940395355225e-01,2.174195349216461182e-01
6.960000000000658993e+00,3.613171803340846644e-01,-4.089601018387724052e-01,-3.820646290041851856e+00,-5.211544436585113793e-02,-5.434295369715426149e-01,inf,1.000000000000000000e+00,-3.499999940395355225e-01,-3.499999940395355225e-01,-3.499999940395355225e-01,-3.499999940395355225e-01,-3.499999940395355225e-01,2.251699417829513550e-01
6.980000000000665672e+00,3.543146847767191798e-01,-4.050623539260994610e-01,-3.768545958103779459e+00,-5.315382792950731211e-02,-5.442948566079227612e-01,inf,1.000000000000000000e+00,-3.499999940395355225e-01,-3.499999940395355225e-01,-3.499999940395355225e-01,-3.499999940395355225e-01,-3.499999940395355225e-01,2.315549701452255249e-01
7.000000000000672351e+00,3.472503759800401602e-01,-4.019386556929072096e-01,-3.718115887618229642e+00,-5.363017581905733105e-02,-5.446918131825477793e-01,inf,1.000000000000000000e+00,-3.499999940395355225e-01,-3.499999940395355225e-01,-3.499999940395355225e-01,-3.499999940395355225e-01,-3.499999940395355225e-01,2.369733154773712158e-01
7.020000000000679030e+00,3.402382664253200129e-01,-3.996394478904740644e-01,-3.671086382510626134e+00,-5.356059834040385187e-02,-5.446338319503365444e-01,inf,1.000000000000000000e+00,-3.499999940395355225e-01,-3.499999940395355225e-01,-3.499999940395355225e-01,-3.499999940395355225e-01,-3.499999940395355225e-01,2.412646561861038208e-01
7.040000000000685709e+00,3.333518963977500360e-01,-3.981653939155147537e-01,-3.628379638589233736e+00,-5.318011080347213176e-02,-5.443167590028934466e-01,inf,1.000000000000000000e+00,-3.499999940395355225e-01,-3.499999940395355225e-01,-3.499999940395355225e-01,-3.499999940395355225e-01,-3.499999940395355225e-01,2.443507611751556396e-01
7.060000000000692388e+00,3.266562527936209270e-01,-3.975009826992618178e-01,-3.590513127132390014e+00,-5.276108372894530024e-02,-5.439675697741210847e-01,inf,1.000000000000000000e+00,-3.499999940395355225e-01,-3.499999940395355225e-01,-3.499999940395355225e-01,-3.499999940395355225e-01,-3.499999940395355225e-01,2.462845444679260254e-01
7.080000000000699067e+00,3.202124882729644462e-01,-3.976291900851177674e-01,-3.557969044766790656e+00,-5.247855571713344602e-02,-5.437321297642778717e-01,inf,1.000000000000000000e+00,-3.499999940395355225e-01,-3.499999940395355225e-01,-3.499999940395355225e-01,-3.499999940395355225e-01,-3.499999940395355225e-01,2.471931576728820801e-01
7.100000000000705747e+00,3.140684669498877146e-01,-3.985265454890560832e-01,-3.531394894986213728e+00,-5.237246665151706893e-02,-5.436437222095975574e-01,inf,1.000000000000000000e+00,-3.499999940395355225e-01,-3.499999940395355225e-01,-3.499999940395355225e-01,-3.499999940395355225e-01,-3.499999940395355225e-01,2.471470683813095093e-01
7.120000000000712426e+00,3.082487915343890550e-01,-4.001567827391737109e-01,-3.511575126793962998e+00,-5.238579029907417667e-02,-5.436548252492284794e-01,inf,1.000000000000000000e+00,-3.499999940395355225e-01,-3.499999940395355225e-01,-3.499999940395355225e-01,-3.499999940395355225e-01,-3.499999940395355225e-01,2.461709380149841309e-01
7.140000000000719105e+00,3.027547161616291893e-01,-4.024676256246562667e-01,-3.499265710162525522e+00,-5.243108337358153015e-02,-5.436925694779846108e-01,inf,1.000000000000000000e+00,-3.499999940395355225e-01,-3.499999940395355225e-01,-3.499999940395355225e-01,-3.499999940395355225e-01,-3.499999940395355225e-01,2.443085312843322754e-01
7.160000000000725784e+00,2.975794422332693201e-01,-4.053888101839903113e-01,-3.495060150697293810e+00,-5.244424356471331233e-02,-5.437035363039277591e-01,inf,1.000000000000000000e+00,-3.499999940395355225e-01,-3.499999940395355225e-01,-3.499999940395355225e-01,-3.499999940395355225e-01,-3.499999940395355225e-01,2.416299730539321899e-01
7.180000000000732463e+00,2.927319463517253362e-01,-4.088362673151658688e-01,-3.499337850777550774e+00,-5.240246889233945993e-02,-5.436687240769495499e-01,inf,1.000000000000000000e+00,-3.499999940395355225e-01,-3.499999940395355225e-01,-3.499999940395355225e-01,-3.499999940395355225e-01,-3.499999940395355225e-01,2.382069677114486694e-01
7.200000000000739142e+00,2.882299341385408109e-01,-4.127257032893515420e-01,-3.512252334251503516e+00,-5.231696053222449627e-02,-5.435974671101870825e-01,inf,1.000000000000000000e+00,-3.499999940395355225e-01,-3.499999940395355225e-01,-3.499999940395355225e-01,-3.499999940395355225e-01,-3.499999940395355225e-01,2.341128736734390259e-01
7.220000000000745821e+00,2.840879154503213044e-01,-4.169682785423397542e-01,-3.533760777615805537e+00,-5.221281961061476767e-02,-5.435106830088456409e-01,inf,1.000000000000000000e+00,-3.499999940395355225e-01,-3.499999940395355225e-01,-3.499999940395355225e-01,-3.499999940395355225e-01,-3.499999940395355225e-01,2.294025868177413940e-01
7.240000000000752500e+00,2.803176303180216489e-01,-4.214743743865204673e-01,-3.563687798641420823e+00,-5.211057492367379002e-02,-5.434254791030614928e-01,inf,1.000000000000000000e+00,-3.499999940395355225e-01,-3.499999940395355225e-01,-3.499999940395355225e-01,-3.499999940395355225e-01,-3.499999940395355225e-01,2.240094095468521118e-01
7.260000000000759179e+00,2.769283915125698714e-01,-4.261543246393033613e-01,-3.601769731168933397e+00,-5.201854490518215829e-02,-5.433487874209851354e-01,inf,1.000000000000000000e+00,-3.499999940395355225e-01,-3.499999940395355225e-01,-3.499999940395355225e-01,-3.499999940395355225e-01,-3.499999940395355225e-01,2.177380472421646118e-01
7.280000000000765858e+00,2.739364476312859953e-01,-4.309075356675109436e-01,-3.647423463858761039e+00,-5.303150645905452265e-02,-5.441929220492121022e-01,inf,1.000000000000000000e+00,-3.499999940395355225e-01,-3.499999940395355225e-01,-3.471445441246032715e-01,-3.499999940395355225e-01,-3.499999940395355225e-01,2.103662341833114624e-01
7.300000000000772538e+00,2.712795095493998887e-01,-4.355084660332673163e-01,-3.695144031028050335e+00,-5.274000071755020197e-02,-5.439500005979585051e-01,inf,1.000000000000000000e+00,-3.499999940395355225e-01,-3.499999940395355225e-01,-2.855033874511718750e-01,-3.499999940395355225e-01,-3.499999940395355225e-01,2.027172595262527466e-01
7.320000000000779217e+00,2.690256177480725430e-01,-4.399937138596895503e-01,-3.747649741525945988e+00,-5.379395761578442681e-02,-5.448282980131536890e-01,inf,1.000000000000000000e+00,-3.499999940395355225e-01,-3.499999940395355225e-01,-3.355967700481414795e-01,-3.499999940395355225e-01,-3.499999940395355225e-01,2.163929641246795654e-01
7.340000000000785896e+00,2.670402386752616652e-01,-4.441343560805400825e-01,-3.799727795310733125e+00,-5.334609614205913786e-02,-5.444550801183826172e-01,inf,1.000000000000000000e+00,-3.499999940395355225e-01,-3.499999940395355225e-01,-1.932450532913208008e-01,-3.499999940395355225e-01,-3.499999940395355225e-01,1.796492189168930054e-01
7.360000000000792575e+00,2.655104617210505835e-01,-4.480733635621197974e-01,-3.857841980766804735e+00,-5.291065966340346982e-02,-5.440922163861695582e-01,inf,1.000000000000000000e+00,-3.499999940395355225e-01,-3.499999940395355225e-01,-3.472363948822021484e-01,-3.499999940395355225e-01,-3.499999940395355225e-01,2.202448546886444092e-01
7.380000000000799254e+00,2.642060377616687883e-01,-4.516096454524545223e-01,-3.914815962189751364e+00,-5.284018971727193204e-02,-5.440334914310599457e-01,inf,1.000000000000000000e+00,-3.499999940395355225e-01,-3.499999940395355225e-01,-3.880116343498229980e-02,-3.499999940395355225e-01,-2.730959355831146240e-01,1.410312801599502563e-01
7.400000000000805933e+00,2.632066537463422784e-01,-4.547489885089891493e-01,-3.972895252284156520e+00,-5.261504373679021934e-02,-5.438458697806585196e-01,inf,1.000000000000000000e+00,-3.499999940395355225e-01,-3.499999940395355225e-01,-3.137891888618469238e-01,-3.499999940395355225e-01,-3.499999940395355225e-01,2.263551056385040283e-01
7.420000000000812612e+00,2.623509402468747198e-01,-4.573617579805257516e-01,-4.029800932574461036e+00,-5.285235691611784442e-02,-5.440436307634315405e-01,inf,1.000000000000000000e+00,-3.499999940395355225e-01,-3.499999940395355225e-01,-5.358860827982425690e-03,-3.499999940395355225e-01,-2.470621317625045776e-01,1.261164247989654541e-01
7.440000000000819291e+00,2.617382088009834185e-01,-4.594445314079340648e-01,-4.087556526752116781e+00,-5.284760221012625020e-02,-5.440396685084385453e-01,inf,1.000000000000000000e+00,-3.499999940395355225e-01,-3.499999940395355225e-01,-2.887849211692810059e-01,-3.499999940395355225e-01,-3.499999940395355225e-01,2.146235257387161255e-01
7.460000000000825970e+00,2.611639659830256588e-01,-4.609057242811125943e-01,-4.141943766589287534e+00,-5.382217657863686000e-02,-5.448518138155307167e-01,inf,1.000000000000000000e+00,-3.499999940395355225e-01,-3.499999940395355225e-01,5.174928158521652222e-02,-3.261652886867523193e-01,-1.869687139987945557e-01,9.978495538234710693e-02
7.480000000000832650e+00,2.608424609419047746e-01,-4.617819306710522764e-01,-4.196243216408067411e+00,-5.435230999385640832e-02,-5.452935916615470058e-01,inf,1.000000000000000000e+00,-3.499999940395355225e-01,-3.499999940395355225e-01,-2.442094385623931885e-01,-3.499999940395355225e-01,-3.499999940395355225e-01,2.072778344154357910e-01
7.500000000000839329e+00,2.605247171802383965e-01,-4.619044843948727497e-01,-4.247164110164698414e+00,-5.181935019381595647e-02,-5.431827918281799672e-01,inf,1.000000000000000000e+00,-3.499999940395355225e-01,-3.411177992820739746e-01,9.873285144567489624e-02,-3.005840182304382324e-01,-1.682357490062713623e-01,8.687351644039154053e-02
7.520000000000846008e+00,2.605284883841173516e-01,-4.613657175831625823e-01,-4.298043008028238354e+00,-5.026417220885059933e-02,-5.418868101740421661e-01,inf,1.000000000000000000e+00,-3.499999940395355225e-01,-3.499999940395355225e-01,-1.722768694162368774e-01,-3.499999940395355225e-01,-3.499999940395355225e-01,1.853699833154678345e-01
7.540000000000852687e+00,2.600318652996568836e-01,-4.596718138292518741e-01,-4.338529149736718438e+00,-5.624400092108516880e-02,-5.468700007675709740e-01,inf,1.000000000000000000e+00,-3.499999940395355225e-01,-2.879540324211120605e-01,1.541428714990615845e-01,-2.744082212448120117e-01,-1.486303508281707764e-01,7.484914362430572510e-02
7.560000000000859366e+00,2.598088560225741972e-01,-4.573421613292608656e-01,-4.376204632143003259e+00,-6.056684659714894892e-02,-5.504723721642907908e-01,inf,1.000000000000000000e+00,-3.499999940395355225e-01,-3.499999940395355225e-01,-2.644980549812316895e-01,-3.499999940395355225e-01,-3.499999940395355225e-01,1.917606294155120850e-01
7.580000000000866045e+00,2.603799325853441426e-01,-4.544170258827284203e-01,-4.418636000742691472e+00,-4.193764916436108769e-02,-5.349480409703009087e-01,inf,1.000000000000000000e+00,-3.499999940395355225e-01,-3.019521534442901611e-01,1.228238642215728760e-01,-2.936612069606781006e-01,-1.769459098577499390e-01,6.832444667816162109e-02
7.600000000000872724e+00,2.618731328289889415e-01,-4.509355935251244119e-01,-4.466077621400994069e+00,-7.657407708747911157e-02,-5.638117309062325999e-01,inf,1.000000000000000000e+00,-3.499999940395355225e-01,-3.499999940395355225e-01,-1.341326162219047546e-02,-3.499999940395355225e-01,-2.959610223770141602e-01,1.365952789783477783e-01
7.620000000000879403e+00,2.618374955377262281e-01,-4.454409189363482957e-01,-4.489183374583014974e+00,-7.051765017090171929e-03,-5.058764708475751437e-01,inf,1.000000000000000000e+00,-3.148254752159118652e-01,-1.913599967956542969e-01,2.399032711982727051e-01,-2.123919427394866943e-01,-1.047515943646430969e-01,7.132052630186080933e-02
7.640000000000886082e+00,2.614987970770490944e-01,-4.395087175258629020e-01,-4.499535072731235985e+00,-3.936286245608609097e-02,-5.328023853800717413e-01,inf,1.000000000000000000e+00,-3.499999940395355225e-01,-3.499999940395355225e-01,-3.499999940395355225e-01,-3.499999940395355225e-01,-3.499999940395355225e-01,2.021234482526779175e-01
7.660000000000892761e+00,2.645953195789194634e-01,-4.349416362510704070e-01,-4.540173901986754856e+00,-6.812700581030424474e-02,-5.567725048419202016e-01,inf,1.000000000000000000e+00,-3.499999940395355225e-01,-3.499999940395355225e-01,2.036223188042640686e-02,-3.499999940395355225e-01,-2.650373280048370361e-01,7.742610573768615723e-02
7.680000000000899441e+00,2.660047135664693752e-01,-4.285110023563010739e-01,-4.560663968520854539e+00,-1.423740188314357412e-02,-5.118645015692863121e-01,inf,1.000000000000000000e+00,-3.245664238929748535e-01,-1.970742046833038330e-01,2.162614315748214722e-01,-2.230791002511978149e-01,-1.169479563832283020e-01,8.345256000757217407e-02
7.700000000000906120e+00,2.666580183599454590e-01,-4.215798765630716094e-01,-4.567465273759096611e+00,-4.506858726760309963e-02,-5.375571560563359164e-01,inf,1.000000000000000000e+00,-3.499999940395355225e-01,-3.499999940395355225e-01,-3.334762454032897949e-01,-3.499999940395355225e-01,-3.499999940395355225e-01,2.008499801158905029e-01
7.720000000000912799e+00,2.701701599399342624e-01,-4.159283365769746443e-01,-4.591827251656745545e+00,-6.283684438338278666e-02,-5.523640369861523292e-01,inf,1.000000000000000000e+00,-3.499999940395355225e-01,-3.499999940395355225e-01,-1.764719001948833466e-02,-3.499999940395355225e-01,-2.970460057258605957e-01,1.027778014540672302e-01
7.740000000000919478e+00,2.730752284488443538e-01,-4.091101889217761411e-01,-4.604257732365487854e+00,-3.778748229905724149e-02,-5.314895685825477001e-01,inf,1.000000000000000000e+00,-3.499999940395355225e-01,-3.022426962852478027e-01,7.677651196718215942e-02,-3.344536125659942627e-01,-2.155925929546356201e-01,1.135369166731834412e-01
7.760000000000926157e+00,2.756190492487067822e-01,-4.019538718686029855e-01,-4.606200685403565309e+00,-4.779016621618161625e-02,-5.398251385134846814e-01,inf,1.000000000000000000e+00,-3.499999940395355225e-01,-3.499999940395355225e-01,-3.140839934349060059e-01,-3.499999940395355225e-01,-3.499999940395355225e-01,1.867470741271972656e-01
7.780000000000932836e+00,2.793785618219492006e-01,-3.954892609107769630e-01,-4.609523995262679641e+00,-4.577413531358737880e-02,-5.381451127613228191e-01,inf,1.000000000000000000e+00,-3.499999940395355225e-01,-3.499999940395355225e-01,-9.438803046941757202e-02,-3.499999940395355225e-01,-3.420117199420928955e-01,1.282342374324798584e-01
7.800000000000939515e+00,2.827421886401404461e-01,-3.888999905191970474e-01,-4.605468532463717679e+00,-4.653799975762074048e-02,-5.387816664646839504e-01,inf,1.000000000000000000e+00,-3.499999940395355225e-01,-3.499999940395355225e-01,-1.285388618707656860e-01,-3.499999940395355225e-01,-3.499999940395355225e-01,1.475876718759536743e-01
7.820000000000946194e+00,2.854794065589950081e-01,-3.824474808160535644e-01,-4.595292844467011584e+00,-4.515152640876513718e-02,-5.376262720073042845e-01,inf,1.000000000000000000e+00,-3.499999940395355225e-01,-3.499999940395355225e-01,-2.155286073684692383e-01,-3.499999940395355225e-01,-3.499999940395355225e-01,1.649699211120605469e-01
7.840000000000952873e+00,2.874378007325520401e-01,-3.760392985649700370e-01,-4.578833828895727542e+00,-4.701054462058777694e-02,-5.391754538504898164e-01,inf,1.000000000000000000e+00,-3.499999940395355225e-01,-3.499999940395355225e-01,-2.302954643964767456e-01,-3.499999940395355225e-01,-3.499999940395355225e-01,1.575773060321807861e-01
7.860000000000959552e+00,2.886609880623890456e-01,-3.696663819741550228e-01,-4.557256149978394788e+00,-4.497806584841481520e-02,-5.374817215403456805e-01,inf,1.000000000000000000e+00,-3.499999940395355225e-01,-3.499999940395355225e-01,-3.148722648620605469e-01,-3.499999940395355225e-01,-3.499999940395355225e-01,1.726792752742767334e-01
7.880000000000966232e+00,2.891971973397812201e-01,-3.632691047471565127e-01,-4.531369789611141563e+00,-4.620799283407057284e-02,-5.385066606950588142e-01,inf,1.000000000000000000e+00,-3.499999940395355225e-01,-3.499999940395355225e-01,-3.233162760734558105e-01,-3.499999940395355225e-01,-3.499999940395355225e-01,1.697898060083389282e-01
7.900000000000972911e+00,2.888018821138796377e-01,-3.565328061648199709e-01,-4.499489547197485173e+00,-4.848864554758769430e-02,-5.404072046229897452e-01,inf,1.000000000000000000e+00,-3.499999940395355225e-01,-3.499999940395355225e-01,-3.499999940395355225e-01,-3.499999940395355225e-01,-3.499999940395355225e-01,1.884151250123977661e-01
7.920000000000979590e+00,2.873863687667678746e-01,-3.494344595773262729e-01,-4.460976247952848084e+00,-5.082262005250881565e-02,-5.423521833770906797e-01,inf,1.000000000000000000e+00,-3.499999940395355225e-01,-3.499999940395355225e-01,-3.499999940395355225e-01,-3.499999940395355225e-01,-3.499999940395355225e-01,2.015261352062225342e-01
7.940000000000986269e+00,2.849394636273093750e-01,-3.420401163679167578e-01,-4.415651090368030829e+00,-5.241287217922980385e-02,-5.436773934826915067e-01,inf,1.000000000000000000e+00,-3.499999940395355225e-01,-3.499999940395355225e-01,-3.499999940395355225e-01,-3.499999940395355225e-01,-3.499999940395355225e-01,2.140772938728332520e-01
7.960000000000992948e+00,2.816396326795037042e-01,-3.346632350345891127e-01,-4.365441279171675681e+00,-5.294328065821178597e-02,-5.441194005485098240e-01,inf,1.000000000000000000e+00,-3.499999940395355225e-01,-3.499999940395355225e-01,-3.499999940395355225e-01,-3.499999940395355225e-01,-3.499999940395355225e-01,2.229741215705871582e-01
7.980000000000999627e+00,2.777039725085083677e-01,-3.276598430009544094e-01,-4.313399243211706313e+00,-5.261940324358138632e-02,-5.438495027029844886e-01,inf,1.000000000000000000e+00,-3.499999940395355225e-01,-3.499999940395355225e-01,-3.499999940395355225e-01,-3.499999940395355225e-01,-3.499999940395355225e-01,2.302419990301132202e-01
8.000000000001005418e+00,2.732901448669910471e-01,-3.212849127321477649e-01,-4.262506382391753057e+00,-5.191712457710035561e-02,-5.432642704809169665e-01,inf,1.000000000000000000e+00,-3.499999940395355225e-01,-3.499999940395355225e-01,-3.499999940395355225e-01,-3.499999940395355225e-01,-3.499999940395355225e-01,2.361069619655609131e-01
8.020000000000994334e+00,2.684944556984299457e-01,-3.156660644254166703e-01,-4.214891279256111289e+00,-5.127179334302543051e-02,-5.427264944525211909e-01,inf,1.000000000000000000e+00,-3.499999940395355225e-01,-3.499999940395355225e-01,-3.499999940395355225e-01,-3.499999940395355225e-01,-3.499999940395355225e-01,2.403720915317535400e-01
8.040000000000983249e+00,2.633826408167848077e-01,-3.108422606594969939e-01,-4.171759167410924007e+00,-5.091498195940134114e-02,-5.424291516328344498e-01,inf,1.000000000000000000e+00,-3.499999940395355225e-01,-3.499999940395355225e-01,-3.499999940395355225e-01,-3.499999940395355225e-01,-3.499999940395355225e-01,2.433688044548034668e-01
8.060000000000972165e+00,2.580128918938037197e-01,-3.068227800547411732e-01,-4.133725073123645011e+00,-5.085629832530322997e-02,-5.423802486044193572e-01,inf,1.000000000000000000e+00,-3.499999940395355225e-01,-3.499999940395355225e-01,-3.499999940395355225e-01,-3.499999940395355225e-01,-3.499999940395355225e-01,2.453263550996780396e-01
8.080000000000961080e+00,2.524422537761015772e-01,-3.036151805405706838e-01,-4.101214530203526110e+00,-5.096927663333321312e-02,-5.424743971944443466e-01,inf,1.000000000000000000e+00,-3.499999940395355225e-01,-3.499999940395355225e-01,-3.499999940395355225e-01,-3.499999940395355225e-01,-3.499999940395355225e-01,2.462385892868041992e-01
8.100000000000949996e+00,2.467249579458362652e-01,-3.012192287688517656e-01,-4.074753090574994019e+00,-5.110486714670776226e-02,-5.425873892889231387e-01,inf,1.000000000000000000e+00,-3.499999940395355225e-01,-3.499999940395355225e-01,-3.499999940395355225e-01,-3.499999940395355225e-01,-3.499999940395355225e-01,2.460990846157073975e-01
8.120000000000938911e+00,2.409050079067884820e-01,-2.996149687671093576e-01,-4.055020426721529958e+00,-5.116892731302664227e-02,-5.426407727608555387e-01,inf,1.000000000000000000e+00,-3.499999940395355225e-01,-3.499999940395355225e-01,-3.499999940395355225e-01,-3.499999940395355225e-01,-3.499999940395355225e-01,2.449674457311630249e-01
8.140000000000927827e+00,2.350139082717613292e-01,-2.987582837604381703e-01,-4.042725898322112599e+00,-5.114283528934260303e-02,-5.426190294077855025e-01,inf,1.000000000000000000e+00,-3.499999940395355225e-01,-3.499999940395355225e-01,-3.499999940395355225e-01,-3.499999940395355225e-01,-3.499999940395355225e-01,2.429331243038177490e-01
8.160000000000916742e+00,2.290827515835647810e-01,-2.985863800336157059e-01,-4.038472116326935257e+00,-5.106113762102535564e-02,-5.425509480175211285e-01,inf,1.000000000000000000e+00,-3.499999940395355225e-01,-3.499999940395355225e-01,-3.499999940395355225e-01,-3.499999940395355225e-01,-3.499999940395355225e-01,2.400930225849151611e-01
8.180000000000905658e+00,2.231610882417991992e-01,-2.990331702158684490e-01,-4.042676104391548897e+00,-5.097359063484336456e-02,-5.424779921957028073e-01,inf,1.000000000000000000e+00,-3.499999940395355225e-01,-3.499999940395355225e-01,-3.499999940395355225e-01,-3.499999940395355225e-01,-3.499999940395355225e-01,2.365470677614212036e-01
8.200000000000894573e+00,2.173058474189449307e-01,-3.000372637262593289e-01,-4.055528259767632093e+00,-5.091519389861871164e-02,-5.424293282488489298e-01,inf,1.000000000000000000e+00,-3.499999940395355225e-01,-3.499999940395355225e-01,-3.499999940395355225e-01,-3.499999940395355225e-01,-3.499999940395355225e-01,2.324111312627792358e-01
8.220000000000883489e+00,2.115743024411754214e-01,-3.015313501378276695e-01,-4.077003609569367804e+00,-5.089340635751477687e-02,-5.424111719645956509e-01,inf,1.000000000000000000e+00,-3.499999940395355225e-01,-3.499999940395355225e-01,-3.499999940395355225e-01,-3.499999940395355225e-01,-3.499999940395355225e-01,2.277791053056716919e-01
8.240000000000872404e+00,2.060227215667134737e-01,-3.034450663555073868e-01,-4.106922961104296554e+00,-5.089360737175336463e-02,-5.424113394764611407e-01,inf,1.000000000000000000e+00,-3.499999940395355225e-01,-3.499999940395355225e-01,-3.499999940395355225e-01,-3.499999940395355225e-01,-3.499999940395355225e-01,2.225816696882247925e-01
8.260000000000861320e+00,2.007059177023776675e-01,-3.057058811437602941e-01,-4.145006411721960937e+00,-5.089405173246865782e-02,-5.424117097770572160e-01,inf,1.000000000000000000e+00,-3.499999940395355225e-01,-3.499999940395355225e-01,-3.499999940395355225e-01,-3.499999940395355225e-01,-3.499999940395355225e-01,2.165704816579818726e-01
8.280000000000850235e+00,1.956902034605518259e-01,-3.082406121574539637e-01,-4.190837804386883469e+00,-5.127761273221942417e-02,-5.427313439435161868e-01,inf,1.000000000000000000e+00,-3.499999940395355225e-01,-3.499999940395355225e-01,-3.493906855583190918e-01,-3.499999940395355225e-01,-3.499999940395355225e-01,2.094412446022033691e-01
8.300000000000839151e+00,1.910408918320482541e-01,-3.108216713986297619e-01,-4.238903336586244741e+00,-5.168500871213494580e-02,-5.430708405934457916e-01,inf,1.000000000000000000e+00,-3.499999940395355225e-01,-3.499999940395355225e-01,-2.872487008571624756e-01,-3.499999940395355225e-01,-3.499999940395355225e-01,2.010539025068283081e-01
8.320000000000828067e+00,1.867975690729694049e-01,-3.135002275807390326e-01,-4.291465280652641212e+00,-5.144671989347480295e-02,-5.428722665778956680e-01,inf,1.000000000000000000e+00,-3.499999940395355225e-01,-3.499999940395355225e-01,-3.345007598400115967e-01,-3.499999940395355225e-01,-3.499999940395355225e-01,2.149154841899871826e-01
8.340000000000816982e+00,1.829688869525868400e-01,-3.160482966360317891e-01,-4.344331571272327608e+00,-5.336947617889662571e-02,-5.444745634824138536e-01,inf,1.000000000000000000e+00,-3.499999940395355225e-01,-3.499999940395355225e-01,-2.064849734306335449e-01,-3.499999940395355225e-01,-3.499999940395355225e-01,1.810228377580642700e-01
8.360000000000805898e+00,1.796446967155786445e-01,-3.186655504574009701e-01,-4.403539089960018416e+00,-5.453623865388914499e-02,-5.454468655449076220e-01,inf,1.000000000000000000e+00,-3.499999940395355225e-01,-3.499999940395355225e-01,-3.280259072780609131e-01,-3.499999940395355225e-01,-3.499999940395355225e-01,2.154136151075363159e-01
8.380000000000794813e+00,1.767211142846549232e-01,-3.210412949612438949e-01,-4.461387629331129645e+00,-5.546498660714762469e-02,-5.462208221726230217e-01,inf,1.000000000000000000e+00,-3.499999940395355225e-01,-3.499999940395355225e-01,-3.830228745937347412e-02,-3.499999940395355225e-01,-2.714819610118865967e-01,1.405980587005615234e-01
8.400000000000783729e+00,1.742683601924555625e-01,-3.232259941990982544e-01,-4.520162408311607649e+00,-5.620730764553596298e-02,-5.468394230379466370e-01,inf,1.000000000000000000e+00,-3.499999940395355225e-01,-3.499999940395355225e-01,-3.074332475662231445e-01,-3.499999940395355225e-01,-3.499999940395355225e-01,2.243969887495040894e-01
8.420000000000772644e+00,1.722136446643157126e-01,-3.250217903533402231e-01,-4.577675641595916112e+00,-5.679360183897221720e-02,-5.473280015324768488e-01,inf,1.000000000000000000e+00,-3.499999940395355225e-01,-3.499999940395355225e-01,-1.161060854792594910e-02,-3.499999940395355225e-01,-2.497533559799194336e-01,1.260797381401062012e-01
8.440000000000761560e+00,1.706437268492087544e-01,-3.264776883784604733e-01,-4.635829983469300863e+00,-5.716323865397976434e-02,-5.476360322116498036e-01,inf,1.000000000000000000e+00,-3.499999940395355225e-01,-3.499999940395355225e-01,-2.852863073348999023e-01,-3.499999940395355225e-01,-3.499999940395355225e-01,2.124793678522109985e-01
8.460000000000750475e+00,1.694377244879732847e-01,-3.274187035067766538e-01,-4.690767168328824788e+00,-5.805037847526066386e-02,-5.483753153960505555e-01,inf,1.000000000000000000e+00,-3.499999940395355225e-01,-3.499999940395355225e-01,4.209860041737556458e-02,-3.301872611045837402e-01,-1.927461922168731689e-01,1.005952805280685425e-01
8.480000000000739391e+00,1.687604019946811751e-01,-3.279877750094813971e-01,-4.745672152428499047e+00,-5.864411444143175639e-02,-5.488700953678598005e-01,inf,1.000000000000000000e+00,-3.499999940395355225e-01,-3.499999940395355225e-01,-2.330591380596160889e-01,-3.499999940395355225e-01,-3.499999940395355225e-01,2.024688720703125000e-01
8.500000000000728306e+00,1.684712511548121516e-01,-3.279022921351800735e-01,-4.796999682019454703e+00,-5.902487008864811674e-02,-5.491873917405400984e-01,inf,1.000000000000000000e+00,-3.499999940395355225e-01,-3.407086133956909180e-01,9.009903669357299805e-02,-3.036147356033325195e-01,-1.723001599311828613e-01,8.934077620506286621e-02
8.520000000000717222e+00,1.687954379866208332e-01,-3.274199180944921128e-01,-4.848071450655265124e+00,-5.911515581206683301e-02,-5.492626298433890275e-01,inf,1.000000000000000000e+00,-3.499999940395355225e-01,-3.499999940395355225e-01,-1.715186834335327148e-01,-3.499999940395355225e-01,-3.499999940395355225e-01,1.829945296049118042e-01
8.540000000000706137e+00,1.693454729078677778e-01,-3.257738118728891186e-01,-4.889945889601460038e+00,-6.206551145638350420e-02,-5.517212595469862535e-01,inf,1.000000000000000000e+00,-3.499999940395355225e-01,-2.928601205348968506e-01,1.395521610975265503e-01,-2.810502350330352783e-01,-1.567378938198089600e-01,7.741669565439224243e-02
8.560000000000695053e+00,1.704894030484291334e-01,-3.237351876822182617e-01,-4.929474142968039985e+00,-6.363476893425813741e-02,-5.530289741118817881e-01,inf,1.000000000000000000e+00,-3.499999940395355225e-01,-3.499999940395355225e-01,-2.319954484701156616e-01,-3.499999940395355225e-01,-3.499999940395355225e-01,1.832807660102844238e-01
8.580000000000683968e+00,1.724687591231537920e-01,-3.213730103430852414e-01,-4.970705789716237000e+00,-5.962174435837157283e-02,-5.496847869653096463e-01,inf,1.000000000000000000e+00,-3.499999940395355225e-01,-2.949459552764892578e-01,1.237838193774223328e-01,-2.922972440719604492e-01,-1.763884723186492920e-01,7.097073644399642944e-02
8.600000000000672884e+00,1.754001647826959331e-01,-3.189672997462018045e-01,-5.015001495044615787e+00,-5.610691549028636732e-02,-5.467557629085719739e-01,inf,1.000000000000000000e+00,-3.499999940395355225e-01,-3.499999940395355225e-01,-6.410966813564300537e-02,-3.499999940395355225e-01,-3.252686560153961182e-01,1.434267163276672363e-01
8.620000000000661800e+00,1.780105405187568657e-01,-3.146002002213579285e-01,-5.041240442053705806e+00,-6.604061163840836690e-02,-5.550338430320069794e-01,inf,1.000000000000000000e+00,-3.466265797615051270e-01,-2.131057232618331909e-01,2.072677016258239746e-01,-2.341323047876358032e-01,-1.264525353908538818e-01,7.308520376682281494e-02
8.640000000000650715e+00,1.807182459200069036e-01,-3.097639253066976073e-01,-5.056926487681815630e+00,-6.869625136461418591e-02,-5.572468761371784929e-01,inf,1.000000000000000000e+00,-3.499999940395355225e-01,-3.499999940395355225e-01,-3.478759825229644775e-01,-3.499999940395355225e-01,-3.499999940395355225e-01,2.017191350460052490e-01
8.660000000000639631e+00,1.858532724836569616e-01,-3.073313952360796630e-01,-5.096417985723540767e+00,-6.368897517156972554e-02,-5.530741459763081069e-01,inf,1.000000000000000000e+00,-3.499999940395355225e-01,-3.499999940395355225e-01,2.826391905546188354e-02,-3.499999940395355225e-01,-2.553592622280120850e-01,7.764760404825210571e-02
8.680000000000628546e+00,1.904300683412831763e-01,-3.025505255288017392e-01,-5.116658502087254590e+00,-6.774416860186702194e-02,-5.564534738348891896e-01,inf,1.000000000000000000e+00,-3.499999940395355225e-01,-2.214866876602172852e-01,1.827723532915115356e-01,-2.522552609443664551e-01,-1.471694707870483398e-01,8.844339102506637573e-02
8.700000000000617462e+00,1.946705364177929165e-01,-2.969912655683133451e-01,-5.124091610225248061e+00,-6.552490521227047338e-02,-5.546040876768920658e-01,inf,1.000000000000000000e+00,-3.499999940395355225e-01,-3.499999940395355225e-01,-3.179290592670440674e-01,-3.499999940395355225e-01,-3.499999940395355225e-01,1.960307955741882324e-01
8.720000000000606377e+00,2.008108600378670228e-01,-2.938379378823122723e-01,-5.146292484785809584e+00,-6.280645364259752894e-02,-5.523387113688312811e-01,inf,1.000000000000000000e+00,-3.499999940395355225e-01,-3.499999940395355225e-01,-2.979943528771400452e-02,-3.499999940395355225e-01,-3.051106333732604980e-01,1.064190939068794250e-01
8.740000000000595293e+00,2.071176732927284547e-01,-2.896358502976660310e-01,-5.157992738796939314e+00,-6.377818206490050434e-02,-5.531484850540837606e-01,inf,1.000000000000000000e+00,-3.499999940395355225e-01,-3.098881244659423828e-01,6.694287806749343872e-02,-3.488802611827850342e-01,-2.327504456043243408e-01,1.106657832860946655e-01
8.760000000000584208e+00,2.131995141275210282e-01,-2.850606630825917032e-01,-5.160673772066213694e+00,-6.459631635591124577e-02,-5.538302636299260451e-01,inf,1.000000000000000000e+00,-3.499999940395355225e-01,-3.499999940395355225e-01,-2.727859318256378174e-01,-3.499999940395355225e-01,-3.499999940395355225e-01,1.755829155445098877e-01
8.780000000000573124e+00,2.195728214313193982e-01,-2.812904875850816833e-01,-5.162840107881633500e+00,-6.142079647841458545e-02,-5.511839970653454879e-01,inf,1.000000000000000000e+00,-3.499999940395355225e-01,-3.499999940395355225e-01,-7.857110351324081421e-02,-3.499999940395355225e-01,-3.431378901004791260e-01,1.276906877756118774e-01
8.800000000000562039e+00,2.255235436497257107e-01,-2.773026865740854108e-01,-5.158455119324252713e+00,-6.338670056153623833e-02,-5.528222504679468630e-01,inf,1.000000000000000000e+00,-3.499999940395355225e-01,-3.499999940395355225e-01,-1.667643785476684570e-01,-3.499999940395355225e-01,-3.499999940395355225e-01,1.564381569623947144e-01
8.820000000000550955e+00,2.309142764654670832e-01,-2.730329495467407330e-01,-5.147390206900658960e+00,-5.963467385019316502e-02,-5.496955615418276375e-01,inf,1.000000000000000000e+00,-3.499999940395355225e-01,-3.499999940395355225e-01,-1.873396039009094238e-01,-3.499999940395355225e-01,-3.499999940395355225e-01,1.536630690097808838e-01
8.840000000000539870e+00,2.357315974241107615e-01,-2.684572124112286629e-01,-5.130013195730988684e+00,-6.100060376593785527e-02,-5.508338364716148794e-01,inf,1.000000000000000000e+00,-3.499999940395355225e-01,-3.499999940395355225e-01,-2.656452059745788574e-01,-3.499999940395355225e-01,-3.499999940395355225e-01,1.671499758958816528e-01
8.860000000000528786e+00,2.400046185809804333e-01,-2.635235684189991545e-01,-5.107212167287854321e+00,-5.709028931537302870e-02,-5.475752410961441941e-01,inf,1.000000000000000000e+00,-3.499999940395355225e-01,-3.499999940395355225e-01,-2.821182310581207275e-01,-3.499999940395355225e-01,-3.499999940395355225e-01,1.638916134834289551e-01
8.880000000000517701e+00,2.437354721379605405e-01,-2.582248041210198353e-01,-5.080292840075292027e+00,-5.833325935102084969e-02,-5.486110494591840414e-01,inf,1.000000000000000000e+00,-3.499999940395355225e-01,-3.499999940395355225e-01,-3.499999940395355225e-01,-3.499999940395355225e-01,-3.499999940395355225e-01,1.789948791265487671e-01
8.900000000000506617e+00,2.468940042985965921e-01,-2.524670414603363278e-01,-5.049435172346203871e+00,-5.944886764729070960e-02,-5.495407230394089293e-01,inf,1.000000000000000000e+00,-3.499999940395355225e-01,-3.499999940395355225e-01,-3.499999940395355225e-01,-3.499999940395355225e-01,-3.499999940395355225e-01,1.803044676780700684e-01
8.920000000000495533e+00,2.493640753749597483e-01,-2.457384524675492732e-01,-5.011635206098794093e+00,-5.999768642450300365e-02,-5.499980720204191709e-01,inf,1.000000000000000000e+00,-3.499999940395355225e-01,-3.499999940395355225e-01,-3.499999940395355225e-01,-3.499999940395355225e-01,-3.499999940395355225e-01,1.984580457210540771e-01
8.940000000000484448e+00,2.510979344788396017e-01,-2.380912640398584190e-01,-4.966475061086296883e+00,-5.985238444236942040e-02,-5.498769870353078515e-01,inf,1.000000000000000000e+00,-3.499999940395355225e-01,-3.499999940395355225e-01,-3.499999940395355225e-01,-3.499999940395355225e-01,-3.499999940395355225e-01,2.130655795335769653e-01
8.960000000000473364e+00,2.520923109061432577e-01,-2.299599747131155225e-01,-4.915920349874692619e+00,-5.922961940708368345e-02,-5.493580161725697408e-01,inf,1.000000000000000000e+00,-3.499999940395355225e-01,-3.499999940395355225e-01,-3.499999940395355225e-01,-3.499999940395355225e-01,-3.499999940395355225e-01,2.219614535570144653e-01
8.980000000000462279e+00,2.523562661523722217e-01,-2.218305799305885229e-01,-4.863297789247477354e+00,-5.852433641401941222e-02,-5.487702803450161815e-01,inf,1.000000000000000000e+00,-3.499999940395355225e-01,-3.499999940395355225e-01,-3.499999940395355225e-01,-3.499999940395355225e-01,-3.499999940395355225e-01,2.291112393140792847e-01
9.000000000000451195e+00,2.518937481380994492e-01,-2.140270509986010039e-01,-4.811897181914059018e+00,-5.804523090385473733e-02,-5.483710257532122823e-01,inf,1.000000000000000000e+00,-3.499999940395355225e-01,-3.499999940395355225e-01,-3.499999940395355225e-01,-3.499999940395355225e-01,-3.499999940395355225e-01,2.346803396940231323e-01
9.020000000000440110e+00,2.507171867431798318e-01,-2.066984678490768335e-01,-4.764020187187552047e+00,-5.789664621840984182e-02,-5.482472051820082015e-01,inf,1.000000000000000000e+00,-3.499999940395355225e-01,-3.499999940395355225e-01,-3.499999940395355225e-01,-3.499999940395355225e-01,-3.499999940395355225e-01,2.386756092309951782e-01
9.040000000000429026e+00,2.488582621017315644e-01,-1.998935059873382936e-01,-4.720881346074634166e+00,-5.800712550073332252e-02,-5.483392712506111044e-01,inf,1.000000000000000000e+00,-3.499999940395355225e-01,-3.499999940395355225e-01,-3.499999940395355225e-01,-3.499999940395355225e-01,-3.499999940395355225e-01,2.417000830173492432e-01
9.060000000000417941e+00,2.463597258104811560e-01,-1.936391232728406631e-01,-4.682994741965711860e+00,-5.822450835718954998e-02,-5.485204236309912940e-01,inf,1.000000000000000000e+00,-3.499999940395355225e-01,-3.499999940395355225e-01,-3.499999940395355225e-01,-3.499999940395355225e-01,-3.499999940395355225e-01,2.438511401414871216e-01
9.080000000000406857e+00,2.432672593613642853e-01,-1.879693045082232727e-01,-4.650661448256425246e+00,-5.841544304453977904e-02,-5.486795358704498193e-01,inf,1.000000000000000000e+00,-3.499999940395355225e-01,-3.499999940395355225e-01,-3.499999940395355225e-01,-3.499999940395355225e-01,-3.499999940395355225e-01,2.448521554470062256e-01
9.100000000000395772e+00,2.396297882194443063e-01,-1.829141352280894695e-01,-4.624323615058112402e+00,-5.851710816894373224e-02,-5.487642568074531102e-01,inf,1.000000000000000000e+00,-3.499999940395355225e-01,-3.499999940395355225e-01,-3.499999940395355225e-01,-3.499999940395355225e-01,-3.499999940395355225e-01,2.446693331003189087e-01
9.120000000000384688e+00,2.354968720063160825e-01,-1.784814293993409184e-01,-4.604639239469808132e+00,-5.853689483414670214e-02,-5.487807456951222518e-01,inf,1.000000000000000000e+00,-3.499999940395355225e-01,-3.499999940395355225e-01,-3.499999940395355225e-01,-3.499999940395355225e-01,-3.499999940395355225e-01,2.434471547603607178e-01
9.140000000000373603e+00,2.309179137283566829e-01,-1.746505129128045897e-01,-4.592342749676124214e+00,-5.852101176886290168e-02,-5.487675098073857560e-01,inf,1.000000000000000000e+00,-3.499999940395355225e-01,-3.499999940395355225e-01,-3.499999940395355225e-01,-3.499999940395355225e-01,-3.499999940395355225e-01,2.413102984428405762e-01
9.160000000000362519e+00,2.259501131804926843e-01,-1.713838064846474329e-01,-4.588077898930085219e+00,-5.851671423700918750e-02,-5.487639285308409942e-01,inf,1.000000000000000000e+00,-3.499999940395355225e-01,-3.499999940395355225e-01,-3.499999940395355225e-01,-3.499999940395355225e-01,-3.499999940395355225e-01,2.383629679679870605e-01
9.180000000000351434e+00,2.206680198503581658e-01,-1.686507305053734640e-01,-4.592293138850354950e+00,-5.854997500162983926e-02,-5.487916458346915327e-01,inf,1.000000000000000000e+00,-3.499999940395355225e-01,-3.499999940395355225e-01,-3.499999940395355225e-01,-3.499999940395355225e-01,-3.499999940395355225e-01,2.347331941127777100e-01
9.200000000000340350e+00,2.151509723023872223e-01,-1.664288846852291781e-01,-4.605189212943532340e+00,-5.862017587278427200e-02,-5.488501465606535623e-01,inf,1.000000000000000000e+00,-3.499999940395355225e-01,-3.499999940395355225e-01,-3.499999940395355225e-01,-3.499999940395355225e-01,-3.499999940395355225e-01,2.305869907140731812e-01
9.220000000000329266e+00,2.094828401314630106e-01,-1.646908537355566415e-01,-4.626732200455109023e+00,-5.870869051896425439e-02,-5.489239087658035476e-01,inf,1.000000000000000000e+00,-3.499999940395355225e-01,-3.499999940395355225e-01,-3.499999940395355225e-01,-3.499999940395355225e-01,-3.499999940395355225e-01,2.260553240776062012e-01
9.240000000000318181e+00,2.037488677312827567e-01,-1.634057557268698002e-01,-4.656724872456019071e+00,-5.879316855216062954e-02,-5.489943071268005292e-01,inf,1.000000000000000000e+00,-3.499999940395355225e-01,-3.499999940395355225e-01,-3.499999940395355225e-01,-3.499999940395355225e-01,-3.499999940395355225e-01,2.210616916418075562e-01
9.260000000000307097e+00,1.980342467883826063e-01,-1.625399408553158953e-01,-4.694871323827347176e+00,-5.885878426356691562e-02,-5.490489868863057676e-01,inf,1.000000000000000000e+00,-3.499999940395355225e-01,-3.499999940395355225e-01,-3.499999940395355225e-01,-3.499999940395355225e-01,-3.499999940395355225e-01,2.153161913156509399e-01
9.280000000000296012e+00,1.924333807321580436e-01,-1.620664120499489269e-01,-4.740789115280628963e+00,-5.899208933426169921e-02,-5.491600744452180827e-01,inf,1.000000000000000000e+00,-3.499999940395355225e-01,-3.499999940395355225e-01,-3.498963117599487305e-01,-3.499999940395355225e-01,-3.499999940395355225e-01,2.084718346595764160e-01
9.300000000000284928e+00,1.871166078311668479e-01,-1.618337433155862259e-01,-4.789272626117401899e+00,-5.978467694068627380e-02,-5.498205641172385638e-01,inf,1.000000000000000000e+00,-3.499999940395355225e-01,-3.499999940395355225e-01,-2.914190590381622314e-01,-3.499999940395355225e-01,-3.499999940395355225e-01,2.001920044422149658e-01
9.320000000000273843e+00,1.821041854490409451e-01,-1.618841580833449978e-01,-4.841862369037888136e+00,-5.914538966710729262e-02,-5.492878247225894128e-01,inf,1.000000000000000000e+00,-3.499999940395355225e-01,-3.499999940395355225e-01,-3.295249640941619873e-01,-3.499999940395355225e-01,-3.499999940395355225e-01,2.121938169002532959e-01
9.340000000000262759e+00,1.775018010411673619e-01,-1.620796731568717175e-01,-4.895805705672061414e+00,-6.205618859664915887e-02,-5.517134904972076370e-01,inf,1.000000000000000000e+00,-3.499999940395355225e-01,-3.499999940395355225e-01,-2.259763181209564209e-01,-3.499999940395355225e-01,-3.499999940395355225e-01,1.845188736915588379e-01
9.360000000000251674e+00,1.733143807083989407e-01,-1.625455339203442096e-01,-4.954713919938586564e+00,-5.923798729788262718e-02,-5.493649894149021939e-01,inf,1.000000000000000000e+00,-3.499999940395355225e-01,-3.499999940395355225e-01,-3.022418618202209473e-01,-3.499999940395355225e-01,-3.499999940395355225e-01,2.080277353525161743e-01
9.380000000000240590e+00,1.696186346854897109e-01,-1.629517769905856894e-01,-5.011241513224962141e+00,-5.928435951544716587e-02,-5.494036329295393095e-01,inf,1.000000000000000000e+00,-3.499999940395355225e-01,-3.499999940395355225e-01,-9.867381304502487183e-02,-3.499999940395355225e-01,-3.085050880908966064e-01,1.553705930709838867e-01
9.400000000000229505e+00,1.664157792881537645e-01,-1.634754710166261282e-01,-5.069739449396726272e+00,-5.852546723870744039e-02,-5.487712226989228670e-01,inf,1.000000000000000000e+00,-3.499999940395355225e-01,-3.499999940395355225e-01,-3.256312310695648193e-01,-3.499999940395355225e-01,-3.499999940395355225e-01,2.204326540231704712e-01
9.420000000000218421e+00,1.637409778592807674e-01,-1.639448900722981217e-01,-5.127785106164110651e+00,-6.184102348428783397e-02,-5.515341862369065318e-01,inf,1.000000000000000000e+00,-3.499999940395355225e-01,-3.499999940395355225e-01,-4.217687249183654785e-02,-3.499999940395355225e-01,-2.693170011043548584e-01,1.320478916168212891e-01
9.440000000000207336e+00,1.616500472947234868e-01,-1.644798088521691459e-01,-5.188079770179950145e+00,-6.383432707517693039e-02,-5.531952725626474443e-01,inf,1.000000000000000000e+00,-3.499999940395355225e-01,-3.499999940395355225e-01,-2.477377504110336304e-01,-3.499999940395355225e-01,-3.499999940395355225e-01,2.041005492210388184e-01
9.460000000000196252e+00,1.601519857269912972e-01,-1.647420057603309063e-01,-5.244778715062314411e+00,-6.500972946904885752e-02,-5.541747745575407169e-01,inf,1.000000000000000000e+00,-3.499999940395355225e-01,-3.499999940395355225e-01,5.650328099727630615e-02,-3.473295569419860840e-01,-2.015487551689147949e-01,1.058208495378494263e-01
9.480000000000185167e+00,1.593023361940978933e-01,-1.648925926216850413e-01,-5.300201244078435181e+00,-6.497808251245888733e-02,-5.541484020937157418e-01,inf,1.000000000000000000e+00,-3.499999940395355225e-01,-3.499999940395355225e-01,-2.313575595617294312e-01,-3.499999940395355225e-01,-3.499999940395355225e-01,1.988853067159652710e-01
9.500000000000174083e+00,1.591779152350792925e-01,-1.649415126022545919e-01,-5.355771929827985112e+00,-7.424632477148503107e-02,-5.618719373095708569e-01,inf,1.000000000000000000e+00,-3.499999940395355225e-01,-3.499999940395355225e-01,6.022194400429725647e-02,-3.280726969242095947e-01,-1.936346739530563354e-01,9.579558670520782471e-02
9.520000000000162999e+00,1.598657320282395045e-01,-1.650384620706093208e-01,-5.412731533938059947e+00,-7.940296887725888098e-02,-5.661691407310490698e-01,inf,1.000000000000000000e+00,-3.499999940395355225e-01,-3.499999940395355225e-01,-8.848447352647781372e-02,-3.499999940395355225e-01,-3.347908854484558105e-01,1.613222658634185791e-01
9.540000000000151914e+00,1.612898593499268451e-01,-1.634613523581082695e-01,-5.451041873775015034e+00,-6.650914079378762722e-02,-5.554242839948230204e-01,inf,1.000000000000000000e+00,-3.499999940395355225e-01,-2.660689353942871094e-01,1.585695445537567139e-01,-2.638686597347259521e-01,-1.414642482995986938e-01,8.374816924333572388e-02
9.560000000000140830e+00,1.633367735077133620e-01,-1.616335722941095732e-01,-5.481790884140938402e+00,-5.834267999672863858e-02,-5.486188999972738678e-01,inf,1.000000000000000000e+00,-3.499999940395355225e-01,-3.499999940395355225e-01,-3.484657704830169678e-01,-3.499999940395355225e-01,-3.499999940395355225e-01,2.080426812171936035e-01
9.580000000000129745e+00,1.665472641183571301e-01,-1.620625173461346380e-01,-5.536148477408813662e+00,-9.506925544146382911e-02,-5.792243795345531909e-01,inf,1.000000000000000000e+00,-3.499999940395355225e-01,-3.499999940395355225e-01,2.087161131203174591e-02,-3.499999940395355225e-01,-2.429648637771606445e-01,7.699035853147506714e-02
9.600000000000118661e+00,1.704523086623048189e-01,-1.602087698302110119e-01,-5.569603126850153352e+00,-3.681978159075858376e-02,-5.306831513256321520e-01,inf,1.000000000000000000e+00,-3.499999940395355225e-01,-2.203482091426849365e-01,2.109502404928207397e-01,-2.428012788295745850e-01,-1.292608082294464111e-01,7.764071971178054810e-02
9.620000000000107576e+00,1.747158295189177868e-01,-1.578857821509396797e-01,-5.592734494851831606e+00,-8.284865936945048914e-02,-5.690405494745420789e-01,inf,1.000000000000000000e+00,-3.499999940395355225e-01,-3.499999940395355225e-01,-3.149396479129791260e-01,-3.499999940395355225e-01,-3.499999940395355225e-01,1.989718675613403320e-01
9.640000000000096492e+00,1.798999212763904287e-01,-1.583832462434858201e-01,-5.637484053682585206e+00,-1.057299940872890170e-01,-5.881083284060741878e-01,inf,1.000000000000000000e+00,-3.499999940395355225e-01,-3.488250970840454102e-01,4.041790217161178589e-02,-3.499999940395355225e-01,-2.455574125051498413e-01,8.148754388093948364e-02
9.660000000000085407e+00,1.858462021813241383e-01,-1.565252881748918634e-01,-5.661416728435214374e+00,-5.046273297693306542e-02,-5.420522774807775557e-01,inf,1.000000000000000000e+00,-3.499999940395355225e-01,-2.329915463924407959e-01,1.658822447061538696e-01,-2.607889473438262939e-01,-1.539101898670196533e-01,8.907967060804367065e-02
9.680000000000074323e+00,1.920478633367194710e-01,-1.539615554110526086e-01,-5.672730635183384607e+00,-8.093164120900210590e-02,-5.674430343408350952e-01,inf,1.000000000000000000e+00,-3.499999940395355225e-01,-3.499999940395355225e-01,-3.209812641143798828e-01,-3.499999940395355225e-01,-3.499999940395355225e-01,1.927856355905532837e-01
9.700000000000063238e+00,1.987793066275775344e-01,-1.546238198718425105e-01,-5.701513637970994530e+00,-1.003356565622654656e-01,-5.836130471352212190e-01,inf,1.000000000000000000e+00,-3.499999940395355225e-01,-3.499999940395355225e-01,-2.669696696102619171e-02,-3.499999940395355225e-01,-2.957501411437988281e-01,1.020945459604263306e-01
9.720000000000052154e+00,2.062947007149167344e-01,-1.539748088189314412e-01,-5.716791204963064921e+00,-6.760499357961222144e-02,-5.563374946496768558e-01,inf,1.000000000000000000e+00,-3.499999940395355225e-01,-2.805677056312561035e-01,1.038404852151870728e-01,-3.200525045394897461e-01,-2.088489681482315063e-01,1.003540381789207458e-01
9.740000000000041069e+00,2.137974314308677681e-01,-1.526588083409317897e-01,-5.721213867139394615e+00,-8.219766137777173576e-02,-5.684980511481431131e-01,inf,1.000000000000000000e+00,-3.499999940395355225e-01,-3.499999940395355225e-01,-2.824437320232391357e-01,-3.499999940395355225e-01,-3.499999940395355225e-01,1.800916194915771484e-01
9.760000000000029985e+00,2.211590645881263417e-01,-1.530369984679771922e-01,-5.730344240877426110e+00,-8.231330342849241255e-02,-5.685944195237436771e-01,inf,1.000000000000000000e+00,-3.499999940395355225e-01,-3.499999940395355225e-01,-6.549099087715148926e-02,-3.499999940395355225e-01,-3.330584466457366943e-01,1.230774447321891785e-01
9.780000000000018900e+00,2.285225617280028376e-01,-1.531221473375954378e-01,-5.732846909311240857e+00,-8.295204059660062079e-02,-5.691267004971671817e-01,inf,1.000000000000000000e+00,-3.499999940395355225e-01,-3.499999940395355225e-01,-9.511547535657882690e-02,-3.499999940395355225e-01,-3.499999940395355225e-01,1.414300799369812012e-01
9.800000000000007816e+00,2.356488603679756100e-01,-1.528836665444272547e-01,-5.729003735055587576e+00,-8.355056798220146519e-02,-5.696254733185012187e-01,inf,1.000000000000000000e+00,-3.499999940395355225e-01,-3.499999940395355225e-01,-1.832892894744873047e-01,-3.499999940395355225e-01,-3.499999940395355225e-01,1.594320088624954224e-01
9.819999999999996732e+00,2.425101030147701064e-01,-1.520906194215402019e-01,-5.717758356999615543e+00,-8.268179624764004920e-02,-5.689014968730333743e-01,inf,1.000000000000000000e+00,-3.499999940395355225e-01,-3.499999940395355225e-01,-1.927072256803512573e-01,-3.499999940395355225e-01,-3.499999940395355225e-01,1.519042253494262695e-01
9.839999999999985647e+00,2.491109084279375940e-01,-1.506595830052599727e-01,-5.699442852218808753e+00,-8.144393074434423674e-02,-5.678699422869535329e-01,inf,1.000000000000000000e+00,-3.499999940395355225e-01,-3.499999940395355225e-01,-2.723963558673858643e-01,-3.499999940395355225e-01,-3.499999940395355225e-01,1.665591597557067871e-01
9.859999999999974563e+00,2.554619667131196592e-01,-1.486044970758898243e-01,-5.675506827545213184e+00,-8.010536494800235552e-02,-5.667544707900019629e-01,inf,1.000000000000000000e+00,-3.499999940395355225e-01,-3.499999940395355225e-01,-2.850420475006103516e-01,-3.499999940395355225e-01,-3.499999940395355225e-01,1.648354679346084595e-01
9.879999999999963478e+00,2.615452350317161723e-01,-1.459325699871320270e-01,-5.647465444894320008e+00,-7.883809139699805846e-02,-5.656984094974983890e-01,inf,1.000000000000000000e+00,-3.499999940395355225e-01,-3.499999940395355225e-01,-3.499999940395355225e-01,-3.499999940395355225e-01,-3.499999940395355225e-01,1.804610341787338257e-01
9.899999999999952394e+00,2.673513574078138499e-01,-1.425869703605275041e-01,-5.615726887820038371e+00,-7.803473478151591591e-02,-5.650289456512632702e-01,inf,1.000000000000000000e+00,-3.499999940395355225e-01,-3.499999940395355225e-01,-3.499999940395355225e-01,-3.499999940395355225e-01,-3.499999940395355225e-01,1.821788549423217773e-01
9.919999999999941309e+00,2.730532799483830764e-01,-1.381125556493615902e-01,-5.577500762644495680e+00,-7.781087431139677157e-02,-5.648423952594973096e-01,inf,1.000000000000000000e+00,-3.499999940395355225e-01,-3.499999940395355225e-01,-3.499999940395355225e-01,-3.499999940395355225e-01,-3.499999940395355225e-01,1.985536366701126099e-01
9.939999999999930225e+00,2.786015193224942177e-01,-1.325324581201043073e-01,-5.532359409243523984e+00,-7.804557644139324679e-02,-5.650379803678277080e-01,inf,1.000000000000000000e+00,-3.499999940395355225e-01,-3.499999940395355225e-01,-3.499999940395355225e-01,-3.499999940395355225e-01,-3.499999940395355225e-01,2.121009677648544312e-01
9.959999999999919140e+00,2.837828378403354779e-01,-1.261883391325196446e-01,-5.482106255948742124e+00,-7.848929916980193489e-02,-5.654077493081682837e-01,inf,1.000000000000000000e+00,-3.499999940395355225e-01,-3.499999940395355225e-01,-3.499999940395355225e-01,-3.499999940395355225e-01,-3.499999940395355225e-01,2.208087146282196045e-01
9.979999999999908056e+00,2.883581148425718998e-01,-1.194670415490984017e-01,-5.429854511122986338e+00,-7.890366141180091275e-02,-5.657530511765007653e-01,inf,1.000000000000000000e+00,-3.499999940395355225e-01,-3.499999940395355225e-01,-3.499999940395355225e-01,-3.499999940395355225e-01,-3.499999940395355225e-01,2.278329432010650635e-01
9.999999999999896971e+00,2.921595295717256402e-01,-1.126286308968355576e-01,-5.378739544888234470e+00,-7.916560142026503322e-02,-5.659713345168875254e-01,inf,1.000000000000000000e+00,-3.499999940395355225e-01,-3.499999940395355225e-01,-3.499999940395355225e-01,-3.499999940395355225e-01,-3.499999940395355225e-01,2.331874519586563110e-01
