seq,millis,channel,target_deg,actual_deg,error_deg
10305,824827,CH1,159.873,159.600,0.273
10305,824827,CH2,161.551,156.720,4.831
10305,824827,CH3,161.555,152.400,9.155
10305,824827,CH4,127.243,116.160,11.083
10305,824827,CH5,114.827,104.640,10.187
10305,824827,CH6,122.080,117.360,4.720
10306,824899,CH1,147.623,156.240,-8.617
10306,824899,CH2,157.269,158.640,-1.371
10306,824899,CH3,165.046,160.560,4.486
10306,824899,CH4,137.658,128.400,9.258
10306,824899,CH5,129.020,115.920,13.100
10306,824899,CH6,134.918,124.560,10.358
10307,824979,CH1,147.623,156.240,-8.617
10307,824979,CH2,157.269,158.640,-1.371
10307,824979,CH3,165.046,160.560,4.486
10307,824979,CH4,137.658,128.400,9.258
10307,824979,CH5,129.020,115.920,13.100
10307,824979,CH6,134.918,124.560,10.358
10308,825059,CH1,132.481,145.200,-12.719
10308,825059,CH2,146.412,154.080,-7.668
10308,825059,CH3,160.900,161.760,-0.860
10308,825059,CH4,141.234,137.520,3.714
10308,825059,CH5,140.038,129.600,10.438
10308,825059,CH6,150.024,136.560,13.464
10309,825139,CH1,120.232,131.520,-11.288
10309,825139,CH2,133.125,143.280,-10.155
10309,825139,CH3,150.702,157.680,-6.978
10309,825139,CH4,136.605,139.680,-3.075
10309,825139,CH5,143.672,141.120,2.552
10309,825139,CH6,161.626,150.720,10.906
10310,825227,CH1,115.554,122.160,-6.606
10310,825227,CH2,122.485,131.520,-9.035
10310,825227,CH3,138.346,149.040,-10.694
10310,825227,CH4,125.538,134.640,-9.102
10310,825227,CH5,138.535,142.800,-4.265
10310,825227,CH6,165.294,161.760,3.534
10311,825299,CH1,115.554,122.160,-6.606
10311,825299,CH2,122.485,131.520,-9.035
10311,825299,CH3,138.346,149.040,-10.694
10311,825299,CH4,125.538,134.640,-9.102
10311,825299,CH5,138.535,142.800,-4.265
10311,825299,CH6,165.294,161.760,3.534
10312,825379,CH1,120.234,120.000,0.234
10312,825379,CH2,118.556,123.120,-4.564
10312,825379,CH3,128.552,138.000,-9.448
10312,825379,CH4,112.262,123.840,-11.578
10312,825379,CH5,126.589,137.040,-10.451
10312,825379,CH6,159.627,163.920,-4.293
10313,825458,CH1,132.484,123.600,8.884
10313,825458,CH2,122.838,121.200,1.638
10313,825458,CH3,125.061,129.600,-4.539
10313,825458,CH4,101.847,111.360,-9.513
10313,825458,CH5,112.396,125.040,-12.644
10313,825458,CH6,146.789,157.920,-11.131
10314,825539,CH1,147.626,135.360,12.266
10314,825539,CH2,133.696,126.480,7.216
10314,825539,CH3,129.207,127.920,1.287
10314,825539,CH4,98.271,102.240,-3.969
10314,825539,CH5,101.378,111.120,-9.742
10314,825539,CH6,131.684,144.960,-13.276
10315,825627,CH1,147.626,135.360,12.266
10315,825627,CH2,133.696,126.480,7.216
10315,825627,CH3,129.207,127.920,1.287
10315,825627,CH4,98.271,102.240,-3.969
10315,825627,CH5,101.378,111.120,-9.742
10315,825627,CH6,131.684,144.960,-13.276
10316,825699,CH1,159.875,148.560,11.315
10316,825699,CH2,146.982,137.520,9.462
10316,825699,CH3,139.405,132.240,7.165
10316,825699,CH4,102.901,100.080,2.821
10316,825699,CH5,97.743,99.120,-1.377
10316,825699,CH6,120.081,129.600,-9.519
10317,825778,CH1,164.554,157.440,7.114
10317,825778,CH2,157.622,148.080,9.542
10317,825778,CH3,151.761,141.600,10.161
10317,825778,CH4,113.967,105.120,8.847
10317,825778,CH5,102.880,97.680,5.200
10317,825778,CH6,116.413,118.560,-2.147
10318,825858,CH1,164.554,157.440,7.114
10318,825858,CH2,157.622,148.080,9.542
10318,825858,CH3,151.761,141.600,10.161
10318,825858,CH4,113.967,105.120,8.847
10318,825858,CH5,102.880,97.680,5.200
10318,825858,CH6,116.413,118.560,-2.147
10319,825938,CH1,159.873,159.600,0.273
10319,825938,CH2,161.551,156.480,5.071
10319,825938,CH3,161.555,152.400,9.155
10319,825938,CH4,127.243,115.680,11.563
10319,825938,CH5,114.827,104.400,10.427
10319,825938,CH6,122.080,117.360,4.720
10320,826027,CH1,147.623,156.240,-8.617
10320,826027,CH2,157.269,158.640,-1.371
10320,826027,CH3,165.046,160.560,4.486
10320,826027,CH4,137.658,128.880,8.778
10320,826027,CH5,129.020,116.400,12.620
10320,826027,CH6,134.918,124.560,10.358
10321,826099,CH1,132.481,144.720,-12.239
10321,826099,CH2,146.412,153.840,-7.428
10321,826099,CH3,160.900,162.480,-1.580
10321,826099,CH4,141.234,137.760,3.474
10321,826099,CH5,140.038,129.120,10.918
10321,826099,CH6,150.024,136.800,13.224
10322,826179,CH1,132.481,144.720,-12.239
10322,826179,CH2,146.412,153.840,-7.428
10322,826179,CH3,160.900,162.480,-1.580
10322,826179,CH4,141.234,137.760,3.474
10322,826179,CH5,140.038,129.120,10.918
10322,826179,CH6,150.024,136.800,13.224
10323,826259,CH1,120.232,131.280,-11.048
10323,826259,CH2,133.125,143.280,-10.155
10323,826259,CH3,150.702,158.160,-7.458
10323,826259,CH4,136.605,139.680,-3.075
10323,826259,CH5,143.672,141.360,2.312
10323,826259,CH6,161.626,150.720,10.906
10324,826339,CH1,115.554,122.160,-6.606
10324,826339,CH2,122.485,132.000,-9.515
10324,826339,CH3,138.346,149.040,-10.694
10324,826339,CH4,125.538,134.880,-9.342
10324,826339,CH5,138.535,143.040,-4.505
10324,826339,CH6,165.294,161.520,3.774
10325,826427,CH1,115.554,122.160,-6.606
10325,826427,CH2,122.485,132.000,-9.515
10325,826427,CH3,138.346,149.040,-10.694
10325,826427,CH4,125.538,134.880,-9.342
10325,826427,CH5,138.535,143.040,-4.505
10325,826427,CH6,165.294,161.520,3.774
10326,826499,CH1,120.234,120.000,0.234
10326,826499,CH2,118.556,123.120,-4.564
10326,826499,CH3,128.552,137.520,-8.968
10326,826499,CH4,112.262,123.840,-11.578
10326,826499,CH5,126.589,136.800,-10.211
10326,826499,CH6,159.627,163.200,-3.573
10327,826578,CH1,132.484,123.600,8.884
10327,826578,CH2,122.838,120.960,1.878
10327,826578,CH3,125.061,129.120,-4.059
10327,826578,CH4,101.847,110.880,-9.033
10327,826578,CH5,112.396,124.560,-12.164
10327,826578,CH6,146.789,157.200,-10.411
10328,826659,CH1,147.626,135.600,12.026
10328,826659,CH2,133.696,126.000,7.696
10328,826659,CH3,129.207,127.200,2.007
10328,826659,CH4,98.271,101.760,-3.489
10328,826659,CH5,101.378,111.120,-9.742
10328,826659,CH6,131.684,144.720,-13.036
10329,826739,CH1,147.626,135.600,12.026
10329,826739,CH2,133.696,126.000,7.696
10329,826739,CH3,129.207,127.200,2.007
10329,826739,CH4,98.271,101.760,-3.489
10329,826739,CH5,101.378,111.120,-9.742
10329,826739,CH6,131.684,144.720,-13.036
10330,826827,CH1,159.875,148.800,11.075
10330,826827,CH2,146.982,136.800,10.182
10330,826827,CH3,139.405,132.240,7.165
10330,826827,CH4,102.901,99.600,3.301
10330,826827,CH5,97.743,99.120,-1.377
10330,826827,CH6,120.081,130.080,-9.999
10331,826899,CH1,164.554,157.440,7.114
10331,826899,CH2,157.622,148.320,9.302
10331,826899,CH3,151.761,141.360,10.401
10331,826899,CH4,113.967,104.880,9.087
10331,826899,CH5,102.880,97.680,5.200
10331,826899,CH6,116.413,118.800,-2.387
10332,826978,CH1,164.554,157.440,7.114
10332,826978,CH2,157.622,148.320,9.302
10332,826978,CH3,151.761,141.360,10.401
10332,826978,CH4,113.967,104.880,9.087
10332,826978,CH5,102.880,97.680,5.200
10332,826978,CH6,116.413,118.800,-2.387
10333,827058,CH1,159.873,159.600,0.273
10333,827058,CH2,161.551,156.480,5.071
10333,827058,CH3,161.555,152.400,9.155
10333,827058,CH4,127.243,115.680,11.563
10333,827058,CH5,114.827,103.680,11.147
10333,827058,CH6,122.080,117.840,4.240
10334,827138,CH1,147.623,156.480,-8.857
10334,827138,CH2,157.269,158.640,-1.371
10334,827138,CH3,165.046,160.320,4.726
10334,827138,CH4,137.658,128.640,9.018
10334,827138,CH5,129.020,115.920,13.100
10334,827138,CH6,134.918,124.560,10.358
10335,827227,CH1,132.481,145.200,-12.719
10335,827227,CH2,146.411,153.840,-7.428
10335,827227,CH3,160.900,161.760,-0.860
10335,827227,CH4,141.234,137.280,3.954
10335,827227,CH5,140.038,129.600,10.438
10335,827227,CH6,150.024,136.800,13.224
10336,827298,CH1,132.481,145.200,-12.719
10336,827298,CH2,146.411,153.840,-7.428
10336,827298,CH3,160.900,161.760,-0.860
10336,827298,CH4,141.234,137.280,3.954
10336,827298,CH5,140.038,129.600,10.438
10336,827298,CH6,150.024,136.800,13.224
10337,827378,CH1,120.232,131.520,-11.288
10337,827378,CH2,133.125,143.040,-9.915
10337,827378,CH3,150.702,158.160,-7.458
10337,827378,CH4,136.605,139.680,-3.075
10337,827378,CH5,143.672,141.360,2.312
10337,827378,CH6,161.626,150.720,10.906
10338,827458,CH1,115.554,122.160,-6.606
10338,827458,CH2,122.485,132.000,-9.515
10338,827458,CH3,138.346,149.280,-10.934
10338,827458,CH4,125.538,135.120,-9.582
10338,827458,CH5,138.535,143.280,-4.745
10338,827458,CH6,165.294,162.000,3.294
10339,827538,CH1,120.234,120.240,-0.006
10339,827538,CH2,118.556,123.360,-4.804
10339,827538,CH3,128.552,138.240,-9.688
10339,827538,CH4,112.262,124.080,-11.818
10339,827538,CH5,126.589,137.520,-10.931
10339,827538,CH6,159.627,163.920,-4.293
10340,827627,CH1,120.234,120.240,-0.006
10340,827627,CH2,118.556,123.360,-4.804
10340,827627,CH3,128.552,138.240,-9.688
10340,827627,CH4,112.262,124.080,-11.818
10340,827627,CH5,126.589,137.520,-10.931
10340,827627,CH6,159.627,163.920,-4.293
10341,827698,CH1,132.484,123.600,8.884
10341,827698,CH2,122.838,121.440,1.398
10341,827698,CH3,125.061,130.080,-5.019
10341,827698,CH4,101.847,111.600,-9.753
10341,827698,CH5,112.396,125.280,-12.884
10341,827698,CH6,146.789,157.440,-10.651
10342,827778,CH1,147.626,135.840,11.786
10342,827778,CH2,133.696,125.760,7.936
10342,827778,CH3,129.207,127.440,1.767
10342,827778,CH4,98.271,102.240,-3.969
10342,827778,CH5,101.378,111.360,-9.982
10342,827778,CH6,131.684,144.960,-13.276
10343,827858,CH1,147.626,135.840,11.786
10343,827858,CH2,133.696,125.760,7.936
10343,827858,CH3,129.207,127.440,1.767
10343,827858,CH4,98.271,102.240,-3.969
10343,827858,CH5,101.378,111.360,-9.982
10343,827858,CH6,131.684,144.960,-13.276
10344,827938,CH1,159.875,148.560,11.315
10344,827938,CH2,146.982,137.040,9.942
10344,827938,CH3,139.405,132.000,7.405
10344,827938,CH4,102.901,99.840,3.061
10344,827938,CH5,97.743,99.120,-1.377
10344,827938,CH6,120.081,130.800,-10.719
10345,828027,CH1,164.554,157.440,7.114
10345,828027,CH2,157.622,148.320,9.302
10345,828027,CH3,151.761,141.600,10.161
10345,828027,CH4,113.967,105.120,8.847
10345,828027,CH5,102.880,97.200,5.680
10345,828027,CH6,116.413,118.800,-2.387
10346,828098,CH1,159.873,159.600,0.273
10346,828098,CH2,161.551,156.480,5.071
10346,828098,CH3,161.555,152.880,8.675
10346,828098,CH4,127.243,115.920,11.323
10346,828098,CH5,114.827,104.160,10.667
10346,828098,CH6,122.080,117.600,4.480
10347,828178,CH1,159.873,159.600,0.273
10347,828178,CH2,161.551,156.480,5.071
10347,828178,CH3,161.555,152.880,8.675
10347,828178,CH4,127.243,115.920,11.323
10347,828178,CH5,114.827,104.160,10.667
10347,828178,CH6,122.080,117.600,4.480
10348,828258,CH1,147.623,156.480,-8.857
10348,828258,CH2,157.269,158.400,-1.131
10348,828258,CH3,165.046,160.560,4.486
10348,828258,CH4,137.658,128.880,8.778
10348,828258,CH5,129.020,115.680,13.340
10348,828258,CH6,134.918,124.560,10.358
10349,828338,CH1,132.481,144.960,-12.479
10349,828338,CH2,146.411,153.840,-7.428
10349,828338,CH3,160.900,162.000,-1.100
10349,828338,CH4,141.234,137.280,3.954
10349,828338,CH5,140.038,129.120,10.918
10349,828338,CH6,150.024,136.800,13.224
10350,828427,CH1,132.481,144.960,-12.479
10350,828427,CH2,146.411,153.840,-7.428
10350,828427,CH3,160.900,162.000,-1.100
10350,828427,CH4,141.234,137.280,3.954
10350,828427,CH5,140.038,129.120,10.918
10350,828427,CH6,150.024,136.800,13.224
10351,828498,CH1,120.232,131.280,-11.048
10351,828498,CH2,133.125,143.040,-9.915
10351,828498,CH3,150.702,157.680,-6.978
10351,828498,CH4,136.605,139.680,-3.075
10351,828498,CH5,143.672,140.400,3.272
10351,828498,CH6,161.626,150.480,11.146
10352,828578,CH1,115.554,122.160,-6.606
10352,828578,CH2,122.485,131.520,-9.035
10352,828578,CH3,138.346,149.040,-10.694
10352,828578,CH4,125.538,134.880,-9.342
10352,828578,CH5,138.535,143.040,-4.505
10352,828578,CH6,165.294,161.520,3.774
10353,828658,CH1,120.234,120.000,0.234
10353,828658,CH2,118.556,123.120,-4.564
10353,828658,CH3,128.552,137.760,-9.208
10353,828658,CH4,112.262,123.840,-11.578
10353,828658,CH5,126.589,136.560,-9.971
10353,828658,CH6,159.627,163.680,-4.053
10354,828738,CH1,120.234,120.000,0.234
10354,828738,CH2,118.556,123.120,-4.564
10354,828738,CH3,128.552,137.760,-9.208
10354,828738,CH4,112.262,123.840,-11.578
10354,828738,CH5,126.589,136.560,-9.971
10354,828738,CH6,159.627,163.680,-4.053
10355,828827,CH1,132.484,123.840,8.644
10355,828827,CH2,122.838,121.200,1.638
10355,828827,CH3,125.061,129.600,-4.539
10355,828827,CH4,101.847,110.880,-9.033
10355,828827,CH5,112.396,124.800,-12.404
10355,828827,CH6,146.789,157.920,-11.131
10356,828898,CH1,147.626,135.600,12.026
10356,828898,CH2,133.696,125.760,7.936
10356,828898,CH3,129.207,127.680,1.527
10356,828898,CH4,98.271,102.240,-3.969
10356,828898,CH5,101.378,111.120,-9.742
10356,828898,CH6,131.684,145.200,-13.516
10357,828978,CH1,147.626,135.600,12.026
10357,828978,CH2,133.696,125.760,7.936
10357,828978,CH3,129.207,127.680,1.527
10357,828978,CH4,98.271,102.240,-3.969
10357,828978,CH5,101.378,111.120,-9.742
10357,828978,CH6,131.684,145.200,-13.516
10358,829058,CH1,159.875,148.080,11.795
10358,829058,CH2,146.982,136.800,10.182
10358,829058,CH3,139.405,131.760,7.645
10358,829058,CH4,102.901,99.840,3.061
10358,829058,CH5,97.743,99.360,-1.617
10358,829058,CH6,120.081,130.320,-10.239
10359,829138,CH1,164.554,157.440,7.114
10359,829138,CH2,157.622,148.080,9.542
10359,829138,CH3,151.761,141.600,10.161
10359,829138,CH4,113.967,104.880,9.087
10359,829138,CH5,102.880,97.920,4.960
10359,829138,CH6,116.413,118.320,-1.907
10360,829227,CH1,159.873,160.080,-0.207
10360,829227,CH2,161.551,156.480,5.071
10360,829227,CH3,161.555,152.880,8.675
10360,829227,CH4,127.243,116.160,11.083
10360,829227,CH5,114.827,104.160,10.667
10360,829227,CH6,122.080,117.600,4.480
10361,829298,CH1,159.873,160.080,-0.207
10361,829298,CH2,161.551,156.480,5.071
10361,829298,CH3,161.555,152.880,8.675
10361,829298,CH4,127.243,116.160,11.083
10361,829298,CH5,114.827,104.160,10.667
10361,829298,CH6,122.080,117.600,4.480
10362,829378,CH1,147.623,156.000,-8.377
10362,829378,CH2,157.269,158.640,-1.371
10362,829378,CH3,165.046,160.560,4.486
10362,829378,CH4,137.658,128.640,9.018
10362,829378,CH5,129.020,116.160,12.860
10362,829378,CH6,134.918,124.560,10.358
10363,829458,CH1,132.481,145.200,-12.719
10363,829458,CH2,146.411,153.840,-7.428
10363,829458,CH3,160.900,162.480,-1.580
10363,829458,CH4,141.234,137.760,3.474
10363,829458,CH5,140.038,129.600,10.438
10363,829458,CH6,150.024,136.560,13.464
10364,829538,CH1,120.232,131.520,-11.288
10364,829538,CH2,133.125,143.040,-9.915
10364,829538,CH3,150.702,157.920,-7.218
10364,829538,CH4,136.605,139.680,-3.075
10364,829538,CH5,143.672,141.840,1.832
10364,829538,CH6,161.626,150.960,10.666
10365,829627,CH1,120.232,131.520,-11.288
10365,829627,CH2,133.125,143.040,-9.915
10365,829627,CH3,150.702,157.920,-7.218
10365,829627,CH4,136.605,139.680,-3.075
10365,829627,CH5,143.672,141.840,1.832
10365,829627,CH6,161.626,150.960,10.666
10366,829698,CH1,115.554,122.160,-6.606
10366,829698,CH2,122.485,131.760,-9.275
10366,829698,CH3,138.346,149.040,-10.694
10366,829698,CH4,125.538,134.880,-9.342
10366,829698,CH5,138.535,143.280,-4.745
10366,829698,CH6,165.294,161.760,3.534
10367,829778,CH1,120.234,120.240,-0.006
10367,829778,CH2,118.556,123.120,-4.564
10367,829778,CH3,128.552,137.760,-9.208
10367,829778,CH4,112.262,123.840,-11.578
10367,829778,CH5,126.589,137.280,-10.691
10367,829778,CH6,159.627,163.920,-4.293
10368,829858,CH1,120.234,120.240,-0.006
10368,829858,CH2,118.556,123.120,-4.564
10368,829858,CH3,128.552,137.760,-9.208
10368,829858,CH4,112.262,123.840,-11.578
10368,829858,CH5,126.589,137.280,-10.691
10368,829858,CH6,159.627,163.920,-4.293
10369,829938,CH1,132.484,123.360,9.124
10369,829938,CH2,122.838,121.200,1.638
10369,829938,CH3,125.061,129.600,-4.539
10369,829938,CH4,101.847,111.360,-9.513
10369,829938,CH5,112.396,124.800,-12.404
10369,829938,CH6,146.789,157.680,-10.891
10370,830027,CH1,147.626,135.360,12.266
10370,830027,CH2,133.696,126.240,7.456
10370,830027,CH3,129.207,127.680,1.527
10370,830027,CH4,98.271,102.000,-3.729
10370,830027,CH5,101.378,110.880,-9.502
10370,830027,CH6,131.683,144.960,-13.277
10371,830098,CH1,159.875,148.800,11.075
10371,830098,CH2,146.982,137.520,9.462
10371,830098,CH3,139.405,131.520,7.885
10371,830098,CH4,102.901,99.840,3.061
10371,830098,CH5,97.743,99.120,-1.377
10371,830098,CH6,120.081,130.320,-10.239
10372,830178,CH1,159.875,148.800,11.075
10372,830178,CH2,146.982,137.520,9.462
10372,830178,CH3,139.405,131.520,7.885
10372,830178,CH4,102.901,99.840,3.061
10372,830178,CH5,97.743,99.120,-1.377
10372,830178,CH6,120.081,130.320,-10.239
10373,830258,CH1,164.554,157.440,7.114
10373,830258,CH2,157.622,148.080,9.542
10373,830258,CH3,151.761,141.120,10.641
10373,830258,CH4,113.967,105.120,8.847
10373,830258,CH5,102.880,97.440,5.440
10373,830258,CH6,116.413,118.320,-1.907
10374,830339,CH1,159.873,159.840,0.033
10374,830339,CH2,161.551,156.480,5.071
10374,830339,CH3,161.555,152.400,9.155
10374,830339,CH4,127.243,115.680,11.563
10374,830339,CH5,114.827,104.400,10.427
10374,830339,CH6,122.080,117.360,4.720
10375,830427,CH1,159.873,159.840,0.033
10375,830427,CH2,161.551,156.480,5.071
10375,830427,CH3,161.555,152.400,9.155
10375,830427,CH4,127.243,115.680,11.563
10375,830427,CH5,114.827,104.400,10.427
10375,830427,CH6,122.080,117.360,4.720
10376,830498,CH1,147.623,156.240,-8.617
10376,830498,CH2,157.269,158.400,-1.131
10376,830498,CH3,165.046,160.560,4.486
10376,830498,CH4,137.658,128.640,9.018
10376,830498,CH5,129.020,116.160,12.860
10376,830498,CH6,134.918,124.800,10.118
10377,830578,CH1,132.481,144.720,-12.239
10377,830578,CH2,146.411,153.840,-7.428
10377,830578,CH3,160.900,162.720,-1.820
10377,830578,CH4,141.234,138.000,3.234
10377,830578,CH5,140.038,130.080,9.958
10377,830578,CH6,150.024,137.520,12.504
10378,830658,CH1,120.232,131.040,-10.808
10378,830658,CH2,133.125,143.280,-10.155
10378,830658,CH3,150.702,158.640,-7.938
10378,830658,CH4,136.605,139.440,-2.835
10378,830658,CH5,143.672,140.880,2.792
10378,830658,CH6,161.626,150.960,10.666
10379,830738,CH1,120.232,131.040,-10.808
10379,830738,CH2,133.125,143.280,-10.155
10379,830738,CH3,150.702,158.640,-7.938
10379,830738,CH4,136.605,139.440,-2.835
10379,830738,CH5,143.672,140.880,2.792
10379,830738,CH6,161.626,150.960,10.666
10380,830827,CH1,115.554,122.160,-6.606
10380,830827,CH2,122.485,132.000,-9.515
10380,830827,CH3,138.346,148.800,-10.454
10380,830827,CH4,125.538,135.360,-9.822
10380,830827,CH5,138.535,143.040,-4.505
10380,830827,CH6,165.294,161.520,3.774
10381,830898,CH1,120.234,120.240,-0.006
10381,830898,CH2,118.556,123.120,-4.564
10381,830898,CH3,128.552,137.520,-8.968
10381,830898,CH4,112.262,123.600,-11.338
10381,830898,CH5,126.589,136.800,-10.211
10381,830898,CH6,159.627,163.440,-3.813
10382,830978,CH1,120.234,120.240,-0.006
10382,830978,CH2,118.556,123.120,-4.564
10382,830978,CH3,128.552,137.520,-8.968
10382,830978,CH4,112.262,123.600,-11.338
10382,830978,CH5,126.589,136.800,-10.211
10382,830978,CH6,159.627,163.440,-3.813
10383,831058,CH1,132.484,123.600,8.884
10383,831058,CH2,122.838,121.200,1.638
10383,831058,CH3,125.061,129.600,-4.539
10383,831058,CH4,101.847,110.880,-9.033
10383,831058,CH5,112.396,124.560,-12.164
10383,831058,CH6,146.789,157.440,-10.651
10384,831138,CH1,147.626,135.600,12.026
10384,831138,CH2,133.696,126.000,7.696
10384,831138,CH3,129.207,127.680,1.527
10384,831138,CH4,98.271,101.760,-3.489
10384,831138,CH5,101.378,110.880,-9.502
10384,831138,CH6,131.683,144.960,-13.277
10385,831227,CH1,159.875,148.800,11.075
10385,831227,CH2,146.982,137.280,9.702
10385,831227,CH3,139.405,132.240,7.165
10385,831227,CH4,102.901,99.600,3.301
10385,831227,CH5,97.743,99.360,-1.617
10385,831227,CH6,120.081,130.080,-9.999
10386,831298,CH1,159.875,148.800,11.075
10386,831298,CH2,146.982,137.280,9.702
10386,831298,CH3,139.405,132.240,7.165
10386,831298,CH4,102.901,99.600,3.301
10386,831298,CH5,97.743,99.360,-1.617
10386,831298,CH6,120.081,130.080,-9.999
10387,831378,CH1,164.554,157.440,7.114
10387,831378,CH2,157.622,148.560,9.062
10387,831378,CH3,151.761,141.600,10.161
10387,831378,CH4,113.967,104.640,9.327
10387,831378,CH5,102.880,97.680,5.200
10387,831378,CH6,116.413,118.560,-2.147
10388,831458,CH1,159.873,159.840,0.033
10388,831458,CH2,161.551,156.240,5.311
10388,831458,CH3,161.555,152.160,9.395
10388,831458,CH4,127.243,115.920,11.323
10388,831458,CH5,114.827,104.160,10.667
10388,831458,CH6,122.080,117.600,4.480
10389,831538,CH1,147.623,156.240,-8.617
10389,831538,CH2,157.269,157.920,-0.651
10389,831538,CH3,165.046,160.560,4.486
10389,831538,CH4,137.658,129.360,8.298
10389,831538,CH5,129.020,117.120,11.900
10389,831538,CH6,134.918,120.000,14.918
10390,831627,CH1,147.623,156.240,-8.617
10390,831627,CH2,157.269,157.920,-0.651
10390,831627,CH3,165.046,160.560,4.486
10390,831627,CH4,137.658,129.360,8.298
10390,831627,CH5,129.020,117.120,11.900
10390,831627,CH6,134.918,120.000,14.918
10391,831698,CH1,132.481,144.960,-12.479
10391,831698,CH2,146.411,154.320,-7.909
10391,831698,CH3,160.900,162.240,-1.340
10391,831698,CH4,141.234,138.240,2.994
10391,831698,CH5,140.038,130.320,9.718
10391,831698,CH6,150.024,128.160,21.864
10392,831778,CH1,120.232,131.520,-11.288
10392,831778,CH2,133.125,143.280,-10.155
10392,831778,CH3,150.702,158.640,-7.938
10392,831778,CH4,136.605,140.400,-3.795
10392,831778,CH5,143.672,141.120,2.552
10392,831778,CH6,161.626,144.960,16.666
10393,831858,CH1,120.232,131.520,-11.288
10393,831858,CH2,133.125,143.280,-10.155
10393,831858,CH3,150.702,158.640,-7.938
10393,831858,CH4,136.605,140.400,-3.795
10393,831858,CH5,143.672,141.120,2.552
10393,831858,CH6,161.626,144.960,16.666
10394,831938,CH1,115.554,122.640,-7.086
10394,831938,CH2,122.485,132.480,-9.995
10394,831938,CH3,138.346,150.000,-11.654
10394,831938,CH4,125.538,135.600,-10.062
10394,831938,CH5,138.535,143.040,-4.505
10394,831938,CH6,165.294,159.360,5.934
10395,832027,CH1,120.234,120.240,-0.006
10395,832027,CH2,118.556,123.120,-4.564
10395,832027,CH3,128.552,138.480,-9.928
10395,832027,CH4,112.262,124.560,-12.298
10395,832027,CH5,126.589,137.760,-11.171
10395,832027,CH6,159.627,163.200,-3.573
10396,832098,CH1,132.484,123.360,9.124
10396,832098,CH2,122.838,120.480,2.358
10396,832098,CH3,125.061,129.840,-4.779
10396,832098,CH4,101.847,111.840,-9.993
10396,832098,CH5,112.396,125.520,-13.124
10396,832098,CH6,146.789,157.680,-10.891
10397,832178,CH1,132.484,123.360,9.124
10397,832178,CH2,122.838,120.480,2.358
10397,832178,CH3,125.061,129.840,-4.779
10397,832178,CH4,101.847,111.840,-9.993
10397,832178,CH5,112.396,125.520,-13.124
10397,832178,CH6,146.789,157.680,-10.891
10398,832258,CH1,147.626,134.880,12.746
10398,832258,CH2,133.696,125.760,7.936
10398,832258,CH3,129.207,127.920,1.287
10398,832258,CH4,98.271,102.480,-4.209
10398,832258,CH5,101.378,111.360,-9.982
10398,832258,CH6,131.683,145.440,-13.757
10399,832338,CH1,159.875,148.320,11.555
10399,832338,CH2,146.982,137.040,9.942
10399,832338,CH3,139.405,132.240,7.165
10399,832338,CH4,102.901,99.840,3.061
10399,832338,CH5,97.743,99.360,-1.617
10399,832338,CH6,120.081,130.320,-10.239
10400,832427,CH1,159.875,148.320,11.555
10400,832427,CH2,146.982,137.040,9.942
10400,832427,CH3,139.405,132.240,7.165
10400,832427,CH4,102.901,99.840,3.061
10400,832427,CH5,97.743,99.360,-1.617
10400,832427,CH6,120.081,130.320,-10.239
10401,832498,CH1,164.554,157.680,6.874
10401,832498,CH2,157.622,148.320,9.302
10401,832498,CH3,151.761,141.840,9.921
10401,832498,CH4,113.967,104.640,9.327
10401,832498,CH5,102.880,97.680,5.200
10401,832498,CH6,116.413,118.800,-2.387
10402,832578,CH1,159.873,160.080,-0.207
10402,832578,CH2,161.551,156.720,4.831
10402,832578,CH3,161.555,153.360,8.195
10402,832578,CH4,127.243,116.160,11.083
10402,832578,CH5,114.827,105.120,9.707
10402,832578,CH6,122.080,117.600,4.480
10403,832658,CH1,147.623,156.480,-8.857
10403,832658,CH2,157.269,158.640,-1.371
10403,832658,CH3,165.046,160.800,4.246
10403,832658,CH4,137.658,129.120,8.538
10403,832658,CH5,129.020,116.400,12.620
10403,832658,CH6,134.918,124.320,10.598
10404,832738,CH1,147.623,156.480,-8.857
10404,832738,CH2,157.269,158.640,-1.371
10404,832738,CH3,165.046,160.800,4.246
10404,832738,CH4,137.658,129.120,8.538
10404,832738,CH5,129.020,116.400,12.620
10404,832738,CH6,134.918,124.320,10.598
10405,832827,CH1,132.481,145.200,-12.719
10405,832827,CH2,146.411,153.600,-7.189
10405,832827,CH3,160.900,162.000,-1.100
10405,832827,CH4,141.234,138.000,3.234
10405,832827,CH5,140.038,129.360,10.678
10405,832827,CH6,150.024,136.800,13.224
10406,832898,CH1,120.232,131.040,-10.808
10406,832898,CH2,133.125,143.280,-10.155
10406,832898,CH3,150.702,158.160,-7.458
10406,832898,CH4,136.605,139.680,-3.075
10406,832898,CH5,143.672,141.360,2.312
10406,832898,CH6,161.626,150.720,10.906
10407,832978,CH1,120.232,131.040,-10.808
10407,832978,CH2,133.125,143.280,-10.155
10407,832978,CH3,150.702,158.160,-7.458
10407,832978,CH4,136.605,139.680,-3.075
10407,832978,CH5,143.672,141.360,2.312
10407,832978,CH6,161.626,150.720,10.906
10408,833058,CH1,115.554,122.160,-6.606
10408,833058,CH2,122.485,131.520,-9.035
10408,833058,CH3,138.346,149.040,-10.694
10408,833058,CH4,125.538,135.120,-9.582
10408,833058,CH5,138.535,143.520,-4.985
10408,833058,CH6,165.294,161.760,3.534
10409,833138,CH1,120.234,120.000,0.234
10409,833138,CH2,118.556,123.120,-4.564
10409,833138,CH3,128.552,138.240,-9.688
10409,833138,CH4,112.262,124.080,-11.818
10409,833138,CH5,126.589,136.800,-10.211
10409,833138,CH6,159.627,163.920,-4.293
10410,833227,CH1,132.484,123.360,9.124
10410,833227,CH2,122.838,121.440,1.398
10410,833227,CH3,125.061,129.840,-4.779
10410,833227,CH4,101.847,111.600,-9.753
10410,833227,CH5,112.396,124.560,-12.164
10410,833227,CH6,146.789,157.680,-10.891
10411,833298,CH1,132.484,123.360,9.124
10411,833298,CH2,122.838,121.440,1.398
10411,833298,CH3,125.061,129.840,-4.779
10411,833298,CH4,101.847,111.600,-9.753
10411,833298,CH5,112.396,124.560,-12.164
10411,833298,CH6,146.789,157.680,-10.891
10412,833378,CH1,147.626,135.600,12.026
10412,833378,CH2,133.696,126.000,7.696
10412,833378,CH3,129.207,127.920,1.287
10412,833378,CH4,98.271,102.000,-3.729
10412,833378,CH5,101.378,111.120,-9.742
10412,833378,CH6,131.683,145.200,-13.517
10413,833458,CH1,159.875,148.800,11.075
10413,833458,CH2,146.982,137.520,9.462
10413,833458,CH3,139.405,132.000,7.405
10413,833458,CH4,102.901,99.600,3.301
10413,833458,CH5,97.743,99.600,-1.857
10413,833458,CH6,120.081,130.320,-10.239
10414,833538,CH1,164.554,157.440,7.114
10414,833538,CH2,157.622,148.560,9.062
10414,833538,CH3,151.761,141.600,10.161
10414,833538,CH4,113.967,104.880,9.087
10414,833538,CH5,102.880,97.680,5.200
10414,833538,CH6,116.413,118.320,-1.907
10415,833627,CH1,164.554,157.440,7.114
10415,833627,CH2,157.622,148.560,9.062
10415,833627,CH3,151.761,141.600,10.161
10415,833627,CH4,113.967,104.880,9.087
10415,833627,CH5,102.880,97.680,5.200
10415,833627,CH6,116.413,118.320,-1.907
10416,833698,CH1,159.873,159.840,0.033
10416,833698,CH2,161.551,156.720,4.831
10416,833698,CH3,161.555,152.640,8.915
10416,833698,CH4,127.243,115.920,11.323
10416,833698,CH5,114.827,104.640,10.187
10416,833698,CH6,122.080,117.360,4.720
10417,833778,CH1,147.623,156.240,-8.617
10417,833778,CH2,157.269,158.640,-1.371
10417,833778,CH3,165.046,160.560,4.486
10417,833778,CH4,137.658,128.880,8.778
10417,833778,CH5,129.020,116.880,12.140
10417,833778,CH6,134.918,124.560,10.358
10418,833858,CH1,147.623,156.240,-8.617
10418,833858,CH2,157.269,158.640,-1.371
10418,833858,CH3,165.046,160.560,4.486
10418,833858,CH4,137.658,128.880,8.778
10418,833858,CH5,129.020,116.880,12.140
10418,833858,CH6,134.918,124.560,10.358
10419,833938,CH1,132.481,145.200,-12.719
10419,833938,CH2,146.411,153.600,-7.189
10419,833938,CH3,160.900,162.480,-1.580
10419,833938,CH4,141.234,137.520,3.714
10419,833938,CH5,140.038,130.320,9.718
10419,833938,CH6,150.024,137.280,12.744
10420,834027,CH1,120.232,131.040,-10.808
10420,834027,CH2,133.125,143.280,-10.155
10420,834027,CH3,150.702,157.440,-6.738
10420,834027,CH4,136.605,139.680,-3.075
10420,834027,CH5,143.672,141.360,2.312
10420,834027,CH6,161.626,150.720,10.906
10421,834098,CH1,115.554,121.920,-6.366
10421,834098,CH2,122.485,131.520,-9.035
10421,834098,CH3,138.346,148.800,-10.454
10421,834098,CH4,125.538,134.640,-9.102
10421,834098,CH5,138.535,143.040,-4.505
10421,834098,CH6,165.294,161.040,4.254
10422,834178,CH1,115.554,121.920,-6.366
10422,834178,CH2,122.485,131.520,-9.035
10422,834178,CH3,138.346,148.800,-10.454
10422,834178,CH4,125.538,134.640,-9.102
10422,834178,CH5,138.535,143.040,-4.505
10422,834178,CH6,165.294,161.040,4.254
10423,834258,CH1,120.234,120.000,0.234
10423,834258,CH2,118.556,123.840,-5.284
10423,834258,CH3,128.552,138.720,-10.168
10423,834258,CH4,112.262,124.320,-12.058
10423,834258,CH5,126.589,137.040,-10.451
10423,834258,CH6,159.627,162.960,-3.333
10424,834338,CH1,132.484,123.360,9.124
10424,834338,CH2,122.838,122.160,0.678
10424,834338,CH3,125.061,130.080,-5.019
10424,834338,CH4,101.847,111.840,-9.993
10424,834338,CH5,112.396,125.280,-12.884
10424,834338,CH6,146.789,157.440,-10.651
10425,834427,CH1,132.484,123.360,9.124
10425,834427,CH2,122.838,122.160,0.678
10425,834427,CH3,125.061,130.080,-5.019
10425,834427,CH4,101.847,111.840,-9.993
10425,834427,CH5,112.396,125.280,-12.884
10425,834427,CH6,146.789,157.440,-10.651
10426,834498,CH1,147.626,135.600,12.026
10426,834498,CH2,133.696,126.240,7.456
10426,834498,CH3,129.207,128.880,0.327
10426,834498,CH4,98.271,101.760,-3.489
10426,834498,CH5,101.378,111.360,-9.982
10426,834498,CH6,131.683,145.200,-13.517
10427,834578,CH1,159.875,149.040,10.835
10427,834578,CH2,146.982,137.760,9.222
10427,834578,CH3,139.405,132.240,7.165
10427,834578,CH4,102.901,99.840,3.061
10427,834578,CH5,97.743,99.120,-1.377
10427,834578,CH6,120.081,130.320,-10.239
10428,834658,CH1,164.554,157.440,7.114
10428,834658,CH2,157.622,148.320,9.302
10428,834658,CH3,151.761,141.840,9.921
10428,834658,CH4,113.967,105.120,8.847
10428,834658,CH5,102.880,97.440,5.440
10428,834658,CH6,116.413,118.320,-1.907
10429,834738,CH1,164.554,157.440,7.114
10429,834738,CH2,157.622,148.320,9.302
10429,834738,CH3,151.761,141.840,9.921
10429,834738,CH4,113.967,105.120,8.847
10429,834738,CH5,102.880,97.440,5.440
10429,834738,CH6,116.413,118.320,-1.907
10430,834827,CH1,159.873,159.360,0.513
10430,834827,CH2,161.551,156.480,5.071
10430,834827,CH3,161.555,152.640,8.915
10430,834827,CH4,127.243,115.680,11.563
10430,834827,CH5,114.827,104.400,10.427
10430,834827,CH6,122.080,117.600,4.480
10431,834898,CH1,147.623,156.240,-8.617
10431,834898,CH2,157.269,158.640,-1.371
10431,834898,CH3,165.046,160.320,4.726
10431,834898,CH4,137.658,128.640,9.018
10431,834898,CH5,129.020,116.400,12.620
10431,834898,CH6,134.918,124.560,10.358
10432,834978,CH1,147.623,156.240,-8.617
10432,834978,CH2,157.269,158.640,-1.371
10432,834978,CH3,165.046,160.320,4.726
10432,834978,CH4,137.658,128.640,9.018
10432,834978,CH5,129.020,116.400,12.620
10432,834978,CH6,134.918,124.560,10.358
10433,835058,CH1,132.481,144.720,-12.239
10433,835058,CH2,146.411,153.600,-7.189
10433,835058,CH3,160.900,162.000,-1.100
10433,835058,CH4,141.234,137.760,3.474
10433,835058,CH5,140.038,130.080,9.958
10433,835058,CH6,150.024,136.800,13.224
10434,835138,CH1,120.232,130.800,-10.568
10434,835138,CH2,133.125,143.040,-9.915
10434,835138,CH3,150.702,158.400,-7.698
10434,835138,CH4,136.605,139.680,-3.075
10434,835138,CH5,143.672,141.840,1.832
10434,835138,CH6,161.626,150.720,10.906
10435,835227,CH1,115.554,122.160,-6.606
10435,835227,CH2,122.485,131.520,-9.035
10435,835227,CH3,138.346,148.800,-10.454
10435,835227,CH4,125.538,134.640,-9.102
10435,835227,CH5,138.535,143.280,-4.745
10435,835227,CH6,165.294,161.520,3.774
10436,835298,CH1,115.554,122.160,-6.606
10436,835298,CH2,122.485,131.520,-9.035
10436,835298,CH3,138.346,148.800,-10.454
10436,835298,CH4,125.538,134.640,-9.102
10436,835298,CH5,138.535,143.280,-4.745
10436,835298,CH6,165.294,161.520,3.774
10437,835378,CH1,120.234,119.760,0.474
10437,835378,CH2,118.556,122.880,-4.324
10437,835378,CH3,128.552,137.760,-9.208
10437,835378,CH4,112.262,123.840,-11.578
10437,835378,CH5,126.589,136.800,-10.211
10437,835378,CH6,159.627,163.680,-4.053
10438,835458,CH1,132.484,123.360,9.124
10438,835458,CH2,122.838,120.720,2.118
10438,835458,CH3,125.061,129.360,-4.299
10438,835458,CH4,101.847,111.360,-9.513
10438,835458,CH5,112.396,124.320,-11.924
10438,835458,CH6,146.789,158.160,-11.371
10439,835538,CH1,147.626,135.360,12.266
10439,835538,CH2,133.696,126.000,7.696
10439,835538,CH3,129.207,127.920,1.287
10439,835538,CH4,98.271,103.200,-4.929
10439,835538,CH5,101.378,112.320,-10.942
10439,835538,CH6,131.683,146.160,-14.477
10440,835627,CH1,147.626,135.360,12.266
10440,835627,CH2,133.696,126.000,7.696
10440,835627,CH3,129.207,127.920,1.287
10440,835627,CH4,98.271,103.200,-4.929
10440,835627,CH5,101.378,112.320,-10.942
10440,835627,CH6,131.683,146.160,-14.477
10441,835698,CH1,159.875,148.800,11.075
10441,835698,CH2,146.982,138.240,8.742
10441,835698,CH3,139.405,132.240,7.165
10441,835698,CH4,102.901,101.520,1.381
10441,835698,CH5,97.743,102.960,-5.217
10441,835698,CH6,120.081,132.960,-12.879
10442,835778,CH1,164.554,157.680,6.874
10442,835778,CH2,157.622,149.040,8.582
10442,835778,CH3,151.761,142.560,9.201
10442,835778,CH4,113.967,105.840,8.127
10442,835778,CH5,102.880,99.120,3.760
10442,835778,CH6,116.413,118.800,-2.387
10443,835858,CH1,164.554,157.680,6.874
10443,835858,CH2,157.622,149.040,8.582
10443,835858,CH3,151.761,142.560,9.201
10443,835858,CH4,113.967,105.840,8.127
10443,835858,CH5,102.880,99.120,3.760
10443,835858,CH6,116.413,118.800,-2.387
10444,835938,CH1,159.873,159.840,0.033
10444,835938,CH2,161.551,156.720,4.831
10444,835938,CH3,161.555,152.640,8.915
10444,835938,CH4,127.243,115.920,11.323
10444,835938,CH5,114.827,104.400,10.427
10444,835938,CH6,122.080,117.840,4.240
10445,836027,CH1,147.623,156.240,-8.617
10445,836027,CH2,157.269,158.880,-1.611
10445,836027,CH3,165.046,160.320,4.726
10445,836027,CH4,137.658,128.400,9.258
10445,836027,CH5,129.020,116.160,12.860
10445,836027,CH6,134.918,124.080,10.838
10446,836098,CH1,132.481,144.960,-12.479
10446,836098,CH2,146.411,153.840,-7.429
10446,836098,CH3,160.900,162.000,-1.100
10446,836098,CH4,141.234,136.800,4.434
10446,836098,CH5,140.038,129.840,10.198
10446,836098,CH6,150.024,136.800,13.224
10447,836178,CH1,132.481,144.960,-12.479
10447,836178,CH2,146.411,153.840,-7.429
10447,836178,CH3,160.900,162.000,-1.100
10447,836178,CH4,141.234,136.800,4.434
10447,836178,CH5,140.038,129.840,10.198
10447,836178,CH6,150.024,136.800,13.224
10448,836258,CH1,120.232,130.800,-10.568
10448,836258,CH2,133.125,143.040,-9.915
10448,836258,CH3,150.702,158.160,-7.458
10448,836258,CH4,136.605,139.440,-2.835
10448,836258,CH5,143.672,141.600,2.072
10448,836258,CH6,161.626,150.960,10.666
10449,836338,CH1,115.554,121.920,-6.366
10449,836338,CH2,122.485,131.520,-9.035
10449,836338,CH3,138.346,149.040,-10.694
10449,836338,CH4,125.538,134.880,-9.342
10449,836338,CH5,138.535,143.280,-4.745
10449,836338,CH6,165.294,161.760,3.534
10450,836427,CH1,115.554,121.920,-6.366
10450,836427,CH2,122.485,131.520,-9.035
10450,836427,CH3,138.346,149.040,-10.694
10450,836427,CH4,125.538,134.880,-9.342
10450,836427,CH5,138.535,143.280,-4.745
10450,836427,CH6,165.294,161.760,3.534
10451,836498,CH1,120.234,119.760,0.474
10451,836498,CH2,118.556,123.360,-4.804
10451,836498,CH3,128.552,137.520,-8.968
10451,836498,CH4,112.262,123.840,-11.578
10451,836498,CH5,126.589,136.560,-9.971
10451,836498,CH6,159.627,163.920,-4.293
10452,836578,CH1,132.484,123.360,9.124
10452,836578,CH2,122.838,121.200,1.638
10452,836578,CH3,125.061,129.120,-4.059
10452,836578,CH4,101.847,110.640,-8.793
10452,836578,CH5,112.396,124.080,-11.684
10452,836578,CH6,146.789,157.440,-10.651
10453,836658,CH1,147.626,135.360,12.266
10453,836658,CH2,133.696,126.480,7.216
10453,836658,CH3,129.207,127.200,2.007
10453,836658,CH4,98.271,101.760,-3.489
10453,836658,CH5,101.378,111.360,-9.982
10453,836658,CH6,131.683,144.960,-13.277
10454,836738,CH1,147.626,135.360,12.266
10454,836738,CH2,133.696,126.480,7.216
10454,836738,CH3,129.207,127.200,2.007
10454,836738,CH4,98.271,101.760,-3.489
10454,836738,CH5,101.378,111.360,-9.982
10454,836738,CH6,131.683,144.960,-13.277
10455,836827,CH1,159.875,148.560,11.315
10455,836827,CH2,146.982,137.520,9.462
10455,836827,CH3,139.405,132.000,7.405
10455,836827,CH4,102.901,99.840,3.061
10455,836827,CH5,97.743,99.360,-1.617
10455,836827,CH6,120.081,130.080,-9.999
10456,836898,CH1,164.554,157.920,6.634
10456,836898,CH2,157.622,148.560,9.062
10456,836898,CH3,151.761,141.600,10.161
10456,836898,CH4,113.967,104.640,9.327
10456,836898,CH5,102.880,97.920,4.960
10456,836898,CH6,116.413,118.320,-1.907
10457,836978,CH1,164.554,157.920,6.634
10457,836978,CH2,157.622,148.560,9.062
10457,836978,CH3,151.761,141.600,10.161
10457,836978,CH4,113.967,104.640,9.327
10457,836978,CH5,102.880,97.920,4.960
10457,836978,CH6,116.413,118.320,-1.907
10458,837058,CH1,159.873,159.840,0.033
10458,837058,CH2,161.551,156.480,5.071
10458,837058,CH3,161.555,152.880,8.675
10458,837058,CH4,127.243,115.920,11.323
10458,837058,CH5,114.827,104.880,9.947
10458,837058,CH6,122.080,117.360,4.720
10459,837138,CH1,147.623,156.240,-8.617
10459,837138,CH2,157.269,158.640,-1.371
10459,837138,CH3,165.046,160.320,4.726
10459,837138,CH4,137.658,129.120,8.538
10459,837138,CH5,129.020,116.640,12.380
10459,837138,CH6,134.918,124.560,10.358
10460,837227,CH1,132.481,144.720,-12.239
10460,837227,CH2,146.411,153.840,-7.429
10460,837227,CH3,160.900,161.760,-0.860
10460,837227,CH4,141.234,137.280,3.954
10460,837227,CH5,140.038,129.600,10.438
10460,837227,CH6,150.024,136.800,13.224
10461,837298,CH1,132.481,144.720,-12.239
10461,837298,CH2,146.411,153.840,-7.429
10461,837298,CH3,160.900,161.760,-0.860
10461,837298,CH4,141.234,137.280,3.954
10461,837298,CH5,140.038,129.600,10.438
10461,837298,CH6,150.024,136.800,13.224
10462,837378,CH1,120.232,131.040,-10.808
10462,837378,CH2,133.125,143.040,-9.915
10462,837378,CH3,150.702,158.160,-7.458
10462,837378,CH4,136.605,139.440,-2.835
10462,837378,CH5,143.672,140.880,2.792
10462,837378,CH6,161.626,150.960,10.666
10463,837458,CH1,115.554,121.920,-6.366
10463,837458,CH2,122.485,131.760,-9.275
10463,837458,CH3,138.346,148.800,-10.454
10463,837458,CH4,125.538,134.400,-8.862
10463,837458,CH5,138.535,143.040,-4.505
10463,837458,CH6,165.294,162.000,3.294
10464,837538,CH1,120.234,119.760,0.474
10464,837538,CH2,118.556,123.120,-4.564
10464,837538,CH3,128.552,137.760,-9.208
10464,837538,CH4,112.262,124.080,-11.818
10464,837538,CH5,126.589,136.800,-10.211
10464,837538,CH6,159.627,163.680,-4.053
10465,837627,CH1,120.234,119.760,0.474
10465,837627,CH2,118.556,123.120,-4.564
10465,837627,CH3,128.552,137.760,-9.208
10465,837627,CH4,112.262,124.080,-11.818
10465,837627,CH5,126.589,136.800,-10.211
10465,837627,CH6,159.627,163.680,-4.053
10466,837698,CH1,132.484,123.360,9.124
10466,837698,CH2,122.838,121.440,1.398
10466,837698,CH3,125.061,129.600,-4.539
10466,837698,CH4,101.847,111.120,-9.273
10466,837698,CH5,112.396,124.800,-12.404
10466,837698,CH6,146.789,157.440,-10.651
10467,837778,CH1,147.626,135.600,12.026
10467,837778,CH2,133.696,126.480,7.216
10467,837778,CH3,129.207,127.920,1.287
10467,837778,CH4,98.271,101.760,-3.489
10467,837778,CH5,101.378,111.360,-9.982
10467,837778,CH6,131.683,145.200,-13.517
10468,837858,CH1,147.626,135.600,12.026
10468,837858,CH2,133.696,126.480,7.216
10468,837858,CH3,129.207,127.920,1.287
10468,837858,CH4,98.271,101.760,-3.489
10468,837858,CH5,101.378,111.360,-9.982
10468,837858,CH6,131.683,145.200,-13.517
10469,837938,CH1,159.875,149.040,10.835
10469,837938,CH2,146.982,137.280,9.702
10469,837938,CH3,139.405,132.000,7.405
10469,837938,CH4,102.901,99.840,3.061
10469,837938,CH5,97.743,99.360,-1.617
10469,837938,CH6,120.081,130.320,-10.239
10470,838027,CH1,164.554,157.680,6.874
10470,838027,CH2,157.622,148.560,9.062
10470,838027,CH3,151.761,141.600,10.161
10470,838027,CH4,113.967,104.400,9.567
10470,838027,CH5,102.880,97.680,5.200
10470,838027,CH6,116.413,118.800,-2.387
10471,838098,CH1,159.873,159.840,0.033
10471,838098,CH2,161.551,156.480,5.071
10471,838098,CH3,161.555,152.400,9.155
10471,838098,CH4,127.243,115.680,11.563
10471,838098,CH5,114.827,104.640,10.187
10471,838098,CH6,122.080,117.600,4.480
10472,838178,CH1,159.873,159.840,0.033
10472,838178,CH2,161.551,156.480,5.071
10472,838178,CH3,161.555,152.400,9.155
10472,838178,CH4,127.243,115.680,11.563
10472,838178,CH5,114.827,104.640,10.187
10472,838178,CH6,122.080,117.600,4.480
10473,838258,CH1,147.623,156.240,-8.617
10473,838258,CH2,157.269,158.400,-1.131
10473,838258,CH3,165.046,160.320,4.726
10473,838258,CH4,137.658,128.880,8.778
10473,838258,CH5,129.020,116.400,12.620
10473,838258,CH6,134.918,124.560,10.358
10474,838338,CH1,132.481,145.200,-12.719
10474,838338,CH2,146.411,153.360,-6.949
10474,838338,CH3,160.900,161.760,-0.860
10474,838338,CH4,141.234,137.760,3.474
10474,838338,CH5,140.038,130.080,9.958
10474,838338,CH6,150.024,137.040,12.984
10475,838427,CH1,132.481,145.200,-12.719
10475,838427,CH2,146.411,153.360,-6.949
10475,838427,CH3,160.900,161.760,-0.860
10475,838427,CH4,141.234,137.760,3.474
10475,838427,CH5,140.038,130.080,9.958
10475,838427,CH6,150.024,137.040,12.984
10476,838498,CH1,120.232,131.040,-10.808
10476,838498,CH2,133.125,143.040,-9.915
10476,838498,CH3,150.702,157.680,-6.978
10476,838498,CH4,136.605,139.440,-2.835
10476,838498,CH5,143.672,141.120,2.552
10476,838498,CH6,161.626,150.960,10.666
10477,838578,CH1,115.554,121.440,-5.886
10477,838578,CH2,122.485,131.040,-8.555
10477,838578,CH3,138.346,148.800,-10.454
10477,838578,CH4,125.538,134.640,-9.102
10477,838578,CH5,138.535,143.280,-4.745
10477,838578,CH6,165.294,162.480,2.814
10478,838658,CH1,120.234,119.760,0.474
10478,838658,CH2,118.556,122.880,-4.324
10478,838658,CH3,128.552,137.280,-8.728
10478,838658,CH4,112.262,123.600,-11.338
10478,838658,CH5,126.589,137.040,-10.451
10478,838658,CH6,159.627,163.680,-4.053
10479,838738,CH1,120.234,119.760,0.474
10479,838738,CH2,118.556,122.880,-4.324
10479,838738,CH3,128.552,137.280,-8.728
10479,838738,CH4,112.262,123.600,-11.338
10479,838738,CH5,126.589,137.040,-10.451
10479,838738,CH6,159.627,163.680,-4.053
10480,838827,CH1,132.484,123.360,9.124
10480,838827,CH2,122.838,121.200,1.638
10480,838827,CH3,125.061,129.600,-4.539
10480,838827,CH4,101.847,111.120,-9.273
10480,838827,CH5,112.396,124.560,-12.164
10480,838827,CH6,146.789,157.440,-10.651
10481,838898,CH1,147.626,135.600,12.026
10481,838898,CH2,133.696,126.240,7.456
10481,838898,CH3,129.207,127.920,1.287
10481,838898,CH4,98.271,102.480,-4.209
10481,838898,CH5,101.378,110.880,-9.502
10481,838898,CH6,131.683,144.960,-13.277
10482,838978,CH1,147.626,135.600,12.026
10482,838978,CH2,133.696,126.240,7.456
10482,838978,CH3,129.207,127.920,1.287
10482,838978,CH4,98.271,102.480,-4.209
10482,838978,CH5,101.378,110.880,-9.502
10482,838978,CH6,131.683,144.960,-13.277
10483,839058,CH1,159.875,148.800,11.075
10483,839058,CH2,146.982,138.240,8.742
10483,839058,CH3,139.405,132.480,6.925
10483,839058,CH4,102.901,100.800,2.101
10483,839058,CH5,97.743,101.520,-3.777
10483,839058,CH6,120.081,131.280,-11.199
10484,839138,CH1,164.554,157.680,6.874
10484,839138,CH2,157.622,148.800,8.822
10484,839138,CH3,151.761,141.840,9.921
10484,839138,CH4,113.967,105.120,8.847
10484,839138,CH5,102.880,98.880,4.000
10484,839138,CH6,116.413,119.040,-2.627
10485,839227,CH1,159.873,159.600,0.273
10485,839227,CH2,161.551,156.480,5.071
10485,839227,CH3,161.555,152.400,9.155
10485,839227,CH4,127.243,115.920,11.324
10485,839227,CH5,114.827,104.160,10.667
10485,839227,CH6,122.080,117.360,4.720
10486,839298,CH1,159.873,159.600,0.273
10486,839298,CH2,161.551,156.480,5.071
10486,839298,CH3,161.555,152.400,9.155
10486,839298,CH4,127.243,115.920,11.324
10486,839298,CH5,114.827,104.160,10.667
10486,839298,CH6,122.080,117.360,4.720
10487,839378,CH1,147.623,156.240,-8.617
10487,839378,CH2,157.269,157.920,-0.651
10487,839378,CH3,165.046,160.320,4.726
10487,839378,CH4,137.658,128.160,9.498
10487,839378,CH5,129.020,115.920,13.100
10487,839378,CH6,134.918,124.080,10.838
10488,839458,CH1,132.481,144.720,-12.239
10488,839458,CH2,146.411,153.600,-7.189
10488,839458,CH3,160.900,161.760,-0.860
10488,839458,CH4,141.234,137.040,4.194
10488,839458,CH5,140.038,129.360,10.678
10488,839458,CH6,150.024,136.800,13.224
10489,839538,CH1,132.481,144.720,-12.239
10489,839538,CH2,146.411,153.600,-7.189
10489,839538,CH3,160.900,161.760,-0.860
10489,839538,CH4,141.234,137.040,4.194
10489,839538,CH5,140.038,129.360,10.678
10489,839538,CH6,150.024,136.800,13.224
10490,839627,CH1,120.232,130.560,-10.328
10490,839627,CH2,133.125,142.800,-9.675
10490,839627,CH3,150.702,157.680,-6.978
10490,839627,CH4,136.605,139.680,-3.075
10490,839627,CH5,143.672,140.640,3.032
10490,839627,CH6,161.626,151.200,10.426
10491,839698,CH1,115.554,121.920,-6.366
10491,839698,CH2,122.485,131.520,-9.035
10491,839698,CH3,138.346,149.040,-10.694
10491,839698,CH4,125.538,134.640,-9.102
10491,839698,CH5,138.535,143.040,-4.505
10491,839698,CH6,165.294,161.520,3.774
10492,839778,CH1,120.234,120.000,0.234
10492,839778,CH2,118.556,123.120,-4.564
10492,839778,CH3,128.552,137.760,-9.208
10492,839778,CH4,112.262,124.080,-11.818
10492,839778,CH5,126.589,136.560,-9.971
10492,839778,CH6,159.627,163.680,-4.053
10493,839858,CH1,120.234,120.000,0.234
10493,839858,CH2,118.556,123.120,-4.564
10493,839858,CH3,128.552,137.760,-9.208
10493,839858,CH4,112.262,124.080,-11.818
10493,839858,CH5,126.589,136.560,-9.971
10493,839858,CH6,159.627,163.680,-4.053
10494,839938,CH1,132.484,123.360,9.124
10494,839938,CH2,122.838,121.200,1.638
10494,839938,CH3,125.061,129.600,-4.539
10494,839938,CH4,101.847,111.600,-9.753
10494,839938,CH5,112.396,125.040,-12.644
10494,839938,CH6,146.789,157.440,-10.651
10495,840027,CH1,147.626,134.880,12.746
10495,840027,CH2,133.696,126.480,7.216
10495,840027,CH3,129.207,128.400,0.807
10495,840027,CH4,98.271,103.680,-5.409
10495,840027,CH5,101.378,113.280,-11.902
10495,840027,CH6,131.683,147.120,-15.437
10496,840098,CH1,159.875,148.800,11.075
10496,840098,CH2,146.982,137.280,9.702
10496,840098,CH3,139.405,131.280,8.125
10496,840098,CH4,102.901,102.000,0.901
10496,840098,CH5,97.743,103.680,-5.937
10496,840098,CH6,120.081,133.680,-13.599
10497,840178,CH1,159.875,148.800,11.075
10497,840178,CH2,146.982,137.280,9.702
10497,840178,CH3,139.405,131.280,8.125
10497,840178,CH4,102.901,102.000,0.901
10497,840178,CH5,97.743,103.680,-5.937
10497,840178,CH6,120.081,133.680,-13.599
10498,840258,CH1,164.554,158.640,5.914
10498,840258,CH2,157.622,149.760,7.862
10498,840258,CH3,151.761,142.560,9.201
10498,840258,CH4,113.967,105.840,8.127
10498,840258,CH5,102.880,100.080,2.800
10498,840258,CH6,116.413,120.000,-3.587
10499,840338,CH1,159.873,160.080,-0.207
10499,840338,CH2,161.551,156.480,5.071
10499,840338,CH3,161.555,152.400,9.155
10499,840338,CH4,127.244,116.400,10.844
10499,840338,CH5,114.827,104.640,10.187
10499,840338,CH6,122.080,117.840,4.240
10500,840427,CH1,159.873,160.080,-0.207
10500,840427,CH2,161.551,156.480,5.071
10500,840427,CH3,161.555,152.400,9.155
10500,840427,CH4,127.244,116.400,10.844
10500,840427,CH5,114.827,104.640,10.187
10500,840427,CH6,122.080,117.840,4.240
10501,840499,CH1,147.623,156.480,-8.857
10501,840499,CH2,157.269,158.400,-1.131
10501,840499,CH3,165.046,160.800,4.246
10501,840499,CH4,137.658,129.120,8.538
10501,840499,CH5,129.020,115.680,13.340
10501,840499,CH6,134.918,125.040,9.878
10502,840578,CH1,132.481,144.720,-12.239
10502,840578,CH2,146.411,153.600,-7.189
10502,840578,CH3,160.900,161.760,-0.860
10502,840578,CH4,141.234,138.000,3.234
10502,840578,CH5,140.038,130.080,9.958
10502,840578,CH6,150.024,137.760,12.264
10503,840658,CH1,120.232,130.320,-10.088
10503,840658,CH2,133.125,143.040,-9.915
10503,840658,CH3,150.702,157.680,-6.978
10503,840658,CH4,136.605,139.680,-3.075
10503,840658,CH5,143.672,141.360,2.312
10503,840658,CH6,161.626,150.960,10.666
10504,840738,CH1,120.232,130.320,-10.088
10504,840738,CH2,133.125,143.040,-9.915
10504,840738,CH3,150.702,157.680,-6.978
10504,840738,CH4,136.605,139.680,-3.075
10504,840738,CH5,143.672,141.360,2.312
10504,840738,CH6,161.626,150.960,10.666
10505,840827,CH1,115.554,121.920,-6.366
10505,840827,CH2,122.485,131.520,-9.035
10505,840827,CH3,138.346,148.800,-10.454
10505,840827,CH4,125.538,134.880,-9.342
10505,840827,CH5,138.535,142.800,-4.265
10505,840827,CH6,165.294,161.760,3.534
10506,840899,CH1,120.234,120.240,-0.006
10506,840899,CH2,118.556,123.120,-4.564
10506,840899,CH3,128.552,138.240,-9.688
10506,840899,CH4,112.262,123.840,-11.578
10506,840899,CH5,126.589,136.800,-10.211
10506,840899,CH6,159.627,163.920,-4.293
10507,840978,CH1,120.234,120.240,-0.006
10507,840978,CH2,118.556,123.120,-4.564
10507,840978,CH3,128.552,138.240,-9.688
10507,840978,CH4,112.262,123.840,-11.578
10507,840978,CH5,126.589,136.800,-10.211
10507,840978,CH6,159.627,163.920,-4.293
10508,841058,CH1,132.484,123.360,9.124
10508,841058,CH2,122.838,120.480,2.358
10508,841058,CH3,125.061,130.080,-5.019
10508,841058,CH4,101.847,111.600,-9.753
10508,841058,CH5,112.396,125.280,-12.884
10508,841058,CH6,146.789,157.680,-10.891
10509,841138,CH1,147.626,135.600,12.026
10509,841138,CH2,133.696,126.000,7.696
10509,841138,CH3,129.207,127.920,1.287
10509,841138,CH4,98.271,102.480,-4.209
10509,841138,CH5,101.378,111.600,-10.222
10509,841138,CH6,131.683,144.960,-13.277
10510,841227,CH1,159.875,148.800,11.075
10510,841227,CH2,146.982,137.040,9.942
10510,841227,CH3,139.405,132.240,7.165
10510,841227,CH4,102.901,99.840,3.061
10510,841227,CH5,97.743,99.600,-1.857
10510,841227,CH6,120.081,130.320,-10.239
10511,841298,CH1,159.875,148.800,11.075
10511,841298,CH2,146.982,137.040,9.942
10511,841298,CH3,139.405,132.240,7.165
10511,841298,CH4,102.901,99.840,3.061
10511,841298,CH5,97.743,99.600,-1.857
10511,841298,CH6,120.081,130.320,-10.239
10512,841378,CH1,164.554,157.920,6.634
10512,841378,CH2,157.622,148.320,9.302
10512,841378,CH3,151.761,141.840,9.921
10512,841378,CH4,113.967,104.640,9.327
10512,841378,CH5,102.880,99.600,-1.857
10512,841378,CH6,116.413,118.560,-2.147
10513,841458,CH1,159.873,160.080,-0.207
10513,841458,CH2,161.551,157.200,4.351
10513,841458,CH3,161.555,153.360,8.195
10513,841458,CH4,127.244,117.120,10.124
10513,841458,CH5,114.827,100.320,14.507
10513,841458,CH6,122.080,117.600,4.480
10514,841538,CH1,159.873,160.080,-0.207
10514,841538,CH2,161.551,157.200,4.351
10514,841538,CH3,161.555,153.360,8.195
10514,841538,CH4,127.244,117.120,10.124
10514,841538,CH5,114.827,100.320,14.507
10514,841538,CH6,122.080,117.600,4.480
10515,841627,CH1,147.623,156.480,-8.857
10515,841627,CH2,157.269,158.880,-1.611
10515,841627,CH3,165.046,161.520,3.526
10515,841627,CH4,137.658,129.120,8.538
10515,841627,CH5,129.020,109.200,19.820
10515,841627,CH6,134.918,124.320,10.598
10516,841698,CH1,132.481,145.200,-12.719
10516,841698,CH2,146.411,153.840,-7.429
10516,841698,CH3,160.900,162.480,-1.580
10516,841698,CH4,141.234,137.280,3.954
10516,841698,CH5,140.038,125.280,14.758
10516,841698,CH6,150.024,136.320,13.704
10517,841778,CH1,120.232,131.040,-10.808
10517,841778,CH2,133.125,143.040,-9.915
10517,841778,CH3,150.702,157.920,-7.218
10517,841778,CH4,136.605,139.440,-2.835
10517,841778,CH5,143.672,140.400,3.272
10517,841778,CH6,161.626,150.480,11.146
10518,841858,CH1,120.232,131.040,-10.808
10518,841858,CH2,133.125,143.040,-9.915
10518,841858,CH3,150.702,157.920,-7.218
10518,841858,CH4,136.605,139.440,-2.835
10518,841858,CH5,143.672,140.400,3.272
10518,841858,CH6,161.626,150.480,11.146
10519,841938,CH1,115.554,121.920,-6.366
10519,841938,CH2,122.485,131.760,-9.275
10519,841938,CH3,138.346,148.800,-10.454
10519,841938,CH4,125.538,134.880,-9.342
10519,841938,CH5,138.535,143.040,-4.505
10519,841938,CH6,165.294,161.760,3.534
10520,842027,CH1,120.234,119.760,0.474
10520,842027,CH2,118.556,123.120,-4.564
10520,842027,CH3,128.552,138.000,-9.448
10520,842027,CH4,112.262,124.080,-11.818
10520,842027,CH5,126.589,136.800,-10.211
10520,842027,CH6,159.627,164.160,-4.533
10521,842098,CH1,132.484,123.360,9.124
10521,842098,CH2,122.838,121.680,1.158
10521,842098,CH3,125.061,129.360,-4.299
10521,842098,CH4,101.847,111.360,-9.513
10521,842098,CH5,112.396,124.800,-12.404
10521,842098,CH6,146.789,157.680,-10.891
10522,842178,CH1,132.484,123.360,9.124
10522,842178,CH2,122.838,121.680,1.158
10522,842178,CH3,125.061,129.360,-4.299
10522,842178,CH4,101.847,111.360,-9.513
10522,842178,CH5,112.396,124.800,-12.404
10522,842178,CH6,146.789,157.680,-10.891
10523,842258,CH1,147.626,135.360,12.266
10523,842258,CH2,133.696,126.720,6.976
10523,842258,CH3,129.207,127.680,1.527
10523,842258,CH4,98.271,102.000,-3.729
10523,842258,CH5,101.378,111.360,-9.982
10523,842258,CH6,131.683,145.200,-13.517
10524,842338,CH1,159.875,148.560,11.315
10524,842338,CH2,146.982,137.280,9.702
10524,842338,CH3,139.405,131.760,7.645
10524,842338,CH4,102.901,99.840,3.061
10524,842338,CH5,97.743,99.120,-1.377
10524,842338,CH6,120.081,130.080,-9.999
10525,842427,CH1,159.875,148.560,11.315
10525,842427,CH2,146.982,137.280,9.702
10525,842427,CH3,139.405,131.760,7.645
10525,842427,CH4,102.901,99.840,3.061
10525,842427,CH5,97.743,99.120,-1.377
10525,842427,CH6,120.081,130.080,-9.999
10526,842498,CH1,164.554,157.680,6.874
10526,842498,CH2,157.622,148.320,9.302
10526,842498,CH3,151.761,141.600,10.161
10526,842498,CH4,113.967,105.360,8.607
10526,842498,CH5,102.880,97.440,5.440
10526,842498,CH6,116.413,118.080,-1.667
10527,842578,CH1,159.873,160.080,-0.207
10527,842578,CH2,161.551,156.480,5.071
10527,842578,CH3,161.555,152.880,8.675
10527,842578,CH4,127.244,116.640,10.604
10527,842578,CH5,114.827,104.400,10.427
10527,842578,CH6,122.080,117.600,4.480
10528,842658,CH1,147.623,156.480,-8.857
10528,842658,CH2,157.269,158.640,-1.371
10528,842658,CH3,165.046,160.560,4.486
10528,842658,CH4,137.658,128.880,8.778
10528,842658,CH5,129.020,116.400,12.620
10528,842658,CH6,134.918,124.560,10.358
10529,842738,CH1,147.623,156.480,-8.857
10529,842738,CH2,157.269,158.640,-1.371
10529,842738,CH3,165.046,160.560,4.486
10529,842738,CH4,137.658,128.880,8.778
10529,842738,CH5,129.020,116.400,12.620
10529,842738,CH6,134.918,124.560,10.358
10530,842827,CH1,132.481,144.720,-12.239
10530,842827,CH2,146.411,153.600,-7.189
10530,842827,CH3,160.900,162.480,-1.580
10530,842827,CH4,141.234,137.520,3.714
10530,842827,CH5,140.038,129.840,10.198
10530,842827,CH6,150.024,138.240,11.784
10531,842898,CH1,120.232,130.800,-10.568
10531,842898,CH2,133.125,143.040,-9.915
10531,842898,CH3,150.702,157.920,-7.218
10531,842898,CH4,136.605,139.680,-3.075
10531,842898,CH5,143.672,141.120,2.552
10531,842898,CH6,161.626,150.720,10.906
10532,842978,CH1,120.232,130.800,-10.568
10532,842978,CH2,133.125,143.040,-9.915
10532,842978,CH3,150.702,157.920,-7.218
10532,842978,CH4,136.605,139.680,-3.075
10532,842978,CH5,143.672,141.120,2.552
10532,842978,CH6,161.626,150.720,10.906
10533,843058,CH1,115.554,122.160,-6.606
10533,843058,CH2,122.485,132.000,-9.515
10533,843058,CH3,138.346,149.040,-10.694
10533,843058,CH4,125.538,134.880,-9.342
10533,843058,CH5,138.535,142.800,-4.265
10533,843058,CH6,165.294,161.520,3.774
10534,843138,CH1,120.234,120.000,0.234
10534,843138,CH2,118.556,123.120,-4.564
10534,843138,CH3,128.552,138.000,-9.448
10534,843138,CH4,112.262,123.840,-11.578
10534,843138,CH5,126.589,136.800,-10.211
10534,843138,CH6,159.627,163.680,-4.053
10535,843227,CH1,132.484,123.600,8.884
10535,843227,CH2,122.838,121.200,1.638
10535,843227,CH3,125.061,129.120,-4.059
10535,843227,CH4,101.847,111.120,-9.273
10535,843227,CH5,112.396,124.560,-12.164
10535,843227,CH6,146.789,157.440,-10.651
10536,843298,CH1,132.484,123.600,8.884
10536,843298,CH2,122.838,121.200,1.638
10536,843298,CH3,125.061,129.120,-4.059
10536,843298,CH4,101.847,111.120,-9.273
10536,843298,CH5,112.396,124.560,-12.164
10536,843298,CH6,146.789,157.440,-10.651
10537,843378,CH1,147.626,135.600,12.026
10537,843378,CH2,133.696,126.480,7.216
10537,843378,CH3,129.207,127.680,1.527
10537,843378,CH4,98.271,102.240,-3.969
10537,843378,CH5,101.378,110.880,-9.502
10537,843378,CH6,131.683,144.720,-13.037
10538,843458,CH1,159.876,148.800,11.076
10538,843458,CH2,146.982,137.760,9.222
10538,843458,CH3,139.405,131.760,7.645
10538,843458,CH4,102.901,100.080,2.821
10538,843458,CH5,97.743,99.120,-1.377
10538,843458,CH6,120.081,129.840,-9.759
10539,843538,CH1,164.554,157.680,6.874
10539,843538,CH2,157.622,148.800,8.822
10539,843538,CH3,151.761,141.360,10.401
10539,843538,CH4,113.967,105.120,8.847
10539,843538,CH5,102.880,97.680,5.200
10539,843538,CH6,116.413,118.080,-1.667
10540,843627,CH1,164.554,157.680,6.874
10540,843627,CH2,157.622,148.800,8.822
10540,843627,CH3,151.761,141.360,10.401
10540,843627,CH4,113.967,105.120,8.847
10540,843627,CH5,102.880,97.680,5.200
10540,843627,CH6,116.413,118.080,-1.667
10541,843698,CH1,159.873,159.600,0.273
10541,843698,CH2,161.551,156.480,5.071
10541,843698,CH3,161.555,152.640,8.915
10541,843698,CH4,127.244,116.400,10.844
10541,843698,CH5,114.827,104.640,10.187
10541,843698,CH6,122.080,117.360,4.720
10542,843778,CH1,147.623,156.240,-8.617
10542,843778,CH2,157.269,158.160,-0.891
10542,843778,CH3,165.046,160.560,4.486
10542,843778,CH4,137.658,128.400,9.258
10542,843778,CH5,129.020,117.600,11.420
10542,843778,CH6,134.918,124.560,10.358
10543,843858,CH1,147.623,156.240,-8.617
10543,843858,CH2,157.269,158.160,-0.891
10543,843858,CH3,165.046,160.560,4.486
10543,843858,CH4,137.658,128.400,9.258
10543,843858,CH5,129.020,117.600,11.420
10543,843858,CH6,134.918,124.560,10.358
10544,843938,CH1,132.481,144.960,-12.479
10544,843938,CH2,146.411,153.360,-6.949
10544,843938,CH3,160.900,161.520,-0.620
10544,843938,CH4,141.234,137.280,3.954
10544,843938,CH5,140.038,130.320,9.718
10544,843938,CH6,150.024,136.800,13.224
10545,844027,CH1,120.232,130.800,-10.568
10545,844027,CH2,133.125,143.040,-9.915
10545,844027,CH3,150.702,158.160,-7.458
10545,844027,CH4,136.605,139.440,-2.835
10545,844027,CH5,143.672,141.120,2.552
10545,844027,CH6,161.626,150.960,10.666
10546,844098,CH1,115.554,121.920,-6.366
10546,844098,CH2,122.485,131.760,-9.275
10546,844098,CH3,138.346,148.800,-10.454
10546,844098,CH4,125.538,134.880,-9.342
10546,844098,CH5,138.535,143.040,-4.505
10546,844098,CH6,165.294,161.520,3.774
10547,844178,CH1,115.554,121.920,-6.366
10547,844178,CH2,122.485,131.760,-9.275
10547,844178,CH3,138.346,148.800,-10.454
10547,844178,CH4,125.538,134.880,-9.342
10547,844178,CH5,138.535,143.040,-4.505
10547,844178,CH6,165.294,161.520,3.774
10548,844258,CH1,120.234,120.000,0.234
10548,844258,CH2,118.556,122.880,-4.324
10548,844258,CH3,128.552,137.760,-9.208
10548,844258,CH4,112.262,124.080,-11.818
10548,844258,CH5,126.589,136.800,-10.211
10548,844258,CH6,159.627,163.200,-3.573
10549,844338,CH1,132.484,123.120,9.364
10549,844338,CH2,122.838,121.200,1.638
10549,844338,CH3,125.061,129.600,-4.539
10549,844338,CH4,101.847,111.600,-9.753
10549,844338,CH5,112.396,124.560,-12.164
10549,844338,CH6,146.789,157.200,-10.411
10550,844427,CH1,132.484,123.120,9.364
10550,844427,CH2,122.838,121.200,1.638
10550,844427,CH3,125.061,129.600,-4.539
10550,844427,CH4,101.847,111.600,-9.753
10550,844427,CH5,112.396,124.560,-12.164
10550,844427,CH6,146.789,157.200,-10.411
10551,844498,CH1,147.626,135.600,12.026
10551,844498,CH2,133.696,126.000,7.696
10551,844498,CH3,129.207,127.920,1.287
10551,844498,CH4,98.271,102.240,-3.969
10551,844498,CH5,101.378,110.640,-9.262
10551,844498,CH6,131.683,145.200,-13.517
10552,844578,CH1,159.876,148.800,11.076
10552,844578,CH2,146.982,137.040,9.942
10552,844578,CH3,139.405,132.240,7.165
10552,844578,CH4,102.901,99.840,3.061
10552,844578,CH5,97.743,99.120,-1.377
10552,844578,CH6,120.081,130.080,-9.999
10553,844658,CH1,164.554,157.440,7.114
10553,844658,CH2,157.622,148.320,9.302
10553,844658,CH3,151.761,141.840,9.921
10553,844658,CH4,113.967,104.640,9.327
10553,844658,CH5,102.880,97.680,5.200
10553,844658,CH6,116.413,118.560,-2.147
10554,844738,CH1,164.554,157.440,7.114
10554,844738,CH2,157.622,148.320,9.302
10554,844738,CH3,151.761,141.840,9.921
10554,844738,CH4,113.967,104.640,9.327
10554,844738,CH5,102.880,97.680,5.200
10554,844738,CH6,116.413,118.560,-2.147
10555,844827,CH1,159.873,159.840,0.033
10555,844827,CH2,161.551,156.480,5.071
10555,844827,CH3,161.555,152.400,9.155
10555,844827,CH4,127.244,115.920,11.324
10555,844827,CH5,114.827,104.400,10.427
10555,844827,CH6,122.080,117.600,4.480
10556,844898,CH1,147.623,156.480,-8.857
10556,844898,CH2,157.269,158.640,-1.371
10556,844898,CH3,165.046,160.560,4.486
10556,844898,CH4,137.658,128.880,8.778
10556,844898,CH5,129.020,116.400,12.620
10556,844898,CH6,134.918,124.560,10.358
10557,844978,CH1,147.623,156.480,-8.857
10557,844978,CH2,157.269,158.640,-1.371
10557,844978,CH3,165.046,160.560,4.486
10557,844978,CH4,137.658,128.880,8.778
10557,844978,CH5,129.020,116.400,12.620
10557,844978,CH6,134.918,124.560,10.358
10558,845059,CH1,132.481,144.720,-12.239
10558,845059,CH2,146.411,153.840,-7.429
10558,845059,CH3,160.900,162.240,-1.340
10558,845059,CH4,141.234,138.000,3.234
10558,845059,CH5,140.038,129.840,10.198
10558,845059,CH6,150.024,137.040,12.984
10559,845139,CH1,120.232,131.040,-10.808
10559,845139,CH2,133.125,143.280,-10.155
10559,845139,CH3,150.702,158.160,-7.458
10559,845139,CH4,136.605,139.920,-3.315
10559,845139,CH5,143.672,141.120,2.552
10559,845139,CH6,161.626,150.480,11.146
10560,845227,CH1,115.554,121.920,-6.366
10560,845227,CH2,122.485,132.000,-9.515
10560,845227,CH3,138.346,148.800,-10.454
10560,845227,CH4,125.538,135.120,-9.582
10560,845227,CH5,138.535,143.040,-4.505
10560,845227,CH6,165.294,161.520,3.774
10561,845298,CH1,115.554,121.920,-6.366
10561,845298,CH2,122.485,132.000,-9.515
10561,845298,CH3,138.346,148.800,-10.454
10561,845298,CH4,125.538,135.120,-9.582
10561,845298,CH5,138.535,143.040,-4.505
10561,845298,CH6,165.294,161.520,3.774
10562,845378,CH1,120.234,119.760,0.474
10562,845378,CH2,118.556,122.880,-4.324
10562,845378,CH3,128.552,137.520,-8.968
10562,845378,CH4,112.262,123.840,-11.578
10562,845378,CH5,126.589,136.560,-9.971
10562,845378,CH6,159.627,163.680,-4.053
10563,845458,CH1,132.484,123.840,8.644
10563,845458,CH2,122.838,120.960,1.878
10563,845458,CH3,125.061,129.120,-4.059
10563,845458,CH4,101.847,110.880,-9.033
10563,845458,CH5,112.396,124.080,-11.684
10563,845458,CH6,146.789,157.440,-10.651
10564,845538,CH1,147.626,135.840,11.786
10564,845538,CH2,133.696,126.000,7.696
10564,845538,CH3,129.207,127.440,1.767
10564,845538,CH4,98.271,102.000,-3.729
10564,845538,CH5,101.378,110.880,-9.502
10564,845538,CH6,131.683,144.960,-13.277
10565,845627,CH1,147.626,135.840,11.786
10565,845627,CH2,133.696,126.000,7.696
10565,845627,CH3,129.207,127.440,1.767
10565,845627,CH4,98.271,102.000,-3.729
10565,845627,CH5,101.378,110.880,-9.502
10565,845627,CH6,131.683,144.960,-13.277
10566,845698,CH1,159.876,148.800,11.076
10566,845698,CH2,146.982,137.040,9.942
10566,845698,CH3,139.405,131.520,7.885
10566,845698,CH4,102.901,99.840,3.061
10566,845698,CH5,97.743,99.360,-1.617
10566,845698,CH6,120.081,130.320,-10.239
10567,845778,CH1,164.554,157.440,7.114
10567,845778,CH2,157.622,148.320,9.302
10567,845778,CH3,151.761,141.360,10.401
10567,845778,CH4,113.967,104.400,9.567
10567,845778,CH5,102.880,97.680,5.200
10567,845778,CH6,116.413,118.560,-2.147
10568,845858,CH1,164.554,157.440,7.114
10568,845858,CH2,157.622,148.320,9.302
10568,845858,CH3,151.761,141.360,10.401
10568,845858,CH4,113.967,104.400,9.567
10568,845858,CH5,102.880,97.680,5.200
10568,845858,CH6,116.413,118.560,-2.147
10569,845938,CH1,159.873,159.600,0.273
10569,845938,CH2,161.551,156.480,5.071
10569,845938,CH3,161.555,152.400,9.155
10569,845938,CH4,127.244,115.680,11.564
10569,845938,CH5,114.827,104.400,10.427
10569,845938,CH6,122.080,117.840,4.240
10570,846027,CH1,147.623,156.240,-8.617
10570,846027,CH2,157.269,158.640,-1.371
10570,846027,CH3,165.046,160.560,4.486
10570,846027,CH4,137.658,128.400,9.258
10570,846027,CH5,129.020,116.160,12.860
10570,846027,CH6,134.918,125.040,9.878
10571,846099,CH1,132.481,144.720,-12.239
10571,846099,CH2,146.411,153.600,-7.189
10571,846099,CH3,160.900,162.240,-1.340
10571,846099,CH4,141.234,137.040,4.194
10571,846099,CH5,140.038,129.840,10.198
10571,846099,CH6,150.024,138.000,12.024
10572,846178,CH1,132.481,144.720,-12.239
10572,846178,CH2,146.411,153.600,-7.189
10572,846178,CH3,160.900,162.240,-1.340
10572,846178,CH4,141.234,137.040,4.194
10572,846178,CH5,140.038,129.840,10.198
10572,846178,CH6,150.024,138.000,12.024
10573,846258,CH1,120.232,130.800,-10.568
10573,846258,CH2,133.125,143.040,-9.915
10573,846258,CH3,150.702,157.920,-7.218
10573,846258,CH4,136.604,139.680,-3.076
10573,846258,CH5,143.672,141.600,2.072
10573,846258,CH6,161.626,150.480,11.146
10574,846338,CH1,115.554,122.160,-6.606
10574,846338,CH2,122.485,131.760,-9.275
10574,846338,CH3,138.346,148.800,-10.454
10574,846338,CH4,125.538,134.640,-9.102
10574,846338,CH5,138.535,143.280,-4.745
10574,846338,CH6,165.294,162.000,3.294
10575,846427,CH1,115.554,122.160,-6.606
10575,846427,CH2,122.485,131.760,-9.275
10575,846427,CH3,138.346,148.800,-10.454
10575,846427,CH4,125.538,134.640,-9.102
10575,846427,CH5,138.535,143.280,-4.745
10575,846427,CH6,165.294,162.000,3.294
10576,846498,CH1,120.234,120.000,0.234
10576,846498,CH2,118.556,123.360,-4.804
10576,846498,CH3,128.552,138.000,-9.448
10576,846498,CH4,112.262,124.080,-11.818
10576,846498,CH5,126.589,137.040,-10.451
10576,846498,CH6,159.627,163.680,-4.053
10577,846578,CH1,132.484,123.360,9.124
10577,846578,CH2,122.838,121.200,1.638
10577,846578,CH3,125.061,128.880,-3.819
10577,846578,CH4,101.847,110.640,-8.793
10577,846578,CH5,112.396,124.320,-11.924
10577,846578,CH6,146.789,157.440,-10.651
10578,846658,CH1,147.626,135.600,12.026
10578,846658,CH2,133.696,126.480,7.216
10578,846658,CH3,129.207,127.440,1.767
10578,846658,CH4,98.271,102.240,-3.969
10578,846658,CH5,101.378,111.120,-9.742
10578,846658,CH6,131.683,144.960,-13.277
10579,846738,CH1,147.626,135.600,12.026
10579,846738,CH2,133.696,126.480,7.216
10579,846738,CH3,129.207,127.440,1.767
10579,846738,CH4,98.271,102.240,-3.969
10579,846738,CH5,101.378,111.120,-9.742
10579,846738,CH6,131.683,144.960,-13.277
10580,846827,CH1,159.876,148.800,11.076
10580,846827,CH2,146.982,137.040,9.942
10580,846827,CH3,139.405,132.000,7.405
10580,846827,CH4,102.901,99.840,3.061
10580,846827,CH5,97.743,99.120,-1.377
10580,846827,CH6,120.081,130.080,-9.999
10581,846898,CH1,164.554,157.680,6.874
10581,846898,CH2,157.622,148.560,9.062
10581,846898,CH3,151.761,141.360,10.401
10581,846898,CH4,113.967,104.880,9.087
10581,846898,CH5,102.880,97.680,5.200
10581,846898,CH6,116.413,118.800,-2.387
10582,846978,CH1,164.554,157.680,6.874
10582,846978,CH2,157.622,148.560,9.062
10582,846978,CH3,151.761,141.360,10.401
10582,846978,CH4,113.967,104.880,9.087
10582,846978,CH5,102.880,97.680,5.200
10582,846978,CH6,116.413,118.800,-2.387
10583,847058,CH1,159.873,159.840,0.033
10583,847058,CH2,161.551,156.480,5.071
10583,847058,CH3,161.555,153.120,8.435
10583,847058,CH4,127.244,115.920,11.324
10583,847058,CH5,114.827,104.400,10.427
10583,847058,CH6,122.080,117.600,4.480
10584,847138,CH1,147.623,156.240,-8.617
10584,847138,CH2,157.269,158.400,-1.131
10584,847138,CH3,165.046,160.320,4.726
10584,847138,CH4,137.658,128.880,8.778
10584,847138,CH5,129.020,116.640,12.380
10584,847138,CH6,134.918,124.320,10.598
10585,847227,CH1,132.481,144.720,-12.239
10585,847227,CH2,146.411,153.600,-7.189
10585,847227,CH3,160.900,162.240,-1.340
10585,847227,CH4,141.234,136.800,4.434
10585,847227,CH5,140.038,130.320,9.718
10585,847227,CH6,150.024,136.560,13.464
10586,847298,CH1,132.481,144.720,-12.239
10586,847298,CH2,146.411,153.600,-7.189
10586,847298,CH3,160.900,162.240,-1.340
10586,847298,CH4,141.234,136.800,4.434
10586,847298,CH5,140.038,130.320,9.718
10586,847298,CH6,150.024,136.560,13.464
10587,847378,CH1,120.232,131.280,-11.048
10587,847378,CH2,133.125,143.280,-10.155
10587,847378,CH3,150.702,158.160,-7.458
10587,847378,CH4,136.604,139.440,-2.836
10587,847378,CH5,143.672,141.120,2.552
10587,847378,CH6,161.626,150.720,10.906
10588,847458,CH1,115.554,122.160,-6.606
10588,847458,CH2,122.485,131.520,-9.035
10588,847458,CH3,138.346,149.280,-10.934
10588,847458,CH4,125.538,134.640,-9.102
10588,847458,CH5,138.535,143.040,-4.505
10588,847458,CH6,165.294,161.520,3.774
10589,847538,CH1,120.234,119.760,0.474
10589,847538,CH2,118.556,123.120,-4.564
10589,847538,CH3,128.552,137.520,-8.968
10589,847538,CH4,112.262,124.080,-11.818
10589,847538,CH5,126.589,136.800,-10.211
10589,847538,CH6,159.627,163.680,-4.053
10590,847627,CH1,120.234,119.760,0.474
10590,847627,CH2,118.556,123.120,-4.564
10590,847627,CH3,128.552,137.520,-8.968
10590,847627,CH4,112.262,124.080,-11.818
10590,847627,CH5,126.589,136.800,-10.211
10590,847627,CH6,159.627,163.680,-4.053
10591,847698,CH1,132.484,123.600,8.884
10591,847698,CH2,122.838,121.200,1.638
10591,847698,CH3,125.061,129.360,-4.299
10591,847698,CH4,101.847,111.600,-9.753
10591,847698,CH5,112.396,124.080,-11.684
10591,847698,CH6,146.789,157.440,-10.651
10592,847778,CH1,147.626,135.840,11.786
10592,847778,CH2,133.696,126.480,7.216
10592,847778,CH3,129.207,127.440,1.767
10592,847778,CH4,98.271,102.480,-4.209
10592,847778,CH5,101.378,110.880,-9.502
10592,847778,CH6,131.683,145.200,-13.517
10593,847858,CH1,147.626,135.840,11.786
10593,847858,CH2,133.696,126.480,7.216
10593,847858,CH3,129.207,127.440,1.767
10593,847858,CH4,98.271,102.480,-4.209
10593,847858,CH5,101.378,110.880,-9.502
10593,847858,CH6,131.683,145.200,-13.517
10594,847938,CH1,159.876,148.560,11.316
10594,847938,CH2,146.982,137.520,9.462
10594,847938,CH3,139.405,131.520,7.885
10594,847938,CH4,102.901,100.080,2.821
10594,847938,CH5,97.743,98.880,-1.137
10594,847938,CH6,120.081,130.560,-10.479
10595,848027,CH1,164.554,157.440,7.114
10595,848027,CH2,157.622,148.800,8.822
10595,848027,CH3,151.761,141.840,9.921
10595,848027,CH4,113.967,105.360,8.607
10595,848027,CH5,102.880,97.920,4.960
10595,848027,CH6,116.413,118.800,-2.387
10596,848098,CH1,159.873,159.360,0.513
10596,848098,CH2,161.551,156.480,5.071
10596,848098,CH3,161.555,152.400,9.155
10596,848098,CH4,127.244,115.680,11.564
10596,848098,CH5,114.827,104.640,10.187
10596,848098,CH6,122.080,118.080,4.000
10597,848178,CH1,159.873,159.360,0.513
10597,848178,CH2,161.551,156.480,5.071
10597,848178,CH3,161.555,152.400,9.155
10597,848178,CH4,127.244,115.680,11.564
10597,848178,CH5,114.827,104.640,10.187
10597,848178,CH6,122.080,118.080,4.000
10598,848258,CH1,147.623,155.760,-8.137
10598,848258,CH2,157.269,158.400,-1.131
10598,848258,CH3,165.046,160.560,4.486
10598,848258,CH4,137.658,129.120,8.538
10598,848258,CH5,129.020,116.640,12.380
10598,848258,CH6,134.918,124.560,10.358
10599,848338,CH1,132.481,144.720,-12.239
10599,848338,CH2,146.411,153.360,-6.949
10599,848338,CH3,160.900,162.240,-1.340
10599,848338,CH4,141.234,137.280,3.954
10599,848338,CH5,140.038,130.080,9.958
10599,848338,CH6,150.024,137.040,12.984
10600,848427,CH1,132.481,144.720,-12.239
10600,848427,CH2,146.411,153.360,-6.949
10600,848427,CH3,160.900,162.240,-1.340
10600,848427,CH4,141.234,137.280,3.954
10600,848427,CH5,140.038,130.080,9.958
10600,848427,CH6,150.024,137.040,12.984
10601,848498,CH1,120.232,131.280,-11.048
10601,848498,CH2,133.125,143.040,-9.915
10601,848498,CH3,150.702,157.920,-7.218
10601,848498,CH4,136.604,139.680,-3.076
10601,848498,CH5,143.672,141.600,2.072
10601,848498,CH6,161.626,150.480,11.146
10602,848578,CH1,115.554,121.920,-6.366
10602,848578,CH2,122.485,131.280,-8.795
10602,848578,CH3,138.346,148.800,-10.454
10602,848578,CH4,125.538,134.880,-9.342
10602,848578,CH5,138.535,143.280,-4.745
10602,848578,CH6,165.294,161.520,3.774
10603,848658,CH1,120.234,120.000,0.234
10603,848658,CH2,118.556,122.880,-4.324
10603,848658,CH3,128.552,137.280,-8.728
10603,848658,CH4,112.262,123.840,-11.578
10603,848658,CH5,126.589,136.560,-9.971
10603,848658,CH6,159.627,163.440,-3.813
10604,848738,CH1,120.234,120.000,0.234
10604,848738,CH2,118.556,122.880,-4.324
10604,848738,CH3,128.552,137.280,-8.728
10604,848738,CH4,112.262,123.840,-11.578
10604,848738,CH5,126.589,136.560,-9.971
10604,848738,CH6,159.627,163.440,-3.813
10605,848827,CH1,132.484,123.360,9.124
10605,848827,CH2,122.838,121.200,1.638
10605,848827,CH3,125.061,129.360,-4.299
10605,848827,CH4,101.847,111.120,-9.273
10605,848827,CH5,112.396,124.320,-11.924
10605,848827,CH6,146.789,157.680,-10.891
10606,848898,CH1,147.626,135.360,12.266
10606,848898,CH2,133.696,126.480,7.216
10606,848898,CH3,129.207,127.680,1.527
10606,848898,CH4,98.271,102.000,-3.729
10606,848898,CH5,101.378,110.640,-9.262
10606,848898,CH6,131.683,144.960,-13.277
10607,848978,CH1,147.626,135.360,12.266
10607,848978,CH2,133.696,126.480,7.216
10607,848978,CH3,129.207,127.680,1.527
10607,848978,CH4,98.271,102.000,-3.729
10607,848978,CH5,101.378,110.640,-9.262
10607,848978,CH6,131.683,144.960,-13.277
10608,849058,CH1,159.876,148.800,11.076
10608,849058,CH2,146.982,137.040,9.942
10608,849058,CH3,139.405,131.760,7.645
10608,849058,CH4,102.901,99.600,3.301
10608,849058,CH5,97.743,98.880,-1.137
10608,849058,CH6,120.081,129.840,-9.759
10609,849138,CH1,164.554,157.440,7.114
10609,849138,CH2,157.622,148.320,9.302
10609,849138,CH3,151.761,141.360,10.401
10609,849138,CH4,113.967,104.400,9.567
10609,849138,CH5,102.880,97.920,4.960
10609,849138,CH6,116.413,118.800,-2.387
10610,849227,CH1,159.873,159.600,0.273
10610,849227,CH2,161.551,156.480,5.071
10610,849227,CH3,161.555,152.400,9.155
10610,849227,CH4,127.244,115.680,11.564
10610,849227,CH5,114.827,97.920,4.960
10610,849227,CH6,122.080,118.800,-2.387
10611,849298,CH1,159.873,159.600,0.273
10611,849298,CH2,161.551,156.480,5.071
10611,849298,CH3,161.555,152.400,9.155
10611,849298,CH4,127.244,115.680,11.564
10611,849298,CH5,114.827,97.920,4.960
10611,849298,CH6,122.080,118.800,-2.387
10612,849378,CH1,147.623,156.240,-8.617
10612,849378,CH2,157.269,158.640,-1.371
10612,849378,CH3,165.046,161.280,3.766
10612,849378,CH4,137.658,128.640,9.018
10612,849378,CH5,129.020,115.920,13.100
10612,849378,CH6,134.918,124.800,10.118
10613,849458,CH1,132.481,145.200,-12.719
10613,849458,CH2,146.411,153.360,-6.949
10613,849458,CH3,160.900,162.480,-1.580
10613,849458,CH4,141.234,137.280,3.954
10613,849458,CH5,140.038,130.080,9.958
10613,849458,CH6,150.024,137.040,12.984
10614,849538,CH1,132.481,145.200,-12.719
10614,849538,CH2,146.411,153.360,-6.949
10614,849538,CH3,160.900,162.480,-1.580
10614,849538,CH4,141.234,137.280,3.954
10614,849538,CH5,140.038,130.080,9.958
10614,849538,CH6,150.024,137.040,12.984
10615,849627,CH1,120.232,131.280,-11.048
10615,849627,CH2,133.125,142.800,-9.675
10615,849627,CH3,150.702,158.160,-7.458
10615,849627,CH4,136.604,139.440,-2.836
10615,849627,CH5,143.672,141.600,2.072
10615,849627,CH6,161.626,150.720,10.906
10616,849698,CH1,115.554,122.160,-6.606
10616,849698,CH2,122.485,131.520,-9.035
10616,849698,CH3,138.346,148.800,-10.454
10616,849698,CH4,125.538,134.640,-9.102
10616,849698,CH5,138.535,143.040,-4.505
10616,849698,CH6,165.294,161.280,4.014
10617,849778,CH1,120.234,119.760,0.474
10617,849778,CH2,118.556,123.120,-4.564
10617,849778,CH3,128.552,137.520,-8.968
10617,849778,CH4,112.262,123.840,-11.578
10617,849778,CH5,126.589,137.040,-10.451
10617,849778,CH6,159.627,163.200,-3.573
10618,849858,CH1,120.234,119.760,0.474
10618,849858,CH2,118.556,123.120,-4.564
10618,849858,CH3,128.552,137.520,-8.968
10618,849858,CH4,112.262,123.840,-11.578
10618,849858,CH5,126.589,137.040,-10.451
10618,849858,CH6,159.627,163.200,-3.573
10619,849938,CH1,132.484,123.360,9.124
10619,849938,CH2,122.838,121.200,1.638
10619,849938,CH3,125.061,129.360,-4.299
10619,849938,CH4,101.847,111.360,-9.513
10619,849938,CH5,112.396,124.800,-12.404
10619,849938,CH6,146.789,157.200,-10.411
10620,850027,CH1,147.626,135.360,12.266
10620,850027,CH2,133.696,126.480,7.216
10620,850027,CH3,129.207,127.680,1.527
10620,850027,CH4,98.271,102.240,-3.969
10620,850027,CH5,101.378,110.880,-9.502
10620,850027,CH6,131.683,144.720,-13.037
10621,850098,CH1,147.626,135.360,12.266
10621,850098,CH2,133.696,126.480,7.216
10621,850098,CH3,129.207,127.680,1.527
10621,850098,CH4,98.271,102.240,-3.969
10621,850098,CH5,101.378,110.880,-9.502
10621,850098,CH6,131.683,144.720,-13.037
10622,850178,CH1,159.876,148.800,11.076
10622,850178,CH2,146.982,136.800,10.182
10622,850178,CH3,139.405,132.240,7.165
10622,850178,CH4,102.901,99.600,3.301
10622,850178,CH5,97.743,98.640,-0.897
10622,850178,CH6,120.081,129.840,-9.759
10623,850258,CH1,164.554,157.680,6.874
10623,850258,CH2,157.622,148.560,9.062
10623,850258,CH3,151.761,141.360,10.401
10623,850258,CH4,113.967,105.120,8.847
10623,850258,CH5,102.880,97.920,4.960
10623,850258,CH6,116.413,118.560,-2.147
10624,850338,CH1,159.873,159.600,0.273
10624,850338,CH2,161.551,156.720,4.831
10624,850338,CH3,161.555,152.880,8.675
10624,850338,CH4,127.244,116.640,10.604
10624,850338,CH5,114.827,100.320,14.507
10624,850338,CH6,122.080,118.080,4.000
10625,850427,CH1,159.873,159.600,0.273
10625,850427,CH2,161.551,156.720,4.831
10625,850427,CH3,161.555,152.880,8.675
10625,850427,CH4,127.244,116.640,10.604
10625,850427,CH5,114.827,100.320,14.507
10625,850427,CH6,122.080,118.080,4.000
10626,850498,CH1,147.623,156.480,-8.857
10626,850498,CH2,157.269,158.880,-1.611
10626,850498,CH3,165.046,160.800,4.246
10626,850498,CH4,137.658,129.120,8.538
10626,850498,CH5,129.020,109.200,19.820
10626,850498,CH6,134.918,123.840,11.078
10627,850578,CH1,132.481,144.960,-12.479
10627,850578,CH2,146.411,153.840,-7.429
10627,850578,CH3,160.900,162.480,-1.580
10627,850578,CH4,141.234,137.040,4.194
10627,850578,CH5,140.038,124.560,15.478
10627,850578,CH6,150.024,135.840,14.184
10628,850658,CH1,120.232,131.520,-11.288
10628,850658,CH2,133.125,143.040,-9.915
10628,850658,CH3,150.702,158.160,-7.458
10628,850658,CH4,136.604,139.200,-2.596
10628,850658,CH5,143.672,139.920,3.752
10628,850658,CH6,161.626,150.000,11.626
10629,850738,CH1,120.232,131.520,-11.288
10629,850738,CH2,133.125,143.040,-9.915
10629,850738,CH3,150.702,158.160,-7.458
10629,850738,CH4,136.604,139.200,-2.596
10629,850738,CH5,143.672,139.920,3.752
10629,850738,CH6,161.626,150.000,11.626
10630,850827,CH1,115.554,122.160,-6.606
10630,850827,CH2,122.485,131.520,-9.035
10630,850827,CH3,138.346,148.800,-10.454
10630,850827,CH4,125.538,134.640,-9.102
10630,850827,CH5,138.535,143.280,-4.745
10630,850827,CH6,165.294,161.520,3.774
10631,850898,CH1,120.234,120.000,0.234
10631,850898,CH2,118.556,123.120,-4.564
10631,850898,CH3,128.552,137.280,-8.728
10631,850898,CH4,112.262,124.080,-11.818
10631,850898,CH5,126.589,136.560,-9.971
10631,850898,CH6,159.627,163.920,-4.293
10632,850978,CH1,120.234,120.000,0.234
10632,850978,CH2,118.556,123.120,-4.564
10632,850978,CH3,128.552,137.280,-8.728
10632,850978,CH4,112.262,124.080,-11.818
10632,850978,CH5,126.589,136.560,-9.971
10632,850978,CH6,159.627,163.920,-4.293
10633,851058,CH1,132.484,123.840,8.644
10633,851058,CH2,122.838,121.440,1.398
10633,851058,CH3,125.061,129.360,-4.299
10633,851058,CH4,101.847,111.120,-9.273
10633,851058,CH5,112.396,124.800,-12.404
10633,851058,CH6,146.789,157.680,-10.891
10634,851138,CH1,147.626,135.600,12.026
10634,851138,CH2,133.696,126.480,7.216
10634,851138,CH3,129.207,127.680,1.527
10634,851138,CH4,98.271,102.240,-3.969
10634,851138,CH5,101.378,111.120,-9.742
10634,851138,CH6,131.683,145.200,-13.517
10635,851227,CH1,159.876,148.560,11.316
10635,851227,CH2,146.982,137.760,9.222
10635,851227,CH3,139.405,132.240,7.165
10635,851227,CH4,102.901,99.840,3.061
10635,851227,CH5,97.743,99.360,-1.617
10635,851227,CH6,120.081,130.320,-10.239
10636,851298,CH1,159.876,148.560,11.316
10636,851298,CH2,146.982,137.760,9.222
10636,851298,CH3,139.405,132.240,7.165
10636,851298,CH4,102.901,99.840,3.061
10636,851298,CH5,97.743,99.360,-1.617
10636,851298,CH6,120.081,130.320,-10.239
10637,851378,CH1,164.554,157.440,7.114
10637,851378,CH2,157.622,148.800,8.822
10637,851378,CH3,151.761,141.600,10.161
10637,851378,CH4,113.967,105.120,8.847
10637,851378,CH5,102.880,97.440,5.440
10637,851378,CH6,116.413,118.800,-2.387
10638,851458,CH1,159.873,159.600,0.273
10638,851458,CH2,161.551,156.480,5.071
10638,851458,CH3,161.555,152.400,9.155
10638,851458,CH4,127.244,115.920,11.324
10638,851458,CH5,114.827,104.400,10.427
10638,851458,CH6,122.080,117.360,4.720
10639,851538,CH1,159.873,159.600,0.273
10639,851538,CH2,161.551,156.480,5.071
10639,851538,CH3,161.555,152.400,9.155
10639,851538,CH4,127.244,115.920,11.324
10639,851538,CH5,114.827,104.400,10.427
10639,851538,CH6,122.080,117.360,4.720
10640,851627,CH1,147.623,156.240,-8.617
10640,851627,CH2,157.269,158.880,-1.611
10640,851627,CH3,165.046,160.080,4.966
10640,851627,CH4,137.658,129.120,8.538
10640,851627,CH5,129.020,116.400,12.620
10640,851627,CH6,134.918,124.320,10.598
10641,851698,CH1,132.481,144.960,-12.479
10641,851698,CH2,146.411,153.600,-7.189
10641,851698,CH3,160.900,162.000,-1.100
10641,851698,CH4,141.234,137.760,3.474
10641,851698,CH5,140.038,129.600,10.438
10641,851698,CH6,150.024,137.280,12.744
10642,851778,CH1,120.232,130.800,-10.568
10642,851778,CH2,133.125,143.280,-10.155
10642,851778,CH3,150.702,157.920,-7.218
10642,851778,CH4,136.604,139.680,-3.076
10642,851778,CH5,143.672,141.120,2.552
10642,851778,CH6,161.626,151.440,10.186
10643,851858,CH1,120.232,130.800,-10.568
10643,851858,CH2,133.125,143.280,-10.155
10643,851858,CH3,150.702,157.920,-7.218
10643,851858,CH4,136.604,139.680,-3.076
10643,851858,CH5,143.672,141.120,2.552
10643,851858,CH6,161.626,151.440,10.186
10644,851938,CH1,115.554,122.160,-6.606
10644,851938,CH2,122.485,131.520,-9.035
10644,851938,CH3,138.346,149.040,-10.694
10644,851938,CH4,125.538,134.640,-9.102
10644,851938,CH5,138.535,142.800,-4.265
10644,851938,CH6,165.294,161.520,3.774
10645,852027,CH1,120.234,120.000,0.234
10645,852027,CH2,118.556,123.120,-4.564
10645,852027,CH3,128.552,137.520,-8.968
10645,852027,CH4,112.262,123.600,-11.338
10645,852027,CH5,126.589,136.800,-10.211
10645,852027,CH6,159.627,163.680,-4.053
10646,852098,CH1,132.484,123.600,8.884
10646,852098,CH2,122.838,121.200,1.638
10646,852098,CH3,125.061,129.360,-4.299
10646,852098,CH4,101.847,111.120,-9.273
10646,852098,CH5,112.396,124.800,-12.404
10646,852098,CH6,146.789,157.440,-10.651
10647,852178,CH1,132.484,123.600,8.884
10647,852178,CH2,122.838,121.200,1.638
10647,852178,CH3,125.061,129.360,-4.299
10647,852178,CH4,101.847,111.120,-9.273
10647,852178,CH5,112.396,124.800,-12.404
10647,852178,CH6,146.789,157.440,-10.651
10648,852259,CH1,147.626,135.600,12.026
10648,852259,CH2,133.696,126.240,7.456
10648,852259,CH3,129.207,127.680,1.527
10648,852259,CH4,98.271,102.480,-4.209
10648,852259,CH5,101.378,111.120,-9.742
10648,852259,CH6,131.683,145.440,-13.757
10649,852338,CH1,159.876,148.560,11.316
10649,852338,CH2,146.982,137.280,9.702
10649,852338,CH3,139.405,132.240,7.165
10649,852338,CH4,102.901,100.320,2.581
10649,852338,CH5,97.743,101.280,-3.537
10649,852338,CH6,120.081,130.800,-10.719
10650,852427,CH1,159.876,148.560,11.316
10650,852427,CH2,146.982,137.280,9.702
10650,852427,CH3,139.405,132.240,7.165
10650,852427,CH4,102.901,100.320,2.581
10650,852427,CH5,97.743,101.280,-3.537
10650,852427,CH6,120.081,130.800,-10.719
10651,852498,CH1,164.554,157.440,7.114
10651,852498,CH2,157.622,148.800,8.822
10651,852498,CH3,151.761,142.320,9.441
10651,852498,CH4,113.967,105.600,8.367
10651,852498,CH5,102.880,98.640,4.240
10651,852498,CH6,116.413,118.800,-2.387
10652,852578,CH1,159.873,159.600,0.273
10652,852578,CH2,161.551,156.480,5.071
10652,852578,CH3,161.555,152.400,9.155
10652,852578,CH4,127.244,115.680,11.564
10652,852578,CH5,114.827,104.160,10.667
10652,852578,CH6,122.080,117.360,4.720
10653,852658,CH1,147.623,155.760,-8.137
10653,852658,CH2,157.269,158.400,-1.131
10653,852658,CH3,165.046,160.320,4.726
10653,852658,CH4,137.658,128.880,8.779
10653,852658,CH5,129.020,116.640,12.380
10653,852658,CH6,134.918,119.760,15.158
10654,852738,CH1,147.623,155.760,-8.137
10654,852738,CH2,157.269,158.400,-1.131
10654,852738,CH3,165.046,160.320,4.726
10654,852738,CH4,137.658,128.880,8.779
10654,852738,CH5,129.020,116.640,12.380
10654,852738,CH6,134.918,119.760,15.158
10655,852827,CH1,132.481,145.200,-12.719
10655,852827,CH2,146.411,153.840,-7.429
10655,852827,CH3,160.900,162.240,-1.340
10655,852827,CH4,141.234,137.760,3.474
10655,852827,CH5,140.038,130.080,9.958
10655,852827,CH6,150.024,127.920,22.104
10656,852898,CH1,120.232,131.520,-11.288
10656,852898,CH2,133.125,143.280,-10.155
10656,852898,CH3,150.702,158.400,-7.698
10656,852898,CH4,136.604,139.440,-2.836
10656,852898,CH5,143.672,140.640,3.032
10656,852898,CH6,161.626,144.720,16.906
10657,852978,CH1,120.232,131.520,-11.288
10657,852978,CH2,133.125,143.280,-10.155
10657,852978,CH3,150.702,158.400,-7.698
10657,852978,CH4,136.604,139.440,-2.836
10657,852978,CH5,143.672,140.640,3.032
10657,852978,CH6,161.626,144.720,16.906
10658,853058,CH1,115.554,122.160,-6.606
10658,853058,CH2,122.485,132.000,-9.515
10658,853058,CH3,138.346,149.040,-10.694
10658,853058,CH4,125.538,134.880,-9.342
10658,853058,CH5,138.535,143.040,-4.505
10658,853058,CH6,165.294,159.360,5.934
10659,853138,CH1,120.234,120.240,-0.006
10659,853138,CH2,118.556,123.120,-4.564
10659,853138,CH3,128.552,137.520,-8.968
10659,853138,CH4,112.262,124.080,-11.818
10659,853138,CH5,126.589,136.560,-9.971
10659,853138,CH6,159.627,163.680,-4.053
10660,853227,CH1,132.484,123.600,8.884
10660,853227,CH2,122.838,121.440,1.398
10660,853227,CH3,125.061,129.600,-4.539
10660,853227,CH4,101.847,111.360,-9.513
10660,853227,CH5,112.396,124.560,-12.164
10660,853227,CH6,146.789,157.440,-10.651
10661,853298,CH1,132.484,123.600,8.884
10661,853298,CH2,122.838,121.440,1.398
10661,853298,CH3,125.061,129.600,-4.539
10661,853298,CH4,101.847,111.360,-9.513
10661,853298,CH5,112.396,124.560,-12.164
10661,853298,CH6,146.789,157.440,-10.651
10662,853378,CH1,147.626,135.360,12.266
10662,853378,CH2,133.696,126.480,7.216
10662,853378,CH3,129.207,127.920,1.287
10662,853378,CH4,98.271,103.200,-4.929
10662,853378,CH5,101.378,112.080,-10.702
10662,853378,CH6,131.683,145.920,-14.237
10663,853458,CH1,159.876,148.800,11.076
10663,853458,CH2,146.982,137.520,9.462
10663,853458,CH3,139.405,132.240,7.165
10663,853458,CH4,102.901,101.520,1.381
10663,853458,CH5,97.743,102.960,-5.217
10663,853458,CH6,120.081,131.760,-11.679
10664,853538,CH1,164.554,157.680,6.874
10664,853538,CH2,157.622,149.040,8.582
10664,853538,CH3,151.761,141.840,9.921
10664,853538,CH4,113.967,105.600,8.367
10664,853538,CH5,102.880,99.600,3.280
10664,853538,CH6,116.413,119.040,-2.627
10665,853627,CH1,164.554,157.680,6.874
10665,853627,CH2,157.622,149.040,8.582
10665,853627,CH3,151.761,141.840,9.921
10665,853627,CH4,113.967,105.600,8.367
10665,853627,CH5,102.880,99.600,3.280
10665,853627,CH6,116.413,119.040,-2.627
10666,853698,CH1,159.873,159.840,0.033
10666,853698,CH2,161.551,156.480,5.071
10666,853698,CH3,161.555,152.400,9.155
10666,853698,CH4,127.244,115.920,11.324
10666,853698,CH5,114.827,104.880,9.947
10666,853698,CH6,122.080,117.360,4.720
10667,853778,CH1,147.623,156.240,-8.617
10667,853778,CH2,157.269,158.400,-1.131
10667,853778,CH3,165.046,160.320,4.726
10667,853778,CH4,137.658,129.120,8.538
10667,853778,CH5,129.020,115.680,13.340
10667,853778,CH6,134.918,124.320,10.598
10668,853858,CH1,147.623,156.240,-8.617
10668,853858,CH2,157.269,158.400,-1.131
10668,853858,CH3,165.046,160.320,4.726
10668,853858,CH4,137.658,129.120,8.538
10668,853858,CH5,129.020,115.680,13.340
10668,853858,CH6,134.918,124.320,10.598
10669,853938,CH1,132.481,144.720,-12.239
10669,853938,CH2,146.411,153.600,-7.189
10669,853938,CH3,160.900,161.520,-0.620
10669,853938,CH4,141.234,137.280,3.954
10669,853938,CH5,140.038,129.600,10.438
10669,853938,CH6,150.024,136.560,13.464
10670,854027,CH1,120.232,131.280,-11.048
10670,854027,CH2,133.125,143.040,-9.915
10670,854027,CH3,150.702,157.440,-6.738
10670,854027,CH4,136.604,139.680,-3.076
10670,854027,CH5,143.672,140.880,2.792
10670,854027,CH6,161.626,150.480,11.146
10671,854098,CH1,115.554,122.160,-6.606
10671,854098,CH2,122.485,131.760,-9.275
10671,854098,CH3,138.346,149.280,-10.934
10671,854098,CH4,125.538,134.880,-9.342
10671,854098,CH5,138.535,142.800,-4.265
10671,854098,CH6,165.294,161.520,3.774
10672,854178,CH1,115.554,122.160,-6.606
10672,854178,CH2,122.485,131.760,-9.275
10672,854178,CH3,138.346,149.280,-10.934
10672,854178,CH4,125.538,134.880,-9.342
10672,854178,CH5,138.535,142.800,-4.265
10672,854178,CH6,165.294,161.520,3.774
10673,854258,CH1,120.234,120.240,-0.006
10673,854258,CH2,118.556,123.600,-5.044
10673,854258,CH3,128.552,138.240,-9.688
10673,854258,CH4,112.262,124.080,-11.818
10673,854258,CH5,126.589,136.800,-10.211
10673,854258,CH6,159.627,163.200,-3.573
10674,854338,CH1,132.484,123.600,8.884
10674,854338,CH2,122.838,121.200,1.638
10674,854338,CH3,125.061,129.840,-4.779
10674,854338,CH4,101.847,110.880,-9.033
10674,854338,CH5,112.396,125.040,-12.644
10674,854338,CH6,146.789,157.440,-10.651
10675,854427,CH1,132.484,123.600,8.884
10675,854427,CH2,122.838,121.200,1.638
10675,854427,CH3,125.061,129.840,-4.779
10675,854427,CH4,101.847,110.880,-9.033
10675,854427,CH5,112.396,125.040,-12.644
10675,854427,CH6,146.789,157.440,-10.651
10676,854498,CH1,147.626,134.880,12.746
10676,854498,CH2,133.696,126.480,7.216
10676,854498,CH3,129.207,127.920,1.287
10676,854498,CH4,98.271,102.000,-3.729
10676,854498,CH5,101.378,111.840,-10.462
10676,854498,CH6,131.683,145.680,-13.997
10677,854578,CH1,159.876,148.800,11.076
10677,854578,CH2,146.982,138.000,8.982
10677,854578,CH3,139.405,132.480,6.925
10677,854578,CH4,102.901,99.600,3.301
10677,854578,CH5,97.743,99.360,-1.617
10677,854578,CH6,120.081,130.560,-10.479
10678,854658,CH1,164.554,157.440,7.114
10678,854658,CH2,157.622,148.560,9.062
10678,854658,CH3,151.761,141.600,10.161
10678,854658,CH4,113.967,104.880,9.087
10678,854658,CH5,102.880,97.920,4.960
10678,854658,CH6,116.413,119.280,-2.867
10679,854738,CH1,164.554,157.440,7.114
10679,854738,CH2,157.622,148.560,9.062
10679,854738,CH3,151.761,141.600,10.161
10679,854738,CH4,113.967,104.880,9.087
10679,854738,CH5,102.880,97.920,4.960
10679,854738,CH6,116.413,119.280,-2.867
10680,854827,CH1,159.873,159.840,0.033
10680,854827,CH2,161.551,156.720,4.831
10680,854827,CH3,161.555,152.400,9.155
10680,854827,CH4,127.244,115.920,11.324
10680,854827,CH5,114.827,104.160,10.667
10680,854827,CH6,122.080,117.360,4.720
10681,854898,CH1,147.623,156.240,-8.617
10681,854898,CH2,157.269,159.120,-1.851
10681,854898,CH3,165.046,160.320,4.726
10681,854898,CH4,137.659,129.120,8.539
10681,854898,CH5,129.020,115.920,13.100
10681,854898,CH6,134.918,124.320,10.598
10682,854978,CH1,147.623,156.240,-8.617
10682,854978,CH2,157.269,159.120,-1.851
10682,854978,CH3,165.046,160.320,4.726
10682,854978,CH4,137.659,129.120,8.539
10682,854978,CH5,129.020,115.920,13.100
10682,854978,CH6,134.918,124.320,10.598
10683,855058,CH1,132.481,144.960,-12.479
10683,855058,CH2,146.411,153.840,-7.429
10683,855058,CH3,160.900,162.240,-1.340
10683,855058,CH4,141.234,137.760,3.474
10683,855058,CH5,140.038,129.360,10.678
10683,855058,CH6,150.024,136.560,13.464
10684,855138,CH1,120.232,131.520,-11.288
10684,855138,CH2,133.125,143.040,-9.915
10684,855138,CH3,150.702,158.160,-7.458
10684,855138,CH4,136.604,139.680,-3.076
10684,855138,CH5,143.672,141.120,2.552
10684,855138,CH6,161.626,150.960,10.666
10685,855227,CH1,115.554,122.400,-6.846
10685,855227,CH2,122.485,132.000,-9.515
10685,855227,CH3,138.346,149.040,-10.694
10685,855227,CH4,125.538,134.880,-9.342
10685,855227,CH5,138.535,142.560,-4.025
10685,855227,CH6,165.294,161.520,3.774
10686,855298,CH1,115.554,122.400,-6.846
10686,855298,CH2,122.485,132.000,-9.515
10686,855298,CH3,138.346,149.040,-10.694
10686,855298,CH4,125.538,134.880,-9.342
10686,855298,CH5,138.535,142.560,-4.025
10686,855298,CH6,165.294,161.520,3.774
10687,855378,CH1,120.234,120.000,0.234
10687,855378,CH2,118.556,123.120,-4.564
10687,855378,CH3,128.552,137.760,-9.208
10687,855378,CH4,112.262,123.840,-11.578
10687,855378,CH5,126.589,136.800,-10.211
10687,855378,CH6,159.627,163.680,-4.053
10688,855458,CH1,132.484,123.360,9.124
10688,855458,CH2,122.838,120.960,1.878
10688,855458,CH3,125.061,129.120,-4.059
10688,855458,CH4,101.847,110.880,-9.033
10688,855458,CH5,112.396,124.320,-11.924
10688,855458,CH6,146.789,157.680,-10.891
10689,855538,CH1,147.626,135.840,11.786
10689,855538,CH2,133.696,126.240,7.456
10689,855538,CH3,129.207,127.440,1.767
10689,855538,CH4,98.271,101.760,-3.489
10689,855538,CH5,101.378,111.120,-9.742
10689,855538,CH6,131.683,144.720,-13.037
10690,855627,CH1,147.626,135.840,11.786
10690,855627,CH2,133.696,126.240,7.456
10690,855627,CH3,129.207,127.440,1.767
10690,855627,CH4,98.271,101.760,-3.489
10690,855627,CH5,101.378,111.120,-9.742
10690,855627,CH6,131.683,144.720,-13.037
10691,855698,CH1,159.876,148.800,11.076
10691,855698,CH2,146.982,137.040,9.942
10691,855698,CH3,139.405,132.240,7.165
10691,855698,CH4,102.901,99.840,3.061
10691,855698,CH5,97.743,99.360,-1.617
10691,855698,CH6,120.081,130.080,-9.999
10692,855778,CH1,164.554,157.680,6.874
10692,855778,CH2,157.622,148.320,9.302
10692,855778,CH3,151.761,141.360,10.401
10692,855778,CH4,113.967,104.880,9.087
10692,855778,CH5,102.880,97.920,4.960
10692,855778,CH6,116.413,118.560,-2.147
10693,855858,CH1,164.554,157.680,6.874
10693,855858,CH2,157.622,148.320,9.302
10693,855858,CH3,151.761,141.360,10.401
10693,855858,CH4,113.967,104.880,9.087
10693,855858,CH5,102.880,97.920,4.960
10693,855858,CH6,116.413,118.560,-2.147
10694,855938,CH1,159.873,159.840,0.033
10694,855938,CH2,161.551,156.480,5.071
10694,855938,CH3,161.555,152.400,9.155
10694,855938,CH4,127.244,115.920,11.324
10694,855938,CH5,114.827,104.400,10.427
10694,855938,CH6,122.080,117.840,4.240
10695,856027,CH1,147.623,156.480,-8.857
10695,856027,CH2,157.269,158.640,-1.371
10695,856027,CH3,165.046,160.560,4.486
10695,856027,CH4,137.659,129.120,8.539
10695,856027,CH5,129.020,116.160,12.860
10695,856027,CH6,134.918,124.320,10.598
10696,856098,CH1,132.481,144.960,-12.479
10696,856098,CH2,146.411,153.360,-6.949
10696,856098,CH3,160.900,161.760,-0.860
10696,856098,CH4,141.234,138.000,3.234
10696,856098,CH5,140.038,129.360,10.678
10696,856098,CH6,150.024,137.040,12.984
10697,856178,CH1,132.481,144.960,-12.479
10697,856178,CH2,146.411,153.360,-6.949
10697,856178,CH3,160.900,161.760,-0.860
10697,856178,CH4,141.234,138.000,3.234
10697,856178,CH5,140.038,129.360,10.678
10697,856178,CH6,150.024,137.040,12.984
10698,856258,CH1,120.232,130.800,-10.568
10698,856258,CH2,133.125,143.280,-10.155
10698,856258,CH3,150.702,157.680,-6.978
10698,856258,CH4,136.604,139.680,-3.076
10698,856258,CH5,143.672,141.600,2.072
10698,856258,CH6,161.626,151.200,10.426
10699,856338,CH1,115.554,122.160,-6.606
10699,856338,CH2,122.485,132.240,-9.755
10699,856338,CH3,138.346,148.800,-10.454
10699,856338,CH4,125.538,135.120,-9.582
10699,856338,CH5,138.535,143.280,-4.745
10699,856338,CH6,165.294,162.000,3.294
10700,856427,CH1,115.554,122.160,-6.606
10700,856427,CH2,122.485,132.240,-9.755
10700,856427,CH3,138.346,148.800,-10.454
10700,856427,CH4,125.538,135.120,-9.582
10700,856427,CH5,138.535,143.280,-4.745
10700,856427,CH6,165.294,162.000,3.294
10701,856498,CH1,120.234,120.000,0.234
10701,856498,CH2,118.556,123.360,-4.804
10701,856498,CH3,128.552,138.240,-9.688
10701,856498,CH4,112.262,124.320,-12.058
10701,856498,CH5,126.589,137.280,-10.691
10701,856498,CH6,159.627,163.920,-4.293
10702,856578,CH1,132.484,123.840,8.644
10702,856578,CH2,122.838,121.440,1.398
10702,856578,CH3,125.061,129.360,-4.299
10702,856578,CH4,101.847,110.640,-8.793
10702,856578,CH5,112.396,124.320,-11.924
10702,856578,CH6,146.789,157.440,-10.651
10703,856658,CH1,147.626,135.360,12.266
10703,856658,CH2,133.696,126.240,7.456
10703,856658,CH3,129.207,127.680,1.527
10703,856658,CH4,98.271,102.240,-3.969
10703,856658,CH5,101.378,110.880,-9.502
10703,856658,CH6,131.683,144.960,-13.277
10704,856738,CH1,147.626,135.360,12.266
10704,856738,CH2,133.696,126.240,7.456
10704,856738,CH3,129.207,127.680,1.527
10704,856738,CH4,98.271,102.240,-3.969
10704,856738,CH5,101.378,110.880,-9.502
10704,856738,CH6,131.683,144.960,-13.277
10705,856827,CH1,159.876,148.560,11.316
10705,856827,CH2,146.982,137.040,9.942
10705,856827,CH3,139.405,132.000,7.405
10705,856827,CH4,102.901,100.080,2.821
10705,856827,CH5,97.743,99.600,-1.857
10705,856827,CH6,120.081,130.320,-10.239
10706,856898,CH1,164.554,157.440,7.114
10706,856898,CH2,157.622,148.320,9.302
10706,856898,CH3,151.761,141.600,10.161
10706,856898,CH4,113.967,105.360,8.607
10706,856898,CH5,102.880,97.680,5.200
10706,856898,CH6,116.413,119.040,-2.627
10707,856978,CH1,164.554,157.440,7.114
10707,856978,CH2,157.622,148.320,9.302
10707,856978,CH3,151.761,141.600,10.161
10707,856978,CH4,113.967,105.360,8.607
10707,856978,CH5,102.880,97.680,5.200
10707,856978,CH6,116.413,119.040,-2.627
10708,857058,CH1,159.873,159.600,0.273
10708,857058,CH2,161.551,156.720,4.831
10708,857058,CH3,161.555,152.400,9.155
10708,857058,CH4,127.244,116.160,11.084
10708,857058,CH5,114.827,104.400,10.427
10708,857058,CH6,122.080,118.560,3.520
10709,857138,CH1,147.623,156.480,-8.857
10709,857138,CH2,157.269,158.640,-1.371
10709,857138,CH3,165.046,160.560,4.486
10709,857138,CH4,137.659,128.880,8.779
10709,857138,CH5,129.020,116.400,12.620
10709,857138,CH6,134.918,124.560,10.358
10710,857227,CH1,132.481,144.960,-12.479
10710,857227,CH2,146.411,153.840,-7.429
10710,857227,CH3,160.900,161.760,-0.860
10710,857227,CH4,141.234,138.000,3.234
10710,857227,CH5,140.038,129.840,10.198
10710,857227,CH6,150.024,137.280,12.744
10711,857298,CH1,132.481,144.960,-12.479
10711,857298,CH2,146.411,153.840,-7.429
10711,857298,CH3,160.900,161.760,-0.860
10711,857298,CH4,141.234,138.000,3.234
10711,857298,CH5,140.038,129.840,10.198
10711,857298,CH6,150.024,137.280,12.744
10712,857378,CH1,120.232,130.800,-10.568
10712,857378,CH2,133.125,143.040,-9.915
10712,857378,CH3,150.702,157.920,-7.218
10712,857378,CH4,136.604,139.680,-3.076
10712,857378,CH5,143.672,141.600,2.072
10712,857378,CH6,161.626,150.960,10.666
10713,857458,CH1,115.554,122.160,-6.606
10713,857458,CH2,122.485,131.760,-9.275
10713,857458,CH3,138.346,148.800,-10.454
10713,857458,CH4,125.538,134.640,-9.102
10713,857458,CH5,138.535,143.280,-4.745
10713,857458,CH6,165.294,161.520,3.774
10714,857538,CH1,120.234,120.000,0.234
10714,857538,CH2,118.556,123.120,-4.564
10714,857538,CH3,128.552,137.280,-8.728
10714,857538,CH4,112.262,123.840,-11.578
10714,857538,CH5,126.589,136.320,-9.731
10714,857538,CH6,159.627,163.680,-4.053
10715,857627,CH1,120.234,120.000,0.234
10715,857627,CH2,118.556,123.120,-4.564
10715,857627,CH3,128.552,137.280,-8.728
10715,857627,CH4,112.262,123.840,-11.578
10715,857627,CH5,126.589,136.320,-9.731
10715,857627,CH6,159.627,163.680,-4.053
10716,857698,CH1,132.484,123.600,8.884
10716,857698,CH2,122.838,121.200,1.638
10716,857698,CH3,125.061,129.360,-4.299
10716,857698,CH4,101.847,110.640,-8.793
10716,857698,CH5,112.396,124.800,-12.404
10716,857698,CH6,146.789,157.440,-10.651
10717,857778,CH1,147.626,135.840,11.786
10717,857778,CH2,133.696,126.000,7.696
10717,857778,CH3,129.207,127.680,1.527
10717,857778,CH4,98.271,101.760,-3.489
10717,857778,CH5,101.378,111.120,-9.742
10717,857778,CH6,131.683,145.200,-13.517
10718,857858,CH1,147.626,135.840,11.786
10718,857858,CH2,133.696,126.000,7.696
10718,857858,CH3,129.207,127.680,1.527
10718,857858,CH4,98.271,101.760,-3.489
10718,857858,CH5,101.378,111.120,-9.742
10718,857858,CH6,131.683,145.200,-13.517
10719,857938,CH1,159.876,149.040,10.836
10719,857938,CH2,146.982,137.040,9.942
10719,857938,CH3,139.405,131.040,8.365
10719,857938,CH4,102.901,99.600,3.301
10719,857938,CH5,97.743,99.600,-1.857
10719,857938,CH6,120.081,130.320,-10.239
10720,858027,CH1,164.554,157.440,7.114
10720,858027,CH2,157.622,147.840,9.782
10720,858027,CH3,151.761,141.360,10.401
10720,858027,CH4,113.967,104.640,9.327
10720,858027,CH5,102.880,97.440,5.440
10720,858027,CH6,116.413,118.800,-2.387
10721,858098,CH1,159.873,159.840,0.033
10721,858098,CH2,161.551,156.480,5.071
10721,858098,CH3,161.555,152.400,9.155
10721,858098,CH4,127.244,116.160,11.084
10721,858098,CH5,114.827,104.160,10.667
10721,858098,CH6,122.080,117.600,4.480
10722,858178,CH1,159.873,159.840,0.033
10722,858178,CH2,161.551,156.480,5.071
10722,858178,CH3,161.555,152.400,9.155
10722,858178,CH4,127.244,116.160,11.084
10722,858178,CH5,114.827,104.160,10.667
10722,858178,CH6,122.080,117.600,4.480
10723,858258,CH1,147.623,156.480,-8.857
10723,858258,CH2,157.269,158.640,-1.371
10723,858258,CH3,165.046,160.560,4.486
10723,858258,CH4,137.659,128.880,8.779
10723,858258,CH5,129.020,116.640,12.380
10723,858258,CH6,134.918,124.320,10.598
10724,858338,CH1,132.481,145.200,-12.719
10724,858338,CH2,146.411,153.600,-7.189
10724,858338,CH3,160.900,162.240,-1.340
10724,858338,CH4,141.234,137.760,3.474
10724,858338,CH5,140.038,129.600,10.438
10724,858338,CH6,150.024,137.040,12.984
10725,858427,CH1,132.481,145.200,-12.719
10725,858427,CH2,146.411,153.600,-7.189
10725,858427,CH3,160.900,162.240,-1.340
10725,858427,CH4,141.234,137.760,3.474
10725,858427,CH5,140.038,129.600,10.438
10725,858427,CH6,150.024,137.040,12.984
10726,858498,CH1,120.231,131.520,-11.289
10726,858498,CH2,133.125,143.040,-9.915
10726,858498,CH3,150.702,158.160,-7.458
10726,858498,CH4,136.604,139.680,-3.076
10726,858498,CH5,143.672,141.360,2.312
10726,858498,CH6,161.626,150.720,10.906
10727,858578,CH1,115.554,121.920,-6.366
10727,858578,CH2,122.485,131.280,-8.795
10727,858578,CH3,138.346,149.040,-10.694
10727,858578,CH4,125.538,135.120,-9.582
10727,858578,CH5,138.535,143.520,-4.985
10727,858578,CH6,165.294,161.760,3.534
10728,858658,CH1,120.234,120.000,0.234
10728,858658,CH2,118.556,122.880,-4.324
10728,858658,CH3,128.552,137.520,-8.968
10728,858658,CH4,112.262,123.840,-11.578
10728,858658,CH5,126.589,136.560,-9.971
10728,858658,CH6,159.627,163.440,-3.813
10729,858738,CH1,120.234,120.000,0.234
10729,858738,CH2,118.556,122.880,-4.324
10729,858738,CH3,128.552,137.520,-8.968
10729,858738,CH4,112.262,123.840,-11.578
10729,858738,CH5,126.589,136.560,-9.971
10729,858738,CH6,159.627,163.440,-3.813
10730,858827,CH1,132.484,123.600,8.884
10730,858827,CH2,122.838,121.200,1.638
10730,858827,CH3,125.061,129.120,-4.059
10730,858827,CH4,101.847,110.880,-9.033
10730,858827,CH5,112.396,124.320,-11.924
10730,858827,CH6,146.789,157.440,-10.651
10731,858898,CH1,147.626,135.120,12.506
10731,858898,CH2,133.696,126.000,7.696
10731,858898,CH3,129.207,127.440,1.767
10731,858898,CH4,98.271,101.520,-3.249
10731,858898,CH5,101.378,110.880,-9.502
10731,858898,CH6,131.683,145.200,-13.517
10732,858978,CH1,147.626,135.120,12.506
10732,858978,CH2,133.696,126.000,7.696
10732,858978,CH3,129.207,127.440,1.767
10732,858978,CH4,98.271,101.520,-3.249
10732,858978,CH5,101.378,110.880,-9.502
10732,858978,CH6,131.683,145.200,-13.517
10733,859058,CH1,159.876,148.800,11.076
10733,859058,CH2,146.982,137.040,9.942
10733,859058,CH3,139.405,132.000,7.405
10733,859058,CH4,102.901,99.600,3.301
10733,859058,CH5,97.743,99.360,-1.617
10733,859058,CH6,120.081,130.560,-10.479
10734,859138,CH1,164.554,157.440,7.114
10734,859138,CH2,157.622,148.320,9.302
10734,859138,CH3,151.761,141.840,9.921
10734,859138,CH4,113.967,104.880,9.087
10734,859138,CH5,102.880,97.920,4.960
10734,859138,CH6,116.413,118.560,-2.147
10735,859227,CH1,159.873,159.600,0.273
10735,859227,CH2,161.551,156.480,5.071
10735,859227,CH3,161.555,152.400,9.155
10735,859227,CH4,127.244,115.920,11.324
10735,859227,CH5,114.827,104.400,10.427
10735,859227,CH6,122.080,117.600,4.480
10736,859298,CH1,159.873,159.600,0.273
10736,859298,CH2,161.551,156.480,5.071
10736,859298,CH3,161.555,152.400,9.155
10736,859298,CH4,127.244,115.920,11.324
10736,859298,CH5,114.827,104.400,10.427
10736,859298,CH6,122.080,117.600,4.480
10737,859378,CH1,147.623,156.480,-8.857
10737,859378,CH2,157.269,158.400,-1.131
10737,859378,CH3,165.046,160.800,4.246
10737,859378,CH4,137.659,128.880,8.779
10737,859378,CH5,129.020,115.680,13.340
10737,859378,CH6,134.918,124.080,10.838
10738,859458,CH1,132.481,145.200,-12.719
10738,859458,CH2,146.411,153.600,-7.189
10738,859458,CH3,160.900,161.760,-0.860
10738,859458,CH4,141.234,137.280,3.954
10738,859458,CH5,140.038,129.600,10.438
10738,859458,CH6,150.024,136.560,13.464
10739,859538,CH1,120.231,131.520,-11.289
10739,859538,CH2,133.125,143.280,-10.155
10739,859538,CH3,150.702,158.400,-7.698
10739,859538,CH4,136.604,139.680,-3.076
10739,859538,CH5,143.672,141.360,2.312
10739,859538,CH6,161.626,150.480,11.146
10740,859627,CH1,120.231,131.520,-11.289
10740,859627,CH2,133.125,143.280,-10.155
10740,859627,CH3,150.702,158.400,-7.698
10740,859627,CH4,136.604,139.680,-3.076
10740,859627,CH5,143.672,141.360,2.312
10740,859627,CH6,161.626,150.480,11.146
10741,859698,CH1,115.554,122.160,-6.606
10741,859698,CH2,122.485,132.000,-9.515
10741,859698,CH3,138.346,149.040,-10.694
10741,859698,CH4,125.538,134.880,-9.342
10741,859698,CH5,138.535,143.280,-4.745
10741,859698,CH6,165.294,161.520,3.774
10742,859778,CH1,120.234,120.000,0.234
10742,859778,CH2,118.556,123.120,-4.564
10742,859778,CH3,128.552,137.280,-8.728
10742,859778,CH4,112.262,123.840,-11.578
10742,859778,CH5,126.589,136.800,-10.211
10742,859778,CH6,159.627,163.680,-4.053
10743,859858,CH1,120.234,120.000,0.234
10743,859858,CH2,118.556,123.120,-4.564
10743,859858,CH3,128.552,137.280,-8.728
10743,859858,CH4,112.262,123.840,-11.578
10743,859858,CH5,126.589,136.800,-10.211
10743,859858,CH6,159.627,163.680,-4.053
10744,859938,CH1,132.484,123.360,9.124
10744,859938,CH2,122.838,121.200,1.638
10744,859938,CH3,125.061,129.120,-4.059
10744,859938,CH4,101.847,110.880,-9.033
10744,859938,CH5,112.396,125.520,-13.124
10744,859938,CH6,146.789,157.680,-10.891
10745,860027,CH1,147.626,135.120,12.506
10745,860027,CH2,133.696,126.480,7.216
10745,860027,CH3,129.207,127.200,2.007
10745,860027,CH4,98.271,102.240,-3.969
10745,860027,CH5,101.378,111.840,-10.462
10745,860027,CH6,131.683,145.200,-13.517
10746,860098,CH1,159.876,148.800,11.076
10746,860098,CH2,146.982,137.280,9.702
10746,860098,CH3,139.405,132.720,6.685
10746,860098,CH4,102.901,100.080,2.821
10746,860098,CH5,97.743,99.600,-1.857
10746,860098,CH6,120.081,130.320,-10.239
10747,860178,CH1,159.876,148.800,11.076
10747,860178,CH2,146.982,137.280,9.702
10747,860178,CH3,139.405,132.720,6.685
10747,860178,CH4,102.901,100.080,2.821
10747,860178,CH5,97.743,99.600,-1.857
10747,860178,CH6,120.081,130.320,-10.239
10748,860258,CH1,164.554,157.440,7.114
10748,860258,CH2,157.622,148.320,9.302
10748,860258,CH3,151.761,141.840,9.921
10748,860258,CH4,113.967,104.880,9.087
10748,860258,CH5,102.880,97.440,5.440
10748,860258,CH6,116.413,118.560,-2.147
10749,860338,CH1,159.873,159.600,0.273
10749,860338,CH2,161.551,156.480,5.071
10749,860338,CH3,161.555,152.400,9.155
10749,860338,CH4,127.244,116.160,11.084
10749,860338,CH5,114.827,104.400,10.427
10749,860338,CH6,122.080,117.600,4.480
10750,860427,CH1,159.873,159.600,0.273
10750,860427,CH2,161.551,156.480,5.071
10750,860427,CH3,161.555,152.400,9.155
10750,860427,CH4,127.244,116.160,11.084
10750,860427,CH5,114.827,104.400,10.427
10750,860427,CH6,122.080,117.600,4.480
10751,860498,CH1,147.623,156.480,-8.857
10751,860498,CH2,157.269,158.400,-1.131
10751,860498,CH3,165.046,160.320,4.726
10751,860498,CH4,137.659,128.880,8.779
10751,860498,CH5,129.020,115.920,13.100
10751,860498,CH6,134.918,124.320,10.598
10752,860578,CH1,132.481,144.480,-11.999
10752,860578,CH2,146.411,153.600,-7.189
10752,860578,CH3,160.900,161.760,-0.860
10752,860578,CH4,141.234,137.760,3.474
10752,860578,CH5,140.038,130.320,9.718
10752,860578,CH6,150.024,137.520,12.504
10753,860658,CH1,120.231,131.040,-10.809
10753,860658,CH2,133.125,143.040,-9.915
10753,860658,CH3,150.702,157.920,-7.218
10753,860658,CH4,136.604,139.680,-3.076
10753,860658,CH5,143.672,141.360,2.312
10753,860658,CH6,161.626,151.200,10.426
10754,860738,CH1,120.231,131.040,-10.809
10754,860738,CH2,133.125,143.040,-9.915
10754,860738,CH3,150.702,157.920,-7.218
10754,860738,CH4,136.604,139.680,-3.076
10754,860738,CH5,143.672,141.360,2.312
10754,860738,CH6,161.626,151.200,10.426
10755,860827,CH1,115.554,122.160,-6.606
10755,860827,CH2,122.485,131.760,-9.275
10755,860827,CH3,138.346,149.040,-10.694
10755,860827,CH4,125.538,134.880,-9.342
10755,860827,CH5,138.535,143.280,-4.745
10755,860827,CH6,165.294,161.760,3.534
10756,860898,CH1,120.234,120.480,-0.246
10756,860898,CH2,118.556,123.120,-4.564
10756,860898,CH3,128.552,138.000,-9.448
10756,860898,CH4,112.262,124.320,-12.058
10756,860898,CH5,126.589,137.040,-10.451
10756,860898,CH6,159.627,163.920,-4.293
10757,860979,CH1,120.234,120.480,-0.246
10757,860979,CH2,118.556,123.120,-4.564
10757,860979,CH3,128.552,138.000,-9.448
10757,860979,CH4,112.262,124.320,-12.058
10757,860979,CH5,126.589,137.040,-10.451
10757,860979,CH6,159.627,163.920,-4.293
10758,861058,CH1,132.484,123.600,8.884
10758,861058,CH2,122.838,121.440,1.398
10758,861058,CH3,125.061,129.600,-4.539
10758,861058,CH4,101.847,111.600,-9.753
10758,861058,CH5,112.396,124.560,-12.164
10758,861058,CH6,146.789,157.680,-10.891
10759,861138,CH1,147.626,135.360,12.266
10759,861138,CH2,133.696,126.240,7.456
10759,861138,CH3,129.207,127.680,1.527
10759,861138,CH4,98.271,102.000,-3.729
10759,861138,CH5,101.378,110.880,-9.502
10759,861138,CH6,131.683,144.960,-13.277
10760,861227,CH1,159.876,148.800,11.076
10760,861227,CH2,146.982,137.040,9.942
10760,861227,CH3,139.405,131.760,7.645
10760,861227,CH4,102.901,99.600,3.301
10760,861227,CH5,97.743,99.120,-1.377
10760,861227,CH6,120.081,130.080,-9.999
10761,861298,CH1,159.876,148.800,11.076
10761,861298,CH2,146.982,137.040,9.942
10761,861298,CH3,139.405,131.760,7.645
10761,861298,CH4,102.901,99.600,3.301
10761,861298,CH5,97.743,99.120,-1.377
10761,861298,CH6,120.081,130.080,-9.999
10762,861378,CH1,164.554,157.440,7.114
10762,861378,CH2,157.622,148.560,9.062
10762,861378,CH3,151.761,141.360,10.401
10762,861378,CH4,113.967,104.880,9.087
10762,861378,CH5,102.880,99.120,-1.377
10762,861378,CH6,116.413,118.320,-1.907
10763,861458,CH1,159.873,159.360,0.513
10763,861458,CH2,161.551,156.480,5.071
10763,861458,CH3,161.555,152.640,8.915
10763,861458,CH4,127.244,116.640,10.604
10763,861458,CH5,114.827,104.160,10.667
10763,861458,CH6,122.080,117.120,4.960
10764,861538,CH1,159.873,159.360,0.513
10764,861538,CH2,161.551,156.480,5.071
10764,861538,CH3,161.555,152.640,8.915
10764,861538,CH4,127.244,116.640,10.604
10764,861538,CH5,114.827,104.160,10.667
10764,861538,CH6,122.080,117.120,4.960
10765,861627,CH1,147.623,156.240,-8.617
10765,861627,CH2,157.269,158.640,-1.371
10765,861627,CH3,165.046,160.560,4.486
10765,861627,CH4,137.659,128.880,8.779
10765,861627,CH5,129.020,117.120,11.900
10765,861627,CH6,134.918,124.560,10.358
10766,861698,CH1,132.481,145.200,-12.719
10766,861698,CH2,146.411,153.360,-6.949
10766,861698,CH3,160.900,162.480,-1.580
10766,861698,CH4,141.234,137.280,3.954
10766,861698,CH5,140.038,130.080,9.958
10766,861698,CH6,150.024,136.800,13.224
10767,861778,CH1,120.231,131.520,-11.289
10767,861778,CH2,133.125,143.040,-9.915
10767,861778,CH3,150.702,158.160,-7.458
10767,861778,CH4,136.604,139.680,-3.076
10767,861778,CH5,143.672,141.360,2.312
10767,861778,CH6,161.626,150.960,10.666
10768,861858,CH1,120.231,131.520,-11.289
10768,861858,CH2,133.125,143.040,-9.915
10768,861858,CH3,150.702,158.160,-7.458
10768,861858,CH4,136.604,139.680,-3.076
10768,861858,CH5,143.672,141.360,2.312
10768,861858,CH6,161.626,150.960,10.666
10769,861938,CH1,115.554,122.160,-6.606
10769,861938,CH2,122.485,131.520,-9.035
10769,861938,CH3,138.346,149.040,-10.694
10769,861938,CH4,125.538,134.640,-9.102
10769,861938,CH5,138.535,143.280,-4.745
10769,861938,CH6,165.294,161.760,3.534
10770,862027,CH1,120.234,120.000,0.234
10770,862027,CH2,118.556,123.120,-4.564
10770,862027,CH3,128.552,137.520,-8.968
10770,862027,CH4,112.262,123.600,-11.338
10770,862027,CH5,126.589,136.800,-10.211
10770,862027,CH6,159.627,163.680,-4.053
10771,862098,CH1,132.484,123.120,9.364
10771,862098,CH2,122.838,120.960,1.878
10771,862098,CH3,125.061,129.360,-4.299
10771,862098,CH4,101.847,110.640,-8.793
10771,862098,CH5,112.396,124.320,-11.924
10771,862098,CH6,146.789,157.440,-10.651
10772,862178,CH1,132.484,123.120,9.364
10772,862178,CH2,122.838,120.960,1.878
10772,862178,CH3,125.061,129.360,-4.299
10772,862178,CH4,101.847,110.640,-8.793
10772,862178,CH5,112.396,124.320,-11.924
10772,862178,CH6,146.789,157.440,-10.651
10773,862258,CH1,147.626,134.880,12.746
10773,862258,CH2,133.696,125.760,7.936
10773,862258,CH3,129.207,127.440,1.767
10773,862258,CH4,98.271,101.760,-3.489
10773,862258,CH5,101.378,110.880,-9.502
10773,862258,CH6,131.683,144.720,-13.037
10774,862338,CH1,159.876,148.560,11.316
10774,862338,CH2,146.982,137.280,9.702
10774,862338,CH3,139.405,131.760,7.645
10774,862338,CH4,102.901,99.840,3.061
10774,862338,CH5,97.743,99.360,-1.617
10774,862338,CH6,120.081,129.840,-9.759
10775,862427,CH1,159.876,148.560,11.316
10775,862427,CH2,146.982,137.280,9.702
10775,862427,CH3,139.405,131.760,7.645
10775,862427,CH4,102.901,99.840,3.061
10775,862427,CH5,97.743,99.360,-1.617
10775,862427,CH6,120.081,129.840,-9.759
10776,862498,CH1,164.554,157.440,7.114
10776,862498,CH2,157.622,148.560,9.062
10776,862498,CH3,151.761,141.600,10.161
10776,862498,CH4,113.967,105.120,8.847
10776,862498,CH5,102.880,97.920,4.960
10776,862498,CH6,116.413,118.320,-1.907
10777,862578,CH1,159.873,159.840,0.033
10777,862578,CH2,161.551,156.240,5.311
10777,862578,CH3,161.555,152.400,9.155
10777,862578,CH4,127.244,116.160,11.084
10777,862578,CH5,114.827,104.640,10.187
10777,862578,CH6,122.080,117.360,4.720
10778,862658,CH1,147.623,156.240,-8.617
10778,862658,CH2,157.269,158.400,-1.131
10778,862658,CH3,165.046,160.320,4.726
10778,862658,CH4,137.659,128.880,8.779
10778,862658,CH5,129.020,116.160,12.860
10778,862658,CH6,134.918,124.560,10.358
10779,862738,CH1,147.623,156.240,-8.617
10779,862738,CH2,157.269,158.400,-1.131
10779,862738,CH3,165.046,160.320,4.726
10779,862738,CH4,137.659,128.880,8.779
10779,862738,CH5,129.020,116.160,12.860
10779,862738,CH6,134.918,124.560,10.358
10780,862827,CH1,132.481,144.960,-12.479
10780,862827,CH2,146.411,153.840,-7.429
10780,862827,CH3,160.900,162.240,-1.340
10780,862827,CH4,141.234,137.520,3.714
10780,862827,CH5,140.038,129.600,10.438
10780,862827,CH6,150.024,137.040,12.984
10781,862898,CH1,120.231,131.280,-11.049
10781,862898,CH2,133.125,143.280,-10.155
10781,862898,CH3,150.702,158.160,-7.458
10781,862898,CH4,136.604,139.680,-3.076
10781,862898,CH5,143.672,141.360,2.312
10781,862898,CH6,161.626,151.200,10.426
10782,862978,CH1,120.231,131.280,-11.049
10782,862978,CH2,133.125,143.280,-10.155
10782,862978,CH3,150.702,158.160,-7.458
10782,862978,CH4,136.604,139.680,-3.076
10782,862978,CH5,143.672,141.360,2.312
10782,862978,CH6,161.626,151.200,10.426
10783,863058,CH1,115.554,122.160,-6.606
10783,863058,CH2,122.485,131.760,-9.275
10783,863058,CH3,138.346,149.040,-10.694
10783,863058,CH4,125.538,134.880,-9.342
10783,863058,CH5,138.535,143.280,-4.745
10783,863058,CH6,165.294,161.520,3.774
10784,863138,CH1,120.234,120.000,0.234
10784,863138,CH2,118.556,123.120,-4.564
10784,863138,CH3,128.552,137.520,-8.968
10784,863138,CH4,112.262,124.080,-11.818
10784,863138,CH5,126.589,137.040,-10.451
10784,863138,CH6,159.627,163.920,-4.293
10785,863227,CH1,132.484,123.600,8.884
10785,863227,CH2,122.838,121.200,1.638
10785,863227,CH3,125.061,129.120,-4.059
10785,863227,CH4,101.847,111.120,-9.273
10785,863227,CH5,112.396,124.800,-12.404
10785,863227,CH6,146.789,157.440,-10.651
10786,863298,CH1,132.484,123.600,8.884
10786,863298,CH2,122.838,121.200,1.638
10786,863298,CH3,125.061,129.120,-4.059
10786,863298,CH4,101.847,111.120,-9.273
10786,863298,CH5,112.396,124.800,-12.404
10786,863298,CH6,146.789,157.440,-10.651
10787,863378,CH1,147.626,135.600,12.026
10787,863378,CH2,133.696,126.240,7.456
10787,863378,CH3,129.207,127.440,1.767
10787,863378,CH4,98.271,101.760,-3.489
10787,863378,CH5,101.378,111.120,-9.742
10787,863378,CH6,131.683,144.960,-13.277
10788,863458,CH1,159.876,148.560,11.316
10788,863458,CH2,146.982,137.040,9.942
10788,863458,CH3,139.405,131.760,7.645
10788,863458,CH4,102.901,99.840,3.061
10788,863458,CH5,97.743,99.360,-1.617
10788,863458,CH6,120.081,130.080,-9.999
10789,863538,CH1,164.554,157.440,7.114
10789,863538,CH2,157.622,148.560,9.062
10789,863538,CH3,151.761,141.840,9.921
10789,863538,CH4,113.967,105.120,8.847
10789,863538,CH5,102.880,97.920,4.960
10789,863538,CH6,116.413,118.080,-1.667
10790,863627,CH1,164.554,157.440,7.114
10790,863627,CH2,157.622,148.560,9.062
10790,863627,CH3,151.761,141.840,9.921
10790,863627,CH4,113.967,105.120,8.847
10790,863627,CH5,102.880,97.920,4.960
10790,863627,CH6,116.413,118.080,-1.667
10791,863698,CH1,159.873,159.600,0.273
10791,863698,CH2,161.551,156.480,5.071
10791,863698,CH3,161.555,152.640,8.915
10791,863698,CH4,127.244,115.920,11.324
10791,863698,CH5,114.827,104.400,10.427
10791,863698,CH6,122.080,117.360,4.720
10792,863778,CH1,147.623,156.480,-8.857
10792,863778,CH2,157.269,158.400,-1.131
10792,863778,CH3,165.046,160.320,4.726
10792,863778,CH4,137.659,129.120,8.539
10792,863778,CH5,129.020,115.920,13.100
10792,863778,CH6,134.918,124.080,10.838
10793,863858,CH1,147.623,156.480,-8.857
10793,863858,CH2,157.269,158.400,-1.131
10793,863858,CH3,165.046,160.320,4.726
10793,863858,CH4,137.659,129.120,8.539
10793,863858,CH5,129.020,115.920,13.100
10793,863858,CH6,134.918,124.080,10.838
10794,863938,CH1,132.481,144.960,-12.479
10794,863938,CH2,146.411,153.600,-7.189
10794,863938,CH3,160.900,161.520,-0.620
10794,863938,CH4,141.234,137.520,3.714
10794,863938,CH5,140.038,129.360,10.678
10794,863938,CH6,150.024,136.800,13.224
10795,864027,CH1,120.231,131.280,-11.049
10795,864027,CH2,133.125,143.040,-9.915
10795,864027,CH3,150.702,157.680,-6.978
10795,864027,CH4,136.604,139.920,-3.316
10795,864027,CH5,143.672,141.360,2.312
10795,864027,CH6,161.626,150.720,10.906
10796,864098,CH1,115.554,122.160,-6.606
10796,864098,CH2,122.485,132.000,-9.515
10796,864098,CH3,138.346,149.520,-11.174
10796,864098,CH4,125.538,135.120,-9.582
10796,864098,CH5,138.535,143.040,-4.505
10796,864098,CH6,165.294,161.520,3.774
10797,864178,CH1,115.554,122.160,-6.606
10797,864178,CH2,122.485,132.000,-9.515
10797,864178,CH3,138.346,149.520,-11.174
10797,864178,CH4,125.538,135.120,-9.582
10797,864178,CH5,138.535,143.040,-4.505
10797,864178,CH6,165.294,161.520,3.774
10798,864258,CH1,120.234,120.240,-0.006
10798,864258,CH2,118.556,123.360,-4.804
10798,864258,CH3,128.552,138.240,-9.688
10798,864258,CH4,112.262,124.080,-11.818
10798,864258,CH5,126.589,137.280,-10.691
10798,864258,CH6,159.627,163.920,-4.293
10799,864338,CH1,132.484,123.360,9.124
10799,864338,CH2,122.838,121.200,1.638
10799,864338,CH3,125.061,129.600,-4.539
10799,864338,CH4,101.847,111.600,-9.753
10799,864338,CH5,112.396,124.800,-12.404
10799,864338,CH6,146.789,157.920,-11.131
10800,864427,CH1,132.484,123.360,9.124
10800,864427,CH2,122.838,121.200,1.638
10800,864427,CH3,125.061,129.600,-4.539
10800,864427,CH4,101.847,111.600,-9.753
10800,864427,CH5,112.396,124.800,-12.404
10800,864427,CH6,146.789,157.920,-11.131
10801,864498,CH1,147.626,135.600,12.026
10801,864498,CH2,133.696,126.240,7.456
10801,864498,CH3,129.207,127.920,1.287
10801,864498,CH4,98.271,102.480,-4.209
10801,864498,CH5,101.378,111.360,-9.982
10801,864498,CH6,131.683,145.440,-13.757
10802,864578,CH1,159.876,148.800,11.076
10802,864578,CH2,146.982,137.760,9.222
10802,864578,CH3,139.405,132.000,7.405
10802,864578,CH4,102.901,99.840,3.061
10802,864578,CH5,97.743,99.120,-1.377
10802,864578,CH6,120.081,130.080,-9.999
10803,864658,CH1,164.554,157.440,7.114
10803,864658,CH2,157.622,148.080,9.542
10803,864658,CH3,151.761,141.600,10.161
10803,864658,CH4,113.967,104.880,9.087
10803,864658,CH5,102.880,97.680,5.200
10803,864658,CH6,116.413,119.040,-2.627
10804,864738,CH1,164.554,157.440,7.114
10804,864738,CH2,157.622,148.080,9.542
10804,864738,CH3,151.761,141.600,10.161
10804,864738,CH4,113.967,104.880,9.087
10804,864738,CH5,102.880,97.680,5.200
10804,864738,CH6,116.413,119.040,-2.627
10805,864827,CH1,159.873,159.600,0.273
10805,864827,CH2,161.551,156.480,5.071
10805,864827,CH3,161.555,152.400,9.155
10805,864827,CH4,127.244,116.160,11.084
10805,864827,CH5,114.827,104.400,10.427
10805,864827,CH6,122.080,117.840,4.240
10806,864898,CH1,147.623,156.240,-8.617
10806,864898,CH2,157.269,158.400,-1.131
10806,864898,CH3,165.046,160.560,4.486
10806,864898,CH4,137.659,128.400,9.259
10806,864898,CH5,129.020,115.920,13.100
10806,864898,CH6,134.918,124.320,10.598
10807,864978,CH1,147.623,156.240,-8.617
10807,864978,CH2,157.269,158.400,-1.131
10807,864978,CH3,165.046,160.560,4.486
10807,864978,CH4,137.659,128.400,9.259
10807,864978,CH5,129.020,115.920,13.100
10807,864978,CH6,134.918,124.320,10.598
10808,865058,CH1,132.481,145.200,-12.719
10808,865058,CH2,146.411,153.600,-7.189
10808,865058,CH3,160.900,162.240,-1.340
10808,865058,CH4,141.234,137.040,4.194
10808,865058,CH5,140.038,129.600,10.438
10808,865058,CH6,150.024,136.800,13.224
10809,865138,CH1,120.231,131.280,-11.049
10809,865138,CH2,133.125,143.280,-10.155
10809,865138,CH3,150.702,158.160,-7.458
10809,865138,CH4,136.604,139.680,-3.076
10809,865138,CH5,143.672,141.120,2.552
10809,865138,CH6,161.626,150.480,11.146
10810,865227,CH1,115.554,122.160,-6.606
10810,865227,CH2,122.485,131.520,-9.035
10810,865227,CH3,138.346,149.040,-10.694
10810,865227,CH4,125.538,134.400,-8.862
10810,865227,CH5,138.535,143.040,-4.505
10810,865227,CH6,165.294,162.000,3.294
10811,865298,CH1,115.554,122.160,-6.606
10811,865298,CH2,122.485,131.520,-9.035
10811,865298,CH3,138.346,149.040,-10.694
10811,865298,CH4,125.538,134.400,-8.862
10811,865298,CH5,138.535,143.040,-4.505
10811,865298,CH6,165.294,162.000,3.294
10812,865378,CH1,120.234,120.000,0.234
10812,865378,CH2,118.556,123.120,-4.564
10812,865378,CH3,128.552,137.760,-9.208
10812,865378,CH4,112.262,123.840,-11.578
10812,865378,CH5,126.589,136.560,-9.971
10812,865378,CH6,159.627,163.440,-3.813
10813,865458,CH1,132.484,123.360,9.124
10813,865458,CH2,122.838,121.200,1.638
10813,865458,CH3,125.061,129.840,-4.779
10813,865458,CH4,101.847,110.880,-9.033
10813,865458,CH5,112.396,124.560,-12.164
10813,865458,CH6,146.789,157.440,-10.651
10814,865538,CH1,147.626,135.360,12.266
10814,865538,CH2,133.696,126.000,7.696
10814,865538,CH3,129.207,127.920,1.287
10814,865538,CH4,98.271,101.760,-3.489
10814,865538,CH5,101.378,111.120,-9.742
10814,865538,CH6,131.683,145.200,-13.517
10815,865627,CH1,147.626,135.360,12.266
10815,865627,CH2,133.696,126.000,7.696
10815,865627,CH3,129.207,127.920,1.287
10815,865627,CH4,98.271,101.760,-3.489
10815,865627,CH5,101.378,111.120,-9.742
10815,865627,CH6,131.683,145.200,-13.517
10816,865698,CH1,159.876,148.080,11.796
10816,865698,CH2,146.982,136.800,10.182
10816,865698,CH3,139.405,131.520,7.885
10816,865698,CH4,102.901,99.840,3.061
10816,865698,CH5,97.743,99.360,-1.617
10816,865698,CH6,120.081,130.800,-10.719
10817,865778,CH1,164.554,157.440,7.114
10817,865778,CH2,157.622,148.800,8.822
10817,865778,CH3,151.761,141.360,10.401
10817,865778,CH4,113.967,105.120,8.847
10817,865778,CH5,102.880,97.920,4.960
10817,865778,CH6,116.413,119.280,-2.867
10818,865858,CH1,164.554,157.440,7.114
10818,865858,CH2,157.622,148.800,8.822
10818,865858,CH3,151.761,141.360,10.401
10818,865858,CH4,113.967,105.120,8.847
10818,865858,CH5,102.880,97.920,4.960
10818,865858,CH6,116.413,119.280,-2.867
10819,865938,CH1,159.873,159.600,0.273
10819,865938,CH2,161.551,156.480,5.071
10819,865938,CH3,161.555,152.400,9.155
10819,865938,CH4,127.244,115.680,11.564
10819,865938,CH5,114.827,104.160,10.667
10819,865938,CH6,122.080,117.840,4.240
10820,866027,CH1,147.623,156.240,-8.617
10820,866027,CH2,157.269,158.400,-1.131
10820,866027,CH3,165.046,160.560,4.486
10820,866027,CH4,137.659,128.640,9.019
10820,866027,CH5,129.020,115.920,13.100
10820,866027,CH6,134.918,124.320,10.598
10821,866098,CH1,132.481,144.720,-12.239
10821,866098,CH2,146.411,153.600,-7.189
10821,866098,CH3,160.900,162.000,-1.100
10821,866098,CH4,141.234,137.040,4.194
10821,866098,CH5,140.038,129.840,10.198
10821,866098,CH6,150.024,136.800,13.224
10822,866178,CH1,132.481,144.720,-12.239
10822,866178,CH2,146.411,153.600,-7.189
10822,866178,CH3,160.900,162.000,-1.100
10822,866178,CH4,141.234,137.040,4.194
10822,866178,CH5,140.038,129.840,10.198
10822,866178,CH6,150.024,136.800,13.224
10823,866258,CH1,120.231,130.800,-10.569
10823,866258,CH2,133.125,143.040,-9.915
10823,866258,CH3,150.702,157.680,-6.978
10823,866258,CH4,136.604,139.200,-2.596
10823,866258,CH5,143.672,140.880,2.792
10823,866258,CH6,161.626,150.480,11.146
10824,866338,CH1,115.554,121.920,-6.366
10824,866338,CH2,122.485,131.520,-9.035
10824,866338,CH3,138.346,149.040,-10.694
10824,866338,CH4,125.538,134.400,-8.862
10824,866338,CH5,138.535,142.800,-4.265
10824,866338,CH6,165.294,162.000,3.294
10825,866427,CH1,115.554,121.920,-6.366
10825,866427,CH2,122.485,131.520,-9.035
10825,866427,CH3,138.346,149.040,-10.694
10825,866427,CH4,125.538,134.400,-8.862
10825,866427,CH5,138.535,142.800,-4.265
10825,866427,CH6,165.294,162.000,3.294
10826,866498,CH1,120.234,120.240,-0.006
10826,866498,CH2,118.556,124.080,-5.524
10826,866498,CH3,128.552,138.720,-10.168
10826,866498,CH4,112.262,124.800,-12.538
10826,866498,CH5,126.589,137.280,-10.691
10826,866498,CH6,159.627,163.680,-4.053
10827,866578,CH1,132.484,123.600,8.884
10827,866578,CH2,122.838,121.920,0.918
10827,866578,CH3,125.061,129.840,-4.779
10827,866578,CH4,101.847,111.120,-9.273
10827,866578,CH5,112.396,124.560,-12.164
10827,866578,CH6,146.789,157.440,-10.651
10828,866658,CH1,147.626,135.600,12.026
10828,866658,CH2,133.696,126.240,7.456
10828,866658,CH3,129.207,127.440,1.767
10828,866658,CH4,98.271,101.760,-3.489
10828,866658,CH5,101.378,110.880,-9.502
10828,866658,CH6,131.683,144.960,-13.277
10829,866738,CH1,147.626,135.600,12.026
10829,866738,CH2,133.696,126.240,7.456
10829,866738,CH3,129.207,127.440,1.767
10829,866738,CH4,98.271,101.760,-3.489
10829,866738,CH5,101.378,110.880,-9.502
10829,866738,CH6,131.683,144.960,-13.277
10830,866827,CH1,159.876,148.320,11.556
10830,866827,CH2,146.982,137.040,9.942
10830,866827,CH3,139.405,131.760,7.645
10830,866827,CH4,102.901,100.800,2.101
10830,866827,CH5,97.743,101.280,-3.537
10830,866827,CH6,120.081,131.760,-11.679
10831,866898,CH1,164.554,157.440,7.114
10831,866898,CH2,157.622,148.560,9.062
10831,866898,CH3,151.761,141.600,10.161
10831,866898,CH4,113.967,105.120,8.847
10831,866898,CH5,102.880,99.120,3.760
10831,866898,CH6,116.413,119.040,-2.627
10832,866978,CH1,164.554,157.440,7.114
10832,866978,CH2,157.622,148.560,9.062
10832,866978,CH3,151.761,141.600,10.161
10832,866978,CH4,113.967,105.120,8.847
10832,866978,CH5,102.880,99.120,3.760
10832,866978,CH6,116.413,119.040,-2.627
10833,867058,CH1,159.873,159.600,0.273
10833,867058,CH2,161.551,156.480,5.071
10833,867058,CH3,161.555,152.400,9.155
10833,867058,CH4,127.244,115.920,11.324
10833,867058,CH5,114.827,104.880,9.947
10833,867058,CH6,122.080,117.840,4.240
10834,867138,CH1,147.623,156.240,-8.617
10834,867138,CH2,157.269,158.400,-1.131
10834,867138,CH3,165.046,160.320,4.726
10834,867138,CH4,137.659,127.920,9.739
10834,867138,CH5,129.020,117.360,11.660
10834,867138,CH6,134.918,124.320,10.598
10835,867227,CH1,132.481,144.720,-12.239
10835,867227,CH2,146.411,153.600,-7.189
10835,867227,CH3,160.900,162.000,-1.100
10835,867227,CH4,141.234,137.040,4.194
10835,867227,CH5,140.038,129.600,10.438
10835,867227,CH6,150.024,137.040,12.984
10836,867298,CH1,132.481,144.720,-12.239
10836,867298,CH2,146.411,153.600,-7.189
10836,867298,CH3,160.900,162.000,-1.100
10836,867298,CH4,141.234,137.040,4.194
10836,867298,CH5,140.038,129.600,10.438
10836,867298,CH6,150.024,137.040,12.984
10837,867378,CH1,120.231,131.280,-11.049
10837,867378,CH2,133.125,143.040,-9.915
10837,867378,CH3,150.702,157.920,-7.218
10837,867378,CH4,136.604,139.440,-2.836
10837,867378,CH5,143.672,141.120,2.552
10837,867378,CH6,161.626,150.960,10.666
10838,867458,CH1,115.554,122.160,-6.606
10838,867458,CH2,122.485,132.000,-9.515
10838,867458,CH3,138.346,149.040,-10.694
10838,867458,CH4,125.538,134.880,-9.342
10838,867458,CH5,138.535,143.280,-4.745
10838,867458,CH6,165.294,162.720,2.574
10839,867538,CH1,120.234,120.240,-0.006
10839,867538,CH2,118.556,123.600,-5.044
10839,867538,CH3,128.552,138.240,-9.688
10839,867538,CH4,112.262,124.560,-12.298
10839,867538,CH5,126.589,137.040,-10.451
10839,867538,CH6,159.627,163.920,-4.293
10840,867627,CH1,120.234,120.240,-0.006
10840,867627,CH2,118.556,123.600,-5.044
10840,867627,CH3,128.552,138.240,-9.688
10840,867627,CH4,112.262,124.560,-12.298
10840,867627,CH5,126.589,137.040,-10.451
10840,867627,CH6,159.627,163.920,-4.293
10841,867698,CH1,132.484,123.600,8.884
10841,867698,CH2,122.838,121.680,1.158
10841,867698,CH3,125.061,129.840,-4.779
10841,867698,CH4,101.847,112.080,-10.233
10841,867698,CH5,112.396,125.520,-13.124
10841,867698,CH6,146.789,157.920,-11.131
10842,867778,CH1,147.626,135.600,12.026
10842,867778,CH2,133.696,126.720,6.976
10842,867778,CH3,129.207,128.640,0.567
10842,867778,CH4,98.271,104.400,-6.129
10842,867778,CH5,101.378,113.520,-12.142
10842,867778,CH6,131.683,147.360,-15.677
10843,867858,CH1,147.626,135.600,12.026
10843,867858,CH2,133.696,126.720,6.976
10843,867858,CH3,129.207,128.640,0.567
10843,867858,CH4,98.271,104.400,-6.129
10843,867858,CH5,101.378,113.520,-12.142
10843,867858,CH6,131.683,147.360,-15.677
10844,867938,CH1,159.876,148.560,11.316
10844,867938,CH2,146.982,137.040,9.942
10844,867938,CH3,139.405,132.000,7.405
10844,867938,CH4,102.901,101.760,1.141
10844,867938,CH5,97.743,102.720,-4.977
10844,867938,CH6,120.081,132.960,-12.879
10845,868027,CH1,164.554,157.440,7.114
10845,868027,CH2,157.622,148.560,9.062
10845,868027,CH3,151.761,141.600,10.161
10845,868027,CH4,113.967,105.600,8.367
10845,868027,CH5,102.880,99.120,3.760
10845,868027,CH6,116.413,119.040,-2.627
10846,868098,CH1,159.873,159.600,0.273
10846,868098,CH2,161.551,156.480,5.071
10846,868098,CH3,161.555,152.400,9.155
10846,868098,CH4,127.244,115.920,11.324
10846,868098,CH5,114.827,104.880,9.947
10846,868098,CH6,122.080,117.120,4.960
10847,868178,CH1,159.873,159.600,0.273
10847,868178,CH2,161.551,156.480,5.071
10847,868178,CH3,161.555,152.400,9.155
10847,868178,CH4,127.244,115.920,11.324
10847,868178,CH5,114.827,104.880,9.947
10847,868178,CH6,122.080,117.120,4.960
10848,868258,CH1,147.623,156.240,-8.617
10848,868258,CH2,157.269,158.400,-1.131
10848,868258,CH3,165.046,160.320,4.726
10848,868258,CH4,137.659,128.400,9.259
10848,868258,CH5,129.020,118.080,10.940
10848,868258,CH6,134.918,124.080,10.838
10849,868338,CH1,132.481,145.200,-12.719
10849,868338,CH2,146.411,153.600,-7.189
10849,868338,CH3,160.900,161.520,-0.620
10849,868338,CH4,141.234,137.280,3.954
10849,868338,CH5,140.038,129.840,10.198
10849,868338,CH6,150.024,136.560,13.464
10850,868427,CH1,132.481,145.200,-12.719
10850,868427,CH2,146.411,153.600,-7.189
10850,868427,CH3,160.900,161.520,-0.620
10850,868427,CH4,141.234,137.280,3.954
10850,868427,CH5,140.038,129.840,10.198
10850,868427,CH6,150.024,136.560,13.464
10851,868498,CH1,120.231,131.280,-11.049
10851,868498,CH2,133.125,143.040,-9.915
10851,868498,CH3,150.702,157.680,-6.978
10851,868498,CH4,136.604,139.440,-2.836
10851,868498,CH5,143.672,140.880,2.792
10851,868498,CH6,161.626,150.720,10.906
10852,868578,CH1,115.554,121.920,-6.366
10852,868578,CH2,122.485,131.520,-9.035
10852,868578,CH3,138.346,148.800,-10.454
10852,868578,CH4,125.538,134.400,-8.862
10852,868578,CH5,138.535,143.040,-4.505
10852,868578,CH6,165.294,162.480,2.814
10853,868658,CH1,120.234,119.760,0.474
10853,868658,CH2,118.556,123.120,-4.564
10853,868658,CH3,128.552,138.000,-9.448
10853,868658,CH4,112.262,123.840,-11.578
10853,868658,CH5,126.589,137.040,-10.451
10853,868658,CH6,159.627,163.920,-4.293
10854,868738,CH1,120.234,119.760,0.474
10854,868738,CH2,118.556,123.120,-4.564
10854,868738,CH3,128.552,138.000,-9.448
10854,868738,CH4,112.262,123.840,-11.578
10854,868738,CH5,126.589,137.040,-10.451
10854,868738,CH6,159.627,163.920,-4.293
10855,868827,CH1,132.484,123.360,9.124
10855,868827,CH2,122.838,121.440,1.398
10855,868827,CH3,125.061,129.600,-4.539
10855,868827,CH4,101.847,110.880,-9.033
10855,868827,CH5,112.396,125.040,-12.644
10855,868827,CH6,146.789,157.440,-10.651
10856,868898,CH1,147.626,135.600,12.026
10856,868898,CH2,133.696,126.480,7.216
10856,868898,CH3,129.207,127.680,1.527
10856,868898,CH4,98.271,102.240,-3.969
10856,868898,CH5,101.378,111.120,-9.742
10856,868898,CH6,131.683,144.960,-13.277
10857,868978,CH1,147.626,135.600,12.026
10857,868978,CH2,133.696,126.480,7.216
10857,868978,CH3,129.207,127.680,1.527
10857,868978,CH4,98.271,102.240,-3.969
10857,868978,CH5,101.378,111.120,-9.742
10857,868978,CH6,131.683,144.960,-13.277
10858,869058,CH1,159.876,148.800,11.076
10858,869058,CH2,146.982,136.800,10.182
10858,869058,CH3,139.405,132.000,7.405
10858,869058,CH4,102.901,99.600,3.301
10858,869058,CH5,97.743,99.360,-1.617
10858,869058,CH6,120.081,130.320,-10.239
10859,869138,CH1,164.554,157.440,7.114
10859,869138,CH2,157.622,148.320,9.302
10859,869138,CH3,151.761,141.840,9.921
10859,869138,CH4,113.967,104.880,9.087
10859,869138,CH5,102.880,97.920,4.960
10859,869138,CH6,116.413,119.280,-2.867
10860,869227,CH1,159.873,159.600,0.273
10860,869227,CH2,161.551,156.480,5.071
10860,869227,CH3,161.555,152.640,8.915
10860,869227,CH4,127.244,116.160,11.084
10860,869227,CH5,114.827,104.880,9.947
10860,869227,CH6,122.080,118.320,3.760
10861,869298,CH1,159.873,159.600,0.273
10861,869298,CH2,161.551,156.480,5.071
10861,869298,CH3,161.555,152.640,8.915
10861,869298,CH4,127.244,116.160,11.084
10861,869298,CH5,114.827,104.880,9.947
10861,869298,CH6,122.080,118.320,3.760
10862,869378,CH1,147.623,156.240,-8.617
10862,869378,CH2,157.269,158.640,-1.371
10862,869378,CH3,165.046,160.560,4.486
10862,869378,CH4,137.659,129.120,8.539
10862,869378,CH5,129.020,117.360,11.660
10862,869378,CH6,134.918,124.800,10.118
10863,869458,CH1,132.481,144.960,-12.479
10863,869458,CH2,146.411,153.600,-7.189
10863,869458,CH3,160.900,162.480,-1.580
10863,869458,CH4,141.234,137.520,3.714
10863,869458,CH5,140.038,130.320,9.718
10863,869458,CH6,150.024,137.040,12.984
10864,869538,CH1,120.231,131.040,-10.809
10864,869538,CH2,133.125,143.280,-10.155
10864,869538,CH3,150.702,157.680,-6.978
10864,869538,CH4,136.604,139.680,-3.076
10864,869538,CH5,143.672,141.600,2.072
10864,869538,CH6,161.626,150.480,11.146
10865,869627,CH1,120.231,131.040,-10.809
10865,869627,CH2,133.125,143.280,-10.155
10865,869627,CH3,150.702,157.680,-6.978
10865,869627,CH4,136.604,139.680,-3.076
10865,869627,CH5,143.672,141.600,2.072
10865,869627,CH6,161.626,150.480,11.146
10866,869698,CH1,115.554,122.160,-6.606
10866,869698,CH2,122.485,131.760,-9.275
10866,869698,CH3,138.346,149.520,-11.174
10866,869698,CH4,125.538,134.400,-8.862
10866,869698,CH5,138.535,143.280,-4.745
10866,869698,CH6,165.294,161.520,3.774
10867,869778,CH1,120.234,120.240,-0.006
10867,869778,CH2,118.556,123.120,-4.564
10867,869778,CH3,128.552,138.000,-9.448
10867,869778,CH4,112.262,123.600,-11.338
10867,869778,CH5,126.589,136.560,-9.971
10867,869778,CH6,159.627,163.920,-4.293
10868,869858,CH1,120.234,120.240,-0.006
10868,869858,CH2,118.556,123.120,-4.564
10868,869858,CH3,128.552,138.000,-9.448
10868,869858,CH4,112.262,123.600,-11.338
10868,869858,CH5,126.589,136.560,-9.971
10868,869858,CH6,159.627,163.920,-4.293
10869,869938,CH1,132.484,123.600,8.884
10869,869938,CH2,122.838,121.200,1.638
10869,869938,CH3,125.061,129.360,-4.299
10869,869938,CH4,101.847,110.880,-9.033
10869,869938,CH5,112.396,124.560,-12.164
10869,869938,CH6,146.789,157.200,-10.411
10870,870027,CH1,147.626,135.360,12.266
10870,870027,CH2,133.696,126.000,7.696
10870,870027,CH3,129.207,127.680,1.527
10870,870027,CH4,98.271,101.760,-3.489
10870,870027,CH5,101.378,110.880,-9.502
10870,870027,CH6,131.683,144.960,-13.277
10871,870098,CH1,159.876,148.800,11.076
10871,870098,CH2,146.982,137.040,9.942
10871,870098,CH3,139.405,131.760,7.645
10871,870098,CH4,102.901,99.840,3.061
10871,870098,CH5,97.743,98.880,-1.137
10871,870098,CH6,120.081,130.320,-10.239
10872,870178,CH1,159.876,148.800,11.076
10872,870178,CH2,146.982,137.040,9.942
10872,870178,CH3,139.405,131.760,7.645
10872,870178,CH4,102.901,99.840,3.061
10872,870178,CH5,97.743,98.880,-1.137
10872,870178,CH6,120.081,130.320,-10.239
10873,870258,CH1,164.554,157.680,6.874
10873,870258,CH2,157.622,148.320,9.302
10873,870258,CH3,151.761,141.360,10.401
10873,870258,CH4,113.967,105.360,8.607
10873,870258,CH5,102.880,97.680,5.200
10873,870258,CH6,116.413,118.080,-1.667
10874,870338,CH1,159.873,159.840,0.033
10874,870338,CH2,161.551,156.480,5.071
10874,870338,CH3,161.555,152.400,9.155
10874,870338,CH4,127.244,115.920,11.324
10874,870338,CH5,114.827,104.640,10.187
10874,870338,CH6,122.080,117.120,4.960
10875,870427,CH1,159.873,159.840,0.033
10875,870427,CH2,161.551,156.480,5.071
10875,870427,CH3,161.555,152.400,9.155
10875,870427,CH4,127.244,115.920,11.324
10875,870427,CH5,114.827,104.640,10.187
10875,870427,CH6,122.080,117.120,4.960
10876,870498,CH1,147.623,156.480,-8.857
10876,870498,CH2,157.269,158.400,-1.131
10876,870498,CH3,165.046,160.320,4.726
10876,870498,CH4,137.659,128.400,9.259
10876,870498,CH5,129.020,116.160,12.860
10876,870498,CH6,134.918,124.320,10.598
10877,870578,CH1,132.481,144.720,-12.239
10877,870578,CH2,146.411,153.600,-7.189
10877,870578,CH3,160.900,162.000,-1.100
10877,870578,CH4,141.234,137.760,3.474
10877,870578,CH5,140.038,130.320,9.718
10877,870578,CH6,150.024,137.280,12.744
10878,870658,CH1,120.231,131.040,-10.809
10878,870658,CH2,133.125,143.040,-9.915
10878,870658,CH3,150.702,158.160,-7.458
10878,870658,CH4,136.604,139.680,-3.076
10878,870658,CH5,143.672,141.600,2.072
10878,870658,CH6,161.626,151.440,10.186
10879,870738,CH1,120.231,131.040,-10.809
10879,870738,CH2,133.125,143.040,-9.915
10879,870738,CH3,150.702,158.160,-7.458
10879,870738,CH4,136.604,139.680,-3.076
10879,870738,CH5,143.672,141.600,2.072
10879,870738,CH6,161.626,151.440,10.186
10880,870827,CH1,115.554,122.160,-6.606
10880,870827,CH2,122.485,132.000,-9.515
10880,870827,CH3,138.346,148.800,-10.454
10880,870827,CH4,125.538,135.120,-9.582
10880,870827,CH5,138.535,143.040,-4.505
10880,870827,CH6,165.294,161.520,3.774
10881,870898,CH1,120.234,120.240,-0.006
10881,870898,CH2,118.556,123.120,-4.564
10881,870898,CH3,128.552,138.000,-9.448
10881,870898,CH4,112.262,124.080,-11.818
10881,870898,CH5,126.589,136.800,-10.211
10881,870898,CH6,159.627,163.440,-3.813
10882,870978,CH1,120.234,120.240,-0.006
10882,870978,CH2,118.556,123.120,-4.564
10882,870978,CH3,128.552,138.000,-9.448
10882,870978,CH4,112.262,124.080,-11.818
10882,870978,CH5,126.589,136.800,-10.211
10882,870978,CH6,159.627,163.440,-3.813
10883,871058,CH1,132.484,123.600,8.884
10883,871058,CH2,122.838,121.200,1.638
10883,871058,CH3,125.061,129.360,-4.299
10883,871058,CH4,101.847,111.360,-9.513
10883,871058,CH5,112.396,124.560,-12.164
10883,871058,CH6,146.789,157.680,-10.891
10884,871138,CH1,147.626,135.600,12.026
10884,871138,CH2,133.696,126.240,7.456
10884,871138,CH3,129.207,127.440,1.767
10884,871138,CH4,98.271,101.760,-3.489
10884,871138,CH5,101.378,111.360,-9.982
10884,871138,CH6,131.683,144.960,-13.277
10885,871227,CH1,159.876,148.800,11.076
10885,871227,CH2,146.982,137.280,9.702
10885,871227,CH3,139.405,131.760,7.645
10885,871227,CH4,102.901,99.840,3.061
10885,871227,CH5,97.743,99.600,-1.857
10885,871227,CH6,120.081,129.840,-9.759
10886,871298,CH1,159.876,148.800,11.076
10886,871298,CH2,146.982,137.280,9.702
10886,871298,CH3,139.405,131.760,7.645
10886,871298,CH4,102.901,99.840,3.061
10886,871298,CH5,97.743,99.600,-1.857
10886,871298,CH6,120.081,129.840,-9.759
10887,871378,CH1,164.554,157.680,6.874
10887,871378,CH2,157.622,148.560,9.062
10887,871378,CH3,151.761,141.840,9.921
10887,871378,CH4,113.967,104.880,9.087
10887,871378,CH5,102.880,97.680,5.200
10887,871378,CH6,116.413,118.560,-2.147
10888,871458,CH1,159.873,159.840,0.033
10888,871458,CH2,161.551,156.720,4.831
10888,871458,CH3,161.555,153.120,8.435
10888,871458,CH4,127.244,115.920,11.324
10888,871458,CH5,114.827,104.880,9.947
10888,871458,CH6,122.080,118.080,4.000
10889,871538,CH1,147.623,156.480,-8.857
10889,871538,CH2,157.269,158.880,-1.611
10889,871538,CH3,165.046,160.320,4.726
10889,871538,CH4,137.659,129.120,8.539
10889,871538,CH5,129.020,116.160,12.860
10889,871538,CH6,134.918,124.560,10.358
10890,871627,CH1,147.623,156.480,-8.857
10890,871627,CH2,157.269,158.880,-1.611
10890,871627,CH3,165.046,160.320,4.726
10890,871627,CH4,137.659,129.120,8.539
10890,871627,CH5,129.020,116.160,12.860
10890,871627,CH6,134.918,124.560,10.358
10891,871698,CH1,132.481,145.200,-12.719
10891,871698,CH2,146.411,153.840,-7.429
10891,871698,CH3,160.900,161.760,-0.860
10891,871698,CH4,141.234,137.040,4.194
10891,871698,CH5,140.038,129.600,10.438
10891,871698,CH6,150.024,137.040,12.984
10892,871778,CH1,120.231,131.280,-11.049
10892,871778,CH2,133.125,143.040,-9.915
10892,871778,CH3,150.702,157.680,-6.978
10892,871778,CH4,136.604,139.680,-3.076
10892,871778,CH5,143.672,142.080,1.592
10892,871778,CH6,161.626,150.960,10.666
10893,871858,CH1,120.231,131.280,-11.049
10893,871858,CH2,133.125,143.040,-9.915
10893,871858,CH3,150.702,157.680,-6.978
10893,871858,CH4,136.604,139.680,-3.076
10893,871858,CH5,143.672,142.080,1.592
10893,871858,CH6,161.626,150.960,10.666
10894,871938,CH1,115.554,122.160,-6.606
10894,871938,CH2,122.485,131.760,-9.275
10894,871938,CH3,138.346,149.040,-10.694
10894,871938,CH4,125.538,134.880,-9.342
10894,871938,CH5,138.535,143.040,-4.505
10894,871938,CH6,165.294,161.520,3.774
10895,872027,CH1,120.234,120.000,0.234
10895,872027,CH2,118.556,123.120,-4.564
10895,872027,CH3,128.552,137.760,-9.208
10895,872027,CH4,112.262,123.840,-11.578
10895,872027,CH5,126.589,137.040,-10.451
10895,872027,CH6,159.627,163.680,-4.053
10896,872098,CH1,132.484,123.360,9.124
10896,872098,CH2,122.838,121.200,1.638
10896,872098,CH3,125.061,129.120,-4.059
10896,872098,CH4,101.847,110.880,-9.033
10896,872098,CH5,112.396,124.800,-12.404
10896,872098,CH6,146.789,157.200,-10.411
10897,872178,CH1,132.484,123.360,9.124
10897,872178,CH2,122.838,121.200,1.638
10897,872178,CH3,125.061,129.120,-4.059
10897,872178,CH4,101.847,110.880,-9.033
10897,872178,CH5,112.396,124.800,-12.404
10897,872178,CH6,146.789,157.200,-10.411
10898,872258,CH1,147.626,135.600,12.026
10898,872258,CH2,133.696,126.240,7.456
10898,872258,CH3,129.207,127.680,1.527
10898,872258,CH4,98.271,101.760,-3.489
10898,872258,CH5,101.378,110.880,-9.502
10898,872258,CH6,131.683,144.960,-13.277
10899,872338,CH1,159.876,148.800,11.076
10899,872338,CH2,146.982,137.520,9.462
10899,872338,CH3,139.405,132.000,7.405
10899,872338,CH4,102.901,100.320,2.581
10899,872338,CH5,97.743,99.120,-1.377
10899,872338,CH6,120.081,130.080,-9.999
10900,872427,CH1,159.876,148.800,11.076
10900,872427,CH2,146.982,137.520,9.462
10900,872427,CH3,139.405,132.000,7.405
10900,872427,CH4,102.901,100.320,2.581
10900,872427,CH5,97.743,99.120,-1.377
10900,872427,CH6,120.081,130.080,-9.999
10901,872498,CH1,164.554,157.440,7.114
10901,872498,CH2,157.622,148.560,9.062
10901,872498,CH3,151.761,141.360,10.401
10901,872498,CH4,113.967,104.880,9.087
10901,872498,CH5,102.880,97.920,4.960
10901,872498,CH6,116.413,118.320,-1.907
10902,872578,CH1,159.873,159.840,0.033
10902,872578,CH2,161.551,156.480,5.071
10902,872578,CH3,161.555,152.880,8.675
10902,872578,CH4,127.244,116.160,11.084
10902,872578,CH5,114.827,104.400,10.427
10902,872578,CH6,122.080,117.120,4.960
10903,872658,CH1,147.623,156.480,-8.857
10903,872658,CH2,157.269,158.640,-1.371
10903,872658,CH3,165.046,160.560,4.486
10903,872658,CH4,137.659,129.120,8.539
10903,872658,CH5,129.020,116.160,12.860
10903,872658,CH6,134.918,124.080,10.838
10904,872738,CH1,147.623,156.480,-8.857
10904,872738,CH2,157.269,158.640,-1.371
10904,872738,CH3,165.046,160.560,4.486
10904,872738,CH4,137.659,129.120,8.539
10904,872738,CH5,129.020,116.160,12.860
10904,872738,CH6,134.918,124.080,10.838
10905,872827,CH1,132.481,144.720,-12.239
10905,872827,CH2,146.411,153.840,-7.429
10905,872827,CH3,160.900,162.000,-1.100
10905,872827,CH4,141.234,138.000,3.234
10905,872827,CH5,140.038,129.840,10.198
10905,872827,CH6,150.024,136.560,13.464
10906,872898,CH1,120.231,131.280,-11.049
10906,872898,CH2,133.125,143.040,-9.915
10906,872898,CH3,150.702,158.400,-7.698
10906,872898,CH4,136.604,139.920,-3.316
10906,872898,CH5,143.672,140.640,3.032
10906,872898,CH6,161.626,150.720,10.906
10907,872978,CH1,120.231,131.280,-11.049
10907,872978,CH2,133.125,143.040,-9.915
10907,872978,CH3,150.702,158.400,-7.698
10907,872978,CH4,136.604,139.920,-3.316
10907,872978,CH5,143.672,140.640,3.032
10907,872978,CH6,161.626,150.720,10.906
10908,873058,CH1,115.554,122.400,-6.846
10908,873058,CH2,122.485,131.520,-9.035
10908,873058,CH3,138.346,149.040,-10.694
10908,873058,CH4,125.538,135.120,-9.582
10908,873058,CH5,138.535,142.560,-4.025
10908,873058,CH6,165.294,161.520,3.774
10909,873138,CH1,120.234,120.000,0.234
10909,873138,CH2,118.556,123.360,-4.804
10909,873138,CH3,128.552,137.520,-8.968
10909,873138,CH4,112.262,123.840,-11.578
10909,873138,CH5,126.589,136.560,-9.971
10909,873138,CH6,159.627,163.680,-4.053
10910,873227,CH1,132.484,123.600,8.884
10910,873227,CH2,122.838,121.200,1.638
10910,873227,CH3,125.061,129.360,-4.299
10910,873227,CH4,101.847,110.880,-9.033
10910,873227,CH5,112.396,124.800,-12.404
10910,873227,CH6,146.789,157.440,-10.651
10911,873298,CH1,132.484,123.600,8.884
10911,873298,CH2,122.838,121.200,1.638
10911,873298,CH3,125.061,129.360,-4.299
10911,873298,CH4,101.847,110.880,-9.033
10911,873298,CH5,112.396,124.800,-12.404
10911,873298,CH6,146.789,157.440,-10.651
10912,873378,CH1,147.626,135.600,12.026
10912,873378,CH2,133.696,126.480,7.216
10912,873378,CH3,129.207,127.680,1.527
10912,873378,CH4,98.271,102.000,-3.729
10912,873378,CH5,101.378,111.360,-9.982
10912,873378,CH6,131.683,145.200,-13.517
10913,873458,CH1,159.876,149.040,10.836
10913,873458,CH2,146.982,137.520,9.462
10913,873458,CH3,139.405,132.240,7.165
10913,873458,CH4,102.901,99.600,3.301
10913,873458,CH5,97.743,99.600,-1.857
10913,873458,CH6,120.081,130.080,-9.999
10914,873538,CH1,164.554,157.440,7.114
10914,873538,CH2,157.622,148.320,9.302
10914,873538,CH3,151.761,141.840,9.921
10914,873538,CH4,113.967,105.120,8.847
10914,873538,CH5,102.880,97.440,5.440
10914,873538,CH6,116.413,118.320,-1.907
10915,873627,CH1,164.554,157.440,7.114
10915,873627,CH2,157.622,148.320,9.302
10915,873627,CH3,151.761,141.840,9.921
10915,873627,CH4,113.967,105.120,8.847
10915,873627,CH5,102.880,97.440,5.440
10915,873627,CH6,116.413,118.320,-1.907
10916,873698,CH1,159.873,159.600,0.273
10916,873698,CH2,161.551,156.480,5.071
10916,873698,CH3,161.555,152.400,9.155
10916,873698,CH4,127.244,115.680,11.564
10916,873698,CH5,114.827,104.640,10.187
10916,873698,CH6,122.080,117.600,4.480
10917,873778,CH1,147.623,156.240,-8.617
10917,873778,CH2,157.269,158.400,-1.131
10917,873778,CH3,165.046,160.320,4.726
10917,873778,CH4,137.659,128.880,8.779
10917,873778,CH5,129.020,116.640,12.380
10917,873778,CH6,134.918,124.800,10.118
10918,873858,CH1,147.623,156.240,-8.617
10918,873858,CH2,157.269,158.400,-1.131
10918,873858,CH3,165.046,160.320,4.726
10918,873858,CH4,137.659,128.880,8.779
10918,873858,CH5,129.020,116.640,12.380
10918,873858,CH6,134.918,124.800,10.118
10919,873938,CH1,132.481,144.480,-11.999
10919,873938,CH2,146.411,153.360,-6.949
10919,873938,CH3,160.900,162.000,-1.100
10919,873938,CH4,141.234,138.000,3.234
10919,873938,CH5,140.038,130.080,9.958
10919,873938,CH6,150.024,137.040,12.984
10920,874027,CH1,120.231,131.280,-11.049
10920,874027,CH2,133.125,143.040,-9.915
10920,874027,CH3,150.702,157.680,-6.978
10920,874027,CH4,136.604,139.920,-3.316
10920,874027,CH5,143.672,141.840,1.832
10920,874027,CH6,161.626,150.960,10.666
10921,874098,CH1,115.554,122.160,-6.606
10921,874098,CH2,122.485,132.240,-9.755
10921,874098,CH3,138.346,149.280,-10.934
10921,874098,CH4,125.538,135.360,-9.822
10921,874098,CH5,138.535,143.280,-4.745
10921,874098,CH6,165.294,162.000,3.294
10922,874178,CH1,115.554,122.160,-6.606
10922,874178,CH2,122.485,132.240,-9.755
10922,874178,CH3,138.346,149.280,-10.934
10922,874178,CH4,125.538,135.360,-9.822
10922,874178,CH5,138.535,143.280,-4.745
10922,874178,CH6,165.294,162.000,3.294
10923,874258,CH1,120.234,120.240,-0.006
10923,874258,CH2,118.556,123.600,-5.044
10923,874258,CH3,128.552,138.240,-9.688
10923,874258,CH4,112.262,124.080,-11.818
10923,874258,CH5,126.589,137.040,-10.451
10923,874258,CH6,159.627,163.440,-3.813
10924,874338,CH1,132.484,123.600,8.884
10924,874338,CH2,122.838,121.680,1.158
10924,874338,CH3,125.061,130.080,-5.019
10924,874338,CH4,101.847,111.360,-9.513
10924,874338,CH5,112.396,125.040,-12.644
10924,874338,CH6,146.789,157.200,-10.411
10925,874427,CH1,132.484,123.600,8.884
10925,874427,CH2,122.838,121.680,1.158
10925,874427,CH3,125.061,130.080,-5.019
10925,874427,CH4,101.847,111.360,-9.513
10925,874427,CH5,112.396,125.040,-12.644
10925,874427,CH6,146.789,157.200,-10.411
10926,874498,CH1,147.626,135.360,12.266
10926,874498,CH2,133.696,126.240,7.456
10926,874498,CH3,129.207,127.920,1.287
10926,874498,CH4,98.271,101.760,-3.489
10926,874498,CH5,101.378,111.360,-9.982
10926,874498,CH6,131.683,144.960,-13.277
10927,874578,CH1,159.876,149.040,10.836
10927,874578,CH2,146.982,137.760,9.222
10927,874578,CH3,139.405,132.000,7.405
10927,874578,CH4,102.901,99.840,3.061
10927,874578,CH5,97.743,98.880,-1.137
10927,874578,CH6,120.081,129.360,-9.279
10928,874658,CH1,164.554,157.440,7.114
10928,874658,CH2,157.622,148.560,9.062
10928,874658,CH3,151.761,141.840,9.921
10928,874658,CH4,113.967,105.120,8.847
10928,874658,CH5,102.880,97.920,4.960
10928,874658,CH6,116.413,118.560,-2.147
10929,874738,CH1,164.554,157.440,7.114
10929,874738,CH2,157.622,148.560,9.062
10929,874738,CH3,151.761,141.840,9.921
10929,874738,CH4,113.967,105.120,8.847
10929,874738,CH5,102.880,97.920,4.960
10929,874738,CH6,116.413,118.560,-2.147
10930,874827,CH1,159.873,160.080,-0.207
10930,874827,CH2,161.551,156.480,5.071
10930,874827,CH3,161.555,152.400,9.155
10930,874827,CH4,127.244,115.920,11.324
10930,874827,CH5,114.827,104.640,10.187
10930,874827,CH6,122.080,117.840,4.240
10931,874898,CH1,147.623,156.240,-8.617
10931,874898,CH2,157.269,158.400,-1.131
10931,874898,CH3,165.046,160.320,4.726
10931,874898,CH4,137.659,128.880,8.779
10931,874898,CH5,129.020,116.880,12.140
10931,874898,CH6,134.918,124.800,10.118
10932,874978,CH1,147.623,156.240,-8.617
10932,874978,CH2,157.269,158.400,-1.131
10932,874978,CH3,165.046,160.320,4.726
10932,874978,CH4,137.659,128.880,8.779
10932,874978,CH5,129.020,116.880,12.140
10932,874978,CH6,134.918,124.800,10.118
10933,875058,CH1,132.481,144.960,-12.479
10933,875058,CH2,146.411,153.600,-7.189
10933,875058,CH3,160.900,162.000,-1.100
10933,875058,CH4,141.234,137.760,3.474
10933,875058,CH5,140.038,130.080,9.958
10933,875058,CH6,150.024,137.280,12.744
10934,875138,CH1,120.231,131.280,-11.049
10934,875138,CH2,133.125,142.800,-9.675
10934,875138,CH3,150.702,157.920,-7.218
10934,875138,CH4,136.604,139.920,-3.316
10934,875138,CH5,143.672,141.360,2.312
10934,875138,CH6,161.626,150.960,10.666
10935,875227,CH1,115.554,122.400,-6.846
10935,875227,CH2,122.485,131.520,-9.035
10935,875227,CH3,138.346,149.040,-10.694
10935,875227,CH4,125.538,134.880,-9.342
10935,875227,CH5,138.535,143.280,-4.745
10935,875227,CH6,165.294,161.760,3.534
10936,875298,CH1,115.554,122.400,-6.846
10936,875298,CH2,122.485,131.520,-9.035
10936,875298,CH3,138.346,149.040,-10.694
10936,875298,CH4,125.538,134.880,-9.342
10936,875298,CH5,138.535,143.280,-4.745
10936,875298,CH6,165.294,161.760,3.534
10937,875378,CH1,120.234,120.000,0.234
10937,875378,CH2,118.556,123.120,-4.564
10937,875378,CH3,128.552,137.760,-9.208
10937,875378,CH4,112.262,123.840,-11.578
10937,875378,CH5,126.589,137.040,-10.451
10937,875378,CH6,159.627,163.680,-4.053
10938,875458,CH1,132.484,123.120,9.364
10938,875458,CH2,122.838,121.200,1.638
10938,875458,CH3,125.061,129.360,-4.299
10938,875458,CH4,101.847,110.880,-9.033
10938,875458,CH5,112.396,124.560,-12.164
10938,875458,CH6,146.789,157.680,-10.891
10939,875538,CH1,147.626,134.880,12.746
10939,875538,CH2,133.696,125.760,7.936
10939,875538,CH3,129.207,127.920,1.287
10939,875538,CH4,98.271,101.520,-3.249
10939,875538,CH5,101.378,110.880,-9.502
10939,875538,CH6,131.683,145.440,-13.757
10940,875627,CH1,147.626,134.880,12.746
10940,875627,CH2,133.696,125.760,7.936
10940,875627,CH3,129.207,127.920,1.287
10940,875627,CH4,98.271,101.520,-3.249
10940,875627,CH5,101.378,110.880,-9.502
10940,875627,CH6,131.683,145.440,-13.757
10941,875698,CH1,159.876,148.800,11.076
10941,875698,CH2,146.982,137.280,9.702
10941,875698,CH3,139.405,131.760,7.645
10941,875698,CH4,102.901,99.600,3.301
10941,875698,CH5,97.743,99.360,-1.617
10941,875698,CH6,120.081,130.320,-10.239
10942,875778,CH1,164.554,157.680,6.874
10942,875778,CH2,157.622,148.560,9.062
10942,875778,CH3,151.761,141.360,10.401
10942,875778,CH4,113.967,104.880,9.087
10942,875778,CH5,102.880,97.680,5.200
10942,875778,CH6,116.413,118.560,-2.147
10943,875858,CH1,164.554,157.680,6.874
10943,875858,CH2,157.622,148.560,9.062
10943,875858,CH3,151.761,141.360,10.401
10943,875858,CH4,113.967,104.880,9.087
10943,875858,CH5,102.880,97.680,5.200
10943,875858,CH6,116.413,118.560,-2.147
10944,875938,CH1,159.873,159.840,0.033
10944,875938,CH2,161.551,156.480,5.071
10944,875938,CH3,161.555,152.400,9.155
10944,875938,CH4,127.244,116.160,11.084
10944,875938,CH5,114.827,104.640,10.187
10944,875938,CH6,122.080,118.560,3.520
10945,876027,CH1,147.623,156.480,-8.857
10945,876027,CH2,157.269,158.880,-1.611
10945,876027,CH3,165.046,160.320,4.726
10945,876027,CH4,137.659,128.880,8.779
10945,876027,CH5,129.020,116.640,12.380
10945,876027,CH6,134.918,124.560,10.358
10946,876098,CH1,132.481,144.720,-12.239
10946,876098,CH2,146.411,153.600,-7.189
10946,876098,CH3,160.900,162.240,-1.340
10946,876098,CH4,141.234,137.520,3.714
10946,876098,CH5,140.038,130.080,9.958
10946,876098,CH6,150.024,136.800,13.224
10947,876178,CH1,132.481,144.720,-12.239
10947,876178,CH2,146.411,153.600,-7.189
10947,876178,CH3,160.900,162.240,-1.340
10947,876178,CH4,141.234,137.520,3.714
10947,876178,CH5,140.038,130.080,9.958
10947,876178,CH6,150.024,136.800,13.224
10948,876258,CH1,120.231,131.280,-11.049
10948,876258,CH2,133.125,143.040,-9.915
10948,876258,CH3,150.702,157.920,-7.218
10948,876258,CH4,136.604,139.680,-3.076
10948,876258,CH5,143.672,140.880,2.792
10948,876258,CH6,161.626,150.480,11.146
10949,876339,CH1,115.554,122.160,-6.606
10949,876339,CH2,122.485,131.760,-9.275
10949,876339,CH3,138.346,148.800,-10.454
10949,876339,CH4,125.538,134.880,-9.342
10949,876339,CH5,138.535,142.800,-4.265
10949,876339,CH6,165.294,161.280,4.014
10950,876427,CH1,115.554,122.160,-6.606
10950,876427,CH2,122.485,131.760,-9.275
10950,876427,CH3,138.346,148.800,-10.454
10950,876427,CH4,125.538,134.880,-9.342
10950,876427,CH5,138.535,142.800,-4.265
10950,876427,CH6,165.294,161.280,4.014
10951,876498,CH1,120.234,119.760,0.474
10951,876498,CH2,118.556,123.360,-4.804
10951,876498,CH3,128.552,137.760,-9.208
10951,876498,CH4,112.262,124.080,-11.818
10951,876498,CH5,126.589,136.560,-9.971
10951,876498,CH6,159.627,163.200,-3.573
10952,876578,CH1,132.484,123.360,9.124
10952,876578,CH2,122.838,121.200,1.638
10952,876578,CH3,125.061,129.120,-4.059
10952,876578,CH4,101.847,111.360,-9.513
10952,876578,CH5,112.396,124.320,-11.924
10952,876578,CH6,146.789,157.200,-10.411
10953,876658,CH1,147.626,135.360,12.266
10953,876658,CH2,133.696,126.240,7.456
10953,876658,CH3,129.207,127.680,1.527
10953,876658,CH4,98.271,102.000,-3.729
10953,876658,CH5,101.378,110.640,-9.262
10953,876658,CH6,131.683,144.960,-13.277
10954,876738,CH1,147.626,135.360,12.266
10954,876738,CH2,133.696,126.240,7.456
10954,876738,CH3,129.207,127.680,1.527
10954,876738,CH4,98.271,102.000,-3.729
10954,876738,CH5,101.378,110.640,-9.262
10954,876738,CH6,131.683,144.960,-13.277
10955,876827,CH1,159.876,148.800,11.076
10955,876827,CH2,146.982,137.520,9.462
10955,876827,CH3,139.405,132.480,6.925
10955,876827,CH4,102.901,99.840,3.061
10955,876827,CH5,97.743,99.360,-1.617
10955,876827,CH6,120.081,130.320,-10.239
10956,876898,CH1,164.554,157.680,6.874
10956,876898,CH2,157.622,148.560,9.062
10956,876898,CH3,151.761,141.840,9.921
10956,876898,CH4,113.967,105.120,8.848
10956,876898,CH5,102.880,98.160,4.720
10956,876898,CH6,116.413,118.320,-1.907
10957,876978,CH1,164.554,157.680,6.874
10957,876978,CH2,157.622,148.560,9.062
10957,876978,CH3,151.761,141.840,9.921
10957,876978,CH4,113.967,105.120,8.848
10957,876978,CH5,102.880,98.160,4.720
10957,876978,CH6,116.413,118.320,-1.907
10958,877058,CH1,159.873,159.840,0.033
10958,877058,CH2,161.551,156.480,5.071
10958,877058,CH3,161.555,152.160,9.395
10958,877058,CH4,127.244,115.920,11.324
10958,877058,CH5,114.827,104.400,10.427
10958,877058,CH6,122.080,117.120,4.960
10959,877138,CH1,147.623,156.480,-8.857
10959,877138,CH2,157.269,158.640,-1.371
10959,877138,CH3,165.046,160.320,4.726
10959,877138,CH4,137.659,128.640,9.019
10959,877138,CH5,129.020,115.920,13.100
10959,877138,CH6,134.918,123.840,11.078
10960,877227,CH1,132.481,144.960,-12.479
10960,877227,CH2,146.411,153.840,-7.429
10960,877227,CH3,160.900,161.760,-0.860
10960,877227,CH4,141.234,137.040,4.194
10960,877227,CH5,140.038,129.360,10.678
10960,877227,CH6,150.024,136.320,13.704
10961,877299,CH1,132.481,144.960,-12.479
10961,877299,CH2,146.411,153.840,-7.429
10961,877299,CH3,160.900,161.760,-0.860
10961,877299,CH4,141.234,137.040,4.194
10961,877299,CH5,140.038,129.360,10.678
10961,877299,CH6,150.024,136.320,13.704
10962,877378,CH1,120.231,131.280,-11.049
10962,877378,CH2,133.125,143.280,-10.155
10962,877378,CH3,150.702,158.160,-7.458
10962,877378,CH4,136.604,139.680,-3.076
10962,877378,CH5,143.672,140.640,3.032
10962,877378,CH6,161.626,150.240,11.386
10963,877458,CH1,115.554,122.160,-6.606
10963,877458,CH2,122.485,131.760,-9.275
10963,877458,CH3,138.346,148.800,-10.454
10963,877458,CH4,125.538,134.880,-9.342
10963,877458,CH5,138.535,143.040,-4.505
10963,877458,CH6,165.294,161.520,3.774
10964,877538,CH1,120.234,120.000,0.234
10964,877538,CH2,118.556,122.880,-4.324
10964,877538,CH3,128.552,137.760,-9.208
10964,877538,CH4,112.262,124.080,-11.818
10964,877538,CH5,126.589,137.520,-10.931
10964,877538,CH6,159.627,163.440,-3.813
10965,877627,CH1,120.234,120.000,0.234
10965,877627,CH2,118.556,122.880,-4.324
10965,877627,CH3,128.552,137.760,-9.208
10965,877627,CH4,112.262,124.080,-11.818
10965,877627,CH5,126.589,137.520,-10.931
10965,877627,CH6,159.627,163.440,-3.813
10966,877698,CH1,132.484,123.600,8.884
10966,877698,CH2,122.838,121.200,1.638
10966,877698,CH3,125.061,129.600,-4.539
10966,877698,CH4,101.847,111.360,-9.513
10966,877698,CH5,112.396,125.040,-12.644
10966,877698,CH6,146.789,157.680,-10.891
10967,877778,CH1,147.626,135.600,12.026
10967,877778,CH2,133.696,126.240,7.456
10967,877778,CH3,129.207,128.160,1.047
10967,877778,CH4,98.271,102.000,-3.729
10967,877778,CH5,101.378,111.600,-10.222
10967,877778,CH6,131.683,144.960,-13.277
10968,877858,CH1,147.626,135.600,12.026
10968,877858,CH2,133.696,126.240,7.456
10968,877858,CH3,129.207,128.160,1.047
10968,877858,CH4,98.271,102.000,-3.729
10968,877858,CH5,101.378,111.600,-10.222
10968,877858,CH6,131.683,144.960,-13.277
10969,877938,CH1,159.876,148.800,11.076
10969,877938,CH2,146.982,137.280,9.702
10969,877938,CH3,139.405,132.000,7.405
10969,877938,CH4,102.901,99.840,3.061
10969,877938,CH5,97.743,99.840,-2.097
10969,877938,CH6,120.081,129.840,-9.759
10970,878027,CH1,164.554,157.680,6.874
10970,878027,CH2,157.622,148.320,9.302
10970,878027,CH3,151.761,141.600,10.161
10970,878027,CH4,113.967,105.120,8.848
10970,878027,CH5,102.880,97.920,4.960
10970,878027,CH6,116.413,118.320,-1.907
10971,878098,CH1,159.873,159.840,0.033
10971,878098,CH2,161.551,156.960,4.591
10971,878098,CH3,161.555,152.160,9.395
10971,878098,CH4,127.244,115.680,11.564
10971,878098,CH5,114.827,104.640,10.187
10971,878098,CH6,122.080,117.120,4.960
10972,878178,CH1,159.873,159.840,0.033
10972,878178,CH2,161.551,156.960,4.591
10972,878178,CH3,161.555,152.160,9.395
10972,878178,CH4,127.244,115.680,11.564
10972,878178,CH5,114.827,104.640,10.187
10972,878178,CH6,122.080,117.120,4.960
10973,878258,CH1,147.623,156.240,-8.617
10973,878258,CH2,157.269,158.160,-0.891
10973,878258,CH3,165.046,159.840,5.206
10973,878258,CH4,137.659,128.400,9.259
10973,878258,CH5,129.020,116.640,12.380
10973,878258,CH6,134.918,124.320,10.598
10974,878338,CH1,132.481,144.720,-12.239
10974,878338,CH2,146.411,153.600,-7.189
10974,878338,CH3,160.900,161.520,-0.620
10974,878338,CH4,141.234,136.560,4.674
10974,878338,CH5,140.038,130.320,9.718
10974,878338,CH6,150.024,136.800,13.224
10975,878427,CH1,132.481,144.720,-12.239
10975,878427,CH2,146.411,153.600,-7.189
10975,878427,CH3,160.900,161.520,-0.620
10975,878427,CH4,141.234,136.560,4.674
10975,878427,CH5,140.038,130.320,9.718
10975,878427,CH6,150.024,136.800,13.224
10976,878498,CH1,120.231,131.040,-10.809
10976,878498,CH2,133.125,143.040,-9.915
10976,878498,CH3,150.702,157.680,-6.978
10976,878498,CH4,136.604,139.680,-3.076
10976,878498,CH5,143.672,141.600,2.072
10976,878498,CH6,161.626,150.480,11.146
10977,878578,CH1,115.554,121.920,-6.366
10977,878578,CH2,122.485,131.520,-9.035
10977,878578,CH3,138.346,148.800,-10.454
10977,878578,CH4,125.538,134.640,-9.102
10977,878578,CH5,138.535,143.280,-4.745
10977,878578,CH6,165.294,161.520,3.774
10978,878658,CH1,120.234,119.760,0.474
10978,878658,CH2,118.556,123.360,-4.804
10978,878658,CH3,128.552,137.760,-9.208
10978,878658,CH4,112.262,123.600,-11.338
10978,878658,CH5,126.589,136.800,-10.211
10978,878658,CH6,159.627,163.920,-4.293
10979,878738,CH1,120.234,119.760,0.474
10979,878738,CH2,118.556,123.360,-4.804
10979,878738,CH3,128.552,137.760,-9.208
10979,878738,CH4,112.262,123.600,-11.338
10979,878738,CH5,126.589,136.800,-10.211
10979,878738,CH6,159.627,163.920,-4.293
10980,878827,CH1,132.484,123.120,9.365
10980,878827,CH2,122.838,120.480,2.358
10980,878827,CH3,125.061,129.360,-4.299
10980,878827,CH4,101.847,111.360,-9.513
10980,878827,CH5,112.396,124.560,-12.164
10980,878827,CH6,146.789,157.440,-10.651
10981,878898,CH1,147.626,135.120,12.506
10981,878898,CH2,133.696,126.240,7.456
10981,878898,CH3,129.207,127.680,1.527
10981,878898,CH4,98.271,102.240,-3.969
10981,878898,CH5,101.378,111.120,-9.742
10981,878898,CH6,131.683,144.960,-13.277
10982,878978,CH1,147.626,135.120,12.506
10982,878978,CH2,133.696,126.240,7.456
10982,878978,CH3,129.207,127.680,1.527
10982,878978,CH4,98.271,102.240,-3.969
10982,878978,CH5,101.378,111.120,-9.742
10982,878978,CH6,131.683,144.960,-13.277
10983,879058,CH1,159.876,148.560,11.316
10983,879058,CH2,146.982,137.040,9.942
10983,879058,CH3,139.405,132.000,7.405
10983,879058,CH4,102.901,99.840,3.061
10983,879058,CH5,97.743,99.120,-1.377
10983,879058,CH6,120.081,130.080,-9.999
10984,879138,CH1,164.554,157.440,7.114
10984,879138,CH2,157.622,148.560,9.062
10984,879138,CH3,151.761,141.360,10.401
10984,879138,CH4,113.968,104.880,9.088
10984,879138,CH5,102.880,97.920,4.960
10984,879138,CH6,116.413,118.320,-1.907
10985,879227,CH1,159.873,159.600,0.273
10985,879227,CH2,161.551,156.480,5.071
10985,879227,CH3,161.555,152.400,9.155
10985,879227,CH4,127.244,115.920,11.324
10985,879227,CH5,114.827,104.640,10.187
10985,879227,CH6,122.080,117.600,4.480
10986,879298,CH1,159.873,159.600,0.273
10986,879298,CH2,161.551,156.480,5.071
10986,879298,CH3,161.555,152.400,9.155
10986,879298,CH4,127.244,115.920,11.324
10986,879298,CH5,114.827,104.640,10.187
10986,879298,CH6,122.080,117.600,4.480
10987,879378,CH1,147.623,156.480,-8.857
10987,879378,CH2,157.269,158.640,-1.371
10987,879378,CH3,165.046,160.320,4.726
10987,879378,CH4,137.659,128.640,9.019
10987,879378,CH5,129.020,115.920,13.100
10987,879378,CH6,134.919,124.320,10.599
10988,879458,CH1,132.481,144.720,-12.239
10988,879458,CH2,146.411,153.600,-7.189
10988,879458,CH3,160.900,161.520,-0.620
10988,879458,CH4,141.234,136.800,4.434
10988,879458,CH5,140.038,129.600,10.438
10988,879458,CH6,150.024,137.040,12.984
10989,879538,CH1,120.231,131.280,-11.049
10989,879538,CH2,133.125,143.040,-9.915
10989,879538,CH3,150.702,157.440,-6.738
10989,879538,CH4,136.604,139.440,-2.836
10989,879538,CH5,143.672,141.120,2.552
10989,879538,CH6,161.626,150.720,10.906
10990,879627,CH1,120.231,131.280,-11.049
10990,879627,CH2,133.125,143.040,-9.915
10990,879627,CH3,150.702,157.440,-6.738
10990,879627,CH4,136.604,139.440,-2.836
10990,879627,CH5,143.672,141.120,2.552
10990,879627,CH6,161.626,150.720,10.906
10991,879698,CH1,115.554,121.920,-6.366
10991,879698,CH2,122.485,131.520,-9.035
10991,879698,CH3,138.346,148.800,-10.454
10991,879698,CH4,125.538,134.400,-8.862
10991,879698,CH5,138.535,142.800,-4.265
10991,879698,CH6,165.294,161.520,3.774
10992,879778,CH1,120.234,120.000,0.234
10992,879778,CH2,118.556,123.120,-4.564
10992,879778,CH3,128.552,137.520,-8.968
10992,879778,CH4,112.262,123.840,-11.578
10992,879778,CH5,126.589,137.040,-10.451
10992,879778,CH6,159.627,163.680,-4.053
10993,879858,CH1,120.234,120.000,0.234
10993,879858,CH2,118.556,123.120,-4.564
10993,879858,CH3,128.552,137.520,-8.968
10993,879858,CH4,112.262,123.840,-11.578
10993,879858,CH5,126.589,137.040,-10.451
10993,879858,CH6,159.627,163.680,-4.053
10994,879938,CH1,132.484,123.600,8.884
10994,879938,CH2,122.838,121.440,1.398
10994,879938,CH3,125.061,130.080,-5.019
10994,879938,CH4,101.847,111.600,-9.753
10994,879938,CH5,112.396,125.040,-12.644
10994,879938,CH6,146.789,157.680,-10.891
10995,880027,CH1,147.626,134.880,12.746
10995,880027,CH2,133.696,126.240,7.456
10995,880027,CH3,129.207,127.920,1.287
10995,880027,CH4,98.271,102.480,-4.209
10995,880027,CH5,101.378,111.600,-10.222
10995,880027,CH6,131.683,145.680,-13.997
10996,880098,CH1,159.876,149.280,10.596
10996,880098,CH2,146.982,137.280,9.702
10996,880098,CH3,139.405,131.760,7.645
10996,880098,CH4,102.901,99.840,3.061
10996,880098,CH5,97.743,99.840,-2.097
10996,880098,CH6,120.081,131.040,-10.959
10997,880178,CH1,159.876,149.280,10.596
10997,880178,CH2,146.982,137.280,9.702
10997,880178,CH3,139.405,131.760,7.645
10997,880178,CH4,102.901,99.840,3.061
10997,880178,CH5,97.743,99.840,-2.097
10997,880178,CH6,120.081,131.040,-10.959
10998,880258,CH1,164.554,157.680,6.874
10998,880258,CH2,157.622,148.560,9.062
10998,880258,CH3,151.761,141.360,10.401
10998,880258,CH4,113.968,104.880,9.088
10998,880258,CH5,102.880,97.920,4.960
10998,880258,CH6,116.413,119.040,-2.627
10999,880338,CH1,159.873,159.360,0.513
10999,880338,CH2,161.551,156.480,5.071
10999,880338,CH3,161.555,152.400,9.155
10999,880338,CH4,127.244,115.920,11.324
10999,880338,CH5,114.827,104.160,10.667
10999,880338,CH6,122.080,115.680,6.400
11000,880427,CH1,159.873,159.360,0.513
11000,880427,CH2,161.551,156.480,5.071
11000,880427,CH3,161.555,152.400,9.155
11000,880427,CH4,127.244,115.920,11.324
11000,880427,CH5,114.827,104.160,10.667
11000,880427,CH6,122.080,115.680,6.400
11001,880498,CH1,147.623,156.480,-8.857
11001,880498,CH2,157.269,158.160,-0.891
11001,880498,CH3,165.046,160.560,4.486
11001,880498,CH4,137.659,128.400,9.259
11001,880498,CH5,129.020,116.400,12.620
11001,880498,CH6,134.919,121.680,13.239
11002,880578,CH1,132.481,144.720,-12.239
11002,880578,CH2,146.411,153.600,-7.189
11002,880578,CH3,160.900,162.000,-1.100
11002,880578,CH4,141.234,137.040,4.194
11002,880578,CH5,140.038,130.320,9.718
11002,880578,CH6,150.024,136.320,13.704
11003,880658,CH1,120.231,130.800,-10.569
11003,880658,CH2,133.125,143.040,-9.915
11003,880658,CH3,150.702,157.680,-6.978
11003,880658,CH4,136.604,139.680,-3.076
11003,880658,CH5,143.672,140.640,3.032
11003,880658,CH6,161.626,150.240,11.386
11004,880738,CH1,120.231,130.800,-10.569
11004,880738,CH2,133.125,143.040,-9.915
11004,880738,CH3,150.702,157.680,-6.978
11004,880738,CH4,136.604,139.680,-3.076
11004,880738,CH5,143.672,140.640,3.032
11004,880738,CH6,161.626,150.240,11.386
11005,880827,CH1,115.554,122.880,-7.326
11005,880827,CH2,122.485,132.960,-10.475
11005,880827,CH3,138.346,150.000,-11.654
11005,880827,CH4,125.538,135.360,-9.822
11005,880827,CH5,138.535,142.800,-4.265
11005,880827,CH6,165.294,161.040,4.254
11006,880898,CH1,120.234,120.720,-0.486
11006,880898,CH2,118.556,123.600,-5.044
11006,880898,CH3,128.552,139.200,-10.648
11006,880898,CH4,112.262,124.800,-12.538
11006,880898,CH5,126.589,137.040,-10.451
11006,880898,CH6,159.627,163.200,-3.573
11007,880978,CH1,120.234,120.720,-0.486
11007,880978,CH2,118.556,123.600,-5.044
11007,880978,CH3,128.552,139.200,-10.648
11007,880978,CH4,112.262,124.800,-12.538
11007,880978,CH5,126.589,137.040,-10.451
11007,880978,CH6,159.627,163.200,-3.573
11008,881058,CH1,132.485,123.840,8.645
11008,881058,CH2,122.838,121.680,1.158
11008,881058,CH3,125.061,130.080,-5.019
11008,881058,CH4,101.847,111.600,-9.753
11008,881058,CH5,112.396,125.280,-12.884
11008,881058,CH6,146.789,157.200,-10.411
11009,881138,CH1,147.626,135.600,12.026
11009,881138,CH2,133.696,126.240,7.456
11009,881138,CH3,129.207,127.680,1.527
11009,881138,CH4,98.271,101.520,-3.249
11009,881138,CH5,101.378,111.600,-10.222
11009,881138,CH6,131.683,144.960,-13.277
11010,881227,CH1,159.876,148.320,11.556
11010,881227,CH2,146.982,137.280,9.702
11010,881227,CH3,139.405,132.000,7.405
11010,881227,CH4,102.901,98.880,4.021
11010,881227,CH5,97.743,99.360,-1.617
11010,881227,CH6,120.081,130.800,-10.719
11011,881298,CH1,159.876,148.320,11.556
11011,881298,CH2,146.982,137.280,9.702
11011,881298,CH3,139.405,132.000,7.405
11011,881298,CH4,102.901,98.880,4.021
11011,881298,CH5,97.743,99.360,-1.617
11011,881298,CH6,120.081,130.800,-10.719
11012,881378,CH1,164.554,157.440,7.114
11012,881378,CH2,157.622,148.560,9.062
11012,881378,CH3,151.761,141.360,10.401
11012,881378,CH4,113.968,105.120,8.848
11012,881378,CH5,102.880,97.920,4.960
11012,881378,CH6,116.413,119.040,-2.627
11013,881459,CH1,159.873,159.840,0.033
11013,881459,CH2,161.551,156.480,5.071
11013,881459,CH3,161.555,152.400,9.155
11013,881459,CH4,127.244,116.400,10.844
11013,881459,CH5,114.827,104.400,10.427
11013,881459,CH6,122.080,117.360,4.720
11014,881538,CH1,159.873,159.840,0.033
11014,881538,CH2,161.551,156.480,5.071
11014,881538,CH3,161.555,152.400,9.155
11014,881538,CH4,127.244,116.400,10.844
11014,881538,CH5,114.827,104.400,10.427
11014,881538,CH6,122.080,117.360,4.720
11015,881627,CH1,147.623,156.000,-8.377
11015,881627,CH2,157.269,158.400,-1.131
11015,881627,CH3,165.046,160.560,4.486
11015,881627,CH4,137.659,128.640,9.019
11015,881627,CH5,129.020,116.880,12.140
11015,881627,CH6,134.919,124.560,10.359
11016,881698,CH1,132.481,144.960,-12.479
11016,881698,CH2,146.411,153.600,-7.189
11016,881698,CH3,160.900,162.000,-1.100
11016,881698,CH4,141.234,138.000,3.234
11016,881698,CH5,140.038,130.080,9.958
11016,881698,CH6,150.024,137.040,12.984
11017,881778,CH1,120.231,131.280,-11.049
11017,881778,CH2,133.125,143.040,-9.915
11017,881778,CH3,150.702,157.920,-7.218
11017,881778,CH4,136.604,139.920,-3.316
11017,881778,CH5,143.672,141.360,2.312
11017,881778,CH6,161.626,150.960,10.666
11018,881859,CH1,120.231,131.280,-11.049
11018,881859,CH2,133.125,143.040,-9.915
11018,881859,CH3,150.702,157.920,-7.218
11018,881859,CH4,136.604,139.920,-3.316
11018,881859,CH5,143.672,141.360,2.312
11018,881859,CH6,161.626,150.960,10.666
11019,881938,CH1,115.554,122.160,-6.606
11019,881938,CH2,122.485,132.000,-9.515
11019,881938,CH3,138.346,149.040,-10.694
11019,881938,CH4,125.538,134.880,-9.342
11019,881938,CH5,138.535,143.520,-4.985
11019,881938,CH6,165.294,162.000,3.294
11020,882027,CH1,120.234,120.000,0.234
11020,882027,CH2,118.556,123.360,-4.804
11020,882027,CH3,128.552,138.240,-9.688
11020,882027,CH4,112.262,124.080,-11.818
11020,882027,CH5,126.589,137.040,-10.451
11020,882027,CH6,159.627,163.680,-4.053
11021,882098,CH1,132.485,123.360,9.125
11021,882098,CH2,122.838,121.200,1.638
11021,882098,CH3,125.061,130.080,-5.019
11021,882098,CH4,101.847,111.600,-9.753
11021,882098,CH5,112.396,125.040,-12.644
11021,882098,CH6,146.789,157.680,-10.891
11022,882178,CH1,132.485,123.360,9.125
11022,882178,CH2,122.838,121.200,1.638
11022,882178,CH3,125.061,130.080,-5.019
11022,882178,CH4,101.847,111.600,-9.753
11022,882178,CH5,112.396,125.040,-12.644
11022,882178,CH6,146.789,157.680,-10.891
11023,882258,CH1,147.626,135.360,12.266
11023,882258,CH2,133.696,126.000,7.696
11023,882258,CH3,129.207,127.920,1.287
11023,882258,CH4,98.271,102.240,-3.969
11023,882258,CH5,101.378,111.360,-9.982
11023,882258,CH6,131.683,145.680,-13.997
11024,882338,CH1,159.876,148.800,11.076
11024,882338,CH2,146.982,136.800,10.182
11024,882338,CH3,139.405,132.240,7.165
11024,882338,CH4,102.901,99.840,3.061
11024,882338,CH5,97.743,99.360,-1.617
11024,882338,CH6,120.081,130.560,-10.479
11025,882427,CH1,159.876,148.800,11.076
11025,882427,CH2,146.982,136.800,10.182
11025,882427,CH3,139.405,132.240,7.165
11025,882427,CH4,102.901,99.840,3.061
11025,882427,CH5,97.743,99.360,-1.617
11025,882427,CH6,120.081,130.560,-10.479
11026,882498,CH1,164.554,157.680,6.874
11026,882498,CH2,157.622,148.080,9.542
11026,882498,CH3,151.761,141.600,10.161
11026,882498,CH4,113.968,104.640,9.328
11026,882498,CH5,102.880,97.920,4.960
11026,882498,CH6,116.413,118.320,-1.907
11027,882578,CH1,159.873,159.840,0.033
11027,882578,CH2,161.551,156.720,4.831
11027,882578,CH3,161.555,152.880,8.675
11027,882578,CH4,127.244,116.880,10.364
11027,882578,CH5,114.827,104.640,10.187
11027,882578,CH6,122.080,117.360,4.720
11028,882658,CH1,147.623,156.480,-8.857
11028,882658,CH2,157.269,158.640,-1.371
11028,882658,CH3,165.046,160.560,4.486
11028,882658,CH4,137.659,129.120,8.539
11028,882658,CH5,129.020,116.400,12.620
11028,882658,CH6,134.919,124.560,10.359
11029,882738,CH1,147.623,156.480,-8.857
11029,882738,CH2,157.269,158.640,-1.371
11029,882738,CH3,165.046,160.560,4.486
11029,882738,CH4,137.659,129.120,8.539
11029,882738,CH5,129.020,116.400,12.620
11029,882738,CH6,134.919,124.560,10.359
11030,882827,CH1,132.481,144.960,-12.479
11030,882827,CH2,146.411,153.360,-6.949
11030,882827,CH3,160.900,162.720,-1.820
11030,882827,CH4,141.234,137.040,4.194
11030,882827,CH5,140.038,130.080,9.958
11030,882827,CH6,150.024,137.280,12.744
11031,882898,CH1,120.231,131.040,-10.809
11031,882898,CH2,133.125,143.040,-9.915
11031,882898,CH3,150.702,157.920,-7.218
11031,882898,CH4,136.604,139.440,-2.836
11031,882898,CH5,143.672,141.360,2.312
11031,882898,CH6,161.626,150.960,10.666
11032,882978,CH1,120.231,131.040,-10.809
11032,882978,CH2,133.125,143.040,-9.915
11032,882978,CH3,150.702,157.920,-7.218
11032,882978,CH4,136.604,139.440,-2.836
11032,882978,CH5,143.672,141.360,2.312
11032,882978,CH6,161.626,150.960,10.666
11033,883058,CH1,115.554,121.920,-6.366
11033,883058,CH2,122.485,131.760,-9.275
11033,883058,CH3,138.346,148.800,-10.454
11033,883058,CH4,125.538,134.640,-9.102
11033,883058,CH5,138.535,143.040,-4.505
11033,883058,CH6,165.294,161.280,4.014
11034,883138,CH1,120.234,120.000,0.234
11034,883138,CH2,118.556,123.120,-4.564
11034,883138,CH3,128.552,137.520,-8.968
11034,883138,CH4,112.262,123.840,-11.578
11034,883138,CH5,126.589,136.800,-10.211
11034,883138,CH6,159.627,163.440,-3.813
11035,883227,CH1,132.485,123.360,9.125
11035,883227,CH2,122.838,121.200,1.638
11035,883227,CH3,125.061,129.360,-4.299
11035,883227,CH4,101.847,110.880,-9.033
11035,883227,CH5,112.396,124.560,-12.164
11035,883227,CH6,146.789,157.440,-10.651
11036,883298,CH1,132.485,123.360,9.125
11036,883298,CH2,122.838,121.200,1.638
11036,883298,CH3,125.061,129.360,-4.299
11036,883298,CH4,101.847,110.880,-9.033
11036,883298,CH5,112.396,124.560,-12.164
11036,883298,CH6,146.789,157.440,-10.651
11037,883378,CH1,147.626,135.600,12.026
11037,883378,CH2,133.696,125.760,7.936
11037,883378,CH3,129.207,127.680,1.527
11037,883378,CH4,98.271,101.760,-3.489
11037,883378,CH5,101.378,110.880,-9.502
11037,883378,CH6,131.683,144.960,-13.277
11038,883458,CH1,159.876,148.800,11.076
11038,883458,CH2,146.982,137.040,9.942
11038,883458,CH3,139.405,132.240,7.165
11038,883458,CH4,102.901,99.840,3.061
11038,883458,CH5,97.743,99.360,-1.617
11038,883458,CH6,120.081,130.320,-10.239
11039,883538,CH1,164.554,157.440,7.114
11039,883538,CH2,157.622,148.560,9.062
11039,883538,CH3,151.761,141.360,10.401
11039,883538,CH4,113.968,105.120,8.848
11039,883538,CH5,102.880,97.680,5.200
11039,883538,CH6,116.413,118.320,-1.907
11040,883627,CH1,164.554,157.440,7.114
11040,883627,CH2,157.622,148.560,9.062
11040,883627,CH3,151.761,141.360,10.401
11040,883627,CH4,113.968,105.120,8.848
11040,883627,CH5,102.880,97.680,5.200
11040,883627,CH6,116.413,118.320,-1.907
11041,883698,CH1,159.873,159.840,0.033
11041,883698,CH2,161.551,156.480,5.071
11041,883698,CH3,161.555,152.400,9.155
11041,883698,CH4,127.244,115.680,11.564
11041,883698,CH5,114.827,104.400,10.427
11041,883698,CH6,122.080,117.600,4.480
11042,883778,CH1,147.623,156.240,-8.617
11042,883778,CH2,157.269,158.640,-1.371
11042,883778,CH3,165.046,160.560,4.486
11042,883778,CH4,137.659,128.880,8.779
11042,883778,CH5,129.020,116.160,12.860
11042,883778,CH6,134.919,124.800,10.119
11043,883858,CH1,147.623,156.240,-8.617
11043,883858,CH2,157.269,158.640,-1.371
11043,883858,CH3,165.046,160.560,4.486
11043,883858,CH4,137.659,128.880,8.779
11043,883858,CH5,129.020,116.160,12.860
11043,883858,CH6,134.919,124.800,10.119
11044,883938,CH1,132.481,144.720,-12.239
11044,883938,CH2,146.411,153.840,-7.429
11044,883938,CH3,160.900,162.480,-1.580
11044,883938,CH4,141.234,137.760,3.474
11044,883938,CH5,140.038,130.080,9.958
11044,883938,CH6,150.024,136.800,13.224
11045,884027,CH1,120.231,131.040,-10.809
11045,884027,CH2,133.125,143.280,-10.155
11045,884027,CH3,150.702,158.400,-7.698
11045,884027,CH4,136.604,139.920,-3.316
11045,884027,CH5,143.672,141.600,2.072
11045,884027,CH6,161.626,150.960,10.666
11046,884098,CH1,115.554,122.160,-6.606
11046,884098,CH2,122.485,131.760,-9.275
11046,884098,CH3,138.346,149.520,-11.174
11046,884098,CH4,125.538,134.880,-9.342
11046,884098,CH5,138.535,143.280,-4.745
11046,884098,CH6,165.294,161.520,3.774
11047,884178,CH1,115.554,122.160,-6.606
11047,884178,CH2,122.485,131.760,-9.275
11047,884178,CH3,138.346,149.520,-11.174
11047,884178,CH4,125.538,134.880,-9.342
11047,884178,CH5,138.535,143.280,-4.745
11047,884178,CH6,165.294,161.520,3.774
11048,884258,CH1,120.234,120.000,0.234
11048,884258,CH2,118.556,123.120,-4.564
11048,884258,CH3,128.552,138.000,-9.448
11048,884258,CH4,112.262,123.840,-11.578
11048,884258,CH5,126.589,137.040,-10.451
11048,884258,CH6,159.627,163.440,-3.813
11049,884338,CH1,132.485,123.840,8.645
11049,884338,CH2,122.838,120.480,2.358
11049,884338,CH3,125.061,129.120,-4.059
11049,884338,CH4,101.847,111.120,-9.273
11049,884338,CH5,112.396,124.800,-12.404
11049,884338,CH6,146.789,157.680,-10.891
11050,884427,CH1,132.485,123.840,8.645
11050,884427,CH2,122.838,120.480,2.358
11050,884427,CH3,125.061,129.120,-4.059
11050,884427,CH4,101.847,111.120,-9.273
11050,884427,CH5,112.396,124.800,-12.404
11050,884427,CH6,146.789,157.680,-10.891
11051,884498,CH1,147.626,135.120,12.506
11051,884498,CH2,133.696,126.720,6.976
11051,884498,CH3,129.207,127.920,1.287
11051,884498,CH4,98.271,102.000,-3.729
11051,884498,CH5,101.378,111.360,-9.982
11051,884498,CH6,131.683,145.440,-13.757
11052,884578,CH1,159.876,148.800,11.076
11052,884578,CH2,146.982,137.280,9.702
11052,884578,CH3,139.405,132.000,7.405
11052,884578,CH4,102.901,99.840,3.061
11052,884578,CH5,97.743,99.120,-1.377
11052,884578,CH6,120.081,129.600,-9.519
11053,884658,CH1,164.554,157.440,7.114
11053,884658,CH2,157.622,148.320,9.302
11053,884658,CH3,151.761,141.600,10.161
11053,884658,CH4,113.968,104.400,9.568
11053,884658,CH5,102.880,97.680,5.200
11053,884658,CH6,116.413,118.320,-1.907
11054,884738,CH1,164.554,157.440,7.114
11054,884738,CH2,157.622,148.320,9.302
11054,884738,CH3,151.761,141.600,10.161
11054,884738,CH4,113.968,104.400,9.568
11054,884738,CH5,102.880,97.680,5.200
11054,884738,CH6,116.413,118.320,-1.907
11055,884827,CH1,159.873,159.600,0.273
11055,884827,CH2,161.551,156.480,5.071
11055,884827,CH3,161.555,152.400,9.155
11055,884827,CH4,127.244,115.680,11.564
11055,884827,CH5,114.827,104.400,10.427
11055,884827,CH6,122.080,117.600,4.480
11056,884898,CH1,147.623,156.480,-8.857
11056,884898,CH2,157.269,158.400,-1.131
11056,884898,CH3,165.046,160.320,4.726
11056,884898,CH4,137.659,128.400,9.259
11056,884898,CH5,129.020,116.640,12.380
11056,884898,CH6,134.919,124.320,10.599
11057,884978,CH1,147.623,156.480,-8.857
11057,884978,CH2,157.269,158.400,-1.131
11057,884978,CH3,165.046,160.320,4.726
11057,884978,CH4,137.659,128.400,9.259
11057,884978,CH5,129.020,116.640,12.380
11057,884978,CH6,134.919,124.320,10.599
11058,885058,CH1,132.481,145.200,-12.719
11058,885058,CH2,146.411,153.600,-7.189
11058,885058,CH3,160.900,161.760,-0.860
11058,885058,CH4,141.234,137.280,3.954
11058,885058,CH5,140.038,129.600,10.438
11058,885058,CH6,150.024,136.800,13.224
11059,885138,CH1,120.231,131.520,-11.289
11059,885138,CH2,133.125,143.040,-9.915
11059,885138,CH3,150.702,157.440,-6.738
11059,885138,CH4,136.604,139.680,-3.076
11059,885138,CH5,143.672,141.120,2.552
11059,885138,CH6,161.626,150.720,10.906
11060,885227,CH1,115.554,122.160,-6.606
11060,885227,CH2,122.485,131.760,-9.275
11060,885227,CH3,138.346,148.800,-10.454
11060,885227,CH4,125.538,135.120,-9.582
11060,885227,CH5,138.535,143.520,-4.985
11060,885227,CH6,165.294,161.520,3.774
11061,885298,CH1,115.554,122.160,-6.606
11061,885298,CH2,122.485,131.760,-9.275
11061,885298,CH3,138.346,148.800,-10.454
11061,885298,CH4,125.538,135.120,-9.582
11061,885298,CH5,138.535,143.520,-4.985
11061,885298,CH6,165.294,161.520,3.774
11062,885378,CH1,120.234,120.000,0.234
11062,885378,CH2,118.556,123.120,-4.564
11062,885378,CH3,128.552,138.240,-9.688
11062,885378,CH4,112.262,124.080,-11.818
11062,885378,CH5,126.589,136.800,-10.211
11062,885378,CH6,159.627,163.920,-4.293
11063,885458,CH1,132.485,123.360,9.125
11063,885458,CH2,122.838,121.200,1.638
11063,885458,CH3,125.061,129.840,-4.779
11063,885458,CH4,101.847,111.360,-9.513
11063,885458,CH5,112.396,124.800,-12.404
11063,885458,CH6,146.789,157.680,-10.891
11064,885538,CH1,147.626,135.120,12.506
11064,885538,CH2,133.696,126.480,7.216
11064,885538,CH3,129.207,127.920,1.287
11064,885538,CH4,98.271,101.760,-3.489
11064,885538,CH5,101.378,111.360,-9.982
11064,885538,CH6,131.683,145.440,-13.757
11065,885627,CH1,147.626,135.120,12.506
11065,885627,CH2,133.696,126.480,7.216
11065,885627,CH3,129.207,127.920,1.287
11065,885627,CH4,98.271,101.760,-3.489
11065,885627,CH5,101.378,111.360,-9.982
11065,885627,CH6,131.683,145.440,-13.757
11066,885698,CH1,159.876,148.800,11.076
11066,885698,CH2,146.982,137.040,9.942
11066,885698,CH3,139.405,132.000,7.405
11066,885698,CH4,102.901,99.840,3.061
11066,885698,CH5,97.743,99.360,-1.617
11066,885698,CH6,120.081,130.320,-10.239
11067,885778,CH1,164.554,157.440,7.114
11067,885778,CH2,157.622,148.320,9.302
11067,885778,CH3,151.761,141.360,10.401
11067,885778,CH4,113.968,104.640,9.328
11067,885778,CH5,102.880,97.920,4.960
11067,885778,CH6,116.413,118.560,-2.147
11068,885858,CH1,164.554,157.440,7.114
11068,885858,CH2,157.622,148.320,9.302
11068,885858,CH3,151.761,141.360,10.401
11068,885858,CH4,113.968,104.640,9.328
11068,885858,CH5,102.880,97.920,4.960
11068,885858,CH6,116.413,118.560,-2.147
11069,885938,CH1,159.873,159.600,0.273
11069,885938,CH2,161.551,156.480,5.071
11069,885938,CH3,161.555,152.400,9.155
11069,885938,CH4,127.244,115.680,11.564
11069,885938,CH5,114.827,104.400,10.427
11069,885938,CH6,122.080,117.360,4.720
11070,886027,CH1,147.623,156.240,-8.617
11070,886027,CH2,157.269,158.400,-1.131
11070,886027,CH3,165.046,160.080,4.966
11070,886027,CH4,137.659,129.360,8.299
11070,886027,CH5,129.020,116.640,12.380
11070,886027,CH6,134.919,119.520,15.399
11071,886098,CH1,132.481,145.200,-12.719
11071,886098,CH2,146.411,153.840,-7.429
11071,886098,CH3,160.900,162.480,-1.580
11071,886098,CH4,141.234,138.480,2.754
11071,886098,CH5,140.038,130.320,9.718
11071,886098,CH6,150.024,128.400,21.624
11072,886178,CH1,132.481,145.200,-12.719
11072,886178,CH2,146.411,153.840,-7.429
11072,886178,CH3,160.900,162.480,-1.580
11072,886178,CH4,141.234,138.480,2.754
11072,886178,CH5,140.038,130.320,9.718
11072,886178,CH6,150.024,128.400,21.624
11073,886258,CH1,120.231,132.240,-12.009
11073,886258,CH2,133.125,143.040,-9.915
11073,886258,CH3,150.702,158.640,-7.938
11073,886258,CH4,136.604,140.400,-3.796
11073,886258,CH5,143.672,140.880,2.792
11073,886258,CH6,161.626,145.200,16.426
11074,886338,CH1,115.554,122.640,-7.086
11074,886338,CH2,122.485,132.000,-9.515
11074,886338,CH3,138.346,149.520,-11.174
11074,886338,CH4,125.538,135.360,-9.822
11074,886338,CH5,138.535,143.040,-4.505
11074,886338,CH6,165.294,159.600,5.694
11075,886427,CH1,115.554,122.640,-7.086
11075,886427,CH2,122.485,132.000,-9.515
11075,886427,CH3,138.346,149.520,-11.174
11075,886427,CH4,125.538,135.360,-9.822
11075,886427,CH5,138.535,143.040,-4.505
11075,886427,CH6,165.294,159.600,5.694
11076,886498,CH1,120.234,120.240,-0.006
11076,886498,CH2,118.556,123.120,-4.564
11076,886498,CH3,128.552,137.280,-8.728
11076,886498,CH4,112.262,123.600,-11.338
11076,886498,CH5,126.589,136.560,-9.971
11076,886498,CH6,159.627,163.680,-4.053
11077,886579,CH1,132.485,123.840,8.645
11077,886579,CH2,122.838,121.200,1.638
11077,886579,CH3,125.061,129.120,-4.059
11077,886579,CH4,101.847,109.680,-7.833
11077,886579,CH5,112.396,124.080,-11.684
11077,886579,CH6,146.789,157.200,-10.411
11078,886658,CH1,147.626,135.120,12.506
11078,886658,CH2,133.696,126.480,7.216
11078,886658,CH3,129.207,127.680,1.527
11078,886658,CH4,98.271,101.040,-2.769
11078,886658,CH5,101.378,110.880,-9.502
11078,886658,CH6,131.683,145.200,-13.517
11079,886738,CH1,147.626,135.120,12.506
11079,886738,CH2,133.696,126.480,7.216
11079,886738,CH3,129.207,127.680,1.527
11079,886738,CH4,98.271,101.040,-2.769
11079,886738,CH5,101.378,110.880,-9.502
11079,886738,CH6,131.683,145.200,-13.517
11080,886827,CH1,159.876,148.800,11.076
11080,886827,CH2,146.982,137.040,9.942
11080,886827,CH3,139.405,132.000,7.405
11080,886827,CH4,102.901,99.360,3.541
11080,886827,CH5,97.743,99.360,-1.617
11080,886827,CH6,120.081,130.080,-9.999
11081,886898,CH1,164.554,157.680,6.874
11081,886898,CH2,157.622,148.320,9.302
11081,886898,CH3,151.761,141.600,10.161
11081,886898,CH4,113.968,105.120,8.848
11081,886898,CH5,102.880,97.920,4.960
11081,886898,CH6,116.413,118.800,-2.387
11082,886978,CH1,164.554,157.680,6.874
11082,886978,CH2,157.622,148.320,9.302
11082,886978,CH3,151.761,141.600,10.161
11082,886978,CH4,113.968,105.120,8.848
11082,886978,CH5,102.880,97.920,4.960
11082,886978,CH6,116.413,118.800,-2.387
11083,887058,CH1,159.873,159.600,0.273
11083,887058,CH2,161.551,156.480,5.071
11083,887058,CH3,161.555,152.160,9.395
11083,887058,CH4,127.244,116.640,10.604
11083,887058,CH5,114.827,104.880,9.947
11083,887058,CH6,122.080,118.800,-2.387
11084,887138,CH1,147.622,156.240,-8.617
11084,887138,CH2,157.269,158.400,-1.131
11084,887138,CH3,165.046,160.320,4.726
11084,887138,CH4,137.659,129.120,8.539
11084,887138,CH5,129.020,116.880,12.140
11084,887138,CH6,134.919,124.800,10.119
11085,887227,CH1,132.481,144.960,-12.479
11085,887227,CH2,146.411,153.600,-7.189
11085,887227,CH3,160.900,161.760,-0.860
11085,887227,CH4,141.234,137.760,3.474
11085,887227,CH5,140.038,129.840,10.198
11085,887227,CH6,150.024,137.040,12.984
11086,887298,CH1,132.481,144.960,-12.479
11086,887298,CH2,146.411,153.600,-7.189
11086,887298,CH3,160.900,161.760,-0.860
11086,887298,CH4,141.234,137.760,3.474
11086,887298,CH5,140.038,129.840,10.198
11086,887298,CH6,150.024,137.040,12.984
11087,887378,CH1,120.231,131.280,-11.049
11087,887378,CH2,133.125,143.280,-10.155
11087,887378,CH3,150.702,157.680,-6.978
11087,887378,CH4,136.604,139.680,-3.076
11087,887378,CH5,143.672,141.360,2.312
11087,887378,CH6,161.626,150.240,11.386
11088,887458,CH1,115.554,122.160,-6.606
11088,887458,CH2,122.485,131.760,-9.275
11088,887458,CH3,138.346,149.280,-10.934
11088,887458,CH4,125.538,134.880,-9.342
11088,887458,CH5,138.535,143.040,-4.505
11088,887458,CH6,165.294,161.760,3.534
11089,887538,CH1,115.554,122.160,-6.606
11089,887538,CH2,122.485,131.760,-9.275
11089,887538,CH3,138.346,149.280,-10.934
11089,887538,CH4,125.538,134.880,-9.342
11089,887538,CH5,138.535,143.040,-4.505
11089,887538,CH6,165.294,161.760,3.534
11090,887627,CH1,120.234,120.000,0.234
11090,887627,CH2,118.556,123.120,-4.564
11090,887627,CH3,128.552,138.240,-9.688
11090,887627,CH4,112.262,123.840,-11.578
11090,887627,CH5,126.589,137.520,-10.931
11090,887627,CH6,159.627,163.920,-4.293
11091,887698,CH1,132.485,123.120,9.365
11091,887698,CH2,122.838,121.200,1.638
11091,887698,CH3,125.061,129.600,-4.539
11091,887698,CH4,101.847,111.360,-9.513
11091,887698,CH5,112.396,125.280,-12.884
11091,887698,CH6,146.789,157.440,-10.651
11092,887778,CH1,147.626,135.360,12.266
11092,887778,CH2,133.696,126.480,7.216
11092,887778,CH3,129.207,127.920,1.287
11092,887778,CH4,98.271,102.000,-3.729
11092,887778,CH5,101.378,111.360,-9.982
11092,887778,CH6,131.683,145.200,-13.517
11093,887858,CH1,147.626,135.360,12.266
11093,887858,CH2,133.696,126.480,7.216
11093,887858,CH3,129.207,127.920,1.287
11093,887858,CH4,98.271,102.000,-3.729
11093,887858,CH5,101.378,111.360,-9.982
11093,887858,CH6,131.683,145.200,-13.517
11094,887938,CH1,159.876,148.800,11.076
11094,887938,CH2,146.982,137.040,9.942
11094,887938,CH3,139.405,132.000,7.405
11094,887938,CH4,102.901,99.840,3.061
11094,887938,CH5,97.743,99.360,-1.617
11094,887938,CH6,120.081,130.560,-10.479
11095,888027,CH1,164.554,157.440,7.114
11095,888027,CH2,157.622,148.080,9.542
11095,888027,CH3,151.761,141.840,9.921
11095,888027,CH4,113.968,104.880,9.088
11095,888027,CH5,102.880,97.680,5.200
11095,888027,CH6,116.413,118.320,-1.907
11096,888098,CH1,159.873,159.360,0.513
11096,888098,CH2,161.551,156.480,5.071
11096,888098,CH3,161.555,152.400,9.155
11096,888098,CH4,127.244,115.920,11.324
11096,888098,CH5,114.827,104.400,10.427
11096,888098,CH6,122.080,117.840,4.240
11097,888178,CH1,159.873,159.360,0.513
11097,888178,CH2,161.551,156.480,5.071
11097,888178,CH3,161.555,152.400,9.155
11097,888178,CH4,127.244,115.920,11.324
11097,888178,CH5,114.827,104.400,10.427
11097,888178,CH6,122.080,117.840,4.240
11098,888258,CH1,147.622,156.480,-8.857
11098,888258,CH2,157.269,158.400,-1.131
11098,888258,CH3,165.046,160.320,4.726
11098,888258,CH4,137.659,127.680,9.979
11098,888258,CH5,129.020,116.400,12.620
11098,888258,CH6,134.919,124.800,10.119
11099,888338,CH1,132.481,144.720,-12.239
11099,888338,CH2,146.411,153.600,-7.189
11099,888338,CH3,160.900,162.240,-1.340
11099,888338,CH4,141.234,137.280,3.954
11099,888338,CH5,140.038,130.080,9.958
11099,888338,CH6,150.024,137.040,12.984
11100,888427,CH1,132.481,144.720,-12.239
11100,888427,CH2,146.411,153.600,-7.189
11100,888427,CH3,160.900,162.240,-1.340
11100,888427,CH4,141.234,137.280,3.954
11100,888427,CH5,140.038,130.080,9.958
11100,888427,CH6,150.024,137.040,12.984
11101,888498,CH1,120.231,130.800,-10.569
11101,888498,CH2,133.125,143.040,-9.915
11101,888498,CH3,150.702,158.160,-7.458
11101,888498,CH4,136.604,139.680,-3.076
11101,888498,CH5,143.672,141.840,1.832
11101,888498,CH6,161.626,151.200,10.426
11102,888578,CH1,115.554,121.920,-6.366
11102,888578,CH2,122.485,131.280,-8.795
11102,888578,CH3,138.346,148.800,-10.454
11102,888578,CH4,125.538,135.120,-9.582
11102,888578,CH5,138.535,143.760,-5.225
11102,888578,CH6,165.294,162.000,3.294
11103,888658,CH1,120.234,120.000,0.234
11103,888658,CH2,118.556,123.120,-4.564
11103,888658,CH3,128.552,138.240,-9.688
11103,888658,CH4,112.262,124.320,-12.058
11103,888658,CH5,126.589,137.040,-10.451
11103,888658,CH6,159.627,163.920,-4.293
11104,888738,CH1,120.234,120.000,0.234
11104,888738,CH2,118.556,123.120,-4.564
11104,888738,CH3,128.552,138.240,-9.688
11104,888738,CH4,112.262,124.320,-12.058
11104,888738,CH5,126.589,137.040,-10.451
11104,888738,CH6,159.627,163.920,-4.293
11105,888827,CH1,132.485,123.840,8.645
11105,888827,CH2,122.838,121.200,1.638
11105,888827,CH3,125.061,129.840,-4.779
11105,888827,CH4,101.847,111.840,-9.993
11105,888827,CH5,112.396,124.800,-12.404
11105,888827,CH6,146.788,158.160,-11.372
11106,888898,CH1,147.626,135.120,12.506
11106,888898,CH2,133.696,126.480,7.216
11106,888898,CH3,129.207,127.920,1.287
11106,888898,CH4,98.271,102.240,-3.969
11106,888898,CH5,101.378,111.600,-10.222
11106,888898,CH6,131.683,145.440,-13.757
11107,888978,CH1,147.626,135.120,12.506
11107,888978,CH2,133.696,126.480,7.216
11107,888978,CH3,129.207,127.920,1.287
11107,888978,CH4,98.271,102.240,-3.969
11107,888978,CH5,101.378,111.600,-10.222
11107,888978,CH6,131.683,145.440,-13.757
11108,889058,CH1,159.876,148.560,11.316
11108,889058,CH2,146.982,137.520,9.462
11108,889058,CH3,139.405,132.000,7.405
11108,889058,CH4,102.901,99.840,3.061
11108,889058,CH5,97.743,99.600,-1.857
11108,889058,CH6,120.081,130.080,-9.999
11109,889138,CH1,164.554,157.440,7.114
11109,889138,CH2,157.622,148.320,9.302
11109,889138,CH3,151.761,141.360,10.401
11109,889138,CH4,113.968,104.400,9.568
11109,889138,CH5,102.880,98.160,4.720
11109,889138,CH6,116.413,118.080,-1.667
11110,889227,CH1,159.873,159.360,0.513
11110,889227,CH2,161.551,156.480,5.071
11110,889227,CH3,161.555,151.920,9.635
11110,889227,CH4,127.244,115.680,11.564
11110,889227,CH5,114.827,104.640,10.187
11110,889227,CH6,122.080,117.360,4.720
11111,889298,CH1,159.873,159.360,0.513
11111,889298,CH2,161.551,156.480,5.071
11111,889298,CH3,161.555,151.920,9.635
11111,889298,CH4,127.244,115.680,11.564
11111,889298,CH5,114.827,104.640,10.187
11111,889298,CH6,122.080,117.360,4.720
11112,889378,CH1,147.622,156.480,-8.857
11112,889378,CH2,157.269,158.400,-1.131
11112,889378,CH3,165.046,160.080,4.966
11112,889378,CH4,137.659,128.160,9.499
11112,889378,CH5,129.020,115.920,13.100
11112,889378,CH6,134.919,124.320,10.599
11113,889458,CH1,132.481,145.200,-12.719
11113,889458,CH2,146.411,153.600,-7.189
11113,889458,CH3,160.900,162.240,-1.340
11113,889458,CH4,141.234,137.280,3.954
11113,889458,CH5,140.038,129.360,10.678
11113,889458,CH6,150.024,137.040,12.984
11114,889538,CH1,120.231,131.520,-11.289
11114,889538,CH2,133.125,143.040,-9.915
11114,889538,CH3,150.702,158.160,-7.458
11114,889538,CH4,136.604,139.680,-3.076
11114,889538,CH5,143.672,141.360,2.312
11114,889538,CH6,161.626,150.960,10.666
11115,889627,CH1,120.231,131.520,-11.289
11115,889627,CH2,133.125,143.040,-9.915
11115,889627,CH3,150.702,158.160,-7.458
11115,889627,CH4,136.604,139.680,-3.076
11115,889627,CH5,143.672,141.360,2.312
11115,889627,CH6,161.626,150.960,10.666
11116,889698,CH1,115.554,122.160,-6.606
11116,889698,CH2,122.485,131.760,-9.275
11116,889698,CH3,138.346,149.040,-10.694
11116,889698,CH4,125.538,134.640,-9.102
11116,889698,CH5,138.535,143.040,-4.505
11116,889698,CH6,165.294,161.520,3.774
11117,889778,CH1,120.234,120.000,0.234
11117,889778,CH2,118.556,123.120,-4.564
11117,889778,CH3,128.552,138.000,-9.448
11117,889778,CH4,112.262,123.840,-11.578
11117,889778,CH5,126.589,137.280,-10.691
11117,889778,CH6,159.627,163.680,-4.053
11118,889858,CH1,120.234,120.000,0.234
11118,889858,CH2,118.556,123.120,-4.564
11118,889858,CH3,128.552,138.000,-9.448
11118,889858,CH4,112.262,123.840,-11.578
11118,889858,CH5,126.589,137.280,-10.691
11118,889858,CH6,159.627,163.680,-4.053
11119,889938,CH1,132.485,123.120,9.365
11119,889938,CH2,122.838,121.440,1.398
11119,889938,CH3,125.061,129.600,-4.539
11119,889938,CH4,101.847,110.880,-9.033
11119,889938,CH5,112.396,125.040,-12.644
11119,889938,CH6,146.788,157.680,-10.891
11120,890027,CH1,147.626,135.360,12.266
11120,890027,CH2,133.696,126.000,7.696
11120,890027,CH3,129.207,128.400,0.807
11120,890027,CH4,98.271,101.520,-3.249
11120,890027,CH5,101.378,111.360,-9.982
11120,890027,CH6,131.683,144.960,-13.277
