frame_index,time_s,detected,x_px,y_px,x_smooth_px,y_smooth_px,red_area_px,component_count
0,0.0,True,281.3122171945701,257.81447963800906,280.55426356589146,258.7829457364341,221,7
1,0.03333333333333333,True,280.38990825688074,263.1788990825688,280.9332403802308,258.4070978682171,218,7
2,0.06666666666666667,True,280.55426356589146,258.7829457364341,280.55426356589146,258.7829457364341,258,7
3,0.1,True,296.5078125,258.03125,280.38990825688074,263.1788990825688,256,8
4,0.13333333333333333,True,278.48301886792456,267.9132075471698,278.48301886792456,267.9132075471698,265,7
5,0.16666666666666666,True,277.6098484848485,268.25,277.6098484848485,268.25,264,7
6,0.2,True,275.91954022988506,269.8352490421456,275.91954022988506,269.25,261,7
7,0.23333333333333334,True,274.15714285714284,270.98214285714283,274.15714285714284,269.60330578512395,280,7
8,0.26666666666666666,True,273.72857142857146,269.25,273.72857142857146,269.8352490421456,280,7
9,0.3,True,271.57851239669424,269.60330578512395,271.57851239669424,270.98214285714283,242,7
10,0.3333333333333333,True,270.78985507246375,271.5144927536232,270.78985507246375,270.6740740740741,276,7
11,0.36666666666666664,True,269.82889733840307,273.8022813688213,269.82889733840307,271.03515625,263,7
12,0.4,True,267.6333333333333,270.6740740740741,267.6333333333333,271.5144927536232,270,7
13,0.43333333333333335,True,265.86328125,271.03515625,265.8716981132076,271.85714285714283,256,7
14,0.4666666666666667,True,265.265306122449,271.85714285714283,265.86328125,271.82706766917295,245,7
15,0.5,True,265.8716981132076,272.94716981132075,265.265306122449,271.85714285714283,265,7
16,0.5333333333333333,True,263.12406015037595,271.82706766917295,263.4220532319392,272.94716981132075,266,7
17,0.5666666666666667,True,263.40077821011675,274.0817120622568,263.40077821011675,273.8631178707224,257,7
18,0.6,True,263.4220532319392,273.8631178707224,263.12406015037595,274.0817120622568,263,7
19,0.6333333333333333,True,261.6860465116279,274.7170542635659,261.6860465116279,274.7170542635659,258,7
20,0.6666666666666666,True,260.1394422310757,275.33067729083666,261.6860465116279,275.33067729083666,251,7
21,0.7,True,260.19678714859435,276.3734939759036,260.19678714859435,276.3734939759036,249,7
22,0.7333333333333333,True,264.26765799256503,282.24907063197026,260.19678714859435,277.4172932330827,269,7
23,0.7666666666666667,True,259.97744360902254,277.4172932330827,264.26765799256503,282.24907063197026,266,8
24,0.8,True,264.37974683544303,284.9198312236287,264.37974683544303,284.9198312236287,237,7
25,0.8333333333333334,True,267.8446215139442,288.3227091633466,267.17857142857144,286.4920634920635,251,7
26,0.8666666666666667,True,271.7068965517241,293.25431034482756,267.8446215139442,288.3227091633466,232,7
27,0.9,True,267.17857142857144,286.4920634920635,270.1189427312775,289.65482233502536,252,7
28,0.9333333333333333,True,270.1189427312775,290.0704845814978,270.88324873096445,290.0704845814978,227,7
29,0.9666666666666667,True,270.88324873096445,289.65482233502536,270.88324873096445,289.65482233502536,197,7
30,1.0,True,272.93,291.67,271.6764705882353,290.0704845814978,200,7
31,1.0333333333333334,True,271.6764705882353,289.52941176470586,272.63592233009706,290.3203883495146,204,7
32,1.0666666666666667,True,272.63592233009706,290.3203883495146,272.93,291.67,206,7
33,1.1,True,276.9230769230769,296.8557692307692,276.86255924170615,296.8557692307692,208,7
34,1.1333333333333333,True,276.86255924170615,297.5165876777251,276.86255924170615,296.8557692307692,211,7
35,1.1666666666666667,True,277.98319327731093,300.61344537815125,276.86255924170615,297.5165876777251,238,7
36,1.2,True,267.00829875518673,289.35684647302907,276.3227091633466,300.61344537815125,241,8
37,1.2333333333333334,True,276.3227091633466,303.24701195219126,274.7591836734694,301.63291139240505,251,7
38,1.2666666666666666,True,274.67510548523205,301.63291139240505,274.7591836734694,303.24701195219126,237,7
39,1.3,True,274.7591836734694,304.1795918367347,276.3227091633466,304.1795918367347,245,7
40,1.3333333333333333,True,277.6531365313653,309.54612546125463,274.7591836734694,308.45588235294116,271,7
41,1.3666666666666667,True,276.96691176470586,308.45588235294116,274.8587786259542,309.54612546125463,272,7
42,1.4,True,274.47058823529414,309.89803921568625,274.8587786259542,309.89803921568625,255,7
43,1.4333333333333333,True,274.8587786259542,311.26335877862596,274.47058823529414,311.26335877862596,262,7
44,1.4666666666666666,True,274.3977695167286,312.97769516728624,274.3977695167286,312.97769516728624,269,7
45,1.5,True,272.55350553505536,313.3763837638376,272.55350553505536,313.3763837638376,271,7
46,1.5333333333333334,True,271.11743772241994,315.01779359430606,272.55350553505536,315.01779359430606,281,7
47,1.5666666666666667,True,272.048275862069,315.3965517241379,272.55350553505536,315.3965517241379,290,7
48,1.6,True,274.1296296296296,318.462962962963,272.048275862069,317.69257950530033,270,7
49,1.6333333333333333,True,273.38732394366195,318.1021126760563,272.996336996337,318.1021126760563,284,7
50,1.6666666666666667,True,270.434628975265,317.69257950530033,272.996336996337,318.462962962963,283,7
51,1.7,True,272.996336996337,319.5970695970696,272.996336996337,318.1021126760563,273,7
52,1.7333333333333334,True,272.9491525423729,320.6135593220339,272.9491525423729,319.5970695970696,295,7
53,1.7666666666666666,True,283.24567474048445,314.1280276816609,272.996336996337,320.6135593220339,289,8
54,1.8,True,269.9133858267717,321.75984251968504,275.2519083969466,321.75984251968504,254,7
55,1.8333333333333333,True,275.2519083969466,323.381679389313,276.5079365079365,323.381679389313,262,7
56,1.8666666666666667,True,276.5079365079365,324.5753968253968,276.5079365079365,324.5753968253968,252,7
57,1.9,True,279.09505703422053,325.68821292775664,279.09505703422053,325.68821292775664,263,7
58,1.9333333333333333,True,280.864,326.748,280.864,326.748,250,7
59,1.9666666666666666,True,283.1795918367347,327.2040816326531,283.1795918367347,326.92946058091286,245,7
60,2.0,True,283.33478260869566,327.2086956521739,283.33478260869566,327.2040816326531,230,7
61,2.033333333333333,True,283.3526970954357,326.92946058091286,283.3526970954357,327.2086956521739,241,7
62,2.066666666666667,True,285.7309417040359,327.7847533632287,285.7309417040359,327.7847533632287,223,7
63,2.1,True,288.1268292682927,328.609756097561,288.1268292682927,328.609756097561,205,7
64,2.1333333333333333,True,293.2,329.9583333333333,293.2,329.9583333333333,240,7
65,2.1666666666666665,True,294.05882352941177,330.20361990950227,294.05882352941177,330.20361990950227,221,7
66,2.2,True,299.2295719844358,331.4396887159533,295.0083682008368,330.5271966527197,257,7
67,2.2333333333333334,True,295.4,330.54347826086956,295.0083682008368,330.5271966527197,230,7
68,2.2666666666666666,True,295.0083682008368,330.5271966527197,295.0083682008368,330.54347826086956,239,7
69,2.3,True,293.1544715447154,330.2154471544715,295.0083682008368,330.54347826086956,246,7
70,2.3333333333333335,True,293.8738738738739,331.89639639639637,295.0083682008368,331.89639639639637,222,7
71,2.3666666666666667,True,302.84388185654007,334.7848101265823,298.6679389312977,334.7848101265823,237,7
72,2.4,True,298.6679389312977,335.69847328244276,299.1591836734694,335.69847328244276,262,7
73,2.433333333333333,True,303.33101045296166,337.6376306620209,299.1591836734694,337.6376306620209,287,7
74,2.466666666666667,True,299.1591836734694,340.2244897959184,299.1591836734694,340.2244897959184,245,7
75,2.5,True,299.1484375,341.171875,299.7983870967742,341.171875,256,7
76,2.533333333333333,True,300.51417004048585,343.0080971659919,299.7983870967742,343.0080971659919,247,7
77,2.566666666666667,True,299.7983870967742,344.38709677419354,300.51417004048585,344.38709677419354,248,7
78,2.6,True,300.7642585551331,345.79467680608366,300.51417004048585,344.44363636363636,263,7
79,2.6333333333333333,True,302.27272727272725,344.44363636363636,300.7642585551331,345.79467680608366,275,7
80,2.6666666666666665,True,299.9928825622776,346.4519572953737,302.2651515151515,346.4519572953737,281,7
81,2.7,True,302.4848484848485,347.47727272727275,302.2651515151515,347.47727272727275,264,7
82,2.7333333333333334,True,302.2651515151515,348.1060606060606,299.9928825622776,348.1060606060606,264,7
83,2.7666666666666666,True,297.2880658436214,349.65432098765433,302.2651515151515,349.65432098765433,243,6
84,2.8,True,297.75555555555553,350.8933333333333,302.2651515151515,349.65432098765433,225,6
85,2.8333333333333335,True,303.3255813953488,350.5813953488372,303.3255813953488,350.5813953488372,258,7
86,2.8666666666666667,True,311.032967032967,347.1465201465202,306.0173913043478,350.8933333333333,273,8
87,2.9,True,306.35907335907336,352.015444015444,306.35907335907336,352.015444015444,259,7
88,2.933333333333333,True,306.0173913043478,353.60869565217394,309.9458333333333,353.18257261410787,230,7
89,2.966666666666667,True,310.402489626556,353.18257261410787,309.89767441860465,353.60869565217394,241,7
90,3.0,True,309.9458333333333,353.73333333333335,309.9458333333333,353.60869565217394,240,7
91,3.033333333333333,True,309.89767441860465,354.3906976744186,310.0229357798165,353.42660550458714,215,6
92,3.066666666666667,True,315.58035714285717,351.97767857142856,310.0229357798165,353.42660550458714,224,7
93,3.1,True,310.0229357798165,353.42660550458714,315.58035714285717,351.97767857142856,218,7
94,3.1333333333333333,True,321.2382978723404,349.3744680851064,319.3781512605042,349.47899159663865,235,7
95,3.1666666666666665,True,319.3781512605042,349.47899159663865,320.69058295964123,349.3744680851064,238,7
96,3.2,True,320.69058295964123,348.66367713004485,321.2382978723404,348.66367713004485,223,7
97,3.2333333333333334,True,321.8661087866109,348.05857740585776,321.8661087866109,348.05857740585776,239,7
98,3.2666666666666666,True,322.58482142857144,347.6875,322.58482142857144,347.6875,224,7
99,3.3,True,323.15656565656565,347.0959595959596,323.15656565656565,347.0959595959596,198,7
100,3.3333333333333335,True,324.70531400966183,346.69082125603865,324.01421800947867,346.69082125603865,207,7
101,3.3666666666666667,True,324.01421800947867,346.38388625592415,324.70531400966183,346.40865384615387,211,7
102,3.4,True,328.5576923076923,346.40865384615387,328.5576923076923,346.40865384615387,208,7
103,3.433333333333333,True,331.85777777777776,346.32,331.85777777777776,346.40865384615387,225,7
104,3.466666666666667,True,332.4778761061947,347.26106194690266,332.4778761061947,346.6818181818182,226,7
105,3.5,True,336.87603305785126,346.6818181818182,333.95454545454544,347.26106194690266,242,7
106,3.533333333333333,True,333.95454545454544,348.24380165289256,335.6111111111111,348.24380165289256,242,7
107,3.566666666666667,True,335.8550185873606,348.74721189591077,335.8550185873606,348.74721189591077,269,7
108,3.6,True,335.6111111111111,351.0912698412698,335.8550185873606,351.0912698412698,252,7
109,3.6333333333333333,True,341.003861003861,352.25868725868725,337.42911877394636,352.25868725868725,259,7
110,3.6666666666666665,True,337.42911877394636,353.17241379310343,338.09124087591243,353.17241379310343,261,7
111,3.7,True,339.06463878326997,353.63498098859316,338.09124087591243,353.63498098859316,263,7
112,3.7333333333333334,True,338.09124087591243,356.06569343065695,337.7081712062257,356.06569343065695,274,7
113,3.7666666666666666,True,337.7081712062257,357.1011673151751,338.09124087591243,357.1011673151751,257,7
114,3.8,True,337.0836820083682,360.64853556485355,337.7081712062257,360.26171875,239,7
115,3.8333333333333335,True,339.41015625,360.26171875,337.7081712062257,360.64853556485355,256,7
116,3.8666666666666667,True,337.33196721311475,361.6885245901639,339.41015625,360.64853556485355,244,7
117,3.9,True,340.4212598425197,361.5275590551181,340.4212598425197,360.49264705882354,254,7
118,3.933333333333333,True,341.87867647058823,360.49264705882354,341.87867647058823,361.29767441860463,272,7
119,3.966666666666667,True,343.4903474903475,360.04633204633205,343.09767441860464,361.29767441860463,259,7
120,4.0,True,343.09767441860464,361.29767441860463,343.4903474903475,360.61965811965814,215,7
121,4.033333333333333,True,345.04824561403507,361.49122807017545,345.04824561403507,360.61965811965814,228,7
122,4.066666666666666,True,347.0897435897436,360.61965811965814,347.0897435897436,360.61965811965814,234,7
123,4.1,True,351.1089108910891,355.0940594059406,350.8590909090909,355.5409090909091,202,7
124,4.133333333333334,True,350.8590909090909,355.5409090909091,351.1089108910891,355.0940594059406,220,7
125,4.166666666666667,True,351.1690821256039,354.6328502415459,351.1690821256039,354.6328502415459,207,7
126,4.2,True,351.7980769230769,353.6442307692308,351.7980769230769,353.6442307692308,208,7
127,4.233333333333333,True,353.50925925925924,349.962962962963,353.50925925925924,349.962962962963,216,7
128,4.266666666666667,True,355.2182741116751,346.4517766497462,353.50925925925924,347.73205741626793,197,7
129,4.3,True,355.4308510638298,345.42021276595744,353.50925925925924,347.14084507042253,188,7
130,4.333333333333333,True,352.97607655502395,347.73205741626793,353.3333333333333,346.4517766497462,209,7
131,4.366666666666666,True,353.3333333333333,347.14084507042253,353.3333333333333,345.6595744680851,213,7
132,4.4,True,349.21465968586386,345.4973821989529,353.3333333333333,345.6595744680851,191,8
133,4.433333333333334,True,353.74468085106383,345.6595744680851,353.74468085106383,345.4973821989529,188,7
134,4.466666666666667,True,356.964824120603,341.7286432160804,355.0480769230769,344.55288461538464,199,7
135,4.5,True,355.0480769230769,344.55288461538464,356.964824120603,343.47906976744184,208,7
136,4.533333333333333,True,357.6418604651163,343.47906976744184,357.6418604651163,341.7286432160804,215,7
137,4.566666666666666,True,361.875,339.6508620689655,361.7176470588235,339.9489361702128,232,7
138,4.6,True,361.7176470588235,338.4549019607843,361.875,339.9489361702128,255,7
139,4.633333333333334,True,363.44255319148937,339.9489361702128,363.44255319148937,339.9489361702128,235,7
140,4.666666666666667,True,365.36326530612246,340.2040816326531,364.51476793248946,340.2040816326531,245,7
141,4.7,True,364.51476793248946,342.6666666666667,365.36326530612246,340.5240174672489,237,7
142,4.733333333333333,True,368.70742358078604,340.5240174672489,368.70742358078604,340.5240174672489,229,7
143,4.766666666666667,True,369.4291666666667,342.72083333333336,369.4291666666667,341.60687022900765,240,7
144,4.8,True,378.11417322834643,337.83858267716533,372.12595419847327,340.75735294117646,254,8
145,4.833333333333333,True,372.12595419847327,341.60687022900765,374.31985294117646,341.428,262,7
146,4.866666666666666,True,374.31985294117646,340.75735294117646,375.216,341.428,272,7
147,4.9,True,375.216,341.428,375.216,341.60687022900765,250,7
148,4.933333333333334,True,375.428,342.396,375.428,342.396,250,7
149,4.966666666666667,True,377.1501976284585,345.3873517786561,377.1501976284585,342.396,253,7
150,5.0,True,377.76209677419354,345.78225806451616,377.76209677419354,345.30833333333334,248,7
151,5.033333333333333,True,378.1158798283262,341.9699570815451,378.0708333333333,345.30833333333334,233,7
152,5.066666666666666,True,378.0708333333333,345.30833333333334,378.1158798283262,343.51141552511416,240,7
153,5.1,True,379.7808219178082,343.51141552511416,379.7808219178082,343.05069124423966,219,7
154,5.133333333333334,True,380.9216589861751,343.05069124423966,380.9216589861751,343.05069124423966,217,7
155,5.166666666666667,True,380.9707317073171,338.77073170731705,380.9216589861751,338.77073170731705,205,7
156,5.2,True,389.72549019607845,329.1372549019608,380.9216589861751,333.44,204,8
157,5.233333333333333,True,380.77,333.44,380.77,331.9945054945055,200,7
158,5.266666666666667,True,380.44505494505495,331.9945054945055,380.44505494505495,330.72,182,7
159,5.3,True,380.26,329.205,380.26,330.72,200,7
160,5.333333333333333,True,380.185,330.72,380.185,329.205,200,7
161,5.366666666666666,True,379.42934782608694,328.0652173913044,379.42934782608694,328.0652173913044,184,7
162,5.4,True,379.16402116402116,326.7142857142857,379.16402116402116,326.7142857142857,189,7
163,5.433333333333334,True,378.58730158730157,325.7142857142857,378.58730158730157,325.7142857142857,189,7
164,5.466666666666667,True,378.0693641618497,323.65895953757223,378.0693641618497,323.65895953757223,173,7
165,5.5,True,377.427807486631,322.29411764705884,377.427807486631,323.65895953757223,187,7
166,5.533333333333333,True,377.1276595744681,319.24468085106383,377.1276595744681,322.29411764705884,188,7
167,5.566666666666666,True,376.5049504950495,324.68811881188117,377.1276595744681,321.005076142132,202,7
168,5.6,True,376.9492385786802,321.005076142132,377.1276595744681,319.24468085106383,197,7
169,5.633333333333334,True,377.81632653061223,317.765306122449,377.81632653061223,317.765306122449,196,7
170,5.666666666666667,True,378.0049019607843,315.88235294117646,378.0049019607843,315.88235294117646,204,7
171,5.7,True,378.9530516431925,315.83098591549293,378.9530516431925,315.83098591549293,213,7
172,5.733333333333333,True,380.2618025751073,312.2832618025751,380.2618025751073,312.2832618025751,233,7
173,5.766666666666667,True,381.4405286343612,311.41409691629957,381.4405286343612,311.41409691629957,227,7
174,5.8,True,382.5253456221198,309.44700460829495,382.5253456221198,309.44700460829495,217,7
175,5.833333333333333,True,384.35983263598325,305.25941422594144,384.35983263598325,305.25941422594144,239,7
176,5.866666666666666,True,385.49356223175965,304.82403433476395,385.49356223175965,305.25941422594144,233,7
177,5.9,True,386.6511627906977,302.54651162790697,386.6511627906977,305.25941422594144,258,7
178,5.933333333333334,True,387.0217391304348,305.9913043478261,386.6958333333333,304.82403433476395,230,7
179,5.966666666666667,True,387.70762711864404,305.53389830508473,387.0217391304348,305.038961038961,236,7
180,6.0,True,386.6958333333333,302.6458333333333,387.70762711864404,305.53389830508473,240,7
181,6.033333333333333,True,388.35930735930737,305.038961038961,388.35930735930737,305.53389830508473,231,7
182,6.066666666666666,True,390.634703196347,307.5525114155251,389.8053097345133,305.5619469026549,219,7
183,6.1,True,389.8053097345133,305.5619469026549,390.634703196347,305.5619469026549,226,7
184,6.133333333333334,True,390.784140969163,306.3303964757709,390.784140969163,305.5619469026549,227,7
185,6.166666666666667,True,391.6753246753247,305.1212121212121,391.3407079646018,305.1212121212121,231,7
186,6.2,True,391.3407079646018,303.3185840707965,391.3407079646018,303.3185840707965,226,7
187,6.233333333333333,True,392.70135746606337,302.59276018099547,391.3407079646018,302.59276018099547,221,7
188,6.266666666666667,True,390.88532110091745,300.48623853211006,390.88532110091745,300.48623853211006,218,7
189,6.3,True,388.95544554455444,297.529702970297,388.95544554455444,297.529702970297,202,7
190,6.333333333333333,True,387.8910891089109,294.970297029703,387.8910891089109,294.970297029703,202,7
191,6.366666666666666,True,386.72115384615387,293.8317307692308,387.1734693877551,294.970297029703,208,7
192,6.4,True,386.9560975609756,293.86341463414635,386.9560975609756,293.86341463414635,205,7
193,6.433333333333334,True,387.1734693877551,295.6734693877551,386.72115384615387,293.8317307692308,196,7
194,6.466666666666667,True,383.62311557788945,291.69849246231155,383.62311557788945,291.69849246231155,199,7
195,6.5,True,382.3115577889447,290.81909547738695,382.3115577889447,290.81909547738695,199,7
196,6.533333333333333,True,379.08092485549133,287.08670520231215,379.08092485549133,287.08670520231215,173,7
197,6.566666666666666,True,375.1505376344086,282.0806451612903,376.09473684210525,283.5,186,7
198,6.6,True,376.09473684210525,283.5,375.94565217391306,283.2173913043478,190,7
199,6.633333333333334,True,375.94565217391306,283.2173913043478,375.94565217391306,283.18461538461537,184,7
200,6.666666666666667,True,375.11764705882354,281.3368983957219,376.09473684210525,283.18461538461537,187,7
201,6.7,True,376.4512820512821,283.18461538461537,375.94565217391306,281.3368983957219,195,7
202,6.733333333333333,True,376.4896907216495,280.49484536082474,376.4512820512821,281.2764976958525,194,7
203,6.766666666666667,True,375.42926829268293,278.0536585365854,376.4512820512821,280.49484536082474,205,7
204,6.8,True,377.17511520737327,281.2764976958525,376.26635514018693,278.0536585365854,217,7
205,6.833333333333333,True,376.26635514018693,277.196261682243,375.9906103286385,277.196261682243,214,7
206,6.866666666666666,True,375.9906103286385,274.3286384976526,375.9906103286385,274.3286384976526,213,7
207,6.9,True,375.75454545454545,272.2772727272727,375.75454545454545,272.2772727272727,220,7
208,6.933333333333334,True,375.4267782426778,271.4979079497908,375.57142857142856,271.4979079497908,239,7
209,6.966666666666667,True,375.57142857142856,268.5844155844156,375.57142857142856,268.5844155844156,231,7
210,7.0,True,375.0619469026549,266.12389380530976,375.57142857142856,266.9330357142857,226,7
211,7.033333333333333,True,378.24311926605503,266.57798165137615,378.24311926605503,266.57798165137615,218,7
212,7.066666666666666,True,378.88839285714283,266.9330357142857,378.3333333333333,266.2083333333333,224,7
213,7.1,True,378.35593220338984,265.60593220338984,378.3333333333333,266.2083333333333,236,7
214,7.133333333333334,True,378.3333333333333,266.2083333333333,378.35593220338984,265.60593220338984,216,7
215,7.166666666666667,True,377.64150943396226,264.89150943396226,378.35593220338984,264.89150943396226,212,7
216,7.2,True,389.6732673267327,258.98514851485146,378.38425925925924,263.0260416666667,202,8
217,7.233333333333333,True,379.3072916666667,263.0260416666667,378.38425925925924,262.30555555555554,192,7
218,7.266666666666667,True,378.38425925925924,262.30555555555554,378.55454545454546,261.4780487804878,216,7
219,7.3,True,377.3170731707317,261.4780487804878,378.38425925925924,261.4780487804878,205,7
220,7.333333333333333,True,378.55454545454546,260.0318181818182,377.54824561403507,260.0318181818182,220,7
221,7.366666666666666,True,377.54824561403507,259.140350877193,377.3170731707317,259.140350877193,228,7
222,7.4,True,376.3671497584541,257.2173913043478,377.54824561403507,257.2173913043478,207,7
223,7.433333333333334,True,374.0,256.55172413793105,376.3671497584541,256.55172413793105,203,7
224,7.466666666666667,True,383.4519230769231,251.95673076923077,374.0,255.4019138755981,208,8
225,7.5,True,371.58851674641147,255.4019138755981,371.58851674641147,254.58883248730965,209,7
226,7.533333333333333,True,369.51269035532994,254.58883248730965,369.51269035532994,254.58883248730965,197,7
227,7.566666666666666,True,366.6951871657754,253.06417112299465,369.4830917874396,254.58883248730965,187,7
228,7.6,True,369.4830917874396,254.94685990338164,368.1780104712042,254.5026178010471,207,7
229,7.633333333333334,True,367.36787564766837,254.19689119170985,367.36787564766837,254.19689119170985,193,7
230,7.666666666666667,True,368.1780104712042,254.5026178010471,367.36787564766837,254.19689119170985,191,7
231,7.7,True,363.2362637362637,252.08241758241758,363.2362637362637,252.33695652173913,182,7
232,7.733333333333333,True,362.2421052631579,252.00526315789475,363.2362637362637,252.33695652173913,190,7
233,7.766666666666667,True,362.5380434782609,252.33695652173913,362.5380434782609,252.08241758241758,184,7
234,7.8,True,364.7421052631579,253.38947368421051,362.2421052631579,252.00526315789475,190,7
235,7.833333333333333,True,359.5765306122449,248.91836734693877,359.5765306122449,248.91836734693877,196,7
236,7.866666666666666,True,359.1913875598086,247.688995215311,359.1913875598086,247.688995215311,209,7
237,7.9,True,357.3820754716981,246.6556603773585,357.3820754716981,246.6556603773585,212,7
238,7.933333333333334,True,356.8767123287671,244.29680365296804,356.8767123287671,244.29680365296804,219,7
239,7.966666666666667,True,355.3636363636364,242.12121212121212,356.36744186046514,242.12121212121212,231,7
240,8.0,True,356.1933962264151,241.37735849056602,356.1933962264151,241.37735849056602,212,7
241,8.033333333333333,True,356.36744186046514,239.86976744186046,356.1933962264151,239.86976744186046,215,7
242,8.066666666666666,True,355.56387665198235,238.58149779735683,356.1933962264151,238.58149779735683,227,7
243,8.1,True,357.49282296650716,237.8755980861244,356.36744186046514,237.8755980861244,209,7
244,8.133333333333333,True,355.8778280542986,236.7556561085973,357.15,236.7556561085973,221,7
245,8.166666666666666,True,357.15,235.39545454545456,357.49282296650716,235.39545454545456,220,7
246,8.2,True,358.4841628959276,234.4660633484163,358.4841628959276,234.81746031746033,221,7
247,8.233333333333333,True,359.23809523809524,234.81746031746033,358.4841628959276,234.4660633484163,252,8
248,8.266666666666667,True,359.1752136752137,232.07264957264957,358.6709401709402,232.55217391304348,234,7
249,8.3,True,357.68695652173915,232.55217391304348,358.6709401709402,232.24358974358975,230,7
250,8.333333333333334,True,358.6709401709402,232.24358974358975,357.68695652173915,232.07264957264957,234,7
251,8.366666666666667,True,356.3399209486166,231.53754940711462,357.68695652173915,231.53754940711462,253,7
252,8.4,True,355.0708333333333,231.0375,356.8008849557522,231.0375,240,7
253,8.433333333333334,True,358.1434108527132,230.0891472868217,356.3399209486166,230.0891472868217,258,7
254,8.466666666666667,True,356.8008849557522,228.7433628318584,355.68918918918916,228.7433628318584,226,7
255,8.5,True,355.68918918918916,227.55855855855856,355.68918918918916,227.55855855855856,222,7
256,8.533333333333333,True,351.6561085972851,227.52941176470588,351.6561085972851,227.55855855855856,221,7
257,8.566666666666666,True,350.41706161137444,227.18957345971563,350.41706161137444,227.55855855855856,211,7
258,8.6,True,345.79059829059827,228.7136752136752,345.79059829059827,228.7136752136752,234,7
259,8.633333333333333,True,343.9655172413793,229.51724137931035,343.9655172413793,229.51724137931035,232,7
260,8.666666666666666,True,336.17283950617286,231.7119341563786,336.17283950617286,231.7119341563786,243,7
261,8.7,True,331.8616600790514,233.42687747035572,336.17283950617286,232.32038834951456,253,7
262,8.733333333333333,True,335.9695431472081,232.42131979695432,336.17283950617286,232.42131979695432,197,7
263,8.766666666666667,True,341.8252427184466,232.32038834951456,336.98604651162793,233.15384615384616,206,7
264,8.8,True,336.98604651162793,233.39069767441862,336.98604651162793,233.15384615384616,215,7
265,8.833333333333334,True,338.1373626373626,233.15384615384616,338.1373626373626,233.15384615384616,182,7
266,8.866666666666667,True,336.2886597938144,233.99484536082474,336.98604651162793,233.39069767441862,194,7
267,8.9,True,349.9948979591837,226.69387755102042,336.2886597938144,233.15384615384616,196,8
268,8.933333333333334,True,332.12669683257917,234.02262443438914,334.8,233.09756097560975,221,7
269,8.966666666666667,True,334.8,233.0857142857143,333.7219512195122,233.0857142857143,210,7
270,9.0,True,333.7219512195122,233.09756097560975,333.7219512195122,233.0857142857143,205,7
271,9.033333333333333,True,330.11737089201876,231.73708920187792,333.7219512195122,231.76855895196508,213,7
272,9.066666666666666,True,333.9502074688797,228.39004149377593,330.11737089201876,231.73708920187792,241,8
273,9.1,True,325.32751091703057,231.76855895196508,329.9364406779661,229.46610169491527,229,7
274,9.133333333333333,True,329.9364406779661,229.46610169491527,325.32751091703057,228.39004149377593,236,7
275,9.166666666666666,True,322.93333333333334,228.0,323.5875486381323,228.07782101167317,225,7
276,9.2,True,323.5875486381323,228.07782101167317,322.93333333333334,228.0,257,7
277,9.233333333333333,True,321.3901515151515,226.90530303030303,322.46014492753625,226.90530303030303,264,7
278,9.266666666666667,True,322.46014492753625,226.2644927536232,321.3901515151515,226.28996282527882,276,7
279,9.3,True,319.67657992565057,226.28996282527882,321.3901515151515,226.2644927536232,269,7
280,9.333333333333334,True,319.9730769230769,225.02692307692308,322.26748971193416,225.02692307692308,260,7
281,9.366666666666667,True,322.52789699570815,224.72961373390558,319.9730769230769,225.02692307692308,233,7
282,9.4,True,322.26748971193416,222.0082304526749,320.1490909090909,224.72961373390558,243,7
283,9.433333333333334,True,319.60791366906477,225.83812949640287,322.15503875968994,222.12363636363636,278,7
284,9.466666666666667,True,320.1490909090909,222.12363636363636,322.15503875968994,222.0082304526749,275,7
285,9.5,True,322.15503875968994,219.95736434108528,320.1490909090909,221.2,258,7
286,9.533333333333333,True,322.2629482071713,218.60557768924303,320.1490909090909,221.2,251,7
287,9.566666666666666,True,319.12083333333334,221.2,319.12083333333334,221.2,240,7
288,9.6,True,317.1377777777778,221.40444444444444,317.1377777777778,221.40444444444444,225,7
289,9.633333333333333,True,316.1313559322034,223.61864406779662,316.1313559322034,223.61864406779662,236,7
290,9.666666666666666,True,312.92672413793105,226.88362068965517,312.92672413793105,226.88362068965517,232,7
291,9.7,True,311.91101694915255,227.97881355932202,311.91101694915255,227.54273504273505,236,7
292,9.733333333333333,True,311.36752136752136,227.54273504273505,311.36752136752136,227.97881355932202,234,7
293,9.766666666666667,True,310.1614349775785,229.34080717488789,310.1614349775785,229.34080717488789,223,7
294,9.8,True,307.7878787878788,232.37229437229436,307.7878787878788,232.37229437229436,231,7
295,9.833333333333334,True,305.8502415458937,234.56038647342996,305.8502415458937,234.56038647342996,207,7
296,9.866666666666667,True,304.54716981132077,236.4009433962264,304.609865470852,236.4009433962264,212,7
297,9.9,True,302.49545454545455,238.45909090909092,304.54716981132077,236.57847533632287,220,7
298,9.933333333333334,True,304.609865470852,236.57847533632287,303.39170506912444,237.19354838709677,223,7
299,9.966666666666667,True,303.39170506912444,237.19354838709677,302.49545454545455,238.45909090909092,217,7
300,10.0,True,301.6386554621849,239.15126050420167,301.6386554621849,239.15126050420167,238,7
301,10.033333333333333,True,300.3073593073593,240.32034632034632,300.5887445887446,239.15126050420167,231,7
302,10.066666666666666,True,299.63524590163934,240.11065573770492,300.3073593073593,239.45535714285714,244,7
303,10.1,True,300.5887445887446,237.55844155844156,299.63524590163934,240.11065573770492,231,7
304,10.133333333333333,True,297.90625,239.45535714285714,297.90625,240.11065573770492,224,7
305,10.166666666666666,True,292.66141732283467,242.56692913385828,293.234375,241.80859375,254,7
306,10.2,True,293.234375,241.80859375,292.66141732283467,241.8153846153846,256,7
307,10.233333333333333,True,289.7567567567568,242.66409266409266,290.65384615384613,241.8153846153846,259,7
308,10.266666666666667,True,290.65384615384613,241.8153846153846,289.7567567567568,241.81124497991968,260,7
309,10.3,True,288.54618473895584,241.81124497991968,289.7567567567568,241.81124497991968,249,7
310,10.333333333333334,True,288.2801556420234,238.40856031128405,288.54618473895584,238.40856031128405,257,7
311,10.366666666666667,True,296.6413502109705,233.55696202531647,288.54618473895584,234.55555555555554,237,8
312,10.4,True,288.2350427350427,234.55555555555554,288.2801556420234,234.55555555555554,234,7
313,10.433333333333334,True,298.21888412017165,230.38197424892704,288.2350427350427,234.35146443514645,233,8
314,10.466666666666667,True,284.744,235.22,284.744,234.35146443514645,250,7
315,10.5,True,283.0962343096234,234.35146443514645,283.0962343096234,233.79338842975207,239,7
316,10.533333333333333,True,282.75206611570246,233.79338842975207,282.75206611570246,234.35146443514645,242,7
317,10.566666666666666,True,282.2348178137652,233.4331983805668,282.2348178137652,233.79338842975207,247,7
318,10.6,True,281.17063492063494,235.98809523809524,281.17063492063494,233.79338842975207,252,7
319,10.633333333333333,True,280.8811475409836,233.75819672131146,280.8811475409836,235.625,244,7
320,10.666666666666666,True,278.60887096774195,235.625,278.60887096774195,235.98809523809524,248,7
321,10.7,True,277.56666666666666,238.56666666666666,277.56666666666666,238.56666666666666,240,7
322,10.733333333333333,True,277.39406779661016,241.13135593220338,277.56666666666666,241.13135593220338,236,7
323,10.766666666666667,True,277.54655870445345,241.50607287449392,277.54655870445345,241.50607287449392,247,7
324,10.8,True,286.2008368200837,241.52719665271965,277.39406779661016,241.52719665271965,239,8
325,10.833333333333334,True,276.575,247.4625,276.96120689655174,247.4625,240,7
326,10.866666666666667,True,275.9059829059829,254.42307692307693,276.72251308900525,249.54450261780104,234,7
327,10.9,True,276.96120689655174,249.94827586206895,276.72251308900525,249.94827586206895,232,7
328,10.933333333333334,True,276.72251308900525,249.54450261780104,276.96120689655174,254.42307692307693,191,7
329,10.966666666666667,True,277.0362694300518,254.4663212435233,277.0362694300518,251.82142857142858,193,7
330,11.0,True,277.4225352112676,255.14084507042253,277.4225352112676,254.4663212435233,213,7
331,11.033333333333333,True,278.44897959183675,251.82142857142858,277.6061946902655,255.14084507042253,196,7
332,11.066666666666666,True,277.6078431372549,258.34313725490193,277.6078431372549,258.34313725490193,204,7
333,11.1,True,277.6061946902655,259.76106194690266,277.6078431372549,259.1078431372549,226,7
334,11.133333333333333,True,277.72058823529414,259.1078431372549,277.6061946902655,259.76106194690266,204,7
335,11.166666666666666,True,276.7981220657277,262.962441314554,276.7981220657277,259.76106194690266,213,7
336,11.2,True,276.5301724137931,261.7284482758621,276.73893805309734,261.7284482758621,232,7
337,11.233333333333333,True,276.73893805309734,259.0265486725664,276.5301724137931,262.962441314554,226,7
338,11.266666666666667,True,274.76653696498056,267.4124513618677,274.76653696498056,267.4124513618677,257,7
339,11.3,True,273.7312252964427,271.1897233201581,273.7312252964427,269.11475409836066,253,7
340,11.333333333333334,True,270.20081967213116,271.2172131147541,270.38524590163934,270.0740740740741,244,7
341,11.366666666666667,True,270.38524590163934,269.11475409836066,270.20081967213116,270.47014925373134,244,7
342,11.4,True,269.6831275720165,270.0740740740741,269.6831275720165,270.4486692015209,243,7
343,11.433333333333334,True,268.2761194029851,270.47014925373134,268.2761194029851,270.4486692015209,268,7
344,11.466666666666667,True,267.1749049429658,270.4486692015209,267.1749049429658,270.47014925373134,263,7
345,11.5,True,266.27685950413223,271.77685950413223,267.1749049429658,270.47014925373134,242,7
346,11.533333333333333,True,267.1417624521073,273.544061302682,267.1417624521073,271.144578313253,261,7
347,11.566666666666666,True,273.3533834586466,266.63157894736844,266.27685950413223,271.21771217712177,266,8
348,11.6,True,264.9718875502008,271.144578313253,264.9718875502008,271.21771217712177,249,7
349,11.633333333333333,True,262.44280442804427,271.21771217712177,263.22222222222223,271.21771217712177,271,7
350,11.666666666666666,True,263.22222222222223,272.264367816092,262.44280442804427,271.39629629629627,261,7
351,11.7,True,261.0380228136882,272.18631178707227,261.0380228136882,272.13709677419354,263,7
352,11.733333333333333,True,259.23333333333335,271.39629629629627,260.6371681415929,272.18631178707227,270,7
353,11.766666666666667,True,258.39112903225805,272.13709677419354,259.60655737704917,272.18631178707227,248,7
354,11.8,True,260.6371681415929,277.77433628318585,259.60655737704917,277.49590163934425,226,7
355,11.833333333333334,True,259.60655737704917,277.49590163934425,260.6371681415929,277.77433628318585,244,7
356,11.866666666666667,True,263.2345679012346,281.30452674897117,262.5813008130081,280.9268292682927,243,7
357,11.9,True,262.5813008130081,280.9268292682927,263.2345679012346,281.30452674897117,246,7
358,11.933333333333334,True,266.38524590163934,285.3196721311475,265.52444444444444,282.35555555555555,244,7
359,11.966666666666667,True,267.0,286.43388429752065,266.38524590163934,285.3196721311475,242,7
360,12.0,True,265.52444444444444,282.35555555555555,267.0,286.43388429752065,225,7
361,12.033333333333333,True,270.87916666666666,290.10833333333335,270.5660377358491,288.0188679245283,240,7
362,12.066666666666666,True,270.5660377358491,288.0188679245283,270.87916666666666,290.10833333333335,212,7
363,12.1,True,274.31111111111113,293.00888888888886,274.31111111111113,293.00888888888886,225,7
364,12.133333333333333,True,275.05454545454546,293.8636363636364,275.05454545454546,293.8636363636364,220,7
365,12.166666666666666,True,275.8086124401914,293.88038277511964,275.05454545454546,293.8636363636364,209,7
366,12.2,True,275.8557692307692,293.9182692307692,275.8086124401914,293.88038277511964,208,7
367,12.233333333333333,True,274.555,290.975,275.8557692307692,293.9182692307692,200,7
368,12.266666666666667,True,276.0689655172414,294.5418719211823,276.0689655172414,294.5418719211823,203,7
369,12.3,True,276.2908163265306,296.5051020408163,276.2908163265306,296.5051020408163,196,7
370,12.333333333333334,True,276.69957081545067,297.87124463519314,276.69957081545067,297.87124463519314,233,7
371,12.366666666666667,True,276.82978723404256,299.67659574468087,276.69957081545067,299.67659574468087,235,7
372,12.4,True,276.82894736842104,302.0701754385965,276.69957081545067,299.8991935483871,228,7
373,12.433333333333334,True,274.2217741935484,299.8991935483871,276.06048387096774,302.0701754385965,248,7
374,12.466666666666667,True,276.06048387096774,305.3991935483871,274.2217741935484,304.37984496124034,248,7
375,12.5,True,274.1511627906977,304.37984496124034,274.2168674698795,305.3991935483871,258,7
376,12.533333333333333,True,274.1532258064516,308.10483870967744,274.1532258064516,308.10483870967744,248,7
377,12.566666666666666,True,274.2168674698795,309.51807228915663,274.1511627906977,309.2248062015504,249,7
378,12.6,True,273.42248062015506,309.2248062015504,273.42248062015506,309.51807228915663,258,7
379,12.633333333333333,True,273.2984496124031,310.6046511627907,273.42248062015506,310.6046511627907,258,7
380,12.666666666666666,True,272.78472222222223,312.9548611111111,273.2984496124031,312.9548611111111,288,7
381,12.7,True,273.5607142857143,313.99285714285713,272.78472222222223,313.44802867383515,280,7
382,12.733333333333333,True,272.36559139784947,313.44802867383515,272.36559139784947,313.99285714285713,279,7
383,12.766666666666667,True,271.9501779359431,314.93594306049823,271.9501779359431,314.8735632183908,281,7
384,12.8,True,268.8544061302682,314.8735632183908,270.19272727272727,314.93594306049823,261,7
385,12.833333333333334,True,268.1042471042471,315.6332046332046,269.8014184397163,315.6332046332046,259,7
386,12.866666666666667,True,270.19272727272727,317.54545454545456,269.8014184397163,317.54545454545456,275,7
387,12.9,True,269.8014184397163,318.6276595744681,270.19272727272727,317.54545454545456,282,7
388,12.933333333333334,True,271.2279411764706,320.02941176470586,271.2279411764706,318.6276595744681,272,7
389,12.966666666666667,True,286.2623574144487,314.5551330798479,275.2289156626506,320.02941176470586,263,8
390,13.0,True,275.2289156626506,322.7590361445783,279.3905579399142,322.7590361445783,249,7
391,13.033333333333333,True,280.2352941176471,324.781512605042,280.2352941176471,324.781512605042,238,7
392,13.066666666666666,True,279.3905579399142,324.9699570815451,280.2352941176471,324.9699570815451,233,7
393,13.1,True,283.8296943231441,326.4541484716157,283.8296943231441,326.4541484716157,229,7
394,13.133333333333333,True,285.0892857142857,327.39732142857144,285.0892857142857,327.39732142857144,224,7
395,13.166666666666666,True,288.2289156626506,328.1526104417671,288.2289156626506,328.1526104417671,249,7
396,13.2,True,291.8185840707965,329.37610619469024,290.75,328.82456140350877,226,7
397,13.233333333333333,True,290.75,328.82456140350877,290.75,328.82456140350877,228,7
398,13.266666666666667,True,291.29646017699116,329.08849557522126,291.2772727272727,328.82456140350877,226,7
399,13.3,True,290.1732673267327,328.1485148514852,291.2772727272727,328.82456140350877,202,7
400,13.333333333333334,True,291.2772727272727,328.7818181818182,291.29646017699116,329.08849557522126,220,7
401,13.366666666666667,True,295.099173553719,330.8305785123967,294.030701754386,330.8305785123967,242,7
402,13.4,True,294.030701754386,330.9035087719298,295.099173553719,330.9035087719298,228,7
403,13.433333333333334,True,295.9958158995816,331.6610878661088,295.099173553719,331.6610878661088,239,7
404,13.466666666666667,True,295.10878661087867,333.31799163179915,295.10878661087867,333.26431718061673,239,7
405,13.5,True,292.7488986784141,333.26431718061673,295.9958158995816,333.31799163179915,227,7
406,13.533333333333333,True,297.0740740740741,336.9218106995885,297.0407407407407,336.9218106995885,243,7
407,13.566666666666666,True,297.0407407407407,338.2481481481482,297.0407407407407,338.2481481481482,270,7
408,13.6,True,298.07421875,341.10546875,297.0740740740741,341.10546875,256,7
409,13.633333333333333,True,296.3018867924528,342.51698113207544,297.4347826086956,342.51698113207544,265,7
410,13.666666666666666,True,297.4347826086956,344.9328063241107,298.07421875,344.9328063241107,253,7
411,13.7,True,298.27667984189725,345.300395256917,297.4347826086956,345.300395256917,253,7
412,13.733333333333333,True,302.7170418006431,346.9131832797428,298.27667984189725,345.300395256917,311,7
413,13.766666666666667,True,297.31451612903226,347.26612903225805,298.27667984189725,346.9131832797428,248,7
414,13.8,True,310.9683794466403,340.1501976284585,298.6653543307087,347.26612903225805,253,8
415,13.833333333333334,True,296.55230125523013,349.7071129707113,297.31451612903226,349.7071129707113,239,7
416,13.866666666666667,True,298.6653543307087,350.3031496062992,296.8598484848485,350.3031496062992,254,7
417,13.9,True,296.8598484848485,351.25,296.8598484848485,351.25,264,6
418,13.933333333333334,True,295.3939393939394,352.93939393939394,298.6653543307087,352.93939393939394,231,6
419,13.966666666666667,True,299.4108527131783,353.0,299.4108527131783,353.0,258,7
420,14.0,True,300.4124513618677,354.591439688716,300.4124513618677,354.47899159663865,257,7
421,14.033333333333333,True,302.34033613445376,354.47899159663865,302.34033613445376,354.591439688716,238,7
422,14.066666666666666,True,303.2669491525424,355.7118644067797,303.2669491525424,355.376,236,7
423,14.1,True,307.076,355.376,306.7466063348416,355.7118644067797,250,7
424,14.133333333333333,True,308.2893617021277,356.1446808510638,307.076,355.7118644067797,235,7
425,14.166666666666666,True,306.7466063348416,356.3031674208145,307.076,355.376,221,6
426,14.2,True,320.19545454545454,348.96363636363634,307.2067307692308,355.4182692307692,220,8
427,14.233333333333333,True,305.76681614349775,345.2869955156951,307.2067307692308,353.6470588235294,223,8
428,14.266666666666667,True,307.2067307692308,355.4182692307692,312.9453781512605,351.344696969697,208,7
429,14.3,True,312.9453781512605,353.6470588235294,312.9453781512605,351.6127450980392,238,7
430,14.333333333333334,True,320.3560606060606,351.344696969697,316.29333333333335,351.8177777777778,264,7
431,14.366666666666667,True,320.37254901960785,351.6127450980392,320.3560606060606,351.6127450980392,204,7
432,14.4,True,316.29333333333335,351.8177777777778,320.37254901960785,351.344696969697,225,7
433,14.433333333333334,True,323.5255102040816,350.7142857142857,321.6519607843137,350.7142857142857,196,7
434,14.466666666666667,True,321.6519607843137,350.6078431372549,323.5255102040816,350.7142857142857,204,7
435,14.5,True,324.6019417475728,350.126213592233,324.33014354066984,350.7142857142857,206,7
436,14.533333333333333,True,324.33014354066984,351.61722488038276,324.6019417475728,351.61722488038276,209,7
437,14.566666666666666,True,326.59447004608296,351.6728110599078,326.59447004608296,351.6728110599078,217,7
438,14.6,True,330.136186770428,351.83268482490274,330.136186770428,351.6728110599078,257,7
439,14.633333333333333,True,331.18490566037735,352.07924528301885,331.18490566037735,351.83268482490274,265,7
440,14.666666666666666,True,336.160447761194,351.5261194029851,331.25482625482624,352.07924528301885,268,7
441,14.7,True,333.1235059760956,353.9840637450199,331.9650655021834,353.9840637450199,251,7
442,14.733333333333333,True,331.25482625482624,355.1042471042471,333.00380228136885,355.1042471042471,259,7
443,14.766666666666667,True,331.9650655021834,359.12227074235807,331.9650655021834,357.47528517110266,229,7
444,14.8,True,333.00380228136885,357.47528517110266,331.9650655021834,359.12227074235807,263,7
445,14.833333333333334,True,330.47773279352225,361.65587044534414,332.0965250965251,361.65587044534414,247,7
446,14.866666666666667,True,332.0965250965251,362.7722007722008,333.00380228136885,361.9157509157509,259,7
447,14.9,True,334.6996336996337,361.9157509157509,332.2950819672131,362.7722007722008,273,7
448,14.933333333333334,True,335.12267657992567,363.2825278810409,332.2950819672131,363.2825278810409,269,7
449,14.966666666666667,True,332.2950819672131,366.82377049180326,333.66015625,366.82377049180326,244,7
450,15.0,True,332.25847457627117,368.3474576271187,333.66015625,367.86641221374043,236,7
451,15.033333333333333,True,333.66015625,369.0,333.66015625,368.3474576271187,256,7
452,15.066666666666666,True,335.2709923664122,367.86641221374043,335.2709923664122,368.6929133858268,262,7
453,15.1,True,336.87007874015745,368.6929133858268,336.87007874015745,368.6929133858268,254,7
454,15.133333333333333,True,337.63358778625957,369.3435114503817,337.63358778625957,367.86641221374043,262,7
455,15.166666666666666,True,341.1063829787234,365.8936170212766,341.1063829787234,366.6170212765957,235,7
456,15.2,True,342.4297872340426,366.6170212765957,342.4297872340426,365.8936170212766,235,7
457,15.233333333333333,True,345.0264317180617,363.9647577092511,345.0264317180617,363.9647577092511,227,7
458,15.266666666666667,True,346.890350877193,361.890350877193,345.64141414141415,362.6060606060606,228,7
459,15.3,True,345.64141414141415,362.6060606060606,346.890350877193,361.890350877193,198,7
460,15.333333333333334,True,350.16748768472905,356.8817733990148,347.28837209302327,358.446511627907,203,7
461,15.366666666666667,True,348.66359447004606,357.7649769585253,348.66359447004606,357.7649769585253,217,7
462,15.4,True,347.28837209302327,358.446511627907,350.16748768472905,356.8817733990148,215,7
463,15.433333333333334,True,352.7823834196891,351.36787564766837,351.0995024875622,352.32835820895525,193,7
464,15.466666666666667,True,352.7461139896373,351.01554404145077,352.41089108910893,351.36787564766837,193,7
465,15.5,True,351.0995024875622,352.32835820895525,352.7461139896373,351.01554404145077,201,7
466,15.533333333333333,True,352.41089108910893,350.66336633663366,352.7461139896373,350.66336633663366,202,7
467,15.566666666666666,True,355.6919431279621,347.4454976303318,355.6919431279621,348.5422222222222,211,7
468,15.6,True,356.05238095238093,347.56190476190477,355.6919431279621,348.5422222222222,210,7
469,15.633333333333333,True,356.6666666666667,348.5422222222222,356.05238095238093,347.56190476190477,225,7
470,15.666666666666666,True,355.2442396313364,350.0,356.6666666666667,347.56190476190477,217,7
471,15.7,True,359.174672489083,347.51965065502185,359.174672489083,347.51965065502185,229,7
472,15.733333333333333,True,361.2096774193548,346.78225806451616,361.2096774193548,346.8666666666667,248,7
473,15.766666666666667,True,365.38039215686274,343.5176470588235,364.3764705882353,346.8666666666667,255,7
474,15.8,True,364.3764705882353,346.8666666666667,365.38039215686274,346.8666666666667,255,7
475,15.833333333333334,True,366.1551724137931,347.14224137931035,365.8487394957983,347.14224137931035,232,7
476,15.866666666666667,True,365.8487394957983,350.1344537815126,366.1551724137931,348.7061224489796,238,7
477,15.9,True,367.0253164556962,348.8945147679325,367.0253164556962,348.8945147679325,237,7
478,15.933333333333334,True,370.3591836734694,348.7061224489796,369.6652360515021,350.1344537815126,245,7
479,15.966666666666667,True,369.6652360515021,351.2360515021459,369.76126126126127,351.2360515021459,233,7
480,16.0,True,369.76126126126127,354.1666666666667,370.3591836734694,353.6398305084746,222,7
481,16.033333333333335,True,372.6186440677966,353.6398305084746,372.6186440677966,354.1666666666667,236,7
482,16.066666666666666,True,373.26229508196724,355.80737704918033,373.26229508196724,354.35510204081635,244,7
483,16.1,True,373.55102040816325,354.35510204081635,373.55102040816325,354.35510204081635,245,7
484,16.133333333333333,True,375.1007751937984,355.57751937984494,375.1007751937984,354.83982683982686,258,7
485,16.166666666666668,True,375.9094827586207,353.0301724137931,375.9094827586207,354.35510204081635,232,7
486,16.2,True,376.0779220779221,354.83982683982686,376.0779220779221,353.0301724137931,231,7
487,16.233333333333334,True,378.8838174273859,352.8464730290456,378.32710280373834,352.8464730290456,241,7
488,16.266666666666666,True,378.32710280373834,351.3644859813084,378.8838174273859,351.3644859813084,214,7
489,16.3,True,380.2352941176471,348.0735294117647,380.2352941176471,348.0735294117647,204,7
490,16.333333333333332,True,381.0287081339713,347.74162679425837,380.8457711442786,347.74162679425837,209,7
491,16.366666666666667,True,380.8457711442786,343.9800995024876,380.8457711442786,346.0518134715026,201,7
492,16.4,True,381.0,346.0518134715026,380.8457711442786,343.9800995024876,193,7
493,16.433333333333334,True,380.6649214659686,342.4659685863874,380.6649214659686,342.4659685863874,191,7
494,16.466666666666665,True,380.40776699029124,340.8398058252427,380.40776699029124,341.6277777777778,206,7
495,16.5,True,380.02222222222224,341.6277777777778,380.02222222222224,341.6277777777778,180,7
496,16.533333333333335,True,379.5279187817259,334.55837563451774,379.5279187817259,340.8398058252427,197,7
497,16.566666666666666,True,378.65,342.185,378.65,336.3728813559322,200,7
498,16.6,True,378.20540540540543,336.1135135135135,378.20540540540543,336.1135135135135,185,7
499,16.633333333333333,True,377.54237288135596,336.3728813559322,377.54237288135596,336.3728813559322,177,7
500,16.666666666666668,True,377.3020833333333,334.9270833333333,377.54237288135596,336.1135135135135,192,7
501,16.7,True,376.3592233009709,338.9854368932039,377.54237288135596,334.9270833333333,206,7
502,16.733333333333334,True,377.7967032967033,326.8131868131868,377.7967032967033,332.9197860962567,182,7
503,16.766666666666666,True,377.96256684491976,332.9197860962567,377.7967032967033,331.92432432432435,187,7
504,16.8,True,378.56216216216217,331.92432432432435,377.96256684491976,326.8131868131868,185,7
505,16.833333333333332,True,373.1485148514852,319.1732673267327,378.56216216216217,325.3785046728972,202,8
506,16.866666666666667,True,380.9299065420561,325.3785046728972,380.9299065420561,321.43497757847535,214,7
507,16.9,True,383.3811659192825,321.43497757847535,382.8099173553719,321.3471074380165,223,7
508,16.933333333333334,True,382.8099173553719,321.3471074380165,383.3811659192825,321.3471074380165,242,7
509,16.966666666666665,True,385.1066666666667,319.37333333333333,385.1066666666667,319.37333333333333,225,7
510,17.0,True,385.77911646586347,316.5140562248996,385.77911646586347,318.46288209606985,249,7
511,17.033333333333335,True,387.72052401746726,318.46288209606985,387.72052401746726,318.35983263598325,229,7
512,17.066666666666666,True,388.74058577405856,318.35983263598325,388.74058577405856,318.35983263598325,239,7
513,17.1,True,388.7607655502392,317.11961722488036,388.7607655502392,318.46288209606985,209,7
514,17.133333333333333,True,390.72222222222223,319.06481481481484,390.72222222222223,319.06481481481484,216,7
515,17.166666666666668,True,391.0528455284553,319.3821138211382,391.0528455284553,319.15725806451616,246,7
516,17.2,True,393.2741935483871,319.15725806451616,393.2741935483871,319.3821138211382,248,7
517,17.233333333333334,True,394.09302325581393,321.1162790697674,393.2741935483871,319.3821138211382,258,7
518,17.266666666666666,True,394.97058823529414,319.39495798319325,393.2741935483871,319.15725806451616,238,7
519,17.3,True,393.03982300884957,317.7300884955752,393.03982300884957,317.7300884955752,226,7
520,17.333333333333332,True,392.0083333333333,313.40833333333336,393.03982300884957,315.24747474747477,240,7
521,17.366666666666667,True,390.8613445378151,310.3235294117647,392.0083333333333,313.40833333333336,238,7
522,17.4,True,396.25757575757575,315.24747474747477,390.8613445378151,310.3235294117647,198,7
523,17.433333333333334,True,389.39170506912444,307.926267281106,390.5188679245283,307.926267281106,217,7
524,17.466666666666665,True,390.5188679245283,307.79716981132077,389.39170506912444,307.79716981132077,212,7
525,17.5,True,388.0599078341014,306.21198156682027,388.0599078341014,306.21198156682027,217,7
526,17.533333333333335,True,386.929203539823,304.27433628318585,386.929203539823,306.1372549019608,226,7
527,17.566666666666666,True,386.50970873786406,305.1407766990291,386.6029411764706,306.1372549019608,206,7
528,17.6,True,386.6029411764706,306.1372549019608,386.50970873786406,305.1407766990291,204,7
529,17.633333333333333,True,386.1485148514852,306.8910891089109,386.1485148514852,305.1407766990291,202,7
530,17.666666666666668,True,378.2644230769231,296.89903846153845,380.98857142857145,301.45142857142855,208,7
531,17.7,True,380.98857142857145,301.45142857142855,379.0833333333333,299.4117647058824,175,7
532,17.733333333333334,True,379.0833333333333,299.4117647058824,379.0833333333333,299.4117647058824,204,7
533,17.766666666666666,True,378.5879120879121,298.96153846153845,380.98857142857145,299.4117647058824,182,7
534,17.8,True,381.5057471264368,303.42528735632186,379.0833333333333,298.96153846153845,174,7
535,17.833333333333332,True,393.64406779661016,287.135593220339,378.5879120879121,292.5291005291005,177,8
536,17.866666666666667,True,375.8042328042328,292.5291005291005,377.12935323383084,292.2835820895522,189,7
537,17.9,True,377.12935323383084,292.2835820895522,376.4162679425837,290.488038277512,201,7
538,17.933333333333334,True,376.4162679425837,290.488038277512,376.4162679425837,290.488038277512,209,7
539,17.966666666666665,True,376.390243902439,287.66829268292685,376.68981481481484,287.66829268292685,205,7
540,18.0,True,376.68981481481484,286.0925925925926,376.68981481481484,286.0925925925926,216,7
541,18.033333333333335,True,377.46320346320346,286.05627705627705,377.2575107296137,286.05627705627705,231,7
542,18.066666666666666,True,378.2122641509434,284.72641509433964,377.46320346320346,284.72641509433964,212,7
543,18.1,True,377.2575107296137,281.8841201716738,377.52466367713004,281.88990825688074,233,7
544,18.133333333333333,True,377.52466367713004,280.4932735426009,378.2122641509434,281.8841201716738,223,7
545,18.166666666666668,True,380.98623853211006,281.88990825688074,380.08035714285717,280.4932735426009,218,7
546,18.2,True,380.08035714285717,278.69642857142856,380.98623853211006,280.3,224,7
547,18.233333333333334,True,381.9116279069767,278.63255813953486,380.98623853211006,279.3256880733945,215,7
548,18.266666666666666,True,384.55,280.3,380.771186440678,278.69642857142856,200,7
549,18.3,True,380.26146788990826,279.3256880733945,381.8,278.63255813953486,218,7
550,18.333333333333332,True,380.771186440678,277.14406779661016,380.771186440678,277.27906976744185,236,7
551,18.366666666666667,True,381.8,277.27906976744185,380.4841628959276,277.14406779661016,215,7
552,18.4,True,379.74766355140184,275.9158878504673,380.4841628959276,275.9158878504673,214,7
553,18.433333333333334,True,380.4841628959276,274.27149321266967,379.74766355140184,274.27149321266967,221,7
554,18.466666666666665,True,378.89639639639637,273.4189189189189,379.3580786026201,273.4189189189189,222,7
555,18.5,True,379.3580786026201,272.3886462882096,378.89639639639637,272.3886462882096,229,7
556,18.533333333333335,True,376.5,271.1926605504587,376.5,271.1926605504587,218,7
557,18.566666666666666,True,372.8472906403941,269.30049261083747,372.969696969697,269.35353535353534,203,7
558,18.6,True,372.969696969697,269.35353535353534,372.8472906403941,269.30049261083747,198,7
559,18.633333333333333,True,371.37735849056605,268.66509433962267,371.37735849056605,268.66509433962267,212,7
560,18.666666666666668,True,366.25925925925924,267.7962962962963,366.25925925925924,268.4809523809524,216,7
561,18.7,True,363.52153110047846,266.88038277511964,366.24285714285713,268.43243243243245,209,7
562,18.733333333333334,True,366.24285714285713,268.4809523809524,365.23783783783784,267.7962962962963,210,7
563,18.766666666666666,True,365.23783783783784,268.43243243243245,363.52153110047846,267.132183908046,185,7
564,18.8,True,360.07065217391306,266.8369565217391,360.07065217391306,267.132183908046,184,7
565,18.833333333333332,True,359.8448275862069,267.132183908046,359.8448275862069,266.8369565217391,174,7
566,18.866666666666667,True,355.87005649717514,265.5819209039548,357.4182692307692,266.5480769230769,177,7
567,18.9,True,356.08762886597935,265.5618556701031,356.08762886597935,265.5819209039548,194,7
568,18.933333333333334,True,357.4182692307692,266.5480769230769,355.87005649717514,265.5618556701031,208,7
569,18.966666666666665,True,354.49756097560976,264.3951219512195,355.8252427184466,264.42233009708735,205,7
570,19.0,True,355.8252427184466,264.42233009708735,354.94,264.3951219512195,206,7
571,19.033333333333335,True,352.45739910313904,261.60538116591925,354.49756097560976,261.81,223,7
572,19.066666666666666,True,354.94,261.81,352.45739910313904,261.60538116591925,200,7
573,19.1,True,350.6728110599078,259.4009216589862,352.45739910313904,259.45454545454544,217,7
574,19.133333333333333,True,352.0382775119617,259.45454545454544,352.0382775119617,259.4009216589862,209,7
575,19.166666666666668,True,358.55128205128204,253.34188034188034,350.6728110599078,256.64414414414415,234,8
576,19.2,True,349.47297297297297,256.64414414414415,349.60833333333335,253.78333333333333,222,7
577,19.233333333333334,True,349.1210762331838,253.74887892376682,349.47297297297297,253.74887892376682,223,7
578,19.266666666666666,True,349.60833333333335,253.78333333333333,349.4008620689655,253.74887892376682,240,7
579,19.3,True,349.4008620689655,252.22844827586206,349.1210762331838,252.22844827586206,232,7
580,19.333333333333332,True,349.057268722467,251.23788546255506,349.057268722467,251.3920704845815,227,7
581,19.366666666666667,True,347.81497797356826,251.3920704845815,349.057268722467,251.23788546255506,227,7
582,19.4,True,348.5646551724138,250.6206896551724,349.057268722467,250.6206896551724,232,7
583,19.433333333333334,True,351.4763779527559,249.92125984251967,351.4763779527559,249.92125984251967,254,7
584,19.466666666666665,True,361.44573643410854,244.35658914728683,351.4763779527559,247.86695278969958,258,8
585,19.5,True,351.90557939914163,247.86695278969958,351.4763779527559,247.54298642533936,233,7
586,19.533333333333335,True,348.8009049773756,247.54298642533936,348.8009049773756,247.3711790393013,221,7
587,19.566666666666666,True,347.43333333333334,246.975,347.43333333333334,247.3711790393013,240,7
588,19.6,True,345.07423580786025,247.3711790393013,345.57077625570776,247.14864864864865,229,7
589,19.633333333333333,True,345.57077625570776,246.10502283105023,345.07423580786025,246.975,219,7
590,19.666666666666668,True,340.44594594594594,247.14864864864865,340.44594594594594,247.14864864864865,222,7
591,19.7,True,340.12785388127855,246.65753424657535,340.12785388127855,247.14864864864865,219,7
592,19.733333333333334,True,336.7692307692308,248.31196581196582,336.7692307692308,248.31196581196582,234,7
593,19.766666666666666,True,334.926267281106,249.68663594470047,335.0820512820513,249.68663594470047,217,7
594,19.8,True,332.0787037037037,250.46759259259258,335.0820512820513,250.27179487179487,216,7
595,19.833333333333332,True,335.0820512820513,250.27179487179487,334.926267281106,250.46715328467153,195,7
596,19.866666666666667,True,338.3211678832117,250.46715328467153,332.8514851485148,250.46759259259258,274,7
597,19.9,True,332.2826086956522,252.22826086956522,332.8514851485148,252.22826086956522,184,7
598,19.933333333333334,True,332.8514851485148,252.53960396039605,332.76262626262627,252.53960396039605,202,7
599,19.966666666666665,True,332.76262626262627,253.2171717171717,332.2826086956522,253.2171717171717,198,7
600,20.0,True,329.25728155339806,254.2378640776699,329.27570093457945,254.0467289719626,206,7
601,20.033333333333335,True,329.27570093457945,254.0467289719626,329.25728155339806,254.0467289719626,214,7
602,20.066666666666666,True,326.4488888888889,254.14666666666668,328.67727272727274,254.0467289719626,225,7
603,20.1,True,328.67727272727274,253.50454545454545,326.4488888888889,254.0467289719626,220,7
604,20.133333333333333,True,324.172131147541,253.5,324.172131147541,253.50454545454545,244,7
605,20.166666666666668,True,321.030303030303,254.22510822510822,322.3047210300429,253.5,231,7
606,20.2,True,322.3047210300429,251.84978540772534,321.030303030303,251.93410852713177,233,7
607,20.233333333333334,True,318.7751937984496,251.93410852713177,319.0355731225296,251.84978540772534,258,7
608,20.266666666666666,True,318.72803347280336,249.05857740585773,318.7751937984496,249.39525691699606,239,7
609,20.3,True,319.0355731225296,249.39525691699606,318.72803347280336,249.05857740585773,253,7
610,20.333333333333332,True,313.6,248.80392156862746,314.38759689922483,248.80392156862746,255,7
611,20.366666666666667,True,313.9877551020408,247.4938775510204,313.9877551020408,247.4938775510204,245,7
612,20.4,True,314.38759689922483,246.06201550387595,313.6,246.46768060836501,258,7
613,20.433333333333334,True,312.68821292775664,246.46768060836501,312.68821292775664,246.06201550387595,263,7
614,20.466666666666665,True,312.1115702479339,244.77272727272728,312.1115702479339,244.77868852459017,242,7
615,20.5,True,311.9714285714286,243.78775510204082,312.1115702479339,244.77272727272728,245,7
616,20.533333333333335,True,310.3893442622951,244.77868852459017,312.1115702479339,243.78775510204082,244,7
617,20.566666666666666,True,313.5076923076923,243.08076923076922,311.9714285714286,243.78775510204082,260,7
618,20.6,True,312.6192468619247,240.7489539748954,311.29583333333335,243.08076923076922,239,7
619,20.633333333333333,True,308.992673992674,247.1098901098901,311.29583333333335,241.78333333333333,273,7
620,20.666666666666668,True,311.29583333333335,241.78333333333333,309.88188976377955,241.78333333333333,240,7
621,20.7,True,309.88188976377955,241.56299212598427,308.992673992674,243.61764705882354,254,7
622,20.733333333333334,True,307.0,243.61764705882354,307.0,243.61764705882354,272,7
623,20.766666666666666,True,305.9191489361702,245.13191489361702,305.9191489361702,245.13191489361702,235,7
624,20.8,True,302.8051948051948,249.5887445887446,305.9191489361702,249.5887445887446,231,7
625,20.833333333333332,True,301.98268398268397,251.74891774891776,304.1984126984127,250.53174603174602,231,7
626,20.866666666666667,True,309.29767441860463,250.56279069767442,302.8051948051948,250.56279069767442,215,8
627,20.9,True,304.1984126984127,250.53174603174602,301.98268398268397,251.74891774891776,252,7
628,20.933333333333334,True,298.8070175438597,257.7675438596491,298.9490740740741,257.7675438596491,228,7
629,20.966666666666665,True,296.88584474885846,260.93607305936075,298.9490740740741,258.73059360730593,219,7
630,21.0,True,298.9490740740741,259.25925925925924,298.8070175438597,259.25925925925924,216,7
631,21.033333333333335,True,299.60730593607303,258.73059360730593,297.4413145539906,260.93607305936075,219,7
632,21.066666666666666,True,297.4413145539906,261.6056338028169,297.4413145539906,261.6056338028169,213,7
633,21.1,True,297.1276595744681,262.81702127659577,297.1276595744681,262.81702127659577,235,7
634,21.133333333333333,True,296.7296137339056,263.862660944206,296.7296137339056,263.862660944206,233,7
635,21.166666666666668,True,294.58590308370043,265.488986784141,294.58590308370043,264.8425925925926,227,7
636,21.2,True,293.81944444444446,264.8425925925926,293.81944444444446,264.8425925925926,216,7
637,21.233333333333334,True,290.9128630705394,266.6348547717842,290.9294117647059,265.488986784141,241,7
638,21.266666666666666,True,290.9294117647059,264.8313725490196,290.9128630705394,266.6348547717842,255,7
639,21.3,True,287.8844621513944,267.31075697211156,287.8844621513944,266.95785440613025,251,7
640,21.333333333333332,True,286.05809128630705,268.4896265560166,286.05809128630705,266.95785440613025,241,7
641,21.366666666666667,True,284.81609195402297,266.95785440613025,286.05809128630705,267.31075697211156,261,7
642,21.4,True,284.52830188679246,266.0679245283019,284.81609195402297,267.24907063197026,265,7
643,21.433333333333334,True,290.81481481481484,268.9592592592593,284.52830188679246,266.95785440613025,270,8
644,21.466666666666665,True,279.7620817843866,267.24907063197026,280.9486166007905,266.0679245283019,269,7
645,21.5,True,280.9486166007905,264.4782608695652,279.7620817843866,266.7732793522267,253,7
646,21.533333333333335,True,278.176,265.064,278.176,265.87258687258685,250,7
647,21.566666666666666,True,277.01214574898785,266.7732793522267,277.3127413127413,265.064,247,7
648,21.6,True,277.3127413127413,265.87258687258685,277.01214574898785,265.064,259,7
649,21.633333333333333,True,276.2608695652174,263.90942028985506,276.2608695652174,263.90942028985506,276,7
650,21.666666666666668,True,275.4226804123711,263.8109965635739,275.4226804123711,263.8109965635739,291,7
651,21.7,True,274.95864661654133,261.20676691729324,274.95864661654133,262.68913857677904,266,7
652,21.733333333333334,True,274.2189781021898,261.59124087591243,274.2189781021898,262.68913857677904,274,7
653,21.766666666666666,True,273.83895131086143,262.68913857677904,273.83895131086143,262.68913857677904,267,7
654,21.8,True,273.0769230769231,265.6842105263158,273.0769230769231,265.6842105263158,247,7
655,21.833333333333332,True,271.46992481203006,269.35714285714283,271.46992481203006,269.35714285714283,266,7
656,21.866666666666667,True,270.7142857142857,271.60714285714283,271.46992481203006,271.60714285714283,252,7
657,21.9,True,270.76229508196724,273.1475409836066,271.46992481203006,273.1475409836066,244,7
658,21.933333333333334,True,271.6798418972332,275.1620553359684,271.6798418972332,275.1620553359684,253,7
659,21.966666666666665,True,272.1941391941392,281.959706959707,272.1941391941392,281.57707509881425,273,7
660,22.0,True,272.44444444444446,282.48809523809524,272.44444444444446,281.57707509881425,252,7
661,22.033333333333335,True,273.09486166007906,281.57707509881425,273.09486166007906,281.959706959707,253,7
662,22.066666666666666,True,275.0936329588015,276.21722846441946,274.4423076923077,282.48809523809524,267,7
663,22.1,True,274.4423076923077,284.4519230769231,275.0936329588015,282.0353535353535,208,7
664,22.133333333333333,True,275.0990990990991,285.48198198198196,275.0990990990991,284.4519230769231,222,7
665,22.166666666666668,True,275.74747474747477,282.0353535353535,275.6183574879227,285.48198198198196,198,7
666,22.2,True,275.6847290640394,288.0935960591133,275.6183574879227,288.0935960591133,203,7
667,22.233333333333334,True,275.6183574879227,288.85990338164254,275.6183574879227,288.85990338164254,207,7
668,22.266666666666666,True,275.4708520179372,289.2421524663677,275.4708520179372,289.2421524663677,223,7
669,22.3,True,274.99557522123894,292.5973451327434,274.99557522123894,292.5973451327434,226,7
670,22.333333333333332,True,273.0197044334975,298.51724137931035,273.0197044334975,298.4266666666667,203,7
671,22.366666666666667,True,272.76444444444445,298.4266666666667,272.76444444444445,298.51724137931035,225,7
672,22.4,True,272.0329218106996,298.7654320987654,272.0329218106996,298.7654320987654,243,7
673,22.433333333333334,True,271.49794238683126,298.82716049382714,271.49794238683126,298.7654320987654,243,7
674,22.466666666666665,True,269.73617021276596,298.9191489361702,269.91984732824426,298.82716049382714,235,7
675,22.5,True,269.91984732824426,297.53053435114504,269.73617021276596,298.9191489361702,262,7
676,22.533333333333335,True,269.2888888888889,303.43333333333334,269.2888888888889,301.81889763779526,270,7
677,22.566666666666666,True,268.5207547169811,302.7811320754717,268.5207547169811,302.13703703703703,265,7
678,22.6,True,266.0787401574803,301.81889763779526,266.0787401574803,302.7811320754717,254,7
679,22.633333333333333,True,266.06666666666666,302.13703703703703,266.06666666666666,302.13703703703703,270,7
680,22.666666666666668,True,264.5851063829787,303.6914893617021,266.06666666666666,302.0864661654135,282,7
681,22.7,True,262.9661654135338,302.0864661654135,264.5851063829787,302.13703703703703,266,7
682,22.733333333333334,True,283.7153846153846,290.3615384615385,262.9661654135338,302.5232558139535,260,8
683,22.766666666666666,True,261.1162790697674,302.5232558139535,261.1162790697674,302.0864661654135,258,7
684,22.8,True,260.43609022556393,302.69924812030075,260.43609022556393,302.5232558139535,266,7
685,22.833333333333332,True,258.4576923076923,301.90384615384613,258.86785714285713,302.69924812030075,260,7
686,22.866666666666667,True,258.66409266409266,303.2857142857143,258.66409266409266,303.2857142857143,259,7
687,22.9,True,258.86785714285713,304.87142857142857,258.66409266409266,304.87142857142857,280,7
688,22.933333333333334,True,258.0425531914894,306.1985815602837,258.86785714285713,306.1985815602837,282,7
689,22.966666666666665,True,259.2738095238095,310.6190476190476,259.2738095238095,310.6190476190476,252,7
690,23.0,True,261.83396226415095,313.70566037735847,261.5668016194332,313.70566037735847,265,7
691,23.033333333333335,True,261.5668016194332,313.7368421052632,261.83396226415095,313.7368421052632,247,7
692,23.066666666666666,True,262.0284552845528,314.2520325203252,262.0284552845528,314.2520325203252,246,7
693,23.1,True,264.13304721030045,317.18454935622316,264.13304721030045,317.18454935622316,233,7
694,23.133333333333333,True,267.09251101321587,321.07929515418505,267.09251101321587,319.798353909465,227,7
695,23.166666666666668,True,267.5569105691057,321.5081300813008,267.1522633744856,321.07929515418505,246,7
696,23.2,True,267.1522633744856,319.798353909465,267.5569105691057,321.5081300813008,243,7
697,23.233333333333334,True,271.8663594470046,327.71889400921657,269.7400881057269,324.20704845814976,217,7
698,23.266666666666666,True,269.7400881057269,324.20704845814976,269.7400881057269,325.60287081339715,227,7
699,23.3,True,272.0042553191489,327.7617021276596,271.4260869565217,327.18695652173915,235,7
700,23.333333333333332,True,269.6267942583732,325.60287081339715,271.40084388185653,327.18695652173915,209,7
701,23.366666666666667,True,271.4260869565217,327.18695652173915,271.4260869565217,327.7617021276596,230,7
702,23.4,True,271.40084388185653,329.65822784810126,271.4260869565217,329.65822784810126,237,7
703,23.433333333333334,True,271.57471264367814,330.3103448275862,271.4260869565217,330.3103448275862,261,7
704,23.466666666666665,True,271.7037037037037,332.81069958847735,271.57471264367814,332.6929133858268,243,7
705,23.5,True,270.68503937007875,332.6929133858268,271.57471264367814,332.81069958847735,254,7
706,23.533333333333335,True,271.68359375,337.66796875,270.8215767634855,337.63257575757575,256,7
707,23.566666666666666,True,270.8215767634855,337.92946058091286,270.8215767634855,337.66796875,241,7
708,23.6,True,268.64772727272725,337.63257575757575,270.8215767634855,337.92946058091286,264,7
709,23.633333333333333,True,271.156,341.356,268.64772727272725,341.356,250,7
710,23.666666666666668,True,268.30483271375465,343.2342007434944,268.30483271375465,343.2342007434944,269,7
711,23.7,True,268.0848708487085,345.31365313653134,268.0848708487085,344.2261904761905,271,7
712,23.733333333333334,True,266.6031746031746,344.2261904761905,266.9490196078431,345.31365313653134,252,7
713,23.766666666666666,True,266.9490196078431,346.1843137254902,266.6031746031746,346.1843137254902,255,7
714,23.8,True,266.43971631205676,347.0886524822695,266.43971631205676,347.0886524822695,282,7
715,23.833333333333332,True,263.0,347.6301886792453,264.721568627451,347.6301886792453,265,7
716,23.866666666666667,True,264.6219512195122,348.0894308943089,264.6219512195122,348.0894308943089,246,7
717,23.9,True,264.721568627451,348.91764705882355,264.559670781893,348.91764705882355,255,7
718,23.933333333333334,True,264.559670781893,350.1934156378601,264.559670781893,350.1934156378601,243,7
719,23.966666666666665,True,263.49603174603175,351.48809523809524,264.559670781893,351.48809523809524,252,7
720,24.0,True,263.92075471698115,353.5018867924528,264.559670781893,353.5018867924528,265,7
721,24.033333333333335,True,265.8768656716418,355.4179104477612,265.8768656716418,355.4179104477612,268,7
722,24.066666666666666,True,268.15302491103205,357.12455516014234,268.15302491103205,357.12455516014234,281,7
723,24.1,True,269.164,358.352,269.164,358.352,250,7
724,24.133333333333333,True,272.44769874476987,359.907949790795,272.44769874476987,359.907949790795,239,7
725,24.166666666666668,True,272.81779661016947,360.45338983050846,272.81779661016947,360.45338983050846,236,7
726,24.2,True,276.43724696356276,361.3927125506073,276.43724696356276,361.3927125506073,247,7
727,24.233333333333334,True,278.5063829787234,362.13617021276593,278.32850241545896,361.9869565217391,235,7
728,24.266666666666666,True,278.7869565217391,361.9869565217391,278.5063829787234,362.13617021276593,230,7
729,24.3,True,278.32850241545896,362.6038647342995,278.7869565217391,362.6038647342995,207,7
730,24.333333333333332,True,283.17283950617286,363.48559670781896,280.66497461928935,362.6038647342995,243,7
731,24.366666666666667,True,282.25233644859816,362.99532710280374,282.25233644859816,362.99532710280374,214,7
732,24.4,True,280.66497461928935,356.51269035532994,283.17283950617286,363.48559670781896,197,8
733,24.433333333333334,True,298.1788990825688,367.3211009174312,286.92857142857144,364.34453781512605,218,8
734,24.466666666666665,True,297.6589861751152,367.0921658986175,288.84234234234236,366.15765765765764,217,8
735,24.5,True,286.92857142857144,364.34453781512605,288.84234234234236,366.15765765765764,238,7
736,24.533333333333335,True,288.84234234234236,366.15765765765764,286.94372294372295,366.15765765765764,222,7
737,24.566666666666666,True,286.94372294372295,365.991341991342,286.94372294372295,366.15765765765764,231,7
738,24.6,True,286.3941908713693,367.66390041493776,288.84234234234236,367.66390041493776,241,7
739,24.633333333333333,True,291.3404255319149,370.8212765957447,289.201581027668,370.81327800829877,235,7
740,24.666666666666668,True,289.6929460580913,370.81327800829877,289.201581027668,370.8212765957447,241,7
741,24.7,True,289.201581027668,372.3636363636364,289.201581027668,372.3636363636364,253,7
742,24.733333333333334,True,289.18840579710144,373.8333333333333,289.18840579710144,373.8333333333333,276,7
743,24.766666666666666,True,288.0674603174603,375.5833333333333,288.87951807228916,375.5833333333333,252,7
744,24.8,True,287.2689393939394,376.5265151515151,288.0674603174603,376.5265151515151,264,7
745,24.833333333333332,True,288.87951807228916,378.68674698795184,288.0674603174603,378.68674698795184,249,7
746,24.866666666666667,True,286.81781376518217,381.26720647773277,288.87951807228916,381.26720647773277,247,7
747,24.9,True,288.98854961832063,382.9503816793893,288.98854961832063,382.8169014084507,262,7
748,24.933333333333334,True,290.11619718309856,382.8169014084507,288.98854961832063,382.9503816793893,284,7
749,24.966666666666665,True,290.3625954198473,384.3167938931298,288.98854961832063,383.99619771863115,262,7
750,25.0,True,287.9505703422053,383.99619771863115,289.34615384615387,384.3167938931298,263,6
751,25.033333333333335,True,286.4220532319392,386.22433460076047,288.02973977695166,386.1038461538462,263,6
752,25.066666666666666,True,289.34615384615387,386.1038461538462,288.02973977695166,386.22433460076047,260,7
753,25.1,True,288.02973977695166,387.6542750929368,289.34615384615387,387.41434262948206,269,7
754,25.133333333333333,True,291.57370517928285,387.41434262948206,291.57370517928285,387.6542750929368,251,7
755,25.166666666666668,True,292.1725352112676,388.71830985915494,292.1725352112676,387.6542750929368,284,7
756,25.2,True,293.5708333333333,389.2875,293.5708333333333,388.71830985915494,240,7
757,25.233333333333334,True,310.038961038961,378.4069264069264,298.51072961373393,388.71830985915494,231,8
758,25.266666666666666,True,298.51072961373393,389.15450643776825,300.45064377682405,388.54077253218884,233,7
759,25.3,True,300.45064377682405,388.54077253218884,302.53982300884957,387.7654867256637,233,7
760,25.333333333333332,True,306.5857142857143,387.1857142857143,302.53982300884957,388.26341463414633,210,6
761,25.366666666666667,True,302.53982300884957,387.7654867256637,303.1951219512195,387.7654867256637,226,6
762,25.4,True,303.1951219512195,388.26341463414633,306.5857142857143,387.1857142857143,205,7
763,25.433333333333334,True,312.8595041322314,384.59504132231405,308.2054794520548,386.0091324200913,242,7
764,25.466666666666665,True,308.2054794520548,386.0091324200913,312.8595041322314,384.59504132231405,219,7
765,25.5,True,313.2436974789916,384.26050420168065,313.2436974789916,384.26050420168065,238,7
766,25.533333333333335,True,315.43700787401576,383.20866141732284,314.2122448979592,383.20866141732284,254,7
767,25.566666666666666,True,315.0769230769231,383.03643724696354,314.9380530973451,383.20866141732284,247,7
768,25.6,True,314.2122448979592,383.2081632653061,314.94835680751174,383.20866141732284,245,7
769,25.633333333333333,True,314.9380530973451,384.00442477876106,314.94835680751174,384.00442477876106,226,7
770,25.666666666666668,True,314.94835680751174,384.36150234741785,314.94835680751174,384.1219512195122,213,7
771,25.7,True,315.8211382113821,384.1219512195122,315.8211382113821,384.36150234741785,246,7
772,25.733333333333334,True,321.06048387096774,384.72983870967744,319.03053435114504,384.72983870967744,248,7
773,25.766666666666666,True,319.03053435114504,385.7175572519084,320.5546875,385.7175572519084,262,7
774,25.8,True,320.5546875,386.58984375,321.06048387096774,386.58984375,256,7
775,25.833333333333332,True,322.1245283018868,387.22264150943397,322.1245283018868,387.22264150943397,265,7
776,25.866666666666667,True,323.53731343283584,388.3955223880597,323.53731343283584,388.3955223880597,268,7
777,25.9,True,324.4035087719298,390.3157894736842,324.4035087719298,390.3157894736842,285,7
778,25.933333333333334,True,326.140350877193,390.4842105263158,324.90441176470586,390.4842105263158,285,7
779,25.966666666666665,True,324.90441176470586,391.69485294117646,324.90441176470586,391.69485294117646,272,7
780,26.0,True,324.9730769230769,394.4384615384615,324.90441176470586,394.4384615384615,260,7
781,26.033333333333335,True,324.86328125,395.71875,324.90441176470586,395.71875,256,7
782,26.066666666666666,True,323.0121951219512,399.0121951219512,324.9730769230769,395.71875,246,7
783,26.1,True,326.10843373493975,398.16465863453817,325.3976377952756,398.16465863453817,249,7
784,26.133333333333333,True,327.58671586715866,395.3357933579336,325.50996015936255,398.2165354330709,271,7
785,26.166666666666668,True,325.3976377952756,398.2165354330709,326.10843373493975,398.2165354330709,254,7
786,26.2,True,325.50996015936255,398.9840637450199,327.58671586715866,398.4913793103448,251,7
787,26.233333333333334,True,328.7959183673469,399.3265306122449,328.7959183673469,398.4913793103448,245,7
788,26.266666666666666,True,330.4568965517241,398.4913793103448,330.4568965517241,398.9840637450199,232,7
789,26.3,True,332.61739130434785,397.9217391304348,331.46215139442234,399.3265306122449,230,7
790,26.333333333333332,True,331.46215139442234,399.7569721115538,331.57142857142856,398.4913793103448,251,8
791,26.366666666666667,True,331.57142857142856,400.8487394957983,332.61739130434785,398.0539419087137,238,8
792,26.4,True,333.50207468879665,398.0539419087137,333.50207468879665,398.0539419087137,241,8
793,26.433333333333334,True,335.1,395.6304347826087,335.1,395.6304347826087,230,8
794,26.466666666666665,True,335.7590909090909,393.6727272727273,335.1,395.6304347826087,220,8
795,26.5,True,335.2251082251082,394.6666666666667,335.2251082251082,394.6666666666667,231,8
796,26.533333333333335,True,333.5020080321285,396.9437751004016,335.7590909090909,393.6727272727273,249,8
797,26.566666666666666,True,336.70168067226894,391.5840336134454,336.70168067226894,391.5840336134454,238,8
798,26.6,True,339.9236641221374,386.3206106870229,338.7586206896552,386.95258620689657,262,8
799,26.633333333333333,True,338.7586206896552,386.95258620689657,339.9236641221374,386.3206106870229,232,8
800,26.666666666666668,True,340.6764705882353,382.4019607843137,340.6764705882353,382.4019607843137,204,7
801,26.7,True,342.7422222222222,379.96,341.13698630136986,381.54794520547944,225,7
802,26.733333333333334,True,341.13698630136986,381.54794520547944,342.7422222222222,379.96,219,7
803,26.766666666666666,True,343.0913043478261,378.54347826086956,343.0913043478261,378.54347826086956,230,7
804,26.8,True,346.64166666666665,376.025,345.8325358851675,378.54347826086956,240,7
805,26.833333333333332,True,346.03125,377.35267857142856,346.03125,378.54347826086956,224,7
806,26.866666666666667,True,345.8325358851675,379.4688995215311,346.0829268292683,379.43111111111114,209,7
807,26.9,True,346.0829268292683,380.7073170731707,346.0829268292683,379.43111111111114,205,7
808,26.933333333333334,True,349.26666666666665,379.43111111111114,349.26666666666665,379.4688995215311,225,7
809,26.966666666666665,True,352.9956140350877,376.4298245614035,352.3966244725738,380.7073170731707,228,7
810,27.0,True,352.3966244725738,381.48523206751054,352.9956140350877,379.48387096774195,237,7
811,27.033333333333335,True,353.6222222222222,381.44444444444446,353.6222222222222,379.57028112449797,225,7
812,27.066666666666666,True,355.8991935483871,379.48387096774195,355.8991935483871,381.44444444444446,248,7
813,27.1,True,358.32530120481925,379.57028112449797,357.30044843049325,380.868,249,7
814,27.133333333333333,True,357.30044843049325,383.5829596412556,358.32530120481925,380.868,223,7
815,27.166666666666668,True,359.568,380.868,359.568,381.1057268722467,250,7
816,27.2,True,360.49781659388645,382.56768558951967,360.49781659388645,382.23275862068965,229,7
817,27.233333333333334,True,361.17180616740086,381.1057268722467,361.17180616740086,382.23275862068965,227,7
818,27.266666666666666,True,362.12068965517244,382.23275862068965,361.8695652173913,382.56768558951967,232,7
819,27.3,True,361.8695652173913,384.4347826086956,362.12068965517244,384.3529411764706,230,7
820,27.333333333333332,True,362.73949579831935,384.3529411764706,362.73949579831935,384.4347826086956,238,7
821,27.366666666666667,True,363.2079646017699,386.1371681415929,363.2079646017699,385.85477178423236,226,7
822,27.4,True,364.2977099236641,387.1374045801527,364.2977099236641,385.85477178423236,262,8
823,27.433333333333334,True,365.3319502074689,385.85477178423236,365.3319502074689,385.85477178423236,241,8
824,27.466666666666665,True,366.39748953974896,383.744769874477,366.39748953974896,383.744769874477,239,8
825,27.5,True,367.88532110091745,379.5091743119266,367.3701923076923,381.38461538461536,218,8
826,27.533333333333335,True,367.85714285714283,379.5806451612903,367.85714285714283,379.5806451612903,217,8
827,27.566666666666666,True,367.3701923076923,381.38461538461536,367.88532110091745,379.5091743119266,208,8
828,27.6,True,368.2420091324201,374.48858447488584,367.85714285714283,379.5806451612903,219,8
829,27.633333333333333,True,367.88780487804877,375.66829268292685,367.3701923076923,381.07729468599035,205,8
830,27.666666666666668,True,366.68669527897,382.82832618025753,367.5566037735849,377.8207547169811,233,8
831,27.7,True,366.54589371980677,381.07729468599035,366.9020408163265,377.8207547169811,207,8
832,27.733333333333334,True,367.5566037735849,377.8207547169811,366.9020408163265,377.8207547169811,212,8
833,27.766666666666666,True,366.9020408163265,374.44897959183675,367.5566037735849,374.44897959183675,245,8
834,27.8,True,369.6,363.5904761904762,369.6,363.5904761904762,210,7
835,27.833333333333332,True,370.6039603960396,358.5,370.6039603960396,358.5,202,7
836,27.866666666666667,True,371.1132075471698,357.66037735849056,371.1132075471698,357.66037735849056,212,7
837,27.9,True,371.73267326732673,356.7722772277228,371.73267326732673,356.7722772277228,202,7
838,27.933333333333334,True,373.2475247524753,353.36138613861385,373.2475247524753,353.36138613861385,202,7
839,27.966666666666665,True,373.50678733031674,352.9321266968326,373.50678733031674,352.9321266968326,221,7
840,28.0,True,374.0897959183674,350.73061224489794,374.0897959183674,350.73061224489794,245,7
841,28.033333333333335,True,375.7359307359307,348.16883116883116,375.7359307359307,350.73061224489794,231,7
842,28.066666666666666,True,377.0761904761905,350.3142857142857,377.0761904761905,350.3142857142857,210,7
843,28.1,True,378.12935323383084,353.7164179104478,378.12935323383084,350.3142857142857,201,7
844,28.133333333333333,True,379.9611650485437,348.57766990291265,379.9611650485437,350.3142857142857,206,7
845,28.166666666666668,True,380.4019607843137,352.2647058823529,380.4019607843137,349.85,204,7
846,28.2,True,382.3013698630137,349.4840182648402,382.3013698630137,349.85,219,7
847,28.233333333333334,True,385.49,349.85,384.59223300970876,350.2281553398058,200,7
848,28.266666666666666,True,384.59223300970876,350.2281553398058,385.49,350.2281553398058,206,7
849,28.3,True,386.21634615384613,352.82211538461536,386.21634615384613,350.9252336448598,208,7
850,28.333333333333332,True,387.4434389140271,352.42533936651586,387.4434389140271,351.9736842105263,221,7
851,28.366666666666667,True,387.9485981308411,350.9252336448598,387.9485981308411,351.9736842105263,214,7
852,28.4,True,389.3640350877193,351.9736842105263,388.7744680851064,351.9736842105263,228,7
853,28.433333333333334,True,388.7744680851064,349.4936170212766,389.3640350877193,350.9252336448598,235,7
854,28.466666666666665,True,391.36764705882354,352.6813725490196,390.0,349.4936170212766,204,7
855,28.5,True,390.0,348.26960784313724,391.3333333333333,348.26960784313724,204,7
856,28.533333333333335,True,391.3333333333333,347.84507042253523,391.36764705882354,347.84507042253523,213,7
857,28.566666666666666,True,392.34328358208955,346.97014925373134,392.34328358208955,346.97014925373134,201,7
858,28.6,True,392.365,343.46,392.34328358208955,344.5660377358491,200,7
859,28.633333333333333,True,393.25,344.5660377358491,392.34328358208955,343.46,212,7
860,28.666666666666668,True,392.2429906542056,340.0981308411215,392.2429906542056,340.0981308411215,214,7
861,28.7,True,391.58653846153845,338.97115384615387,391.58653846153845,338.97115384615387,208,7
862,28.733333333333334,True,390.07103825136613,333.0,391.58653846153845,333.98395721925135,183,7
863,28.766666666666666,True,389.85561497326205,333.98395721925135,390.07103825136613,333.0,187,7
864,28.8,True,408.25652173913045,315.90434782608696,389.85561497326205,330.7070707070707,230,9
865,28.833333333333332,True,388.0,330.7070707070707,388.0,326.9481865284974,198,7
866,28.866666666666667,True,387.40932642487047,326.9481865284974,387.40932642487047,326.83068783068785,193,7
867,28.9,True,387.3703703703704,326.83068783068785,387.3703703703704,326.83068783068785,189,7
868,28.933333333333334,True,386.1764705882353,319.8235294117647,386.84659090909093,322.09090909090907,221,7
869,28.966666666666665,True,386.04102564102567,320.2564102564103,386.84659090909093,322.09090909090907,195,7
870,29.0,True,386.84659090909093,322.09090909090907,386.84659090909093,322.09090909090907,176,7
871,29.033333333333335,True,388.5895953757225,327.7630057803468,388.55238095238093,322.09090909090907,173,7
872,29.066666666666666,True,388.55238095238093,323.5761904761905,388.5895953757225,322.09090909090907,210,7
873,29.1,True,389.1951219512195,321.90731707317076,388.91747572815535,321.90731707317076,205,7
874,29.133333333333333,True,388.91747572815535,319.9126213592233,389.126213592233,319.9126213592233,206,7
875,29.166666666666668,True,389.126213592233,315.9126213592233,389.1951219512195,315.9126213592233,206,7
876,29.2,True,390.8894472361809,315.34170854271355,390.8894472361809,315.34170854271355,199,7
877,29.233333333333334,True,391.2181818181818,313.98636363636365,391.2181818181818,313.98636363636365,220,7
878,29.266666666666666,True,392.1203703703704,312.4490740740741,392.1203703703704,312.4490740740741,216,7
879,29.3,True,393.80281690140845,311.5774647887324,393.80281690140845,311.5774647887324,213,7
880,29.333333333333332,True,394.555023923445,309.933014354067,394.39224137931035,311.13425925925924,209,7
881,29.366666666666667,True,394.39224137931035,308.6034482758621,394.555023923445,309.933014354067,232,7
882,29.4,True,395.47685185185185,311.13425925925924,395.47685185185185,309.0175438596491,216,7
883,29.433333333333334,True,396.6294642857143,308.9955357142857,396.6294642857143,308.9955357142857,224,7
884,29.466666666666665,True,397.6798245614035,309.0175438596491,397.6798245614035,308.9955357142857,228,7
885,29.5,True,399.88260869565215,308.4217391304348,399.88260869565215,308.4217391304348,230,7
886,29.533333333333335,True,400.31,308.315,400.0,308.3150684931507,200,7
887,29.566666666666666,True,401.2283105022831,308.3150684931507,400.31,308.315,219,7
888,29.6,True,400.0,305.8868778280543,400.52232142857144,305.8868778280543,221,7
889,29.633333333333333,True,400.52232142857144,304.9732142857143,400.52232142857144,304.9732142857143,224,7
890,29.666666666666668,True,401.24870466321244,303.2901554404145,400.0,303.2901554404145,193,7
891,29.7,True,399.035175879397,300.5778894472362,399.035175879397,300.5778894472362,199,7
892,29.733333333333334,True,398.6730769230769,299.78365384615387,398.6730769230769,299.78365384615387,208,7
893,29.766666666666666,True,397.03414634146344,298.0536585365854,397.03414634146344,298.0536585365854,205,7
894,29.8,True,394.7979797979798,296.3030303030303,394.7979797979798,296.38829787234044,198,7
895,29.833333333333332,True,394.7340425531915,296.38829787234044,394.7340425531915,296.38829787234044,188,7
896,29.866666666666667,True,393.61611374407585,295.90995260663504,394.0518134715026,296.3030303030303,211,7
897,29.9,True,394.0518134715026,296.51295336787564,393.61611374407585,295.90995260663504,193,7
898,29.933333333333334,True,386.2350230414747,290.38709677419354,387.0717703349282,291.9617224880383,217,7
899,29.966666666666665,True,387.0717703349282,291.9617224880383,387.0717703349282,291.9617224880383,209,7
900,30.0,True,385.0444444444444,290.6722222222222,386.2350230414747,290.6722222222222,180,7
901,30.033333333333335,True,387.59562841530055,293.6338797814208,385.0444444444444,290.6722222222222,183,7
902,30.066666666666666,True,380.4245810055866,286.52513966480444,382.9230769230769,289.0817307692308,179,7
903,30.1,True,382.9230769230769,289.0817307692308,381.26775956284155,286.95081967213116,208,7
904,30.133333333333333,True,381.26775956284155,286.95081967213116,380.4245810055866,286.52513966480444,183,7
905,30.166666666666668,True,380.3722222222222,285.75,380.3722222222222,285.75,180,7
906,30.2,True,380.2636815920398,285.0845771144279,380.2636815920398,285.0845771144279,201,7
907,30.233333333333334,True,379.4018264840183,283.46118721461187,380.2636815920398,284.00471698113205,219,7
908,30.266666666666666,True,379.2598039215686,281.7598039215686,380.2636815920398,283.46118721461187,204,7
909,30.3,True,382.77358490566036,284.00471698113205,381.4855769230769,281.7598039215686,212,7
910,30.333333333333332,True,381.4855769230769,280.4423076923077,381.4855769230769,280.4423076923077,208,7
911,30.366666666666667,True,382.0646551724138,279.73706896551727,381.4855769230769,279.73706896551727,232,7
912,30.4,True,378.9264069264069,275.24675324675326,381.4855769230769,275.24675324675326,231,7
913,30.433333333333334,True,378.9442060085837,274.9227467811159,379.9321266968326,274.9227467811159,233,7
914,30.466666666666665,True,381.9251101321586,274.2819383259912,379.9321266968326,274.2819383259912,227,7
915,30.5,True,379.9321266968326,272.89592760180994,381.03619909502265,273.1089108910891,221,7
916,30.533333333333335,True,381.03619909502265,272.9683257918552,381.03619909502265,272.9683257918552,221,7
917,30.566666666666666,True,381.4059405940594,273.1089108910891,381.03619909502265,272.89592760180994,202,7
918,30.6,True,379.65531914893614,272.37021276595743,381.4059405940594,272.37021276595743,235,7
919,30.633333333333333,True,383.2079646017699,270.71238938053096,383.18099547511315,270.71238938053096,226,7
920,30.666666666666668,True,383.18099547511315,269.84615384615387,383.2079646017699,269.84615384615387,221,7
921,30.7,True,384.410480349345,269.7292576419214,383.5090909090909,269.7292576419214,229,7
922,30.733333333333334,True,393.6890756302521,262.1932773109244,383.5090909090909,267.05,238,8
923,30.766666666666666,True,383.5090909090909,267.05,383.5090909090909,266.57142857142856,220,7
924,30.8,True,373.05238095238093,266.57142857142856,380.79059829059827,266.29,210,7
925,30.833333333333332,True,380.79059829059827,261.8076923076923,373.05238095238093,266.57142857142856,234,8
926,30.866666666666667,True,371.875,266.29,371.875,266.57142857142856,200,7
927,30.9,True,368.6794258373206,266.69856459330146,368.6794258373206,266.69856459330146,209,7
928,30.933333333333334,True,364.9852941176471,267.0980392156863,365.6232558139535,267.0980392156863,204,7
929,30.966666666666665,True,365.6232558139535,267.24651162790695,364.9852941176471,267.24651162790695,215,7
930,31.0,True,360.3243243243243,267.84864864864863,362.9036697247706,267.84864864864863,185,7
931,31.033333333333335,True,362.9036697247706,268.41743119266056,360.3243243243243,267.84864864864863,218,7
932,31.066666666666666,True,358.67052023121386,268.4450867052023,358.67052023121386,267.84864864864863,173,7
933,31.1,True,355.8835978835979,267.7354497354497,356.48,267.7878787878788,189,7
934,31.133333333333333,True,356.48,267.69,356.4191919191919,267.7354497354497,200,7
935,31.166666666666668,True,356.4191919191919,267.7878787878788,355.8835978835979,267.69,198,7
936,31.2,True,354.11009174311926,266.76146788990826,354.11009174311926,266.76146788990826,218,7
937,31.233333333333334,True,350.0970464135021,265.2067510548523,352.94666666666666,265.2067510548523,237,7
938,31.266666666666666,True,352.94666666666666,264.73333333333335,352.2232142857143,264.73333333333335,225,7
939,31.3,True,352.2232142857143,263.17410714285717,350.0970464135021,263.17410714285717,224,7
940,31.333333333333332,True,347.0264317180617,262.12334801762114,348.31441048034935,262.12334801762114,227,7
941,31.366666666666667,True,348.31441048034935,261.7903930131004,347.0264317180617,261.7903930131004,229,7
942,31.4,True,344.5708333333333,259.7291666666667,346.4711111111111,259.7291666666667,240,7
943,31.433333333333334,True,345.58222222222224,258.50666666666666,345.7574468085106,258.50666666666666,225,7
944,31.466666666666665,True,346.4711111111111,255.9111111111111,345.7574468085106,255.9111111111111,225,7
945,31.5,True,345.7574468085106,255.5659574468085,345.7574468085106,255.5659574468085,235,7
946,31.533333333333335,True,347.49775784753365,255.16143497757847,345.7574468085106,255.49027237354085,223,7
947,31.566666666666666,True,344.591439688716,255.49027237354085,344.6340425531915,255.16143497757847,257,7
948,31.6,True,344.6340425531915,254.56170212765957,344.591439688716,254.9493670886076,235,7
949,31.633333333333333,True,342.86497890295357,254.9493670886076,342.86497890295357,254.9493670886076,237,7
950,31.666666666666668,True,342.2606837606838,254.0982905982906,342.2606837606838,254.91322314049586,234,7
951,31.7,True,340.0990990990991,255.27927927927928,340.0990990990991,254.9493670886076,222,7
952,31.733333333333334,True,338.8636363636364,254.91322314049586,338.8636363636364,255.27927927927928,242,7
953,31.766666666666666,True,336.99532710280374,257.3317757009346,336.99532710280374,257.3259911894273,214,7
954,31.8,True,336.3171806167401,257.3259911894273,336.3171806167401,257.3317757009346,227,7
955,31.833333333333332,True,332.48559670781896,261.48559670781896,332.5128205128205,261.48559670781896,243,7
956,31.866666666666667,True,332.5128205128205,261.6709401709402,332.48559670781896,261.6709401709402,234,7
957,31.9,True,329.4496124031008,265.6511627906977,332.48559670781896,262.3835616438356,258,7
958,31.933333333333334,True,329.0704845814978,265.83700440528634,332.5128205128205,262.3835616438356,227,7
959,31.966666666666665,True,335.5936073059361,262.3835616438356,329.4496124031008,265.6511627906977,219,7
960,32.0,True,346.73658536585367,258.1756097560976,329.0704845814978,265.83700440528634,205,8
961,32.03333333333333,True,327.7809523809524,268.9095238095238,327.7809523809524,268.9095238095238,210,7
962,32.06666666666667,True,324.72251308900525,271.5078534031414,327.7809523809524,270.44827586206895,191,7
963,32.1,True,327.0111731843575,270.5977653631285,327.0111731843575,270.5977653631285,179,7
964,32.13333333333333,True,328.35057471264366,270.44827586206895,324.72251308900525,271.5078534031414,174,7
965,32.166666666666664,True,323.85869565217394,272.3641304347826,324.29767441860463,271.6232558139535,184,7
966,32.2,True,324.29767441860463,271.6232558139535,323.85869565217394,272.3641304347826,215,7
967,32.233333333333334,True,319.2535211267606,275.6854460093897,319.2535211267606,273.39130434782606,213,7
968,32.266666666666666,True,318.81159420289856,273.39130434782606,318.81159420289856,273.39130434782606,207,7
969,32.3,True,317.1367924528302,274.7122641509434,318.8073394495413,274.6051502145923,212,7
970,32.333333333333336,True,318.8073394495413,271.9403669724771,317.1367924528302,273.39130434782606,218,7
971,32.36666666666667,True,316.9699570815451,274.6051502145923,316.9699570815451,274.6051502145923,233,7
972,32.4,True,316.7167381974249,273.3648068669528,316.7167381974249,274.3560606060606,233,7
973,32.43333333333333,True,311.9603524229075,274.6299559471366,311.9603524229075,274.3574144486692,227,7
974,32.46666666666667,True,311.82954545454544,274.3560606060606,311.88593155893534,274.3574144486692,264,7
975,32.5,True,311.88593155893534,274.3574144486692,311.82954545454544,274.3574144486692,263,7
976,32.53333333333333,True,311.20454545454544,274.81439393939394,311.20454545454544,274.3560606060606,264,7
977,32.56666666666667,True,310.4,273.39183673469387,310.4,273.39183673469387,245,7
978,32.6,True,309.8658536585366,273.390243902439,309.90234375,273.390243902439,246,7
979,32.63333333333333,True,309.7348484848485,272.7613636363636,309.8658536585366,272.7613636363636,264,7
980,32.666666666666664,True,309.90234375,270.34765625,309.7348484848485,270.5625,256,7
981,32.7,True,309.33984375,270.5625,309.33984375,270.5625,256,7
982,32.733333333333334,True,308.911877394636,269.01149425287355,308.911877394636,270.34765625,261,7
983,32.766666666666666,True,307.7977099236641,270.881679389313,307.7977099236641,270.5625,262,7
984,32.8,True,305.15,269.75,305.15,270.881679389313,260,7
985,32.833333333333336,True,304.67634854771785,272.5643153526971,304.67634854771785,272.5643153526971,241,7
986,32.86666666666667,True,303.51091703056767,273.89082969432314,303.51091703056767,273.89082969432314,229,7
987,32.9,True,303.44776119402985,282.3320895522388,303.44776119402985,281.65,268,7
988,32.93333333333333,True,301.75384615384615,281.65,302.11297071129707,282.3320895522388,260,7
989,32.96666666666667,True,301.6694560669456,284.65271966527195,301.75384615384615,282.67782426778246,239,7
990,33.0,True,302.11297071129707,282.67782426778246,301.6694560669456,284.65271966527195,239,7
991,33.03333333333333,True,300.8673469387755,289.67857142857144,301.6694560669456,286.82456140350877,196,7
992,33.06666666666667,True,300.4923076923077,291.5846153846154,301.9824561403509,286.850622406639,195,7
993,33.1,True,301.9824561403509,286.82456140350877,300.8673469387755,289.67857142857144,228,7
994,33.13333333333333,True,302.34854771784234,286.850622406639,300.4923076923077,291.5846153846154,241,7
995,33.166666666666664,True,299.86893203883494,295.5533980582524,299.86893203883494,295.5533980582524,206,7
996,33.2,True,299.4622641509434,296.10377358490564,299.4622641509434,296.10377358490564,212,7
997,33.233333333333334,True,298.93392070484583,297.86343612334804,298.93392070484583,297.86343612334804,227,7
998,33.266666666666666,True,298.0882352941176,300.47058823529414,298.0882352941176,300.47058823529414,238,7
999,33.3,True,296.67123287671234,301.7945205479452,296.67123287671234,301.7945205479452,219,7
1000,33.333333333333336,True,294.98015873015873,305.37301587301585,294.98015873015873,303.6652360515021,252,7
1001,33.36666666666667,True,294.69957081545067,303.6652360515021,294.69957081545067,305.37301587301585,233,7
1002,33.4,True,293.1255230125523,307.58995815899584,293.1255230125523,306.90513833992094,239,7
1003,33.43333333333333,True,292.48,308.944,292.48,306.90513833992094,250,7
1004,33.46666666666667,True,291.4664031620553,306.90513833992094,291.4664031620553,307.58995815899584,253,7
1005,33.5,True,290.41767068273094,306.48192771084337,290.41767068273094,308.4917355371901,249,7
1006,33.53333333333333,True,288.9669421487603,308.4917355371901,288.9669421487603,306.90513833992094,242,7
1007,33.56666666666667,True,288.5018315018315,310.8021978021978,288.5018315018315,306.48192771084337,273,7
1008,33.6,True,286.4009009009009,305.7972972972973,286.4009009009009,308.4917355371901,222,7
1009,33.63333333333333,True,285.1387755102041,305.6612244897959,285.1387755102041,308.7073170731707,245,7
1010,33.666666666666664,True,284.6240310077519,309.2170542635659,284.6240310077519,308.7073170731707,258,7
1011,33.7,True,281.8617886178862,308.7073170731707,281.8617886178862,309.2170542635659,246,7
1012,33.733333333333334,True,281.08898305084745,309.9618644067797,281.8611111111111,309.2170542635659,236,7
1013,33.766666666666666,True,281.8611111111111,310.1031746031746,281.08898305084745,308.7073170731707,252,7
1014,33.8,True,278.77366255144034,306.9259259259259,279.11570247933884,309.2388663967611,243,7
1015,33.833333333333336,True,279.11570247933884,307.7892561983471,278.77366255144034,309.2388663967611,242,7
1016,33.86666666666667,True,277.63157894736844,309.2388663967611,277.63157894736844,309.2388663967611,247,7
1017,33.9,True,277.29761904761904,311.46031746031747,277.63157894736844,311.46031746031747,252,7
1018,33.93333333333333,True,277.09961685823754,314.5402298850575,277.37651821862346,314.5402298850575,261,7
1019,33.96666666666667,True,277.63257575757575,316.6363636363636,277.37651821862346,316.6363636363636,264,7
1020,34.0,True,277.37651821862346,317.97165991902835,277.63257575757575,317.97165991902835,247,7
1021,34.03333333333333,True,279.2988047808765,322.53386454183266,279.2988047808765,322.53386454183266,251,7
1022,34.06666666666667,True,279.82783882783883,324.20512820512823,279.82783882783883,324.20512820512823,273,7
1023,34.1,True,280.1525423728813,325.3305084745763,279.82783882783883,324.20512820512823,236,7
1024,34.13333333333333,True,280.2361809045226,325.9246231155779,280.1525423728813,325.3305084745763,199,7
1025,34.166666666666664,True,277.33613445378154,321.02521008403363,280.2361809045226,325.43231441048033,238,8
1026,34.2,True,283.10330578512395,328.6198347107438,282.6069868995633,325.9246231155779,242,7
1027,34.233333333333334,True,282.6069868995633,325.43231441048033,283.10330578512395,328.6198347107438,229,7
1028,34.266666666666666,True,285.4867256637168,332.646017699115,285.4867256637168,332.3581395348837,226,7
1029,34.3,True,286.1159420289855,335.21256038647346,285.8139534883721,332.646017699115,207,7
1030,34.333333333333336,True,285.8139534883721,332.3581395348837,285.8411214953271,334.0233644859813,215,7
1031,34.36666666666667,True,285.8411214953271,334.0233644859813,286.1159420289855,335.21256038647346,214,7
1032,34.4,True,286.5272727272727,338.25,286.2631578947368,338.03508771929825,220,7
1033,34.43333333333333,True,286.2631578947368,338.03508771929825,286.2631578947368,338.25,228,7
1034,34.46666666666667,True,287.0,340.29545454545456,286.2631578947368,340.29545454545456,220,7
1035,34.5,True,285.9383259911894,341.3920704845815,285.9383259911894,341.3920704845815,227,7
1036,34.53333333333333,True,285.46638655462186,342.83613445378154,285.46638655462186,342.1666666666667,238,7
1037,34.56666666666667,True,283.8333333333333,342.1666666666667,283.8333333333333,342.83613445378154,246,7
1038,34.6,True,282.8888888888889,342.9670781893004,282.8888888888889,342.9670781893004,243,7
1039,34.63333333333333,True,282.6575875486381,347.96108949416345,282.6575875486381,347.96108949416345,257,7
1040,34.666666666666664,True,281.125,348.30859375,281.49446494464945,348.30859375,256,7
1041,34.7,True,281.49446494464945,350.99630996309963,281.125,350.6171875,271,7
1042,34.733333333333334,True,279.4296875,350.6171875,280.7032967032967,350.99630996309963,256,7
1043,34.766666666666666,True,280.455938697318,354.04597701149424,280.455938697318,353.76556776556777,261,7
1044,34.8,True,280.7032967032967,353.76556776556777,279.4296875,353.76556776556777,273,7
1045,34.833333333333336,True,279.1884615384615,354.21153846153845,279.1884615384615,353.76556776556777,260,7
1046,34.86666666666667,True,277.201581027668,353.72727272727275,277.201581027668,353.72727272727275,253,7
1047,34.9,True,273.9467680608365,352.615969581749,274.2616487455197,353.72727272727275,263,7
1048,34.93333333333333,True,274.2616487455197,353.31541218637994,274.2616487455197,353.72727272727275,279,7
1049,34.96666666666667,True,273.76603773584907,354.5018867924528,274.1042084031781,353.90864948941635,265,7
1050,35.0,True,274.9890510948905,356.83576642335765,274.2616487455197,354.5018867924528,274,7
