time,x,y,yaw,reward,velocity_x,velocity_y,steady_state,frequency,phase_lag_1,phase_lag_2,phase_lag_3,phase_lag_4,phase_lag_5
2.000000000000001082e-02,5.999869014871339612e-01,-1.474921443161358869e-03,1.733692608341285205e-02,0.000000000000000000e+00,-2.335650680121949957e-03,-1.315311640556418304e-01,0.000000000000000000e+00,1.137097954750061035e+00,6.742556691169738770e-01,6.192736625671386719e-01,6.524937152862548828e-01,6.795874834060668945e-01,6.487234830856323242e-01
4.000000000000002859e-02,5.998740511199891490e-01,-4.555948871500514752e-03,5.648199683637330354e-02,0.000000000000000000e+00,-5.650111320851807992e-03,-1.456987575421277437e-01,0.000000000000000000e+00,1.109165906906127930e+00,6.180154085159301758e-01,7.222345471382141113e-01,7.423903942108154297e-01,6.100899577140808105e-01,7.032078504562377930e-01
6.000000000000004635e-02,5.996585966554177638e-01,-7.353570481265836456e-03,9.768840275803515605e-02,0.000000000000000000e+00,-7.584091584984434427e-03,-1.343335471433103889e-01,0.000000000000000000e+00,1.106217741966247559e+00,6.103541254997253418e-01,7.206678390502929688e-01,7.419578433036804199e-01,6.059774756431579590e-01,7.194303274154663086e-01
8.000000000000005718e-02,5.994539995853870318e-01,-8.864800599303113149e-03,1.281918887816256569e-01,0.000000000000000000e+00,-7.797867270253455024e-03,-1.106191371562321168e-01,0.000000000000000000e+00,1.117139697074890137e+00,6.202536225318908691e-01,6.843037605285644531e-01,7.194684147834777832e-01,6.235015392303466797e-01,7.291514277458190918e-01
1.000000000000000749e-01,5.993261139633682122e-01,-9.041370114925784129e-03,1.453112164809556572e-01,0.000000000000000000e+00,-7.153526811451401193e-03,-8.505265715799663340e-02,0.000000000000000000e+00,1.139198780059814453e+00,6.525404453277587891e-01,6.102851629257202148e-01,6.591929197311401367e-01,6.664268374443054199e-01,7.156872749328613281e-01
1.200000000000000927e-01,5.992546852664599744e-01,-8.383279724743564199e-03,1.533513742900866894e-01,0.000000000000000000e+00,-6.467513249217632897e-03,-6.360479903504964727e-02,0.000000000000000000e+00,1.151742458343505859e+00,6.804101467132568359e-01,5.603433847427368164e-01,6.128893494606018066e-01,7.025254964828491211e-01,6.886900663375854492e-01
1.400000000000000966e-01,5.991876266863876976e-01,-7.452029893849743125e-03,1.583058207409871188e-01,0.000000000000000000e+00,-6.114268977132565792e-03,-4.780775839399214328e-02,0.000000000000000000e+00,1.154558658599853516e+00,6.910316348075866699e-01,5.487578511238098145e-01,6.005244255065917969e-01,7.143301367759704590e-01,6.722800135612487793e-01
1.600000000000001144e-01,5.990865087715199211e-01,-6.544540615207816714e-03,1.638812967239681173e-01,0.000000000000000000e+00,-6.125262559211913996e-03,-3.631548958836419011e-02,0.000000000000000000e+00,1.155278205871582031e+00,6.930425167083740234e-01,5.509023070335388184e-01,6.020607352256774902e-01,7.146888971328735352e-01,6.677637100219726562e-01
1.800000000000001321e-01,5.989404492818456438e-01,-5.632387409407857426e-03,1.702286052217751589e-01,0.000000000000000000e+00,-6.363956964132462708e-03,-2.682553800909668121e-02,0.000000000000000000e+00,1.155721306800842285e+00,6.929627060890197754e-01,5.529369711875915527e-01,6.045312881469726562e-01,7.135359644889831543e-01,6.687087416648864746e-01
2.000000000000001499e-01,5.987640001882841290e-01,-4.492298767199198739e-03,1.749355789242109660e-01,0.000000000000000000e+00,-6.636820948896046679e-03,-1.744405169455839899e-02,0.000000000000000000e+00,1.156600832939147949e+00,6.956338286399841309e-01,5.477327704429626465e-01,6.002439260482788086e-01,7.171627283096313477e-01,6.673771142959594727e-01
2.200000000000001676e-01,5.985891896365603815e-01,-2.886370282685069011e-03,1.749131583063278927e-01,0.000000000000000000e+00,-6.767694068052782473e-03,-7.253514342803427106e-03,0.000000000000000000e+00,1.157208800315856934e+00,7.016404271125793457e-01,5.378398299217224121e-01,5.904476046562194824e-01,7.252172827720642090e-01,6.595311760902404785e-01
2.400000000000001854e-01,5.984522593836610893e-01,-6.894682675058771970e-04,1.679191846751079686e-01,0.000000000000000000e+00,-6.651439692323453216e-03,3.748218826401784887e-03,0.000000000000000000e+00,1.156207680702209473e+00,7.083630561828613281e-01,5.302065014839172363e-01,5.808228254318237305e-01,7.330617904663085938e-01,6.455549001693725586e-01
2.600000000000001754e-01,5.983818374447902322e-01,2.074110012339980269e-03,1.531468945666476233e-01,0.000000000000000000e+00,-6.257260345380388084e-03,1.502776596892516948e-02,0.000000000000000000e+00,1.153809905052185059e+00,7.139288783073425293e-01,5.278767347335815430e-01,5.745902657508850098e-01,7.377831339836120605e-01,6.286888718605041504e-01
2.800000000000001932e-01,5.983954975180371116e-01,5.271031556392580253e-03,1.309833755278602407e-01,0.000000000000000000e+00,-5.596775093275297222e-03,2.593962490121980852e-02,0.000000000000000000e+00,1.151244282722473145e+00,7.181540727615356445e-01,5.298722982406616211e-01,5.720155239105224609e-01,7.395857572555541992e-01,6.123031377792358398e-01
3.000000000000002109e-01,5.985044993264813096e-01,8.728802295517701371e-03,1.024236134874965259e-01,0.000000000000000000e+00,-4.691528460195553037e-03,3.598231312590371989e-02,0.000000000000000000e+00,1.149071455001831055e+00,7.213258147239685059e-01,5.344780087471008301e-01,5.720837712287902832e-01,7.395576238632202148e-01,5.977964401245117188e-01
3.200000000000002287e-01,5.987174312361696060e-01,1.228542383729946952e-02,6.856373930127798721e-02,0.000000000000000000e+00,-3.563010912151319889e-03,4.485437589677907649e-02,0.000000000000000000e+00,1.147235035896301270e+00,7.236497998237609863e-01,5.404567122459411621e-01,5.736948847770690918e-01,7.384584546089172363e-01,5.852900743484497070e-01
3.400000000000002465e-01,5.990403135311617167e-01,1.580712996210270616e-02,3.036561745705947807e-02,0.000000000000000000e+00,-2.239769552577335412e-03,5.240895547004155441e-02,0.000000000000000000e+00,1.145584821701049805e+00,7.252678871154785156e-01,5.471196174621582031e-01,5.761689543724060059e-01,7.367112636566162109e-01,5.745689272880554199e-01
3.600000000000002642e-01,5.994738305844753423e-01,1.918094752630522537e-02,-1.132609046678857354e-02,0.000000000000000000e+00,-7.609983674821655004e-04,5.855887290047744054e-02,0.000000000000000000e+00,1.144016027450561523e+00,7.262738943099975586e-01,5.542748570442199707e-01,5.792861580848693848e-01,7.345092296600341797e-01,5.653379559516906738e-01
3.800000000000002820e-01,6.000131146926807046e-01,2.229232020539306802e-02,-5.566342447592691894e-02,0.000000000000000000e+00,8.285354745238165432e-04,6.321087639239618416e-02,0.000000000000000000e+00,1.142457127571105957e+00,7.266767621040344238e-01,5.621189475059509277e-01,5.832177400588989258e-01,7.318780422210693359e-01,5.573745965957641602e-01
4.000000000000002998e-01,6.006463188208845949e-01,2.501514387960279695e-02,-1.016879191858137549e-01,0.000000000000000000e+00,2.474397359926534465e-03,6.626040248204564942e-02,0.000000000000000000e+00,1.140839695930480957e+00,7.263811230659484863e-01,5.711828470230102539e-01,5.884985923767089844e-01,7.287050485610961914e-01,5.505638122558593750e-01
4.200000000000003175e-01,6.013572315107232891e-01,2.721769857027717121e-02,-1.482888511994880920e-01,0.000000000000000000e+00,4.128165880445185121e-03,6.762919546145257366e-02,0.000000000000000000e+00,1.139054179191589355e+00,7.251732349395751953e-01,5.822806358337402344e-01,5.959816575050354004e-01,7.247322201728820801e-01,5.449090600013732910e-01
4.400000000000003353e-01,6.021288394638426578e-01,2.877859942776500590e-02,-1.942441616128093851e-01,0.000000000000000000e+00,5.751495169456942967e-03,6.729426480284671219e-02,0.000000000000000000e+00,1.136900782585144043e+00,7.227069139480590820e-01,5.962612628936767578e-01,6.066326498985290527e-01,7.195656895637512207e-01,5.407310128211975098e-01
4.600000000000003531e-01,6.029477078626626074e-01,2.960195836660667323e-02,-2.382966572062220623e-01,0.000000000000000000e+00,7.328398393562242548e-03,6.530584518137537431e-02,0.000000000000000000e+00,1.134092569351196289e+00,7.185539007186889648e-01,6.135329008102416992e-01,6.210824251174926758e-01,7.127351760864257812e-01,5.389580726623535156e-01
4.800000000000003708e-01,6.038074732412110901e-01,2.962703130835248055e-02,-2.792353743966030089e-01,0.000000000000000000e+00,8.853323448772881452e-03,6.178250260983281922e-02,0.000000000000000000e+00,1.130474090576171875e+00,7.124807238578796387e-01,6.335294246673583984e-01,6.390027999877929688e-01,7.038942575454711914e-01,5.408707857131958008e-01
5.000000000000003331e-01,6.047056972861719615e-01,2.883039326984038198e-02,-3.159649101099227253e-01,0.000000000000000000e+00,1.033811378600829438e-02,5.689965287257067045e-02,0.000000000000000000e+00,1.126332640647888184e+00,7.047813534736633301e-01,6.546227931976318359e-01,6.588484048843383789e-01,6.931731700897216797e-01,5.470740199089050293e-01
5.200000000000003508e-01,6.056506652506633559e-01,2.722595326487003975e-02,-3.475476529227720102e-01,0.000000000000000000e+00,1.181317389465262775e-02,5.087435328013859004e-02,0.000000000000000000e+00,1.122257828712463379e+00,6.960719227790832520e-01,6.749625205993652344e-01,6.787481904029846191e-01,6.812662482261657715e-01,5.571615099906921387e-01
5.400000000000003686e-01,6.066616485984506202e-01,2.486002512753532345e-02,-3.732115127556684953e-01,0.000000000000000000e+00,1.333083746395598984e-02,4.394808802746585225e-02,0.000000000000000000e+00,1.118753194808959961e+00,6.868194341659545898e-01,6.932690739631652832e-01,6.975243687629699707e-01,6.691621541976928711e-01,5.704632997512817383e-01
5.600000000000003864e-01,6.077656478816489960e-01,2.180698107569511990e-02,-3.923236542003289973e-01,0.000000000000000000e+00,1.491400235425023937e-02,3.636364045675016116e-02,0.000000000000000000e+00,1.116213917732238770e+00,6.773633360862731934e-01,7.086599469184875488e-01,7.144972681999206543e-01,6.579223871231079102e-01,5.864456295967102051e-01
5.800000000000004041e-01,6.089741386820675118e-01,1.815545024810277797e-02,-4.043864953269370455e-01,0.000000000000000000e+00,1.658527522453821096e-02,2.835721697403779940e-02,0.000000000000000000e+00,1.114887833595275879e+00,6.681087613105773926e-01,7.205950617790222168e-01,7.291380763053894043e-01,6.483216881752014160e-01,6.043618321418762207e-01
6.000000000000004219e-01,6.103080560404454680e-01,1.400941174865000249e-02,-4.090231626417032973e-01,0.000000000000000000e+00,1.837000768457447072e-02,2.015152773813568693e-02,0.000000000000000000e+00,1.114603042602539062e+00,6.594778299331665039e-01,7.291241884231567383e-01,7.410547733306884766e-01,6.405019760131835938e-01,6.227351427078247070e-01
6.200000000000004396e-01,6.117833311765502602e-01,9.480415096695837818e-03,-4.059586599613357327e-01,0.000000000000000000e+00,2.027778329499473758e-02,1.194987923759627951e-02,0.000000000000000000e+00,1.114883542060852051e+00,6.516655087471008301e-01,7.347544431686401367e-01,7.501771450042724609e-01,6.341336369514465332e-01,6.401371359825134277e-01
6.400000000000004574e-01,6.134126865104615467e-01,4.682183127803218881e-03,-3.950513208655557773e-01,0.000000000000000000e+00,2.231679814440342552e-02,3.927993146668239469e-03,0.000000000000000000e+00,1.115358948707580566e+00,6.446363329887390137e-01,7.379841804504394531e-01,7.567492723464965820e-01,6.288925409317016602e-01,6.561411619186401367e-01
6.600000000000004752e-01,6.152084112615313627e-01,-2.739737366919681172e-04,-3.763394895446901534e-01,0.000000000000000000e+00,2.449363667359731253e-02,-3.764246901040140241e-03,0.000000000000000000e+00,1.115841507911682129e+00,6.382910609245300293e-01,7.390971779823303223e-01,7.610593438148498535e-01,6.246480941772460938e-01,6.709833145141601562e-01
6.800000000000004929e-01,6.171818314859013332e-01,-5.279737432824116450e-03,-3.500669968095366791e-01,0.000000000000000000e+00,2.680790164618086779e-02,-1.099874285786364009e-02,0.000000000000000000e+00,1.116217613220214844e+00,6.325483322143554688e-01,7.382301092147827148e-01,7.632818818092346191e-01,6.213940382003784180e-01,6.849625110626220703e-01
7.000000000000005107e-01,6.193337637465683443e-01,-1.023058047031027984e-02,-3.166807833184255294e-01,0.000000000000000000e+00,2.924098204886741575e-02,-1.766988108790025838e-02,0.000000000000000000e+00,1.116427302360534668e+00,6.273778080940246582e-01,7.354496717453002930e-01,7.634997963905334473e-01,6.191600561141967773e-01,6.982358694076538086e-01
7.200000000000005285e-01,6.216582285485867665e-01,-1.502894870919635473e-02,-2.768276116877703696e-01,0.000000000000000000e+00,3.177357049513676590e-02,-2.369416089076996010e-02,0.000000000000000000e+00,1.116517066955566406e+00,6.228317022323608398e-01,7.307932376861572266e-01,7.617985010147094727e-01,6.179730892181396484e-01,7.108231186866760254e-01
7.400000000000005462e-01,6.241476530394931554e-01,-1.958421754521905145e-02,-2.313385835835823079e-01,0.000000000000000000e+00,3.438705610230305409e-02,-2.900569999939763693e-02,0.000000000000000000e+00,1.116674542427062988e+00,6.190901994705200195e-01,7.243720293045043945e-01,7.583805918693542480e-01,6.178520917892456055e-01,7.225291728973388672e-01
7.600000000000005640e-01,6.267957670758014244e-01,-2.380895372194252735e-02,-1.811821402817521132e-01,0.000000000000000000e+00,3.706833154724751417e-02,-3.354334628996032824e-02,0.000000000000000000e+00,1.117171049118041992e+00,6.164274811744689941e-01,7.164737582206726074e-01,7.536043524742126465e-01,6.187870502471923828e-01,7.329082489013671875e-01
7.800000000000005818e-01,6.295881207962191750e-01,-2.761615104389780750e-02,-1.274188464015514610e-01,0.000000000000000000e+00,3.977238879935071636e-02,-3.726123271237884865e-02,0.000000000000000000e+00,1.118267059326171875e+00,6.151023507118225098e-01,7.073867917060852051e-01,7.477847337722778320e-01,6.207664012908935547e-01,7.415091991424560547e-01
8.000000000000005995e-01,6.324803700240403392e-01,-3.091996480969982919e-02,-7.113222613123509896e-02,0.000000000000000000e+00,4.243682758747972794e-02,-4.010583849746048035e-02,0.000000000000000000e+00,1.120155453681945801e+00,6.152726411819458008e-01,6.970531940460205078e-01,7.408975958824157715e-01,6.238513588905334473e-01,7.482128739356994629e-01
8.200000000000006173e-01,6.354304498807873403e-01,-3.363093702794384132e-02,-1.336839043483670567e-02,0.000000000000000000e+00,4.502167325972312312e-02,-4.203916194766577075e-02,0.000000000000000000e+00,1.122956037521362305e+00,6.170264482498168945e-01,6.849708557128906250e-01,7.324688434600830078e-01,6.282196640968322754e-01,7.532081007957458496e-01
8.400000000000006350e-01,6.384085770360107270e-01,-3.567178672162135689e-02,4.482782815073584060e-02,0.000000000000000000e+00,4.750267783566721608e-02,-4.304160819627568524e-02,0.000000000000000000e+00,1.126766681671142578e+00,6.205260157585144043e-01,6.703844666481018066e-01,7.217064499855041504e-01,6.341983675956726074e-01,7.565944790840148926e-01
8.600000000000006528e-01,6.413935165800438432e-01,-3.697800496330594378e-02,1.024069449076628058e-01,0.000000000000000000e+00,4.986643099189687345e-02,-4.311127272965448870e-02,0.000000000000000000e+00,1.131685972213745117e+00,6.260364651679992676e-01,6.525253057479858398e-01,7.077028751373291016e-01,6.422396302223205566e-01,7.581555247306823730e-01
8.800000000000006706e-01,6.443674697763293047e-01,-3.749896391253021433e-02,1.582909946544468205e-01,0.000000000000000000e+00,5.209770085697167791e-02,-4.226195998258316933e-02,0.000000000000000000e+00,1.137758493423461914e+00,6.338334083557128906e-01,6.311354041099548340e-01,6.899830102920532227e-01,6.527493000030517578e-01,7.572497129440307617e-01
9.000000000000006883e-01,6.473073247675088515e-01,-3.719964228826661001e-02,2.113789751053191668e-01,0.000000000000000000e+00,5.417994599657806332e-02,-4.052734234159584281e-02,0.000000000000000000e+00,1.144759654998779297e+00,6.438790559768676758e-01,6.072924733161926270e-01,6.694582104682922363e-01,6.656541824340820312e-01,7.531147599220275879e-01
9.200000000000007061e-01,6.501958466971256012e-01,-3.606652904522172909e-02,2.605683359725580739e-01,0.000000000000000000e+00,5.611170730116230715e-02,-3.796288590753031655e-02,0.000000000000000000e+00,1.151966452598571777e+00,6.554075479507446289e-01,5.835436582565307617e-01,6.486698985099792480e-01,6.800204515457153320e-01,7.457086443901062012e-01
9.400000000000007239e-01,6.530315513096585089e-01,-3.410939910147536835e-02,3.047512727160767154e-01,0.000000000000000000e+00,5.791108507535010913e-02,-3.464587924634820321e-02,0.000000000000000000e+00,1.158442616462707520e+00,6.671652197837829590e-01,5.623925924301147461e-01,6.301737427711486816e-01,6.944936513900756836e-01,7.359514832496643066e-01
9.600000000000007416e-01,6.558313916991460601e-01,-3.136836956104455121e-02,3.428428992505478945e-01,0.000000000000000000e+00,5.961456737812496215e-02,-3.068404352752736666e-02,0.000000000000000000e+00,1.163582563400268555e+00,6.781752705574035645e-01,5.448911786079406738e-01,6.148976087570190430e-01,7.080628871917724609e-01,7.249171137809753418e-01
9.800000000000007594e-01,6.586278866288982625e-01,-2.791424824581750785e-02,3.738099421063260652e-01,0.000000000000000000e+00,6.124885578887161175e-02,-2.619491196780627043e-02,0.000000000000000000e+00,1.167166590690612793e+00,6.879608631134033203e-01,5.310573577880859375e-01,6.025245189666748047e-01,7.200980186462402344e-01,7.132685780525207520e-01
1.000000000000000666e+00,6.614163483430854917e-01,-2.382569067789974682e-02,3.967686088270949152e-01,0.000000000000000000e+00,6.281016809613017282e-02,-2.129749856361880245e-02,0.000000000000000000e+00,1.169135212898254395e+00,6.963615417480468750e-01,5.207234025001525879e-01,5.924875140190124512e-01,7.301626801490783691e-01,7.011553049087524414e-01
1.019999999999998463e+00,6.642094435901295668e-01,-1.920635808717630066e-02,4.110749144800158184e-01,0.000000000000000000e+00,6.566046757708746129e-02,-1.382453690303405737e-02,0.000000000000000000e+00,1.169398784637451172e+00,7.033600807189941406e-01,5.139070153236389160e-01,5.844107866287231445e-01,7.379509210586547852e-01,6.881855726242065430e-01
1.039999999999996261e+00,6.670287864978008407e-01,-1.418435028114295449e-02,4.163126611307190195e-01,0.000000000000000000e+00,6.867774762595652005e-02,-5.448208373877529154e-03,0.000000000000000000e+00,1.167897224426269531e+00,7.090412378311157227e-01,5.106653571128845215e-01,5.780971050262451172e-01,7.433193922042846680e-01,6.736037731170654297e-01
1.059999999999994058e+00,6.698920650772071106e-01,-8.891873846705200535e-03,4.123115280341828615e-01,0.000000000000000000e+00,7.179902945830388128e-02,2.167128777911993005e-03,0.000000000000000000e+00,1.164922475814819336e+00,7.135950326919555664e-01,5.107909440994262695e-01,5.734924674034118652e-01,7.463401556015014648e-01,6.570234298706054688e-01
1.079999999999991855e+00,6.728209983451520770e-01,-3.459106426831115577e-03,3.991727361456268164e-01,0.000000000000000000e+00,7.493750407322705143e-02,8.417917636583808691e-03,0.000000000000000000e+00,1.161253809928894043e+00,7.173322439193725586e-01,5.137075185775756836e-01,5.707214474678039551e-01,7.474167346954345703e-01,6.392217278480529785e-01
1.099999999999989653e+00,6.758385635413499681e-01,1.992649784611222330e-03,3.772603480693133005e-01,0.000000000000000000e+00,7.809629789129891864e-02,1.349578782293339198e-02,0.000000000000000000e+00,1.157678127288818359e+00,7.205362915992736816e-01,5.187025666236877441e-01,5.698282718658447266e-01,7.471021413803100586e-01,6.216393113136291504e-01
1.119999999999987450e+00,6.789563317996105685e-01,7.351576747563592917e-03,3.471472037731574423e-01,0.000000000000000000e+00,8.132539174367686696e-02,1.790219620473932141e-02,0.000000000000000000e+00,1.154520630836486816e+00,7.232908606529235840e-01,5.250858068466186523e-01,5.704454183578491211e-01,7.458065748214721680e-01,6.052887439727783203e-01
1.139999999999985247e+00,6.821760724282315280e-01,1.252230667689785415e-02,3.095595147301423711e-01,0.000000000000000000e+00,8.467705002592978980e-02,2.201002789192412976e-02,0.000000000000000000e+00,1.151767730712890625e+00,7.255454659461975098e-01,5.321784615516662598e-01,5.719618201255798340e-01,7.438198924064636230e-01,5.906643271446228027e-01
1.159999999999983045e+00,6.855017766090265585e-01,1.742026834456861240e-02,2.653702531860244740e-01,0.000000000000000000e+00,8.818203410162482603e-02,2.586197108034127279e-02,0.000000000000000000e+00,1.149365305900573730e+00,7.272624373435974121e-01,5.393353104591369629e-01,5.738514661788940430e-01,7.414323091506958008e-01,5.780565738677978516e-01
1.179999999999980842e+00,6.889411453319463918e-01,2.196684106483470789e-02,2.155795923224498589e-01,0.000000000000000000e+00,9.184604909613151846e-02,2.922520777042400542e-02,0.000000000000000000e+00,1.147293567657470703e+00,7.284732460975646973e-01,5.461493730545043945e-01,5.758572816848754883e-01,7.389014959335327148e-01,5.675351619720458984e-01
1.199999999999978639e+00,6.924907070453061309e-01,2.608996730906665285e-02,1.613254634392440601e-01,0.000000000000000000e+00,9.561954443928870340e-02,3.177346606144428737e-02,0.000000000000000000e+00,1.145523905754089355e+00,7.292317152023315430e-01,5.525919198989868164e-01,5.780155658721923828e-01,7.363680005073547363e-01,5.589311718940734863e-01
1.219999999999976437e+00,6.961057856474692773e-01,2.971262472106145358e-02,1.038089841369466138e-01,0.000000000000000000e+00,9.941119803597428528e-02,3.322099739148986347e-02,0.000000000000000000e+00,1.144006013870239258e+00,7.295547127723693848e-01,5.589209198951721191e-01,5.805761218070983887e-01,7.338555455207824707e-01,5.519949793815612793e-01
1.239999999999974234e+00,6.997369992920288162e-01,3.274270295882397708e-02,4.418625592373167515e-02,0.000000000000000000e+00,1.031452509729504641e-01,3.343107969746936248e-02,0.000000000000000000e+00,1.142659425735473633e+00,7.294335365295410156e-01,5.656346678733825684e-01,5.839471817016601562e-01,7.312714457511901855e-01,5.463465452194213867e-01
1.259999999999972031e+00,7.033494792682678520e-01,3.509966990581064872e-02,-1.637383002279275968e-02,0.000000000000000000e+00,1.067702705715606187e-01,3.242017521232977428e-02,0.000000000000000000e+00,1.141391277313232422e+00,7.288069725036621094e-01,5.733261108398437500e-01,5.886260271072387695e-01,7.284436821937561035e-01,5.416607260704040527e-01
1.279999999999969829e+00,7.069195295280854552e-01,3.671718652086902734e-02,-7.670574413911315781e-02,0.000000000000000000e+00,1.102535678744070297e-01,3.029368569749939927e-02,0.000000000000000000e+00,1.140079855918884277e+00,7.275549769401550293e-01,5.826015472412109375e-01,5.951629281044006348e-01,7.251391410827636719e-01,5.377594232559204102e-01
1.299999999999967626e+00,7.104302882963747789e-01,3.754493016030924224e-02,-1.356498218804801370e-01,0.000000000000000000e+00,1.135689424499891909e-01,2.718209877521370402e-02,0.000000000000000000e+00,1.138546347618103027e+00,7.254770398139953613e-01,5.939623117446899414e-01,6.040745377540588379e-01,7.210767269134521484e-01,5.347821116447448730e-01
1.319999999999965423e+00,7.138615428159454934e-01,3.754996879708322188e-02,-1.920469522579621724e-01,0.000000000000000000e+00,1.166856220355639573e-01,2.321159196330413108e-02,0.000000000000000000e+00,1.136564970016479492e+00,7.223097681999206543e-01,6.076509952545166016e-01,6.157042980194091797e-01,7.159411311149597168e-01,5.333353877067565918e-01
1.339999999999963221e+00,7.171932117960116981e-01,3.672266133820234479e-02,-2.447883862276012124e-01,0.000000000000000000e+00,1.195853222472286620e-01,1.850574842551134039e-02,0.000000000000000000e+00,1.133971929550170898e+00,7.178449034690856934e-01,6.235328316688537598e-01,6.300691366195678711e-01,7.094179987907409668e-01,5.343363285064697266e-01
1.359999999999961018e+00,7.204191685069382123e-01,3.507925630369879144e-02,-2.928212033099538703e-01,0.000000000000000000e+00,1.222737577823238692e-01,1.320388980227360683e-02,0.000000000000000000e+00,1.130824327468872070e+00,7.120659351348876953e-01,6.410350799560546875e-01,6.467010378837585449e-01,7.012997865676879883e-01,5.385233163833618164e-01
1.379999999999958815e+00,7.235530517639757742e-01,3.266326712143324817e-02,-3.351733518902638709e-01,0.000000000000000000e+00,1.247821826337935369e-01,7.486401390199205579e-03,0.000000000000000000e+00,1.127424240112304688e+00,7.051441073417663574e-01,6.592455506324768066e-01,6.646875143051147461e-01,6.916122436523437500e-01,5.461367368698120117e-01
1.399999999999956612e+00,7.266284285816325683e-01,2.955126112175482378e-02,-3.709721851001958060e-01,0.000000000000000000e+00,1.271630876730568127e-01,1.571149329615210109e-03,0.000000000000000000e+00,1.124174118041992188e+00,6.973041296005249023e-01,6.771398782730102539e-01,6.830226182937622070e-01,6.807265281677246094e-01,5.570855736732482910e-01
1.419999999999954410e+00,7.296551377131496041e-01,2.582613625984614414e-02,-3.994594502331856867e-01,0.000000000000000000e+00,1.294150276113408826e-01,-4.333098911167034689e-03,0.000000000000000000e+00,1.121446490287780762e+00,6.887242794036865234e-01,6.936768293380737305e-01,7.008254528045654297e-01,6.694364547729492188e-01,5.712172985076904297e-01
1.439999999999952207e+00,7.326247033941859499e-01,2.157461095522195116e-02,-4.201046868883646646e-01,0.000000000000000000e+00,1.315656259692971342e-01,-1.001932080831836012e-02,0.000000000000000000e+00,1.119575977325439453e+00,6.796176433563232422e-01,7.078164815902709961e-01,7.172567248344421387e-01,6.588075757026672363e-01,5.882898569107055664e-01
1.459999999999950004e+00,7.355572996148511677e-01,1.690121414713235959e-02,-4.325365343252533523e-01,0.000000000000000000e+00,1.336456088166097511e-01,-1.529699196274917489e-02,0.000000000000000000e+00,1.118719220161437988e+00,6.704294085502624512e-01,7.188496589660644531e-01,7.314925789833068848e-01,6.496634483337402344e-01,6.073030233383178711e-01
1.479999999999947802e+00,7.384707391353504402e-01,1.191630475796801036e-02,-4.365212488034361793e-01,0.000000000000000000e+00,1.356768602656364675e-01,-2.001714303263544409e-02,0.000000000000000000e+00,1.118611216545104980e+00,6.616793870925903320e-01,7.268006801605224609e-01,7.429978251457214355e-01,6.421085000038146973e-01,6.263593435287475586e-01
1.499999999999945599e+00,7.413844450804600861e-01,6.724203175231424634e-03,-4.319620359626868411e-01,0.000000000000000000e+00,1.376793216960204569e-01,-2.407282902814357473e-02,0.000000000000000000e+00,1.118832945823669434e+00,6.536682844161987305e-01,7.321012616157531738e-01,7.517067193984985352e-01,6.358318328857421875e-01,6.440232396125793457e-01
1.519999999999943396e+00,7.443237505985077496e-01,1.424698061502582824e-03,-4.189277357414381009e-01,0.000000000000000000e+00,1.396670352738290100e-01,-2.739874739297105607e-02,0.000000000000000000e+00,1.119142889976501465e+00,6.464481353759765625e-01,7.351143360137939453e-01,7.578772306442260742e-01,6.306086182594299316e-01,6.600711345672607422e-01
1.539999999999941194e+00,7.473156743803645030e-01,-3.887487701191072453e-03,-3.976749304248725636e-01,0.000000000000000000e+00,1.416361350710880762e-01,-2.996259319748418096e-02,0.000000000000000000e+00,1.119423627853393555e+00,6.399647593498229980e-01,7.360351681709289551e-01,7.617775797843933105e-01,6.263903975486755371e-01,6.748270392417907715e-01
1.559999999999938991e+00,7.503766107239902006e-01,-9.120194334686859694e-03,-3.686408815373074521e-01,0.000000000000000000e+00,1.435812559640234909e-01,-3.175842947369668379e-02,0.000000000000000000e+00,1.119592070579528809e+00,6.341570019721984863e-01,7.349684834480285645e-01,7.635666131973266602e-01,6.232036352157592773e-01,6.885910034179687500e-01
1.579999999999936788e+00,7.535154058981602399e-01,-1.418997342740202505e-02,-3.324287450064850602e-01,0.000000000000000000e+00,1.454946522575436829e-01,-3.280324029782587247e-02,0.000000000000000000e+00,1.119619011878967285e+00,6.289951801300048828e-01,7.319725751876831055e-01,7.633413076400756836e-01,6.210718154907226562e-01,7.015457153320312500e-01
1.599999999999934586e+00,7.567425307740955898e-01,-1.901798208747251806e-02,-2.898123922876063019e-01,0.000000000000000000e+00,1.473675345131557068e-01,-3.312810718482701172e-02,0.000000000000000000e+00,1.119590282440185547e+00,6.245434880256652832e-01,7.270885705947875977e-01,7.612237334251403809e-01,6.200162768363952637e-01,7.137284874916076660e-01
1.619999999999932383e+00,7.600709387455610866e-01,-2.352867931999147455e-02,-2.417096286026043095e-01,0.000000000000000000e+00,1.492003146678572700e-01,-3.277375376081399783e-02,0.000000000000000000e+00,1.119719147682189941e+00,6.209858655929565430e-01,7.204629778861999512e-01,7.574690580368041992e-01,6.200461387634277344e-01,7.249479889869689941e-01
1.639999999999930180e+00,7.635032973982757154e-01,-2.765421197773859641e-02,-1.891782969796551861e-01,0.000000000000000000e+00,1.509642554191855390e-01,-3.178996536354364993e-02,0.000000000000000000e+00,1.120275735855102539e+00,6.185856461524963379e-01,7.124061584472656250e-01,7.524526119232177734e-01,6.211457848548889160e-01,7.347677946090698242e-01
1.659999999999927978e+00,7.670038402933618826e-01,-3.132281948345405631e-02,-1.333372707673579904e-01,0.000000000000000000e+00,1.526004571554899214e-01,-3.020165418092929030e-02,0.000000000000000000e+00,1.121506452560424805e+00,6.175888180732727051e-01,7.031859159469604492e-01,7.464593052864074707e-01,6.233116388320922852e-01,7.427605986595153809e-01
1.679999999999925775e+00,7.705294699197208219e-01,-3.444707122964357771e-02,-7.523928221832572316e-02,0.000000000000000000e+00,1.540639294890045474e-01,-2.803165770685050670e-02,0.000000000000000000e+00,1.123577833175659180e+00,6.181053519248962402e-01,6.926615834236145020e-01,7.393732070922851562e-01,6.266068220138549805e-01,7.489216327667236328e-01
1.699999999999923572e+00,7.740497237045188550e-01,-3.694902993389859169e-02,-1.593566046019091048e-02,0.000000000000000000e+00,1.553347828694141008e-01,-2.530916297214861124e-02,0.000000000000000000e+00,1.126597166061401367e+00,6.202320456504821777e-01,6.803124547004699707e-01,7.306837439537048340e-01,6.312228441238403320e-01,7.534151077270507812e-01
1.719999999999921370e+00,7.775443047732945034e-01,-3.876170902690517783e-02,4.352305351165782626e-02,0.000000000000000000e+00,1.564033732376107488e-01,-2.206644164655051366e-02,0.000000000000000000e+00,1.130652785301208496e+00,6.241388320922851562e-01,6.653892397880554199e-01,7.195852994918823242e-01,6.374983191490173340e-01,7.563014626502990723e-01
1.739999999999919167e+00,7.809994368520623009e-01,-3.982925745118942595e-02,1.020784206853320442e-01,0.000000000000000000e+00,1.572649702056863608e-01,-1.834104357691996798e-02,0.000000000000000000e+00,1.135830879211425781e+00,6.300870776176452637e-01,6.471421718597412109e-01,7.051741480827331543e-01,6.458901166915893555e-01,7.573359608650207520e-01
1.759999999999916964e+00,7.843996003993903843e-01,-4.010740573760884775e-02,1.586387090007632117e-01,0.000000000000000000e+00,1.579051575702244414e-01,-1.418446249185344697e-02,0.000000000000000000e+00,1.142137050628662109e+00,6.383172869682312012e-01,6.253999471664428711e-01,6.870545148849487305e-01,6.567706465721130371e-01,7.558690309524536133e-01
1.779999999999914762e+00,7.877247301668917068e-01,-3.956767932169769075e-02,2.121051884020566103e-01,0.000000000000000000e+00,1.583372956148245414e-01,-9.660620297611326179e-03,0.000000000000000000e+00,1.149250984191894531e+00,6.486874818801879883e-01,6.014348268508911133e-01,6.663323640823364258e-01,6.699521541595458984e-01,7.511940002441406250e-01
1.799999999999912559e+00,7.909635672554233832e-01,-3.820254889598856396e-02,2.613760427755694171e-01,0.000000000000000000e+00,1.586063157668578805e-01,-4.864886771021672413e-03,0.000000000000000000e+00,1.156341075897216797e+00,6.602942347526550293e-01,5.779531002044677734e-01,6.457036733627319336e-01,6.843651533126831055e-01,7.433867454528808594e-01
1.819999999999910356e+00,7.941218071308574489e-01,-3.602771071560156857e-02,3.053477235044707583e-01,0.000000000000000000e+00,1.587622313350232628e-01,8.874668798065782891e-05,0.000000000000000000e+00,1.162461757659912109e+00,6.718457341194152832e-01,5.573943257331848145e-01,6.276411414146423340e-01,6.986390352249145508e-01,7.334354519844055176e-01
1.839999999999908153e+00,7.972229934616623659e-01,-3.309250165550803313e-02,3.429417387502788905e-01,0.000000000000000000e+00,1.588654772731251941e-01,5.062381147514564278e-03,0.000000000000000000e+00,1.167093634605407715e+00,6.824372410774230957e-01,5.406515598297119141e-01,6.128956675529479980e-01,7.118281126022338867e-01,7.223935127258300781e-01
1.859999999999905951e+00,8.002990532739742147e-01,-2.947072591208566017e-02,3.731338957912311294e-01,0.000000000000000000e+00,1.589415511700719430e-01,9.923388379978496585e-03,0.000000000000000000e+00,1.170123577117919922e+00,6.916859745979309082e-01,5.276442170143127441e-01,6.010673046112060547e-01,7.233543395996093750e-01,7.108830809593200684e-01
1.879999999999903748e+00,8.033408437389744083e-01,-2.524206863459388384e-02,3.950900218481347981e-01,0.000000000000000000e+00,1.590094406936610194e-01,1.453671673844135828e-02,0.000000000000000000e+00,1.171573877334594727e+00,6.995297670364379883e-01,5.181355476379394531e-01,5.915599465370178223e-01,7.328523397445678711e-01,6.989688277244567871e-01
1.899999999999901545e+00,8.063653380151803995e-01,-2.051467792246358668e-02,4.082176818164028331e-01,0.000000000000000000e+00,1.591169468944768350e-01,1.875423010827418496e-02,0.000000000000000000e+00,1.171394824981689453e+00,7.060334682464599609e-01,5.120840072631835938e-01,5.839787721633911133e-01,7.400931715965270996e-01,6.861616373062133789e-01
1.919999999999899343e+00,8.093936521244652349e-01,-1.541781808176817536e-02,4.121565037626741534e-01,0.000000000000000000e+00,1.592927270475953394e-01,2.244322425709236249e-02,0.000000000000000000e+00,1.169543027877807617e+00,7.113316655158996582e-01,5.094950199127197266e-01,5.780982971191406250e-01,7.449888586997985840e-01,6.716352105140686035e-01
1.939999999999897140e+00,8.124462967922480017e-01,-1.008203842453098131e-02,4.067974248809237414e-01,0.000000000000000000e+00,1.595519902329688988e-01,2.549611996090804175e-02,0.000000000000000000e+00,1.166327714920043945e+00,7.156023979187011719e-01,5.101426243782043457e-01,5.738673806190490723e-01,7.476239800453186035e-01,6.550582051277160645e-01
1.959999999999894937e+00,8.155483308977906631e-01,-4.634710091435678692e-03,3.923034255977875251e-01,0.000000000000000000e+00,1.598940880809872345e-01,2.784824964408099193e-02,0.000000000000000000e+00,1.162530064582824707e+00,7.191197276115417480e-01,5.134510397911071777e-01,5.714226961135864258e-01,7.484037876129150391e-01,6.373404860496520996e-01
1.979999999999892735e+00,8.187244761887574329e-01,8.055876392781269324e-04,3.690917571059840752e-01,0.000000000000000000e+00,1.603182322629772560e-01,2.946115242975410817e-02,0.000000000000000000e+00,1.158897638320922852e+00,7.221323251724243164e-01,5.187090635299682617e-01,5.707781910896301270e-01,7.478624582290649414e-01,6.199795603752136230e-01
1.999999999999890532e+00,8.219855423814059758e-01,6.130522413718586527e-03,3.377729786172037896e-01,0.000000000000000000e+00,1.608365661292807391e-01,3.032281597335305043e-02,0.000000000000000000e+00,1.155706644058227539e+00,7.247022390365600586e-01,5.252219438552856445e-01,5.715251564979553223e-01,7.463903427124023438e-01,6.039572954177856445e-01
2.019999999999888551e+00,8.253354685198733831e-01,1.124821788859353688e-02,2.991046169555627299e-01,8.950383953826365202e-01,1.614292971611566707e-01,3.046597513175769087e-02,1.000000000000000000e+00,1.152926564216613770e+00,7.267846465110778809e-01,5.323151350021362305e-01,5.730536580085754395e-01,7.442808151245117188e-01,5.897102952003479004e-01
2.039999999999886349e+00,8.287811529220420192e-01,1.607678647658761228e-02,2.539752930030051981e-01,9.062335717418193992e-01,1.620882121590525304e-01,2.994525842499415336e-02,1.000000000000000000e+00,1.152789711952209473e+00,7.304407358169555664e-01,5.410332083702087402e-01,5.787919759750366211e-01,7.413262128829956055e-01,5.775562524795532227e-01
2.059999999999884146e+00,8.323327519215729664e-01,2.054128043545594418e-02,2.033723430774344587e-01,9.175795203255828758e-01,1.628018413443542978e-01,2.882033652898787282e-02,1.000000000000000000e+00,1.150560140609741211e+00,7.313586473464965820e-01,5.472826957702636719e-01,5.803083777427673340e-01,7.387496232986450195e-01,5.677147507667541504e-01
2.079999999999881943e+00,8.359810174665320837e-01,2.457311420629321175e-02,1.484559731521947756e-01,9.279350330091025167e-01,1.635134083829038465e-01,2.714904747318773459e-02,1.000000000000000000e+00,1.148694753646850586e+00,7.319113612174987793e-01,5.531727671623229980e-01,5.819722414016723633e-01,7.362069487571716309e-01,5.596866011619567871e-01
2.099999999999879741e+00,8.396772334385639303e-01,2.808958176424380948e-02,9.043878922127078501e-02,9.363631656492042987e-01,1.641494579276094601e-01,2.495331582970826065e-02,1.000000000000000000e+00,1.147146940231323242e+00,7.320881485939025879e-01,5.589625835418701172e-01,5.840448737144470215e-01,7.336961030960083008e-01,5.532726049423217773e-01
2.119999999999877538e+00,8.433746679433300475e-01,3.099794482437756571e-02,3.050780624458962476e-02,9.426380639302257558e-01,1.646673481767940150e-01,2.225066577116383004e-02,1.000000000000000000e+00,1.145841121673583984e+00,7.318756580352783203e-01,5.650894641876220703e-01,5.869005918502807617e-01,7.311338186264038086e-01,5.481375455856323242e-01
2.139999999999875335e+00,8.470408305798635684e-01,3.321939058526496291e-02,-3.014363527315975025e-02,9.468078099579856355e-01,1.650380648251978111e-01,1.905852393223133462e-02,1.000000000000000000e+00,1.144695281982421875e+00,7.312340140342712402e-01,5.720901489257812500e-01,5.909993052482604980e-01,7.283743023872375488e-01,5.439417958259582520e-01
2.159999999999873133e+00,8.506536610681256771e-01,3.469046654752599990e-02,-9.034154767921100115e-02,9.489605015239931385e-01,1.652378978871930915e-01,1.540270025458334059e-02,1.000000000000000000e+00,1.143611669540405273e+00,7.300860285758972168e-01,5.805900096893310547e-01,5.969010591506958008e-01,7.252088189125061035e-01,5.403965711593627930e-01
2.179999999999870930e+00,8.541966923683805835e-01,3.536449774091682263e-02,-1.489277123880565767e-01,9.490449740707768145e-01,1.652409612855485488e-01,1.132150023150616663e-02,1.000000000000000000e+00,1.142455220222473145e+00,7.282771468162536621e-01,5.911787152290344238e-01,6.051800847053527832e-01,7.213741540908813477e-01,5.374804139137268066e-01
2.199999999999868727e+00,8.576489915804008657e-01,3.521254631443543337e-02,-2.047550661535980643e-01,9.470923619744809896e-01,1.650491037646230619e-01,6.864485000111586119e-03,1.000000000000000000e+00,1.141058802604675293e+00,7.255875468254089355e-01,6.040985584259033203e-01,6.161632537841796875e-01,7.165914773941040039e-01,5.357130169868469238e-01
2.219999999999866525e+00,8.609921114460851177e-01,3.422907008296277587e-02,-2.567302620301472049e-01,9.433671496154877323e-01,1.647049445602777329e-01,2.129073219205683543e-03,1.000000000000000000e+00,1.139302372932434082e+00,7.218464612960815430e-01,6.190222501754760742e-01,6.297023892402648926e-01,7.106116414070129395e-01,5.361085534095764160e-01
2.239999999999864322e+00,8.642231365015087263e-01,3.243332807763704695e-02,-3.038107798746278454e-01,9.381593166500949987e-01,1.642575494994757135e-01,-2.765597248389034882e-03,1.000000000000000000e+00,1.137191414833068848e+00,7.169865369796752930e-01,6.353455781936645508e-01,6.453500986099243164e-01,7.032087445259094238e-01,5.396607518196105957e-01
2.259999999999862119e+00,8.673593932148513375e-01,2.987241669164936164e-02,-3.450289076292779589e-01,9.319357227961259094e-01,1.637626971061175718e-01,-7.680956666297621312e-03,1.000000000000000000e+00,1.134870529174804688e+00,7.109811305999755859e-01,6.525768637657165527e-01,6.626904606819152832e-01,6.942179203033447266e-01,5.469512939453125000e-01
2.279999999999859916e+00,8.704368553736755443e-01,2.662459084430668366e-02,-3.795058833716769553e-01,9.253119628999586510e-01,1.632734763455129245e-01,-1.247406207851092623e-02,1.000000000000000000e+00,1.132637739181518555e+00,7.038994431495666504e-01,6.700363755226135254e-01,6.811333894729614258e-01,6.838388442993164062e-01,5.581574440002441406e-01
2.299999999999857714e+00,8.734584351568173144e-01,2.277063296417503047e-02,-4.064886543882033076e-01,9.182655582511254355e-01,1.627879190090498751e-01,-1.702278890543949125e-02,1.000000000000000000e+00,1.130913615226745605e+00,6.959766745567321777e-01,6.864981055259704590e-01,6.995913386344909668e-01,6.729125976562500000e-01,5.731121897697448730e-01
2.319999999999855511e+00,8.764222461680721832e-01,1.839971658012790057e-02,-4.254513351228453866e-01,9.114529520355419967e-01,1.623467859986092721e-01,-2.120536389928681653e-02,1.000000000000000000e+00,1.130041480064392090e+00,6.875454783439636230e-01,7.005171179771423340e-01,7.166175246238708496e-01,6.626723408699035645e-01,5.911202430725097656e-01
2.339999999999853308e+00,8.793511296198646132e-01,1.361972889179713375e-02,-4.360261056216959696e-01,9.055957012629560765e-01,1.619861124050631374e-01,-2.491159422579400373e-02,1.000000000000000000e+00,1.129880189895629883e+00,6.789559125900268555e-01,7.113206982612609863e-01,7.309628725051879883e-01,6.539413928985595703e-01,6.104090809822082520e-01
2.359999999999851106e+00,8.822637461522162550e-01,8.542021515513975594e-03,-4.379902684694855775e-01,9.011423573202184123e-01,1.617214661976262013e-01,-2.806222393769757656e-02,1.000000000000000000e+00,1.129950046539306641e+00,6.706138253211975098e-01,7.190803885459899902e-01,7.421575784683227539e-01,6.467681527137756348e-01,6.288552284240722656e-01
2.379999999999848903e+00,8.851822537809507230e-01,3.273385031534070677e-03,-4.312776707123307518e-01,8.982704797938894092e-01,1.615545539940966002e-01,-3.061267562759159566e-02,1.000000000000000000e+00,1.129997611045837402e+00,6.628656983375549316e-01,7.242749333381652832e-01,7.504572272300720215e-01,6.408800482749938965e-01,6.455367803573608398e-01
2.399999999999846700e+00,8.881341009263464814e-01,-2.083843380887573371e-03,-4.160100364548409146e-01,8.969190425587996174e-01,1.614769695884580025e-01,-3.254984520912937440e-02,1.000000000000000000e+00,1.130022168159484863e+00,6.558519601821899414e-01,7.272235751152038574e-01,7.562929987907409668e-01,6.360992193222045898e-01,6.606131792068481445e-01
2.419999999999844498e+00,8.911458084830866655e-01,-7.431524718763404813e-03,-3.925082836444411805e-01,8.978066249446274849e-01,1.615280239608503920e-01,-3.385592324568776484e-02,1.000000000000000000e+00,1.130070090293884277e+00,6.495882868766784668e-01,7.280567288398742676e-01,7.599377632141113281e-01,6.323831677436828613e-01,6.744853854179382324e-01
2.439999999999842295e+00,8.942309942564866665e-01,-1.267620596285717882e-02,-3.612705476945300975e-01,9.008583628292849976e-01,1.617053548324191292e-01,-3.453914053928278105e-02,1.000000000000000000e+00,1.130151391029357910e+00,6.440653204917907715e-01,7.268249988555908203e-01,7.615080475807189941e-01,6.297421455383300781e-01,6.874316334724426270e-01
2.459999999999840092e+00,8.973986668015960788e-01,-1.773383932216443526e-02,-3.229607077574904173e-01,9.057653410307944242e-01,1.619974070903601182e-01,-3.462946521048455156e-02,1.000000000000000000e+00,1.130268216133117676e+00,6.392826437950134277e-01,7.235590815544128418e-01,7.610692381858825684e-01,6.281757950782775879e-01,6.996186971664428711e-01
2.479999999999837890e+00,9.006601065783749194e-01,-2.252482814605732964e-02,-2.784057175490410874e-01,9.122856661560715397e-01,1.624004770632932748e-01,-3.415569207515398165e-02,1.000000000000000000e+00,1.130489945411682129e+00,6.353158950805664062e-01,7.182942032814025879e-01,7.587093114852905273e-01,6.276819109916687012e-01,7.110619544982910156e-01
2.499999999999835687e+00,9.040285836657560026e-01,-2.697342969922772449e-02,-2.285704569432112643e-01,9.199834531337864885e-01,1.629025066198169502e-01,-3.314821444688133972e-02,1.000000000000000000e+00,1.130985498428344727e+00,6.323460340499877930e-01,7.111646533012390137e-01,7.546167969703674316e-01,6.282515525817871094e-01,7.215386033058166504e-01
2.519999999999833484e+00,9.074973740921428167e-01,-3.101281380516224262e-02,-1.745681906148549012e-01,9.277708643258810728e-01,1.634463802268738553e-01,-3.163679667106309573e-02,1.000000000000000000e+00,1.131984829902648926e+00,6.306288242340087891e-01,7.024305462837219238e-01,7.490710020065307617e-01,6.298717856407165527e-01,7.306103706359863281e-01
2.539999999999831282e+00,9.110235821369730980e-01,-3.456255222830290075e-02,-1.175237258427829640e-01,9.345916631914622519e-01,1.639617357980200918e-01,-2.962423554480502624e-02,1.000000000000000000e+00,1.133714079856872559e+00,6.303980946540832520e-01,6.922692060470581055e-01,7.422569990158081055e-01,6.325693130493164062e-01,7.379166483879089355e-01
2.559999999999829079e+00,9.145667362626338504e-01,-3.753395133495446290e-02,-5.851852176524886817e-02,9.399909040341094535e-01,1.644050148806153189e-01,-2.711527276105634571e-02,1.000000000000000000e+00,1.136331200599670410e+00,6.317805647850036621e-01,6.804541945457458496e-01,7.339686155319213867e-01,6.364682316780090332e-01,7.434692978858947754e-01
2.579999999999826876e+00,9.180993316838359508e-01,-3.984985898575921226e-02,1.359645563779375219e-03,9.437887089712493349e-01,1.647446429131434464e-01,-2.411891319119824698e-02,1.000000000000000000e+00,1.139952659606933594e+00,6.349402666091918945e-01,6.664152741432189941e-01,7.236153483390808105e-01,6.418533921241760254e-01,7.473084926605224609e-01
2.599999999999824674e+00,9.216031041684911163e-01,-4.144436296570663814e-02,6.102347504633032910e-02,9.459017060784454811e-01,1.649542054204375940e-01,-2.065239133260930032e-02,1.000000000000000000e+00,1.144677758216857910e+00,6.401127576828002930e-01,6.494107842445373535e-01,7.103454470634460449e-01,6.491718292236328125e-01,7.492960095405578613e-01
2.619999999999822471e+00,9.250647936094251733e-01,-4.226367531180147408e-02,1.193720270713866521e-01,9.462011894167340342e-01,1.650065161440204820e-01,-1.674129479351138539e-02,1.000000000000000000e+00,1.150514245033264160e+00,6.475008130073547363e-01,6.289858222007751465e-01,6.934832334518432617e-01,6.588810086250305176e-01,7.489907741546630859e-01
2.639999999999820268e+00,9.284662900554222498e-01,-4.226672650224472250e-02,1.752720816998002973e-01,9.446953246684830496e-01,1.648964317097597332e-01,-1.241564582168230325e-02,1.000000000000000000e+00,1.157129764556884766e+00,6.569291353225708008e-01,6.058747172355651855e-01,6.735180020332336426e-01,6.709800362586975098e-01,7.458156943321228027e-01
2.659999999999818066e+00,9.317887486299258892e-01,-4.143126511024403102e-02,2.275910344716351730e-01,9.416925566792525570e-01,1.646567384945667456e-01,-7.749122734723829301e-03,1.000000000000000000e+00,1.163671255111694336e+00,6.674991846084594727e-01,5.825577974319458008e-01,6.528518199920654297e-01,6.845183372497558594e-01,7.396600246429443359e-01
2.679999999999815863e+00,9.350263977470479881e-01,-3.975787771569866402e-02,2.751865538298337022e-01,9.375426294082636058e-01,1.643278648287027077e-01,-2.838473365417822948e-03,1.000000000000000000e+00,1.169206380844116211e+00,6.779628992080688477e-01,5.618519186973571777e-01,6.344012022018432617e-01,6.980262398719787598e-01,7.312339544296264648e-01
2.699999999999813660e+00,9.381922009254531902e-01,-3.727556276196464236e-02,3.169291121340588324e-01,9.326902795195526341e-01,1.639559641656821998e-01,2.195735368033408311e-03,1.000000000000000000e+00,1.173310160636901855e+00,6.874963641166687012e-01,5.449703931808471680e-01,6.193882226943969727e-01,7.104942202568054199e-01,7.215366959571838379e-01
2.719999999999811457e+00,9.413186795657711992e-01,-3.405046162151320610e-02,3.517424224593055926e-01,9.278141589588221327e-01,1.635972056655301543e-01,7.213167020760738110e-03,1.000000000000000000e+00,1.175943136215209961e+00,6.957933306694030762e-01,5.318011641502380371e-01,6.074774861335754395e-01,7.214578986167907715e-01,7.112705707550048828e-01
2.739999999999809255e+00,9.444195711567537899e-01,-3.016238070082855049e-02,3.786585039001526543e-01,9.229077301720677307e-01,1.632490909062521978e-01,1.208304972180733461e-02,1.000000000000000000e+00,1.177165985107421875e+00,7.028447985649108887e-01,5.219719409942626953e-01,5.979985594749450684e-01,7.306976318359375000e-01,7.006570100784301758e-01
2.759999999999807052e+00,9.474909628217793589e-01,-2.570473055334632217e-02,3.969726877604640158e-01,9.185348130218503604e-01,1.629480070242123324e-01,1.665803837246182875e-02,1.000000000000000000e+00,1.177026987075805664e+00,7.088241577148437500e-01,5.152848958969116211e-01,5.904931426048278809e-01,7.381528615951538086e-01,6.893815398216247559e-01
2.779999999999804849e+00,9.505554691719665383e-01,-2.080096572585621306e-02,4.062144219958745417e-01,9.153635105124507954e-01,1.627324106407406767e-01,2.078710737367983619e-02,1.000000000000000000e+00,1.175560235977172852e+00,7.139217257499694824e-01,5.117130875587463379e-01,5.847440361976623535e-01,7.437548041343688965e-01,6.768471598625183105e-01
2.799999999999802647e+00,9.536314068216136253e-01,-1.558364957207664103e-02,4.061492943384908405e-01,9.138407481816039901e-01,1.626249277870197296e-01,2.434206776869912020e-02,1.000000000000000000e+00,1.172902584075927734e+00,7.182292938232421875e-01,5.111600160598754883e-01,5.806023478507995605e-01,7.473563551902770996e-01,6.625527739524841309e-01
2.819999999999800444e+00,9.567406644748304156e-01,-1.018344131914217243e-02,3.967950417680310427e-01,9.141613545450650857e-01,1.626350349405284168e-01,2.722502872374710572e-02,1.000000000000000000e+00,1.169385313987731934e+00,7.217904329299926758e-01,5.132707357406616211e-01,5.779178738594055176e-01,7.489777803421020508e-01,6.464964747428894043e-01
2.839999999999798241e+00,9.599089272938646777e-01,-4.723921711655476585e-03,3.784307845653131497e-01,9.161523306429952829e-01,1.627532846770928521e-01,2.938386853410847321e-02,1.000000000000000000e+00,1.165493845939636230e+00,7.246911525726318359e-01,5.175000429153442383e-01,5.765977501869201660e-01,7.489637732505798340e-01,6.295049786567687988e-01
2.859999999999796039e+00,9.631562575552317096e-01,6.793878940342112926e-04,3.515671647544299505e-01,9.197753577204711428e-01,1.629834775803652713e-01,3.078280947726772659e-02,1.000000000000000000e+00,1.161725163459777832e+00,7.270475625991821289e-01,5.232207179069519043e-01,5.765220522880554199e-01,7.477597594261169434e-01,6.129902601242065430e-01
2.879999999999793836e+00,9.664883368039336453e-01,5.924386331989328625e-03,3.168858808308705477e-01,9.249410470177782395e-01,1.633305230345087622e-01,3.141938616411631136e-02,1.000000000000000000e+00,1.158363103866577148e+00,7.289469838142395020e-01,5.297617316246032715e-01,5.773640871047973633e-01,7.457645535469055176e-01,5.980533957481384277e-01
2.899999999999791633e+00,9.699099943904968546e-01,1.092242076644295290e-02,2.752205314053572938e-01,9.311675525477547399e-01,1.637758888109542843e-01,3.133243989854001682e-02,1.000000000000000000e+00,1.155459523200988770e+00,7.304347753524780273e-01,5.364741683006286621e-01,5.786629915237426758e-01,7.433392405509948730e-01,5.851176381111145020e-01
2.919999999999789431e+00,9.734295360920472984e-01,1.559215628741189574e-02,2.275386893723552184e-01,9.380953756970840107e-01,1.643114173567764569e-01,3.057401784488038635e-02,1.000000000000000000e+00,1.152992248535156250e+00,7.315415740013122559e-01,5.428945422172546387e-01,5.800893902778625488e-01,7.407688498497009277e-01,5.742222666740417480e-01
2.939999999999787228e+00,9.770536349742902082e-01,1.985921465294210320e-02,1.749341599563815630e-01,9.451196226690918856e-01,1.649089755383938150e-01,2.920673583291135203e-02,1.000000000000000000e+00,1.150928616523742676e+00,7.322943210601806641e-01,5.489012002944946289e-01,5.815929770469665527e-01,7.382060289382934570e-01,5.652162432670593262e-01
2.959999999999785025e+00,9.807525674649180125e-01,2.365564281253479395e-02,1.186247563901095814e-01,9.512517232818216151e-01,1.654913203634630625e-01,2.727586687454324962e-02,1.000000000000000000e+00,1.149229526519775391e+00,7.326942682266235352e-01,5.546455383300781250e-01,5.833510160446166992e-01,7.356933951377868652e-01,5.579121708869934082e-01
2.979999999999782823e+00,9.844734357866073982e-01,2.689303459928737983e-02,5.978239956684089362e-02,9.559438685817964743e-01,1.659903012811455025e-01,2.480551939656354746e-02,1.000000000000000000e+00,1.147838354110717773e+00,7.327322363853454590e-01,5.604655146598815918e-01,5.856817960739135742e-01,7.331957221031188965e-01,5.520507097244262695e-01
2.999999999999780620e+00,9.881755570771288966e-01,2.948702551103166147e-02,-4.230568004031085884e-04,9.591551456224798322e-01,1.663683828570723389e-01,2.181757655806008944e-02,1.000000000000000000e+00,1.146683335304260254e+00,7.323887348175048828e-01,5.668378472328186035e-01,5.889941453933715820e-01,7.306053638458251953e-01,5.472899079322814941e-01
3.019999999999778417e+00,9.918313469312440844e-01,3.136682365523851823e-02,-6.081876858684321513e-02,9.609707005514132039e-01,1.665979700044289968e-01,1.833445541201825929e-02,1.000000000000000000e+00,1.145684242248535156e+00,7.316121459007263184e-01,5.743330717086791992e-01,5.937882661819458008e-01,7.277526259422302246e-01,5.433109998703002930e-01
3.039999999999776215e+00,9.954222922640835192e-01,3.247632483828238881e-02,-1.202425980949281131e-01,9.614334336832777161e-01,1.666545590283669276e-01,1.438569799142388507e-02,1.000000000000000000e+00,1.144727945327758789e+00,7.302899360656738281e-01,5.835682749748229980e-01,6.006343364715576172e-01,7.244052886962890625e-01,5.399339199066162109e-01
3.059999999999774012e+00,9.989313403241981693e-01,3.277569316351258699e-02,-1.775321642562094071e-01,9.603943725954763311e-01,1.665093957723931817e-01,1.001280319313783800e-02,1.000000000000000000e+00,1.143650412559509277e+00,7.282247543334960938e-01,5.949893593788146973e-01,6.099997162818908691e-01,7.202920913696289062e-01,5.373804569244384766e-01
3.079999999999771809e+00,1.002337013004484856e+00,3.224492499130632295e-02,-2.315547753827547350e-01,9.577928009750034111e-01,1.661766690898703325e-01,5.276496613671206176e-03,1.000000000000000000e+00,1.142285466194152832e+00,7.252123951911926270e-01,6.085539460182189941e-01,6.219690442085266113e-01,7.151536941528320312e-01,5.364362001419067383e-01
3.099999999999769607e+00,1.005626899517132911e+00,3.088897706550053357e-02,-2.812348345739892896e-01,9.536997094894413829e-01,1.657056424668941486e-01,2.894204830879684763e-04,1.000000000000000000e+00,1.140575170516967773e+00,7.211657166481018066e-01,6.237522363662719727e-01,6.362147331237792969e-01,7.087676525115966797e-01,5.381430387496948242e-01
3.119999999999767404e+00,1.008807116893199574e+00,2.873793293698473361e-02,-3.255598609336389782e-01,9.482952676164033701e-01,1.651520055777254692e-01,-4.817815696001647406e-03,1.000000000000000000e+00,1.138601541519165039e+00,7.160643935203552246e-01,6.400797963142395020e-01,6.523581743240356445e-01,7.009165287017822266e-01,5.432956814765930176e-01
3.139999999999765201e+00,1.011904262865161108e+00,2.585392826114424336e-02,-3.636045726376757048e-01,9.420558080750932595e-01,1.645804161685880951e-01,-9.895380992262857445e-03,1.000000000000000000e+00,1.136563897132873535e+00,7.098881006240844727e-01,6.571211218833923340e-01,6.700598597526550293e-01,6.915178894996643066e-01,5.522972345352172852e-01
3.159999999999762998e+00,1.014949384477730421e+00,2.231940033626528264e-02,-3.945309901669536989e-01,9.352078523629114848e-01,1.640135081721928179e-01,-1.480789548140653070e-02,1.000000000000000000e+00,1.134778738021850586e+00,7.027279734611511230e-01,6.740199327468872070e-01,6.885668039321899414e-01,6.810098290443420410e-01,5.651971697807312012e-01
3.179999999999760796e+00,1.017930847496951285e+00,1.821526449455374008e-02,-4.176939945796444009e-01,9.279471389270679271e-01,1.634644267210405288e-01,-1.942942784591212071e-02,1.000000000000000000e+00,1.133617639541625977e+00,6.948081851005554199e-01,6.894084811210632324e-01,7.065866589546203613e-01,6.704289913177490234e-01,5.816685557365417480e-01
3.199999999999758593e+00,1.020863320496975257e+00,1.363946275437005751e-02,-4.326408230104515362e-01,9.210456330640723888e-01,1.629808994700644165e-01,-2.363427622634634365e-02,1.000000000000000000e+00,1.133220434188842773e+00,6.864538192749023438e-01,7.020026445388793945e-01,7.225869297981262207e-01,6.609334349632263184e-01,6.004837155342102051e-01
3.219999999999756390e+00,1.023769178730538965e+00,8.704275673933559165e-03,-4.390696981496012286e-01,9.151856721250335447e-01,1.625935825701109450e-01,-2.731727293616811880e-02,1.000000000000000000e+00,1.133238554000854492e+00,6.780382990837097168e-01,7.114569544792175293e-01,7.355790138244628906e-01,6.529915928840637207e-01,6.194782853126525879e-01
3.239999999999754188e+00,1.026668092347128525e+00,3.518936558455365571e-03,-4.368265626812446456e-01,9.108445930014833491e-01,1.623178824117866847e-01,-3.040229848796485723e-02,1.000000000000000000e+00,1.133289098739624023e+00,6.699934005737304688e-01,7.181243300437927246e-01,7.454655766487121582e-01,6.464552879333496094e-01,6.370043754577636719e-01
3.259999999999751985e+00,1.029585442423796016e+00,-1.810620491962677825e-03,-4.259319509603338161e-01,9.082074270736464339e-01,1.621544172846779708e-01,-3.285096446134980197e-02,1.000000000000000000e+00,1.133280754089355469e+00,6.625959873199462891e-01,7.224102616310119629e-01,7.526525259017944336e-01,6.410911679267883301e-01,6.527617573738098145e-01
3.279999999999749782e+00,1.032549968354098624e+00,-7.183794613621508063e-03,-4.066056356876013855e-01,9.072736053524913524e-01,1.620972080392649728e-01,-3.464872962746708140e-02,1.000000000000000000e+00,1.133267641067504883e+00,6.559308171272277832e-01,7.245235443115234375e-01,7.575176358222961426e-01,6.368013620376586914e-01,6.671023368835449219e-01
3.299999999999747580e+00,1.035582930087636022e+00,-1.250263253902156313e-02,-3.792614034615410801e-01,9.085955884257361781e-01,1.621783424499437798e-01,-3.578059030554297387e-02,1.000000000000000000e+00,1.133300185203552246e+00,6.500130295753479004e-01,7.245274782180786133e-01,7.602468132972717285e-01,6.335839033126831055e-01,6.803858280181884766e-01
3.319999999999745377e+00,1.038694045867443849e+00,-1.767777061013875439e-02,-3.444785171982863714e-01,9.119691573546441221e-01,1.623888009627522111e-01,-3.626119387752621548e-02,1.000000000000000000e+00,1.133393287658691406e+00,6.448472738265991211e-01,7.224407196044921875e-01,7.609142065048217773e-01,6.314526796340942383e-01,6.928391456604003906e-01
3.339999999999743174e+00,1.041893246743596846e+00,-2.262682559940276672e-02,-3.030043751804075702e-01,9.170875785107475142e-01,1.627183193299226727e-01,-3.612378097096648893e-02,1.000000000000000000e+00,1.133577942848205566e+00,6.404668092727661133e-01,7.182739973068237305e-01,7.595774531364440918e-01,6.304094195365905762e-01,7.045755386352539062e-01
3.359999999999740972e+00,1.045193198028025794e+00,-2.727115578991140543e-02,-2.557361090768525691e-01,9.236566039186943078e-01,1.631620877129472957e-01,-3.539968982985856882e-02,1.000000000000000000e+00,1.133965969085693359e+00,6.369935274124145508e-01,7.120885848999023438e-01,7.563561797142028809e-01,6.304531097412109375e-01,7.155135273933410645e-01
3.379999999999738769e+00,1.048603085154403036e+00,-3.153842124738259756e-02,-2.037107993073655476e-01,9.309860138383857509e-01,1.636911221365535130e-01,-3.412816174222269711e-02,1.000000000000000000e+00,1.134752154350280762e+00,6.346483230590820312e-01,7.040892839431762695e-01,7.514868974685668945e-01,6.315723061561584473e-01,7.253047227859497070e-01
3.399999999999736566e+00,1.052096113276080214e+00,-3.535957825379920649e-02,-1.480817729593309207e-01,9.378861014776389560e-01,1.642316096218502386e-01,-3.232783339825159863e-02,1.000000000000000000e+00,1.136167287826538086e+00,6.336979866027832031e-01,6.945573091506958008e-01,7.452468872070312500e-01,6.337666511535644531e-01,7.334688901901245117e-01
3.419999999999734364e+00,1.055626829259762367e+00,-3.864536532636186905e-02,-8.994827772504533636e-02,9.435988180299961225e-01,1.647216942059632205e-01,-3.000634612097798082e-02,1.000000000000000000e+00,1.138404369354248047e+00,6.343231797218322754e-01,6.835262179374694824e-01,7.376750111579895020e-01,6.370977759361267090e-01,7.398071289062500000e-01
3.439999999999732161e+00,1.059161278698842024e+00,-4.131197769860350810e-02,-3.040440319181061252e-02,9.478751470861982442e-01,1.651250299673573674e-01,-2.717384296330289245e-02,1.000000000000000000e+00,1.141589164733886719e+00,6.366546750068664551e-01,6.706185936927795410e-01,7.283914089202880859e-01,6.417565941810607910e-01,7.443680763244628906e-01
3.459999999999729958e+00,1.062676909246556889e+00,-4.328729183059321084e-02,2.945291106734418754e-02,9.506387585696831621e-01,1.654133936906450886e-01,-2.384523253973263104e-02,1.000000000000000000e+00,1.145816564559936523e+00,6.408789753913879395e-01,6.551596522331237793e-01,7.166547179222106934e-01,6.481025218963623047e-01,7.471385002136230469e-01
3.479999999999727756e+00,1.066158788072874453e+00,-4.451087512277152047e-02,8.852398917770082365e-02,9.518464502243174641e-01,1.655615008885654160e-01,-2.004429380666691157e-02,1.000000000000000000e+00,1.151133894920349121e+00,6.472104787826538086e-01,6.364529728889465332e-01,7.015944123268127441e-01,6.566050052642822266e-01,7.478778958320617676e-01
3.499999999999725553e+00,1.069592674968601997e+00,-4.493469893344687049e-02,1.456815857510340428e-01,9.513570828801661827e-01,1.655406911293396399e-01,-1.580148551503615315e-02,1.000000000000000000e+00,1.157374024391174316e+00,6.556702256202697754e-01,6.145023703575134277e-01,6.829496622085571289e-01,6.675342917442321777e-01,7.460888028144836426e-01
3.519999999999723350e+00,1.072958337315629951e+00,-4.452595931364783377e-02,1.997821674456195240e-01,9.492813373293308432e-01,1.653611929269180880e-01,-1.116113465587318006e-02,1.000000000000000000e+00,1.163888931274414062e+00,6.656819581985473633e-01,5.909985303878784180e-01,6.622176170349121094e-01,6.803945899009704590e-01,7.413756251335144043e-01
3.539999999999721148e+00,1.076242291359030823e+00,-4.327364643285785961e-02,2.496822510087634561e-01,9.459247820027544273e-01,1.650636023895246385e-01,-6.215361414899340554e-03,1.000000000000000000e+00,1.169677257537841797e+00,6.760473847389221191e-01,5.689557790756225586e-01,6.424381136894226074e-01,6.938359737396240234e-01,7.340462207794189453e-01
3.559999999999718945e+00,1.079448214350549051e+00,-4.119159134341693340e-02,2.942379799141498498e-01,9.416436756221160387e-01,1.646949329588879019e-01,-1.076318453268962447e-03,1.000000000000000000e+00,1.174082279205322266e+00,6.857107877731323242e-01,5.504850149154663086e-01,6.258245110511779785e-01,7.065878510475158691e-01,7.250189781188964844e-01
3.579999999999716742e+00,1.082598329160343598e+00,-3.832909290425534632e-02,3.323431675258984863e-01,9.369696790184466328e-01,1.643108427793907034e-01,4.115657379332394485e-03,1.000000000000000000e+00,1.176998496055603027e+00,6.942023038864135742e-01,5.359305739402770996e-01,6.126381754875183105e-01,7.180043458938598633e-01,7.151724100112915039e-01
3.599999999999714539e+00,1.085726396429600893e+00,-3.476433512880439114e-02,3.629684047896027943e-01,9.322296421140252587e-01,1.639393134340457747e-01,9.219744390141925913e-03,1.000000000000000000e+00,1.178532004356384277e+00,7.014363408088684082e-01,5.249176621437072754e-01,6.022595763206481934e-01,7.277770042419433594e-01,7.049848437309265137e-01
3.619999999999712337e+00,1.088823569303367211e+00,-3.058107670029586167e-02,3.852870366363566057e-01,9.275624766100312169e-01,1.635885749672677802e-01,1.409433225991655464e-02,1.000000000000000000e+00,1.178794384002685547e+00,7.075647711753845215e-01,5.170769691467285156e-01,5.940742492675781250e-01,7.358147501945495605e-01,6.943741440773010254e-01
3.639999999999710134e+00,1.091904195745279971e+00,-2.588978885977299971e-02,3.987318069245002761e-01,9.236573051455789773e-01,1.633040369071874776e-01,1.858102204095860716e-02,1.000000000000000000e+00,1.177827477455139160e+00,7.128189206123352051e-01,5.122663974761962891e-01,5.877240896224975586e-01,7.421121597290039062e-01,6.828138828277587891e-01
3.659999999999707931e+00,1.094988547241438015e+00,-2.082211666480365819e-02,4.029657400848480897e-01,9.210702276987413617e-01,1.631164579464028375e-01,2.253607658980698314e-02,1.000000000000000000e+00,1.175664186477661133e+00,7.173479199409484863e-01,5.104402303695678711e-01,5.830093622207641602e-01,7.465695142745971680e-01,6.696704626083374023e-01
3.679999999999705729e+00,1.098095373468039648e+00,-1.550960469127554697e-02,3.978906180779355206e-01,9.201626841259411549e-01,1.630439660019892267e-01,2.584140870255295652e-02,1.000000000000000000e+00,1.172482371330261230e+00,7.211612462997436523e-01,5.114151239395141602e-01,5.797722339630126953e-01,7.490505576133728027e-01,6.546427011489868164e-01
3.699999999999703526e+00,1.101248450118414990e+00,-1.007988683942945274e-02,3.836659860039876024e-01,9.210224538762885604e-01,1.630905973446772073e-01,2.842214589086707738e-02,1.000000000000000000e+00,1.168665289878845215e+00,7.242744565010070801e-01,5.147495269775390625e-01,5.778828263282775879e-01,7.497147321701049805e-01,6.381293535232543945e-01
3.719999999999701323e+00,1.104472234609230163e+00,-4.651995756392746095e-03,3.606997309534005214e-01,9.233133929551191610e-01,1.632367087021216467e-01,3.024117849057711069e-02,1.000000000000000000e+00,1.164731860160827637e+00,7.267830967903137207e-01,5.198452472686767578e-01,5.772570967674255371e-01,7.489791512489318848e-01,6.213690042495727539e-01
3.739999999999699121e+00,1.107778024557403596e+00,6.639574334053044424e-04,3.295993943664835002e-01,9.271982815076045270e-01,1.635015640413758353e-01,3.127740448580892951e-02,1.000000000000000000e+00,1.161113142967224121e+00,7.288064956665039062e-01,5.260351896286010742e-01,5.776925683021545410e-01,7.472785115242004395e-01,6.057547330856323242e-01
3.759999999999696918e+00,1.111169363932845044e+00,5.773638611300146994e-03,2.911268770076071988e-01,9.323264704373013245e-01,1.638728117389616212e-01,3.155173795237189299e-02,1.000000000000000000e+00,1.157967209815979004e+00,7.304223179817199707e-01,5.326517224311828613e-01,5.787801146507263184e-01,7.450030446052551270e-01,5.920110940933227539e-01
3.779999999999694715e+00,1.114652421931533022e+00,1.059217714423110746e-02,2.461895756092803700e-01,9.383086428447274807e-01,1.643376535195279764e-01,3.111539396084046435e-02,1.000000000000000000e+00,1.155288219451904297e+00,7.316688895225524902e-01,5.391398668289184570e-01,5.801091194152832031e-01,7.424809336662292480e-01,5.802922248840332031e-01
3.799999999999692513e+00,1.118236559789342000e+00,1.504086021075895507e-02,1.958169802123385095e-01,9.447623691505585564e-01,1.648853768861727742e-01,3.002481849213951490e-02,1.000000000000000000e+00,1.153039813041687012e+00,7.325734496116638184e-01,5.452352762222290039e-01,5.815037488937377930e-01,7.399205565452575684e-01,5.704927444458007812e-01
3.819999999999690310e+00,1.121913884831200026e+00,1.905140072543465291e-02,1.411823870555734828e-01,9.508537955783405993e-01,1.654599859534784945e-01,2.834336996058749170e-02,1.000000000000000000e+00,1.151185154914855957e+00,7.331473827362060547e-01,5.509918332099914551e-01,5.830545425415039062e-01,7.374026179313659668e-01,5.624196529388427734e-01
3.839999999999688107e+00,1.125635963910368353e+00,2.254617446589890495e-02,8.349179520624100403e-02,9.557784899570109793e-01,1.659811099397024980e-01,2.609960590434346264e-02,1.000000000000000000e+00,1.149684667587280273e+00,7.333785295486450195e-01,5.566573143005371094e-01,5.850257277488708496e-01,7.349289059638977051e-01,5.558857321739196777e-01
3.859999999999685905e+00,1.129354672312604446e+00,2.543609722662609762e-02,2.390970910576346864e-02,9.592979153093645905e-01,1.663968074503379968e-01,2.332083635994226106e-02,1.000000000000000000e+00,1.148479104042053223e+00,7.332593202590942383e-01,5.626495480537414551e-01,5.877931118011474609e-01,7.324265241622924805e-01,5.505759716033935547e-01
3.879999999999683702e+00,1.133036568045653780e+00,2.764434873028931428e-02,-3.638827440658753964e-02,9.614652598553953267e-01,1.666762790309637421e-01,2.003062157823836537e-02,1.000000000000000000e+00,1.147501349449157715e+00,7.327547669410705566e-01,5.694840550422668457e-01,5.918109416961669922e-01,7.297603487968444824e-01,5.461752414703369141e-01
3.899999999999681499e+00,1.136659129735924090e+00,2.910786554661370928e-02,-9.623452361238205022e-02,9.623543806785627153e-01,1.667949096195195935e-01,1.625793161363560391e-02,1.000000000000000000e+00,1.146658301353454590e+00,7.317833304405212402e-01,5.777511596679687500e-01,5.976134538650512695e-01,7.267315387725830078e-01,5.424352288246154785e-01
3.919999999999679297e+00,1.140206188892963102e+00,2.977930009915941145e-02,-1.544696309201309126e-01,9.619030354658422155e-01,1.667259632668653124e-01,1.204206134259499551e-02,1.000000000000000000e+00,1.145802378654479980e+00,7.301799654960632324e-01,5.879775881767272949e-01,6.057120561599731445e-01,7.230888605117797852e-01,5.393871068954467773e-01
3.939999999999677094e+00,1.143657770787741335e+00,2.962848243666332815e-02,-2.099397143835586288e-01,9.599033855679375282e-01,1.664522479117486742e-01,7.431218836583035336e-03,1.000000000000000000e+00,1.144746780395507812e+00,7.277290821075439453e-01,6.003333330154418945e-01,6.163479089736938477e-01,7.185709476470947266e-01,5.375760197639465332e-01
3.959999999999674891e+00,1.146995463006280414e+00,2.864830820331304428e-02,-2.615452326405164896e-01,9.563406290737308524e-01,1.660123349573107698e-01,2.508564594960698349e-03,1.000000000000000000e+00,1.143377423286437988e+00,7.243083119392395020e-01,6.144700050354003906e-01,6.293346881866455078e-01,7.129536271095275879e-01,5.379649996757507324e-01
3.979999999999672688e+00,1.150216091877764857e+00,2.685657125919077570e-02,-3.082419566181416881e-01,9.513027194619876337e-01,1.654615582545715669e-01,-2.605041468521644872e-03,1.000000000000000000e+00,1.141733765602111816e+00,7.199165225028991699e-01,6.298611760139465332e-01,6.443119645118713379e-01,7.060263752937316895e-01,5.414638519287109375e-01
3.999999999999670486e+00,1.153336713935223301e+00,2.429876110216855345e-02,-3.490624941545938942e-01,9.450813235125965495e-01,1.648600225780051387e-01,-7.768830134531652318e-03,1.000000000000000000e+00,1.139966964721679688e+00,7.145306468009948730e-01,6.461791396141052246e-01,6.610547304153442383e-01,6.975917816162109375e-01,5.486407279968261719e-01
4.019999999999677165e+00,1.156393357933838129e+00,2.105155551499793276e-02,-3.831289313835705701e-01,9.382079444700032189e-01,1.642656322017275183e-01,-1.283572246254250510e-02,1.000000000000000000e+00,1.138306260108947754e+00,7.081334590911865234e-01,6.629097461700439453e-01,6.791295409202575684e-01,6.877667307853698730e-01,5.597326755523681641e-01
4.039999999999683844e+00,1.159391244990069847e+00,1.719510800997314792e-02,-4.096855795730932059e-01,9.306861451416844622e-01,1.636765812275039478e-01,-1.767830368437096553e-02,1.000000000000000000e+00,1.137054800987243652e+00,7.008363604545593262e-01,6.789249181747436523e-01,6.974784135818481445e-01,6.773002743721008301e-01,5.746085643768310547e-01
4.059999999999690523e+00,1.162328996580595852e+00,1.281778285757134705e-02,-4.282024119878354851e-01,9.231056490929336888e-01,1.631318257948902728e-01,-2.216665447441710374e-02,1.000000000000000000e+00,1.136466026306152344e+00,6.928838491439819336e-01,6.928071379661560059e-01,7.145765423774719238e-01,6.673665046691894531e-01,5.924978256225585938e-01
4.079999999999697202e+00,1.165230588260820932e+00,8.027251327488105215e-03,-4.383077477194880500e-01,9.162730381581455363e-01,1.626734630603850207e-01,-2.617919624910357637e-02,1.000000000000000000e+00,1.136405467987060547e+00,6.846108436584472656e-01,7.037129402160644531e-01,7.290527224540710449e-01,6.588037014007568359e-01,6.115356683731079102e-01
4.099999999999703881e+00,1.168115849832452424e+00,2.935583563562382814e-03,-4.397786943354152212e-01,9.108213350680358644e-01,1.623254746034974993e-01,-2.962410623138288582e-02,1.000000000000000000e+00,1.136474251747131348e+00,6.764583587646484375e-01,7.116944789886474609e-01,7.403749227523803711e-01,6.517091989517211914e-01,6.296634078025817871e-01
4.119999999999710560e+00,1.171007879811009289e+00,-2.349102788632206895e-03,-4.325553652388292591e-01,9.071310589513356115e-01,1.620973903216050005e-01,-3.243891575945691969e-02,1.000000000000000000e+00,1.136473655700683594e+00,6.688115000724792480e-01,7.171509265899658203e-01,7.487863302230834961e-01,6.458564996719360352e-01,6.460325121879577637e-01
4.139999999999717240e+00,1.173934750329090004e+00,-7.722954983410301733e-03,-4.167718571066015842e-01,9.052079827545230772e-01,1.619806229858761493e-01,-3.460127952149433944e-02,1.000000000000000000e+00,1.136425375938415527e+00,6.618440747261047363e-01,7.203667759895324707e-01,7.547170519828796387e-01,6.410990357398986816e-01,6.608071923255920410e-01
4.159999999999723919e+00,1.176923139619029168e+00,-1.308616730737621747e-02,-3.927639535494540368e-01,9.053853344764807298e-01,1.619912614893905534e-01,-3.609219848705289696e-02,1.000000000000000000e+00,1.136404633522033691e+00,6.556056737899780273e-01,7.214446663856506348e-01,7.584382295608520508e-01,6.374077796936035156e-01,6.743846535682678223e-01
4.179999999999730598e+00,1.179986502925897351e+00,-1.834382148201729734e-02,-3.610443971970800359e-01,9.078677613035015526e-01,1.621424245214593551e-01,-3.691002448161277705e-02,1.000000000000000000e+00,1.136458873748779297e+00,6.501218080520629883e-01,7.203950881958007812e-01,7.600547075271606445e-01,6.348034143447875977e-01,6.870495080947875977e-01
4.199999999999737277e+00,1.183133880790848691e+00,-2.341045781662315362e-02,-3.222907789878881046e-01,9.123026398821569849e-01,1.624191048923894209e-01,-3.707955468876136806e-02,1.000000000000000000e+00,1.136615395545959473e+00,6.454157829284667969e-01,7.172116637229919434e-01,7.596157193183898926e-01,6.332963705062866211e-01,6.989777684211730957e-01
4.219999999999743956e+00,1.186376661991481063e+00,-2.820515834188014326e-02,-2.773415745342974748e-01,9.184090714662401789e-01,1.628155396489334161e-01,-3.663383384174185436e-02,1.000000000000000000e+00,1.136945605278015137e+00,6.415696740150451660e-01,7.119113802909851074e-01,7.571969032287597656e-01,6.328917741775512695e-01,7.101884484291076660e-01
4.239999999999750635e+00,1.189728220898502276e+00,-3.265115166293752758e-02,-2.271721818441042595e-01,9.257417581539566509e-01,1.633197130969035737e-01,-3.560778833503209367e-02,1.000000000000000000e+00,1.137602567672729492e+00,6.387598514556884766e-01,7.046298384666442871e-01,7.529777884483337402e-01,6.335846781730651855e-01,7.204489707946777344e-01
4.259999999999757314e+00,1.193180934565718498e+00,-3.668118417889665306e-02,-1.729090160526958186e-01,9.332100888505534542e-01,1.638730461193088073e-01,-3.403685407848634770e-02,1.000000000000000000e+00,1.138797640800476074e+00,6.372408866882324219e-01,6.956473588943481445e-01,7.472375035285949707e-01,6.353645920753479004e-01,7.292910218238830566e-01
4.279999999999763993e+00,1.196691599419198226e+00,-4.021343003105376512e-02,-1.156877430110155036e-01,9.397486202516118770e-01,1.644015741817019538e-01,-3.192766105713946978e-02,1.000000000000000000e+00,1.140743851661682129e+00,6.372517943382263184e-01,6.851810812950134277e-01,7.401764988899230957e-01,6.382569670677185059e-01,7.363134622573852539e-01
4.299999999999770672e+00,1.200220389467229198e+00,-4.315886258290180244e-02,-5.660666202668637043e-02,9.449050629723060313e-01,1.648590259744817099e-01,-2.929200367137124381e-02,1.000000000000000000e+00,1.143584251403808594e+00,6.389220356941223145e-01,6.730560064315795898e-01,7.316148877143859863e-01,6.423811316490173340e-01,7.414901852607727051e-01
4.319999999999777351e+00,1.203740439798854700e+00,-4.544007839109626135e-02,3.227603842414284493e-03,9.485486084078689206e-01,1.652149182985736819e-01,-2.614282621744945870e-02,1.000000000000000000e+00,1.147413849830627441e+00,6.424033045768737793e-01,6.587336063385009766e-01,7.209702730178833008e-01,6.480150222778320312e-01,7.448517084121704102e-01
4.339999999999784031e+00,1.207234032783863986e+00,-4.699110733869410472e-02,6.270830136729936555e-02,9.506439555708643407e-01,1.654438914678296457e-01,-2.250065954620130218e-02,1.000000000000000000e+00,1.152289390563964844e+00,6.478847861289978027e-01,6.414754390716552734e-01,7.073711752891540527e-01,6.555833816528320312e-01,7.462990880012512207e-01
4.359999999999790710e+00,1.210688257037364934e+00,-4.775851188012469883e-02,1.207143023697250794e-01,9.511009842790593138e-01,1.655179442160685799e-01,-1.839505604581249606e-02,1.000000000000000000e+00,1.158131480216979980e+00,6.554690003395080566e-01,6.208614110946655273e-01,6.901562213897705078e-01,6.654700636863708496e-01,7.454862594604492188e-01
4.379999999999797389e+00,1.214085034796890561e+00,-4.770210944994868196e-02,1.760939062683046785e-01,9.498406984670866304e-01,1.654198169247921291e-01,-1.386046650682796685e-02,1.000000000000000000e+00,1.164471626281738281e+00,6.648207902908325195e-01,5.978177785873413086e-01,6.699982285499572754e-01,6.775215268135070801e-01,7.419623136520385742e-01
4.399999999999804068e+00,1.217406330899831968e+00,-4.680145433236959640e-02,2.276993195444640128e-01,9.471398300982074581e-01,1.651817731513360588e-01,-8.968673213642915781e-03,1.000000000000000000e+00,1.170367956161499023e+00,6.749165654182434082e-01,5.750629901885986328e-01,6.495428681373596191e-01,6.906597018241882324e-01,7.357069849967956543e-01
4.419999999999810747e+00,1.220648123008339692e+00,-4.505996206602380649e-02,2.743790449654940344e-01,9.433527438111145580e-01,1.648503245820346075e-01,-3.825920803022210374e-03,1.000000000000000000e+00,1.174976825714111328e+00,6.845719814300537109e-01,5.553362369537353516e-01,6.316351294517517090e-01,7.034937739372253418e-01,7.274155616760253906e-01
4.439999999999817426e+00,1.223825226855128401e+00,-4.251181927163749652e-02,3.150065842900386381e-01,9.389084689880411450e-01,1.644761684438617033e-01,1.435529173260548979e-03,1.000000000000000000e+00,1.178065776824951172e+00,6.931453943252563477e-01,5.395928621292114258e-01,6.172617673873901367e-01,7.151834368705749512e-01,7.180159091949462891e-01
4.459999999999824105e+00,1.226971575926245617e+00,-3.922818671501959731e-02,3.485233697900881333e-01,9.343994639072867869e-01,1.641139519711722339e-01,6.667533253673265346e-03,1.000000000000000000e+00,1.179766654968261719e+00,7.004799246788024902e-01,5.275844335556030273e-01,6.060148477554321289e-01,7.253359556198120117e-01,7.081665992736816406e-01
4.479999999999830784e+00,1.230093780863647179e+00,-3.529090133650525374e-02,3.740082179761498593e-01,9.297903650390159092e-01,1.637593909305893602e-01,1.173173338966064516e-02,1.000000000000000000e+00,1.180255889892578125e+00,7.066785097122192383e-01,5.188639760017395020e-01,5.972293019294738770e-01,7.337821125984191895e-01,6.980276107788085938e-01
4.499999999999837463e+00,1.233191780442106200e+00,-3.079847034178018195e-02,3.908136606468057273e-01,9.256216866599641380e-01,1.634502189666602601e-01,1.647165232821944450e-02,1.000000000000000000e+00,1.179623961448669434e+00,7.119945883750915527e-01,5.131410360336303711e-01,5.904058814048767090e-01,7.405444383621215820e-01,6.871925592422485352e-01
4.519999999999844142e+00,1.236287473307316365e+00,-2.587767267705387564e-02,3.985226234659961508e-01,9.225206252659201578e-01,1.632243202489286338e-01,2.073134483381533499e-02,1.000000000000000000e+00,1.177872180938720703e+00,7.166420817375183105e-01,5.103151798248291016e-01,5.852532386779785156e-01,7.456101179122924805e-01,6.749933958053588867e-01
4.539999999999850822e+00,1.239397971736674098e+00,-2.066072838099197728e-02,3.969488362190187192e-01,9.209517595501705012e-01,1.631063192604099987e-01,2.438046215567423250e-02,1.000000000000000000e+00,1.175052404403686523e+00,7.206490635871887207e-01,5.103084444999694824e-01,5.815927982330322266e-01,7.488075494766235352e-01,6.609386801719665527e-01
4.559999999999857501e+00,1.242544755131736123e+00,-1.527736500344845094e-02,3.861539547329307376e-01,9.211258541719804516e-01,1.631065591280469462e-01,2.732123131951569306e-02,1.000000000000000000e+00,1.171416878700256348e+00,7.239618897438049316e-01,5.128172636032104492e-01,5.792728662490844727e-01,7.501116991043090820e-01,6.451007723808288574e-01
4.579999999999864180e+00,1.245752727292644746e+00,-9.849759694527671083e-03,3.664541088316155548e-01,9.228912753361828702e-01,1.632159990777594660e-01,2.950444189743943804e-02,1.000000000000000000e+00,1.167430520057678223e+00,7.266160845756530762e-01,5.173040032386779785e-01,5.781956911087036133e-01,7.498396635055541992e-01,6.284161210060119629e-01
4.599999999999870859e+00,1.249039323985254413e+00,-4.492618818268456771e-03,3.383877682146771426e-01,9.260915101461474341e-01,1.634300315478381671e-01,3.090152988925429223e-02,1.000000000000000000e+00,1.163612723350524902e+00,7.287384271621704102e-01,5.231102705001831055e-01,5.782402753829956055e-01,7.484396100044250488e-01,6.123751997947692871e-01
4.619999999999877538e+00,1.252408738358376183e+00,6.934722830017059358e-04,3.026581356330751427e-01,9.307018197372488588e-01,1.637575172941335699e-01,3.151342297581147256e-02,1.000000000000000000e+00,1.160253047943115234e+00,7.304424643516540527e-01,5.295526981353759766e-01,5.790860652923583984e-01,7.463337182998657227e-01,5.980277657508850098e-01
4.639999999999884217e+00,1.255865527248605451e+00,5.620162082664970082e-03,2.601190228044642505e-01,9.362782729199234932e-01,1.641804707927265461e-01,3.138121402496960727e-02,1.000000000000000000e+00,1.157389760017395020e+00,7.317876219749450684e-01,5.360309481620788574e-01,5.803036093711853027e-01,7.438838481903076172e-01,5.856778621673583984e-01
4.659999999999890896e+00,1.259417764718631538e+00,1.020604449732148700e-02,2.117537145877667337e-01,9.424978545509358208e-01,1.646918333712105997e-01,3.055891780910917344e-02,1.000000000000000000e+00,1.154984354972839355e+00,7.328037619590759277e-01,5.421783328056335449e-01,5.816204547882080078e-01,7.413426041603088379e-01,5.752643346786499023e-01
4.679999999999897575e+00,1.263069526913594753e+00,1.437789737736505646e-02,1.586750866804677307e-01,9.487510348115043568e-01,1.652594134547580307e-01,2.911148815507000331e-02,1.000000000000000000e+00,1.152995347976684570e+00,7.335062623023986816e-01,5.479531884193420410e-01,5.830386877059936523e-01,7.388275265693664551e-01,5.665964484214782715e-01
4.699999999999904254e+00,1.266785718773241420e+00,1.806700099124813885e-02,1.021057965649244947e-01,9.541175577248038886e-01,1.658044424314517040e-01,2.708163370980786258e-02,1.000000000000000000e+00,1.151388525962829590e+00,7.338865995407104492e-01,5.535417199134826660e-01,5.847700834274291992e-01,7.363641262054443359e-01,5.594947934150695801e-01
4.719999999999910933e+00,1.270513759184709990e+00,2.118483229570178317e-02,4.321643550284639396e-02,9.581223938571914456e-01,1.662599401574830216e-01,2.449679058433655576e-02,1.000000000000000000e+00,1.150119304656982422e+00,7.339367270469665527e-01,5.592965483665466309e-01,5.871577262878417969e-01,7.339103221893310547e-01,5.537040829658508301e-01
4.739999999999917613e+00,1.274214569264056518e+00,2.364968412443457790e-02,-1.681851005290661144e-02,9.607507468281494267e-01,1.665897066976072260e-01,2.138384933419032463e-02,1.000000000000000000e+00,1.149131298065185547e+00,7.336356043815612793e-01,5.656909942626953125e-01,5.906267166137695312e-01,7.313580513000488281e-01,5.489145517349243164e-01
4.759999999999924292e+00,1.277861694945890525e+00,2.539327716442052463e-02,-7.682587973479353127e-02,9.620845620556190969e-01,1.667677189093775825e-01,1.777021420624268558e-02,1.000000000000000000e+00,1.148348093032836914e+00,7.329216599464416504e-01,5.732773542404174805e-01,5.956763625144958496e-01,7.285378575325012207e-01,5.448595881462097168e-01
4.779999999999930971e+00,1.281437367030521912e+00,2.636221116709192014e-02,-1.356452781102373550e-01,9.621378149415015235e-01,1.667706468595977487e-01,1.369212671907449157e-02,1.000000000000000000e+00,1.147640943527221680e+00,7.316582798957824707e-01,5.826004147529602051e-01,6.028203964233398438e-01,7.252218127250671387e-01,5.414656996726989746e-01
4.799999999999937650e+00,1.284924150304592727e+00,2.651938593594865834e-02,-1.921171050592837826e-01,9.607039758980614463e-01,1.665693323515808899e-01,9.196474610969547145e-03,1.000000000000000000e+00,1.146820783615112305e+00,7.296344637870788574e-01,5.939569473266601562e-01,6.123875975608825684e-01,7.211551070213317871e-01,5.390943288803100586e-01
4.819999999999944329e+00,1.288301158898333965e+00,2.584810252330721481e-02,-2.451190051119835622e-01,9.576442957786071020e-01,1.661777671192146144e-01,4.343867178889337759e-03,1.000000000000000000e+00,1.145731329917907715e+00,7.266940474510192871e-01,6.071563363075256348e-01,6.243125200271606445e-01,7.161095142364501953e-01,5.385810136795043945e-01
4.839999999999951008e+00,1.291558394851592517e+00,2.435643971532869267e-02,-2.935858004534327992e-01,9.529970317797372692e-01,1.656494011291548274e-01,-7.550683584422567939e-04,1.000000000000000000e+00,1.144372820854187012e+00,7.228395342826843262e-01,6.216898560523986816e-01,6.382641196250915527e-01,7.098891139030456543e-01,5.408654808998107910e-01
4.859999999999957687e+00,1.294705200870871931e+00,2.207771192009760908e-02,-3.365190877133331093e-01,9.469568174778201231e-01,1.650442029444379455e-01,-5.968272160884229710e-03,1.000000000000000000e+00,1.142876863479614258e+00,7.180856466293334961e-01,6.372187733650207520e-01,6.540451049804687500e-01,7.022729516029357910e-01,5.466266870498657227e-01
4.879999999999964366e+00,1.297771379258027435e+00,1.907789990495312171e-02,-3.730085008147849823e-01,9.400576373903009042e-01,1.644299518448513187e-01,-1.114541776703274062e-02,1.000000000000000000e+00,1.141426086425781250e+00,7.123740911483764648e-01,6.534532308578491211e-01,6.714513301849365234e-01,6.931852102279663086e-01,5.562310218811035156e-01
4.899999999999971045e+00,1.300782537699018082e+00,1.543816524591323791e-02,-4.022332695795232116e-01,9.324476864745427918e-01,1.638199231191433958e-01,-1.615290481163744046e-02,1.000000000000000000e+00,1.140243530273437500e+00,7.057127952575683594e-01,6.695492863655090332e-01,6.896859407424926758e-01,6.831002235412597656e-01,5.696876645088195801e-01
4.919999999999977724e+00,1.303728250447378834e+00,1.124040772084716755e-02,-4.235842409580593548e-01,9.244495254080777880e-01,1.632350661749463749e-01,-2.086091725066996708e-02,1.000000000000000000e+00,1.139570236206054688e+00,6.982418894767761230e-01,6.841784119606018066e-01,7.073585391044616699e-01,6.730443239212036133e-01,5.865104794502258301e-01
4.939999999999984404e+00,1.306628263702073189e+00,6.585544743122118128e-03,-4.366302130845943208e-01,9.169009083639293456e-01,1.627235332366554210e-01,-2.513940208575946716e-02,1.000000000000000000e+00,1.139433383941650391e+00,6.902515888214111328e-01,6.961909532546997070e-01,7.229179143905639648e-01,6.640615463256835938e-01,6.052015423774719238e-01
4.959999999999991083e+00,1.309504775885256045e+00,1.586751862017621306e-03,-4.410928045839198619e-01,9.105442815504568577e-01,1.623168047692233051e-01,-2.888209970474515248e-02,1.000000000000000000e+00,1.139516711235046387e+00,6.821533441543579102e-01,7.052850723266601562e-01,7.354499697685241699e-01,6.565217375755310059e-01,6.236262917518615723e-01
4.979999999999997762e+00,1.312379107128793798e+00,-3.646229561075797765e-03,-4.368498349498480260e-01,9.059227816317743098e-01,1.620324223495522298e-01,-3.201035628871604782e-02,1.000000000000000000e+00,1.139550805091857910e+00,6.743928790092468262e-01,7.117424011230468750e-01,7.449370026588439941e-01,6.502756476402282715e-01,6.404669880867004395e-01
5.000000000000004441e+00,1.315278112643303299e+00,-9.006791145419856814e-03,-4.239659309457357583e-01,9.032632937308209264e-01,1.618724771669411977e-01,-3.448363933708920720e-02,1.000000000000000000e+00,1.139501094818115234e+00,6.672315597534179688e-01,7.158839106559753418e-01,7.517836093902587891e-01,6.451492309570312500e-01,6.556084156036376953e-01
5.020000000000011120e+00,1.318230608601041798e+00,-1.439346257907270221e-02,-4.027096318455524182e-01,9.025140102565099021e-01,1.618277824495909512e-01,-3.628474256046220620e-02,1.000000000000000000e+00,1.139444231986999512e+00,6.607617139816284180e-01,7.178610563278198242e-01,7.563318014144897461e-01,6.410865187644958496e-01,6.694220304489135742e-01
5.040000000000017799e+00,1.321255123935912046e+00,-1.970757633126202224e-02,-3.735393517881118730e-01,9.041757585590028956e-01,1.619268812991702944e-01,-3.739868376511432113e-02,1.000000000000000000e+00,1.139456987380981445e+00,6.550292372703552246e-01,7.176907062530517578e-01,7.587342858314514160e-01,6.381031274795532227e-01,6.822458505630493164e-01
5.060000000000024478e+00,1.324360745466534039e+00,-2.486008773324299703e-02,-3.370769470874439011e-01,9.080178346549858670e-01,1.621603738584157794e-01,-3.783897745912943172e-02,1.000000000000000000e+00,1.139584422111511230e+00,6.500698328018188477e-01,7.153497934341430664e-01,7.590448260307312012e-01,6.362206339836120605e-01,6.942973732948303223e-01
5.080000000000031157e+00,1.327557913055225747e+00,-2.976795945266841326e-02,-2.941104736017904897e-01,9.136975202605699398e-01,1.625173284453234890e-01,-3.763842383371551747e-02,1.000000000000000000e+00,1.139881134033203125e+00,6.459470987319946289e-01,7.108273506164550781e-01,7.573155760765075684e-01,6.354497671127319336e-01,7.056631445884704590e-01
5.100000000000037836e+00,1.330859922736997936e+00,-3.435195476869823406e-02,-2.455712412493659957e-01,9.208790484150938260e-01,1.629919333882159649e-01,-3.682934799588619135e-02,1.000000000000000000e+00,1.140464305877685547e+00,6.428017020225524902e-01,7.042030096054077148e-01,7.536791563034057617e-01,6.357923150062561035e-01,7.162081003189086914e-01
5.120000000000044516e+00,1.334271731751737633e+00,-3.854115216000492117e-02,-1.925370769984443287e-01,9.286990586513376167e-01,1.635451226651413459e-01,-3.545337474004339740e-02,1.000000000000000000e+00,1.141518115997314453e+00,6.408620476722717285e-01,6.957219243049621582e-01,7.483878135681152344e-01,6.372372508049011230e-01,7.255216240882873535e-01
5.140000000000051195e+00,1.337759104288270162e+00,-4.226208825830685134e-02,-1.361714014464872891e-01,9.359265741891276136e-01,1.641005132138509404e-01,-3.352421148848190591e-02,1.000000000000000000e+00,1.143253207206726074e+00,6.403900384902954102e-01,6.856852173805236816e-01,7.417124509811401367e-01,6.397889852523803711e-01,7.331032752990722656e-01
5.160000000000057874e+00,1.341278162355807879e+00,-4.542379362242648932e-02,-7.758225624627057559e-02,9.418557715438505840e-01,1.645995764973385567e-01,-3.105289791266861374e-02,1.000000000000000000e+00,1.145830869674682617e+00,6.415424942970275879e-01,6.741036772727966309e-01,7.336425185203552246e-01,6.435182094573974609e-01,7.387909889221191406e-01
5.180000000000064553e+00,1.344797930523628171e+00,-4.794431670696436276e-02,-1.788403159621671998e-02,9.462767202846215087e-01,1.650085473470317976e-01,-2.805264860824095013e-02,1.000000000000000000e+00,1.149348735809326172e+00,6.444481015205383301e-01,6.605869531631469727e-01,7.237498760223388672e-01,6.486344933509826660e-01,7.426128983497619629e-01
5.200000000000071232e+00,1.348297988252956436e+00,-4.975329467013189788e-02,4.180679845754009527e-02,9.491362851609722595e-01,1.653009815681990013e-01,-2.454179330376820428e-02,1.000000000000000000e+00,1.153863906860351562e+00,6.492671966552734375e-01,6.444498896598815918e-01,7.112419605255126953e-01,6.555052399635314941e-01,7.445480823516845703e-01
5.220000000000077911e+00,1.351764761397137082e+00,-5.079270891276765898e-02,1.003679107808221060e-01,9.503959824631237341e-01,1.654517734885704305e-01,-2.054797604695330834e-02,1.000000000000000000e+00,1.159338355064392090e+00,6.561226844787597656e-01,6.250727176666259766e-01,6.952893137931823730e-01,6.645417809486389160e-01,7.443862557411193848e-01
5.240000000000084590e+00,1.355182931724181916e+00,-5.101744316008532953e-02,1.566461864426949291e-01,9.499070760126182567e-01,1.654309909315383464e-01,-1.610594376623200596e-02,1.000000000000000000e+00,1.165428876876831055e+00,6.648251414299011230e-01,6.028124690055847168e-01,6.759831309318542480e-01,6.758019328117370605e-01,7.417410612106323242e-01
5.260000000000091269e+00,1.358532703823464249e+00,-5.039978218644125540e-02,2.094844820461282398e-01,9.478290247649209244e-01,1.652525127015355144e-01,-1.126721184861196288e-02,1.000000000000000000e+00,1.171303153038024902e+00,6.745421886444091797e-01,5.798883438110351562e-01,6.553969383239746094e-01,6.884925365447998047e-01,7.364162802696228027e-01
5.280000000000097948e+00,1.361804481720434001e+00,-4.893539485098052921e-02,2.577274517084124361e-01,9.445266678923424086e-01,1.649615071178723025e-01,-6.132080622134186872e-03,1.000000000000000000e+00,1.176016926765441895e+00,6.840679645538330078e-01,5.593092441558837891e-01,6.365997791290283203e-01,7.012402415275573730e-01,7.288586497306823730e-01
5.300000000000104627e+00,1.365007187031698432e+00,-4.664756832718969237e-02,3.002361280337374483e-01,9.404112243941100679e-01,1.646087665628366281e-01,-8.254775923655110516e-04,1.000000000000000000e+00,1.179190397262573242e+00,6.926167607307434082e-01,5.426242947578430176e-01,6.212334036827087402e-01,7.130454182624816895e-01,7.199334502220153809e-01
5.320000000000111307e+00,1.368168713143691262e+00,-4.359807214862659874e-02,3.359313627760320276e-01,9.361021274134290193e-01,1.642552423846459220e-01,4.502586184303354090e-03,1.000000000000000000e+00,1.180950641632080078e+00,6.999616622924804688e-01,5.298188328742980957e-01,6.092131137847900391e-01,7.234295606613159180e-01,7.104027271270751953e-01
5.340000000000117986e+00,1.371311930013032754e+00,-3.986878994352516248e-02,3.638371907408772254e-01,9.316647201879735274e-01,1.639066635612430045e-01,9.710681620785652571e-03,1.000000000000000000e+00,1.181534767150878906e+00,7.061651945114135742e-01,5.204327702522277832e-01,5.999019145965576172e-01,7.321501970291137695e-01,7.006147503852844238e-01
5.360000000000124665e+00,1.374427537894261864e+00,-3.555021088212195757e-02,3.832361697060817640e-01,9.274144956366229264e-01,1.635856701019966497e-01,1.464654727697474457e-02,1.000000000000000000e+00,1.181091785430908203e+00,7.114758491516113281e-01,5.140643715858459473e-01,5.927088856697082520e-01,7.392104864120483398e-01,6.903129816055297852e-01
5.380000000000131344e+00,1.377535452842907127e+00,-3.076224556513051933e-02,3.936505886654984576e-01,9.240026295208281226e-01,1.633345115930377733e-01,1.914725132116315912e-02,1.000000000000000000e+00,1.179634809494018555e+00,7.161533832550048828e-01,5.105206370353698730e-01,5.872457027435302734e-01,7.446667551994323730e-01,6.788555383682250977e-01
5.400000000000138023e+00,1.380653017229937829e+00,-2.563745277150991653e-02,3.948295630471539419e-01,9.219505603655041570e-01,1.631821809101316745e-01,2.307262402969693232e-02,1.000000000000000000e+00,1.177138566970825195e+00,7.202787399291992188e-01,5.097398757934570312e-01,5.832822322845458984e-01,7.483947873115539551e-01,6.656330227851867676e-01
5.420000000000144702e+00,1.383799532963286616e+00,-2.030629075391476857e-02,3.867598941200166562e-01,9.215772252817225896e-01,1.631451842492697701e-01,2.631012901164248366e-02,1.000000000000000000e+00,1.173729777336120605e+00,7.237589359283447266e-01,5.115408897399902344e-01,5.806533098220825195e-01,7.502480745315551758e-01,6.504964232444763184e-01
5.440000000000151381e+00,1.386998916610527210e+00,-1.489353072405086298e-02,3.696823559568560014e-01,9.229154914473183258e-01,1.632253606171170657e-01,2.879413096326932653e-02,1.000000000000000000e+00,1.169779419898986816e+00,7.265504002571105957e-01,5.154762268066406250e-01,5.792371034622192383e-01,7.504057884216308594e-01,6.340883970260620117e-01
5.460000000000158060e+00,1.390272530523193772e+00,-9.516243328283768843e-03,3.440729786810833857e-01,9.255758093181921664e-01,1.634004563142786026e-01,3.049243818371200412e-02,1.000000000000000000e+00,1.165829658508300781e+00,7.287560701370239258e-01,5.209106206893920898e-01,5.789471268653869629e-01,7.492918372154235840e-01,6.178412437438964844e-01
5.480000000000164739e+00,1.393627014147883481e+00,-4.280532315747320737e-03,3.105885742792964255e-01,9.297037464352735370e-01,1.636898466105299876e-01,3.139185517499999689e-02,1.000000000000000000e+00,1.162290930747985840e+00,7.305189371109008789e-01,5.271472334861755371e-01,5.795515775680541992e-01,7.473557591438293457e-01,6.030666828155517578e-01
5.500000000000171418e+00,1.397065779725307877e+00,7.219288702580706207e-04,2.700380210178816576e-01,9.349125415199055489e-01,1.640786369371561859e-01,3.152003973230876194e-02,1.000000000000000000e+00,1.159271240234375000e+00,7.319276332855224609e-01,5.335580706596374512e-01,5.806443691253662109e-01,7.449898719787597656e-01,5.902556777000427246e-01
5.520000000000178098e+00,1.400595437583834091e+00,5.407441199373919094e-03,2.233677413943602752e-01,9.408565331509270990e-01,1.645569587467062556e-01,3.092973115764716119e-02,1.000000000000000000e+00,1.156737446784973145e+00,7.330206632614135742e-01,5.397122502326965332e-01,5.818930864334106445e-01,7.424811124801635742e-01,5.793935060501098633e-01
5.540000000000184777e+00,1.404224013330295229e+00,9.698995960741141342e-03,1.716449993078068559e-01,9.470956811016805199e-01,1.651079922001094102e-01,2.968112473643095064e-02,1.000000000000000000e+00,1.154641032218933105e+00,7.338150143623352051e-01,5.454903244972229004e-01,5.832232832908630371e-01,7.399785518646240234e-01,5.702919960021972656e-01
5.560000000000191456e+00,1.407930850301485570e+00,1.353036406754820620e-02,1.160787908095612109e-01,9.527327985724930448e-01,1.656631171975714301e-01,2.783086518940403389e-02,1.000000000000000000e+00,1.152945518493652344e+00,7.343070507049560547e-01,5.510309934616088867e-01,5.847964286804199219e-01,7.375252842903137207e-01,5.627540946006774902e-01
5.580000000000198135e+00,1.411663236671610866e+00,1.681802974198448597e-02,5.785753241310200023e-02,9.571098743667505460e-01,1.661463066477553985e-01,2.540648387411944750e-02,1.000000000000000000e+00,1.151617646217346191e+00,7.344842553138732910e-01,5.566310882568359375e-01,5.869234800338745117e-01,7.351019382476806641e-01,5.565760731697082520e-01
5.600000000000204814e+00,1.415377214597496325e+00,1.947670385177519004e-02,-1.847330733895541886e-03,9.601001347327455804e-01,1.665126762202709942e-01,2.243861683178080546e-02,1.000000000000000000e+00,1.150609731674194336e+00,7.343354821205139160e-01,5.627302527427673340e-01,5.900098681449890137e-01,7.326216101646423340e-01,5.514559149742126465e-01
5.620000000000211493e+00,1.419042808670521572e+00,2.143422330599320524e-02,-6.185876382848933680e-02,9.617793021059249936e-01,1.667346716229793635e-01,1.895468816372820886e-02,1.000000000000000000e+00,1.149859189987182617e+00,7.338119149208068848e-01,5.698446035385131836e-01,5.945278406143188477e-01,7.299384474754333496e-01,5.471306443214416504e-01
5.640000000000218172e+00,1.422639957613123229e+00,2.263254901579819789e-02,-1.210124531876787118e-01,9.621993361344829410e-01,1.667898208580462782e-01,1.498898540201035710e-02,1.000000000000000000e+00,1.149253964424133301e+00,7.327979803085327148e-01,5.785092115402221680e-01,6.009778976440429688e-01,7.268467545509338379e-01,5.434781312942504883e-01
5.660000000000224851e+00,1.426152578360722734e+00,2.302964378814292834e-02,-1.781494362867059866e-01,9.612217072232122073e-01,1.666499843594112240e-01,1.058623084200900968e-02,1.000000000000000000e+00,1.148611187934875488e+00,7.310932874679565430e-01,5.890820622444152832e-01,6.097283959388732910e-01,7.231036424636840820e-01,5.407420992851257324e-01
5.680000000000231530e+00,1.429559821528298080e+00,2.260179693346003882e-02,-2.321299308094580682e-01,9.585994863058603377e-01,1.663051881095170270e-01,5.800096972810344677e-03,1.000000000000000000e+00,1.147747635841369629e+00,7.285186052322387695e-01,6.014930605888366699e-01,6.207996606826782227e-01,7.184793949127197266e-01,5.396346449851989746e-01
5.700000000000238209e+00,1.432847084574158103e+00,2.134935084801470317e-02,-2.818734086920737791e-01,9.543127594716702689e-01,1.658018613118207862e-01,7.238009369114229308e-04,1.000000000000000000e+00,1.146627783775329590e+00,7.250666022300720215e-01,6.152800917625427246e-01,6.338977813720703125e-01,7.127870917320251465e-01,5.410726070404052734e-01
5.720000000000244889e+00,1.436017523920775751e+00,1.929721041157467232e-02,-3.263591872660263071e-01,9.484924751077427052e-01,1.652005043204665125e-01,-4.516189573540579059e-03,1.000000000000000000e+00,1.145374774932861328e+00,7.207952737808227539e-01,6.300666332244873047e-01,6.488186717033386230e-01,7.058169841766357422e-01,5.457974672317504883e-01
5.740000000000251568e+00,1.439094559692353670e+00,1.650075763972003173e-02,-3.646494544384436542e-01,9.415553581085538415e-01,1.645672036165175822e-01,-9.772439045983009887e-03,1.000000000000000000e+00,1.144154906272888184e+00,7.156524658203125000e-01,6.456813216209411621e-01,6.655005216598510742e-01,6.973968744277954102e-01,5.542607307434082031e-01
5.760000000000258247e+00,1.442113509021190731e+00,1.303984611084058054e-02,-3.958931604028001483e-01,9.338988587116243689e-01,1.639412851439385199e-01,-1.490324837340349998e-02,1.000000000000000000e+00,1.143132328987121582e+00,7.095733880996704102e-01,6.615319848060607910e-01,6.833838224411010742e-01,6.877897381782531738e-01,5.665718317031860352e-01
5.780000000000264926e+00,1.445067051085543008e+00,8.993712962078015405e-03,-4.194064688509893668e-01,9.256432383657934304e-01,1.633285079549679220e-01,-1.977951857388891496e-02,1.000000000000000000e+00,1.142485857009887695e+00,7.026031613349914551e-01,6.764470338821411133e-01,7.012257575988769531e-01,6.778477430343627930e-01,5.823896527290344238e-01
5.800000000000271605e+00,1.447966764000521600e+00,4.456987569181669606e-03,-4.347112596518888372e-01,9.175573146543969383e-01,1.627753630576420363e-01,-2.426788131496374415e-02,1.000000000000000000e+00,1.142310738563537598e+00,6.949655413627624512e-01,6.891822218894958496e-01,7.174626588821411133e-01,6.686560511589050293e-01,6.005277633666992188e-01
5.820000000000278284e+00,1.450837106415346245e+00,-4.584441698576857682e-04,-4.414840158181681518e-01,9.104659139345179231e-01,1.623201458037177858e-01,-2.825002143352978862e-02,1.000000000000000000e+00,1.142404198646545410e+00,6.870343089103698730e-01,6.991422176361083984e-01,7.309215068817138672e-01,6.608039736747741699e-01,6.189708709716796875e-01
5.840000000000284963e+00,1.453698668116119475e+00,-5.641241888366510526e-03,-4.395553367511052523e-01,9.050338533950121889e-01,1.619867716892811893e-01,-3.163649835886462452e-02,1.000000000000000000e+00,1.142483353614807129e+00,6.792775988578796387e-01,7.064183354377746582e-01,7.412999868392944336e-01,6.542645692825317383e-01,6.361005902290344238e-01
5.860000000000291642e+00,1.456577161320045999e+00,-1.098291009936352980e-02,-4.289361754523838277e-01,9.016324802348654188e-01,1.617837622036066014e-01,-3.436945362274641813e-02,1.000000000000000000e+00,1.142458796501159668e+00,6.720258593559265137e-01,7.113129496574401855e-01,7.489079236984252930e-01,6.488625407218933105e-01,6.515077352523803711e-01
5.880000000000298321e+00,1.459501780947395577e+00,-1.638002492996226689e-02,-4.098415457159881314e-01,9.002019814665432884e-01,1.616994937826935763e-01,-3.642775478551388280e-02,1.000000000000000000e+00,1.142390370368957520e+00,6.654159426689147949e-01,7.140143513679504395e-01,7.541231513023376465e-01,6.445241570472717285e-01,6.654855608940124512e-01
5.900000000000305000e+00,1.462495305797433920e+00,-2.173192245884192353e-02,-3.826848563313731133e-01,9.011267272753965552e-01,1.617537167505946616e-01,-3.779106040895340024e-02,1.000000000000000000e+00,1.142371773719787598e+00,6.595115661621093750e-01,7.145571708679199219e-01,7.571492791175842285e-01,6.412554979324340820e-01,6.784070134162902832e-01
5.920000000000311680e+00,1.465567948849627600e+00,-2.694592266444439943e-02,-3.480467482404970281e-01,9.044341378177555013e-01,1.619506427057991749e-01,-3.846234202151796455e-02,1.000000000000000000e+00,1.142472624778747559e+00,6.543674468994140625e-01,7.129058241844177246e-01,7.580541372299194336e-01,6.390857696533203125e-01,6.905233263969421387e-01
5.940000000000318359e+00,1.468729468639417890e+00,-3.193702456330960171e-02,-3.066746502815914099e-01,9.097311491530450933e-01,1.622752733807261427e-01,-3.846921297481248336e-02,1.000000000000000000e+00,1.142747998237609863e+00,6.500450968742370605e-01,7.090279459953308105e-01,7.568796873092651367e-01,6.380316615104675293e-01,7.019661068916320801e-01
5.960000000000325038e+00,1.471992422624972985e+00,-3.662423665645897497e-02,-2.594665786905683280e-01,9.167091862944362068e-01,1.627225146024169899e-01,-3.784433056294565084e-02,1.000000000000000000e+00,1.143292546272277832e+00,6.466650366783142090e-01,7.029646039009094238e-01,7.537270188331604004e-01,6.381009817123413086e-01,7.126668095588684082e-01
5.980000000000331717e+00,1.475367598444524031e+00,-4.093286568384729707e-02,-2.074598389323342729e-01,9.247042078008376187e-01,1.632679653149551324e-01,-3.662844671787816864e-02,1.000000000000000000e+00,1.144262909889221191e+00,6.444305181503295898e-01,6.949215531349182129e-01,7.488178610801696777e-01,6.392859220504760742e-01,7.222771048545837402e-01
6.000000000000338396e+00,1.478831716724537504e+00,-4.479387015412622519e-02,-1.518231326607930032e-01,9.324498121646194182e-01,1.638396078620200647e-01,-3.484592448799811448e-02,1.000000000000000000e+00,1.145855784416198730e+00,6.436004042625427246e-01,6.852239966392517090e-01,7.424418926239013672e-01,6.415795683860778809e-01,7.302719950675964355e-01
6.020000000000345075e+00,1.482339379970808668e+00,-4.811770808635335017e-02,-9.368186098635659931e-02,9.390200537049855356e-01,1.643695922277639831e-01,-3.250557483237753731e-02,1.000000000000000000e+00,1.148242235183715820e+00,6.443635821342468262e-01,6.740238666534423828e-01,7.347097396850585938e-01,6.450212001800537109e-01,7.363541722297668457e-01
6.040000000000351754e+00,1.485856059595818124e+00,-5.081872508886603468e-02,-3.415653717298247627e-02,9.440941204528755515e-01,1.648189209640864294e-01,-2.962229895634323207e-02,1.000000000000000000e+00,1.151522755622863770e+00,6.468352079391479492e-01,6.610673666000366211e-01,7.253237366676330566e-01,6.497663855552673340e-01,7.405226826667785645e-01
6.060000000000358433e+00,1.489358978499042641e+00,-5.282311812279028018e-02,2.562632276139709814e-02,9.475930259798039934e-01,1.651600857914245490e-01,-2.621323425393700182e-02,1.000000000000000000e+00,1.155751943588256836e+00,6.511521339416503906e-01,6.457563042640686035e-01,7.135893702507019043e-01,6.561292409896850586e-01,7.427899241447448730e-01
6.080000000000365112e+00,1.492833276308446644e+00,-5.406919423966599636e-02,8.453808486121361376e-02,9.494994385216048993e-01,1.653691023437915408e-01,-2.230441974439210939e-02,1.000000000000000000e+00,1.160908937454223633e+00,6.574317216873168945e-01,6.274027228355407715e-01,6.986335515975952148e-01,6.645096540451049805e-01,7.430422902107238770e-01
6.100000000000371791e+00,1.496265445612889877e+00,-5.450837101175726174e-02,1.414257095322591640e-01,9.496855022073490415e-01,1.654147932454407277e-01,-1.793079625631619281e-02,1.000000000000000000e+00,1.166728258132934570e+00,6.655601859092712402e-01,6.059997081756591797e-01,6.801952719688415527e-01,6.750791072845458984e-01,7.409903407096862793e-01
6.120000000000378471e+00,1.499635780955469677e+00,-5.410777516946946308e-02,1.951217558515316308e-01,9.481669456648312844e-01,1.652908755278345021e-01,-1.313522314191071030e-02,1.000000000000000000e+00,1.172482371330261230e+00,6.748554110527038574e-01,5.832798480987548828e-01,6.598249673843383789e-01,6.872708797454833984e-01,7.363895177841186523e-01
6.140000000000385150e+00,1.502930983660316411e+00,-5.285728565048630756e-02,2.444674783395122397e-01,9.453053112660012580e-01,1.650387194686157577e-01,-8.007124204804101641e-03,1.000000000000000000e+00,1.177201509475708008e+00,6.841572523117065430e-01,5.622482895851135254e-01,6.405370831489562988e-01,6.998090147972106934e-01,7.294921278953552246e-01
6.160000000000391829e+00,1.506155229706387599e+00,-5.077303618829887011e-02,2.883159197795447382e-01,9.415191812082186473e-01,1.647100087202019725e-01,-2.666971897711312590e-03,1.000000000000000000e+00,1.180379271507263184e+00,6.925870776176452637e-01,5.449066162109375000e-01,6.244396567344665527e-01,7.115983963012695312e-01,7.210401296615600586e-01
6.180000000000398508e+00,1.509331182723882003e+00,-4.790819695429721081e-02,3.255733479635222749e-01,9.373716197294631458e-01,1.643638192375148632e-01,2.736416683453311502e-03,1.000000000000000000e+00,1.182114124298095703e+00,6.998577117919921875e-01,5.315192937850952148e-01,6.117978692054748535e-01,7.220827341079711914e-01,7.118243575096130371e-01
6.200000000000405187e+00,1.512490352503477853e+00,-4.434388155376012275e-02,3.552384783296920756e-01,9.331258417445011943e-01,1.640243811077987945e-01,8.055804502816489576e-03,1.000000000000000000e+00,1.182695031166076660e+00,7.060039639472961426e-01,5.216624140739440918e-01,6.020601391792297363e-01,7.309590578079223633e-01,7.023224830627441406e-01
6.220000000000411866e+00,1.515622362436637616e+00,-4.016657247963861810e-02,3.765355818620807482e-01,9.289057174070519673e-01,1.637004080918196824e-01,1.314234331892601484e-02,1.000000000000000000e+00,1.182328581809997559e+00,7.112571001052856445e-01,5.148681402206420898e-01,5.945951342582702637e-01,7.381881475448608398e-01,6.924213767051696777e-01
6.240000000000418545e+00,1.518742237540372519e+00,-3.548972376166215081e-02,3.889447700450351375e-01,9.253301510398428409e-01,1.634340938641259677e-01,1.783065559354504379e-02,1.000000000000000000e+00,1.181053876876831055e+00,7.159014344215393066e-01,5.108564496040344238e-01,5.889341235160827637e-01,7.438657879829406738e-01,6.815308928489685059e-01
6.260000000000425224e+00,1.521868360534520903e+00,-3.044531897229391104e-02,3.921697587785472061e-01,9.229527868140038338e-01,1.632576846595950593e-01,2.197239728145519710e-02,1.000000000000000000e+00,1.178809285163879395e+00,7.200738787651062012e-01,5.095274448394775391e-01,5.847813487052917480e-01,7.479407191276550293e-01,6.689778566360473633e-01
6.280000000000431903e+00,1.525018313095229283e+00,-2.516404577345221494e-02,3.861438609778162223e-01,9.221720279842943180e-01,1.631926224804222392e-01,2.544597569254057959e-02,1.000000000000000000e+00,1.175622463226318359e+00,7.236752510070800781e-01,5.107744336128234863e-01,5.819511413574218750e-01,7.502165436744689941e-01,6.544691324234008789e-01
6.300000000000438583e+00,1.528214814009441369e+00,-1.977235804540711239e-02,3.710504451380915447e-01,9.231095212809815598e-01,1.632454361620906957e-01,2.817080363668109794e-02,1.000000000000000000e+00,1.171760916709899902e+00,7.265865802764892578e-01,5.142469406127929688e-01,5.803020000457763672e-01,7.507410049438476562e-01,6.384211778640747070e-01
6.320000000000445262e+00,1.531480964209578133e+00,-1.438881686974063934e-02,3.473144498613670583e-01,9.254125033622370156e-01,1.633951582690195137e-01,3.010938181759229004e-02,1.000000000000000000e+00,1.167742013931274414e+00,7.288625240325927734e-01,5.193508863449096680e-01,5.797531604766845703e-01,7.498809099197387695e-01,6.221346259117126465e-01
6.340000000000451941e+00,1.534826380661507450e+00,-9.123387975038921294e-03,3.155562414147276007e-01,9.291302899920134140e-01,1.636533495983059916e-01,3.124153705320390287e-02,1.000000000000000000e+00,1.164064884185791016e+00,7.306627035140991211e-01,5.253824591636657715e-01,5.801424980163574219e-01,7.481000423431396484e-01,6.070880293846130371e-01
6.360000000000458620e+00,1.538253856324348856e+00,-4.070799050635287575e-03,2.765501420742200178e-01,9.340292823173260706e-01,1.640151989810251232e-01,3.158285316201064896e-02,1.000000000000000000e+00,1.160918474197387695e+00,7.321066260337829590e-01,5.316919088363647461e-01,5.811084508895874023e-01,7.458186745643615723e-01,5.939662456512451172e-01
6.380000000000465299e+00,1.541768898422018808e+00,6.832663037943387252e-04,2.312137419889385703e-01,9.397208190288259821e-01,1.644667425951583384e-01,3.118233999249220637e-02,1.000000000000000000e+00,1.158285260200500488e+00,7.332469224929809570e-01,5.378119349479675293e-01,5.822908878326416016e-01,7.433505058288574219e-01,5.828046798706054688e-01
6.400000000000471978e+00,1.545380080550863511e+00,5.059495481005427120e-03,1.805841963080744572e-01,9.458575734587773010e-01,1.649986016793816013e-01,3.009633460854280879e-02,1.000000000000000000e+00,1.156109690666198730e+00,7.341032028198242188e-01,5.435696244239807129e-01,5.835579633712768555e-01,7.408687472343444824e-01,5.734132528305053711e-01
6.420000000000478657e+00,1.549077342545129188e+00,8.990379471966791769e-03,1.258437083736467788e-01,9.516319266446245928e-01,1.655546421872316210e-01,2.838906112902251158e-02,1.000000000000000000e+00,1.154349923133850098e+00,7.346743941307067871e-01,5.490653514862060547e-01,5.850275754928588867e-01,7.384306788444519043e-01,5.655760765075683594e-01
6.440000000000485336e+00,1.552811178624152078e+00,1.239831359514659281e-02,6.819909141756333448e-02,9.562730008381014057e-01,1.660554406017748508e-01,2.609136004924359972e-02,1.000000000000000000e+00,1.152978658676147461e+00,7.349451780319213867e-01,5.545575618743896484e-01,5.869821906089782715e-01,7.360309958457946777e-01,5.591128468513488770e-01
6.460000000000492015e+00,1.556533969611094470e+00,1.519605065777951403e-02,8.819919683866351418e-03,9.595316589744927738e-01,1.664470323073904134e-01,2.323543655373019878e-02,1.000000000000000000e+00,1.151955962181091309e+00,7.349091172218322754e-01,5.604560971260070801e-01,5.898115634918212891e-01,7.335991859436035156e-01,5.537369251251220703e-01
6.480000000000498694e+00,1.560212781757637224e+00,1.730860507921100355e-02,-5.111458265937650347e-02,9.614660174142067861e-01,1.666999574312852117e-01,1.985032824908120400e-02,1.000000000000000000e+00,1.151229500770568848e+00,7.345260381698608398e-01,5.672479867935180664e-01,5.939686298370361328e-01,7.310071587562561035e-01,5.491945147514343262e-01
6.500000000000505374e+00,1.563825480640134380e+00,1.867463216461479059e-02,-1.104359155379776997e-01,9.621448880928452629e-01,1.667915356947111127e-01,1.596939590715795373e-02,1.000000000000000000e+00,1.150700449943542480e+00,7.336935997009277344e-01,5.754474401473999023e-01,5.999364256858825684e-01,7.280681729316711426e-01,5.453488230705261230e-01
6.520000000000512053e+00,1.567356139161545592e+00,1.924848711487958663e-02,-1.679856490398609903e-01,9.614903667188376968e-01,1.666967413098387751e-01,1.163571816766964875e-02,1.000000000000000000e+00,1.150193929672241211e+00,7.322217226028442383e-01,5.854321718215942383e-01,6.080938577651977539e-01,7.245529890060424805e-01,5.423797965049743652e-01
6.540000000000518732e+00,1.570784969327392977e+00,1.900170695321912184e-02,-2.226139516556700781e-01,9.592136249201362874e-01,1.663921418348356940e-01,6.902342900446722940e-03,1.000000000000000000e+00,1.149511337280273438e+00,7.299183607101440430e-01,5.972080230712890625e-01,6.185116767883300781e-01,7.202344536781311035e-01,5.409055948257446289e-01
6.560000000000525411e+00,1.574094590809076211e+00,1.792880502057070391e-02,-2.732278123293431227e-01,9.552155113659689389e-01,1.659117682581201791e-01,1.846373076498022438e-03,1.000000000000000000e+00,1.148589372634887695e+00,7.267643213272094727e-01,6.103643774986267090e-01,6.309291720390319824e-01,7.149304151535034180e-01,5.417960882186889648e-01
6.580000000000532090e+00,1.577283642216479764e+00,1.604876525164028456e-02,-3.187915863635312763e-01,9.495818190302607320e-01,1.653161961150410586e-01,-3.410467727017352062e-03,1.000000000000000000e+00,1.147547125816345215e+00,7.228529453277587891e-01,6.244946718215942383e-01,6.451300978660583496e-01,7.084494829177856445e-01,5.458171963691711426e-01
6.600000000000538769e+00,1.580371023909095340e+00,1.340885830992577521e-02,-3.583477803233223180e-01,9.426382539009651174e-01,1.646701985101069743e-01,-8.724439549511445527e-03,1.000000000000000000e+00,1.146550655364990234e+00,7.181592583656311035e-01,6.394803524017333984e-01,6.611349582672119141e-01,7.005791664123535156e-01,5.534726381301879883e-01
6.620000000000545448e+00,1.583393386275140147e+00,1.008564810357720498e-02,-3.910265778013236049e-01,9.349244052052368970e-01,1.640304188359013871e-01,-1.394877374190826858e-02,1.000000000000000000e+00,1.145726919174194336e+00,7.125771641731262207e-01,6.549211144447326660e-01,6.785730123519897461e-01,6.914403438568115234e-01,5.649338960647583008e-01
6.640000000000552127e+00,1.586352482670668085e+00,6.157904684593984435e-03,-4.160912405583848117e-01,9.264915129944171213e-01,1.633977116910724225e-01,-1.895353518106843854e-02,1.000000000000000000e+00,1.145188093185424805e+00,7.060795426368713379e-01,6.697961688041687012e-01,6.963219642639160156e-01,6.817449927330017090e-01,5.799167752265930176e-01
6.660000000000558806e+00,1.589251959003187276e+00,1.715392246086244743e-03,-4.330254952411844438e-01,9.180007390178470672e-01,1.628129226295967902e-01,-2.360429718222516182e-02,1.000000000000000000e+00,1.145027875900268555e+00,6.988135576248168945e-01,6.828991770744323730e-01,7.128879427909851074e-01,6.725250482559204102e-01,5.974509716033935547e-01
6.680000000000565485e+00,1.592117209368081543e+00,-3.132444282766655430e-03,-4.414705895791596335e-01,9.103290634454226371e-01,1.623194051152780648e-01,-2.777414508159404757e-02,1.000000000000000000e+00,1.145136594772338867e+00,6.911138892173767090e-01,6.934551000595092773e-01,7.269709706306457520e-01,6.645013093948364258e-01,6.157088875770568848e-01
6.700000000000572165e+00,1.594969038516685256e+00,-8.272900139831174116e-03,-4.412226191553640930e-01,9.042253629360849088e-01,1.619457681782630609e-01,-3.136518825105361757e-02,1.000000000000000000e+00,1.145261764526367188e+00,6.834488511085510254e-01,7.013546228408813477e-01,7.380270957946777344e-01,6.577720046043395996e-01,6.329407095909118652e-01
6.720000000000578844e+00,1.597832267551970942e+00,-1.359623541450344364e-02,-4.322536102981013872e-01,9.001780969657575682e-01,1.617058280571733730e-01,-3.430738580813504079e-02,1.000000000000000000e+00,1.145277023315429688e+00,6.761950850486755371e-01,7.068325877189636230e-01,7.462307214736938477e-01,6.521836519241333008e-01,6.484910249710083008e-01
6.740000000000585523e+00,1.600735922828310009e+00,-1.899721001994919556e-02,-4.147390932364603544e-01,8.982805983341257683e-01,1.615951685601572652e-01,-3.657064431043120789e-02,1.000000000000000000e+00,1.145218491554260254e+00,6.695290803909301758e-01,7.100895643234252930e-01,7.519562840461730957e-01,6.476573944091796875e-01,6.625486016273498535e-01
6.760000000000592202e+00,1.603705516870162828e+00,-2.437396552649107040e-02,-3.890578358730759634e-01,8.986132192392126683e-01,1.616143618186469122e-01,-3.813459771887232896e-02,1.000000000000000000e+00,1.145185351371765137e+00,6.635301709175109863e-01,7.111791968345642090e-01,7.554477453231811523e-01,6.441926956176757812e-01,6.754994988441467285e-01
6.780000000000598881e+00,1.606752943008084911e+00,-2.963081841897546864e-02,-3.557618035018513258e-01,9.014664625583141966e-01,1.617815490999660044e-01,-3.899303939695950710e-02,1.000000000000000000e+00,1.145267844200134277e+00,6.582688689231872559e-01,7.100595831871032715e-01,7.567926645278930664e-01,6.418214440345764160e-01,6.876250505447387695e-01
6.800000000000605560e+00,1.609887523732959291e+00,-3.468097520241986143e-02,-3.155687344330839750e-01,9.064590873834605933e-01,1.620816228214080057e-01,-3.916675105181662009e-02,1.000000000000000000e+00,1.145531773567199707e+00,6.538148522377014160e-01,7.066813707351684570e-01,7.560305595397949219e-01,6.405658125877380371e-01,6.990858316421508789e-01
6.820000000000612239e+00,1.613121221378192693e+00,-3.944199779140483697e-02,-2.693524521573176234e-01,9.132625092222241836e-01,1.625075748628095063e-01,-3.868909119732012736e-02,1.000000000000000000e+00,1.146060585975646973e+00,6.502817869186401367e-01,7.010598778724670410e-01,7.532443404197692871e-01,6.404386162757873535e-01,7.098532915115356445e-01
6.840000000000618918e+00,1.616467002808672948e+00,-4.383655607481196093e-02,-2.181234330425305956e-01,9.213404120587797008e-01,1.630436321160025903e-01,-3.759829238571750498e-02,1.000000000000000000e+00,1.146989107131958008e+00,6.478549242019653320e-01,6.933693885803222656e-01,7.486314773559570312e-01,6.414357423782348633e-01,7.196269631385803223e-01
6.860000000000625597e+00,1.619910614193963205e+00,-4.779660670713525850e-02,-1.630423752908576607e-01,9.294610684653967780e-01,1.636245415115520074e-01,-3.592730735173576412e-02,1.000000000000000000e+00,1.148495554924011230e+00,6.467817425727844238e-01,6.839359402656555176e-01,7.424808740615844727e-01,6.435452103614807129e-01,7.278868556022644043e-01
6.880000000000632276e+00,1.623407215667074688e+00,-5.123549231361151923e-02,-1.052540273981166369e-01,9.365453699429731049e-01,1.641773134697812608e-01,-3.368413882621774935e-02,1.000000000000000000e+00,1.150751829147338867e+00,6.472716927528381348e-01,6.730023026466369629e-01,7.349763512611389160e-01,6.467863917350769043e-01,7.342389822006225586e-01
6.900000000000638956e+00,1.626919572983027251e+00,-5.406486885549799393e-02,-4.588476554786531658e-02,9.421488330014929913e-01,1.646568634133205589e-01,-3.088498933357271964e-02,1.000000000000000000e+00,1.153858184814453125e+00,6.494331359863281250e-01,6.604285836219787598e-01,7.259211540222167969e-01,6.512743234634399414e-01,7.386408448219299316e-01
6.920000000000645635e+00,1.630423020722645333e+00,-5.620832333820613425e-02,1.392928616881700110e-02,9.461652428638507306e-01,1.650347067376169707e-01,-2.754678218492545919e-02,1.000000000000000000e+00,1.157865881919860840e+00,6.533842682838439941e-01,6.457054018974304199e-01,7.147094607353210449e-01,6.572785377502441406e-01,7.411132454872131348e-01
6.940000000000652314e+00,1.633901505885391847e+00,-5.760144441397341275e-02,7.305098948866574349e-02,9.485816000384180713e-01,1.652870099372421020e-01,-2.369458783657213061e-02,1.000000000000000000e+00,1.162758827209472656e+00,6.592281460762023926e-01,6.281425952911376953e-01,7.004804611206054688e-01,6.651744246482849121e-01,7.416043281555175781e-01
6.960000000000658993e+00,1.637342344687680029e+00,-5.819316827958537219e-02,1.303251578842511138e-01,9.493091218892792948e-01,1.653845189437548324e-01,-1.936299577880006353e-02,1.000000000000000000e+00,1.168314576148986816e+00,6.668825149536132812e-01,6.075278520584106445e-01,6.827862858772277832e-01,6.751844286918640137e-01,7.399136424064636230e-01
6.980000000000665672e+00,1.640726663674472174e+00,-5.794728742017402068e-02,1.845757222487885707e-01,9.482658326910303748e-01,1.653070306718528448e-01,-1.459374174769360703e-02,1.000000000000000000e+00,1.173884391784667969e+00,6.757627725601196289e-01,5.852172970771789551e-01,6.627944111824035645e-01,6.868942975997924805e-01,7.358205318450927734e-01
7.000000000000672351e+00,1.644038928786850651e+00,-5.684967831338061384e-02,2.346396640847303039e-01,9.457802398234954611e-01,1.650890020794000268e-01,-9.464542739193842688e-03,1.000000000000000000e+00,1.178515315055847168e+00,6.847771406173706055e-01,5.640740990638732910e-01,6.433425545692443848e-01,6.991474628448486328e-01,7.294617891311645508e-01
7.020000000000679030e+00,1.647279922760240378e+00,-5.491201073600304738e-02,2.793652827861074495e-01,9.422846942685384475e-01,1.647827930759698523e-01,-4.093711156881999456e-03,1.000000000000000000e+00,1.181618809700012207e+00,6.930086612701416016e-01,5.463709831237792969e-01,6.267977952957153320e-01,7.108176946640014648e-01,7.214463353157043457e-01
7.040000000000685709e+00,1.650468950401088541e+00,-5.218129310928398823e-02,3.176502290660127015e-01,9.382956949999649021e-01,1.644452727216250687e-01,1.371705432327921048e-03,1.000000000000000000e+00,1.183258056640625000e+00,7.001305222511291504e-01,5.326300263404846191e-01,6.137263178825378418e-01,7.212901115417480469e-01,7.125367522239685059e-01
7.060000000000692388e+00,1.653640017804645534e+00,-4.873708823400785262e-02,3.484824311106908268e-01,9.342282052794915748e-01,1.641153553793916475e-01,6.779398018059434872e-03,1.000000000000000000e+00,1.183763265609741211e+00,7.061625719070434570e-01,5.224918723106384277e-01,6.036890745162963867e-01,7.302148938179016113e-01,7.032853364944458008e-01
7.080000000000699067e+00,1.656786150200773022e+00,-4.466448325103428152e-02,3.710472346376390007e-01,9.300962234647563998e-01,1.637936670815972329e-01,1.198175569707521891e-02,1.000000000000000000e+00,1.183391094207763672e+00,7.113148570060729980e-01,5.154634714126586914e-01,5.960557460784912109e-01,7.375038862228393555e-01,6.936969161033630371e-01
7.100000000000705747e+00,1.659917124737193106e+00,-4.007212767332474224e-02,3.847978064790678054e-01,9.264597723957931352e-01,1.635197369455079763e-01,1.681309219410682260e-02,1.000000000000000000e+00,1.182207107543945312e+00,7.158837914466857910e-01,5.111946463584899902e-01,5.902983546257019043e-01,7.432739138603210449e-01,6.832315325736999512e-01
7.120000000000712426e+00,1.663052161708067800e+00,-3.509083935346873906e-02,3.894087716309815872e-01,9.238875159085890854e-01,1.633280254419366140e-01,2.111883218444296495e-02,1.000000000000000000e+00,1.180135488510131836e+00,7.200483083724975586e-01,5.095318555831909180e-01,5.860602855682373047e-01,7.475376129150390625e-01,6.711905002593994141e-01
7.140000000000719105e+00,1.666207707731248711e+00,-2.985138935092590540e-02,3.847787000554365178e-01,9.228271914681696053e-01,1.632433427036795170e-01,2.477137229934331039e-02,1.000000000000000000e+00,1.177134871482849121e+00,7.237213850021362305e-01,5.103958249092102051e-01,5.831261277198791504e-01,7.500975131988525391e-01,6.571916937828063965e-01
7.160000000000725784e+00,1.669405451341276159e+00,-2.448109224313310683e-02,3.710513905714389882e-01,9.234616188768072220e-01,1.632754956949870606e-01,2.767948744044880852e-02,1.000000000000000000e+00,1.173380017280578613e+00,7.267253398895263672e-01,5.135161876678466797e-01,5.813379287719726562e-01,7.509029507637023926e-01,6.414999961853027344e-01
7.180000000000732463e+00,1.672668997395656554e+00,-1.909953801518798899e-02,3.486147492566842865e-01,9.255584112642250005e-01,1.634109499652936504e-01,2.979931011174424479e-02,1.000000000000000000e+00,1.169339418411254883e+00,7.290561795234680176e-01,5.183506011962890625e-01,5.806088447570800781e-01,7.502489686012268066e-01,6.252796649932861328e-01
7.200000000000739142e+00,1.676010380059725247e+00,-1.381899388095764181e-02,3.180621944869921336e-01,9.289620888496340489e-01,1.636460693314980841e-01,3.110852840858738602e-02,1.000000000000000000e+00,1.165566444396972656e+00,7.308759689331054688e-01,5.241971015930175781e-01,5.808253288269042969e-01,7.485979199409484863e-01,6.100952625274658203e-01
7.220000000000745821e+00,1.679432208866570519e+00,-8.736699003782100181e-03,2.801441620525151888e-01,9.336091271943134373e-01,1.639875020937131833e-01,3.161325791255924222e-02,1.000000000000000000e+00,1.162326455116271973e+00,7.323327064514160156e-01,5.303898453712463379e-01,5.816748738288879395e-01,7.463931441307067871e-01,5.967983007431030273e-01
7.240000000000752500e+00,1.682939213354313956e+00,-3.939927931715936360e-03,2.357577224962028317e-01,9.390886817563203204e-01,1.644189648205807430e-01,3.135723720044186758e-02,1.000000000000000000e+00,1.159623146057128906e+00,7.334959506988525391e-01,5.364434719085693359e-01,5.827925801277160645e-01,7.439687252044677734e-01,5.854717493057250977e-01
7.260000000000759179e+00,1.686539580420111317e+00,4.905536367368901196e-04,1.859210212803988349e-01,9.450921395627874810e-01,1.649336972066316742e-01,3.039509370939140823e-02,1.000000000000000000e+00,1.157396674156188965e+00,7.343890666961669922e-01,5.421551465988159180e-01,5.840107798576354980e-01,7.415142655372619629e-01,5.759194493293762207e-01
7.280000000000765858e+00,1.690229476020672195e+00,4.485194999411856731e-03,1.317922055140121340e-01,9.509060853696931215e-01,1.654860137576563972e-01,2.879325981989332497e-02,1.000000000000000000e+00,1.155599355697631836e+00,7.350121140480041504e-01,5.475983023643493652e-01,5.854141712188720703e-01,7.390970587730407715e-01,5.679089426994323730e-01
7.300000000000772538e+00,1.693963618826358708e+00,7.970771786979413687e-03,7.458977694875036646e-02,9.557026527067040700e-01,1.659962401803051213e-01,2.658741460954482105e-02,1.000000000000000000e+00,1.154205679893493652e+00,7.353488802909851074e-01,5.530084967613220215e-01,5.872631072998046875e-01,7.367198467254638672e-01,5.612626671791076660e-01
7.320000000000779217e+00,1.697692060416004622e+00,1.085951652669531198e-02,1.548386975613049756e-02,9.591351826390260848e-01,1.664036249240246068e-01,2.380984505149143574e-02,1.000000000000000000e+00,1.153181910514831543e+00,7.353938221931457520e-01,5.587704181671142578e-01,5.899342298507690430e-01,7.343236804008483887e-01,5.557119250297546387e-01
7.340000000000785896e+00,1.701379629015893791e+00,1.307455931020939932e-02,-4.434518692682528490e-02,9.612363690841486674e-01,1.666763173151250277e-01,2.049197564615800118e-02,1.000000000000000000e+00,1.152483344078063965e+00,7.351123094558715820e-01,5.653486251831054688e-01,5.938664078712463379e-01,7.317931056022644043e-01,5.510129332542419434e-01
7.360000000000792575e+00,1.705002623898644210e+00,1.455239799050128680e-02,-1.037254797784291360e-01,9.620826767562369319e-01,1.667913327508876720e-01,1.666705000465141043e-02,1.000000000000000000e+00,1.152020215988159180e+00,7.344089150428771973e-01,5.732328295707702637e-01,5.995247960090637207e-01,7.289564609527587891e-01,5.470349192619323730e-01
7.380000000000799254e+00,1.708544754651356357e+00,1.524491574309916331e-02,-1.614979648892645447e-01,9.616346152916845913e-01,1.667258311568065865e-01,1.237736684361019114e-02,1.000000000000000000e+00,1.151623487472534180e+00,7.331000566482543945e-01,5.827950835227966309e-01,6.072811484336853027e-01,7.255976796150207520e-01,5.439338088035583496e-01
7.400000000000805933e+00,1.711987308277727937e+00,1.512064868439588761e-02,-2.165079952292552901e-01,9.596047123525890399e-01,1.664512735695100054e-01,7.676297147586718349e-03,1.000000000000000000e+00,1.151086449623107910e+00,7.309884428977966309e-01,5.940787792205810547e-01,6.172274947166442871e-01,7.214949131011962891e-01,5.422674417495727539e-01
7.420000000000812612e+00,1.715311460550812406e+00,1.417010558251596830e-02,-2.676529580426563748e-01,9.558131614439148160e-01,1.659884460147693086e-01,2.631368530047969306e-03,1.000000000000000000e+00,1.150328636169433594e+00,7.280488014221191406e-01,6.067137718200683594e-01,6.291247606277465820e-01,7.164698839187622070e-01,5.428545475006103516e-01
7.440000000000819291e+00,1.718512873629102877e+00,1.240825933283962179e-02,-3.138878337172492650e-01,9.503107381362444483e-01,1.653973175622584502e-01,-2.641114162464348793e-03,1.000000000000000000e+00,1.149469256401062012e+00,7.244017720222473145e-01,6.202788949012756348e-01,6.427503824234008789e-01,7.103470563888549805e-01,5.464582443237304688e-01
7.460000000000825970e+00,1.721607405068177332e+00,9.876932477402733390e-03,-3.542423979802559186e-01,9.433713669986504291e-01,1.647430687294114682e-01,-8.000435465714821059e-03,1.000000000000000000e+00,1.148680806159973145e+00,7.200525999069213867e-01,6.346791386604309082e-01,6.581752896308898926e-01,7.029016017913818359e-01,5.536091327667236328e-01
7.480000000000832650e+00,1.724630388550983273e+00,6.649263830369622763e-03,-3.878340930909168760e-01,9.355815008889474260e-01,1.640906494651776237e-01,-1.329723712644649211e-02,1.000000000000000000e+00,1.148066282272338867e+00,7.148764133453369141e-01,6.496437788009643555e-01,6.751593947410583496e-01,6.941722631454467773e-01,5.645027756690979004e-01
7.500000000000839329e+00,1.727591741792207980e+00,2.804063487471974980e-03,-4.138940058062490768e-01,9.270034988360719153e-01,1.634426498496648616e-01,-1.839985989878136288e-02,1.000000000000000000e+00,1.147679090499877930e+00,7.087928056716918945e-01,6.642780303955078125e-01,6.926699280738830566e-01,6.847721338272094727e-01,5.788619518280029297e-01
7.520000000000846008e+00,1.730489933588552631e+00,-1.572127366408437865e-03,-4.318771380049736819e-01,9.182063800311819346e-01,1.628343489969972802e-01,-2.317341450532483041e-02,1.000000000000000000e+00,1.147580742835998535e+00,7.018832564353942871e-01,6.774625778198242188e-01,7.092970013618469238e-01,6.756561994552612305e-01,5.958364605903625488e-01
7.540000000000852687e+00,1.733350248785201053e+00,-6.372145888879188202e-03,-4.413998281716641769e-01,9.100901289721510246e-01,1.623118673128146616e-01,-2.748561159516637806e-02,1.000000000000000000e+00,1.147718310356140137e+00,6.944420337677001953e-01,6.883528828620910645e-01,7.237190008163452148e-01,6.675927639007568359e-01,6.137874722480773926e-01
7.560000000000859366e+00,1.736194133531117956e+00,-1.148240894216862040e-02,-4.422348371519942978e-01,9.034623622767792295e-01,1.619072625511475405e-01,-3.123191711479174348e-02,1.000000000000000000e+00,1.147887706756591797e+00,6.869265437126159668e-01,6.966746449470520020e-01,7.352253198623657227e-01,6.607755422592163086e-01,6.309574246406555176e-01
7.580000000000866045e+00,1.739045860808525301e+00,-1.679229051532127315e-02,-4.343286667465982021e-01,8.989052251843492325e-01,1.616386875847924676e-01,-3.433413638148994501e-02,1.000000000000000000e+00,1.147948265075683594e+00,6.797400712966918945e-01,7.025681734085083008e-01,7.438485026359558105e-01,6.550859212875366211e-01,6.465217471122741699e-01
7.600000000000872724e+00,1.741934255611083060e+00,-2.219511670290813532e-02,-4.178310192568753245e-01,8.966372652610433702e-01,1.615075433007965300e-01,-3.675348678113844053e-02,1.000000000000000000e+00,1.147914171218872070e+00,6.730894446372985840e-01,7.062199711799621582e-01,7.499290108680725098e-01,6.504521369934082031e-01,6.605677604675292969e-01
7.620000000000879403e+00,1.744886334437597775e+00,-2.758811869274480078e-02,-3.930976371520580326e-01,8.965514716917333260e-01,1.615025366655982453e-01,-3.846908584159493272e-02,1.000000000000000000e+00,1.147882938385009766e+00,6.670666337013244629e-01,7.076952457427978516e-01,7.537333965301513672e-01,6.468735337257385254e-01,6.734784245491027832e-01
7.640000000000886082e+00,1.747915525310493656e+00,-3.287346956020364974e-02,-3.606627029403441376e-01,8.990630157715593374e-01,1.616478998591714955e-01,-3.946865148391936334e-02,1.000000000000000000e+00,1.147959470748901367e+00,6.617531180381774902e-01,7.069502472877502441e-01,7.553684115409851074e-01,6.443820595741271973e-01,6.855592727661132812e-01
7.660000000000892761e+00,1.751030935957536894e+00,-3.796284516929793185e-02,-3.212254214582310197e-01,9.038486447110779531e-01,1.619313141978248882e-01,-3.976709185297711696e-02,1.000000000000000000e+00,1.148222804069519043e+00,6.572300791740417480e-01,7.039230465888977051e-01,7.548766732215881348e-01,6.430035233497619629e-01,6.969893574714660645e-01
7.680000000000899441e+00,1.754244157280221650e+00,-4.277261229354190064e-02,-2.756445151590247722e-01,9.105433417562855958e-01,1.623432224564685944e-01,-3.939741035055037421e-02,1.000000000000000000e+00,1.148753404617309570e+00,6.536136865615844727e-01,6.986130475997924805e-01,7.523326277732849121e-01,6.427541375160217285e-01,7.077588438987731934e-01
7.700000000000906120e+00,1.757568854616523790e+00,-4.722373185974471088e-02,-2.249154746418039474e-01,9.186791669241390901e-01,1.628722541542461932e-01,-3.839600065520507033e-02,1.000000000000000000e+00,1.149670004844665527e+00,6.510800123214721680e-01,6.911752223968505859e-01,7.479192614555358887e-01,6.436329483985900879e-01,7.175938487052917480e-01
7.720000000000912799e+00,1.760996620082107000e+00,-5.124762177038127975e-02,-1.701897431653231763e-01,9.270729887178251749e-01,1.634591043285495982e-01,-3.680090954625849647e-02,1.000000000000000000e+00,1.151133894920349121e+00,6.498652100563049316e-01,6.819311976432800293e-01,7.419199347496032715e-01,6.456261277198791504e-01,7.259839773178100586e-01
7.740000000000919478e+00,1.764483992591139749e+00,-5.476012375329303294e-02,-1.126282911795534469e-01,9.345511464230492615e-01,1.640284912901919523e-01,-3.462093746301905112e-02,1.000000000000000000e+00,1.153310060501098633e+00,6.501864790916442871e-01,6.711759567260742188e-01,7.345565557479858398e-01,6.487407684326171875e-01,7.324796319007873535e-01
7.760000000000926157e+00,1.767991978767312400e+00,-5.767119407931242669e-02,-5.336410564938075946e-02,9.405622810296436764e-01,1.645301340589865324e-01,-3.187267301694625410e-02,1.000000000000000000e+00,1.156296014785766602e+00,6.521473526954650879e-01,6.588554978370666504e-01,7.257020473480224609e-01,6.530628204345703125e-01,7.369992136955261230e-01
7.780000000000932836e+00,1.771494600610042713e+00,-5.990259523431856747e-02,6.457538334999191228e-03,9.449751003174649000e-01,1.649346077982952186e-01,-2.857372736523014836e-02,1.000000000000000000e+00,1.160136699676513672e+00,6.558502912521362305e-01,6.445357203483581543e-01,7.148182988166809082e-01,6.588273644447326660e-01,7.395616769790649414e-01
7.800000000000939515e+00,1.774974964603273975e+00,-6.138810738023442459e-02,6.569034831577115485e-02,9.477761012248608896e-01,1.652180215824759490e-01,-2.474888932476257061e-02,1.000000000000000000e+00,1.164814114570617676e+00,6.613812446594238281e-01,6.275520324707031250e-01,7.010759711265563965e-01,6.663830280303955078e-01,7.401520013809204102e-01
7.820000000000946194e+00,1.778420666531557170e+00,-6.207505558955039859e-02,1.231743596391607909e-01,9.489061086400408795e-01,1.653528435889787818e-01,-2.043277314983825074e-02,1.000000000000000000e+00,1.170125484466552734e+00,6.686632633209228516e-01,6.075947284698486328e-01,6.839483976364135742e-01,6.759659051895141602e-01,7.386402487754821777e-01
7.840000000000952873e+00,1.781813651628532558e+00,-6.192536237607881855e-02,1.777264321750955389e-01,9.482370844048557679e-01,1.653115359774432469e-01,-1.566841160432198496e-02,1.000000000000000000e+00,1.175471544265747070e+00,6.771628260612487793e-01,5.857768654823303223e-01,6.643721461296081543e-01,6.872489452362060547e-01,7.348596453666687012e-01
7.860000000000959552e+00,1.785137217724038994e+00,-6.092258268143557753e-02,2.281789721301206997e-01,9.460500801721327679e-01,1.651207887314129485e-01,-1.052518826289445403e-02,1.000000000000000000e+00,1.179932475090026855e+00,6.858526468276977539e-01,5.647842288017272949e-01,6.449941992759704590e-01,6.991816759109497070e-01,7.288996577262878418e-01
7.880000000000966232e+00,1.788390097630210729e+00,-5.907600310555188861e-02,2.733779611924044839e-01,9.427920851767348509e-01,1.648334539424975986e-01,-5.120219735719493646e-03,1.000000000000000000e+00,1.182884573936462402e+00,6.938222050666809082e-01,5.469996929168701172e-01,6.282716989517211914e-01,7.106556892395019531e-01,7.212562561035156250e-01
7.900000000000972911e+00,1.791589677274476156e+00,-5.642919062175982825e-02,3.122180343807554603e-01,9.389640553064678707e-01,1.645060197073676400e-01,3.998510881669553488e-04,1.000000000000000000e+00,1.184367299079895020e+00,7.007331252098083496e-01,5.331354737281799316e-01,6.149803400039672852e-01,7.210235595703125000e-01,7.126315236091613770e-01
7.920000000000979590e+00,1.794770036249803358e+00,-5.306046853578627598e-02,3.436837368556424632e-01,9.350528028541601477e-01,1.641849547689230027e-01,5.879387448652462211e-03,1.000000000000000000e+00,1.184743046760559082e+00,7.065999507904052734e-01,5.229063630104064941e-01,6.047934293746948242e-01,7.298982143402099609e-01,7.036092281341552734e-01
7.940000000000986269e+00,1.797927573716158189e+00,-4.905468521201999943e-02,3.669421044611127503e-01,9.310296824018172712e-01,1.638680022574763862e-01,1.117035355441372071e-02,1.000000000000000000e+00,1.184308171272277832e+00,7.116171717643737793e-01,5.158163309097290039e-01,5.971022248268127441e-01,7.371530532836914062e-01,6.942710280418395996e-01
7.960000000000992948e+00,1.801068418231540846e+00,-4.451767728859762352e-02,3.814330472584503418e-01,9.274011763909610906e-01,1.635918304970337134e-01,1.610700341933950230e-02,1.000000000000000000e+00,1.183146715164184570e+00,7.160836458206176758e-01,5.114688873291015625e-01,5.913437008857727051e-01,7.429133057594299316e-01,6.841174960136413574e-01
7.980000000000999627e+00,1.804212123176801352e+00,-3.957919853067465299e-02,3.868166203289098992e-01,9.247367340750042297e-01,1.633919680724229273e-01,2.053064365784259757e-02,1.000000000000000000e+00,1.181176900863647461e+00,7.202033400535583496e-01,5.096622705459594727e-01,5.871134996414184570e-01,7.472380399703979492e-01,6.724444031715393066e-01
8.000000000001005418e+00,1.807374468439881365e+00,-3.436998385376682785e-02,3.829728840648295440e-01,9.235120751302088316e-01,1.632953989722769617e-01,2.430983624683789174e-02,1.000000000000000000e+00,1.178312897682189941e+00,7.239042520523071289e-01,5.103132128715515137e-01,5.841625928878784180e-01,7.499499917030334473e-01,6.588234305381774902e-01
8.020000000000994334e+00,1.810576399013637872e+00,-2.901762965488857704e-02,3.700229355679484078e-01,9.239548418803577023e-01,1.633145244105325133e-01,2.734710345091943828e-02,1.000000000000000000e+00,1.174656987190246582e+00,7.269676327705383301e-01,5.132029652595520020e-01,5.823162198066711426e-01,7.509388327598571777e-01,6.434324979782104492e-01
8.040000000000983249e+00,1.813841514495852181e+00,-2.364229864783856661e-02,3.483323482565638396e-01,9.259296572806069436e-01,1.634419328901323132e-01,2.959286899360211165e-02,1.000000000000000000e+00,1.170624375343322754e+00,7.293331027030944824e-01,5.178394317626953125e-01,5.814796090126037598e-01,7.504316568374633789e-01,6.273318529129028320e-01
8.060000000000972165e+00,1.817183280121520195e+00,-1.835745706644215103e-02,3.184777955874183442e-01,9.291218295404863881e-01,1.636621675606976523e-01,3.102431762000532750e-02,1.000000000000000000e+00,1.166795730590820312e+00,7.311558127403259277e-01,5.235310196876525879e-01,5.815715193748474121e-01,7.488779425621032715e-01,6.121230125427246094e-01
8.080000000000961080e+00,1.820604304437452026e+00,-1.326206122117468134e-02,2.811959551367487209e-01,9.335802100778242130e-01,1.639894920219248931e-01,3.164152690067825735e-02,1.000000000000000000e+00,1.163497090339660645e+00,7.326072454452514648e-01,5.296030044555664062e-01,5.823240876197814941e-01,7.467365860939025879e-01,5.987751483917236328e-01
8.100000000000949996e+00,1.824108807341132454e+00,-8.444517990634892168e-03,2.373719414360344615e-01,9.388963315930639597e-01,1.644073020613758818e-01,3.148347911373167163e-02,1.000000000000000000e+00,1.160754203796386719e+00,7.337738275527954102e-01,5.355662703514099121e-01,5.833819508552551270e-01,7.443555593490600586e-01,5.874058604240417480e-01
8.120000000000938911e+00,1.827704521978010810e+00,-3.986544644039691221e-03,1.880134183609724063e-01,9.447729164632375776e-01,1.649092692814353445e-01,3.060407354257587212e-02,1.000000000000000000e+00,1.158504724502563477e+00,7.346830964088439941e-01,5.412082672119140625e-01,5.845609307289123535e-01,7.419329285621643066e-01,5.778078436851501465e-01
8.140000000000927827e+00,1.831390655767781261e+00,4.081461537130959272e-05,1.342634709997771181e-01,9.505639686444969927e-01,1.654563941504861857e-01,2.906975201779619239e-02,1.000000000000000000e+00,1.156696557998657227e+00,7.353355288505554199e-01,5.465891957283020020e-01,5.859255790710449219e-01,7.395414113998413086e-01,5.697341561317443848e-01
8.160000000000916742e+00,1.835125206075707727e+00,3.566789679395832025e-03,7.734600009575555435e-02,9.554209218201241693e-01,1.659698937418362108e-01,2.692006629535167658e-02,1.000000000000000000e+00,1.155303955078125000e+00,7.357147336006164551e-01,5.519322752952575684e-01,5.877217054367065430e-01,7.371875047683715820e-01,5.630015134811401367e-01
8.180000000000905658e+00,1.838857014622385488e+00,6.503848799160272254e-03,1.843296228598165915e-02,9.589371652276853508e-01,1.663850735480786047e-01,2.418724878227746997e-02,1.000000000000000000e+00,1.154297947883605957e+00,7.358147501945495605e-01,5.576040148735046387e-01,5.903156995773315430e-01,7.348195910453796387e-01,5.573552846908569336e-01
8.200000000000894573e+00,1.842549504009842298e+00,8.774107943622544425e-03,-4.129459165638460494e-02,9.611211123085791064e-01,1.666678341760723936e-01,2.090496775225460235e-02,1.000000000000000000e+00,1.153638720512390137e+00,7.356032729148864746e-01,5.640512704849243164e-01,5.941357016563415527e-01,7.323305010795593262e-01,5.525634288787841797e-01
8.220000000000883489e+00,1.846177998206022242e+00,1.031288959733545063e-02,-1.006623167218300974e-01,9.620528072414300524e-01,1.667950837461638636e-01,1.710693549316359002e-02,1.000000000000000000e+00,1.153241276741027832e+00,7.349865436553955078e-01,5.717371106147766113e-01,5.996283292770385742e-01,7.295597791671752930e-01,5.485152006149291992e-01
8.240000000000872404e+00,1.849725831012378308e+00,1.107066281322377499e-02,-1.585100703859654014e-01,9.617131532354610268e-01,1.667452420005293978e-01,1.283540672218514908e-02,1.000000000000000000e+00,1.152938604354858398e+00,7.337827682495117188e-01,5.810122489929199219e-01,6.071467399597167969e-01,7.263031601905822754e-01,5.453711748123168945e-01
8.260000000000861320e+00,1.853175008824271774e+00,1.101432429660864631e-02,-2.136810480222010311e-01,9.598271903388603254e-01,1.664885674308864416e-01,8.143947174677508907e-03,1.000000000000000000e+00,1.152520179748535156e+00,7.317945361137390137e-01,5.919284224510192871e-01,6.167814135551452637e-01,7.223454713821411133e-01,5.436573624610900879e-01
8.280000000000850235e+00,1.856506106117749688e+00,1.013206444872732925e-02,-2.650665023411025722e-01,9.561517996778053918e-01,1.660356471265770351e-01,3.096345444591683694e-03,1.000000000000000000e+00,1.151899695396423340e+00,7.290005683898925781e-01,6.041388511657714844e-01,6.283007860183715820e-01,7.175127863883972168e-01,5.441454052925109863e-01
8.300000000000839151e+00,1.859713144220330072e+00,8.436494748937484189e-03,-3.116163229790400724e-01,9.507090946811009857e-01,1.654454141674705503e-01,-2.196349575953838226e-03,1.000000000000000000e+00,1.151202440261840820e+00,7.255444526672363281e-01,6.172211766242980957e-01,6.414856910705566406e-01,7.116412520408630371e-01,5.475795865058898926e-01
8.320000000000828067e+00,1.862810236719089296e+00,5.966360358830025135e-03,-3.523532786500693792e-01,9.437453747029451723e-01,1.647840548796677962e-01,-7.595143531672478993e-03,1.000000000000000000e+00,1.150607824325561523e+00,7.214546203613281250e-01,6.310984492301940918e-01,6.564456820487976074e-01,7.045047283172607422e-01,5.544959902763366699e-01
8.340000000000816982e+00,1.865831406252254521e+00,2.792338689131868001e-03,-3.863875458412645569e-01,9.358565967621776949e-01,1.641202561849149366e-01,-1.294947138133706321e-02,1.000000000000000000e+00,1.150199174880981445e+00,7.165976166725158691e-01,6.455783843994140625e-01,6.730164885520935059e-01,6.961058378219604492e-01,5.650805234909057617e-01
8.360000000000805898e+00,1.868791493287288219e+00,-1.006806443381524918e-03,-4.129335621486572294e-01,9.271354401261349132e-01,1.634597800714649996e-01,-1.812604264414641522e-02,1.000000000000000000e+00,1.149980425834655762e+00,7.108582854270935059e-01,6.598550677299499512e-01,6.902139186859130859e-01,6.870033144950866699e-01,5.790211558341979980e-01
8.380000000000794813e+00,1.871686558648704590e+00,-5.346298891361789263e-03,-4.314286326113052072e-01,9.180974293104592343e-01,1.628344171070980617e-01,-2.298946674317205868e-02,1.000000000000000000e+00,1.149973988533020020e+00,7.042691111564636230e-01,6.729098558425903320e-01,7.067082524299621582e-01,6.780787110328674316e-01,5.955216288566589355e-01
8.400000000000783729e+00,1.874541550661823486e+00,-1.012042218682096539e-02,-4.414745364723964838e-01,9.096486542035420175e-01,1.622912987155092079e-01,-2.740411596733184282e-02,1.000000000000000000e+00,1.150155782699584961e+00,6.970875263214111328e-01,6.839051246643066406e-01,7.212228178977966309e-01,6.700879931449890137e-01,6.131070256233215332e-01
8.420000000000772644e+00,1.877378523121500109e+00,-1.521510202960196789e-02,-4.428309670219516270e-01,9.026385522412930795e-01,1.618649101443218052e-01,-3.126074859015716412e-02,1.000000000000000000e+00,1.150368332862854004e+00,6.897552013397216797e-01,6.924540996551513672e-01,7.329560518264770508e-01,6.632778048515319824e-01,6.300846338272094727e-01
8.440000000000761560e+00,1.880221562865173279e+00,-2.051904636091406164e-02,-4.354311738810406895e-01,8.977175269658961287e-01,1.615765509922447996e-01,-3.447601249075230023e-02,1.000000000000000000e+00,1.150473833084106445e+00,6.826870441436767578e-01,6.985990405082702637e-01,7.418183684349060059e-01,6.575660109519958496e-01,6.455401182174682617e-01
8.460000000000750475e+00,1.883099429756226684e+00,-2.592456985856672613e-02,-4.194121271332231782e-01,8.951795772537330942e-01,1.614308984907360800e-01,-3.700428309753643619e-02,1.000000000000000000e+00,1.150471925735473633e+00,6.761091947555541992e-01,7.024926543235778809e-01,7.480993866920471191e-01,6.528983116149902344e-01,6.594831347465515137e-01
8.480000000000739391e+00,1.886039850871125800e+00,-3.132814642507247838e-02,-3.951185811737981113e-01,8.948500061456690080e-01,1.614120954286335785e-01,-3.882345743853672648e-02,1.000000000000000000e+00,1.150456070899963379e+00,6.701228618621826172e-01,7.042002677917480469e-01,7.520703077316284180e-01,6.492804884910583496e-01,6.722867488861083984e-01
8.500000000000728306e+00,1.889057192603550650e+00,-3.663057947256270763e-02,-3.630770099345709268e-01,8.971574649594346029e-01,1.615444054255985862e-01,-3.991787388694806316e-02,1.000000000000000000e+00,1.150540351867675781e+00,6.648163795471191406e-01,7.036772966384887695e-01,7.538523077964782715e-01,6.467441916465759277e-01,6.842734217643737793e-01
8.520000000000717222e+00,1.892160495702420508e+00,-4.174238984642431038e-02,-3.239788240767825234e-01,9.018456695830390224e-01,1.618190400804868923e-01,-4.029818410793497424e-02,1.000000000000000000e+00,1.150815486907958984e+00,6.602821350097656250e-01,7.008539438247680664e-01,7.534936666488647461e-01,6.453166604042053223e-01,6.956314444541931152e-01
8.540000000000706137e+00,1.895361180575071192e+00,-4.657900531525471788e-02,-2.786767552602124054e-01,9.085171961424589604e-01,1.622244575961354629e-01,-3.999616441320643506e-02,1.000000000000000000e+00,1.151363134384155273e+00,6.566441655158996582e-01,6.957224607467651367e-01,7.510684728622436523e-01,6.450156569480895996e-01,7.063526511192321777e-01
8.560000000000695053e+00,1.898673122114115763e+00,-5.106028650128940916e-02,-2.281610841968537140e-01,9.167316387943769129e-01,1.627511310348409290e-01,-3.904750972358225769e-02,1.000000000000000000e+00,1.152291059494018555e+00,6.540771126747131348e-01,6.884312629699707031e-01,7.467547655105590820e-01,6.458420157432556152e-01,7.161674499511718750e-01
8.580000000000683968e+00,1.902090769027652950e+00,-5.511688428487487856e-02,-1.735797224297190022e-01,9.253333532479037782e-01,1.633432086668306082e-01,-3.749264089019430091e-02,1.000000000000000000e+00,1.153745889663696289e+00,6.528092622756958008e-01,6.793000698089599609e-01,7.408314943313598633e-01,6.477816700935363770e-01,7.245694398880004883e-01
8.600000000000672884e+00,1.905571690742915436e+00,-5.866585616357344879e-02,-1.161051546336151902e-01,9.330961795212666665e-01,1.639245638471190925e-01,-3.534148091122681773e-02,1.000000000000000000e+00,1.155882835388183594e+00,6.530557870864868164e-01,6.686507463455200195e-01,7.335358858108520508e-01,6.508340835571289062e-01,7.310846447944641113e-01
8.620000000000661800e+00,1.909076031013092756e+00,-6.161623081033867910e-02,-5.687782513587028022e-02,9.393978201447491516e-01,1.644415936972646042e-01,-3.261086883554806248e-02,1.000000000000000000e+00,1.158791780471801758e+00,6.549131870269775391e-01,6.564860343933105469e-01,7.247804403305053711e-01,6.550660133361816406e-01,7.356063127517700195e-01
8.640000000000650715e+00,1.912577145584615224e+00,-6.388871360706427360e-02,2.948066468879829982e-03,9.440887318534993966e-01,1.648641279117021019e-01,-2.931949683851592728e-02,1.000000000000000000e+00,1.162510275840759277e+00,6.584699153900146484e-01,6.424272656440734863e-01,7.140705585479736328e-01,6.606875061988830566e-01,7.381492257118225098e-01
8.660000000000639631e+00,1.916057733108447625e+00,-6.541612736601853939e-02,6.221709997134720199e-02,9.471560202024009723e-01,1.651683143421772137e-01,-2.549251499888715786e-02,1.000000000000000000e+00,1.167013525962829590e+00,6.637939214706420898e-01,6.258431077003479004e-01,7.006101608276367188e-01,6.680229902267456055e-01,7.387199997901916504e-01
8.680000000000628546e+00,1.919505480734460257e+00,-6.614505041147134001e-02,1.197626722135457789e-01,9.485582528172371575e-01,1.653275866915407677e-01,-2.116510712950915238e-02,1.000000000000000000e+00,1.172101259231567383e+00,6.707960963249206543e-01,6.063998341560363770e-01,6.838657855987548828e-01,6.772990822792053223e-01,7.372417449951171875e-01
8.700000000000617462e+00,1.922902806255121000e+00,-6.603674234512568741e-02,1.743954017862045236e-01,9.481513818625876278e-01,1.653110943057351234e-01,-1.638219548588978197e-02,1.000000000000000000e+00,1.177197456359863281e+00,6.789582967758178711e-01,5.850893259048461914e-01,6.646775603294372559e-01,6.882240176200866699e-01,7.336098551750183105e-01
8.720000000000606377e+00,1.926232582634224144e+00,-6.507401823287778386e-02,2.249438661373633630e-01,9.461771328540321546e-01,1.651395004307808223e-01,-1.120927277206633030e-02,1.000000000000000000e+00,1.181418418884277344e+00,6.873036623001098633e-01,5.644397139549255371e-01,6.455380320549011230e-01,6.998276710510253906e-01,7.279129028320312500e-01
8.740000000000595293e+00,1.929492724657565716e+00,-6.326557706957613991e-02,2.702538022130772100e-01,9.430964818757739954e-01,1.648662209875594309e-01,-5.763192772084713318e-03,1.000000000000000000e+00,1.184146165847778320e+00,6.949626803398132324e-01,5.468229055404663086e-01,6.288748383522033691e-01,7.110511660575866699e-01,7.205628156661987305e-01
8.760000000000584208e+00,1.932699853364170384e+00,-6.065409270669108732e-02,3.092215582436705357e-01,9.394126637712537642e-01,1.645483923896839396e-01,-1.917458722958326266e-04,1.000000000000000000e+00,1.185419082641601562e+00,7.016136050224304199e-01,5.330567359924316406e-01,6.155720353126525879e-01,7.212392091751098633e-01,7.121897935867309570e-01
8.780000000000573124e+00,1.935887712744251754e+00,-5.731767809443005790e-02,3.408347289351353893e-01,9.356328404504549168e-01,1.642351256407388604e-01,5.347223150380045129e-03,1.000000000000000000e+00,1.185626506805419922e+00,7.072739005088806152e-01,5.229218006134033203e-01,6.053946614265441895e-01,7.299758195877075195e-01,7.033773660659790039e-01
8.800000000000562039e+00,1.939053950850605279e+00,-5.334137201547961560e-02,3.642594919633578288e-01,9.317176512191470694e-01,1.639237156589521682e-01,1.070443247318505348e-02,1.000000000000000000e+00,1.185091495513916016e+00,7.121297121047973633e-01,5.159296989440917969e-01,5.977620482444763184e-01,7.371116280555725098e-01,6.942422389984130859e-01
8.820000000000550955e+00,1.942203263671055780e+00,-4.883010921000308091e-02,3.789359515878069073e-01,9.281407413576288068e-01,1.636490605299577017e-01,1.571356912737020134e-02,1.000000000000000000e+00,1.183905124664306641e+00,7.164773941040039062e-01,5.116586685180664062e-01,5.920941829681396484e-01,7.427774667739868164e-01,6.843067407608032227e-01
8.840000000000539870e+00,1.945355133365282096e+00,-4.391313292387277745e-02,3.845227629058455832e-01,9.254633132786348471e-01,1.634468217122427569e-01,2.021375175010566017e-02,1.000000000000000000e+00,1.181978702545166016e+00,7.205308079719543457e-01,5.098719596862792969e-01,5.879545211791992188e-01,7.470610141754150391e-01,6.728712320327758789e-01
8.860000000000528786e+00,1.948524968263375623e+00,-3.872099125650196871e-02,3.808956981495301708e-01,9.241750719686052662e-01,1.633452941447489648e-01,2.407155325825069414e-02,1.000000000000000000e+00,1.179199576377868652e+00,7.242252826690673828e-01,5.104663968086242676e-01,5.850630998611450195e-01,7.498086690902709961e-01,6.594965457916259766e-01
8.880000000000517701e+00,1.951733298343768297e+00,-3.338116989365413900e-02,3.681686880795198569e-01,9.245307025317163196e-01,1.633585904480358841e-01,2.718652624872549411e-02,1.000000000000000000e+00,1.175619482994079590e+00,7.273128628730773926e-01,5.132463574409484863e-01,5.832267999649047852e-01,7.508822679519653320e-01,6.443266868591308594e-01
8.900000000000506617e+00,1.955003564130161298e+00,-2.801394555615560611e-02,3.466993100952229789e-01,9.264420453623989360e-01,1.634822448163058550e-01,2.950581998878766890e-02,1.000000000000000000e+00,1.171609044075012207e+00,7.296878695487976074e-01,5.177593827247619629e-01,5.823450684547424316e-01,7.504569292068481445e-01,6.283654570579528809e-01
8.920000000000495533e+00,1.958349650299052946e+00,-2.273323045990449653e-02,3.170581664608940753e-01,9.295188659639297413e-01,1.636950658903842948e-01,3.100650279391398839e-02,1.000000000000000000e+00,1.167760252952575684e+00,7.314962744712829590e-01,5.233286619186401367e-01,5.823597908020019531e-01,7.489643096923828125e-01,6.132280230522155762e-01
8.940000000000484448e+00,1.961774114099222199e+00,-1.763879983723115608e-02,2.799776299455318807e-01,9.338572269890722533e-01,1.640145472101441071e-01,3.168565704823597673e-02,1.000000000000000000e+00,1.164438962936401367e+00,7.329274415969848633e-01,5.292809009552001953e-01,5.830395221710205078e-01,7.468710541725158691e-01,5.999451279640197754e-01
8.960000000000473364e+00,1.965280897014126005e+00,-1.281971159677458560e-02,2.363393476590804620e-01,9.390611841991562958e-01,1.644246725690034772e-01,3.157919744402703371e-02,1.000000000000000000e+00,1.161687612533569336e+00,7.340815067291259766e-01,5.351359844207763672e-01,5.840457677841186523e-01,7.445310354232788086e-01,5.886448025703430176e-01
8.980000000000462279e+00,1.968877445684073191e+00,-8.358236310718747397e-03,1.871479288870266100e-01,9.448356508766775352e-01,1.649189421755448137e-01,3.074059782376719827e-02,1.000000000000000000e+00,1.159442901611328125e+00,7.349900007247924805e-01,5.406887531280517578e-01,5.851944684982299805e-01,7.421433329582214355e-01,5.791035294532775879e-01
9.000000000000451195e+00,1.972563905421443664e+00,-4.326057719763798382e-03,1.335412967634150017e-01,9.505673658238665835e-01,1.654612113988478961e-01,2.923598760985032449e-02,1.000000000000000000e+00,1.157649636268615723e+00,7.356532216072082520e-01,5.459995865821838379e-01,5.865436196327209473e-01,7.397810220718383789e-01,5.710613727569580078e-01
9.020000000000440110e+00,1.976299619662758911e+00,-7.929990560633370933e-04,7.674537533515948806e-02,9.554072479006807672e-01,1.659734840221355756e-01,2.710677760966652763e-02,1.000000000000000000e+00,1.156282424926757812e+00,7.360547780990600586e-01,5.512867569923400879e-01,5.883319377899169922e-01,7.374516129493713379e-01,5.643295645713806152e-01
9.040000000000429026e+00,1.980033022342559512e+00,2.153781197874848896e-03,1.793364466389668274e-02,9.589247503885870438e-01,1.663894443105362331e-01,2.438549204173539459e-02,1.000000000000000000e+00,1.155315518379211426e+00,7.361881732940673828e-01,5.569062232971191406e-01,5.909193754196166992e-01,7.351068258285522461e-01,5.586607456207275391e-01
9.060000000000417941e+00,1.983727001526443878e+00,4.436190110367832506e-03,-4.171202425018558091e-02,9.611140265514073189e-01,1.666736398576360023e-01,2.110757597380581024e-02,1.000000000000000000e+00,1.154711127281188965e+00,7.360203266143798828e-01,5.632891058921813965e-01,5.947246551513671875e-01,7.326443791389465332e-01,5.538395047187805176e-01
9.080000000000406857e+00,1.987356516036251630e+00,5.989239273599067381e-03,-1.010158011813415968e-01,9.620566864447237521e-01,1.668031423875961372e-01,1.730762433735469688e-02,1.000000000000000000e+00,1.154385089874267578e+00,7.354541420936584473e-01,5.708696246147155762e-01,6.001738309860229492e-01,7.299121022224426270e-01,5.497865676879882812e-01
9.100000000000395772e+00,1.990904753880045952e+00,6.762970045119554019e-03,-1.588165653599745986e-01,9.617408725149780846e-01,1.667570766961157525e-01,1.302845568206858519e-02,1.000000000000000000e+00,1.154168009757995605e+00,7.343051433563232422e-01,5.799660086631774902e-01,6.075924634933471680e-01,7.267155051231384277e-01,5.466874241828918457e-01
9.120000000000384688e+00,1.994354046974091244e+00,6.723772491639912197e-03,-2.139565373652321800e-01,9.598973873042500049e-01,1.665056836626160885e-01,8.324170142749521065e-03,1.000000000000000000e+00,1.153847694396972656e+00,7.323808073997497559e-01,5.906180143356323242e-01,6.170520186424255371e-01,7.228459119796752930e-01,5.450561046600341797e-01
9.140000000000373603e+00,1.997684866392026581e+00,5.859050221770023548e-03,-2.653245278171413868e-01,9.562418053912720151e-01,1.660537756904963413e-01,3.257877957998154064e-03,1.000000000000000000e+00,1.153344035148620605e+00,7.296755313873291016e-01,6.024845838546752930e-01,6.283159852027893066e-01,7.181351780891418457e-01,5.456233620643615723e-01
9.160000000000362519e+00,2.000890757222218763e+00,4.180572285846062552e-03,-3.118689102522710921e-01,9.507758961864036795e-01,1.654596110669540598e-01,-2.062770323166253968e-03,1.000000000000000000e+00,1.152795433998107910e+00,7.263540625572204590e-01,6.151533126831054688e-01,6.411798000335693359e-01,7.124267816543579102e-01,5.491058230400085449e-01
9.180000000000351434e+00,2.003985322782618539e+00,1.726029785160010377e-03,-3.526105053777279230e-01,9.437361912269428554e-01,1.647905202004752434e-01,-7.499051841803501539e-03,1.000000000000000000e+00,1.152384877204895020e+00,7.224559187889099121e-01,6.285724639892578125e-01,6.557911038398742676e-01,7.054972648620605469e-01,5.560265779495239258e-01
9.200000000000340350e+00,2.007002120274933077e+00,-1.434905810538122939e-03,-3.866572702110249171e-01,9.357213240535360299e-01,1.641167261952513334e-01,-1.289990246879729741e-02,1.000000000000000000e+00,1.152172684669494629e+00,7.178415060043334961e-01,6.425855755805969238e-01,6.720086336135864258e-01,6.973496079444885254e-01,5.665268898010253906e-01
9.220000000000329266e+00,2.009957534120183631e+00,-5.223686499802482341e-03,-4.132188271420402792e-01,9.268427545724580163e-01,1.634457872077756668e-01,-1.813098001272043375e-02,1.000000000000000000e+00,1.152121186256408691e+00,7.123762369155883789e-01,6.564390659332275391e-01,6.888550519943237305e-01,6.885278224945068359e-01,5.802254676818847656e-01
9.240000000000318181e+00,2.012847248577231962e+00,-9.556089506420617496e-03,-4.317266635717337264e-01,9.176047210293316603e-01,1.628085751398609116e-01,-2.305607250974951380e-02,1.000000000000000000e+00,1.152220010757446289e+00,7.060617208480834961e-01,6.692157387733459473e-01,7.050777673721313477e-01,6.798498630523681641e-01,5.963425040245056152e-01
9.260000000000307097e+00,2.015696260531202544e+00,-1.432675353664786266e-02,-4.417779303308612682e-01,9.089158540874795467e-01,1.622522966237393005e-01,-2.753749823791079923e-02,1.000000000000000000e+00,1.152457475662231445e+00,6.991254687309265137e-01,6.801282763481140137e-01,7.194827795028686523e-01,6.720215678215026855e-01,6.135413646697998047e-01
9.280000000000296012e+00,2.018526974919555350e+00,-1.942131024162319086e-02,-4.431289959747885532e-01,9.016557113634355858e-01,1.618129660012843363e-01,-3.146318618726624827e-02,1.000000000000000000e+00,1.152712941169738770e+00,6.919925808906555176e-01,6.887258887290954590e-01,7.312369942665100098e-01,6.653016209602355957e-01,6.302280426025390625e-01
9.300000000000284928e+00,2.021363625191054059e+00,-2.472796778168634413e-02,-4.357113489172704801e-01,8.965197677886657113e-01,1.615138662466949482e-01,-3.474680514182877655e-02,1.000000000000000000e+00,1.152860403060913086e+00,6.850784420967102051e-01,6.949653625488281250e-01,7.401614189147949219e-01,6.596390008926391602e-01,6.454658508300781250e-01
9.320000000000273843e+00,2.024235082090693805e+00,-3.013842108168890421e-02,-4.196617230698977963e-01,8.938449915646674571e-01,1.613614471128987649e-01,-3.733848842896266701e-02,1.000000000000000000e+00,1.152893543243408203e+00,6.786180138587951660e-01,6.989553570747375488e-01,7.464915513992309570e-01,6.550044417381286621e-01,6.592211127281188965e-01
9.340000000000262759e+00,2.027169252944998501e+00,-3.554852885878423407e-02,-3.953257095787492403e-01,8.934330730446287117e-01,1.613381845605190434e-01,-3.921477960651695294e-02,1.000000000000000000e+00,1.152902722358703613e+00,6.727175116539001465e-01,7.007504105567932129e-01,7.504891753196716309e-01,6.514151692390441895e-01,6.718580722808837891e-01
9.360000000000251674e+00,2.030180677970624181e+00,-4.085836695641864580e-02,-3.632316642666501005e-01,8.956868661811302479e-01,1.614665219205837499e-01,-4.035846090254022189e-02,1.000000000000000000e+00,1.153007984161376953e+00,6.674696207046508789e-01,7.003035545349121094e-01,7.522826790809631348e-01,6.489032506942749023e-01,6.837081313133239746e-01
9.380000000000240590e+00,2.033278408470764465e+00,-4.597773900991952711e-02,-3.240733109018070213e-01,9.003952179158956071e-01,1.617402262410029823e-01,-4.077754160089165636e-02,1.000000000000000000e+00,1.153308153152465820e+00,6.629764437675476074e-01,6.975419521331787109e-01,7.519275546073913574e-01,6.474948525428771973e-01,6.949598789215087891e-01
9.400000000000229505e+00,2.036473874389093996e+00,-5.082139257767198659e-02,-2.787062577840285771e-01,9.071390691632774672e-01,1.621466960147184833e-01,-4.050272378208728818e-02,1.000000000000000000e+00,1.153886795043945312e+00,6.593728661537170410e-01,6.924600005149841309e-01,7.495040893554687500e-01,6.472076773643493652e-01,7.055903673171997070e-01
9.420000000000218421e+00,2.039781023112684277e+00,-5.530853699650328803e-02,-2.281241804847207455e-01,9.154771791575653239e-01,1.626766656490511720e-01,-3.956976416909332300e-02,1.000000000000000000e+00,1.154844641685485840e+00,6.568378210067749023e-01,6.852108836174011230e-01,7.451937794685363770e-01,6.480426788330078125e-01,7.153146862983703613e-01
9.440000000000207336e+00,2.043194599235961917e+00,-5.936937064310199297e-02,-1.734796444145900451e-01,9.242452493093052945e-01,1.632746922722643768e-01,-3.801968533753643381e-02,1.000000000000000000e+00,1.156316637992858887e+00,6.555948853492736816e-01,6.761174201965332031e-01,7.392735481262207031e-01,6.499862074851989746e-01,7.236225605010986328e-01
9.460000000000196252e+00,2.046672242221736049e+00,-6.292068446740550769e-02,-1.159523319263663782e-01,9.321955002398936152e-01,1.638644889671047877e-01,-3.586305134727348076e-02,1.000000000000000000e+00,1.158446550369262695e+00,6.558504700660705566e-01,6.655118465423583984e-01,7.319802641868591309e-01,6.530334949493408203e-01,7.300385832786560059e-01
9.480000000000185167e+00,2.050174040952239984e+00,-6.587114628433543562e-02,-5.669077924627915349e-02,9.386758056345559931e-01,1.643911171747260980e-01,-3.311721636311561884e-02,1.000000000000000000e+00,1.161313772201538086e+00,6.576902270317077637e-01,6.534262895584106445e-01,7.232393026351928711e-01,6.572395563125610352e-01,7.344497442245483398e-01
9.500000000000174083e+00,2.053673347928406390e+00,-6.814115177999657824e-02,3.141934708775128739e-03,9.435309023575002563e-01,1.648241724017430465e-01,-2.980209696869587366e-02,1.000000000000000000e+00,1.164945602416992188e+00,6.611891984939575195e-01,6.395162343978881836e-01,7.125756740570068359e-01,6.627986431121826172e-01,7.368682026863098145e-01
9.520000000000162999e+00,2.057152900401573614e+00,-6.966337960331214774e-02,6.238159968036265102e-02,9.467519754300806056e-01,1.651400192416738466e-01,-2.594380530234956239e-02,1.000000000000000000e+00,1.169307708740234375e+00,6.663966178894042969e-01,6.231829524040222168e-01,6.992231607437133789e-01,6.700142025947570801e-01,7.373136281967163086e-01
9.540000000000151914e+00,2.060600452452254316e+00,-7.038452622315649609e-02,1.198538375182662818e-01,9.483056492260009129e-01,1.653123458681288460e-01,-2.157868327726614535e-02,1.000000000000000000e+00,1.174187660217285156e+00,6.731976866722106934e-01,6.041227579116821289e-01,6.826964616775512695e-01,6.790868639945983887e-01,7.357494235038757324e-01
9.560000000000140830e+00,2.063998463505343217e+00,-7.026626901596755292e-02,1.743636510503785431e-01,9.480448598329177523e-01,1.653090271643166131e-01,-1.675380904143558558e-02,1.000000000000000000e+00,1.179011821746826172e+00,6.810619235038757324e-01,5.833088159561157227e-01,6.638497710227966309e-01,6.897203326225280762e-01,7.321338653564453125e-01
9.580000000000129745e+00,2.067329948366261938e+00,-6.929218200882497625e-02,2.247373602245604229e-01,9.461939988560980064e-01,1.651479112400635885e-01,-1.153449014951725589e-02,1.000000000000000000e+00,1.182931661605834961e+00,6.890514492988586426e-01,5.631456971168518066e-01,6.450660228729248047e-01,7.010003328323364258e-01,7.265812158584594727e-01
9.600000000000118661e+00,2.070593136931966338e+00,-6.747202791510570341e-02,2.698226735019927935e-01,9.432280519019135001e-01,1.648833549575942914e-01,-6.038940587236812582e-03,1.000000000000000000e+00,1.185369253158569336e+00,6.963641047477722168e-01,5.459102988243103027e-01,6.286631822586059570e-01,7.119362354278564453e-01,7.194437980651855469e-01
9.620000000000107576e+00,2.073804922915863713e+00,-6.484994963410717350e-02,3.085221586886888190e-01,9.396627711874400157e-01,1.645737069448093004e-01,-4.175350301715624796e-04,1.000000000000000000e+00,1.186388015747070312e+00,7.027188539505004883e-01,5.324460864067077637e-01,6.155440807342529297e-01,7.218827009201049805e-01,7.112824916839599609e-01
9.640000000000096492e+00,2.076998844178800319e+00,-6.150503837518528361e-02,3.398325695035516736e-01,9.359881022847260645e-01,1.642669605597983640e-01,5.170495988892626418e-03,1.000000000000000000e+00,1.186401844024658203e+00,7.081423997879028320e-01,5.225797295570373535e-01,6.055339574813842773e-01,7.304028272628784180e-01,7.026590704917907715e-01
9.660000000000085407e+00,2.080171286944671127e+00,-5.752272920611395390e-02,3.629347918012835739e-01,9.321707427730896445e-01,1.639611714322882219e-01,1.057417727594983474e-02,1.000000000000000000e+00,1.185744524002075195e+00,7.128186821937561035e-01,5.158331990242004395e-01,5.980764627456665039e-01,7.373430728912353516e-01,6.936855912208557129e-01
9.680000000000074323e+00,2.083327702267944836e+00,-5.300880059533125133e-02,3.772818035298295403e-01,9.286733713049136751e-01,1.636907464406031631e-01,1.562597260266493024e-02,1.000000000000000000e+00,1.184500932693481445e+00,7.170400619506835938e-01,5.117756128311157227e-01,5.925869345664978027e-01,7.428421974182128906e-01,6.838842034339904785e-01
9.700000000000063238e+00,2.086487192880221109e+00,-4.809264521367367928e-02,3.825427994428460265e-01,9.260456516025125095e-01,1.634909203166638736e-01,2.016453372030034552e-02,1.000000000000000000e+00,1.182572126388549805e+00,7.210172414779663086e-01,5.101491212844848633e-01,5.886110067367553711e-01,7.470014095306396484e-01,6.725662946701049805e-01
9.720000000000052154e+00,2.089665006865850660e+00,-4.290445851563795543e-02,3.786019810280193965e-01,9.247817457967814070e-01,1.633906404150445302e-01,2.405613899968755270e-02,1.000000000000000000e+00,1.179830312728881836e+00,7.246799468994140625e-01,5.108239650726318359e-01,5.858433246612548828e-01,7.496859431266784668e-01,6.593134403228759766e-01
9.740000000000041069e+00,2.092881587405602595e+00,-3.757131290567400361e-02,3.655803346798801035e-01,9.251455521368899815e-01,1.634047534933817103e-01,2.720007421155654775e-02,1.000000000000000000e+00,1.176296353340148926e+00,7.277573347091674805e-01,5.136047005653381348e-01,5.840725302696228027e-01,7.507524490356445312e-01,6.442806720733642578e-01
9.760000000000029985e+00,2.096160173658838666e+00,-3.221318423461189129e-02,3.438409396509372606e-01,9.270584094209836090e-01,1.635293977539601651e-01,2.954280648513664051e-02,1.000000000000000000e+00,1.172312378883361816e+00,7.301136851310729980e-01,5.180636048316955566e-01,5.831965208053588867e-01,7.503443956375122070e-01,6.284637451171875000e-01
9.780000000000018900e+00,2.099514131057528044e+00,-2.694385137614446757e-02,3.139588048826177369e-01,9.301038517238288117e-01,1.637413479527721760e-01,3.106205540407227031e-02,1.000000000000000000e+00,1.168474555015563965e+00,7.318897247314453125e-01,5.235401988029479980e-01,5.831766128540039062e-01,7.488768696784973145e-01,6.134839057922363281e-01
9.800000000000007816e+00,2.102945824530384922e+00,-2.186303415037155196e-02,2.766708703773076428e-01,9.343901024406777722e-01,1.640590406067016782e-01,3.175419821062815118e-02,1.000000000000000000e+00,1.165166378021240234e+00,7.332875728607177734e-01,5.293739438056945801e-01,5.838080644607543945e-01,7.468166351318359375e-01,6.003747582435607910e-01
9.819999999999996732e+00,2.106459124356454549e+00,-1.705997428793709636e-02,2.328634052995696979e-01,9.395308152496475440e-01,1.644669717507497020e-01,3.165404057065657889e-02,1.000000000000000000e+00,1.162437558174133301e+00,7.344166040420532227e-01,5.351068377494812012e-01,5.847734808921813965e-01,7.445147633552551270e-01,5.892451405525207520e-01
9.839999999999985647e+00,2.110061397133864425e+00,-1.261712530814329547e-02,1.835447421824745462e-01,9.452324099750999409e-01,1.649585541036510117e-01,3.081487902169317145e-02,1.000000000000000000e+00,1.160224556922912598e+00,7.353105545043945312e-01,5.405561923980712891e-01,5.859025716781616211e-01,7.421638965606689453e-01,5.798504352569580078e-01
9.859999999999974563e+00,2.113752118925680712e+00,-8.605920490191987238e-03,1.298570603234090737e-01,9.508804194853379688e-01,1.654969633990207023e-01,2.930284689345723573e-02,1.000000000000000000e+00,1.158471345901489258e+00,7.359690666198730469e-01,5.457931756973266602e-01,5.872591137886047363e-01,7.398329377174377441e-01,5.719211101531982422e-01
9.879999999999963478e+00,2.117489840661503919e+00,-5.096428736464042597e-03,7.302648554714902263e-02,9.556377407281766434e-01,1.660044149892436205e-01,2.715911673661024553e-02,1.000000000000000000e+00,1.157153964042663574e+00,7.363759279251098633e-01,5.510368347167968750e-01,5.890818238258361816e-01,7.375284433364868164e-01,5.652654170989990234e-01
9.899999999999952394e+00,2.121223207981048020e+00,-2.175540525607810860e-03,1.422709614194059800e-02,9.590810555870500353e-01,1.664147475157950751e-01,2.441691119146024991e-02,1.000000000000000000e+00,1.156248092651367188e+00,7.365241646766662598e-01,5.566391348838806152e-01,5.917279124259948730e-01,7.352020740509033203e-01,5.596389770507812500e-01
9.919999999999941309e+00,2.124915420648976649e+00,7.918040675658488681e-05,-4.535815106424243709e-02,9.612046576713002555e-01,1.666924654119368021e-01,2.111300008555232199e-02,1.000000000000000000e+00,1.155716300010681152e+00,7.363765835762023926e-01,5.630147457122802734e-01,5.956058502197265625e-01,7.327540516853332520e-01,5.548503994941711426e-01
9.939999999999930225e+00,2.128541664095663588e+00,1.603220140962147156e-03,-1.045528326779956857e-01,9.620904107444671061e-01,1.668151016287618693e-01,1.728315588659763008e-02,1.000000000000000000e+00,1.155470132827758789e+00,7.358279228210449219e-01,5.705648660659790039e-01,6.011176705360412598e-01,7.300382256507873535e-01,5.508629679679870605e-01
9.959999999999919140e+00,2.132085277386560396e+00,2.347109778090494814e-03,-1.621952188637276748e-01,9.617230066822358703e-01,1.667621287424607135e-01,1.297127486108731222e-02,1.000000000000000000e+00,1.155333280563354492e+00,7.346881031990051270e-01,5.795679092407226562e-01,6.085534095764160156e-01,7.268673181533813477e-01,5.479009151458740234e-01
9.979999999999908056e+00,2.135528561505446898e+00,2.277745791320118229e-03,-2.171272717635713834e-01,9.598260733689210067e-01,1.665038950006815788e-01,8.232613847334285806e-03,1.000000000000000000e+00,1.155095100402832031e+00,7.327753305435180664e-01,5.900374054908752441e-01,6.179521083831787109e-01,7.230386137962341309e-01,5.464764833450317383e-01
9.999999999999896971e+00,2.138852239448075121e+00,1.383148134372458316e-03,-2.682389971957775954e-01,9.560926667408807811e-01,1.660437157428270583e-01,3.131055458089007041e-03,1.000000000000000000e+00,1.154694199562072754e+00,7.301126122474670410e-01,6.016230583190917969e-01,6.290625333786010742e-01,7.183908820152282715e-01,5.472848415374755859e-01
