time,x,y,yaw,reward,velocity_x,velocity_y,steady_state,frequency,phase_lag_1,phase_lag_2,phase_lag_3,phase_lag_4,phase_lag_5
2.000000000000001082e-02,5.999868804754121543e-01,-1.475370736654102455e-03,1.735490382273774043e-02,0.000000000000000000e+00,-2.340646568975469216e-03,-1.315837902972981643e-01,0.000000000000000000e+00,1.167933583259582520e+00,6.351780891418457031e-01,6.406037211418151855e-01,6.340591907501220703e-01,6.447222828865051270e-01,6.430253386497497559e-01
4.000000000000002859e-02,5.998734889610622956e-01,-4.557455624217554568e-03,5.660365538488180970e-02,0.000000000000000000e+00,-5.685412857463448266e-03,-1.457316077399249954e-01,0.000000000000000000e+00,1.167971491813659668e+00,6.469753980636596680e-01,7.108373641967773438e-01,6.496490836143493652e-01,6.153348088264465332e-01,6.031787395477294922e-01
6.000000000000004635e-02,5.996550729404827029e-01,-7.352135535605375249e-03,9.802792248649117024e-02,0.000000000000000000e+00,-7.691816071918121389e-03,-1.342225112712062962e-01,0.000000000000000000e+00,1.174905776977539062e+00,6.363483071327209473e-01,7.064808607101440430e-01,6.510420441627502441e-01,6.181148886680603027e-01,5.948028564453125000e-01
8.000000000000005718e-02,5.994428280265783338e-01,-8.845444138330160744e-03,1.287776569598601262e-01,0.000000000000000000e+00,-8.006000997897846916e-03,-1.101534707384861228e-01,0.000000000000000000e+00,1.192827105522155762e+00,6.108697056770324707e-01,6.764808297157287598e-01,6.466259956359863281e-01,6.341698169708251953e-01,5.898619294166564941e-01
1.000000000000000749e-01,5.993030394670296745e-01,-8.974538745500304504e-03,1.459918818859033962e-01,0.000000000000000000e+00,-7.448744742932932386e-03,-8.402351192137134939e-02,0.000000000000000000e+00,1.200000047683715820e+00,5.905467271804809570e-01,6.259061694145202637e-01,6.415810585021972656e-01,6.532116532325744629e-01,6.103660464286804199e-01
1.200000000000000927e-01,5.992196013930731757e-01,-8.231882692911196564e-03,1.537765654315296771e-01,0.000000000000000000e+00,-6.798953420382394634e-03,-6.188965515364847764e-02,0.000000000000000000e+00,1.198727726936340332e+00,5.912528038024902344e-01,5.961342453956604004e-01,6.375970244407653809e-01,6.610354185104370117e-01,6.363145112991333008e-01
1.400000000000000966e-01,5.991455347966099243e-01,-7.181549324152713965e-03,1.580049467716941602e-01,0.000000000000000000e+00,-6.421465313987667796e-03,-4.538158561566014298e-02,0.000000000000000000e+00,1.193221807479858398e+00,5.966450572013854980e-01,5.887953042984008789e-01,6.351885795593261719e-01,6.616104245185852051e-01,6.479116678237915039e-01
1.600000000000001144e-01,5.990455865032803251e-01,-6.127992115164793141e-03,1.623716428105417275e-01,0.000000000000000000e+00,-6.358471458510873454e-03,-3.321074815099323008e-02,0.000000000000000000e+00,1.192264914512634277e+00,5.997267365455627441e-01,5.898008346557617188e-01,6.346649527549743652e-01,6.598224639892578125e-01,6.509264111518859863e-01
1.800000000000001321e-01,5.989096659106261100e-01,-5.049624526813289993e-03,1.670771189508730437e-01,0.000000000000000000e+00,-6.491360221780531278e-03,-2.309672701330599265e-02,0.000000000000000000e+00,1.193202495574951172e+00,6.000896692276000977e-01,5.903921723365783691e-01,6.347227692604064941e-01,6.586688756942749023e-01,6.516392827033996582e-01
2.000000000000001499e-01,5.987512835943651357e-01,-3.728876594105146047e-03,1.697693180284122472e-01,0.000000000000000000e+00,-6.643676841391004881e-03,-1.315980523854385839e-02,0.000000000000000000e+00,1.192896366119384766e+00,5.995271205902099609e-01,5.861378908157348633e-01,6.340189576148986816e-01,6.595798730850219727e-01,6.549592018127441406e-01
2.200000000000001676e-01,5.986003312403268550e-01,-1.935545592393228542e-03,1.674216777537812229e-01,0.000000000000000000e+00,-6.656365831813683930e-03,-2.508762982162016097e-03,0.000000000000000000e+00,1.189180493354797363e+00,6.007967591285705566e-01,5.784480571746826172e-01,6.320761442184448242e-01,6.617439389228820801e-01,6.622841954231262207e-01
2.400000000000001854e-01,5.984906303457019350e-01,4.424088880371490617e-04,1.578779964737292707e-01,0.000000000000000000e+00,-6.431367933403749591e-03,8.814424417634213194e-03,0.000000000000000000e+00,1.182021260261535645e+00,6.051245331764221191e-01,5.711107850074768066e-01,6.291806101799011230e-01,6.638011932373046875e-01,6.719014048576354980e-01
2.600000000000001754e-01,5.984492634619732465e-01,3.362896858173591852e-03,1.404506497282887734e-01,0.000000000000000000e+00,-5.939868849155819502e-03,2.023861572109711057e-02,0.000000000000000000e+00,1.173311591148376465e+00,6.116793155670166016e-01,5.665014386177062988e-01,6.261264681816101074e-01,6.650258302688598633e-01,6.817640066146850586e-01
2.800000000000001932e-01,5.984934090855099642e-01,6.675967409494443228e-03,1.156750372821583189e-01,0.000000000000000000e+00,-5.190825867036649548e-03,3.110476610605129172e-02,0.000000000000000000e+00,1.164851069450378418e+00,6.194121837615966797e-01,5.652546286582946777e-01,6.236286163330078125e-01,6.651193499565124512e-01,6.909345388412475586e-01
3.000000000000002109e-01,5.986338695975671476e-01,1.019714753671724372e-02,8.471018215480563551e-02,0.000000000000000000e+00,-4.207210715145615759e-03,4.091753461552619098e-02,0.000000000000000000e+00,1.157141804695129395e+00,6.279929280281066895e-01,5.669754743576049805e-01,6.219785809516906738e-01,6.640236973762512207e-01,6.993929147720336914e-01
3.200000000000002287e-01,5.988775704992905791e-01,1.375795977337185283e-02,4.881599540447541241e-02,0.000000000000000000e+00,-3.017432107427206467e-03,4.939988842810108527e-02,0.000000000000000000e+00,1.149998188018798828e+00,6.374052166938781738e-01,5.709204673767089844e-01,6.211427450180053711e-01,6.618724465370178223e-01,7.073296308517456055e-01
3.400000000000002465e-01,5.992268311433438521e-01,1.722360854512638983e-02,9.101251767161141343e-03,0.000000000000000000e+00,-1.659290502032668372e-03,5.643310703420029162e-02,0.000000000000000000e+00,1.143181204795837402e+00,6.475691199302673340e-01,5.764314532279968262e-01,6.209155321121215820e-01,6.589492559432983398e-01,7.147298455238342285e-01
3.600000000000002642e-01,5.996785388170124964e-01,2.047993187067187471e-02,-3.348014734307467460e-02,0.000000000000000000e+00,-1.750684656313412219e-04,6.194754647942599113e-02,0.000000000000000000e+00,1.136612057685852051e+00,6.581775546073913574e-01,5.830579996109008789e-01,6.210768818855285645e-01,6.556275486946105957e-01,7.212264537811279297e-01
3.800000000000002820e-01,6.002252409093569163e-01,2.341334375370046628e-02,-7.802322539666720069e-02,0.000000000000000000e+00,1.386902365694283852e-03,6.587662737832657156e-02,0.000000000000000000e+00,1.130484819412231445e+00,6.686787605285644531e-01,5.905359387397766113e-01,6.214495301246643066e-01,6.522416472434997559e-01,7.262144684791564941e-01
4.000000000000002998e-01,6.008537929384565324e-01,2.590413880692288284e-02,-1.235610481229081070e-01,0.000000000000000000e+00,2.979307422845568071e-03,6.815609927980306737e-02,0.000000000000000000e+00,1.125165104866027832e+00,6.785777807235717773e-01,5.989124178886413574e-01,6.219136714935302734e-01,6.488594412803649902e-01,7.291789054870605469e-01
4.200000000000003175e-01,6.015495168854336772e-01,2.783484912040096182e-02,-1.690275697329580717e-01,0.000000000000000000e+00,4.562053417688807094e-03,6.875424961287072978e-02,0.000000000000000000e+00,1.121105074882507324e+00,6.875762343406677246e-01,6.085648536682128906e-01,6.223939061164855957e-01,6.452541351318359375e-01,7.297565340995788574e-01
4.400000000000003353e-01,6.022980234155913548e-01,2.910267891233958570e-02,-2.132924849079049778e-01,0.000000000000000000e+00,6.107358475750229374e-03,6.769309961614436433e-02,0.000000000000000000e+00,1.118815779685974121e+00,6.954113841056823730e-01,6.199546456336975098e-01,6.228513717651367188e-01,6.411173343658447266e-01,7.275940775871276855e-01
4.600000000000003531e-01,6.030901005773492418e-01,2.963093536736521871e-02,-2.552246185421996327e-01,0.000000000000000000e+00,7.607270886644678862e-03,6.505547952682498580e-02,0.000000000000000000e+00,1.118799209594726562e+00,7.016738057136535645e-01,6.332408189773559570e-01,6.233058571815490723e-01,6.363075375556945801e-01,7.223051190376281738e-01
4.800000000000003708e-01,6.039202927497152595e-01,2.937339247635833983e-02,-2.937544195633774446e-01,0.000000000000000000e+00,9.057888707361216526e-03,6.097354351735206207e-02,0.000000000000000000e+00,1.121361732482910156e+00,7.058140635490417480e-01,6.480069756507873535e-01,6.238554716110229492e-01,6.309754252433776855e-01,7.136831283569335938e-01
5.000000000000003331e-01,6.047887346376188411e-01,2.831389251378479965e-02,-3.279044494768014739e-01,0.000000000000000000e+00,1.047590831900507315e-02,5.561759783405904878e-02,0.000000000000000000e+00,1.126388907432556152e+00,7.073782086372375488e-01,6.632738113403320312e-01,6.246380209922790527e-01,6.255208849906921387e-01,7.021152973175048828e-01
5.200000000000003508e-01,6.057056459003860027e-01,2.646442117490871437e-02,-3.567867470697079213e-01,0.000000000000000000e+00,1.189429682782499297e-02,4.918136098583152788e-02,0.000000000000000000e+00,1.133295774459838867e+00,7.063238024711608887e-01,6.777843832969665527e-01,6.257638335227966309e-01,6.204023957252502441e-01,6.887779235839843750e-01
5.400000000000003686e-01,6.066940095497725949e-01,2.386215844996042446e-02,-3.795822579734592361e-01,0.000000000000000000e+00,1.337143013267244954e-02,4.188019575397882582e-02,0.000000000000000000e+00,1.141229391098022461e+00,7.030439972877502441e-01,6.904423236846923828e-01,6.273030638694763184e-01,6.159182786941528320e-01,6.751967668533325195e-01
5.600000000000003864e-01,6.077789909392925516e-01,2.056786932728205120e-02,-3.955203006720776626e-01,0.000000000000000000e+00,1.492614466685352782e-02,3.392821960575469892e-02,0.000000000000000000e+00,1.149410605430603027e+00,6.980788111686706543e-01,7.006540298461914062e-01,6.292948722839355469e-01,6.121557354927062988e-01,6.624901890754699707e-01
5.800000000000004041e-01,6.089795677833242937e-01,1.666166473046237773e-02,-4.039212317294769705e-01,0.000000000000000000e+00,1.659835453858248336e-02,2.555322902723092607e-02,0.000000000000000000e+00,1.157340764999389648e+00,6.919174790382385254e-01,7.083313465118408203e-01,6.317250132560729980e-01,6.090598702430725098e-01,6.510884761810302734e-01
6.000000000000004219e-01,6.103237553298844764e-01,1.224651538928583916e-02,-4.042256042218085321e-01,0.000000000000000000e+00,1.841762923359733725e-02,1.698453643205631233e-02,0.000000000000000000e+00,1.164763569831848145e+00,6.850264072418212891e-01,7.136539816856384277e-01,6.344810724258422852e-01,6.065269112586975098e-01,6.410387158393859863e-01
6.200000000000004396e-01,6.118336687518096673e-01,7.441977618394990390e-03,-3.960338859133193390e-01,0.000000000000000000e+00,2.040361054796614379e-02,8.441863312605525638e-03,0.000000000000000000e+00,1.171578288078308105e+00,6.777915358543395996e-01,7.169026732444763184e-01,6.373901963233947754e-01,6.045103073120117188e-01,6.321932673454284668e-01
6.400000000000004574e-01,6.135291999351443204e-01,2.374848484015312788e-03,-3.791749537797339253e-01,0.000000000000000000e+00,2.256960897872330868e-02,1.232630607932942018e-04,0.000000000000000000e+00,1.177707433700561523e+00,6.704480648040771484e-01,7.183063030242919922e-01,6.402354836463928223e-01,6.031628251075744629e-01,6.243251562118530273e-01
6.600000000000004752e-01,6.154279693400503959e-01,-2.826397404736558094e-03,-3.537447543031081443e-01,0.000000000000000000e+00,2.492384048091299265e-02,-7.797316656917202375e-03,0.000000000000000000e+00,1.183129668235778809e+00,6.630458235740661621e-01,7.179401516914367676e-01,6.427221894264221191e-01,6.028727293014526367e-01,6.171889305114746094e-01
6.800000000000004929e-01,6.175394265566679364e-01,-8.034350005778678749e-03,-3.201119236622025355e-01,0.000000000000000000e+00,2.745103913143845387e-02,-1.517018954360012557e-02,0.000000000000000000e+00,1.188058733940124512e+00,6.554123759269714355e-01,7.157413959503173828e-01,6.445224881172180176e-01,6.040980815887451172e-01,6.105010509490966797e-01
7.000000000000005107e-01,6.198601264640217767e-01,-1.312743876819871813e-02,-2.789016719006568445e-01,0.000000000000000000e+00,3.012841458454484228e-02,-2.187483424130974921e-02,0.000000000000000000e+00,1.192924499511718750e+00,6.471204161643981934e-01,7.115550637245178223e-01,6.454339623451232910e-01,6.071729660034179688e-01,6.039160490036010742e-01
7.200000000000005285e-01,6.223828953693443244e-01,-1.799225118332320461e-02,-2.309808056675798360e-01,0.000000000000000000e+00,3.293165922571503201e-02,-2.781452891435241825e-02,0.000000000000000000e+00,1.198078513145446777e+00,6.376348733901977539e-01,7.052249312400817871e-01,6.454885601997375488e-01,6.122135519981384277e-01,5.971454381942749023e-01
7.400000000000005462e-01,6.251001284792985224e-01,-2.251854888861248849e-02,-1.774281203462968470e-01,0.000000000000000000e+00,3.584219198292545872e-02,-3.289661357419208787e-02,0.000000000000000000e+00,1.200000047683715820e+00,6.267444491386413574e-01,6.968402862548828125e-01,6.449471712112426758e-01,6.189986467361450195e-01,5.902204513549804688e-01
7.600000000000005640e-01,6.279961330088157379e-01,-2.658953004894143435e-02,-1.195358474278275657e-01,0.000000000000000000e+00,3.880560909307281814e-02,-3.703679296137496468e-02,0.000000000000000000e+00,1.200000047683715820e+00,6.150820851325988770e-01,6.868948340415954590e-01,6.441925764083862305e-01,6.267882585525512695e-01,5.838647484779357910e-01
7.800000000000005818e-01,6.310178865913509405e-01,-3.008520941098358215e-02,-5.872897706285299529e-02,0.000000000000000000e+00,4.174111893021481556e-02,-4.014572122042682489e-02,0.000000000000000000e+00,1.200000047683715820e+00,6.038780212402343750e-01,6.759849786758422852e-01,6.435595750808715820e-01,6.345747113227844238e-01,5.792729258537292480e-01
8.000000000000005995e-01,6.341131111579804136e-01,-3.288500931793825188e-02,3.573663149173372366e-03,0.000000000000000000e+00,4.459562433695545003e-02,-4.216308997848192130e-02,0.000000000000000000e+00,1.200000047683715820e+00,5.938077569007873535e-01,6.642389297485351562e-01,6.432157754898071289e-01,6.418508291244506836e-01,5.771754980087280273e-01
8.200000000000006173e-01,6.372439560101388345e-01,-3.489083244240365200e-02,6.598147408723374630e-02,0.000000000000000000e+00,4.733576523743126402e-02,-4.306412997691962813e-02,0.000000000000000000e+00,1.200000047683715820e+00,5.849637985229492188e-01,6.516437530517578125e-01,6.431770920753479004e-01,6.485035419464111328e-01,5.776943564414978027e-01
8.400000000000006350e-01,6.403830564879233744e-01,-3.602996059754465241e-02,1.271531847851850028e-01,0.000000000000000000e+00,4.994131403232339450e-02,-4.285756842747288908e-02,0.000000000000000000e+00,1.200000047683715820e+00,5.775286555290222168e-01,6.387125253677368164e-01,6.433529257774353027e-01,6.543070077896118164e-01,5.806571245193481445e-01
8.600000000000006528e-01,6.435041414001013704e-01,-3.625495346279039577e-02,1.857710951423967860e-01,0.000000000000000000e+00,5.238635264291786886e-02,-4.158023513007524236e-02,0.000000000000000000e+00,1.200000047683715820e+00,5.718683004379272461e-01,6.262192130088806152e-01,6.435825824737548828e-01,6.590111851692199707e-01,5.858179330825805664e-01
8.800000000000006706e-01,6.465780176957554026e-01,-3.554616040642405439e-02,2.405637838122001160e-01,0.000000000000000000e+00,5.465464094679401558e-02,-3.930068633897337155e-02,0.000000000000000000e+00,1.200000047683715820e+00,5.682132840156555176e-01,6.145856380462646484e-01,6.437233686447143555e-01,6.626760959625244141e-01,5.929133296012878418e-01
9.000000000000006883e-01,6.495904028096772809e-01,-3.391503728350614422e-02,2.903052656240886487e-01,0.000000000000000000e+00,5.675397487701731164e-02,-3.611512048442516720e-02,0.000000000000000000e+00,1.200000047683715820e+00,5.665932297706604004e-01,6.039614081382751465e-01,6.437035799026489258e-01,6.655324101448059082e-01,6.015601158142089844e-01
9.200000000000007061e-01,6.525498352572287608e-01,-3.140466521173046477e-02,3.338313627675827955e-01,0.000000000000000000e+00,5.871754486505542658e-02,-3.215047354701720816e-02,0.000000000000000000e+00,1.200000047683715820e+00,5.669249892234802246e-01,5.944476723670959473e-01,6.434248089790344238e-01,6.676777601242065430e-01,6.112388968467712402e-01
9.400000000000007239e-01,6.554888472406267264e-01,-2.809661152079262481e-02,3.700621942335749481e-01,0.000000000000000000e+00,6.059265461511194328e-02,-2.755649050230525240e-02,0.000000000000000000e+00,1.200000047683715820e+00,5.691040158271789551e-01,5.861890912055969238e-01,6.426873803138732910e-01,6.690685153007507324e-01,6.213526129722595215e-01
9.600000000000007416e-01,6.584140018083144419e-01,-2.408365255218031242e-02,3.980405779675209588e-01,0.000000000000000000e+00,6.236526867319183709e-02,-2.246956004216245362e-02,0.000000000000000000e+00,1.200000047683715820e+00,5.729883313179016113e-01,5.791962742805480957e-01,6.412543058395385742e-01,6.697267889976501465e-01,6.314966082572937012e-01
9.800000000000007594e-01,6.613232759155955875e-01,-1.947114505603009249e-02,4.170549754805930043e-01,0.000000000000000000e+00,6.406179805326288335e-02,-1.704172264126925865e-02,0.000000000000000000e+00,1.200000047683715820e+00,5.783320665359497070e-01,5.732145309448242188e-01,6.389555335044860840e-01,6.699219346046447754e-01,6.416230201721191406e-01
1.000000000000000666e+00,6.642403139428971759e-01,-1.438989800073553482e-02,4.266004074836092230e-01,0.000000000000000000e+00,6.570733544396643866e-02,-1.143162118900674373e-02,0.000000000000000000e+00,1.200000047683715820e+00,5.847325325012207031e-01,5.680324435234069824e-01,6.357581019401550293e-01,6.699553132057189941e-01,6.517238020896911621e-01
1.019999999999998463e+00,6.671833057153350177e-01,-8.978619862362036130e-03,4.263956153047609443e-01,0.000000000000000000e+00,6.871731269420178201e-02,-3.271399395410313788e-03,0.000000000000000000e+00,1.193358898162841797e+00,5.917217135429382324e-01,5.637227296829223633e-01,6.319130659103393555e-01,6.699659228324890137e-01,6.616613864898681641e-01
1.039999999999996261e+00,6.701752201573183410e-01,-3.379476473961640082e-03,4.164629975461533462e-01,0.000000000000000000e+00,7.192317429926760319e-02,5.572058051334286173e-03,0.000000000000000000e+00,1.186115980148315430e+00,5.988721847534179688e-01,5.607004761695861816e-01,6.279121637344360352e-01,6.698547601699829102e-01,6.711322665214538574e-01
1.059999999999994058e+00,6.732429255339367202e-01,2.270212122035319968e-03,3.971518710243751582e-01,0.000000000000000000e+00,7.527104521705772766e-02,1.342746586761399928e-02,0.000000000000000000e+00,1.179610013961791992e+00,6.060488224029541016e-01,5.593684315681457520e-01,6.241983771324157715e-01,6.694373488426208496e-01,6.799882054328918457e-01
1.079999999999991855e+00,6.764054942030403028e-01,7.844093387272099704e-03,3.690756052402273113e-01,0.000000000000000000e+00,7.866144879383860089e-02,1.968432541101442293e-02,0.000000000000000000e+00,1.173519849777221680e+00,6.134958863258361816e-01,5.598646998405456543e-01,6.210739612579345703e-01,6.685796976089477539e-01,6.883814334869384766e-01
1.099999999999989653e+00,6.796662325694134976e-01,1.323476330393519307e-02,3.330250066265975639e-01,0.000000000000000000e+00,8.207636872138347750e-02,2.454176008381821206e-02,0.000000000000000000e+00,1.167218089103698730e+00,6.216408014297485352e-01,5.621519088745117188e-01,6.188014149665832520e-01,6.671431064605712891e-01,6.965873837471008301e-01
1.119999999999987450e+00,6.830281658464409933e-01,1.835104623414690606e-02,2.899519836915920856e-01,0.000000000000000000e+00,8.556186591878560399e-02,2.851667013755084662e-02,0.000000000000000000e+00,1.160240769386291504e+00,6.308735013008117676e-01,5.661125779151916504e-01,6.175425052642822266e-01,6.649689078330993652e-01,7.048431038856506348e-01
1.139999999999985247e+00,6.864985145532713773e-01,2.310989824210596399e-02,2.409573404942238484e-01,0.000000000000000000e+00,8.917285340702331420e-02,3.199644547771293701e-02,0.000000000000000000e+00,1.152496695518493652e+00,6.412872672080993652e-01,5.714690089225769043e-01,6.172466874122619629e-01,6.620396375656127930e-01,7.131125926971435547e-01
1.159999999999983045e+00,6.900805476709634956e-01,2.743459415314319916e-02,1.872830471267492025e-01,0.000000000000000000e+00,9.292001509964543937e-02,3.504182440088124406e-02,0.000000000000000000e+00,1.144373655319213867e+00,6.524350643157958984e-01,5.777518749237060547e-01,6.176713109016418457e-01,6.586162447929382324e-01,7.208418250083923340e-01
1.179999999999980842e+00,6.937373190695936831e-01,3.125254679466471508e-02,1.302621117745560164e-01,0.000000000000000000e+00,9.674685808421454314e-02,3.741986147075591213e-02,0.000000000000000000e+00,1.136673927307128906e+00,6.633564829826354980e-01,5.844048261642456055e-01,6.184707283973693848e-01,6.551444530487060547e-01,7.271722555160522461e-01
1.199999999999978639e+00,6.974170641629890977e-01,3.447605202113895873e-02,7.112618900973759206e-02,0.000000000000000000e+00,1.005848758951884275e-01,3.879408946980109074e-02,0.000000000000000000e+00,1.130080223083496094e+00,6.732258200645446777e-01,5.910912752151489258e-01,6.193444728851318359e-01,6.519155502319335938e-01,7.316218018531799316e-01
1.219999999999976437e+00,7.010830141633708212e-01,3.703139071755362499e-02,1.103720790608860719e-02,0.000000000000000000e+00,1.043708348247324169e-01,3.891520071570681721e-02,0.000000000000000000e+00,1.124902606010437012e+00,6.817244291305541992e-01,5.978299379348754883e-01,6.201238036155700684e-01,6.489300131797790527e-01,7.341861128807067871e-01
1.239999999999974234e+00,7.047112922595095696e-01,3.886328071939310069e-02,-4.891917326658506981e-02,0.000000000000000000e+00,1.080537458331958661e-01,3.770331230548982365e-02,0.000000000000000000e+00,1.121185898780822754e+00,6.889478564262390137e-01,6.049312949180603027e-01,6.207482814788818359e-01,6.459934711456298828e-01,7.350032925605773926e-01
1.259999999999972031e+00,7.082856975143040357e-01,3.993203015970447911e-02,-1.077180294422139389e-01,0.000000000000000000e+00,1.115966971944662295e-01,3.523372266406363945e-02,0.000000000000000000e+00,1.118887662887573242e+00,6.951298713684082031e-01,6.128520369529724121e-01,6.212295889854431152e-01,6.428431868553161621e-01,7.341219782829284668e-01
1.279999999999969829e+00,7.117879759958781749e-01,4.021081797065800822e-02,-1.643508136724828872e-01,0.000000000000000000e+00,1.149645172217137190e-01,3.166477349003390951e-02,0.000000000000000000e+00,1.118055224418640137e+00,7.004036307334899902e-01,6.220367550849914551e-01,6.216130852699279785e-01,6.392380595207214355e-01,7.314082384109497070e-01
1.299999999999967626e+00,7.151971287220957318e-01,3.968821453644660879e-02,-2.178372700897397707e-01,0.000000000000000000e+00,1.181309475823929811e-01,2.717624573418602960e-02,0.000000000000000000e+00,1.118879914283752441e+00,7.047106027603149414e-01,6.327939033508300781e-01,6.219635009765625000e-01,6.350187063217163086e-01,7.265422940254211426e-01
1.319999999999965423e+00,7.185019655358745316e-01,3.837094345330110956e-02,-2.672153290170113937e-01,0.000000000000000000e+00,1.210872405403669166e-01,2.193560502545047197e-02,0.000000000000000000e+00,1.121630430221557617e+00,7.077528238296508789e-01,6.451231837272644043e-01,6.223704218864440918e-01,6.301932334899902344e-01,7.191402912139892578e-01
1.339999999999963221e+00,7.217075580037888294e-01,3.628382108186550825e-02,-3.115408299887314492e-01,0.000000000000000000e+00,1.238478865213593488e-01,1.609863569226878399e-02,0.000000000000000000e+00,1.126482963562011719e+00,7.090649604797363281e-01,6.585710644721984863e-01,6.229398846626281738e-01,6.250154972076416016e-01,7.090470790863037109e-01
1.359999999999961018e+00,7.248360788151088085e-01,3.347689966540723372e-02,-3.498970609398942555e-01,0.000000000000000000e+00,1.264499869559093659e-01,9.840599543716356881e-03,0.000000000000000000e+00,1.133299231529235840e+00,7.082928419113159180e-01,6.722673773765563965e-01,6.237781047821044922e-01,6.199140548706054688e-01,6.966800093650817871e-01
1.379999999999958815e+00,7.279189809403574518e-01,3.001679548595881375e-02,-3.813842953826825921e-01,0.000000000000000000e+00,1.289168217463889932e-01,3.342197302038413254e-03,0.000000000000000000e+00,1.141534566879272461e+00,7.054287791252136230e-01,6.851416826248168945e-01,6.249878406524658203e-01,6.152810454368591309e-01,6.831129789352416992e-01
1.399999999999956612e+00,7.309463416505025402e-01,2.596598194146554350e-02,-4.051922822709752570e-01,0.000000000000000000e+00,1.312527189356892110e-01,-3.208440264745169267e-03,0.000000000000000000e+00,1.150407552719116211e+00,7.007533907890319824e-01,6.962807774543762207e-01,6.266786456108093262e-01,6.113119125366210938e-01,6.696075797080993652e-01
1.419999999999954410e+00,7.339290068315200699e-01,2.140457618189034461e-02,-4.206525487508474548e-01,0.000000000000000000e+00,1.334973912839844956e-01,-9.605685700418564385e-03,0.000000000000000000e+00,1.159150362014770508e+00,6.947016716003417969e-01,7.051559090614318848e-01,6.289004087448120117e-01,6.080154180526733398e-01,6.570857167243957520e-01
1.439999999999952207e+00,7.368914715994245856e-01,1.643510075410281601e-02,-4.272216755988249015e-01,0.000000000000000000e+00,1.356861282355303344e-01,-1.565119064084889711e-02,0.000000000000000000e+00,1.167241573333740234e+00,6.877883672714233398e-01,7.116721868515014648e-01,6.315703392028808594e-01,6.053273081779479980e-01,6.459566354751586914e-01
1.459999999999950004e+00,7.398581792417161518e-01,1.116631858845756886e-02,-4.245233278163457191e-01,0.000000000000000000e+00,1.378528090528044203e-01,-2.117202392038945724e-02,0.000000000000000000e+00,1.174467444419860840e+00,6.804981231689453125e-01,7.160045504570007324e-01,6.345040202140808105e-01,6.031636595726013184e-01,6.362575888633728027e-01
1.479999999999947802e+00,7.428602369971886166e-01,5.711652855302673526e-03,-4.124104708083936033e-01,0.000000000000000000e+00,1.400355740074532285e-01,-2.602303430889245719e-02,0.000000000000000000e+00,1.180790424346923828e+00,6.731650829315185547e-01,7.184162735939025879e-01,6.374858617782592773e-01,6.015575528144836426e-01,6.278079748153686523e-01
1.499999999999945599e+00,7.459317615548207714e-01,1.846192312512928702e-04,-3.910090412448520292e-01,0.000000000000000000e+00,1.422613736167587239e-01,-3.008882682078628176e-02,0.000000000000000000e+00,1.186239361763000488e+00,6.659150719642639160e-01,7.190830111503601074e-01,6.402561068534851074e-01,6.007722616195678711e-01,6.203337907791137695e-01
1.519999999999943396e+00,7.490966748211344006e-01,-5.300762133866265824e-03,-3.607135175353536893e-01,0.000000000000000000e+00,1.445296870060816252e-01,-3.328231236949782956e-02,0.000000000000000000e+00,1.191015124320983887e+00,6.586473584175109863e-01,7.180196642875671387e-01,6.424856185913085938e-01,6.012284755706787109e-01,6.135273575782775879e-01
1.539999999999941194e+00,7.523660457097661736e-01,-1.063854138116820947e-02,-3.221512232281469323e-01,0.000000000000000000e+00,1.468194047097815813e-01,-3.555320032512904876e-02,0.000000000000000000e+00,1.195553898811340332e+00,6.510111689567565918e-01,7.151085138320922852e-01,6.438916921615600586e-01,6.033123135566711426e-01,6.070337295532226562e-01
1.559999999999938991e+00,7.557515182147171995e-01,-1.572920623329199241e-02,-2.761742127846693040e-01,0.000000000000000000e+00,1.491294607903368152e-01,-3.687207831690200027e-02,0.000000000000000000e+00,1.200000047683715820e+00,6.424637436866760254e-01,7.101445198059082031e-01,6.443883180618286133e-01,6.072589159011840820e-01,6.005029678344726562e-01
1.579999999999936788e+00,7.592674407741557552e-01,-2.047586391744693479e-02,-2.238467318691323427e-01,0.000000000000000000e+00,1.514459827772006717e-01,-3.723527589026841278e-02,0.000000000000000000e+00,1.200000047683715820e+00,6.325491070747375488e-01,7.030183076858520508e-01,6.441361904144287109e-01,6.130700111389160156e-01,5.937647819519042969e-01
1.599999999999934586e+00,7.629117170084059874e-01,-2.478556583118929346e-02,-1.664996012693857608e-01,0.000000000000000000e+00,1.537160973880030146e-01,-3.666368945006565072e-02,0.000000000000000000e+00,1.200000047683715820e+00,6.213802695274353027e-01,6.939700841903686523e-01,6.434671878814697266e-01,6.203463673591613770e-01,5.871191024780273438e-01
1.619999999999932383e+00,7.666345750141032589e-01,-2.855355743940035662e-02,-1.055685216479551047e-01,0.000000000000000000e+00,1.558595947525392988e-01,-3.516404882398847104e-02,0.000000000000000000e+00,1.200000047683715820e+00,6.099891066551208496e-01,6.836574077606201172e-01,6.427598595619201660e-01,6.281523704528808594e-01,5.815458893775939941e-01
1.639999999999930180e+00,7.703832413407162294e-01,-3.166557879703446599e-02,-4.243790862257196955e-02,0.000000000000000000e+00,1.578133954080589152e-01,-3.275930289697783632e-02,0.000000000000000000e+00,1.200000047683715820e+00,5.994139313697814941e-01,6.725162267684936523e-01,6.422806978225708008e-01,6.356650590896606445e-01,5.780587792396545410e-01
1.659999999999927978e+00,7.741206154222519675e-01,-3.402657324104574332e-02,2.152564325902871223e-02,0.000000000000000000e+00,1.595306884366010924e-01,-2.949261270960001902e-02,0.000000000000000000e+00,1.200000047683715820e+00,5.900054574012756348e-01,6.605687141418457031e-01,6.421099305152893066e-01,6.425917744636535645e-01,5.770676136016845703e-01
1.679999999999925775e+00,7.778212853330275234e-01,-3.556136279285376789e-02,8.499169883038455720e-02,0.000000000000000000e+00,1.609896951474664439e-01,-2.542463516119027045e-02,0.000000000000000000e+00,1.200000047683715820e+00,5.818106532096862793e-01,6.479898691177368164e-01,6.422022581100463867e-01,6.488099694252014160e-01,5.785174369812011719e-01
1.699999999999923572e+00,7.814652398273496114e-01,-3.621490322347292734e-02,1.466450516268638926e-01,0.000000000000000000e+00,1.621737581666401751e-01,-2.062727612963833126e-02,0.000000000000000000e+00,1.200000047683715820e+00,5.751057267189025879e-01,6.354514956474304199e-01,6.424293518066406250e-01,6.540490388870239258e-01,5.822002887725830078e-01
1.719999999999921370e+00,7.850265127552453759e-01,-3.595341051516909303e-02,2.051794402415013374e-01,0.000000000000000000e+00,1.630646261104777839e-01,-1.518975279695776968e-02,0.000000000000000000e+00,1.200000047683715820e+00,5.702140927314758301e-01,6.235380768775939941e-01,6.426271796226501465e-01,6.581839919090270996e-01,5.879153013229370117e-01
1.739999999999919167e+00,7.884846145119891458e-01,-3.477122312102914892e-02,2.593357910997242111e-01,0.000000000000000000e+00,1.636564778925641284e-01,-9.235691485174122098e-03,0.000000000000000000e+00,1.200000047683715820e+00,5.672813653945922852e-01,6.124746799468994141e-01,6.426885128021240234e-01,6.614030599594116211e-01,5.954117774963378906e-01
1.759999999999916964e+00,7.918387225028463705e-01,-3.269219768440673191e-02,3.079009470308038399e-01,0.000000000000000000e+00,1.639953926182370070e-01,-2.920037494516151012e-03,0.000000000000000000e+00,1.200000047683715820e+00,5.663036108016967773e-01,6.023796796798706055e-01,6.425575017929077148e-01,6.639204025268554688e-01,6.042771935462951660e-01
1.779999999999914762e+00,7.951115105213223400e-01,-2.977658839901314858e-02,3.497386452376139432e-01,0.000000000000000000e+00,1.641764302015710775e-01,3.549356077155899764e-03,0.000000000000000000e+00,1.200000047683715820e+00,5.671938657760620117e-01,5.933952331542968750e-01,6.421148180961608887e-01,6.657657623291015625e-01,6.139653325080871582e-01
1.799999999999912559e+00,7.983398864910353776e-01,-2.611579800485996916e-02,3.838014156233064966e-01,0.000000000000000000e+00,1.642608626486557200e-01,9.969810374648602896e-03,0.000000000000000000e+00,1.200000047683715820e+00,5.698490142822265625e-01,5.856757164001464844e-01,6.411432623863220215e-01,6.668686270713806152e-01,6.239176392555236816e-01
1.819999999999910356e+00,8.015131556237596877e-01,-2.180168859366166112e-02,4.092284730313174856e-01,0.000000000000000000e+00,1.642690185514564527e-01,1.615700528501744226e-02,0.000000000000000000e+00,1.200000047683715820e+00,5.741240382194519043e-01,5.791449546813964844e-01,6.394091248512268066e-01,6.672954559326171875e-01,6.338890790939331055e-01
1.839999999999908153e+00,8.046433309126976852e-01,-1.694757647233297027e-02,4.254031711544139505e-01,0.000000000000000000e+00,1.642510067602707402e-01,2.192385449144748644e-02,0.000000000000000000e+00,1.200000047683715820e+00,5.797388553619384766e-01,5.735243558883666992e-01,6.367692947387695312e-01,6.673510670661926270e-01,6.438989043235778809e-01
1.859999999999905951e+00,8.077542562275853433e-01,-1.168767064924980392e-02,4.319102780003837849e-01,0.000000000000000000e+00,1.642576422947512049e-01,2.710043225863128374e-02,0.000000000000000000e+00,1.200000047683715820e+00,5.862927436828613281e-01,5.686517357826232910e-01,6.332536339759826660e-01,6.673010587692260742e-01,6.539354324340820312e-01
1.879999999999903748e+00,8.108685238633146497e-01,-6.155161366259265243e-03,4.285502457159372502e-01,0.000000000000000000e+00,1.643391931179284948e-01,3.155038397691194846e-02,0.000000000000000000e+00,1.199163317680358887e+00,5.933299064636230469e-01,5.647082924842834473e-01,6.292210817337036133e-01,6.672212481498718262e-01,6.637873053550720215e-01
1.899999999999901545e+00,8.140157985685126940e-01,-4.820851811437876222e-04,4.153965523507747171e-01,0.000000000000000000e+00,1.645315681168606492e-01,3.516858621023156994e-02,0.000000000000000000e+00,1.192176103591918945e+00,6.004725694656372070e-01,5.621271729469299316e-01,6.252081394195556641e-01,6.669968962669372559e-01,6.731257438659667969e-01
1.919999999999899343e+00,8.172280488056525849e-01,5.200885534415167211e-03,3.928662217910200427e-01,0.000000000000000000e+00,1.648424555463349206e-01,3.788771903710358435e-02,0.000000000000000000e+00,1.185723543167114258e+00,6.076653003692626953e-01,5.612703561782836914e-01,6.216229200363159180e-01,6.664655208587646484e-01,6.818264126777648926e-01
1.939999999999897140e+00,8.205233200874867405e-01,1.076894479620271738e-02,3.616589720641620875e-01,0.000000000000000000e+00,1.652445465376201628e-01,3.968581768447615454e-02,0.000000000000000000e+00,1.179475784301757812e+00,6.152170300483703613e-01,5.622537136077880859e-01,6.187360286712646484e-01,6.654747128486633301e-01,6.900730729103088379e-01
1.959999999999894937e+00,8.239084940698280235e-01,1.611615726472293009e-02,3.226677976292246508e-01,0.000000000000000000e+00,1.657636438191487371e-01,4.055830069529389043e-02,0.000000000000000000e+00,1.172864437103271484e+00,6.236010193824768066e-01,5.650233626365661621e-01,6.167672276496887207e-01,6.638593673706054688e-01,6.981824040412902832e-01
1.979999999999892735e+00,8.273919657977387709e-01,2.115065530993504028e-02,2.769489132438641699e-01,0.000000000000000000e+00,1.663900416863455800e-01,4.053792665905690817e-02,0.000000000000000000e+00,1.165512323379516602e+00,6.331693530082702637e-01,5.694114565849304199e-01,6.158086657524108887e-01,6.614915728569030762e-01,7.063649296760559082e-01
1.999999999999890532e+00,8.309847780996681976e-01,2.578991330094865253e-02,2.256893959487722423e-01,0.000000000000000000e+00,1.671121430670989838e-01,3.968498711627975462e-02,0.000000000000000000e+00,1.157448768615722656e+00,6.438542008399963379e-01,5.750516057014465332e-01,6.157511472702026367e-01,6.584475040435791016e-01,7.144396305084228516e-01
2.019999999999888551e+00,8.346771127481328323e-01,2.996315109104574770e-02,1.702171251094910243e-01,9.685816708841732403e-01,1.678750123428096042e-01,3.807172443444271914e-02,1.000000000000000000e+00,1.149208307266235352e+00,6.549967527389526367e-01,5.814139842987060547e-01,6.163284778594970703e-01,6.550701260566711426e-01,7.217069864273071289e-01
2.039999999999886349e+00,8.384184794625019199e-01,3.359694564339804623e-02,1.117421489080397817e-01,9.705842116393912367e-01,1.685986796833232326e-01,3.576721300832044065e-02,1.000000000000000000e+00,1.166967868804931641e+00,6.632527709007263184e-01,5.964500904083251953e-01,6.109904050827026367e-01,6.445468068122863770e-01,7.199330329895019531e-01
2.059999999999884146e+00,8.421624737388476722e-01,3.662328318065760646e-02,5.111600290100572902e-02,9.723996523568653183e-01,1.692190907798950539e-01,3.283348691903689026e-02,1.000000000000000000e+00,1.160237073898315430e+00,6.718975901603698730e-01,6.019427776336669922e-01,6.120051741600036621e-01,6.420665383338928223e-01,7.240092754364013672e-01
2.079999999999881943e+00,8.458791301257484463e-01,3.896587766644493689e-02,-1.057735666952124357e-02,9.732313015588275329e-01,1.697038883103592910e-01,2.930920247563290754e-02,1.000000000000000000e+00,1.154800415039062500e+00,6.793298721313476562e-01,6.076554656028747559e-01,6.129825115203857422e-01,6.397867202758789062e-01,7.263898849487304688e-01
2.099999999999879741e+00,8.495504895419702107e-01,4.054712257359199823e-02,-7.201692486637542578e-02,9.734935847780805673e-01,1.700381963263237761e-01,2.521991827498861610e-02,1.000000000000000000e+00,1.151190519332885742e+00,6.856941580772399902e-01,6.141901016235351562e-01,6.137904524803161621e-01,6.373352408409118652e-01,7.268536686897277832e-01
2.119999999999877538e+00,8.531641471911701746e-01,4.130622600444533443e-02,-1.318280098545128176e-01,9.735168832584586429e-01,1.702027721281548500e-01,2.060324224066187315e-02,1.000000000000000000e+00,1.149726748466491699e+00,6.911735534667968750e-01,6.222425699234008789e-01,6.143846511840820312e-01,6.343178153038024902e-01,7.251159548759460449e-01
2.139999999999875335e+00,8.567008880767881251e-01,4.120903814105753016e-02,-1.887291573463171779e-01,9.734919858792866476e-01,1.701660225776722157e-01,1.552137483428084504e-02,1.000000000000000000e+00,1.150595188140869141e+00,6.957839727401733398e-01,6.323861479759216309e-01,6.148255467414855957e-01,6.304162740707397461e-01,7.208055853843688965e-01
2.159999999999873133e+00,8.601415758619501695e-01,4.025297653217702054e-02,-2.416183707173096273e-01,9.733660836650714909e-01,1.699265074228979433e-01,1.005687747809827851e-02,1.000000000000000000e+00,1.153861284255981445e+00,6.992818713188171387e-01,6.447913646697998047e-01,6.152748465538024902e-01,6.255202889442443848e-01,7.135752439498901367e-01
2.179999999999870930e+00,8.634804259987152175e-01,3.846151804482805803e-02,-2.895167592834846371e-01,9.728845684029476804e-01,1.695415448394918534e-01,4.326366604436942230e-03,1.000000000000000000e+00,1.159351587295532227e+00,7.012031674385070801e-01,6.589188575744628906e-01,6.159318089485168457e-01,6.199167966842651367e-01,7.033979892730712891e-01
2.199999999999868727e+00,8.667301139450134251e-01,3.588111898140494693e-02,-3.314995595037769638e-01,9.718389797458290014e-01,1.690776436912402036e-01,-1.525452800458108275e-03,1.000000000000000000e+00,1.166537642478942871e+00,7.011681199073791504e-01,6.735919713973999023e-01,6.169365048408508301e-01,6.142215728759765625e-01,6.909065842628479004e-01
2.219999999999866525e+00,8.699226407203030087e-01,3.258190573652514077e-02,-3.666349120031297537e-01,9.702266647668673638e-01,1.685989616978944838e-01,-7.361360241481076407e-03,1.000000000000000000e+00,1.174621224403381348e+00,6.991666555404663086e-01,6.874737143516540527e-01,6.183478236198425293e-01,6.089991331100463867e-01,6.773675680160522461e-01
2.239999999999864322e+00,8.730644499621661447e-01,2.863207265251893618e-02,-3.939815350868356991e-01,9.680453395213555190e-01,1.681070492007282757e-01,-1.306855653401560804e-02,1.000000000000000000e+00,1.182818055152893066e+00,6.954597234725952148e-01,6.995384097099304199e-01,6.201885342597961426e-01,6.045161485671997070e-01,6.640946269035339355e-01
2.259999999999862119e+00,8.761538337825679479e-01,2.410817005387394518e-02,-4.127371758885601261e-01,9.654676827743585710e-01,1.676373170570880089e-01,-1.852298783159921428e-02,1.000000000000000000e+00,1.190566897392272949e+00,6.903651952743530273e-01,7.092535495758056641e-01,6.224579215049743652e-01,6.007947325706481934e-01,6.519041657447814941e-01
2.279999999999859916e+00,8.792178985970791061e-01,1.911603064801625784e-02,-4.222385684513328408e-01,9.628787023632841002e-01,1.672382669114834963e-01,-2.358770097315906686e-02,1.000000000000000000e+00,1.197548985481262207e+00,6.842773556709289551e-01,7.164813280105590820e-01,6.250755786895751953e-01,5.977883338928222656e-01,6.411579251289367676e-01
2.299999999999857714e+00,8.822824162013565008e-01,1.377631164970516409e-02,-4.220287552424075717e-01,9.609518162896588667e-01,1.669551761777834376e-01,-2.813540032870577925e-02,1.000000000000000000e+00,1.200000047683715820e+00,6.776529550552368164e-01,7.213865518569946289e-01,6.279044151306152344e-01,5.953983664512634277e-01,6.318842768669128418e-01
2.319999999999855511e+00,8.853782684763137345e-01,8.219332767098352921e-03,-4.119557067559261876e-01,9.600631874342030470e-01,1.668251988953861342e-01,-3.204784386066062557e-02,1.000000000000000000e+00,1.200000047683715820e+00,6.708942651748657227e-01,7.242662310600280762e-01,6.307830214500427246e-01,5.935696959495544434e-01,6.238957643508911133e-01
2.339999999999853308e+00,8.885395992623775774e-01,2.578307291064119156e-03,-3.922253054034638420e-01,9.603570005292687561e-01,1.668675900821542935e-01,-3.522906135321626081e-02,1.000000000000000000e+00,1.200000047683715820e+00,6.642348766326904297e-01,7.253593206405639648e-01,6.334840059280395508e-01,5.924557447433471680e-01,6.169131994247436523e-01
2.359999999999851106e+00,8.917918720945308131e-01,-3.017532950143619885e-03,-3.633535854069255833e-01,9.616766692399014715e-01,1.670653669932761209e-01,-3.761779219461223317e-02,1.000000000000000000e+00,1.200000047683715820e+00,6.576790809631347656e-01,7.247435450553894043e-01,6.356809735298156738e-01,5.924304127693176270e-01,6.106600761413574219e-01
2.379999999999848903e+00,8.951436746135261746e-01,-8.453432357858781110e-03,-3.260753247304307156e-01,9.637875173263351636e-01,1.674123210249778004e-01,-3.917257436969891898e-02,1.000000000000000000e+00,1.200000047683715820e+00,6.509620547294616699e-01,7.223798036575317383e-01,6.370833516120910645e-01,5.938864946365356445e-01,6.048214435577392578e-01
2.399999999999846700e+00,8.986027103912830327e-01,-1.362912172812075218e-02,-2.813111171255527343e-01,9.664405762147708634e-01,1.679278737206558736e-01,-3.986503124236320111e-02,1.000000000000000000e+00,1.200000047683715820e+00,6.435393095016479492e-01,7.181224822998046875e-01,6.376240253448486328e-01,5.970886945724487305e-01,5.990116596221923828e-01
2.419999999999844498e+00,9.021807092237271730e-01,-1.845215683477507973e-02,-2.301414835207721277e-01,9.690268082242814440e-01,1.686007141373769280e-01,-3.969897652129444898e-02,1.000000000000000000e+00,1.200000047683715820e+00,6.348022222518920898e-01,7.117525339126586914e-01,6.374725103378295898e-01,6.021444797515869141e-01,5.929724574089050293e-01
2.439999999999842295e+00,9.058811169478278025e-01,-2.283862808191228222e-02,-1.738140220056793861e-01,9.707878631085146148e-01,1.693909025866806028e-01,-3.870325860744761037e-02,1.000000000000000000e+00,1.200000047683715820e+00,6.245783567428588867e-01,7.032257318496704102e-01,6.369396448135375977e-01,6.088393330574035645e-01,5.869424939155578613e-01
2.459999999999840092e+00,9.096606635201989199e-01,-2.670032931596999504e-02,-1.136851093847991434e-01,9.711501781303987224e-01,1.702117564631282776e-01,-3.688503521296729315e-02,1.000000000000000000e+00,1.200000047683715820e+00,6.136070489883422852e-01,6.929634213447570801e-01,6.363748311996459961e-01,6.164076328277587891e-01,5.818712115287780762e-01
2.479999999999837890e+00,9.134648635776787540e-01,-2.992861694526127714e-02,-5.107111469894110717e-02,9.701269225194311119e-01,1.709829996319324752e-01,-3.425338952055408809e-02,1.000000000000000000e+00,1.200000047683715820e+00,6.028884649276733398e-01,6.815345883369445801e-01,6.360350847244262695e-01,6.240030527114868164e-01,5.786920189857482910e-01
2.499999999999835687e+00,9.172551004045288447e-01,-3.242664175291931627e-02,1.268500959306285633e-02,9.682131462707463943e-01,1.716407897339695676e-01,-3.083341597866076644e-02,1.000000000000000000e+00,1.200000047683715820e+00,5.930551886558532715e-01,6.694137454032897949e-01,6.360028982162475586e-01,6.310740709304809570e-01,5.777319073677062988e-01
2.519999999999833484e+00,9.210053223625611629e-01,-3.411415163884040647e-02,7.623541863078256431e-02,9.660805481934613415e-01,1.721492652203762963e-01,-2.666543598208865815e-02,1.000000000000000000e+00,1.200000047683715820e+00,5.845035910606384277e-01,6.571176648139953613e-01,6.362319588661193848e-01,6.372301578521728516e-01,5.789256691932678223e-01
2.539999999999831282e+00,9.246965061562268939e-01,-3.493016541273430420e-02,1.382361870185226382e-01,9.643987057044326461e-01,1.724783211364568636e-01,-2.180030764121601919e-02,1.000000000000000000e+00,1.200000047683715820e+00,5.775677561759948730e-01,6.451787352561950684e-01,6.365971565246582031e-01,6.422018408775329590e-01,5.820929408073425293e-01
2.559999999999829079e+00,9.283045622636241223e-01,-3.483510268692135980e-02,1.973488081404708161e-01,9.637854717413995020e-01,1.725880373364023224e-01,-1.630893318364360495e-02,1.000000000000000000e+00,1.200000047683715820e+00,5.724536180496215820e-01,6.339232921600341797e-01,6.369386911392211914e-01,6.459964513778686523e-01,5.870298147201538086e-01
2.579999999999826876e+00,9.318068694210509539e-01,-3.381777128319762848e-02,2.522948584290615193e-01,9.645579216806143830e-01,1.724490429924093182e-01,-1.029226025407233881e-02,1.000000000000000000e+00,1.200000047683715820e+00,5.692560076713562012e-01,6.235621571540832520e-01,6.371348500251770020e-01,6.488725543022155762e-01,5.934446454048156738e-01
2.599999999999824674e+00,9.351985250921165393e-01,-3.189727525641078421e-02,3.018538625077077930e-01,9.663299191734091576e-01,1.720961346527305758e-01,-3.875616899955709477e-03,1.000000000000000000e+00,1.200000047683715820e+00,5.679777264595031738e-01,6.142443418502807617e-01,6.371231079101562500e-01,6.510791182518005371e-01,6.009937524795532227e-01
2.619999999999822471e+00,9.384978778448687109e-01,-2.912694356573997112e-02,3.448846351672535948e-01,9.682943952518400232e-01,1.716182863748890730e-01,2.748256830898828610e-03,1.000000000000000000e+00,1.200000047683715820e+00,5.685242414474487305e-01,6.059592962265014648e-01,6.368314027786254883e-01,6.526759862899780273e-01,6.094445586204528809e-01
2.639999999999820268e+00,9.417433750196684272e-01,-2.559563253613322820e-02,3.803353674473608503e-01,9.698775154214530625e-01,1.710913403913227049e-01,9.379923147011694565e-03,1.000000000000000000e+00,1.200000047683715820e+00,5.707576870918273926e-01,5.987442135810852051e-01,6.361127495765686035e-01,6.535907387733459473e-01,6.184812188148498535e-01
2.659999999999818066e+00,9.449321304076533368e-01,-2.139454276909114050e-02,4.073041910559002665e-01,9.708915053555737806e-01,1.705269611131941809e-01,1.584062925487531026e-02,1.000000000000000000e+00,1.200000047683715820e+00,5.744803547859191895e-01,5.927613377571105957e-01,6.347538232803344727e-01,6.538199186325073242e-01,6.275923252105712891e-01
2.679999999999815863e+00,9.480684693014911346e-01,-1.663096524496354700e-02,4.251412723757267975e-01,9.711990176441588352e-01,1.699702658329312055e-01,2.194351970634138629e-02,1.000000000000000000e+00,1.200000047683715820e+00,5.793845653533935547e-01,5.879376530647277832e-01,6.325810551643371582e-01,6.536329984664916992e-01,6.365060210227966309e-01
2.699999999999813660e+00,9.511774918075099894e-01,-1.143644750781647179e-02,4.333951825757910714e-01,9.708823731016047454e-01,1.694652948314704366e-01,2.750781789129404242e-02,1.000000000000000000e+00,1.200000047683715820e+00,5.851330161094665527e-01,5.839205384254455566e-01,6.295101642608642578e-01,6.533977985382080078e-01,6.453408002853393555e-01
2.719999999999811457e+00,9.542814778888636384e-01,-5.944110859218920684e-03,4.318233577385319211e-01,9.702273763011453056e-01,1.690641649163515947e-01,3.238134546801389735e-02,1.000000000000000000e+00,1.200000047683715820e+00,5.915046930313110352e-01,5.804604887962341309e-01,6.256562471389770508e-01,6.533352732658386230e-01,6.543324589729309082e-01
2.739999999999809255e+00,9.574094528741077248e-01,-2.838972370381442900e-04,4.204232763909717674e-01,9.696302487682195714e-01,1.688109305638842150e-01,3.644648644833414775e-02,1.000000000000000000e+00,1.200000047683715820e+00,5.983234643936157227e-01,5.777355432510375977e-01,6.214125156402587891e-01,6.534044742584228516e-01,6.634256243705749512e-01
2.759999999999807052e+00,9.605946009998833635e-01,5.421532564158781931e-03,3.994566718096813629e-01,9.693991989614603177e-01,1.687263509168678843e-01,3.962291638109831371e-02,1.000000000000000000e+00,1.200000047683715820e+00,6.054519414901733398e-01,5.761851072311401367e-01,6.172874569892883301e-01,6.534176468849182129e-01,6.723132133483886719e-01
2.779999999999804849e+00,9.638605869936154313e-01,1.105469470345599170e-02,3.694327671001423896e-01,9.695734525245619517e-01,1.687895932229339646e-01,4.187964820878232325e-02,1.000000000000000000e+00,1.200000047683715820e+00,6.129332184791564941e-01,5.761602520942687988e-01,6.137020587921142578e-01,6.531680822372436523e-01,6.807906627655029297e-01
2.799999999999802647e+00,9.672183516435575168e-01,1.651027827280387994e-02,3.310684057291800597e-01,9.700766918647183434e-01,1.689942437835830757e-01,4.320957978524316012e-02,1.000000000000000000e+00,1.200000047683715820e+00,6.210461258888244629e-01,5.778035521507263184e-01,6.109621524810791016e-01,6.524472832679748535e-01,6.889223456382751465e-01
2.819999999999800444e+00,9.706803567374433506e-01,2.169089800865048323e-02,2.852977824192010070e-01,9.708541557421231927e-01,1.693664646945217400e-01,4.361528049492773007e-02,1.000000000000000000e+00,1.197914481163024902e+00,6.301424503326416016e-01,5.810460448265075684e-01,6.092497706413269043e-01,6.510707736015319824e-01,6.969211697578430176e-01
2.839999999999798241e+00,9.742623717983387444e-01,2.649997490830086067e-02,2.332981179407257188e-01,9.716887188926280894e-01,1.698953463614583104e-01,4.312658443844434586e-02,1.000000000000000000e+00,1.189519047737121582e+00,6.403288841247558594e-01,5.855857133865356445e-01,6.085951924324035645e-01,6.489644050598144531e-01,7.048481106758117676e-01
2.859999999999796039e+00,9.779634524930660433e-01,3.084405819415253491e-02,1.765463773660213287e-01,9.718013611723377299e-01,1.705330892748494753e-01,4.178890589723251864e-02,1.000000000000000000e+00,1.180739760398864746e+00,6.511464118957519531e-01,5.909624099731445312e-01,6.088601946830749512e-01,6.462691426277160645e-01,7.122968435287475586e-01
2.879999999999793836e+00,9.817340697609979738e-01,3.462361787597567631e-02,1.166111746851833941e-01,9.709223046145140090e-01,1.711941511033824304e-01,3.962509799347251060e-02,1.000000000000000000e+00,1.172486901283264160e+00,6.615023612976074219e-01,5.966442227363586426e-01,6.097254157066345215e-01,6.434039473533630371e-01,7.184398770332336426e-01
2.899999999999791633e+00,9.855217856647807695e-01,3.773632040481350591e-02,5.492474716369490778e-02,9.692242724054858094e-01,1.718024689562474561e-01,3.667768143272020359e-02,1.000000000000000000e+00,1.165597558021545410e+00,6.704917550086975098e-01,6.023505926132202148e-01,6.108123660087585449e-01,6.407326459884643555e-01,7.226920127868652344e-01
2.919999999999789431e+00,9.892909138889254272e-01,4.010751013148411426e-02,-7.216905846649028684e-03,9.671955062326782482e-01,1.723013140605526849e-01,3.301500223573415604e-02,1.000000000000000000e+00,1.160544633865356445e+00,6.778883934020996094e-01,6.082282662391662598e-01,6.118355989456176758e-01,6.382572650909423828e-01,7.249207496643066406e-01
2.939999999999787228e+00,9.930181281589141040e-01,4.168680481725312026e-02,-6.866586089712943541e-02,9.653598463027994736e-01,1.726627736566924698e-01,2.871268212420392818e-02,1.000000000000000000e+00,1.157430887222290039e+00,6.840069890022277832e-01,6.147817373275756836e-01,6.126580834388732910e-01,6.357023119926452637e-01,7.251734137535095215e-01
2.959999999999785025e+00,9.966852656869040761e-01,4.244141046780991466e-02,-1.283605240061230779e-01,9.642173962828993750e-01,1.728597177541119911e-01,2.384207624461748970e-02,1.000000000000000000e+00,1.156224727630615234e+00,6.892312169075012207e-01,6.226620078086853027e-01,6.132739186286926270e-01,6.327106952667236328e-01,7.233742475509643555e-01
2.979999999999782823e+00,1.000268860951859073e+00,4.235146491159885729e-02,-1.852615479731491432e-01,9.641954212406056435e-01,1.728576115977188132e-01,1.847762511506367833e-02,1.000000000000000000e+00,1.156986236572265625e+00,6.937122344970703125e-01,6.324824094772338867e-01,6.137642264366149902e-01,6.289483308792114258e-01,7.192193269729614258e-01
2.999999999999780620e+00,1.003749067810484785e+00,4.141348676289130504e-02,-2.383425889359312433e-01,9.654133194295284603e-01,1.726342321593170581e-01,1.270252894730806992e-02,1.000000000000000000e+00,1.159873485565185547e+00,6.972650289535522461e-01,6.445705890655517578e-01,6.142778992652893066e-01,6.242200136184692383e-01,7.122856974601745605e-01
3.019999999999778417e+00,1.007121507707115615e+00,3.964166691992376812e-02,-2.865607300155209591e-01,9.673469996824947126e-01,1.722303923207475773e-01,6.608040158968693165e-03,1.000000000000000000e+00,1.164921879768371582e+00,6.993918418884277344e-01,6.585856080055236816e-01,6.149960756301879883e-01,6.187021732330322266e-01,7.023703455924987793e-01
3.039999999999776215e+00,1.010401269014200576e+00,3.707292760456665226e-02,-3.288724070152221901e-01,9.692412659490943216e-01,1.717242910708924042e-01,3.202410135058481044e-04,1.000000000000000000e+00,1.171764731407165527e+00,6.995939612388610840e-01,6.734049916267395020e-01,6.160596609115600586e-01,6.129825115203857422e-01,6.899605989456176758e-01
3.059999999999774012e+00,1.013622873907816357e+00,3.377320915836556914e-02,-3.642488665704920470e-01,9.705926643334029658e-01,1.711920196598114008e-01,-6.018353666920932266e-03,1.000000000000000000e+00,1.179614186286926270e+00,6.977573633193969727e-01,6.875505447387695312e-01,6.175341606140136719e-01,6.076980829238891602e-01,6.763505935668945312e-01
3.079999999999771809e+00,1.016795994285172755e+00,2.981231677602619312e-02,-3.917056619671988038e-01,9.713379468154595964e-01,1.706396520114796533e-01,-1.225894202369108565e-02,1.000000000000000000e+00,1.187592983245849609e+00,6.941383481025695801e-01,6.998195648193359375e-01,6.194372177124023438e-01,6.031862497329711914e-01,6.630062460899353027e-01
3.099999999999769607e+00,1.019917619985693857e+00,2.527057357653939018e-02,-4.104492255811640344e-01,9.714251788075406457e-01,1.700994498318090797e-01,-1.823402957141312744e-02,1.000000000000000000e+00,1.195069670677185059e+00,6.891096234321594238e-01,7.096159458160400391e-01,6.217503547668457031e-01,5.994871854782104492e-01,6.508414149284362793e-01
3.119999999999767404e+00,1.023013435673711502e+00,2.025900886383319444e-02,-4.198549637195882478e-01,9.710319971694036933e-01,1.696111359489649861e-01,-2.377258747773954017e-02,1.000000000000000000e+00,1.200000047683715820e+00,6.831178069114685059e-01,7.168433070182800293e-01,6.243782639503479004e-01,5.965374112129211426e-01,6.402161121368408203e-01
3.139999999999765201e+00,1.026108023780019085e+00,1.490391950712099955e-02,-4.195212523639259006e-01,9.705304654404746101e-01,1.692236090430099538e-01,-2.872565867890437830e-02,1.000000000000000000e+00,1.200000047683715820e+00,6.766338944435119629e-01,7.217269539833068848e-01,6.271837353706359863e-01,5.942178964614868164e-01,6.311115622520446777e-01
3.159999999999762998e+00,1.029231541161800711e+00,9.340013412376335644e-03,-4.093525284651334251e-01,9.700525122135500444e-01,1.689834706156862765e-01,-3.296900223337361630e-02,1.000000000000000000e+00,1.200000047683715820e+00,6.700441241264343262e-01,7.246060967445373535e-01,6.300139427185058594e-01,5.924575924873352051e-01,6.232919096946716309e-01
3.179999999999760796e+00,1.032417520805228417e+00,3.700460369293667728e-03,-3.895802539749271820e-01,9.699050068499460719e-01,1.689200698446370885e-01,-3.640694121722520132e-02,1.000000000000000000e+00,1.200000047683715820e+00,6.635574698448181152e-01,7.257534861564636230e-01,6.326594948768615723e-01,5.913885235786437988e-01,6.164442896842956543e-01
3.199999999999758593e+00,1.035690865745350298e+00,-1.888468001973342414e-03,-3.607155702882965387e-01,9.701474174651422144e-01,1.690264378807690704e-01,-3.897924082987790778e-02,1.000000000000000000e+00,1.200000047683715820e+00,6.571568250656127930e-01,7.252479195594787598e-01,6.348154544830322266e-01,5.913586616516113281e-01,6.102873682975769043e-01
3.219999999999756390e+00,1.039059982262438453e+00,-7.315246684799436849e-03,-3.234751192585328394e-01,9.706147821310631141e-01,1.692741554862255138e-01,-4.065618879968030397e-02,1.000000000000000000e+00,1.200000047683715820e+00,6.505704522132873535e-01,7.230169773101806641e-01,6.361987590789794922e-01,5.927525758743286133e-01,6.045251488685607910e-01
3.239999999999754188e+00,1.042532851977882924e+00,-1.248142571615612484e-02,-2.787637765563912295e-01,9.710937181519551098e-01,1.696907125176723152e-01,-4.140874667727408032e-02,1.000000000000000000e+00,1.200000047683715820e+00,6.432590484619140625e-01,7.188747525215148926e-01,6.367329359054565430e-01,5.958519577980041504e-01,5.987944602966308594e-01
3.259999999999751985e+00,1.046121802624848662e+00,-1.729481431478963049e-02,-2.276558424537218628e-01,9.711190371430785673e-01,1.702699435517498472e-01,-4.123827581095846490e-02,1.000000000000000000e+00,1.200000047683715820e+00,6.346157193183898926e-01,7.125691771507263184e-01,6.365758776664733887e-01,6.007964015007019043e-01,5.928424000740051270e-01
3.279999999999749782e+00,1.049831152526488509e+00,-2.167098895456787133e-02,-1.714010174372253281e-01,9.701580867681091069e-01,1.709686128022716023e-01,-4.018283424472956361e-02,1.000000000000000000e+00,1.200000047683715820e+00,6.244605779647827148e-01,7.040367722511291504e-01,6.360359787940979004e-01,6.074073314666748047e-01,5.868991613388061523e-01
3.299999999999747580e+00,1.053618428926430539e+00,-2.552169204788434786e-02,-1.113627939703070724e-01,9.679908398871243103e-01,1.717008493347321751e-01,-3.826329074318536583e-02,1.000000000000000000e+00,1.200000047683715820e+00,6.135322451591491699e-01,6.937025785446166992e-01,6.354702115058898926e-01,6.149353981018066406e-01,5.819188356399536133e-01
3.319999999999745377e+00,1.057429307871945445e+00,-2.873847643220434067e-02,-4.886300911002306596e-02,9.648915362342802560e-01,1.723865459530320998e-01,-3.550886330267679497e-02,1.000000000000000000e+00,1.200000047683715820e+00,6.028448343276977539e-01,6.821629405021667480e-01,6.351429224014282227e-01,6.225158572196960449e-01,5.788563489913940430e-01
3.339999999999743174e+00,1.061225142201304150e+00,-3.122494280187948501e-02,1.475410035446132057e-02,9.615063740154742300e-01,1.729608822205396246e-01,-3.196292331531453562e-02,1.000000000000000000e+00,1.200000047683715820e+00,5.930384993553161621e-01,6.699380874633789062e-01,6.351333260536193848e-01,6.295707821846008301e-01,5.780270695686340332e-01
3.359999999999740972e+00,1.064979817009898744e+00,-3.290151302373334197e-02,7.814311253981039151e-02,9.585300417369542192e-01,1.733875973768436718e-01,-2.767961316577417785e-02,1.000000000000000000e+00,1.200000047683715820e+00,5.845243930816650391e-01,6.576015949249267578e-01,6.353857517242431641e-01,6.356875896453857422e-01,5.793298482894897461e-01
3.379999999999738769e+00,1.068674251813743092e+00,-3.370785450015534312e-02,1.399648724221124463e-01,9.565803479425151190e-01,1.736407162852643959e-01,-2.271432671285114960e-02,1.000000000000000000e+00,1.200000047683715820e+00,5.776407122611999512e-01,6.456993222236633301e-01,6.357648968696594238e-01,6.405993103981018066e-01,5.825586915016174316e-01
3.399999999999736566e+00,1.072284351566931138e+00,-3.360483434901789801e-02,1.988864046915684303e-01,9.562344909950287741e-01,1.736838512410309177e-01,-1.713653869002065150e-02,1.000000000000000000e+00,1.200000047683715820e+00,5.725791454315185547e-01,6.345277428627014160e-01,6.361054182052612305e-01,6.443363428115844727e-01,5.874985456466674805e-01
3.419999999999734364e+00,1.075787505454196546e+00,-3.258142085063098214e-02,2.536345551321824709e-01,9.577716486799420226e-01,1.734881792219931385e-01,-1.103998854854069608e-02,1.000000000000000000e+00,1.200000047683715820e+00,5.694225430488586426e-01,6.242724061012268066e-01,6.362869739532470703e-01,6.471725702285766602e-01,5.938547253608703613e-01
3.439999999999732161e+00,1.079178803240020912e+00,-3.065662270611752005e-02,3.029936768795639113e-01,9.607295963085471513e-01,1.730778309923509672e-01,-4.536833633466722318e-03,1.000000000000000000e+00,1.200000047683715820e+00,5.681656599044799805e-01,6.150694489479064941e-01,6.362532973289489746e-01,6.493601799011230469e-01,6.012906432151794434e-01
3.459999999999729958e+00,1.082476431335851252e+00,-2.788359218535163553e-02,3.458269380105499780e-01,9.640517156411179123e-01,1.725409762255612489e-01,2.193987931795958642e-03,1.000000000000000000e+00,1.200000047683715820e+00,5.687051415443420410e-01,6.069023013114929199e-01,6.359386444091796875e-01,6.509577035903930664e-01,6.095820665359497070e-01
3.479999999999727756e+00,1.085718610819667251e+00,-2.435081661878685244e-02,3.810869641550073128e-01,9.669595566604306525e-01,1.719556363581102032e-01,8.953836828200308420e-03,1.000000000000000000e+00,1.200000047683715820e+00,5.708976984024047852e-01,5.998053550720214844e-01,6.352003812789916992e-01,6.518896818161010742e-01,6.184258460998535156e-01
3.499999999999725553e+00,1.088902626960822406e+00,-2.014930829702987758e-02,4.078767247522214756e-01,9.692229805729086767e-01,1.713345705971055510e-01,1.556038555163569669e-02,1.000000000000000000e+00,1.200000047683715820e+00,5.745505094528198242e-01,5.939325690269470215e-01,6.338269710540771484e-01,6.521438360214233398e-01,6.273441910743713379e-01
3.519999999999723350e+00,1.092032895392268221e+00,-1.538619348036474044e-02,4.255511105878287959e-01,9.706189701785619128e-01,1.707232418794634721e-01,2.182090715610634710e-02,1.000000000000000000e+00,1.200000047683715820e+00,5.793688297271728516e-01,5.892066359519958496e-01,6.316412091255187988e-01,6.519730687141418457e-01,6.360990405082702637e-01
3.539999999999721148e+00,1.095134517455305989e+00,-1.019280044034392985e-02,4.336629959522996236e-01,9.711704177467197496e-01,1.701631699168332512e-01,2.754929661661060375e-02,1.000000000000000000e+00,1.200000047683715820e+00,5.850297212600708008e-01,5.852844119071960449e-01,6.285566687583923340e-01,6.517324447631835938e-01,6.448069810867309570e-01
3.559999999999718945e+00,1.098229871754394571e+00,-4.702029082798819815e-03,4.319736337201194321e-01,9.711044622018631944e-01,1.697067626798196560e-01,3.258754992541808282e-02,1.000000000000000000e+00,1.200000047683715820e+00,5.913218855857849121e-01,5.819232463836669922e-01,6.246945261955261230e-01,6.516394615173339844e-01,6.536839008331298828e-01
3.579999999999716742e+00,1.101348091375369265e+00,9.563491757179631847e-04,4.204837540224151127e-01,9.708021971891258595e-01,1.694015906418997464e-01,3.681324921620936913e-02,1.000000000000000000e+00,1.200000047683715820e+00,5.980729460716247559e-01,5.792843699455261230e-01,6.204567551612854004e-01,6.516587138175964355e-01,6.626670360565185547e-01
3.599999999999714539e+00,1.104522482264822747e+00,6.659808994139315708e-03,3.994571715167711257e-01,9.706130052444017497e-01,1.692730540638937298e-01,4.014078824968400627e-02,1.000000000000000000e+00,1.200000047683715820e+00,6.051341891288757324e-01,5.777709484100341797e-01,6.163511276245117188e-01,6.516148447990417480e-01,6.714518666267395020e-01
3.619999999999712337e+00,1.107776966281026843e+00,1.229092037237761170e-02,3.694039611669058254e-01,9.706650466642682273e-01,1.693060354282197311e-01,4.253234978006970729e-02,1.000000000000000000e+00,1.200000047683715820e+00,6.125195026397705078e-01,5.777100324630737305e-01,6.127852201461791992e-01,6.513162851333618164e-01,6.798229217529296875e-01
3.639999999999710134e+00,1.111122685982657732e+00,1.774430145954924987e-02,3.310406971430469580e-01,9.708997335265896478e-01,1.694801150067828110e-01,4.398228209598698674e-02,1.000000000000000000e+00,1.200000047683715820e+00,6.204826831817626953e-01,5.792515277862548828e-01,6.100421547889709473e-01,6.505694389343261719e-01,6.878207325935363770e-01
3.659999999999707931e+00,1.114572274224708615e+00,2.292317031424107032e-02,2.852915470076322069e-01,9.711673972878668293e-01,1.698287022497177168e-01,4.449004315790219821e-02,1.000000000000000000e+00,1.200000047683715820e+00,6.293691992759704590e-01,5.823526382446289062e-01,6.082858443260192871e-01,6.492019891738891602e-01,6.956393122673034668e-01
3.679999999999705729e+00,1.118141860102204843e+00,2.773406385934984453e-02,2.332839612063800916e-01,9.712895909993668475e-01,1.703435283819240698e-01,4.408416547401211583e-02,1.000000000000000000e+00,1.195393085479736328e+00,6.393004655838012695e-01,5.867298245429992676e-01,6.075481176376342773e-01,6.471517682075500488e-01,7.033517360687255859e-01
3.699999999999703526e+00,1.121831662474246372e+00,3.208674564939101304e-02,1.764228851054531477e-01,9.707716093578375727e-01,1.709769799817554836e-01,4.281111632229611663e-02,1.000000000000000000e+00,1.186768889427185059e+00,6.498734354972839355e-01,5.919404029846191406e-01,6.077196598052978516e-01,6.445547342300415039e-01,7.106158733367919922e-01
3.719999999999701323e+00,1.125593406396123930e+00,3.587938831919973426e-02,1.162702411060390628e-01,9.692170601652901896e-01,1.716453342309925689e-01,4.068801415213821326e-02,1.000000000000000000e+00,1.178548693656921387e+00,6.600786447525024414e-01,5.974933505058288574e-01,6.085295081138610840e-01,6.417747735977172852e-01,7.166758775711059570e-01
3.739999999999699121e+00,1.129375274889597325e+00,3.900332812731921450e-02,5.431018047747979138e-02,9.668222679509836937e-01,1.722732700154053775e-01,3.774569633426341775e-02,1.000000000000000000e+00,1.171585083007812500e+00,6.690233945846557617e-01,6.031285524368286133e-01,6.096268296241760254e-01,6.391370892524719238e-01,7.209429144859313965e-01
3.759999999999696918e+00,1.133141883149592299e+00,4.137771958267300043e-02,-8.089898262112399374e-03,9.641137173782916570e-01,1.728003500616779597e-01,3.403746979137654144e-02,1.000000000000000000e+00,1.166422843933105469e+00,6.764175295829772949e-01,6.089752912521362305e-01,6.107117533683776855e-01,6.366584300994873047e-01,7.232188582420349121e-01
3.779999999999694715e+00,1.136869867490965413e+00,4.294878236973403984e-02,-6.972480213881389333e-02,9.616728134432681596e-01,1.731930698672548286e-01,2.963392437067540602e-02,1.000000000000000000e+00,1.163240313529968262e+00,6.825155019760131836e-01,6.155146360397338867e-01,6.116123199462890625e-01,6.340880393981933594e-01,7.234917879104614258e-01
3.799999999999692513e+00,1.140540520347540498e+00,4.368350322064629143e-02,-1.295039447575970504e-01,9.600840587139067850e-01,1.734196869476165304e-01,2.460935599854494754e-02,1.000000000000000000e+00,1.162032127380371094e+00,6.876822710037231445e-01,6.233860254287719727e-01,6.122994422912597656e-01,6.310840845108032227e-01,7.216628789901733398e-01
3.819999999999690310e+00,1.144129342062532251e+00,4.356389207479632875e-02,-1.863846797900070573e-01,9.598900627893472981e-01,1.734405157011624510e-01,1.904994517050437319e-02,1.000000000000000000e+00,1.162834167480468750e+00,6.920837759971618652e-01,6.332083940505981445e-01,6.128499507904052734e-01,6.273167729377746582e-01,7.174294590950012207e-01
3.839999999999688107e+00,1.147615927900751398e+00,4.258898640758468357e-02,-2.393481858147693542e-01,9.613186275220904076e-01,1.732267074338674495e-01,1.306098789548388629e-02,1.000000000000000000e+00,1.165751695632934570e+00,6.955661177635192871e-01,6.453332304954528809e-01,6.134204268455505371e-01,6.225870251655578613e-01,7.103792428970336914e-01
3.859999999999685905e+00,1.150996049140318167e+00,4.077506268458946925e-02,-2.873564616234268732e-01,9.638422085426725516e-01,1.728114982379256315e-01,6.757480400251674423e-03,1.000000000000000000e+00,1.170757174491882324e+00,6.976594924926757812e-01,6.594352722167968750e-01,6.142022609710693359e-01,6.170725226402282715e-01,7.003338932991027832e-01
3.879999999999683702e+00,1.154285349143195027e+00,3.816121138187505979e-02,-3.293623935219194832e-01,9.665198829075283271e-01,1.722787441418462684e-01,3.044843125119456231e-04,1.000000000000000000e+00,1.177435636520385742e+00,6.978710889816284180e-01,6.743569970130920410e-01,6.153426170349121094e-01,6.113762855529785156e-01,6.878347992897033691e-01
3.899999999999681499e+00,1.157519018769775698e+00,3.481484778153010051e-02,-3.643264970688578908e-01,9.686749562296776972e-01,1.717092345307652257e-01,-6.135742270873507237e-03,1.000000000000000000e+00,1.184993982315063477e+00,6.960698962211608887e-01,6.885465979576110840e-01,6.169049143791198730e-01,6.061477065086364746e-01,6.742400527000427246e-01
3.919999999999679297e+00,1.160703797462716569e+00,3.080635248172636231e-02,-3.912606017102516764e-01,9.701765720818613659e-01,1.711140323134994201e-01,-1.243149257224338521e-02,1.000000000000000000e+00,1.192589879035949707e+00,6.924956440925598145e-01,7.007606029510498047e-01,6.188935041427612305e-01,6.017199158668518066e-01,6.610305905342102051e-01
3.939999999999677094e+00,1.163838944165463296e+00,2.621907188478284079e-02,-4.093755226327236429e-01,9.709018159850532070e-01,1.705328896769730818e-01,-1.844273071498625863e-02,1.000000000000000000e+00,1.199639797210693359e+00,6.875265836715698242e-01,7.104201316833496094e-01,6.212680935859680176e-01,5.981216430664062500e-01,6.490880250930786133e-01
3.959999999999674891e+00,1.166950474011740901e+00,2.116851107358619366e-02,-4.180669156463182601e-01,9.711998701321942207e-01,1.700108111531654087e-01,-2.401536140467709288e-02,1.000000000000000000e+00,1.200000047683715820e+00,6.816274523735046387e-01,7.174849510192871094e-01,6.239197850227355957e-01,5.952764153480529785e-01,6.387205123901367188e-01
3.979999999999672688e+00,1.170062962029096987e+00,1.578682251108420864e-02,-4.169876199915083514e-01,9.710214989753621628e-01,1.695991692850372379e-01,-2.900128791771406853e-02,1.000000000000000000e+00,1.200000047683715820e+00,6.752661466598510742e-01,7.222017645835876465e-01,6.267063021659851074e-01,5.930609703063964844e-01,6.298742294311523438e-01
3.999999999999670486e+00,1.173206260152560798e+00,1.021150199370324252e-02,-4.060965962721134748e-01,9.707208529361813776e-01,1.693432384737908469e-01,-3.326936279914216588e-02,1.000000000000000000e+00,1.200000047683715820e+00,6.688250899314880371e-01,7.249575257301330566e-01,6.294834017753601074e-01,5.914046764373779297e-01,6.222741007804870605e-01
4.019999999999677165e+00,1.176412728987622280e+00,4.574376077339181723e-03,-3.856602958719693164e-01,9.706056569609300411e-01,1.692685167412599223e-01,-3.671568433957830141e-02,1.000000000000000000e+00,1.200000047683715820e+00,6.624980568885803223e-01,7.260526418685913086e-01,6.320534944534301758e-01,5.904359221458435059e-01,6.155945658683776855e-01
4.039999999999683844e+00,1.179704982023190407e+00,-1.001088068387501195e-03,-3.562051706966969378e-01,9.707499938550020468e-01,1.693635279382921244e-01,-3.927586721858282448e-02,1.000000000000000000e+00,1.200000047683715820e+00,6.562373638153076172e-01,7.255490422248840332e-01,6.341247558593750000e-01,5.904844403266906738e-01,6.095584630966186523e-01
4.059999999999690523e+00,1.183090535045578928e+00,-6.406357189093325744e-03,-3.184536108689259293e-01,9.710188960047143603e-01,1.695962570657770785e-01,-4.092157367623837361e-02,1.000000000000000000e+00,1.200000047683715820e+00,6.497421860694885254e-01,7.233326435089111328e-01,6.354314088821411133e-01,5.919215083122253418e-01,6.038799881935119629e-01
4.079999999999697202e+00,1.186577855647169777e+00,-1.154422406399524537e-02,-2.733166999685236465e-01,9.711999672022568753e-01,1.699945669558035888e-01,-4.162728109450706399e-02,1.000000000000000000e+00,1.200000047683715820e+00,6.424607634544372559e-01,7.191652655601501465e-01,6.359050869941711426e-01,5.950401425361633301e-01,5.982156395912170410e-01
4.099999999999703881e+00,1.190180077903135736e+00,-1.632269565991789628e-02,-2.218768189895659881e-01,9.708587900074397981e-01,1.705542033887854358e-01,-4.139908881704006116e-02,1.000000000000000000e+00,1.200000047683715820e+00,6.337986588478088379e-01,7.127646803855895996e-01,6.357060074806213379e-01,5.999985933303833008e-01,5.923379659652709961e-01
4.119999999999710560e+00,1.193900169911483289e+00,-2.065772127500181687e-02,-1.653968031005781936e-01,9.695197417948787644e-01,1.712302456177474119e-01,-4.028052287666887554e-02,1.000000000000000000e+00,1.200000047683715820e+00,6.236268281936645508e-01,7.040816545486450195e-01,6.351476311683654785e-01,6.066148281097412109e-01,5.865194201469421387e-01
4.139999999999717240e+00,1.197693637860895333e+00,-2.445959736394981432e-02,-1.052414005492982724e-01,9.670369948621653222e-01,1.719376596995818296e-01,-3.829677510100090720e-02,1.000000000000000000e+00,1.200000047683715820e+00,6.127394437789916992e-01,6.935821175575256348e-01,6.345930695533752441e-01,6.141198873519897461e-01,5.817516446113586426e-01
4.159999999999723919e+00,1.201507001315438750e+00,-2.762035101679577442e-02,-4.273440962606579741e-02,9.637280949956292808e-01,1.725980692001846672e-01,-3.548085198712382093e-02,1.000000000000000000e+00,1.200000047683715820e+00,6.021378636360168457e-01,6.818836331367492676e-01,6.343001127243041992e-01,6.216526627540588379e-01,5.789639353752136230e-01
4.179999999999730598e+00,1.205302531337115735e+00,-3.004513587212748194e-02,2.077911577914001717e-02,9.602494091303060975e-01,1.731479979254156032e-01,-3.187574917530426599e-02,1.000000000000000000e+00,1.200000047683715820e+00,5.924434065818786621e-01,6.695512533187866211e-01,6.343324780464172363e-01,6.286302804946899414e-01,5.784127712249755859e-01
4.199999999999737277e+00,1.209054746598283714e+00,-3.165608006045916856e-02,8.395623291294350421e-02,9.572782219032899276e-01,1.735521311167158021e-01,-2.753392691665768055e-02,1.000000000000000000e+00,1.200000047683715820e+00,5.840753316879272461e-01,6.572127342224121094e-01,6.346194744110107422e-01,6.346283555030822754e-01,5.799496769905090332e-01
4.219999999999743956e+00,1.212744638362891259e+00,-3.239462760464345559e-02,1.454607395617145416e-01,9.554168745375427596e-01,1.737839271578132117e-01,-2.250983006053799279e-02,1.000000000000000000e+00,1.200000047683715820e+00,5.773643255233764648e-01,6.454021334648132324e-01,6.350143551826477051e-01,6.394019126892089844e-01,5.833479762077331543e-01
4.239999999999750635e+00,1.216347699587733810e+00,-3.222357181589802222e-02,2.039662381703928884e-01,9.552278524571145013e-01,1.738067005778086427e-01,-1.687414484082835897e-02,1.000000000000000000e+00,1.200000047683715820e+00,5.724791884422302246e-01,6.343721747398376465e-01,6.353471279144287109e-01,6.430219411849975586e-01,5.883821249008178711e-01
4.259999999999757314e+00,1.219842151963345778e+00,-3.113402190411052040e-02,2.582079424859023420e-01,9.569646468600780942e-01,1.735921975120749694e-01,-1.072293778526989087e-02,1.000000000000000000e+00,1.200000047683715820e+00,5.694901943206787109e-01,6.242895722389221191e-01,6.355030536651611328e-01,6.457787156105041504e-01,5.947501659393310547e-01
4.279999999999763993e+00,1.223224565570081523e+00,-2.914691528791674147e-02,3.069792117096399320e-01,9.601307449514182579e-01,1.731651030985805195e-01,-4.170918826420339301e-03,1.000000000000000000e+00,1.200000047683715820e+00,5.683788061141967773e-01,6.152716875076293945e-01,6.354320645332336426e-01,6.479131579399108887e-01,6.021293401718139648e-01
4.299999999999770672e+00,1.226514484806163097e+00,-2.631805050375474186e-02,3.491535541889023708e-01,9.636324975813561622e-01,1.726146994323652928e-01,2.600625806936772248e-03,1.000000000000000000e+00,1.200000047683715820e+00,5.690260529518127441e-01,6.072891950607299805e-01,6.350703239440917969e-01,6.494711637496948242e-01,6.103084087371826172e-01
4.319999999999777351e+00,1.229749824065622832e+00,-2.273679022461361221e-02,3.836938729274890214e-01,9.667005989768124863e-01,1.720145963402893718e-01,9.394014423348487353e-03,1.000000000000000000e+00,1.200000047683715820e+00,5.712791681289672852e-01,6.003834009170532227e-01,6.342748999595642090e-01,6.503744721412658691e-01,6.189798116683959961e-01
4.339999999999784031e+00,1.232924812578368723e+00,-1.849404430815460021e-02,4.097248627532997234e-01,9.690872070226549395e-01,1.713796830309390340e-01,1.602622178667379577e-02,1.000000000000000000e+00,1.200000047683715820e+00,5.749465227127075195e-01,5.946934223175048828e-01,6.328357458114624023e-01,6.506179571151733398e-01,6.277044415473937988e-01
4.359999999999790710e+00,1.236046820692980441e+00,-1.369871008576628579e-02,4.266194428732277832e-01,9.705642229663500320e-01,1.707565588562794112e-01,2.230356381857972678e-02,1.000000000000000000e+00,1.200000047683715820e+00,5.797407031059265137e-01,5.901174545288085938e-01,6.305795311927795410e-01,6.504535675048828125e-01,6.362981200218200684e-01
4.379999999999797389e+00,1.239140703952446687e+00,-8.482749448504911527e-03,4.339477755327477704e-01,9.711613878122637988e-01,1.701864179172860869e-01,2.804101907712747838e-02,1.000000000000000000e+00,1.200000047683715820e+00,5.853604674339294434e-01,5.863196253776550293e-01,6.274293661117553711e-01,6.502200365066528320e-01,6.448884010314941406e-01
4.399999999999804068e+00,1.242229161524034176e+00,-2.978620864995451534e-03,4.314892733291251781e-01,9.711143011649929768e-01,1.697222730538357760e-01,3.308112168744486298e-02,1.000000000000000000e+00,1.200000047683715820e+00,5.916095972061157227e-01,5.830903053283691406e-01,6.235323548316955566e-01,6.501131653785705566e-01,6.536591053009033203e-01
4.419999999999810747e+00,1.245341807024041181e+00,2.684396781972631096e-03,4.192647500630489743e-01,9.708159664276219125e-01,1.694120403084057036e-01,3.730219232901207244e-02,1.000000000000000000e+00,1.200000047683715820e+00,5.983169078826904297e-01,5.805987119674682617e-01,6.193121075630187988e-01,6.500869393348693848e-01,6.625205874443054199e-01
4.439999999999817426e+00,1.248511969106316677e+00,8.384341602343581279e-03,3.975573464653950340e-01,9.706250651526144857e-01,1.692805626036822941e-01,4.061871137376454888e-02,1.000000000000000000e+00,1.200000047683715820e+00,6.053292155265808105e-01,5.792116522789001465e-01,6.152665615081787109e-01,6.499744653701782227e-01,6.711751818656921387e-01
4.459999999999824105e+00,1.251762555030687896e+00,1.400430652349926586e-02,3.668926688882901410e-01,9.706745585419180866e-01,1.693122343453341005e-01,4.299361916906888070e-02,1.000000000000000000e+00,1.200000047683715820e+00,6.126506328582763672e-01,5.792217254638671875e-01,6.117763519287109375e-01,6.495995521545410156e-01,6.794164776802062988e-01
4.479999999999830784e+00,1.255104622965823147e+00,1.943969078195717515e-02,3.280009403681345970e-01,9.709075793696415602e-01,1.694869531656398587e-01,4.442132140433862481e-02,1.000000000000000000e+00,1.200000047683715820e+00,6.205242872238159180e-01,5.807765722274780273e-01,6.090947985649108887e-01,6.487820148468017578e-01,6.872747540473937988e-01
4.499999999999837463e+00,1.258551147060781084e+00,2.459401500904700999e-02,2.818186253661015273e-01,9.711709516617297311e-01,1.698383092947531314e-01,4.490139206915788606e-02,1.000000000000000000e+00,1.200000047683715820e+00,6.292780041694641113e-01,5.838426351547241211e-01,6.073634624481201172e-01,6.473641991615295410e-01,6.949182748794555664e-01
4.519999999999844142e+00,1.262118497717341192e+00,2.937552237922852472e-02,2.294632852120707389e-01,9.710578696963951817e-01,1.703576679529481830e-01,4.446655777022927303e-02,1.000000000000000000e+00,1.200000047683715820e+00,6.390110254287719727e-01,5.881431102752685547e-01,6.066070199012756348e-01,6.453006863594055176e-01,7.023953795433044434e-01
4.539999999999850822e+00,1.265804857642459424e+00,3.369885392114657652e-02,1.722780211332676781e-01,9.704901273074422186e-01,1.709944009825141442e-01,4.316520693637289352e-02,1.000000000000000000e+00,1.191884517669677734e+00,6.493259668350219727e-01,5.932331681251525879e-01,6.067302227020263672e-01,6.427500247955322266e-01,7.093946337699890137e-01
4.559999999999857501e+00,1.269560992106068209e+00,3.746026252051176675e-02,1.117907219510301114e-01,9.688923638352385792e-01,1.716658255192519134e-01,4.101039432414221170e-02,1.000000000000000000e+00,1.183830261230468750e+00,6.592805981636047363e-01,5.986601114273071289e-01,6.074997782707214355e-01,6.400452852249145508e-01,7.152343988418579102e-01
4.579999999999864180e+00,1.273336778511545919e+00,4.054698687518426548e-02,4.951535413053077817e-02,9.664440715340248955e-01,1.722982596133133537e-01,3.802820034881920774e-02,1.000000000000000000e+00,1.176950097084045410e+00,6.680476069450378418e-01,6.042177081108093262e-01,6.085988283157348633e-01,6.374507546424865723e-01,7.193644046783447266e-01
4.599999999999870859e+00,1.277098262682050622e+00,4.287361890826763000e-02,-1.312205970167890784e-02,9.636634235285307382e-01,1.728321927265176194e-01,3.426779068023873970e-02,1.000000000000000000e+00,1.171827673912048340e+00,6.753292679786682129e-01,6.100525259971618652e-01,6.097271442413330078e-01,6.349682211875915527e-01,7.215498685836791992e-01
4.619999999999877538e+00,1.280822880095936700e+00,4.438364860743093665e-02,-7.486201794057587011e-02,9.611274066553303630e-01,1.732342426237661326e-01,2.979850255105447043e-02,1.000000000000000000e+00,1.168702125549316406e+00,6.813377141952514648e-01,6.166406869888305664e-01,6.106885075569152832e-01,6.323615312576293945e-01,7.217155694961547852e-01
4.639999999999884217e+00,1.284491449840772681e+00,4.504407178250208199e-02,-1.345796908532712055e-01,9.594354197321343092e-01,1.734711896372627404e-01,2.469597304156895962e-02,1.000000000000000000e+00,1.167601108551025391e+00,6.864058375358581543e-01,6.246124505996704102e-01,6.114342808723449707e-01,6.293053627014160156e-01,7.197196483612060547e-01
4.659999999999890896e+00,1.288078356264448665e+00,4.483941024706711298e-02,-1.912251566024650296e-01,9.591501961061934534e-01,1.735027034339965968e-01,1.904811875550758982e-02,1.000000000000000000e+00,1.168549418449401855e+00,6.906908154487609863e-01,6.345817446708679199e-01,6.120398640632629395e-01,6.254810690879821777e-01,7.152451872825622559e-01
4.679999999999897575e+00,1.291563483320693484e+00,4.377242746662524109e-02,-2.437845686307347215e-01,9.605188088822259607e-01,1.733001798971872398e-01,1.295969308068644320e-02,1.000000000000000000e+00,1.171597123146057129e+00,6.940453052520751953e-01,6.468856334686279297e-01,6.126733422279357910e-01,6.207057833671569824e-01,7.078976631164550781e-01
4.699999999999904254e+00,1.294943992495267482e+00,4.186300593012604043e-02,-2.912258041671364484e-01,9.630283165591858596e-01,1.728970944865244885e-01,6.548757187371932742e-03,1.000000000000000000e+00,1.176633000373840332e+00,6.960138678550720215e-01,6.611529588699340820e-01,6.135370135307312012e-01,6.151895523071289062e-01,6.975646018981933594e-01
4.719999999999910933e+00,1.298237227782907954e+00,3.915482071605608239e-02,-3.325019096648022532e-01,9.657352372713590150e-01,1.723786231839919136e-01,-1.015750572855023194e-05,1.000000000000000000e+00,1.183173298835754395e+00,6.961237788200378418e-01,6.761494278907775879e-01,6.147800683975219727e-01,6.095587015151977539e-01,6.849025487899780273e-01
4.739999999999917613e+00,1.301479326639826128e+00,3.571785485431649976e-02,-3.665668259257901518e-01,9.679831836906199749e-01,1.718202606161689516e-01,-6.547530399401583177e-03,1.000000000000000000e+00,1.190421938896179199e+00,6.942530274391174316e-01,6.902594566345214844e-01,6.164568066596984863e-01,6.044507026672363281e-01,6.713556051254272461e-01
4.759999999999924292e+00,1.304670833173956268e+00,3.162308215323250682e-02,-3.924427351926834673e-01,9.696256540331291696e-01,1.712337101213586565e-01,-1.292360714403789808e-02,1.000000000000000000e+00,1.197593808174133301e+00,6.906377077102661133e-01,7.022494673728942871e-01,6.185533404350280762e-01,6.001687645912170410e-01,6.583755612373352051e-01
4.779999999999930971e+00,1.307816078814609595e+00,2.695974302867143457e-02,-4.093618740336895656e-01,9.707125369906117740e-01,1.706624376742719995e-01,-1.898835668844773075e-02,1.000000000000000000e+00,1.200000047683715820e+00,6.856701374053955078e-01,7.116023898124694824e-01,6.210023760795593262e-01,5.967212915420532227e-01,6.467651724815368652e-01
4.799999999999937650e+00,1.310941495722834471e+00,2.185133000586897412e-02,-4.167699775977227183e-01,9.711744943451249279e-01,1.701515103367258197e-01,-2.458307437501970963e-02,1.000000000000000000e+00,1.200000047683715820e+00,6.798213124275207520e-01,7.183213829994201660e-01,6.236739754676818848e-01,5.940247774124145508e-01,6.367676258087158203e-01
4.819999999999944329e+00,1.314071472366048710e+00,1.643363688125887290e-02,-4.143832289153910886e-01,9.711323367322247657e-01,1.697532227698234086e-01,-2.956011130747569771e-02,1.000000000000000000e+00,1.200000047683715820e+00,6.735712885856628418e-01,7.227385044097900391e-01,6.264333724975585938e-01,5.919464826583862305e-01,6.282569766044616699e-01
4.839999999999951008e+00,1.317235349679022782e+00,1.084392349673757305e-02,-4.022185328927794234e-01,9.709355845645327721e-01,1.695121420704213955e-01,-3.379291080576970335e-02,1.000000000000000000e+00,1.200000047683715820e+00,6.672929525375366211e-01,7.252923250198364258e-01,6.291492581367492676e-01,5.904266834259033203e-01,6.209251880645751953e-01
4.859999999999957687e+00,1.320464123448521487e+00,5.211261202696160222e-03,-3.805853730766931564e-01,9.708651417400923078e-01,1.694509800516298403e-01,-3.718199782134803955e-02,1.000000000000000000e+00,1.200000047683715820e+00,6.611374616622924805e-01,7.262648940086364746e-01,6.316242814064025879e-01,5.896037220954895020e-01,6.144487857818603516e-01
4.879999999999964366e+00,1.323777431615484446e+00,-3.436854777702502695e-04,-3.500372902150942211e-01,9.709801784873495212e-01,1.695551841850311547e-01,-3.966875887913350052e-02,1.000000000000000000e+00,1.200000047683715820e+00,6.550060510635375977e-01,7.256789207458496094e-01,6.335753798484802246e-01,5.897941589355468750e-01,6.085535883903503418e-01
4.899999999999971045e+00,1.327182328278818879e+00,-5.715114323594450152e-03,-3.113171678861125780e-01,9.711532928224951844e-01,1.697949696571551259e-01,-4.122687899011251433e-02,1.000000000000000000e+00,1.200000047683715820e+00,6.485528349876403809e-01,7.233656644821166992e-01,6.347595453262329102e-01,5.913605690002441406e-01,6.029582023620605469e-01
4.919999999999977724e+00,1.330688326083493189e+00,-1.080667684666053452e-02,-2.653565907541626245e-01,9.711556433691501677e-01,1.701998045374130408e-01,-4.183296275501694611e-02,1.000000000000000000e+00,1.200000047683715820e+00,6.412096619606018066e-01,7.190294265747070312e-01,6.351286768913269043e-01,5.946077108383178711e-01,5.973429679870605469e-01
4.939999999999984404e+00,1.334309482599322694e+00,-1.552672321696463298e-02,-2.132571597681444664e-01,9.705530489533731320e-01,1.707631804300312750e-01,-4.149762066818880185e-02,1.000000000000000000e+00,1.200000047683715820e+00,6.324180364608764648e-01,7.123737335205078125e-01,6.348589062690734863e-01,5.996950268745422363e-01,5.915300250053405762e-01
4.959999999999991083e+00,1.338044642276638552e+00,-1.979240476777482938e-02,-1.563056469263044701e-01,9.689194608929226904e-01,1.714334675256432017e-01,-4.026935862046419901e-02,1.000000000000000000e+00,1.200000047683715820e+00,6.221624612808227539e-01,7.034071087837219238e-01,6.342781782150268555e-01,6.063923239707946777e-01,5.858848094940185547e-01
4.979999999999997762e+00,1.341845285806686050e+00,-2.351102808738969596e-02,-9.586312526011959989e-02,9.661922577824474390e-01,1.721256271261176474e-01,-3.817647450796812086e-02,1.000000000000000000e+00,1.200000047683715820e+00,6.113291382789611816e-01,6.926662325859069824e-01,6.337515115737915039e-01,6.138820052146911621e-01,5.814521908760070801e-01
5.000000000000004441e+00,1.345659631898297404e+00,-2.657567281852130092e-02,-3.325529459199014215e-02,9.627463248776377824e-01,1.727641724058144868e-01,-3.525477356754987829e-02,1.000000000000000000e+00,1.200000047683715820e+00,6.008710265159606934e-01,6.807808279991149902e-01,6.335147023200988770e-01,6.213309168815612793e-01,5.790802240371704102e-01
5.020000000000011120e+00,1.349451748893295999e+00,-2.889398787817737402e-02,3.017204140948305871e-02,9.592534275527078158e-01,1.732888684381405642e-01,-3.154746206484943666e-02,1.000000000000000000e+00,1.200000047683715820e+00,5.913701653480529785e-01,6.683608293533325195e-01,6.336050629615783691e-01,6.281686425209045410e-01,5.789259076118469238e-01
5.040000000000017799e+00,1.353197432733915129e+00,-3.039077816910473739e-02,9.307895352564760083e-02,9.563660255569118585e-01,1.736675043740795732e-01,-2.710643639503824281e-02,1.000000000000000000e+00,1.200000047683715820e+00,5.832490921020507812e-01,6.560747623443603516e-01,6.339338421821594238e-01,6.339724659919738770e-01,5.807917118072509766e-01
5.060000000000024478e+00,1.356877683485322006e+00,-3.101029571688029840e-02,1.541314291920865831e-01,9.546768649950341246e-01,1.738723440071585358e-01,-2.198690206329098618e-02,1.000000000000000000e+00,1.200000047683715820e+00,5.768157839775085449e-01,6.444126963615417480e-01,6.343420147895812988e-01,6.385424733161926270e-01,5.844387412071228027e-01
5.080000000000031157e+00,1.360467350014037180e+00,-3.071868976575936605e-02,2.120124170965708432e-01,9.547258611472179135e-01,1.738665503792644063e-01,-1.626283295747385158e-02,1.000000000000000000e+00,1.200000047683715820e+00,5.722131133079528809e-01,6.335796117782592773e-01,6.346577405929565430e-01,6.420013308525085449e-01,5.896308422088623047e-01
5.100000000000037836e+00,1.363946375731076355e+00,-2.951093809627525211e-02,2.654683707480510191e-01,9.567145660453918454e-01,1.736238425633811477e-01,-1.003397507160091844e-02,1.000000000000000000e+00,1.200000047683715820e+00,5.694995522499084473e-01,6.237323880195617676e-01,6.347757577896118164e-01,6.446500420570373535e-01,5.960575938224792480e-01
5.120000000000044516e+00,1.367314159078750535e+00,-2.741170214407412375e-02,3.133056330305739046e-01,9.600619186821868212e-01,1.731749829592458267e-01,-3.419413726392043790e-03,1.000000000000000000e+00,1.200000047683715820e+00,5.686365365982055664e-01,6.149618029594421387e-01,6.346519589424133301e-01,6.467049121856689453e-01,6.034187674522399902e-01
5.140000000000051195e+00,1.370592952825660404e+00,-2.448190511826864313e-02,3.544132116507646146e-01,9.636436247814090805e-01,1.726127690934442793e-01,3.393730619393472026e-03,1.000000000000000000e+00,1.200000047683715820e+00,5.694839358329772949e-01,6.072225570678710938e-01,6.342200040817260742e-01,6.481909751892089844e-01,6.115154027938842773e-01
5.160000000000057874e+00,1.373819133952230764e+00,-2.081228564732384712e-02,3.877691719935402181e-01,9.667660008736373989e-01,1.719998681481309799e-01,1.021053367246431073e-02,1.000000000000000000e+00,1.200000047683715820e+00,5.718774199485778809e-01,6.005709767341613770e-01,6.333327293395996094e-01,6.490300893783569336e-01,6.200245618820190430e-01
5.180000000000064553e+00,1.376982447216040573e+00,-1.649410460243655452e-02,4.125360847110306484e-01,9.691593535315534691e-01,1.713558975927168548e-01,1.684661622506970768e-02,1.000000000000000000e+00,1.200000047683715820e+00,5.756255388259887695e-01,5.951198935508728027e-01,6.317824721336364746e-01,6.492373347282409668e-01,6.285592913627624512e-01
5.200000000000071232e+00,1.380095366466722817e+00,-1.163973331989781590e-02,4.281155250281068469e-01,9.706111540379247504e-01,1.707280916562856354e-01,2.310706201010202798e-02,1.000000000000000000e+00,1.200000047683715820e+00,5.804454088211059570e-01,5.907309055328369141e-01,6.294063329696655273e-01,6.490740180015563965e-01,6.369995474815368652e-01
5.220000000000077911e+00,1.383182090565700406e+00,-6.382124483833073736e-03,4.341062693126155891e-01,9.711723491403521091e-01,1.701577533446424484e-01,2.880942422822744403e-02,1.000000000000000000e+00,1.200000047683715820e+00,5.860642790794372559e-01,5.870814919471740723e-01,6.261501312255859375e-01,6.488566994667053223e-01,6.454853415489196777e-01
5.240000000000084590e+00,1.386266005522069911e+00,-8.531650005123014857e-04,4.303188655888759984e-01,9.710991712309218205e-01,1.696987518176384935e-01,3.379874007866638663e-02,1.000000000000000000e+00,1.200000047683715820e+00,5.923020243644714355e-01,5.840162038803100586e-01,6.222058534622192383e-01,6.487435102462768555e-01,6.541553139686584473e-01
5.260000000000091269e+00,1.389377502443343015e+00,4.818723267198121718e-03,4.168091321762057433e-01,9.707977868997462734e-01,1.693982819525103600e-01,3.795659052019186713e-02,1.000000000000000000e+00,1.200000047683715820e+00,5.989851355552673340e-01,5.817242860794067383e-01,6.180230975151062012e-01,6.486683487892150879e-01,6.628834009170532227e-01
5.280000000000097948e+00,1.392549687771730493e+00,1.051242982198113962e-02,3.938941588194232457e-01,9.706210548927666215e-01,1.692780571458925853e-01,4.119989600173085825e-02,1.000000000000000000e+00,1.200000047683715820e+00,6.059620976448059082e-01,5.805325508117675781e-01,6.140766143798828125e-01,6.484732031822204590e-01,6.713861823081970215e-01
5.300000000000104627e+00,1.395803371264319637e+00,1.611212707500186969e-02,3.621270764893516625e-01,9.706856874344302888e-01,1.693195586853529777e-01,4.349609242076429849e-02,1.000000000000000000e+00,1.200000047683715820e+00,6.132445335388183594e-01,5.806962847709655762e-01,6.107082366943359375e-01,6.479980945587158203e-01,6.794793009757995605e-01
5.320000000000111307e+00,1.399149487772700873e+00,2.151463019683930167e-02,3.222638668355921610e-01,9.709306243518284196e-01,1.695075868171165012e-01,4.483965477856833443e-02,1.000000000000000000e+00,1.200000047683715820e+00,6.210763454437255859e-01,5.823562145233154297e-01,6.081380248069763184e-01,6.470746397972106934e-01,6.871907114982604980e-01
5.340000000000117986e+00,1.402601543376577498e+00,2.662406038431380795e-02,2.752645178417247873e-01,9.711824278764487062e-01,1.698742420970731082e-01,4.523195769106927444e-02,1.000000000000000000e+00,1.200000047683715820e+00,6.297559738159179688e-01,5.854725837707519531e-01,6.064836382865905762e-01,6.455621719360351562e-01,6.946557760238647461e-01
5.360000000000124665e+00,1.406175970672698394e+00,3.134930843279798429e-02,2.222670015064856508e-01,9.710150115441580354e-01,1.704080502560777755e-01,4.470874640049572746e-02,1.000000000000000000e+00,1.200000047683715820e+00,6.393315196037292480e-01,5.897581577301025391e-01,6.057584881782531738e-01,6.434420347213745117e-01,7.018781900405883789e-01
5.380000000000131344e+00,1.409865573568598318e+00,3.560717338751873129e-02,1.646160134143757892e-01,9.701529642204363979e-01,1.710520179401909813e-01,4.331929025626272273e-02,1.000000000000000000e+00,1.196203947067260742e+00,6.493668556213378906e-01,5.947717428207397461e-01,6.058728694915771484e-01,6.408931016921997070e-01,7.085318565368652344e-01
5.400000000000138023e+00,1.413618756976282587e+00,3.929427907218713267e-02,1.037646007299893175e-01,9.684523563495924803e-01,1.717245189566565522e-01,4.107741685712516105e-02,1.000000000000000000e+00,1.188458919525146484e+00,6.589811444282531738e-01,6.000894904136657715e-01,6.066194176673889160e-01,6.382412910461425781e-01,7.140260338783264160e-01
5.420000000000144702e+00,1.417387939154149512e+00,4.229860253416561910e-02,4.120489059292824913e-02,9.659284455663360580e-01,1.723541421364844228e-01,3.800764895722242437e-02,1.000000000000000000e+00,1.181793451309204102e+00,6.674581170082092285e-01,6.055666208267211914e-01,6.077167391777038574e-01,6.356964707374572754e-01,7.178966403007507324e-01
5.440000000000151381e+00,1.421141398991644378e+00,4.453248467085030304e-02,-2.160772516993634401e-02,9.631040742630510021e-01,1.728838506710437817e-01,3.415587440629599264e-02,1.000000000000000000e+00,1.176814079284667969e+00,6.745393872261047363e-01,6.113995909690856934e-01,6.088744997978210449e-01,6.332180500030517578e-01,7.198877334594726562e-01
5.460000000000158060e+00,1.424858096360776427e+00,4.593678214617780142e-02,-8.336182634304291350e-02,9.605458649039002594e-01,1.732819939881146687e-01,2.958852037913921665e-02,1.000000000000000000e+00,1.173821806907653809e+00,6.804088354110717773e-01,6.180808544158935547e-01,6.098821759223937988e-01,6.305689811706542969e-01,7.198520898818969727e-01
5.480000000000164739e+00,1.428518537641833674e+00,4.647764696129613737e-02,-1.428832496950714903e-01,9.588620714650456511e-01,1.735137009328373281e-01,2.438135729759274839e-02,1.000000000000000000e+00,1.172896146774291992e+00,6.853532195091247559e-01,6.262416839599609375e-01,6.106767058372497559e-01,6.274360418319702148e-01,7.175815105438232422e-01
5.500000000000171418e+00,1.432096447336808298e+00,4.614191355884134094e-02,-1.991000568402357118e-01,9.586134986606450470e-01,1.735387587759407713e-01,1.862583521567223385e-02,1.000000000000000000e+00,1.174065947532653809e+00,6.894986033439636230e-01,6.364858746528625488e-01,6.113348007202148438e-01,6.235148310661315918e-01,7.127281427383422852e-01
5.520000000000178098e+00,1.435573045779583001e+00,4.493679939096012488e-02,-2.509941649458231061e-01,9.600262510604574695e-01,1.733309139406925548e-01,1.242721562822387410e-02,1.000000000000000000e+00,1.177320241928100586e+00,6.926802396774291992e-01,6.490986347198486328e-01,6.120393872261047363e-01,6.186590790748596191e-01,7.049254775047302246e-01
5.540000000000184777e+00,1.438948008312766369e+00,4.288741035183213368e-02,-2.975402051736053544e-01,9.625476109818950077e-01,1.729293444512386146e-01,5.907574085696728865e-03,1.000000000000000000e+00,1.182437896728515625e+00,6.944468617439270020e-01,6.635977625846862793e-01,6.130043268203735352e-01,6.131405234336853027e-01,6.941775679588317871e-01
5.560000000000191456e+00,1.442241329095049540e+00,4.004456668376049633e-02,-3.376987779440303039e-01,9.652359141499694539e-01,1.724220253510204415e-01,-7.482551613102381410e-04,1.000000000000000000e+00,1.188849687576293945e+00,6.943602561950683594e-01,6.786273121833801270e-01,6.143743991851806641e-01,6.076136827468872070e-01,6.813175678253173828e-01
5.580000000000198135e+00,1.445488459653399005e+00,3.648130885362416143e-02,-3.704254569068008984e-01,9.675181691962599917e-01,1.718716614271622867e-01,-7.366350646666996668e-03,1.000000000000000000e+00,1.195764303207397461e+00,6.923317313194274902e-01,6.925251483917236328e-01,6.161862611770629883e-01,6.026802659034729004e-01,6.678805351257324219e-01
5.600000000000204814e+00,1.448682595456459499e+00,3.227036219839113373e-02,-3.947736257522789227e-01,9.693409606690234215e-01,1.712940991230554322e-01,-1.379653887067145389e-02,1.000000000000000000e+00,1.200000047683715820e+00,6.886076927185058594e-01,7.041304707527160645e-01,6.184021830558776855e-01,5.985919833183288574e-01,6.552304029464721680e-01
5.620000000000211493e+00,1.451835493645140307e+00,2.751020321468283791e-02,-4.100152695346489518e-01,9.705992596287952301e-01,1.707354106330485899e-01,-1.987734745811383166e-02,1.000000000000000000e+00,1.200000047683715820e+00,6.835932731628417969e-01,7.130061388015747070e-01,6.209213137626647949e-01,5.953370332717895508e-01,6.440598964691162109e-01
5.640000000000218172e+00,1.454973160445401703e+00,2.233151871755773010e-02,-4.156595121834634754e-01,9.711355105437410318e-01,1.702409198667898249e-01,-2.544800293618649373e-02,1.000000000000000000e+00,1.200000047683715820e+00,6.777798533439636230e-01,7.192569971084594727e-01,6.236036419868469238e-01,5.928165316581726074e-01,6.345089077949523926e-01
5.660000000000224851e+00,1.458119930365098460e+00,1.687178677590489562e-02,-4.114926698315681808e-01,9.711792832142588372e-01,1.698634522050598283e-01,-3.036407858501937590e-02,1.000000000000000000e+00,1.200000047683715820e+00,6.716517806053161621e-01,7.233062982559204102e-01,6.263295412063598633e-01,5.908960103988647461e-01,6.263787150382995605e-01
5.680000000000231530e+00,1.461304763893068515e+00,1.126654116632658242e-02,-3.975965528241837688e-01,9.710607825099417667e-01,1.696460162948083550e-01,-3.450596013787590038e-02,1.000000000000000000e+00,1.200000047683715820e+00,6.655461788177490234e-01,7.256039381027221680e-01,6.289731860160827637e-01,5.895399451255798340e-01,6.193436980247497559e-01
5.700000000000238209e+00,1.464557158911752754e+00,5.641906790677719830e-03,-3.743321900303143712e-01,9.710279514575406168e-01,1.696064812456097859e-01,-3.778021718807248602e-02,1.000000000000000000e+00,1.200000047683715820e+00,6.595535874366760254e-01,7.263896465301513672e-01,6.313307285308837891e-01,5.889015197753906250e-01,6.130855679512023926e-01
5.720000000000244889e+00,1.467893281805646932e+00,1.156002087430718639e-04,-3.422887646085044921e-01,9.711166312959846891e-01,1.697260748981182787e-01,-4.013655964617855731e-02,1.000000000000000000e+00,1.200000047683715820e+00,6.535155177116394043e-01,7.256355285644531250e-01,6.331281661987304688e-01,5.892894268035888672e-01,6.073328852653503418e-01
5.740000000000251568e+00,1.471320256255670422e+00,-5.209222169503535671e-03,-3.022406733181086658e-01,9.711996008608592135e-01,1.699810467602142217e-01,-4.155035722089735206e-02,1.000000000000000000e+00,1.200000047683715820e+00,6.470373868942260742e-01,7.231109738349914551e-01,6.341515183448791504e-01,5.910630822181701660e-01,6.018105149269104004e-01
5.760000000000258247e+00,1.474848888209371989e+00,-1.023707499010451105e-02,-2.551496623984441658e-01,9.710209470841852930e-01,1.704014499382632275e-01,-4.200177592602082066e-02,1.000000000000000000e+00,1.200000047683715820e+00,6.395408511161804199e-01,7.184669971466064453e-01,6.343842744827270508e-01,5.945346951484680176e-01,5.962311029434204102e-01
5.780000000000264926e+00,1.478493801580111677e+00,-1.487707015906253316e-02,-2.021456152945422524e-01,9.701437742873193493e-01,1.709752463898599195e-01,-4.151156133794016434e-02,1.000000000000000000e+00,1.200000047683715820e+00,6.305357813835144043e-01,7.114192247390747070e-01,6.340298652648925781e-01,5.998404622077941895e-01,5.904935002326965332e-01
5.800000000000271605e+00,1.482246403250758071e+00,-1.904780311116660574e-02,-1.445460926622849918e-01,9.682098308566832179e-01,1.716417014856007617e-01,-4.013148885686208811e-02,1.000000000000000000e+00,1.200000047683715820e+00,6.201741099357604980e-01,7.020736932754516602e-01,6.334350109100341797e-01,6.066595315933227539e-01,5.850970745086669922e-01
5.820000000000278284e+00,1.486053908529942902e+00,-2.265213687336709025e-02,-8.370281149256277031e-02,9.652522227812857514e-01,1.723171064124603136e-01,-3.789033191365245162e-02,1.000000000000000000e+00,1.200000047683715820e+00,6.094278693199157715e-01,6.910420656204223633e-01,6.329573392868041992e-01,6.141241192817687988e-01,5.811225175857543945e-01
5.840000000000284963e+00,1.489867248693215185e+00,-2.558522123248102575e-02,-2.094521151444959928e-02,9.617078187890334418e-01,1.729298066805285694e-01,-3.482499377217954106e-02,1.000000000000000000e+00,1.200000047683715820e+00,5.991675853729248047e-01,6.789610981941223145e-01,6.327955126762390137e-01,6.214509010314941406e-01,5.792801976203918457e-01
5.860000000000291642e+00,1.493652926673323167e+00,-2.775794957079003034e-02,4.238083431937165330e-02,9.582589464689303949e-01,1.734238818056737241e-01,-3.097942305554310383e-02,1.000000000000000000e+00,1.200000047683715820e+00,5.899350643157958984e-01,6.664928793907165527e-01,6.329550147056579590e-01,6.280883550643920898e-01,5.796073675155639648e-01
5.880000000000298321e+00,1.497388419364904522e+00,-2.909869622123478772e-02,1.049390866809109257e-01,9.555272692760777842e-01,1.737705651895144754e-01,-2.640580068480219075e-02,1.000000000000000000e+00,1.200000047683715820e+00,5.821508169174194336e-01,6.543222069740295410e-01,6.333276033401489258e-01,6.336320638656616211e-01,5.818663239479064941e-01
5.900000000000305000e+00,1.501054297067198284e+00,-2.955543943049521172e-02,1.653974356924543532e-01,9.541028823396653369e-01,1.739396021164354156e-01,-2.116175832788986730e-02,1.000000000000000000e+00,1.200000047683715820e+00,5.760840177536010742e-01,6.428633928298950195e-01,6.337422728538513184e-01,6.379503607749938965e-01,5.858127474784851074e-01
5.920000000000311680e+00,1.504624893537807040e+00,-2.909910189062359098e-02,2.224520606935893596e-01,9.544896915862560727e-01,1.738943999107789296e-01,-1.532623062473047020e-02,1.000000000000000000e+00,1.200000047683715820e+00,5.718531608581542969e-01,6.322814822196960449e-01,6.340289711952209473e-01,6.412206292152404785e-01,5.911986231803894043e-01
5.940000000000318359e+00,1.508082890368743545e+00,-2.772996606293537392e-02,2.748627527697474204e-01,9.568042938412634202e-01,1.736125194356256396e-01,-9.003375810757441311e-03,1.000000000000000000e+00,1.200000047683715820e+00,5.695043802261352539e-01,6.227277517318725586e-01,6.340955495834350586e-01,6.437430381774902344e-01,5.977092981338500977e-01
5.960000000000325038e+00,1.511431696510347145e+00,-2.547808214322722087e-02,3.214526597373461025e-01,9.603337535069693676e-01,1.731357844010014135e-01,-2.319259083015901175e-03,1.000000000000000000e+00,1.200000047683715820e+00,5.689699649810791016e-01,6.142556667327880859e-01,6.339024305343627930e-01,6.456981897354125977e-01,6.050761938095092773e-01
5.980000000000331717e+00,1.514697548529049476e+00,-2.241147506054891325e-02,3.611308302348278376e-01,9.639349200040135957e-01,1.725617258419827049e-01,4.531509565739689008e-03,1.000000000000000000e+00,1.200000047683715820e+00,5.700861215591430664e-01,6.068087220191955566e-01,6.333767175674438477e-01,6.470867395401000977e-01,6.131042838096618652e-01
6.000000000000338396e+00,1.517911806720702028e+00,-1.862175625971562720e-02,3.928959937029693483e-01,9.670460500552867655e-01,1.719355467976306784e-01,1.135848023179129515e-02,1.000000000000000000e+00,1.200000047683715820e+00,5.726776123046875000e-01,6.004617810249328613e-01,6.323642730712890625e-01,6.478359699249267578e-01,6.214528679847717285e-01
6.020000000000345075e+00,1.521061534936546611e+00,-1.420172719672208039e-02,4.159635780158332796e-01,9.693660919458629843e-01,1.712853141834042858e-01,1.797489682602676497e-02,1.000000000000000000e+00,1.200000047683715820e+00,5.765525102615356445e-01,5.952866077423095703e-01,6.306637525558471680e-01,6.479949355125427246e-01,6.298066973686218262e-01
6.040000000000351754e+00,1.524165006709261805e+00,-9.268575422718527967e-03,4.297718845757877992e-01,9.707199518385645209e-01,1.706573789464975455e-01,2.418497114344538707e-02,1.000000000000000000e+00,1.200000047683715820e+00,5.814351439476013184e-01,5.911063551902770996e-01,6.281276941299438477e-01,6.478336453437805176e-01,6.381093859672546387e-01
6.060000000000358433e+00,1.527245368473646225e+00,-3.955944078110285034e-03,4.339579645988047574e-01,9.711901345924599527e-01,1.700942279713415772e-01,2.981022370822082254e-02,1.000000000000000000e+00,1.200000047683715820e+00,5.870856642723083496e-01,5.876262784004211426e-01,6.247411370277404785e-01,6.476374864578247070e-01,6.465034484863281250e-01
6.080000000000365112e+00,1.530327175716233779e+00,1.604876370499108695e-03,4.283751843945080573e-01,9.710642325195955049e-01,1.696504302245919749e-01,3.470017873206265174e-02,1.000000000000000000e+00,1.200000047683715820e+00,5.933359861373901367e-01,5.847603678703308105e-01,6.207556128501892090e-01,6.475150585174560547e-01,6.550711989402770996e-01
6.100000000000371791e+00,1.533441773604787617e+00,7.286759538414788739e-03,4.131271416761085336e-01,9.707609531417812354e-01,1.693713276363960907e-01,3.874180314020383986e-02,1.000000000000000000e+00,1.200000047683715820e+00,6.000075936317443848e-01,5.827144384384155273e-01,6.166398525238037109e-01,6.473788619041442871e-01,6.636525988578796387e-01
6.120000000000378471e+00,1.536621456748111791e+00,1.296954277947942602e-02,3.885765106135273816e-01,9.706127234110624169e-01,1.692728795195833635e-01,4.185681743793846082e-02,1.000000000000000000e+00,1.200000047683715820e+00,6.069594025611877441e-01,5.817700028419494629e-01,6.128286123275756836e-01,6.470846533775329590e-01,6.719880104064941406e-01
6.140000000000385150e+00,1.539884171150486036e+00,1.853921778807715581e-02,3.553130642897516234e-01,9.707039909707226855e-01,1.693317793222272605e-01,4.401987600169270792e-02,1.000000000000000000e+00,1.200000047683715820e+00,6.142255067825317383e-01,5.821500420570373535e-01,6.096181869506835938e-01,6.464882493019104004e-01,6.799209117889404297e-01
6.160000000000391829e+00,1.543240960158991815e+00,2.389434493520325997e-02,3.141288808444938074e-01,9.709683240549692451e-01,1.695433464032295723e-01,4.522515361216645352e-02,1.000000000000000000e+00,1.200000047683715820e+00,6.220542192459106445e-01,5.839853882789611816e-01,6.071956157684326172e-01,6.454306244850158691e-01,6.874775290489196777e-01
6.180000000000398508e+00,1.546706040179588459e+00,2.893986529436265442e-02,2.660161196005768613e-01,9.711953058685185436e-01,1.699350020904261127e-01,4.547768685481780315e-02,1.000000000000000000e+00,1.200000047683715820e+00,6.306992173194885254e-01,5.872141122817993164e-01,6.056550741195678711e-01,6.437920331954956055e-01,6.947514414787292480e-01
6.200000000000405187e+00,1.550295262524666207e+00,3.358581204443022994e-02,2.121427105473219499e-01,9.709334197220645946e-01,1.704898512377206188e-01,4.481870055193470231e-02,1.000000000000000000e+00,1.200000047683715820e+00,6.401344537734985352e-01,5.915258526802062988e-01,6.049969792366027832e-01,6.415898799896240234e-01,7.016880512237548828e-01
6.220000000000411866e+00,1.553992864651752459e+00,3.775039152473930182e-02,1.538619840319401244e-01,9.697584555346889790e-01,1.711429274442864690e-01,4.329468109994953628e-02,1.000000000000000000e+00,1.199816107749938965e+00,6.498656868934631348e-01,5.964819192886352539e-01,6.051337122917175293e-01,6.390296220779418945e-01,7.079401016235351562e-01
6.240000000000418545e+00,1.557745234525694134e+00,4.132898276977881036e-02,9.255947125761580796e-02,9.679108574094603679e-01,1.718142929010550990e-01,4.092096728670124861e-02,1.000000000000000000e+00,1.192443370819091797e+00,6.590874791145324707e-01,6.017038226127624512e-01,6.058781147003173828e-01,6.364226937294006348e-01,7.130157947540283203e-01
6.260000000000425224e+00,1.561508149748257246e+00,4.421156482010774047e-02,2.970925415778099404e-02,9.652964113243318600e-01,1.724352056026383639e-01,3.772148026452662450e-02,1.000000000000000000e+00,1.186088323593139648e+00,6.672065854072570801e-01,6.071203947067260742e-01,6.069790720939636230e-01,6.339197158813476562e-01,7.165374755859375000e-01
6.280000000000431903e+00,1.565252588671246725e+00,4.630993342044847916e-02,-3.321236022240658253e-02,9.624490490827302125e-01,1.729524415174954199e-01,3.374062494150346925e-02,1.000000000000000000e+00,1.181360363960266113e+00,6.740249991416931152e-01,6.129901409149169922e-01,6.081569194793701172e-01,6.314346790313720703e-01,7.182334661483764648e-01
6.300000000000438583e+00,1.568959229251887244e+00,4.756412953276301092e-02,-9.485330633278477031e-02,9.599253717025262311e-01,1.733364412983905700e-01,2.904254034236956189e-02,1.000000000000000000e+00,1.178602933883666992e+00,6.797093749046325684e-01,6.198301315307617188e-01,6.091948151588439941e-01,6.287265419960021973e-01,7.178874015808105469e-01
6.320000000000445262e+00,1.572607685742147154e+00,4.794082546387790078e-02,-1.539986503571290632e-01,9.583430045325148638e-01,1.735501338862464604e-01,2.370415057402417564e-02,1.000000000000000000e+00,1.177937984466552734e+00,6.844987869262695312e-01,6.282756328582763672e-01,6.100247502326965332e-01,6.254920363426208496e-01,7.152215838432312012e-01
6.340000000000451941e+00,1.576171465557546947e+00,4.743046259462657677e-02,-2.095604331425223454e-01,9.582426044230927253e-01,1.735541956241599126e-01,1.782125237353903227e-02,1.000000000000000000e+00,1.179396986961364746e+00,6.884758472442626953e-01,6.389101743698120117e-01,6.107330918312072754e-01,6.214442849159240723e-01,7.098560333251953125e-01
6.360000000000458620e+00,1.579634254134680615e+00,4.604560320835549003e-02,-2.605158820298804634e-01,9.597886001018224311e-01,1.733273961772667793e-01,1.150341475224633987e-02,1.000000000000000000e+00,1.182899355888366699e+00,6.914402246475219727e-01,6.519284248352050781e-01,6.115213632583618164e-01,6.164926886558532715e-01,7.014712691307067871e-01
6.380000000000465299e+00,1.582999418654650103e+00,4.381784476893452185e-02,-3.058454312358679372e-01,9.623444868574985156e-01,1.729191548113538368e-01,4.879618801645364302e-03,1.000000000000000000e+00,1.188105702400207520e+00,6.929376721382141113e-01,6.666818857192993164e-01,6.126108765602111816e-01,6.109887361526489258e-01,6.902367472648620605e-01
6.400000000000471978e+00,1.586290997899401756e+00,4.080664248665433202e-02,-3.445178899858601373e-01,9.649747126858277957e-01,1.724216685879173261e-01,-1.859670901030032819e-03,1.000000000000000000e+00,1.194369792938232422e+00,6.925752162933349609e-01,6.816675662994384766e-01,6.141320466995239258e-01,6.056060791015625000e-01,6.771998405456542969e-01
6.420000000000478657e+00,1.589539249743121108e+00,3.708724337462288023e-02,-3.754937637041257936e-01,9.672931789624088506e-01,1.718769723861659215e-01,-8.540458297576384444e-03,1.000000000000000000e+00,1.200000047683715820e+00,6.903146505355834961e-01,6.952112317085266113e-01,6.160944104194641113e-01,6.008898615837097168e-01,6.639590263366699219e-01
6.440000000000485336e+00,1.592733221515040931e+00,3.273683295178519970e-02,-3.978793141199633010e-01,9.692930194424713708e-01,1.713106948706316635e-01,-1.499883580908962719e-02,1.000000000000000000e+00,1.200000047683715820e+00,6.864227056503295898e-01,7.062723040580749512e-01,6.184300780296325684e-01,5.970303416252136230e-01,6.517387628555297852e-01
6.460000000000492015e+00,1.595892523443194655e+00,2.786587861978795377e-02,-4.110060986427935270e-01,9.705435732046860942e-01,1.707687510025630573e-01,-2.106099065373083848e-02,1.000000000000000000e+00,1.200000047683715820e+00,6.813277006149291992e-01,7.145248651504516602e-01,6.210044622421264648e-01,5.939975976943969727e-01,6.410957574844360352e-01
6.480000000000498694e+00,1.599041694783943868e+00,2.260999497741983388e-02,-4.144581859184457984e-01,9.711019673437296662e-01,1.702970416058512404e-01,-2.656590945916115221e-02,1.000000000000000000e+00,1.200000047683715820e+00,6.755510568618774414e-01,7.202229499816894531e-01,6.236833333969116211e-01,5.916714668273925781e-01,6.320422291755676270e-01
6.500000000000505374e+00,1.602205221010961189e+00,1.710647607355647581e-02,-4.080982666526145053e-01,9.711969938678284286e-01,1.699479853576292554e-01,-3.137450888377125297e-02,1.000000000000000000e+00,1.200000047683715820e+00,6.695617437362670898e-01,7.238627672195434570e-01,6.263656020164489746e-01,5.899270176887512207e-01,6.243180632591247559e-01
6.520000000000512053e+00,1.605411821192571198e+00,1.148781244574886840e-02,-3.920788723938046227e-01,9.711371328013512771e-01,1.697621297467390711e-01,-3.537582351921806506e-02,1.000000000000000000e+00,1.200000047683715820e+00,6.636341810226440430e-01,7.258641719818115234e-01,6.289207339286804199e-01,5.887615084648132324e-01,6.175933480262756348e-01
6.540000000000518732e+00,1.608689009020073613e+00,5.877396703322823601e-03,-3.668187631335906862e-01,9.711308373530460614e-01,1.697505034370576094e-01,-3.848462535075979074e-02,1.000000000000000000e+00,1.200000047683715820e+00,6.577836275100708008e-01,7.264063358306884766e-01,6.311352849006652832e-01,5.883439779281616211e-01,6.115545630455017090e-01
6.560000000000525411e+00,1.612049477884812898e+00,3.896121325425716542e-04,-3.329488611078165738e-01,9.711863975744067234e-01,1.698893552247217609e-01,-4.066090994608075743e-02,1.000000000000000000e+00,1.200000047683715820e+00,6.517878174781799316e-01,7.253996729850769043e-01,6.327479481697082520e-01,5.889813303947448730e-01,6.059346795082092285e-01
6.580000000000532090e+00,1.615501148009810706e+00,-4.874704701924581496e-03,-2.912845699726775983e-01,9.711688394561263094e-01,1.701674661949054979e-01,-4.188102587740661492e-02,1.000000000000000000e+00,1.200000047683715820e+00,6.452056169509887695e-01,7.225459218025207520e-01,6.335797905921936035e-01,5.910362005233764648e-01,6.004707217216491699e-01
6.600000000000538769e+00,1.619056295382019561e+00,-9.820969311384042388e-03,-2.428251798092943003e-01,9.707851685502720818e-01,1.706110857259721669e-01,-4.213227913357261989e-02,1.000000000000000000e+00,1.200000047683715820e+00,6.374648809432983398e-01,7.174566388130187988e-01,6.336561441421508789e-01,5.948195457458496094e-01,5.949209332466125488e-01
6.620000000000545448e+00,1.622728922561049503e+00,-1.435978892638983817e-02,-1.887383061332930656e-01,9.696025810811549350e-01,1.711995109576537055e-01,-4.144888824777634428e-02,1.000000000000000000e+00,1.200000047683715820e+00,6.281877756118774414e-01,7.098971009254455566e-01,6.332170367240905762e-01,6.004102230072021484e-01,5.892939567565917969e-01
6.640000000000552127e+00,1.626499442220172398e+00,-1.841022505929251762e-02,-1.303717302716847493e-01,9.673528853336256228e-01,1.718625467676720697e-01,-3.988000603800282567e-02,1.000000000000000000e+00,1.200000047683715820e+00,6.177374720573425293e-01,7.001083493232727051e-01,6.326269507408142090e-01,6.073591709136962891e-01,5.842513442039489746e-01
6.660000000000558806e+00,1.630312309598240361e+00,-2.187023962041201308e-02,-6.906419447227107877e-02,9.641727185451811621e-01,1.725193015256283879e-01,-3.745531686108640596e-02,1.000000000000000000e+00,1.200000047683715820e+00,6.071248650550842285e-01,6.887586712837219238e-01,6.322214603424072266e-01,6.147741675376892090e-01,5.808559060096740723e-01
6.680000000000565485e+00,1.634122110046364096e+00,-2.463830332398053713e-02,-6.150682349123575733e-03,9.605636427341568417e-01,1.731022564176570022e-01,-3.421246214046638062e-02,1.000000000000000000e+00,1.200000047683715820e+00,5.971190333366394043e-01,6.764987111091613770e-01,6.321502327919006348e-01,6.219338774681091309e-01,5.796313285827636719e-01
6.700000000000572165e+00,1.637898212142035348e+00,-2.662922646255805326e-02,5.702425541980915558e-02,9.572095023512137146e-01,1.735609490922524201e-01,-3.019724133062737237e-02,1.000000000000000000e+00,1.200000047683715820e+00,5.882322192192077637e-01,6.640462279319763184e-01,6.323853731155395508e-01,6.283079385757446289e-01,5.804964303970336914e-01
6.720000000000578844e+00,1.641619918251547405e+00,-2.777580235874388404e-02,1.191284404668837144e-01,9.547021123370219575e-01,1.738693596423715459e-01,-2.546257389761433232e-02,1.000000000000000000e+00,1.200000047683715820e+00,5.808681249618530273e-01,6.520593166351318359e-01,6.327986121177673340e-01,6.335349082946777344e-01,5.831884145736694336e-01
6.740000000000585523e+00,1.645266624979381920e+00,-2.803062775326714551e-02,1.788325241313621639e-01,9.536313998250719459e-01,1.739940310168613946e-01,-2.006999358527671376e-02,1.000000000000000000e+00,1.200000047683715820e+00,5.752454996109008789e-01,6.408560276031494141e-01,6.332078576087951660e-01,6.375698447227478027e-01,5.874626040458679199e-01
6.760000000000592202e+00,1.648812843155356811e+00,-2.737083985941646258e-02,2.348501293792620570e-01,9.544453161140996622e-01,1.738996112912900294e-01,-1.410457995363114704e-02,1.000000000000000000e+00,1.200000047683715820e+00,5.714657306671142578e-01,6.305797696113586426e-01,6.334506869316101074e-01,6.406379342079162598e-01,5.930571556091308594e-01
6.780000000000598881e+00,1.652245140507993426e+00,-2.580323711162940681e-02,2.859563118474932053e-01,9.571348872510903050e-01,1.735704996075734252e-01,-7.674953113815940163e-03,1.000000000000000000e+00,1.200000047683715820e+00,5.695570707321166992e-01,6.213726997375488281e-01,6.334503293037414551e-01,6.430226564407348633e-01,5.996633768081665039e-01
6.800000000000605560e+00,1.655571919574278184e+00,-2.336510028838884034e-02,3.309948234892559071e-01,9.608301709800317614e-01,1.730629354027661548e-01,-9.187613751245393224e-04,1.000000000000000000e+00,1.200000047683715820e+00,5.694131851196289062e-01,6.132406592369079590e-01,6.331692337989807129e-01,6.448611021041870117e-01,6.070491075515747070e-01
6.820000000000612239e+00,1.658824430534819871e+00,-2.013265472987418869e-02,3.688976534914349403e-01,9.644121127364977397e-01,1.724758688939264650e-01,5.963722028719175769e-03,1.000000000000000000e+00,1.200000047683715820e+00,5.708475708961486816e-01,6.061286926269531250e-01,6.325240135192871094e-01,6.461313366889953613e-01,6.150087118148803711e-01
6.840000000000618918e+00,1.662023511801734355e+00,-1.619727623648486992e-02,3.986969408172030827e-01,9.674582453544856575e-01,1.718368166127593466e-01,1.278638054412615035e-02,1.000000000000000000e+00,1.200000047683715820e+00,5.736786723136901855e-01,6.001249551773071289e-01,6.313527822494506836e-01,6.467739343643188477e-01,6.231967806816101074e-01
6.860000000000625597e+00,1.665158739617301542e+00,-1.165535274628248796e-02,4.196691709239247503e-01,9.696443720924571297e-01,1.711837040329692305e-01,1.935926243371066668e-02,1.000000000000000000e+00,1.200000047683715820e+00,5.777101516723632812e-01,5.952473282814025879e-01,6.294669508934020996e-01,6.468837857246398926e-01,6.313836574554443359e-01
6.880000000000632276e+00,1.668252965615635297e+00,-6.629652970328081540e-03,4.312975822491732503e-01,9.708512517644035666e-01,1.705602929199662998e-01,2.548712827232416794e-02,1.000000000000000000e+00,1.200000047683715820e+00,5.826839208602905273e-01,5.912885665893554688e-01,6.267406344413757324e-01,6.467291712760925293e-01,6.395685672760009766e-01
6.900000000000638956e+00,1.671328318935328294e+00,-1.253703089086621869e-03,4.332664615538671660e-01,9.711998447771077458e-01,1.700118195014196365e-01,3.099652930504459905e-02,1.000000000000000000e+00,1.200000047683715820e+00,5.883923768997192383e-01,5.880026221275329590e-01,6.232171058654785156e-01,6.465525627136230469e-01,6.478793621063232422e-01
6.920000000000645635e+00,1.674410975056019435e+00,4.341815799225323680e-03,4.254832992968193284e-01,9.710158243613222773e-01,1.695928472756029204e-01,3.574350697786967540e-02,1.000000000000000000e+00,1.200000047683715820e+00,5.946711897850036621e-01,5.853767991065979004e-01,6.192143559455871582e-01,6.464068293571472168e-01,6.563357114791870117e-01
6.940000000000652314e+00,1.677533272342194959e+00,1.003154370329112366e-02,4.081106402837395009e-01,9.707240936729134573e-01,1.693454637933621831e-01,3.962195208354244574e-02,1.000000000000000000e+00,1.200000047683715820e+00,6.013378500938415527e-01,5.836181044578552246e-01,6.152015924453735352e-01,6.461910009384155273e-01,6.647564768791198730e-01
6.960000000000658993e+00,1.680725599053571884e+00,1.569623662842034584e-02,3.815659222767004422e-01,9.706201620584363754e-01,1.692775005181078041e-01,4.256123101415752036e-02,1.000000000000000000e+00,1.200000047683715820e+00,6.082742810249328613e-01,5.829622149467468262e-01,6.115580201148986816e-01,6.457803845405578613e-01,6.729143857955932617e-01
6.980000000000665672e+00,1.684002827875717312e+00,2.122462274200354049e-02,3.464830153215880393e-01,9.707451144456165082e-01,1.693600858326441139e-01,4.454438345414699074e-02,1.000000000000000000e+00,1.200000047683715820e+00,6.155484914779663086e-01,5.836094021797180176e-01,6.085336208343505859e-01,6.450430154800415039e-01,6.806797385215759277e-01
7.000000000000672351e+00,1.687376482777545483e+00,2.651706070921100444e-02,3.036990809827124216e-01,9.710263893541565272e-01,1.696046986641504273e-01,4.556476601301894663e-02,1.000000000000000000e+00,1.200000047683715820e+00,6.234065890312194824e-01,5.856748819351196289e-01,6.062856316566467285e-01,6.438276767730712891e-01,6.880708336830139160e-01
7.020000000000679030e+00,1.690861660203152539e+00,3.147947928253119754e-02,2.542451406599349761e-01,9.711990205249477759e-01,1.700296905368533784e-01,4.563319900395840234e-02,1.000000000000000000e+00,1.200000047683715820e+00,6.320387125015258789e-01,5.890576839447021484e-01,6.048851013183593750e-01,6.420423984527587891e-01,6.951290965080261230e-01
7.040000000000685709e+00,1.694471931613501514e+00,3.602380414935668629e-02,1.993290086979820630e-01,9.707871473096476578e-01,1.706096262328175295e-01,4.479785300987864510e-02,1.000000000000000000e+00,1.200000047683715820e+00,6.413269042968750000e-01,5.934180021286010742e-01,6.043199300765991211e-01,6.397484540939331055e-01,7.017353177070617676e-01
7.060000000000692388e+00,1.698180247094475792e+00,4.006681371496173538e-02,1.403227370996086021e-01,9.694043447890089427e-01,1.712718264029073345e-01,4.309663330095976630e-02,1.000000000000000000e+00,1.200000047683715820e+00,6.507148742675781250e-01,5.983244180679321289e-01,6.045030355453491211e-01,6.371774077415466309e-01,7.075290083885192871e-01
7.080000000000699067e+00,1.701932591860119803e+00,4.350112635718000886e-02,7.858334148217803461e-02,9.672279526542919559e-01,1.719387809967347358e-01,4.054883999629407820e-02,1.000000000000000000e+00,1.195914506912231445e+00,6.594864726066589355e-01,6.034690737724304199e-01,6.052628159523010254e-01,6.346042156219482422e-01,7.121129035949707031e-01
7.100000000000705747e+00,1.705688584254443363e+00,4.622265120675556060e-02,1.553900555336840648e-02,9.645110604520803488e-01,1.725445097933567262e-01,3.718156854137607409e-02,1.000000000000000000e+00,1.189975500106811523e+00,6.671838164329528809e-01,6.088538169860839844e-01,6.063702106475830078e-01,6.321297883987426758e-01,7.152006030082702637e-01
7.120000000000712426e+00,1.709421996329071103e+00,4.814609307634465374e-02,-4.735365806831674101e-02,9.616660113784692987e-01,1.730409582820234549e-01,3.304020425216089990e-02,1.000000000000000000e+00,1.185573220252990723e+00,6.736970543861389160e-01,6.147982478141784668e-01,6.075578927993774414e-01,6.296342015266418457e-01,7.165242433547973633e-01
7.140000000000719105e+00,1.713115044420443045e+00,4.921225031516812676e-02,-1.087215947606375299e-01,9.592438480516821686e-01,1.733999354980915453e-01,2.818639506368547654e-02,1.000000000000000000e+00,1.183096051216125488e+00,6.791759729385375977e-01,6.218530535697937012e-01,6.086121201515197754e-01,6.268638968467712402e-01,7.157906889915466309e-01
7.160000000000725784e+00,1.716746049904213756e+00,4.938849728778560433e-02,-1.673102723000431669e-01,9.578636746320685624e-01,1.735825549985360317e-01,2.269813736194135553e-02,1.000000000000000000e+00,1.182724595069885254e+00,6.838013529777526855e-01,6.306650638580322266e-01,6.094697117805480957e-01,6.235160827636718750e-01,7.126405835151672363e-01
7.180000000000732463e+00,1.720289577820280691e+00,4.866886534012082599e-02,-2.220051246546884682e-01,9.580209529744861952e-01,1.735516669112156796e-01,1.667522166976016795e-02,1.000000000000000000e+00,1.184501647949218750e+00,6.875942349433898926e-01,6.417886018753051758e-01,6.102333664894104004e-01,6.193225979804992676e-01,7.066571712493896484e-01
7.200000000000739142e+00,1.723733222819735289e+00,4.707131734932523681e-02,-2.717667484920162635e-01,9.597693636333567424e-01,1.732950062927013923e-01,1.023082836877737233e-02,1.000000000000000000e+00,1.188269734382629395e+00,6.902997493743896484e-01,6.552836894989013672e-01,6.111243963241577148e-01,6.142699718475341797e-01,6.975929141044616699e-01
7.220000000000745821e+00,1.727085038165500297e+00,4.463555328650231635e-02,-3.155763675493661324e-01,9.623703642017946702e-01,1.728743635140929102e-01,3.506624369322008591e-03,1.000000000000000000e+00,1.193559408187866211e+00,6.914622783660888672e-01,6.702813506126403809e-01,6.123639941215515137e-01,6.088015437126159668e-01,6.858408451080322266e-01
7.240000000000752500e+00,1.730374254015472957e+00,4.143042039590444370e-02,-3.524124290615372468e-01,9.649326283911942026e-01,1.723818930343646305e-01,-3.303490999548198189e-03,1.000000000000000000e+00,1.199654221534729004e+00,6.907514929771423340e-01,6.851177215576171875e-01,6.140562295913696289e-01,6.035967469215393066e-01,6.726886034011840820e-01
7.260000000000759179e+00,1.733618851249226545e+00,3.753294137583390588e-02,-3.812609954871369888e-01,9.674448166064758547e-01,1.718401159246354115e-01,-1.002336154638968496e-02,1.000000000000000000e+00,1.200000047683715820e+00,6.881982088088989258e-01,6.981617212295532227e-01,6.161756515502929688e-01,5.991288423538208008e-01,6.597431898117065430e-01
7.280000000000765858e+00,1.736811186871484836e+00,3.303014059419795423e-02,-4.013041996060356942e-01,9.693638287573945744e-01,1.712861077576509072e-01,-1.647408781126723232e-02,1.000000000000000000e+00,1.200000047683715820e+00,6.840881705284118652e-01,7.084990739822387695e-01,6.186122894287109375e-01,5.955293774604797363e-01,6.480635404586791992e-01
7.300000000000772538e+00,1.739975992128133253e+00,2.804380381395593647e-02,-4.119503554661116951e-01,9.705536546937727493e-01,1.707628229477828330e-01,-2.247497397802545108e-02,1.000000000000000000e+00,1.200000047683715820e+00,6.789088845252990723e-01,7.160241603851318359e-01,6.212176680564880371e-01,5.927368998527526855e-01,6.380115151405334473e-01
7.320000000000779217e+00,1.743135827502625190e+00,2.271071842602617741e-02,-4.128647012408663830e-01,9.710877382101551492e-01,1.703178699144368147e-01,-2.786811717882411304e-02,1.000000000000000000e+00,1.200000047683715820e+00,6.732004880905151367e-01,7.211451530456542969e-01,6.238789558410644531e-01,5.906137824058532715e-01,6.294782757759094238e-01
7.340000000000785896e+00,1.746315628673382747e+00,1.716648474588711171e-02,-4.039896470990584909e-01,9.711999932585450024e-01,1.700024631909182182e-01,-3.252227132514431962e-02,1.000000000000000000e+00,1.200000047683715820e+00,6.673743128776550293e-01,7.243650555610656738e-01,6.265043020248413086e-01,5.890613794326782227e-01,6.221678256988525391e-01
7.360000000000792575e+00,1.749544229792241001e+00,1.153994083750031763e-02,-3.855507176229064359e-01,9.711761563101294348e-01,1.698535091240989947e-01,-3.633546109110952216e-02,1.000000000000000000e+00,1.200000047683715820e+00,6.616199612617492676e-01,7.260442972183227539e-01,6.289504170417785645e-01,5.881105661392211914e-01,6.157498359680175781e-01
7.380000000000799254e+00,1.752846377883361395e+00,5.952353612630134627e-03,-3.580266968032545516e-01,9.711822816812840653e-01,1.698737200407095527e-01,-3.923310708645113415e-02,1.000000000000000000e+00,1.200000047683715820e+00,6.558725833892822266e-01,7.262910604476928711e-01,6.309961080551147461e-01,5.879464149475097656e-01,6.099152565002441406e-01
7.400000000000805933e+00,1.756232098940545328e+00,5.143631503949364081e-04,-3.220944500993953019e-01,9.711987329450872952e-01,1.700337690708165483e-01,-4.118520672700835827e-02,1.000000000000000000e+00,1.200000047683715820e+00,6.498489975929260254e-01,7.249457240104675293e-01,6.323977112770080566e-01,5.888820290565490723e-01,6.044062972068786621e-01
7.420000000000812612e+00,1.759710628558432965e+00,-4.675070547448645364e-03,-2.786176367812270849e-01,9.710700636935628571e-01,1.703419799321616857e-01,-4.216851740338862370e-02,1.000000000000000000e+00,1.200000047683715820e+00,6.430745124816894531e-01,7.216439247131347656e-01,6.330178976058959961e-01,5.912869572639465332e-01,5.989846587181091309e-01
7.440000000000819291e+00,1.763295673162631250e+00,-9.522376884235184136e-03,-2.286383916912020642e-01,9.704639078930870077e-01,1.708140803646782113e-01,-4.218207150644639331e-02,1.000000000000000000e+00,1.200000047683715820e+00,6.350128054618835449e-01,7.159860134124755859e-01,6.329334974288940430e-01,5.954514741897583008e-01,5.934728980064392090e-01
7.460000000000825970e+00,1.766997882517463481e+00,-1.394071541756547461e-02,-1.733722303100558582e-01,9.689698605537048204e-01,1.714175214000546454e-01,-4.127442016896992749e-02,1.000000000000000000e+00,1.200000047683715820e+00,6.254484653472900391e-01,7.078316807746887207e-01,6.324254274368286133e-01,6.013568043708801270e-01,5.880254507064819336e-01
7.480000000000832650e+00,1.770784463333293424e+00,-1.784689522405108475e-02,-1.141858623125558553e-01,9.664274966892826280e-01,1.720749783762826335e-01,-3.948682978763635998e-02,1.000000000000000000e+00,1.200000047683715820e+00,6.149668097496032715e-01,6.975762844085693359e-01,6.318675875663757324e-01,6.084080338478088379e-01,5.834625363349914551e-01
7.500000000000839329e+00,1.774599896073823402e+00,-2.113544859246280216e-02,-5.240759306909278242e-02,9.630744991615697304e-01,1.727097644507227525e-01,-3.685058001628421787e-02,1.000000000000000000e+00,1.200000047683715820e+00,6.045422554016113281e-01,6.859112977981567383e-01,6.315556764602661133e-01,6.157350540161132812e-01,5.807462334632873535e-01
7.520000000000846008e+00,1.778403043915862014e+00,-2.370913501024002334e-02,1.062228337060223439e-02,9.594716414055195486e-01,1.732585135409755173e-01,-3.340393333463297781e-02,1.000000000000000000e+00,1.200000047683715820e+00,5.948488712310791016e-01,6.735211610794067383e-01,6.315847635269165039e-01,6.226770877838134766e-01,5.801898837089538574e-01
7.540000000000852687e+00,1.782166346957196890e+00,-2.548728459038868133e-02,7.356252999809684279e-02,9.562860211216269724e-01,1.736774555716847912e-01,-2.919554053382332481e-02,1.000000000000000000e+00,1.200000047683715820e+00,5.863823890686035156e-01,6.611660718917846680e-01,6.318957805633544922e-01,6.287282705307006836e-01,5.816161632537841797e-01
7.560000000000859366e+00,1.785870624043676358e+00,-2.640781757808763341e-02,1.350846714831906714e-01,9.540891701114029289e-01,1.739411953256122800e-01,-2.427955846195596623e-02,1.000000000000000000e+00,1.200000047683715820e+00,5.795062184333801270e-01,6.494245529174804688e-01,6.323402523994445801e-01,6.336012482643127441e-01,5.847544670104980469e-01
7.580000000000866045e+00,1.789493376345565601e+00,-2.642889579986451576e-02,1.938655948002620533e-01,9.534625110854598740e-01,1.740133545954734851e-01,-1.872302109593335095e-02,1.000000000000000000e+00,1.200000047683715820e+00,5.743899941444396973e-01,6.385233998298645020e-01,6.327278017997741699e-01,6.373420953750610352e-01,5.893595218658447266e-01
7.600000000000872724e+00,1.793010566475865986e+00,-2.553513393794182296e-02,2.486389693427177028e-01,9.547726452147331511e-01,1.738610104790755118e-01,-1.261793570445871385e-02,1.000000000000000000e+00,1.200000047683715820e+00,5.711250901222229004e-01,6.286041140556335449e-01,6.329100131988525391e-01,6.402084231376647949e-01,5.951572656631469727e-01
7.620000000000879403e+00,1.796413793654073832e+00,-2.374075948971127170e-02,2.981974676244404932e-01,9.578330396028642557e-01,1.734801425483534498e-01,-6.076905415356598575e-03,1.000000000000000000e+00,1.200000047683715820e+00,5.697107315063476562e-01,6.197847127914428711e-01,6.328262090682983398e-01,6.424497961997985840e-01,6.018588542938232422e-01
7.640000000000886082e+00,1.799717063499320258e+00,-2.109232806589356191e-02,3.414086549176914565e-01,9.616255542948680679e-01,1.729425359558711406e-01,7.452870136958006462e-04,1.000000000000000000e+00,1.200000047683715820e+00,5.699951052665710449e-01,6.120218634605407715e-01,6.324371099472045898e-01,6.441587805747985840e-01,6.092638969421386719e-01
7.660000000000892761e+00,1.802956185371086040e+00,-1.767371180999810498e-02,3.772291721219684368e-01,9.651342186227044317e-01,1.723400486463090853e-01,7.647360079469638083e-03,1.000000000000000000e+00,1.200000047683715820e+00,5.717742443084716797e-01,6.052777171134948730e-01,6.316461563110351562e-01,6.452972888946533203e-01,6.171424388885498047e-01
7.680000000000899441e+00,1.806137158803097886e+00,-1.357541316449606406e-02,4.047435941115536395e-01,9.680313322302112056e-01,1.716900676805844517e-01,1.444540678985118363e-02,1.000000000000000000e+00,1.200000047683715820e+00,5.748654603958129883e-01,5.996381044387817383e-01,6.302865147590637207e-01,6.458307504653930664e-01,6.251728534698486328e-01
7.700000000000906120e+00,1.809258059200242297e+00,-8.899713469903258733e-03,4.232900669171160701e-01,9.700036988106413016e-01,1.710379381464934290e-01,2.094612963941741221e-02,1.000000000000000000e+00,1.200000047683715820e+00,5.790693759918212891e-01,5.950623750686645508e-01,6.281866431236267090e-01,6.458981633186340332e-01,6.332130432128906250e-01
7.720000000000912799e+00,1.812343682868315486e+00,-3.774679466075347989e-03,4.324044640305556575e-01,9.709999662839624568e-01,1.704243210493302796e-01,2.695766117261087780e-02,1.000000000000000000e+00,1.200000047683715820e+00,5.841529369354248047e-01,5.913333892822265625e-01,6.252556443214416504e-01,6.457545161247253418e-01,6.412986516952514648e-01
7.740000000000919478e+00,1.815415907475190771e+00,1.667039684489945994e-03,4.318265077147714348e-01,9.711885274997889006e-01,1.698983864702975910e-01,3.231234520091928741e-02,1.000000000000000000e+00,1.200000047683715820e+00,5.899357795715332031e-01,5.882719159126281738e-01,6.216115355491638184e-01,6.455855965614318848e-01,6.495252847671508789e-01
7.760000000000926157e+00,1.818502749761266468e+00,7.295575455673386500e-03,4.215279365532870748e-01,9.709370553839024032e-01,1.695135010042303214e-01,3.687470101876116901e-02,1.000000000000000000e+00,1.200000047683715820e+00,5.962479710578918457e-01,5.859264135360717773e-01,6.176318526268005371e-01,6.453928947448730469e-01,6.578549146652221680e-01
7.780000000000932836e+00,1.821637329536450522e+00,1.298763365779692647e-02,4.017387211870107611e-01,9.706655923801315033e-01,1.693063895763012583e-01,4.054632132901701130e-02,1.000000000000000000e+00,1.200000047683715820e+00,6.029113531112670898e-01,5.844851136207580566e-01,6.137583851814270020e-01,6.450770497322082520e-01,6.661046743392944336e-01
7.800000000000939515e+00,1.824846639935908232e+00,1.862501854783377153e-02,3.729365422156381005e-01,9.706168234981498166e-01,1.692754229137860833e-01,4.326821714947170355e-02,1.000000000000000000e+00,1.200000047683715820e+00,6.098440885543823242e-01,5.841463804244995117e-01,6.103071570396423340e-01,6.445347666740417480e-01,6.740812063217163086e-01
7.820000000000946194e+00,1.828143095392071427e+00,2.409993781934743895e-02,3.358056545559074957e-01,9.707855333776497231e-01,1.693891831013775162e-01,4.503026392342804329e-02,1.000000000000000000e+00,1.200000047683715820e+00,6.171517968177795410e-01,5.850979685783386230e-01,6.074870824813842773e-01,6.436397433280944824e-01,6.816757321357727051e-01
7.840000000000952873e+00,1.831539025684551181e+00,2.931441654640171146e-02,2.912347389254000829e-01,9.710825416023923795e-01,1.696748557754675091e-01,4.582602954552294355e-02,1.000000000000000000e+00,1.200000047683715820e+00,6.250610351562500000e-01,5.874282121658325195e-01,6.054297685623168945e-01,6.422498226165771484e-01,6.888856887817382812e-01
7.860000000000959552e+00,1.835050487182698475e+00,3.417549726311236435e-02,2.402982158058984408e-01,9.711784404041673424e-01,1.701392976863398687e-01,4.567399677918183853e-02,1.000000000000000000e+00,1.200000047683715820e+00,6.336790323257446289e-01,5.909827351570129395e-01,6.041839718818664551e-01,6.403109431266784668e-01,6.956911087036132812e-01
7.880000000000966232e+00,1.838685464985442497e+00,3.859782290642266300e-02,1.842528976927228501e-01,9.705834463393177014e-01,1.707450298163474267e-01,4.462810760146794509e-02,1.000000000000000000e+00,1.200000047683715820e+00,6.427882313728332520e-01,5.953938364982604980e-01,6.037269830703735352e-01,6.379317641258239746e-01,7.019130587577819824e-01
7.900000000000972911e+00,1.842404949471086795e+00,4.249365181760633714e-02,1.244764593069436348e-01,9.689805020437262106e-01,1.714141316145374738e-01,4.271679928765159673e-02,1.000000000000000000e+00,1.200000047683715820e+00,6.517874002456665039e-01,6.002504825592041016e-01,6.039721965789794922e-01,6.353608965873718262e-01,7.072004675865173340e-01
7.920000000000979590e+00,1.846156907755991394e+00,4.575475753557045611e-02,6.230667828437328609e-02,9.664906390164129668e-01,1.720722588664098107e-01,3.996420615990936565e-02,1.000000000000000000e+00,1.198943853378295898e+00,6.600769758224487305e-01,6.053318977355957031e-01,6.047614216804504395e-01,6.328232884407043457e-01,7.112589478492736816e-01
7.940000000000986269e+00,1.849905091254554268e+00,4.828345039597109478e-02,-8.697091337525127315e-04,9.637029584510726776e-01,1.726564679025243687e-01,3.640092084341502859e-02,1.000000000000000000e+00,1.193456888198852539e+00,6.673346161842346191e-01,6.107189655303955078e-01,6.058798432350158691e-01,6.303704380989074707e-01,7.138718366622924805e-01
7.960000000000992948e+00,1.853626105164991156e+00,4.999827508150611610e-02,-6.361755365555724073e-02,9.609110975850831959e-01,1.731252863691558064e-01,3.207405396871716718e-02,1.000000000000000000e+00,1.189430475234985352e+00,6.735313534736633301e-01,6.167935132980346680e-01,6.070702672004699707e-01,6.278530955314636230e-01,7.147606611251831055e-01
7.980000000000999627e+00,1.857303099176880856e+00,5.084203487154159706e-02,-1.245469778559145785e-01,9.586687178987522984e-01,1.734500176899140544e-01,2.704361973426711377e-02,1.000000000000000000e+00,1.187291383743286133e+00,6.787943243980407715e-01,6.241412758827209473e-01,6.081291437149047852e-01,6.250050067901611328e-01,7.135536074638366699e-01
8.000000000001005418e+00,1.860912744240078798e+00,5.078439082520280756e-02,-1.823743368647627039e-01,9.575835440528643883e-01,1.735907858781834401e-01,2.139030599697008470e-02,1.000000000000000000e+00,1.187270164489746094e+00,6.832407116889953613e-01,6.334183216094970703e-01,6.090088486671447754e-01,6.215214133262634277e-01,7.098127007484436035e-01
8.020000000000994334e+00,1.864431972932095949e+00,4.982432199025044195e-02,-2.359631799251337148e-01,9.580816265648687269e-01,1.735137757356139676e-01,1.521867779875184234e-02,1.000000000000000000e+00,1.189402699470520020e+00,6.868193149566650391e-01,6.451223492622375488e-01,6.098375320434570312e-01,6.171649098396301270e-01,7.031022310256958008e-01
8.040000000000983249e+00,1.867853517732996238e+00,4.798605939877770288e-02,-2.842608333238986207e-01,9.600526988824498176e-01,1.732210258058533847e-01,8.645877996359558823e-03,1.000000000000000000e+00,1.193434238433837891e+00,6.892135143280029297e-01,6.591231822967529297e-01,6.108552217483520508e-01,6.120218634605407715e-01,6.932955384254455566e-01
8.060000000000972165e+00,1.871190725903169039e+00,4.531947725012158701e-02,-3.262503465447693096e-01,9.626656474934282004e-01,1.727870224730387316e-01,1.833112289865978031e-03,1.000000000000000000e+00,1.198768973350524902e+00,6.899788975715637207e-01,6.742910742759704590e-01,6.122696995735168457e-01,6.066243052482604980e-01,6.810646057128906250e-01
8.080000000000961080e+00,1.874477127229776219e+00,4.190207654779104507e-02,-3.609179687659889724e-01,9.653722444328385333e-01,1.722935393783134594e-01,-5.026308898757876446e-03,1.000000000000000000e+00,1.200000047683715820e+00,6.888654232025146484e-01,6.888270378112792969e-01,6.141452789306640625e-01,6.016322970390319824e-01,6.679180860519409180e-01
8.100000000000949996e+00,1.877714347363920400e+00,3.781434442392922479e-02,-3.873039937244576181e-01,9.677839492293494050e-01,1.717549099448635874e-01,-1.175319253889518280e-02,1.000000000000000000e+00,1.200000047683715820e+00,6.859523653984069824e-01,7.011659741401672363e-01,6.164092421531677246e-01,5.974454879760742188e-01,6.554006338119506836e-01
8.120000000000938911e+00,1.880904941915880091e+00,3.315534430053918014e-02,-4.046786811095142711e-01,9.695597049963550207e-01,1.712155153575226352e-01,-1.815755728717311293e-02,1.000000000000000000e+00,1.200000047683715820e+00,6.816123127937316895e-01,7.106552720069885254e-01,6.189193725585937500e-01,5.941243171691894531e-01,6.443413496017456055e-01
8.140000000000927827e+00,1.884074400794343962e+00,2.805485223984321985e-02,-4.125391855185664425e-01,9.706328444993562732e-01,1.707145521357785745e-01,-2.405743289943412105e-02,1.000000000000000000e+00,1.200000047683715820e+00,6.763933897018432617e-01,7.174361348152160645e-01,6.215347051620483398e-01,5.915733575820922852e-01,6.349070668220520020e-01
8.160000000000916742e+00,1.887244058454368378e+00,2.264844555142880855e-02,-4.106363080356422168e-01,9.710988612318663948e-01,1.703017109456139155e-01,-2.929839878238869877e-02,1.000000000000000000e+00,1.200000047683715820e+00,6.707955598831176758e-01,7.219909429550170898e-01,6.241639852523803711e-01,5.896584391593933105e-01,6.268965601921081543e-01
8.180000000000905658e+00,1.890439805904498005e+00,1.706939541319463238e-02,-3.989949527489750625e-01,9.711992439704003610e-01,1.700260849937093310e-01,-3.375743524065999424e-02,1.000000000000000000e+00,1.200000047683715820e+00,6.651434898376464844e-01,7.247874140739440918e-01,6.267145276069641113e-01,5.883142948150634766e-01,6.199911832809448242e-01
8.200000000000894573e+00,1.893690862335380309e+00,1.144316103233733450e-02,-3.779143945885861111e-01,9.711926595883819679e-01,1.699187202688056120e-01,-3.734074474451633263e-02,1.000000000000000000e+00,1.200000047683715820e+00,6.595340967178344727e-01,7.261154055595397949e-01,6.290273666381835938e-01,5.876023173332214355e-01,6.138588786125183105e-01
8.220000000000883489e+00,1.897018154501775022e+00,5.888960145858712636e-03,-3.479326366352765154e-01,9.711992375096767383e-01,1.699738037874401198e-01,-3.998832653027962342e-02,1.000000000000000000e+00,1.200000047683715820e+00,6.538290381431579590e-01,7.260082960128784180e-01,6.308780908584594727e-01,5.877254605293273926e-01,6.081997752189636230e-01
8.240000000000872404e+00,1.900430330154154301e+00,5.134095827183937644e-04,-3.097767625097566091e-01,9.711713723165421586e-01,1.701605156812089070e-01,-4.167803755248896541e-02,1.000000000000000000e+00,1.200000047683715820e+00,6.476940512657165527e-01,7.242307662963867188e-01,6.320472359657287598e-01,5.890108346939086914e-01,6.027753949165344238e-01
8.260000000000861320e+00,1.903938050404283988e+00,-4.586178906975046932e-03,-2.643635705646512069e-01,9.709168411643244179e-01,1.705048554639075065e-01,-4.239069124559338014e-02,1.000000000000000000e+00,1.200000047683715820e+00,6.406423449516296387e-01,7.203648686408996582e-01,6.324470639228820801e-01,5.918292403221130371e-01,5.973879098892211914e-01
8.280000000000850235e+00,1.907556157628633287e+00,-9.317434968475146739e-03,-2.127824616339530905e-01,9.700702282734796622e-01,1.710086472920259448e-01,-4.214074659271473816e-02,1.000000000000000000e+00,1.200000047683715820e+00,6.322123408317565918e-01,7.140401005744934082e-01,6.322136521339416504e-01,5.964207053184509277e-01,5.919476747512817383e-01
8.300000000000839151e+00,1.911287391005779046e+00,-1.359691673507174015e-02,-1.563057071042265600e-01,9.682697853330172189e-01,1.716251352361555516e-01,-4.098532947200730914e-02,1.000000000000000000e+00,1.200000047683715820e+00,6.223952770233154297e-01,7.052507996559143066e-01,6.316658854484558105e-01,6.026292443275451660e-01,5.867856144905090332e-01
8.320000000000828067e+00,1.915086563379473805e+00,-1.733554559410482865e-02,-9.630027991689291134e-02,9.654703158800994611e-01,1.722741032425983698e-01,-3.895640976965931285e-02,1.000000000000000000e+00,1.200000047683715820e+00,6.119589209556579590e-01,6.945349574089050293e-01,6.311708092689514160e-01,6.097323298454284668e-01,5.828311443328857422e-01
8.340000000000816982e+00,1.918901065530741690e+00,-2.042746195524308694e-02,-3.409172341360895697e-02,9.620028248049228292e-01,1.728837054813037732e-01,-3.608695989395787479e-02,1.000000000000000000e+00,1.200000047683715820e+00,6.017770171165466309e-01,6.825850009918212891e-01,6.309685707092285156e-01,6.169252991676330566e-01,5.808621644973754883e-01
8.360000000000805898e+00,1.922694263113090329e+00,-2.278028579595181569e-02,2.897688482118119732e-02,9.584775738046251714e-01,1.733946493729071059e-01,-3.241674244393565746e-02,1.000000000000000000e+00,1.200000047683715820e+00,5.924578309059143066e-01,6.701422929763793945e-01,6.311019659042358398e-01,6.235939860343933105e-01,5.809908509254455566e-01
8.380000000000794813e+00,1.926441682348228657e+00,-2.431850555751685627e-02,9.156966603756140632e-02,9.555282673815065353e-01,1.737704441715871850e-01,-2.799768331023447937e-02,1.000000000000000000e+00,1.200000047683715820e+00,5.844813585281372070e-01,6.579706072807312012e-01,6.314832568168640137e-01,6.292720437049865723e-01,5.829777121543884277e-01
8.400000000000783729e+00,1.930124746831809457e+00,-2.498573813708471203e-02,1.523607179967229608e-01,9.537236293989355129e-01,1.739834403126190310e-01,-2.288623135543164239e-02,1.000000000000000000e+00,1.200000047683715820e+00,5.781469941139221191e-01,6.465258002281188965e-01,6.319435834884643555e-01,6.337739229202270508e-01,5.865553021430969238e-01
8.420000000000772644e+00,1.933718940288478905e+00,-2.474687237845896171e-02,2.100395845578520160e-01,9.536151483489976322e-01,1.739958943647957057e-01,-1.715635429909383516e-02,1.000000000000000000e+00,1.200000047683715820e+00,5.735899209976196289e-01,6.359714865684509277e-01,6.322892904281616211e-01,6.372267007827758789e-01,5.914755463600158691e-01
8.440000000000761560e+00,1.937203295331092701e+00,-2.359498171688861889e-02,2.633601690669627460e-01,9.554587848635330838e-01,1.737788597993348561e-01,-1.090740637245125530e-02,1.000000000000000000e+00,1.200000047683715820e+00,5.708916187286376953e-01,6.264562010765075684e-01,6.323928833007812500e-01,6.398987174034118652e-01,5.974591970443725586e-01
8.460000000000750475e+00,1.940575525507409971e+00,-2.155254492344699235e-02,3.111361001456378617e-01,9.588368160627250836e-01,1.733460752386794534e-01,-4.257070361430512206e-03,1.000000000000000000e+00,1.200000047683715820e+00,5.700062513351440430e-01,6.180524230003356934e-01,6.322078704833984375e-01,6.419935822486877441e-01,6.042497158050537109e-01
8.480000000000739391e+00,1.943855702319962298e+00,-1.867742136913036477e-02,3.522618438646947236e-01,9.626244423252817706e-01,1.727841130386849888e-01,2.619773195607637013e-03,1.000000000000000000e+00,1.200000047683715820e+00,5.707366466522216797e-01,6.106789112091064453e-01,6.316885948181152344e-01,6.435632109642028809e-01,6.116630434989929199e-01
8.500000000000728306e+00,1.947080388224148084e+00,-1.505880333000025884e-02,3.857212272743825165e-01,9.660060084640520461e-01,1.721648959512571964e-01,9.526108462620650266e-03,1.000000000000000000e+00,1.200000047683715820e+00,5.728686451911926270e-01,6.043258309364318848e-01,6.307258605957031250e-01,6.445642709732055664e-01,6.194422245025634766e-01
8.520000000000717222e+00,1.950241669494407581e+00,-1.078720030372365413e-02,4.106705556523085332e-01,9.686771848561901432e-01,1.715077806617290035e-01,1.627719141033948450e-02,1.000000000000000000e+00,1.200000047683715820e+00,5.762263536453247070e-01,5.990548729896545410e-01,6.291516423225402832e-01,6.449963450431823730e-01,6.273262500762939453e-01
8.540000000000706137e+00,1.953349358961069981e+00,-5.972650789233424629e-03,4.265088396075192301e-01,9.703770781795578726e-01,1.708607755490434976e-01,2.267691102315859061e-02,1.000000000000000000e+00,1.200000047683715820e+00,5.806095600128173828e-01,5.947768092155456543e-01,6.268177032470703125e-01,6.450316905975341797e-01,6.352424025535583496e-01
8.560000000000695053e+00,1.956427635990964475e+00,-7.469843379256935201e-04,4.328305034343413182e-01,9.711230214765443902e-01,1.702632172825039314e-01,2.853944708456199186e-02,1.000000000000000000e+00,1.200000047683715820e+00,5.858151316642761230e-01,5.912904739379882812e-01,6.236861348152160645e-01,6.448965072631835938e-01,6.432399749755859375e-01
8.580000000000683968e+00,1.959499342407020173e+00,4.758184640359319761e-03,4.294388483022791858e-01,9.711402111072675591e-01,1.697680266995029441e-01,3.370412812227543270e-02,1.000000000000000000e+00,1.200000047683715820e+00,5.916780233383178711e-01,5.884901285171508789e-01,6.199594140052795410e-01,6.447121500968933105e-01,6.513718366622924805e-01
8.600000000000672884e+00,1.962594311132899172e+00,1.041435093688747315e-02,4.163788064297931912e-01,9.708339942427380853e-01,1.694260091652776967e-01,3.804553473603120711e-02,1.000000000000000000e+00,1.200000047683715820e+00,5.980197787284851074e-01,5.864588022232055664e-01,6.160505414009094238e-01,6.444446444511413574e-01,6.595585942268371582e-01
8.620000000000661800e+00,1.965745745885659090e+00,1.610021010339873770e-02,3.939539532394958909e-01,9.706008332397246807e-01,1.692655534742609769e-01,4.147335972185119818e-02,1.000000000000000000e+00,1.200000047683715820e+00,6.046813130378723145e-01,5.853543281555175781e-01,6.123471856117248535e-01,6.440110206604003906e-01,6.676329970359802246e-01
8.640000000000650715e+00,1.968975899160376741e+00,2.169934129594608407e-02,3.627044199549391834e-01,9.706170955285354784e-01,1.692755919770656536e-01,4.394385520203510087e-02,1.000000000000000000e+00,1.200000047683715820e+00,6.116272211074829102e-01,5.853540301322937012e-01,6.091047525405883789e-01,6.433248519897460938e-01,6.754294037818908691e-01
8.660000000000639631e+00,1.972295942510938538e+00,2.710756428142424568e-02,3.233712418968063274e-01,9.708387139299957669e-01,1.694297226862429562e-01,4.545064895853912629e-02,1.000000000000000000e+00,1.200000047683715820e+00,6.189928054809570312e-01,5.866374969482421875e-01,6.065001487731933594e-01,6.422577500343322754e-01,6.828485131263732910e-01
8.680000000000628546e+00,1.975719212922910195e+00,3.222845513069194645e-02,2.768984420021029513e-01,9.711375461051741098e-01,1.697629129682238502e-01,4.599031038270192523e-02,1.000000000000000000e+00,1.200000047683715820e+00,6.269613504409790039e-01,5.892489552497863770e-01,6.046417355537414551e-01,6.406840682029724121e-01,6.898522973060607910e-01
8.700000000000617462e+00,1.979262395293877486e+00,3.697039013980812916e-02,2.244077879169850409e-01,9.711187765093037827e-01,1.702703777182984490e-01,4.559090554059187089e-02,1.000000000000000000e+00,1.200000047683715820e+00,6.355417370796203613e-01,5.929723381996154785e-01,6.035571694374084473e-01,6.385979056358337402e-01,6.963553428649902344e-01
8.720000000000606377e+00,1.982923027031600949e+00,4.125091143429676643e-02,1.672096881571340510e-01,9.703005528948013270e-01,1.708999259221825606e-01,4.430652966965930445e-02,1.000000000000000000e+00,1.200000047683715820e+00,6.444193720817565918e-01,5.974214673042297363e-01,6.032166481018066406e-01,6.361534595489501953e-01,7.021349072456359863e-01
8.740000000000595293e+00,1.986652529101216924e+00,4.497489846407093372e-02,1.066705341090245646e-01,9.684576934915639645e-01,1.715720897453497651e-01,4.215920797249095991e-02,1.000000000000000000e+00,1.200000047683715820e+00,6.529884934425354004e-01,6.022267341613769531e-01,6.035342812538146973e-01,6.335985660552978516e-01,7.068829536437988281e-01
8.760000000000584208e+00,1.990402892625049436e+00,4.803585571639312768e-02,4.412495346346660685e-02,9.657580757526446069e-01,1.722161017376506176e-01,3.917687581925197171e-02,1.000000000000000000e+00,1.200000047683715820e+00,6.607791185379028320e-01,6.072633266448974609e-01,6.043623685836791992e-01,6.310999989509582520e-01,7.103997468948364258e-01
8.780000000000573124e+00,1.994141998027135543e+00,5.034201207101435260e-02,-1.906212366358543339e-02,9.628558526937063267e-01,1.727728290703457181e-01,3.539490291154762103e-02,1.000000000000000000e+00,1.196613311767578125e+00,6.675907969474792480e-01,6.126963496208190918e-01,6.054922342300415039e-01,6.286584734916687012e-01,7.125011086463928223e-01
8.800000000000562039e+00,1.997849070248807202e+00,5.181786636853724648e-02,-8.149289720102190215e-02,9.601672340305632547e-01,1.732076382662159075e-01,3.086316167816301886e-02,1.000000000000000000e+00,1.193015217781066895e+00,6.734660267829895020e-01,6.189653277397155762e-01,6.066762804985046387e-01,6.261050105094909668e-01,7.128918766975402832e-01
8.820000000000550955e+00,2.001506911124737442e+00,5.241009098723176107e-02,-1.417806321099067124e-01,9.581833170720966963e-01,1.734890453120553344e-01,2.564195046887805460e-02,1.000000000000000000e+00,1.191253662109375000e+00,6.785127520561218262e-01,6.266867518424987793e-01,6.077308654785156250e-01,6.231641769409179688e-01,7.111341953277587891e-01
8.840000000000539870e+00,2.005090865725100979e+00,5.209226056068566590e-02,-1.986296634865326038e-01,9.574794424740366017e-01,1.735777569313481927e-01,1.981573591155179337e-02,1.000000000000000000e+00,1.191608428955078125e+00,6.827737689018249512e-01,6.365180015563964844e-01,6.086347699165344238e-01,6.195270419120788574e-01,7.067150473594665527e-01
8.860000000000528786e+00,2.008581791901806302e+00,5.086882156235489338e-02,-2.508810691969159401e-01,9.583816923510335428e-01,1.734451140491057031e-01,1.349372849678626661e-02,1.000000000000000000e+00,1.194096207618713379e+00,6.861099600791931152e-01,6.488615870475769043e-01,6.095473766326904297e-01,6.150038838386535645e-01,6.992034912109375000e-01
8.880000000000517701e+00,2.011978809536354884e+00,4.877072242947844138e-02,-2.974655114932653333e-01,9.605670798560400625e-01,1.731133049531402013e-01,6.799501038607800446e-03,1.000000000000000000e+00,1.198354601860046387e+00,6.881422400474548340e-01,6.633430123329162598e-01,6.107193827629089355e-01,6.097962260246276855e-01,6.886491775512695312e-01
8.900000000000506617e+00,2.015301652021805001e+00,4.585973226958711679e-02,-3.373614549417902619e-01,9.633120159925132597e-01,1.726697065105352036e-01,-8.517987306878638037e-05,1.000000000000000000e+00,1.200000047683715820e+00,6.884565949440002441e-01,6.785557866096496582e-01,6.123287677764892578e-01,6.045075654983520508e-01,6.760393381118774414e-01
8.920000000000495533e+00,2.018582470381290683e+00,4.222056227222276137e-02,-3.695614465953458994e-01,9.659801192985189022e-01,1.721702987551685382e-01,-6.970844349294386295e-03,1.000000000000000000e+00,1.200000047683715820e+00,6.868733167648315430e-01,6.925770640373229980e-01,6.143838763236999512e-01,5.997654795646667480e-01,6.630568504333496094e-01
8.940000000000484448e+00,2.021810068901241042e+00,3.793898302101311737e-02,-3.932002765205224737e-01,9.682302484400451270e-01,1.716360785494282781e-01,-1.367209842521913306e-02,1.000000000000000000e+00,1.200000047683715820e+00,6.835780739784240723e-01,7.040628194808959961e-01,6.167697906494140625e-01,5.958747267723083496e-01,6.510730981826782227e-01
8.960000000000473364e+00,2.024998845585170848e+00,3.312657360384591021e-02,-4.076446561806920110e-01,9.698272020180903619e-01,1.711119204194074261e-01,-1.999131349633807495e-02,1.000000000000000000e+00,1.200000047683715820e+00,6.790544986724853516e-01,7.126700282096862793e-01,6.193248629570007324e-01,5.928320884704589844e-01,6.406788229942321777e-01
8.980000000000462279e+00,2.028171819711511059e+00,2.791728289696215892e-02,-4.124860499109215262e-01,9.707510525742955032e-01,1.706357227457746262e-01,-2.574948406800641257e-02,1.000000000000000000e+00,1.200000047683715820e+00,6.738526225090026855e-01,7.187236547470092773e-01,6.219289302825927734e-01,5.905197858810424805e-01,6.318669319152832031e-01
9.000000000000451195e+00,2.031350669133181963e+00,2.244494236626476402e-02,-4.075624736791402247e-01,9.711255049434101005e-01,1.702589363789349663e-01,-3.079766515862680798e-02,1.000000000000000000e+00,1.200000047683715820e+00,6.683914065361022949e-01,7.227277159690856934e-01,6.245089769363403320e-01,5.888198018074035645e-01,6.243630647659301758e-01
9.020000000000440110e+00,2.034562714393787886e+00,1.683987126702374271e-02,-3.929812726801263367e-01,9.711991431752173831e-01,1.700277694550655361e-01,-3.502235070848801202e-02,1.000000000000000000e+00,1.200000047683715820e+00,6.628989577293395996e-01,7.250943183898925781e-01,6.269627213478088379e-01,5.877010226249694824e-01,6.178348064422607422e-01
9.040000000000429026e+00,2.037836977915196801e+00,1.122471164061877857e-02,-3.691138217900506446e-01,9.711985806288688794e-01,1.699642587783569414e-01,-3.833836205512158868e-02,1.000000000000000000e+00,1.200000047683715820e+00,6.573848128318786621e-01,7.260391116142272949e-01,6.291167140007019043e-01,5.872528553009033203e-01,6.119520068168640137e-01
9.060000000000417941e+00,2.041189826874165281e+00,5.715700297913406391e-03,-3.365547194548367815e-01,9.711967019710497917e-01,1.700544814734551713e-01,-4.070279522475891976e-02,1.000000000000000000e+00,1.200000047683715820e+00,6.516491174697875977e-01,7.255162000656127930e-01,6.307495832443237305e-01,5.876992344856262207e-01,6.064337491989135742e-01
9.080000000000406857e+00,2.044629854688519988e+00,4.157967965961462120e-04,-2.960870302184441805e-01,9.711155529307817780e-01,1.702756910799525514e-01,-4.209942172938334337e-02,1.000000000000000000e+00,1.200000047683715820e+00,6.453198194503784180e-01,7.232133746147155762e-01,6.316733360290527344e-01,5.893845558166503906e-01,6.010732650756835938e-01
9.100000000000395772e+00,2.048169084727327505e+00,-4.579176621494651656e-03,-2.486840266001208999e-01,9.707160083059572786e-01,1.706600742157098061e-01,-4.251813084732296993e-02,1.000000000000000000e+00,1.200000047683715820e+00,6.379244923591613770e-01,7.186833620071411133e-01,6.318588852882385254e-01,5.926659703254699707e-01,5.957286953926086426e-01
9.120000000000384688e+00,2.051822504503587385e+00,-9.178436888820862283e-03,-1.954880073570387233e-01,9.696125898047180947e-01,1.711957442532634488e-01,-4.198924918135620715e-02,1.000000000000000000e+00,1.200000047683715820e+00,6.291198730468750000e-01,7.116295099258422852e-01,6.315034627914428711e-01,5.976969599723815918e-01,5.904248356819152832e-01
9.140000000000373603e+00,2.055579508870799099e+00,-1.330128996635349115e-02,-1.378276521221403761e-01,9.675197347989032970e-01,1.718216335072689227e-01,-4.056761842207730340e-02,1.000000000000000000e+00,1.200000047683715820e+00,6.191285252571105957e-01,7.022082209587097168e-01,6.309534311294555664e-01,6.041576862335205078e-01,5.856809020042419434e-01
9.160000000000362519e+00,2.059386817516245305e+00,-1.685057341728207758e-02,-7.705398601119270441e-02,9.645056851214408589e-01,1.724586866570737009e-01,-3.828012150516674900e-02,1.000000000000000000e+00,1.200000047683715820e+00,6.088108420372009277e-01,6.910576224327087402e-01,6.305485963821411133e-01,6.112549901008605957e-01,5.824410915374755859e-01
9.180000000000351434e+00,2.063196629809096905e+00,-1.972331716527347956e-02,-1.449701027066009618e-02,9.609875244467074307e-01,1.730394872253633587e-01,-3.516149708272633956e-02,1.000000000000000000e+00,1.200000047683715820e+00,5.989251136779785156e-01,6.788832545280456543e-01,6.304656267166137695e-01,6.182625293731689453e-01,5.812477469444274902e-01
9.200000000000340350e+00,2.066976668071464740e+00,-2.183236099674490394e-02,4.850115817359995640e-02,9.576086134871486522e-01,1.735094352012816199e-01,-3.125469361979253680e-02,1.000000000000000000e+00,1.200000047683715820e+00,5.900464653968811035e-01,6.664887666702270508e-01,6.307016611099243164e-01,6.246008276939392090e-01,5.820487737655639648e-01
9.220000000000329266e+00,2.070705325272253816e+00,-2.310799354571990705e-02,1.106111717346779516e-01,9.549632206171820847e-01,1.738383637537225801e-01,-2.661400676140529900e-02,1.000000000000000000e+00,1.200000047683715820e+00,5.826179385185241699e-01,6.545776724815368652e-01,6.311409473419189453e-01,6.298725605010986328e-01,5.845752358436584473e-01
9.240000000000318181e+00,2.074363193821481488e+00,-2.349997501264378119e-02,1.705090359981554504e-01,9.536282853542799032e-01,1.739943881781481905e-01,-2.129980962550764162e-02,1.000000000000000000e+00,1.200000047683715820e+00,5.768660306930541992e-01,6.434701681137084961e-01,6.315956711769104004e-01,6.340071558952331543e-01,5.885668396949768066e-01
9.260000000000307097e+00,2.077924713078292740e+00,-2.298120518858265404e-02,2.269040372360180136e-01,9.540935132904355687e-01,1.739406907635674682e-01,-1.539395357934092955e-02,1.000000000000000000e+00,1.200000047683715820e+00,5.729113817214965820e-01,6.333060264587402344e-01,6.318774223327636719e-01,6.371905803680419922e-01,5.937719345092773438e-01
9.280000000000296012e+00,2.081373581501616776e+00,-2.155382516538217885e-02,2.785693668926675914e-01,9.564682075452201060e-01,1.736547564427217694e-01,-9.003025784957175218e-03,1.000000000000000000e+00,1.200000047683715820e+00,5.708153843879699707e-01,6.242312192916870117e-01,6.318840384483337402e-01,6.396791338920593262e-01,5.999184250831604004e-01
9.300000000000284928e+00,2.084714423438037034e+00,-1.924970308669843311e-02,3.243432503822050728e-01,9.600725832426832973e-01,1.731734540536776779e-01,-2.254259509448535651e-03,1.000000000000000000e+00,1.200000047683715820e+00,5.704717040061950684e-01,6.162559986114501953e-01,6.315792202949523926e-01,6.416260600090026855e-01,6.067854762077331543e-01
9.320000000000273843e+00,2.087974248397646893e+00,-1.613895860303227181e-02,3.631504073770787100e-01,9.637477110470947794e-01,1.725946437892313390e-01,4.660204303253840698e-03,1.000000000000000000e+00,1.200000047683715820e+00,5.716469287872314453e-01,6.092843413352966309e-01,6.309069991111755371e-01,6.430509090423583984e-01,6.141853928565979004e-01
9.340000000000262759e+00,2.091181417018178834e+00,-1.231267974190941583e-02,3.940074259798324041e-01,9.669423054753426561e-01,1.719596188110400770e-01,1.155082207969338436e-02,1.000000000000000000e+00,1.200000047683715820e+00,5.741260051727294922e-01,6.033323407173156738e-01,6.297476291656494141e-01,6.439159512519836426e-01,6.218515634536743164e-01
9.360000000000251674e+00,2.094323211642882487e+00,-7.864211730551684543e-03,4.161572214597240582e-01,9.693226323739382311e-01,1.713004687156699235e-01,1.822920508730805494e-02,1.000000000000000000e+00,1.200000047683715820e+00,5.777438282966613770e-01,5.984212756156921387e-01,6.279393434524536133e-01,6.442627906799316406e-01,6.296069622039794922e-01
9.380000000000240590e+00,2.097419285362322583e+00,-2.912070342413031199e-03,4.290590844101820345e-01,9.707117636019244600e-01,1.706629630923715557e-01,2.449829523710196286e-02,1.000000000000000000e+00,1.200000047683715820e+00,5.823063254356384277e-01,5.944362282752990723e-01,6.253650784492492676e-01,6.442744731903076172e-01,6.374176740646362305e-01
9.400000000000229505e+00,2.100492110130772083e+00,2.410486830546954007e-03,4.323705892263233208e-01,9.711912797951196552e-01,1.700885901722052063e-01,3.017960898529901612e-02,1.000000000000000000e+00,1.200000047683715820e+00,5.876379013061523438e-01,5.912135839462280273e-01,6.220589876174926758e-01,6.441339850425720215e-01,6.453281044960021973e-01
9.420000000000218421e+00,2.103566512606421579e+00,7.972655252882154819e-03,4.259664129691103085e-01,9.710498234035388476e-01,1.696323465127518582e-01,3.512147910290317615e-02,1.000000000000000000e+00,1.200000047683715820e+00,5.935749411582946777e-01,5.887101292610168457e-01,6.183041334152221680e-01,6.439030766487121582e-01,6.533480882644653320e-01
9.440000000000207336e+00,2.106673954009091077e+00,1.364800466548216074e-02,4.099715432213845712e-01,9.707175240778280756e-01,1.693409604594430795e-01,3.920955628694648698e-02,1.000000000000000000e+00,1.200000047683715820e+00,5.999374985694885254e-01,5.870140790939331055e-01,6.145119667053222656e-01,6.435355544090270996e-01,6.613808274269104004e-01
9.460000000000196252e+00,2.109846260413784425e+00,1.931677993696256923e-02,3.847666012488611953e-01,9.705436232296275056e-01,1.692312783000837206e-01,4.236326262813282922e-02,1.000000000000000000e+00,1.200000047683715820e+00,6.066031455993652344e-01,5.862560272216796875e-01,6.109994053840637207e-01,6.429722309112548828e-01,6.692823171615600586e-01
9.480000000000185167e+00,2.113100595202926701e+00,2.486561222064037624e-02,3.509544314924871178e-01,9.706286140814895935e-01,1.692827871309799115e-01,4.455496797135889697e-02,1.000000000000000000e+00,1.200000047683715820e+00,6.135841012001037598e-01,5.866099596023559570e-01,6.079744696617126465e-01,6.421322226524353027e-01,6.769024729728698730e-01
9.500000000000174083e+00,2.116448144126964248e+00,3.019343481276987040e-02,3.093384888521239495e-01,9.709062799153207468e-01,1.694858143273247075e-01,4.577896266025624494e-02,1.000000000000000000e+00,1.200000047683715820e+00,6.210252642631530762e-01,5.882408618927001953e-01,6.055901646614074707e-01,6.408823728561401367e-01,6.841357350349426270e-01
9.520000000000162999e+00,2.119903388447311521e+00,3.520531827233186473e-02,2.609194429851592334e-01,9.711814956417179623e-01,1.698709493256865821e-01,4.603834008541397155e-02,1.000000000000000000e+00,1.200000047683715820e+00,6.290430426597595215e-01,5.911301374435424805e-01,6.039312481880187988e-01,6.391260027885437012e-01,6.908966898918151855e-01
9.540000000000151914e+00,2.123482042331258590e+00,3.981165412561488148e-02,2.068721247413057018e-01,9.710031011089091946e-01,1.704209827198355509e-01,4.537301170573358050e-02,1.000000000000000000e+00,1.200000047683715820e+00,6.375420689582824707e-01,5.950024724006652832e-01,6.030077934265136719e-01,6.369121670722961426e-01,6.970396637916564941e-01
9.560000000000140830e+00,2.127166562106743708e+00,4.393088463361882745e-02,1.485519501352152993e-01,9.699289392647471031e-01,1.710698982644616728e-01,4.382843066758337902e-02,1.000000000000000000e+00,1.200000047683715820e+00,6.461230516433715820e-01,5.994670391082763672e-01,6.027865409851074219e-01,6.344319581985473633e-01,7.023243904113769531e-01
9.580000000000129745e+00,2.130903739991734991e+00,4.746024171317131390e-02,8.730565041942454918e-02,9.678424642196931105e-01,1.717397891989479453e-01,4.142587689812685797e-02,1.000000000000000000e+00,1.200000047683715820e+00,6.542336940765380859e-01,6.042224168777465820e-01,6.031820178031921387e-01,6.319094896316528320e-01,7.065196037292480469e-01
9.600000000000118661e+00,2.134650678808849289e+00,5.029730595221215683e-02,2.447418005214575115e-02,9.650126617224976666e-01,1.723634515569678893e-01,3.819615943704859906e-02,1.000000000000000000e+00,1.200000047683715820e+00,6.615263223648071289e-01,6.092395186424255371e-01,6.040530800819396973e-01,6.294522881507873535e-01,7.094925642013549805e-01
9.620000000000107576e+00,2.138379167377123302e+00,5.235607505438116815e-02,-3.859005700936749689e-02,9.620047755548256641e-01,1.728872414808969304e-01,3.418068942828986212e-02,1.000000000000000000e+00,1.199491262435913086e+00,6.679077744483947754e-01,6.147689819335937500e-01,6.051916480064392090e-01,6.270136833190917969e-01,7.110603451728820801e-01
9.640000000000096492e+00,2.142070600299759597e+00,5.356818068484670015e-02,-1.005318733574644824e-01,9.594809381261444337e-01,1.732815850820234871e-01,2.943162075703467662e-02,1.000000000000000000e+00,1.196349143981933594e+00,6.734747290611267090e-01,6.213036775588989258e-01,6.063618063926696777e-01,6.244096159934997559e-01,7.109005451202392578e-01
9.660000000000085407e+00,2.145705936695334604e+00,5.388532774424603655e-02,-1.599784313619376508e-01,9.578350341281913760e-01,1.735111469103844950e-01,2.401180504269581281e-02,1.000000000000000000e+00,1.194998025894165039e+00,6.783105731010437012e-01,6.294872760772705078e-01,6.074089407920837402e-01,6.213550567626953125e-01,7.085164785385131836e-01
9.680000000000074323e+00,2.149260501574509874e+00,5.328660370613091946e-02,-2.156338808230177928e-01,9.575841800738661425e-01,1.735389435075209985e-01,1.801045525992326160e-02,1.000000000000000000e+00,1.195752978324890137e+00,6.823740601539611816e-01,6.399585008621215820e-01,6.083478331565856934e-01,6.175430417060852051e-01,7.033334970474243164e-01
9.700000000000063238e+00,2.152720510454881442e+00,5.178250249898092017e-02,-2.663183550228122587e-01,9.589132373825306477e-01,1.733448984381648905e-01,1.154083038775724317e-02,1.000000000000000000e+00,1.198587059974670410e+00,6.854264736175537109e-01,6.529704332351684570e-01,6.093697547912597656e-01,6.128572225570678711e-01,6.949676871299743652e-01
9.720000000000052154e+00,2.156092351878574398e+00,4.941230773858840131e-02,-3.109434551355200194e-01,9.614131525940002865e-01,1.729751551287518063e-01,4.739826601778064814e-03,1.000000000000000000e+00,1.200000047683715820e+00,6.870408058166503906e-01,6.678526401519775391e-01,6.107228994369506836e-01,6.076208353042602539e-01,6.837136149406433105e-01
9.740000000000041069e+00,2.159403897080118373e+00,4.625103770818084215e-02,-3.484782545305327162e-01,9.641472167445122032e-01,1.725238848078672338e-01,-2.194795151865447554e-03,1.000000000000000000e+00,1.200000047683715820e+00,6.868326663970947266e-01,6.828996539115905762e-01,6.125345230102539062e-01,6.024894714355468750e-01,6.708857417106628418e-01
9.760000000000029985e+00,2.162674166505671902e+00,4.238743166998748535e-02,-3.779503509663942884e-01,9.666903025897517487e-01,1.720169053260052205e-01,-9.077619586340927513e-03,1.000000000000000000e+00,1.200000047683715820e+00,6.847438812255859375e-01,6.962050199508666992e-01,6.147540807723999023e-01,5.980282425880432129e-01,6.582274436950683594e-01
9.780000000000018900e+00,2.165891860157242110e+00,3.791558020638657878e-02,-3.986124324135676411e-01,9.687386387202023830e-01,1.714892803189120296e-01,-1.571634319696760262e-02,1.000000000000000000e+00,1.200000047683715820e+00,6.811078190803527832e-01,7.067541480064392090e-01,6.172294616699218750e-01,5.944355726242065430e-01,6.468684673309326172e-01
9.800000000000007816e+00,2.169078468818654404e+00,3.295799448307124013e-02,-4.099297514377597262e-01,9.701307477043726868e-01,1.709812450857528809e-01,-2.191194610755223260e-02,1.000000000000000000e+00,1.200000047683715820e+00,6.764739751815795898e-01,7.144910693168640137e-01,6.197996735572814941e-01,5.916644930839538574e-01,6.371600627899169922e-01
9.819999999999996732e+00,2.172254153471874005e+00,2.764913095331428261e-02,-4.115859459272291909e-01,9.708838652862813445e-01,1.705334474907132247e-01,-2.749057607754585089e-02,1.000000000000000000e+00,1.200000047683715820e+00,6.713374257087707520e-01,7.198530435562133789e-01,6.223731637001037598e-01,5.895872116088867188e-01,6.289513111114501953e-01
9.839999999999985647e+00,2.175442292722848059e+00,2.212116852011852819e-02,-4.035050758364650547e-01,9.711565426768947740e-01,1.701977686543964252e-01,-3.231072772377642510e-02,1.000000000000000000e+00,1.200000047683715820e+00,6.660172343254089355e-01,7.233247160911560059e-01,6.248852610588073730e-01,5.881101489067077637e-01,6.219189763069152832e-01
9.859999999999974563e+00,2.178671919142453728e+00,1.650103127447866136e-02,-3.858752328416957256e-01,9.711997136842762668e-01,1.700160525446031690e-01,-3.626822733442878338e-02,1.000000000000000000e+00,1.200000047683715820e+00,6.606493592262268066e-01,7.252540588378906250e-01,6.272187232971191406e-01,5.872346162796020508e-01,6.157249808311462402e-01
9.879999999999963478e+00,2.181970206117484157e+00,1.090926431959876597e-02,-3.591379738989011750e-01,9.711999971998822589e-01,1.699984125158457704e-01,-3.928873359974469764e-02,1.000000000000000000e+00,1.200000047683715820e+00,6.551674008369445801e-01,7.257807850837707520e-01,6.291896700859069824e-01,5.870764255523681641e-01,6.100480556488037109e-01
9.899999999999952394e+00,2.185349379334358577e+00,5.457897106630471562e-03,-3.239440226501787978e-01,9.711836464460291696e-01,1.701213190789713503e-01,-4.134633404728632611e-02,1.000000000000000000e+00,1.200000047683715820e+00,6.493231654167175293e-01,7.247758507728576660e-01,6.305871605873107910e-01,5.878842473030090332e-01,6.046378612518310547e-01
9.919999999999941309e+00,2.188818869457017424e+00,2.470457905428546930e-04,-2.811383604717330731e-01,9.710357054218583528e-01,1.703845481353183922e-01,-4.242858950815343172e-02,1.000000000000000000e+00,1.200000047683715820e+00,6.427257657051086426e-01,7.218580842018127441e-01,6.312632560729980469e-01,5.900155305862426758e-01,5.993328690528869629e-01
9.939999999999930225e+00,2.192392005987132908e+00,-4.628848873346524950e-03,-2.317524366969577476e-01,9.704685566046333811e-01,1.708115047304491763e-01,-4.253811883595300797e-02,1.000000000000000000e+00,1.200000047683715820e+00,6.349487304687500000e-01,7.165871858596801758e-01,6.312553286552429199e-01,5.937889814376831055e-01,5.940625667572021484e-01
9.959999999999919140e+00,2.196081111000137476e+00,-9.081663664275818615e-03,-1.769894871322161556e-01,9.690972416467119599e-01,1.713763992982922368e-01,-4.172073517037201001e-02,1.000000000000000000e+00,1.200000047683715820e+00,6.258056759834289551e-01,7.087800502777099609e-01,6.308164596557617188e-01,5.992361903190612793e-01,5.889919400215148926e-01
9.979999999999908056e+00,2.199858738107214773e+00,-1.302984734987555626e-02,-1.182159157508504005e-01,9.667331408963236727e-01,1.720072814438348696e-01,-4.001943003236281549e-02,1.000000000000000000e+00,1.200000047683715820e+00,6.157419681549072266e-01,6.987633705139160156e-01,6.303030848503112793e-01,6.058717370033264160e-01,5.848045945167541504e-01
9.999999999999896971e+00,2.203669411779324072e+00,-1.636982352254756634e-02,-5.676488908979393511e-02,9.635527192374208072e-01,1.726284984369228781e-01,-3.746158334766470227e-02,1.000000000000000000e+00,1.200000047683715820e+00,6.056056022644042969e-01,6.872237920761108398e-01,6.300093531608581543e-01,6.129051446914672852e-01,5.823466181755065918e-01
